edge_id,source_canonical_stock_id,target_canonical_stock_id,source_ticker,target_ticker,relation_type,evidence_text,filing_form,filing_date,accepted_at,accession_number,primary_document,confidence,confidence_tier,source_weight,base_weight,snapshot_weight,valid_from,valid_to,directed,source_name,source_record_id,source_url,extraction_method,mapping_status,temporal_status,validation_status
8d35e5ca237adc2a5f8d92de8a023b98d551b4cdafcb5a4079e6f6fa4a3e79e8,NASDAQ100:ADBE,NASDAQ100:ADSK,ADBE,ADSK,supplier,"Adobe’s Substance suite of applications and Adobe Aero face competition from both hardware and software players in these nascent fields and competitors include Autodesk, Foundry, Quixel and Unity.",10-K,2020-01-21,2020-01-21T11:06:41.000Z,0000796343-20-000013,adbe10kfy19.htm,0.60,low,0.95,0.570000,0.002227,2020-01-21T11:06:41.000Z,,1,SEC EDGAR,0000796343-20-000013,https://www.sec.gov/Archives/edgar/data/796343/000079634320000013/adbe10kfy19.htm,deterministic explicit-entity and relation-pattern extraction v2,unique_nasdaq100_match,public_at_sec_acceptance,candidate_review_required
384242796935f418658fc8958d166f77b393af4e1f1fc834b979c820bd6ff7a0,NASDAQ100:ADBE,NASDAQ100:MSFT,ADBE,MSFT,strategic_partner,"This open architecture offers scalability with a wide variety of supporting products and services, empowers users to quickly develop innovative applications to interact with consumers, and enables a broad industry ecosystem through our Open Data Initiative, an open alliance among Adobe, Microsoft, SAP and others.",10-K,2020-01-21,2020-01-21T11:06:41.000Z,0000796343-20-000013,adbe10kfy19.htm,0.82,medium,0.95,0.779000,0.003043,2020-01-21T11:06:41.000Z,,0,SEC EDGAR,0000796343-20-000013,https://www.sec.gov/Archives/edgar/data/796343/000079634320000013/adbe10kfy19.htm,deterministic explicit-entity and relation-pattern extraction v2,unique_nasdaq100_match,public_at_sec_acceptance,accepted
565665f01bf03cb2958197821cdb8acf7688f24ed8d4ee9afcde29fceb1a46b6,NASDAQ100:ADBE,NASDAQ100:MSFT,ADBE,MSFT,strategic_partner,"This open architecture offers scalability with a wide variety of supporting products and services, empowers users to quickly develop innovative applications to interact with consumers and enables a broad industry ecosystem through our Open Data Initiative, an open alliance among Adobe, Microsoft and SAP.",10-K,2020-01-21,2020-01-21T11:06:41.000Z,0000796343-20-000013,adbe10kfy19.htm,0.82,medium,0.95,0.779000,0.003043,2020-01-21T11:06:41.000Z,,0,SEC EDGAR,0000796343-20-000013,https://www.sec.gov/Archives/edgar/data/796343/000079634320000013/adbe10kfy19.htm,deterministic explicit-entity and relation-pattern extraction v2,unique_nasdaq100_match,public_at_sec_acceptance,accepted
f748df90555ef1399cdb76def1da742de66528cf9196b71fb3447c4fecd8934b,NASDAQ100:ADBE,NASDAQ100:MTCH,ADBE,MTCH,customer,"We believe competitive factors in our markets include the proven performance, security, scalability, flexibility and reliability of services; the strategic relationships and integration with third-party applications; the intuitiveness and visual appeal of user interfaces; demonstrable cost-effective benefits to customers; pricing; the flexibility of services to match changing business demands; enterprise-level customer service and training; perceived market leadership; the usability of services; real-time data and reporting; independence from portals and search engines; the ability to deploy the services globally; and success in educating customers in how to utilize services effectively.",10-K,2020-01-21,2020-01-21T11:06:41.000Z,0000796343-20-000013,adbe10kfy19.htm,0.60,low,0.95,0.570000,0.002227,2020-01-21T11:06:41.000Z,,1,SEC EDGAR,0000796343-20-000013,https://www.sec.gov/Archives/edgar/data/796343/000079634320000013/adbe10kfy19.htm,deterministic explicit-entity and relation-pattern extraction v2,unique_nasdaq100_match,public_at_sec_acceptance,candidate_review_required
ec3df586380a8cbc0f5af671952a2ea19322285da54e96024fea3f22359c3b2c,NASDAQ100:INTC,NASDAQ100:AMD,INTC,AMD,customer,"European Commission Competition Matter In 2001, the EC commenced an investigation regarding claims by Advanced Micro Devices, Inc. (AMD) that we used unfair business practices to persuade customers to buy our microprocessors.",10-K,2020-01-24,2020-01-23T23:39:55.000Z,0000050863-20-000011,a12282019q4-10kdocument.htm,0.60,low,0.95,0.570000,0.002244,2020-01-23T23:39:55.000Z,,1,SEC EDGAR,0000050863-20-000011,https://www.sec.gov/Archives/edgar/data/50863/000005086320000011/a12282019q4-10kdocument.htm,deterministic explicit-entity and relation-pattern extraction v2,unique_nasdaq100_match,public_at_sec_acceptance,candidate_review_required
ff9b0a59ece6229d6fcda67ccdfef3eb9d752e536bfe5cac8d3310d7f0525855,NASDAQ100:CMCSA,NASDAQ100:NFLX,CMCSA,NFLX,customer,"Through the X1 platform, customers have integrated search functionality, including the use of a voice-activated remote control, personalized recommendations and access to, and integration of, certain third-party internet apps, such as Netflix, Amazon Prime Video and YouTube.",10-K,2020-01-30,2020-01-30T21:41:57.000Z,0001166691-20-000008,cmcsa-12312019x10k.htm,0.60,low,0.95,0.570000,0.002305,2020-01-30T21:41:57.000Z,,1,SEC EDGAR,0001166691-20-000008,https://www.sec.gov/Archives/edgar/data/1166691/000116669120000008/cmcsa-12312019x10k.htm,deterministic explicit-entity and relation-pattern extraction v2,unique_nasdaq100_match,public_at_sec_acceptance,candidate_review_required
8441199acba269b4f25c5a2cb7345363c3849641ed82fc8302818731d8ef046f,NASDAQ100:CMCSA,NASDAQ100:NFLX,CMCSA,NFLX,customer,"Sky Q customers are offered personalized content recommendations and the use of a voice activated remote control, as well as integrated access to content from other providers such as Netflix, Spotify, Vevo and YouTube.",10-K,2020-01-30,2020-01-30T21:41:57.000Z,0001166691-20-000008,cmcsa-12312019x10k.htm,0.60,low,0.95,0.570000,0.002305,2020-01-30T21:41:57.000Z,,1,SEC EDGAR,0001166691-20-000008,https://www.sec.gov/Archives/edgar/data/1166691/000116669120000008/cmcsa-12312019x10k.htm,deterministic explicit-entity and relation-pattern extraction v2,unique_nasdaq100_match,public_at_sec_acceptance,candidate_review_required
c8be9baf9a2e897a2724b453b4e31b22590cb914cb67ab7de60ec72317ca8a21,NASDAQ100:MTCH,NASDAQ100:META,MTCH,META,supplier,"For example, as a result of limited visibility into encrypted products, we have fewer data signals from WhatsApp user accounts and primarily rely on phone numbers and device information to match WhatsApp user accounts with accounts on our other products.",10-K,2020-01-30,2020-01-30T02:12:14.000Z,0001326801-20-000013,fb-12312019x10k.htm,0.60,low,0.95,0.570000,0.002305,2020-01-30T02:12:14.000Z,,1,SEC EDGAR,0001326801-20-000013,https://www.sec.gov/Archives/edgar/data/1326801/000132680120000013/fb-12312019x10k.htm,deterministic explicit-entity and relation-pattern extraction v2,unique_nasdaq100_match,public_at_sec_acceptance,candidate_review_required
3ea28e04d6508745598a680a75add4beb0500ae57d5d844281da55741ab7c70b,NASDAQ100:AAPL,NASDAQ100:CHTR,AAPL,CHTR,supplier,"Other online video business models and products have also developed, some offered by programmers that have not traditionally sold programming directly to consumers, including, (i) subscription video on demand (“SVOD”) services such as Netflix, Apple TV+, Amazon Prime, Hulu Plus, Disney+, HBO Now, CBS All Access, Starz and Showtime Anytime, (ii) ad-supported free online video products, including YouTube and Pluto TV, some of which offer programming for free to consumers that we currently purchase for a fee, (iii) pay-per-view products, such as iTunes and Amazon Instant, and (iv) additional offerings from mobile providers which continue to integrate and bundle video services and mobile products.",10-K,2020-01-31,2020-01-31T12:08:17.000Z,0001091667-20-000024,chtr12312019-10k.htm,0.60,low,0.95,0.570000,0.002314,2020-01-31T12:08:17.000Z,,1,SEC EDGAR,0001091667-20-000024,https://www.sec.gov/Archives/edgar/data/1091667/000109166720000024/chtr12312019-10k.htm,deterministic explicit-entity and relation-pattern extraction v2,unique_nasdaq100_match,public_at_sec_acceptance,candidate_review_required
a165ee361b4f4276bb3b54e3c77898dbffb1582f2aff8124c990f8c0ddab3420,NASDAQ100:EBAY,NASDAQ100:BIDU,EBAY,BIDU,customer,"In addition, sellers are increasingly utilizing multiple sales channels, including the acquisition of new customers by paying for search-related advertisements on horizontal search engine sites, such as Google, Naver and Baidu.",10-K,2020-01-31,2020-01-31T21:53:51.000Z,0001065088-20-000006,ebay201910-k.htm,0.60,low,0.95,0.570000,0.002314,2020-01-31T21:53:51.000Z,,1,SEC EDGAR,0001065088-20-000006,https://www.sec.gov/Archives/edgar/data/1065088/000106508820000006/ebay201910-k.htm,deterministic explicit-entity and relation-pattern extraction v2,unique_nasdaq100_match,public_at_sec_acceptance,candidate_review_required
68d52097b7b2b15a1c74a26a06e10bf5abe9b2aeb156ff4a41f21c60fef71802,NASDAQ100:MTCH,NASDAQ100:EBAY,MTCH,EBAY,supplier,"In order to further strengthen our buyers’ confidence and trust in our services, we offer eBay Money Back Guarantee, which allows buyers to get their money back if the item they ordered does not arrive, is faulty or damaged, or if it does not match the listing. eBay Money Back Guarantee covers most items purchased on the eBay platform in a number of countries, including the U.S., the U.K., Germany and Australia, through a qualifying payment method.",10-K,2020-01-31,2020-01-31T21:53:51.000Z,0001065088-20-000006,ebay201910-k.htm,0.60,low,0.95,0.570000,0.002314,2020-01-31T21:53:51.000Z,,1,SEC EDGAR,0001065088-20-000006,https://www.sec.gov/Archives/edgar/data/1065088/000106508820000006/ebay201910-k.htm,deterministic explicit-entity and relation-pattern extraction v2,unique_nasdaq100_match,public_at_sec_acceptance,candidate_review_required
e53bdb80ece5a366a0389e3936cc1a8733ba8eebfe8fa58c55ec8b39730f4823,NASDAQ100:NFLX,NASDAQ100:CHTR,NFLX,CHTR,supplier,"Other online video business models and products have also developed, some offered by programmers that have not traditionally sold programming directly to consumers, including, (i) subscription video on demand (“SVOD”) services such as Netflix, Apple TV+, Amazon Prime, Hulu Plus, Disney+, HBO Now, CBS All Access, Starz and Showtime Anytime, (ii) ad-supported free online video products, including YouTube and Pluto TV, some of which offer programming for free to consumers that we currently purchase for a fee, (iii) pay-per-view products, such as iTunes and Amazon Instant, and (iv) additional offerings from mobile providers which continue to integrate and bundle video services and mobile products.",10-K,2020-01-31,2020-01-31T12:08:17.000Z,0001091667-20-000024,chtr12312019-10k.htm,0.60,low,0.95,0.570000,0.002314,2020-01-31T12:08:17.000Z,,1,SEC EDGAR,0001091667-20-000024,https://www.sec.gov/Archives/edgar/data/1091667/000109166720000024/chtr12312019-10k.htm,deterministic explicit-entity and relation-pattern extraction v2,unique_nasdaq100_match,public_at_sec_acceptance,candidate_review_required
6bc0cf5ac78233e819a2e76818304a13de1ad017e63e5908b67a8167dd64c0a3,NASDAQ100:AAPL,NASDAQ100:SIRI,AAPL,SIRI,supplier,"Our business depends, in part, on various third parties, including: • manufacturers that build and distribute satellite radios; • companies that manufacture and sell integrated circuits for satellite radios; • third-party software that we incorporate in and include with our apps and service; • programming providers, including agreements with owners of various copyrights in music, and on-air talent; • vendors that operate our call centers; • vendors that have designed or built, and vendors that support or operate, other important elements of our systems, including our satellites and cloud-based systems we use; • Apple, who distributes our apps through its App Store and who, in the case of our Pandora service, we rely on to collect fees and approve the terms of our consumer offers; and • Google, who distributes our apps through its App Store and who, in the case of our Pandora service, we rely on to collect fees and approve the terms of our consumer offers, and who plays an important role in the fulfillment of the ads we sell on our Pandora platform.",10-K,2020-02-04,2020-02-04T22:08:22.000Z,0000908937-20-000011,siri-20191231x10k.htm,0.60,low,0.95,0.570000,0.002350,2020-02-04T22:08:22.000Z,,1,SEC EDGAR,0000908937-20-000011,https://www.sec.gov/Archives/edgar/data/908937/000090893720000011/siri-20191231x10k.htm,deterministic explicit-entity and relation-pattern extraction v2,unique_nasdaq100_match,public_at_sec_acceptance,candidate_review_required
ad5d9754dfbe8a31d10279edbfbc65187973feda720e5cb22a8fc8058de5b8f2,NASDAQ100:AMD,NASDAQ100:MTCH,AMD,MTCH,customer,We work closely together with our customers to define solutions to precisely match the requirements of the device or application.,10-K,2020-02-04,2020-02-04T22:21:47.000Z,0000002488-20-000008,amdform10-kfy2019.htm,0.60,low,0.95,0.570000,0.002350,2020-02-04T22:21:47.000Z,,1,SEC EDGAR,0000002488-20-000008,https://www.sec.gov/Archives/edgar/data/2488/000000248820000008/amdform10-kfy2019.htm,deterministic explicit-entity and relation-pattern extraction v2,unique_nasdaq100_match,public_at_sec_acceptance,candidate_review_required
de4a692eb83460e5e38ab0475514effa9370fad8d2a403a41194e23c54163b12,NASDAQ100:MSFT,NASDAQ100:AMD,MSFT,AMD,supplier,"The success of our semi-custom SoC products is dependent on securing customers for our semi-custom design pipeline and consumer market conditions, including the success of the Sony PlayStation®4, Sony PlayStation®4 Pro, Microsoft® Xbox One™ S and Microsoft® Xbox One™ X game console systems worldwide.",10-K,2020-02-04,2020-02-04T22:21:47.000Z,0000002488-20-000008,amdform10-kfy2019.htm,0.60,low,0.95,0.570000,0.002350,2020-02-04T22:21:47.000Z,,1,SEC EDGAR,0000002488-20-000008,https://www.sec.gov/Archives/edgar/data/2488/000000248820000008/amdform10-kfy2019.htm,deterministic explicit-entity and relation-pattern extraction v2,unique_nasdaq100_match,public_at_sec_acceptance,candidate_review_required
a7276f4c590bf59678f01d0901430552efc9d255900fd861973a7dc5ba143e43,NASDAQ100:MSFT,NASDAQ100:AMD,MSFT,AMD,supplier,"If we lose Microsoft Corporation’s support for our products or other software vendors do not design and develop software to run on our products, our ability to sell our products could be materially adversely affected.",10-K,2020-02-04,2020-02-04T22:21:47.000Z,0000002488-20-000008,amdform10-kfy2019.htm,0.60,low,0.95,0.570000,0.002350,2020-02-04T22:21:47.000Z,,1,SEC EDGAR,0000002488-20-000008,https://www.sec.gov/Archives/edgar/data/2488/000000248820000008/amdform10-kfy2019.htm,deterministic explicit-entity and relation-pattern extraction v2,unique_nasdaq100_match,public_at_sec_acceptance,candidate_review_required
30b6c3d348e4ed7ed9a02dabadb4079686b449280f0d0ff5091351afb61fa10f,NASDAQ100:MSFT,NASDAQ100:AMD,MSFT,AMD,supplier,Our ability to innovate beyond the x86 instruction set controlled by Intel depends partially on Microsoft designing and developing its operating systems to run on or support our x86-based microprocessor products.,10-K,2020-02-04,2020-02-04T22:21:47.000Z,0000002488-20-000008,amdform10-kfy2019.htm,0.60,low,0.95,0.570000,0.002350,2020-02-04T22:21:47.000Z,,1,SEC EDGAR,0000002488-20-000008,https://www.sec.gov/Archives/edgar/data/2488/000000248820000008/amdform10-kfy2019.htm,deterministic explicit-entity and relation-pattern extraction v2,unique_nasdaq100_match,public_at_sec_acceptance,candidate_review_required
5351d4faf896062dea988c61c632928f13a39a842d7e7791e961b6faab30cbe5,NASDAQ100:MSFT,NASDAQ100:AMD,MSFT,AMD,supplier,"With respect to our graphics products, we depend in part on Microsoft to design and develop its operating system to run on or support our graphics products.",10-K,2020-02-04,2020-02-04T22:21:47.000Z,0000002488-20-000008,amdform10-kfy2019.htm,0.96,high,0.95,0.912000,0.003760,2020-02-04T22:21:47.000Z,,1,SEC EDGAR,0000002488-20-000008,https://www.sec.gov/Archives/edgar/data/2488/000000248820000008/amdform10-kfy2019.htm,deterministic explicit-entity and relation-pattern extraction v2,unique_nasdaq100_match,public_at_sec_acceptance,accepted
3b6c3d8bc9e7df9f3856fdaa253559c6c10f788f2737773dc7da8177b86ed296,NASDAQ100:MSFT,NASDAQ100:AMD,MSFT,AMD,supplier,"If Microsoft does not continue to design and develop its operating systems so that they work with our x86 instruction sets or does not continue to develop and maintain their operating systems to support our graphics products, independent software providers may forego designing their software applications to take advantage of our innovations and customers may not purchase PCs with our products.",10-K,2020-02-04,2020-02-04T22:21:47.000Z,0000002488-20-000008,amdform10-kfy2019.htm,0.60,low,0.95,0.570000,0.002350,2020-02-04T22:21:47.000Z,,1,SEC EDGAR,0000002488-20-000008,https://www.sec.gov/Archives/edgar/data/2488/000000248820000008/amdform10-kfy2019.htm,deterministic explicit-entity and relation-pattern extraction v2,unique_nasdaq100_match,public_at_sec_acceptance,candidate_review_required
e81cbbac921015b6a035169eb1399654452b66fe423ee811127edf937304cf68,NASDAQ100:MSFT,NASDAQ100:AMD,MSFT,AMD,supplier,"If Microsoft did not certify a driver, or if we otherwise fail to retain the support of Microsoft or other software vendors, our ability to market our products would be materially adversely affected.",10-K,2020-02-04,2020-02-04T22:21:47.000Z,0000002488-20-000008,amdform10-kfy2019.htm,0.60,low,0.95,0.570000,0.002350,2020-02-04T22:21:47.000Z,,1,SEC EDGAR,0000002488-20-000008,https://www.sec.gov/Archives/edgar/data/2488/000000248820000008/amdform10-kfy2019.htm,deterministic explicit-entity and relation-pattern extraction v2,unique_nasdaq100_match,public_at_sec_acceptance,candidate_review_required
5a298af75433543780c64fd09bffc682844f038bcfb2565466e24524329e3724,NASDAQ100:AAPL,NASDAQ100:TMUS,AAPL,TMUS,supplier,"See Note 1 – Summary of Significant Accounting Policies of the Notes to the Consolidated Financial Statements for information regarding the impact of our adoption of the new lease standard.31Table of ContentsResults of OperationsHighlights for the year ended December 31, 2019, compared to the same period in 2018•Total revenues of $45.0 billion for the year ended December 31, 2019, increased $1.7 billion, or 4%, primarily driven by growth in Service revenues, partially offset by a decrease in Equipment revenues, as further discussed below.•Service revenues of $34.0 billion for the year ended December 31, 2019, increased $2.0 billion, or 6%, primarily due to growth in our average branded customer base driven by the continued growth in existing and Greenfield markets, including the growing success of new customer segments and rate plans such as Unlimited 55+, Military, Business and Essentials and growth in other connected devices and wearables, specifically the Apple Watch, partially offset by lower postpaid phone and prepaid Average Revenue Per User (“ARPU”).•Equipment revenues of $9.8 billion for the year ended December 31, 2019, decreased $169 million, or 2%, primarily due to a decrease in the number of devices sold, excluding purchased leased devices, and a decrease in lease revenues, partially offset by higher average revenue per device sold, excluding purchased leased devices.•Operating income of $5.7 billion for the year ended December 31, 2019, increased $413 million, or 8%, primarily due to higher Service revenues, partially offset by higher Selling, general and administrative expenses and higher Cost of services.",10-K,2020-02-06,2020-02-06T21:08:16.000Z,0001283699-20-000026,tmus-20191231.htm,0.60,low,0.95,0.570000,0.002368,2020-02-06T21:08:16.000Z,,1,SEC EDGAR,0001283699-20-000026,https://www.sec.gov/Archives/edgar/data/1283699/000128369920000026/tmus-20191231.htm,deterministic explicit-entity and relation-pattern extraction v2,unique_nasdaq100_match,public_at_sec_acceptance,candidate_review_required
a786218b235839bdd56f70ccc98be83cb90ed81d807e51804fd64c36308834db,NASDAQ100:EBAY,NASDAQ100:PYPL,EBAY,PYPL,supplier,"Amended and Restated Employee Stock Purchase Plan 8-K 5/25/2018 10.21+ Offer Letter dated September 29, 2014 between eBay Inc. and Daniel Schulman.",10-K,2020-02-06,2020-02-06T21:28:40.000Z,0001633917-20-000028,pypl201910-k.htm,0.60,low,0.95,0.570000,0.002368,2020-02-06T21:28:40.000Z,,1,SEC EDGAR,0001633917-20-000028,https://www.sec.gov/Archives/edgar/data/1633917/000163391720000028/pypl201910-k.htm,deterministic explicit-entity and relation-pattern extraction v2,unique_nasdaq100_match,public_at_sec_acceptance,candidate_review_required
1544d465857a91d833b11b8066949aba6b30cbf983d3c9a3ea876ef34baa14fd,NASDAQ100:FAST,NASDAQ100:MTCH,FAST,MTCH,customer,The lockers are available in multiple configurations and the helix format is configurable to accommodate the various sizes and forms of products that will be dispensed to match the unique needs of our customers.,10-K,2020-02-06,2020-02-06T17:52:03.000Z,0000815556-20-000011,fast1231201910-k.htm,0.60,low,0.95,0.570000,0.002368,2020-02-06T17:52:03.000Z,,1,SEC EDGAR,0000815556-20-000011,https://www.sec.gov/Archives/edgar/data/815556/000081555620000011/fast1231201910-k.htm,deterministic explicit-entity and relation-pattern extraction v2,unique_nasdaq100_match,public_at_sec_acceptance,candidate_review_required
8ae3e11e53ee6171c48346a217cdf50806e77779bb612b186d1fbb7e087a83cd,NASDAQ100:MTCH,NASDAQ100:PYPL,MTCH,PYPL,supplier,Our buyer protection program provides protection to consumers for qualifying purchases by reimbursing the consumer for the full amount of the purchase if a purchased item does not arrive or does not match the seller’s description.,10-K,2020-02-06,2020-02-06T21:28:40.000Z,0001633917-20-000028,pypl201910-k.htm,0.60,low,0.95,0.570000,0.002368,2020-02-06T21:28:40.000Z,,1,SEC EDGAR,0001633917-20-000028,https://www.sec.gov/Archives/edgar/data/1633917/000163391720000028/pypl201910-k.htm,deterministic explicit-entity and relation-pattern extraction v2,unique_nasdaq100_match,public_at_sec_acceptance,candidate_review_required
26e4e98b6fe28bd2142e4a927fd4abded39605b89a8d2fb0779ca3f0e54b046a,NASDAQ100:MTCH,NASDAQ100:PYPL,MTCH,PYPL,supplier,Our Buyer Protection Program provides protection to consumers for qualifying purchases by reimbursing the consumer for the full amount of the purchase if a purchased item does not arrive or does not match the seller’s description.,10-K,2020-02-06,2020-02-06T21:28:40.000Z,0001633917-20-000028,pypl201910-k.htm,0.60,low,0.95,0.570000,0.002368,2020-02-06T21:28:40.000Z,,1,SEC EDGAR,0001633917-20-000028,https://www.sec.gov/Archives/edgar/data/1633917/000163391720000028/pypl201910-k.htm,deterministic explicit-entity and relation-pattern extraction v2,unique_nasdaq100_match,public_at_sec_acceptance,candidate_review_required
830e75d6ebb1d3be3fb3d539a59170d4cd323017bfb5fed7902168b9ee178453,NASDAQ100:TMUS,NASDAQ100:AAPL,TMUS,AAPL,customer,"For a discussion and analysis of the year ended December 31, 2018, compared to the same period in 2017 please refer to Management’s Discussion and Analysis of Financial Condition and Results of Operations included in Part II, Item 7 of our Annual Report on Form 10-K for the year ended December 31, 2018, filed with the SEC on February 7, 2019.Total revenues increased $1.7 billion, or 4%, as discussed below.Branded postpaid revenues increased $1.8 billion, or 9%, primarily from:•Higher average branded postpaid phone customers, primarily from growth in our customer base driven by the continued growth in existing and Greenfield markets, including the growing success of new customer segments and rate plans such as Unlimited 55+, Military, Business and Essentials; and •Higher average branded postpaid other customers, driven by higher other connected devices and wearables, specifically the Apple Watch; partially offset by•Lower branded postpaid phone ARPU.",10-K,2020-02-06,2020-02-06T21:08:16.000Z,0001283699-20-000026,tmus-20191231.htm,0.60,low,0.95,0.570000,0.002368,2020-02-06T21:08:16.000Z,,1,SEC EDGAR,0001283699-20-000026,https://www.sec.gov/Archives/edgar/data/1283699/000128369920000026/tmus-20191231.htm,deterministic explicit-entity and relation-pattern extraction v2,unique_nasdaq100_match,public_at_sec_acceptance,candidate_review_required
397992b151b30fedeccf7c9acdb46e61fad79e5374b67a072f1f45c6ab87615b,NASDAQ100:TMUS,NASDAQ100:AAPL,TMUS,AAPL,customer,"We believe branded postpaid customers per account provides management, investors and analysts with useful information to evaluate our branded postpaid customer base.The following table sets forth the branded postpaid customers per account:As of December 31, 2019 Versus 20182018 Versus 2017201920182017# Change% Change# Change% ChangeBranded postpaid customers per account3.13 3.03 2.93 0.10 3 %0.10 3 %Branded postpaid customers per account increased 3% primarily from continued growth of new customer segments and rate plans such as Unlimited 55+, Military, Business and Essentials, promotional activities targeting families and the continued success of other connected devices and wearables, specifically tablets and the Apple Watch.39Table of ContentsStarting with the three months ended March 31, 2020, we plan to report Average Revenue per Postpaid Account or Postpaid ARPA, in addition to our existing ARPU metrics, reflecting the increasing importance of non-phone devices to our customers.",10-K,2020-02-06,2020-02-06T21:08:16.000Z,0001283699-20-000026,tmus-20191231.htm,0.60,low,0.95,0.570000,0.002368,2020-02-06T21:08:16.000Z,,1,SEC EDGAR,0001283699-20-000026,https://www.sec.gov/Archives/edgar/data/1283699/000128369920000026/tmus-20191231.htm,deterministic explicit-entity and relation-pattern extraction v2,unique_nasdaq100_match,public_at_sec_acceptance,candidate_review_required
b2d2d5632ee20d20069fa8736801a42cbedd66df84949f5061af89bc86f24a1d,NASDAQ100:MSFT,NASDAQ100:CERN,MSFT,CERN,supplier,"For instance, we currently depend on Amazon Web Services, Microsoft, Cloudera, Oracle, VMWare and IBM technologies for portions of the operational capabilities of, among others, our Millennium and HealtheIntent solutions.",10-K,2020-02-10,2020-02-10T16:03:23.000Z,0000804753-20-000007,a201910-k.htm,0.96,high,0.95,0.912000,0.003848,2020-02-10T16:03:23.000Z,,1,SEC EDGAR,0000804753-20-000007,https://www.sec.gov/Archives/edgar/data/804753/000080475320000007/a201910-k.htm,deterministic explicit-entity and relation-pattern extraction v2,unique_nasdaq100_match,public_at_sec_acceptance,accepted
19fe8ba0b5aabcf2e32a55abc9b67659f4010cd060765d2c52241be11bb7e3bb,NASDAQ100:MSFT,NASDAQ100:CERN,MSFT,CERN,supplier,"Our remote hosting and cloud services businesses also rely on a limited number of software and services suppliers for certain functions of these businesses, such as Oracle, NetApp, Microsoft, Veritas, CITRIX, GTT and Equinix.",10-K,2020-02-10,2020-02-10T16:03:23.000Z,0000804753-20-000007,a201910-k.htm,0.60,low,0.95,0.570000,0.002405,2020-02-10T16:03:23.000Z,,1,SEC EDGAR,0000804753-20-000007,https://www.sec.gov/Archives/edgar/data/804753/000080475320000007/a201910-k.htm,deterministic explicit-entity and relation-pattern extraction v2,unique_nasdaq100_match,public_at_sec_acceptance,candidate_review_required
73473f1952d827d49ae9d9e58e89395cb7c50ee2fa5bbaf11c24b357d4becb38,NASDAQ100:DXCM,NASDAQ100:GOOG,DXCM,GOOG,strategic_partner,"Verily Collaboration On November 20, 2018, we entered into an Amended and Restated Collaboration and License Agreement with Verily Life Sciences LLC (an Alphabet Company) and Verily Ireland Limited (collectively, Verily), which we refer to as the Restated Collaboration Agreement.",10-K,2020-02-13,2020-02-13T22:17:25.000Z,0001093557-20-000029,dxcm-12312019x10kasof1.htm,0.82,medium,0.95,0.779000,0.003325,2020-02-13T22:17:25.000Z,,0,SEC EDGAR,0001093557-20-000029,https://www.sec.gov/Archives/edgar/data/1093557/000109355720000029/dxcm-12312019x10kasof1.htm,deterministic explicit-entity and relation-pattern extraction v2,unique_nasdaq100_match,public_at_sec_acceptance,accepted
da418383672f0049a94074102d99ee93b59b70d64ecde9fe586b1d12a7537206,NASDAQ100:DXCM,NASDAQ100:GOOG,DXCM,GOOG,strategic_partner,"Development and Other Agreements Collaboration with Verily Life Sciences On November 20, 2018, we entered into an Amended and Restated Collaboration and License Agreement with Verily Life Sciences LLC (an Alphabet Company) and Verily Ireland Limited (collectively, Verily), which we refer to as the Restated Collaboration Agreement.",10-K,2020-02-13,2020-02-13T22:17:25.000Z,0001093557-20-000029,dxcm-12312019x10kasof1.htm,0.82,medium,0.95,0.779000,0.003325,2020-02-13T22:17:25.000Z,,0,SEC EDGAR,0001093557-20-000029,https://www.sec.gov/Archives/edgar/data/1093557/000109355720000029/dxcm-12312019x10kasof1.htm,deterministic explicit-entity and relation-pattern extraction v2,unique_nasdaq100_match,public_at_sec_acceptance,accepted
992b165a49fb56aebbf4b9089d63cb33abf07053f4e03842a969feeac8b52094,NASDAQ100:DXCM,NASDAQ100:GOOGL,DXCM,GOOGL,strategic_partner,"Verily Collaboration On November 20, 2018, we entered into an Amended and Restated Collaboration and License Agreement with Verily Life Sciences LLC (an Alphabet Company) and Verily Ireland Limited (collectively, Verily), which we refer to as the Restated Collaboration Agreement.",10-K,2020-02-13,2020-02-13T22:17:25.000Z,0001093557-20-000029,dxcm-12312019x10kasof1.htm,0.82,medium,0.95,0.779000,0.003325,2020-02-13T22:17:25.000Z,,0,SEC EDGAR,0001093557-20-000029,https://www.sec.gov/Archives/edgar/data/1093557/000109355720000029/dxcm-12312019x10kasof1.htm,deterministic explicit-entity and relation-pattern extraction v2,unique_nasdaq100_match,public_at_sec_acceptance,accepted
155745b70f1e7102c1ee75a4b923a28f61f53bc0d57dde6f138bf0b36f70311a,NASDAQ100:DXCM,NASDAQ100:GOOGL,DXCM,GOOGL,strategic_partner,"Development and Other Agreements Collaboration with Verily Life Sciences On November 20, 2018, we entered into an Amended and Restated Collaboration and License Agreement with Verily Life Sciences LLC (an Alphabet Company) and Verily Ireland Limited (collectively, Verily), which we refer to as the Restated Collaboration Agreement.",10-K,2020-02-13,2020-02-13T22:17:25.000Z,0001093557-20-000029,dxcm-12312019x10kasof1.htm,0.82,medium,0.95,0.779000,0.003325,2020-02-13T22:17:25.000Z,,0,SEC EDGAR,0001093557-20-000029,https://www.sec.gov/Archives/edgar/data/1093557/000109355720000029/dxcm-12312019x10kasof1.htm,deterministic explicit-entity and relation-pattern extraction v2,unique_nasdaq100_match,public_at_sec_acceptance,accepted
2cadb4341c95d7166f467baa550ad25af20d036a463cfa087eccf2dcc0ad9819,NASDAQ100:MTCH,NASDAQ100:TSLA,MTCH,TSLA,supplier,"If we are unable to accurately match the timing and quantities of component purchases to our actual needs or successfully implement automation, inventory management and other systems to accommodate the increased complexity in our supply chain, we may incur unexpected production disruption, storage, transportation and write-off costs, which could have a material adverse effect on our financial condition and operating results.",10-K,2020-02-13,2020-02-13T12:12:18.000Z,0001564590-20-004475,tsla-10k_20191231.htm,0.60,low,0.95,0.570000,0.002433,2020-02-13T12:12:18.000Z,,1,SEC EDGAR,0001564590-20-004475,https://www.sec.gov/Archives/edgar/data/1318605/000156459020004475/tsla-10k_20191231.htm,deterministic explicit-entity and relation-pattern extraction v2,unique_nasdaq100_match,public_at_sec_acceptance,candidate_review_required
8322ec256558f09bcaf18f1bf5868d0c691ea2d4ffb13afa18b6481effc9215d,NASDAQ100:VRTX,NASDAQ100:MRNA,VRTX,MRNA,strategic_partner,"In 2016, we entered into a collaboration with Moderna Therapeutics, pursuant to which we are seeking to identify and develop messenger ribonucleic acid, or mRNA, therapeutics for the treatment of CF. • Other Arrangements .",10-K,2020-02-13,2020-02-13T21:48:57.000Z,0000875320-20-000007,a201910k-main.htm,0.82,medium,0.95,0.779000,0.003325,2020-02-13T21:48:57.000Z,,0,SEC EDGAR,0000875320-20-000007,https://www.sec.gov/Archives/edgar/data/875320/000087532020000007/a201910k-main.htm,deterministic explicit-entity and relation-pattern extraction v2,unique_nasdaq100_match,public_at_sec_acceptance,accepted
5c8f78c7f030064fe34dc5eaab5133930e316170f944ce3eb75f0d45f8a82912,NASDAQ100:MELI,NASDAQ100:PYPL,MELI,PYPL,supplier,"PayPal purchased 1,719,790 shares of Common Stock at a price of $ 436.10 per share.",10-K,2020-02-14,2020-02-14T22:14:03.000Z,0001562762-20-000055,meli-20191231x10k.htm,0.60,low,0.95,0.570000,0.002442,2020-02-14T22:14:03.000Z,,1,SEC EDGAR,0001562762-20-000055,https://www.sec.gov/Archives/edgar/data/1099590/000156276220000055/meli-20191231x10k.htm,deterministic explicit-entity and relation-pattern extraction v2,unique_nasdaq100_match,public_at_sec_acceptance,candidate_review_required
e9e4ab703025d28e179352fa7ad4bc1884b657e7dc93decd22760770ff11ebe5,NASDAQ100:MTCH,NASDAQ100:MELI,MTCH,MELI,supplier,The Company’s BPP provides protection to consumers by reimbursing them for the total value of a purchased item and the value of any shipping service paid if it does not arrive or does not match the seller’s description.,10-K,2020-02-14,2020-02-14T22:14:03.000Z,0001562762-20-000055,meli-20191231x10k.htm,0.60,low,0.95,0.570000,0.002442,2020-02-14T22:14:03.000Z,,1,SEC EDGAR,0001562762-20-000055,https://www.sec.gov/Archives/edgar/data/1099590/000156276220000055/meli-20191231x10k.htm,deterministic explicit-entity and relation-pattern extraction v2,unique_nasdaq100_match,public_at_sec_acceptance,candidate_review_required
a3b67df65e084bbf061f38e99e6b65465dc39cb4f234088a8760ddf3a16ab168,NASDAQ100:PYPL,NASDAQ100:MELI,PYPL,MELI,supplier,"10-Q August 7, 2013 10.07 Amended and Restated 2011 Long-Term Retention Plan 10-Q August 5, 2016 10.08 Amended and Restated 2012 Long-Term Retention Plan 10-Q August 5, 2016 10.09 Amended and Restated 2013 Long-Term Retention Plan 10-Q August 5, 2016 10.10 Amended and Restated 2014 Long-Term Retention Plan 10-Q August 5, 2016 10.11 Amended and Restated 2015 Long-Term Retention Plan 10-Q August 5, 2016 10.12 2016 Long-Term Retention Plan 10-Q August 5, 2016 10.13 2017 Long-Term Retention Plan 8-K April 7, 2017 10.14 Amended 2018 Long-Term Retention Plan 10-Q May 3, 2019 10.15 2019 Long-Term Retention Plan 10-Q May 3, 2019 10.16 Securities Purchase Agreement, dated as of March 11, 2019, by and between MercadoLibre, Inc. and PayPal, Inc.",10-K,2020-02-14,2020-02-14T22:14:03.000Z,0001562762-20-000055,meli-20191231x10k.htm,0.60,low,0.95,0.570000,0.002442,2020-02-14T22:14:03.000Z,,1,SEC EDGAR,0001562762-20-000055,https://www.sec.gov/Archives/edgar/data/1099590/000156276220000055/meli-20191231x10k.htm,deterministic explicit-entity and relation-pattern extraction v2,unique_nasdaq100_match,public_at_sec_acceptance,candidate_review_required
93f4f08ef95d1ca92d10f6a1057bd2889519700fc1db43cda3338a77c29fc9a7,NASDAQ100:MTCH,NASDAQ100:TXN,MTCH,TXN,supplier,"Additionally, the loss or significant curtailment of purchases by one or more of our large customers, including curtailments due to a change in the design or manufacturing sourcing policies or practices of these customers, the timing of customer or distributor inventory adjustments, or trade restrictions, may adversely affect our results of operations and financial condition.Our results of operations also might suffer because of a general decline in customer demand resulting from, for example: uncertainty regarding the stability of global credit and financial markets; natural events or domestic or international political, social, economic or other conditions; breaches of customer information technology systems that disrupt customer operations; or a customer’s inability to access credit markets and other sources of needed liquidity.Our ability to match inventory and production with the product mix needed to fill orders may affect our ability to meet a quarter’s revenue forecast.",10-K,2020-02-20,2020-02-20T16:57:52.000Z,0000097476-20-000009,txn-20191231.htm,0.60,low,0.95,0.570000,0.002499,2020-02-20T16:57:52.000Z,,1,SEC EDGAR,0000097476-20-000009,https://www.sec.gov/Archives/edgar/data/97476/000009747620000009/txn-20191231.htm,deterministic explicit-entity and relation-pattern extraction v2,unique_nasdaq100_match,public_at_sec_acceptance,candidate_review_required
00a3f85f6c18f36353caf2f994ecdc0ffc4a4f8df32022d17904fd4e34c905e2,NASDAQ100:NVDA,NASDAQ100:AMD,NVDA,AMD,supplier,"Our current competitors include: • suppliers and licensors designing discrete and integrated GPUs and other accelerated computing solutions, including chipsets that incorporate 3D graphics, or HPC, such as Advanced Micro Devices, or AMD, Intel Corporation, or Intel, and Xilinx, Inc.; • large internet services companies with internal teams designing chips that incorporates HPC or accelerated computing functionality as part of their internal solutions or platforms, such as Alphabet Inc.; and • suppliers of SoC products that are embedded into automobiles, autonomous machines, and gaming devices, such as Ambarella, Inc., AMD, Broadcom Inc., Intel, Qualcomm Incorporated, Renesas Electronics Corporation, Samsung, and Xilinx, Inc. or companies with internal teams designing SoC products for internal use, such as Tesla Motors.",10-K,2020-02-20,2020-02-20T21:38:18.000Z,0001045810-20-000010,nvda-2020x10k.htm,0.60,low,0.95,0.570000,0.002499,2020-02-20T21:38:18.000Z,,1,SEC EDGAR,0001045810-20-000010,https://www.sec.gov/Archives/edgar/data/1045810/000104581020000010/nvda-2020x10k.htm,deterministic explicit-entity and relation-pattern extraction v2,unique_nasdaq100_match,public_at_sec_acceptance,candidate_review_required
6d672130c4e42fdac3735b1c5baa1664468804ec77f0e6214fc8e912bc3e442a,NASDAQ100:NVDA,NASDAQ100:AVGO,NVDA,AVGO,supplier,"Our current competitors include: • suppliers and licensors designing discrete and integrated GPUs and other accelerated computing solutions, including chipsets that incorporate 3D graphics, or HPC, such as Advanced Micro Devices, or AMD, Intel Corporation, or Intel, and Xilinx, Inc.; • large internet services companies with internal teams designing chips that incorporates HPC or accelerated computing functionality as part of their internal solutions or platforms, such as Alphabet Inc.; and • suppliers of SoC products that are embedded into automobiles, autonomous machines, and gaming devices, such as Ambarella, Inc., AMD, Broadcom Inc., Intel, Qualcomm Incorporated, Renesas Electronics Corporation, Samsung, and Xilinx, Inc. or companies with internal teams designing SoC products for internal use, such as Tesla Motors.",10-K,2020-02-20,2020-02-20T21:38:18.000Z,0001045810-20-000010,nvda-2020x10k.htm,0.60,low,0.95,0.570000,0.002499,2020-02-20T21:38:18.000Z,,1,SEC EDGAR,0001045810-20-000010,https://www.sec.gov/Archives/edgar/data/1045810/000104581020000010/nvda-2020x10k.htm,deterministic explicit-entity and relation-pattern extraction v2,unique_nasdaq100_match,public_at_sec_acceptance,candidate_review_required
ffe238c0fb3fef305a0696b09bf594094ed92120eefe2bc74a2bf154741d70be,NASDAQ100:NVDA,NASDAQ100:GOOG,NVDA,GOOG,supplier,"Our current competitors include: • suppliers and licensors designing discrete and integrated GPUs and other accelerated computing solutions, including chipsets that incorporate 3D graphics, or HPC, such as Advanced Micro Devices, or AMD, Intel Corporation, or Intel, and Xilinx, Inc.; • large internet services companies with internal teams designing chips that incorporates HPC or accelerated computing functionality as part of their internal solutions or platforms, such as Alphabet Inc.; and • suppliers of SoC products that are embedded into automobiles, autonomous machines, and gaming devices, such as Ambarella, Inc., AMD, Broadcom Inc., Intel, Qualcomm Incorporated, Renesas Electronics Corporation, Samsung, and Xilinx, Inc. or companies with internal teams designing SoC products for internal use, such as Tesla Motors.",10-K,2020-02-20,2020-02-20T21:38:18.000Z,0001045810-20-000010,nvda-2020x10k.htm,0.60,low,0.95,0.570000,0.002499,2020-02-20T21:38:18.000Z,,1,SEC EDGAR,0001045810-20-000010,https://www.sec.gov/Archives/edgar/data/1045810/000104581020000010/nvda-2020x10k.htm,deterministic explicit-entity and relation-pattern extraction v2,unique_nasdaq100_match,public_at_sec_acceptance,candidate_review_required
ef8337caa5b16dac17f63b7fab3aa0e9fe684f50aa349fecaa953fd9d38afe9c,NASDAQ100:NVDA,NASDAQ100:GOOGL,NVDA,GOOGL,supplier,"Our current competitors include: • suppliers and licensors designing discrete and integrated GPUs and other accelerated computing solutions, including chipsets that incorporate 3D graphics, or HPC, such as Advanced Micro Devices, or AMD, Intel Corporation, or Intel, and Xilinx, Inc.; • large internet services companies with internal teams designing chips that incorporates HPC or accelerated computing functionality as part of their internal solutions or platforms, such as Alphabet Inc.; and • suppliers of SoC products that are embedded into automobiles, autonomous machines, and gaming devices, such as Ambarella, Inc., AMD, Broadcom Inc., Intel, Qualcomm Incorporated, Renesas Electronics Corporation, Samsung, and Xilinx, Inc. or companies with internal teams designing SoC products for internal use, such as Tesla Motors.",10-K,2020-02-20,2020-02-20T21:38:18.000Z,0001045810-20-000010,nvda-2020x10k.htm,0.60,low,0.95,0.570000,0.002499,2020-02-20T21:38:18.000Z,,1,SEC EDGAR,0001045810-20-000010,https://www.sec.gov/Archives/edgar/data/1045810/000104581020000010/nvda-2020x10k.htm,deterministic explicit-entity and relation-pattern extraction v2,unique_nasdaq100_match,public_at_sec_acceptance,candidate_review_required
050005d9b1cdbc7359d067c1e64228b662125e627b6563090b8733c167ef5a0f,NASDAQ100:NVDA,NASDAQ100:MSFT,NVDA,MSFT,supplier,"Under the agreement, if an individual or corporation makes an offer to purchase shares equal to or greater than 30% of the outstanding shares of our common stock, Microsoft may have first and last rights of refusal to purchase the stock.",10-K,2020-02-20,2020-02-20T21:38:18.000Z,0001045810-20-000010,nvda-2020x10k.htm,0.60,low,0.95,0.570000,0.002499,2020-02-20T21:38:18.000Z,,1,SEC EDGAR,0001045810-20-000010,https://www.sec.gov/Archives/edgar/data/1045810/000104581020000010/nvda-2020x10k.htm,deterministic explicit-entity and relation-pattern extraction v2,unique_nasdaq100_match,public_at_sec_acceptance,candidate_review_required
6578e6b039a339bb47dad5644708288d507a041692ba4b8d68246ad2f34a979e,NASDAQ100:NVDA,NASDAQ100:TSLA,NVDA,TSLA,supplier,"Our current competitors include: • suppliers and licensors designing discrete and integrated GPUs and other accelerated computing solutions, including chipsets that incorporate 3D graphics, or HPC, such as Advanced Micro Devices, or AMD, Intel Corporation, or Intel, and Xilinx, Inc.; • large internet services companies with internal teams designing chips that incorporates HPC or accelerated computing functionality as part of their internal solutions or platforms, such as Alphabet Inc.; and • suppliers of SoC products that are embedded into automobiles, autonomous machines, and gaming devices, such as Ambarella, Inc., AMD, Broadcom Inc., Intel, Qualcomm Incorporated, Renesas Electronics Corporation, Samsung, and Xilinx, Inc. or companies with internal teams designing SoC products for internal use, such as Tesla Motors.",10-K,2020-02-20,2020-02-20T21:38:18.000Z,0001045810-20-000010,nvda-2020x10k.htm,0.60,low,0.95,0.570000,0.002499,2020-02-20T21:38:18.000Z,,1,SEC EDGAR,0001045810-20-000010,https://www.sec.gov/Archives/edgar/data/1045810/000104581020000010/nvda-2020x10k.htm,deterministic explicit-entity and relation-pattern extraction v2,unique_nasdaq100_match,public_at_sec_acceptance,candidate_review_required
dd8aa7427d6524c28c6ad5fe88e6748aa8fcdbf6a0af3563c206602288266be4,NASDAQ100:TXN,NASDAQ100:MTCH,TXN,MTCH,customer,"The price and product development pressures that result from competition may lead to reduced profit margins and lost business opportunities in the event that we are unable to match the price declines or cost efficiencies, or meet the technological, product, support, software or manufacturing advancements of our competitors.Changes in expected demand for our products could have a material adverse effect on our results of operations.Our customers include companies in a wide range of end markets and sectors within those markets.",10-K,2020-02-20,2020-02-20T16:57:52.000Z,0000097476-20-000009,txn-20191231.htm,0.60,low,0.95,0.570000,0.002499,2020-02-20T16:57:52.000Z,,1,SEC EDGAR,0000097476-20-000009,https://www.sec.gov/Archives/edgar/data/97476/000009747620000009/txn-20191231.htm,deterministic explicit-entity and relation-pattern extraction v2,unique_nasdaq100_match,public_at_sec_acceptance,candidate_review_required
6639f942df6aa44a515dadd6f17d566653ebbcca06b9b75d5ce29c7fed3b93ba,NASDAQ100:XEL,NASDAQ100:MTCH,XEL,MTCH,customer,"Through programs such as Renewable*Connect ® and Windsource ® , we match our customers’ needs without them needing to add expensive or on‑site equipment.",10-K,2020-02-21,2020-02-21T20:32:33.000Z,0000072903-20-000011,xcel1231201910-k.htm,0.60,low,0.95,0.570000,0.002509,2020-02-21T20:32:33.000Z,,1,SEC EDGAR,0000072903-20-000011,https://www.sec.gov/Archives/edgar/data/72903/000007290320000011/xcel1231201910-k.htm,deterministic explicit-entity and relation-pattern extraction v2,unique_nasdaq100_match,public_at_sec_acceptance,candidate_review_required
4865eff6da1774bfdcf3abe4d6a85c8cbedd02e162beed7cde3b01292e28894e,NASDAQ100:MTCH,NASDAQ100:CDNS,MTCH,CDNS,supplier,Recognized gains and losses with respect to our current hedging activities will ultimately depend on how accurately we are able to match the amount of foreign currency forward exchange contracts with actual underlying asset and liability exposures.,10-K,2020-02-24,2020-02-24T22:22:00.000Z,0000813672-20-000007,cdns1228201910-k.htm,0.60,low,0.95,0.570000,0.002538,2020-02-24T22:22:00.000Z,,1,SEC EDGAR,0000813672-20-000007,https://www.sec.gov/Archives/edgar/data/813672/000081367220000007/cdns1228201910-k.htm,deterministic explicit-entity and relation-pattern extraction v2,unique_nasdaq100_match,public_at_sec_acceptance,candidate_review_required
8774a756fd1a59a348858a7224ae0a5a4069985f555fcab7f58932eb04e52d97,NASDAQ100:GILD,NASDAQ100:MTCH,GILD,MTCH,customer,"As a result, changes in inventory levels held by those wholesalers can cause our operating results to fluctuate unexpectedly if our sales to these wholesalers do not match end user demand.",10-K,2020-02-25,2020-02-24T22:38:25.000Z,0000882095-20-000006,a2019form10-k.htm,0.60,low,0.95,0.570000,0.002538,2020-02-24T22:38:25.000Z,,1,SEC EDGAR,0000882095-20-000006,https://www.sec.gov/Archives/edgar/data/882095/000088209520000006/a2019form10-k.htm,deterministic explicit-entity and relation-pattern extraction v2,unique_nasdaq100_match,public_at_sec_acceptance,candidate_review_required
d6656801b657369b64ca9c7a1569da9929406cf6288eb4d9089e2449ad4bc9b1,NASDAQ100:BKNG,NASDAQ100:AAPL,BKNG,AAPL,customer,"Some of our current and potential competitors, such as Google, Apple, Alibaba, Tencent, Amazon and Facebook, have significantly more customers or users, consumer data and financial and other resources than we do, and they may be able to leverage other aspects of their businesses (e.g., search or mobile device businesses) to enable them to compete more effectively with us.",10-K,2020-02-26,2020-02-26T22:08:40.000Z,0001075531-20-000011,bkng1231201910k.htm,0.60,low,0.95,0.570000,0.002558,2020-02-26T22:08:40.000Z,,1,SEC EDGAR,0001075531-20-000011,https://www.sec.gov/Archives/edgar/data/1075531/000107553120000011/bkng1231201910k.htm,deterministic explicit-entity and relation-pattern extraction v2,unique_nasdaq100_match,public_at_sec_acceptance,candidate_review_required
fa1de131b9f9f4d5d9e2e02732d199e5923d4a09acd4debfcb32dc431f0d49c3,NASDAQ100:BKNG,NASDAQ100:AAPL,BKNG,AAPL,customer,"For more detail regarding the competitive trends and risks we face, see Part I, Item 1, Business - ""Competition,"" Part I, Item 1A, Risk Factors - "" Intense competition could reduce our market share and harm our financial performance. "" and "" Consumer adoption and use of mobile devices creates challenges and may enable device companies such as Google and Apple to compete directly with us. "" and "" We may not be able to keep up with rapid technological or other market changes. "" Although we believe that providing an extensive collection of properties, excellent customer service and an intuitive, easy-to-use consumer experience are important factors influencing a consumer's decision to make a reservation, for many consumers, particularly in certain markets, the price of the travel service is the primary factor determining whether a consumer will book a reservation.",10-K,2020-02-26,2020-02-26T22:08:40.000Z,0001075531-20-000011,bkng1231201910k.htm,0.60,low,0.95,0.570000,0.002558,2020-02-26T22:08:40.000Z,,1,SEC EDGAR,0001075531-20-000011,https://www.sec.gov/Archives/edgar/data/1075531/000107553120000011/bkng1231201910k.htm,deterministic explicit-entity and relation-pattern extraction v2,unique_nasdaq100_match,public_at_sec_acceptance,candidate_review_required
70c74044b768e922bef1af87cd35073e36f1dc753390db2611400c1e431988d1,NASDAQ100:ODFL,NASDAQ100:MTCH,ODFL,MTCH,customer,"Any subsequent acquisition will entail numerous risks, including: • we may not achieve anticipated levels of revenue, efficiency, cash flows and profitability; • we may experience difficulties managing businesses that are outside our historical core competency and markets; • we may underestimate the resources required to support acquisitions, which could disrupt our ongoing business and distract our management; • we may incur unanticipated costs to our infrastructure to support new business lines or separate legal entities; • we may be required to temporarily match existing customer pricing in the acquiree’s markets, which may be lower than the rates that we would typically charge for our services; • liabilities we assume could be greater than our original estimates or may not be disclosed to us at the time of acquisition; • we may incur additional indebtedness or we may issue additional equity to finance future acquisitions, which could be dilutive to our shareholders; • potential loss of key employees and customers of the acquired company; and • an inability to recognize projected cost savings and economies of scale.",10-K,2020-02-26,2020-02-26T16:13:04.000Z,0001564590-20-006626,odfl-10k_20191231.htm,0.60,low,0.95,0.570000,0.002558,2020-02-26T16:13:04.000Z,,1,SEC EDGAR,0001564590-20-006626,https://www.sec.gov/Archives/edgar/data/878927/000156459020006626/odfl-10k_20191231.htm,deterministic explicit-entity and relation-pattern extraction v2,unique_nasdaq100_match,public_at_sec_acceptance,candidate_review_required
944b4654a66136f3d92d98ea558e66f25c38f09c975fb0595bc268a6a0d424bf,NASDAQ100:ADSK,NASDAQ100:ANSS,ADSK,ANSS,supplier,"We have technical and marketing relationships with leading CAD vendors, such as Autodesk, PTC and Siemens Digital Industries, to provide direct links between products.",10-K,2020-02-27,2020-02-27T10:57:42.000Z,0001013462-20-000004,anss2019123110k.htm,0.96,high,0.95,0.912000,0.004108,2020-02-27T10:57:42.000Z,,1,SEC EDGAR,0001013462-20-000004,https://www.sec.gov/Archives/edgar/data/1013462/000101346220000004/anss2019123110k.htm,deterministic explicit-entity and relation-pattern extraction v2,unique_nasdaq100_match,public_at_sec_acceptance,accepted
a5af33ed6ec6e1daa5884635214b0b3fd37f50410c542163c789ad89c5e360b4,NASDAQ100:ANSS,NASDAQ100:SNPS,ANSS,SNPS,customer,"In 2017, we entered into an integration and distribution agreement with Synopsys to cooperatively integrate Ansys RedHawk technology into an in-design add-on to a Synopsys design tool for the primary purpose of providing customers with direct, in-design access to the RedHawk technology's capabilities.",10-K,2020-02-27,2020-02-27T10:57:42.000Z,0001013462-20-000004,anss2019123110k.htm,0.60,low,0.95,0.570000,0.002568,2020-02-27T10:57:42.000Z,,1,SEC EDGAR,0001013462-20-000004,https://www.sec.gov/Archives/edgar/data/1013462/000101346220000004/anss2019123110k.htm,deterministic explicit-entity and relation-pattern extraction v2,unique_nasdaq100_match,public_at_sec_acceptance,candidate_review_required
97b139ff7b16a31e88e9ab7869124762cde2c2ccd2a9c666d121aacebbd017c8,NASDAQ100:AZN,NASDAQ100:MRNA,AZN,MRNA,supplier,"We had deferred revenue of $41.2 million as of December 31, 2019 and 2018, respectively from the 2016 VEGF Exercise, which is classified as current or non-current in the consolidated balance sheets based on the period the control of the supply is expected to be transferred.2017 AZ AgreementWe concluded the 2017 AZ Agreement is under the scope of ASC 808 as we and AstraZeneca are both active participants in the development, manufacturing and commercialization activities and are exposed to significant risks and rewards that are dependent on commercial success of the activities of the arrangement.",10-K,2020-02-27,2020-02-27T21:33:58.000Z,0001682852-20-000006,moderna10-k12312019.htm,0.60,low,0.95,0.570000,0.002568,2020-02-27T21:33:58.000Z,,1,SEC EDGAR,0001682852-20-000006,https://www.sec.gov/Archives/edgar/data/1682852/000168285220000006/moderna10-k12312019.htm,deterministic explicit-entity and relation-pattern extraction v2,unique_nasdaq100_match,public_at_sec_acceptance,candidate_review_required
afac9f2e805e8a56b3c169b447819496f593495bbeac6670c9817ea4358d8545,NASDAQ100:BIDU,NASDAQ100:MAR,BIDU,MAR,supplier,"Although our Best Rate Guarantee and Member Rate programs have helped limit guest preference shift to intermediaries and greatly reduced the ability of intermediaries to undercut the published rates at our hotels, intermediaries continue to use a variety of aggressive online marketing methods to attract guests, including the purchase by certain companies of trademarked online keywords such as “Marriott” from Internet search engines such as Google ® , Bing ® , Yahoo ® , and Baidu ® to steer guests toward their websites (a practice that has been challenged by various trademark owners in federal court).",10-K,2020-02-27,2020-02-27T16:40:50.000Z,0001628280-20-002376,mar-q42019x10k.htm,0.60,low,0.95,0.570000,0.002568,2020-02-27T16:40:50.000Z,,1,SEC EDGAR,0001628280-20-002376,https://www.sec.gov/Archives/edgar/data/1048286/000162828020002376/mar-q42019x10k.htm,deterministic explicit-entity and relation-pattern extraction v2,unique_nasdaq100_match,public_at_sec_acceptance,candidate_review_required
70f722a0c28ff28c215e0c8264f63c330dbb69b5654a8d2b12626e5628e82f3c,NASDAQ100:KDP,NASDAQ100:PEP,KDP,PEP,customer,"In 2019 , the PepsiCo affiliated and Coca-Cola affiliated bottler systems were the Beverage Concentrates segment's largest customers.",10-K,2020-02-27,2020-02-27T21:52:22.000Z,0001418135-20-000007,kdp-10kx12312019.htm,0.60,low,0.95,0.570000,0.002568,2020-02-27T21:52:22.000Z,,1,SEC EDGAR,0001418135-20-000007,https://www.sec.gov/Archives/edgar/data/1418135/000141813520000007/kdp-10kx12312019.htm,deterministic explicit-entity and relation-pattern extraction v2,unique_nasdaq100_match,public_at_sec_acceptance,candidate_review_required
d135f81a27bb797d4fcdbbfe4fdb4883ae8d9884cbcfab6711da374c2302ddac,NASDAQ100:MRNA,NASDAQ100:AZN,MRNA,AZN,strategic_partner,"To maintain the integrity of our platform, the terms of our agreements with our strategic collaborators generally provide that our strategic collaborators receive rights to develop and commercialize potential mRNA medicines that we design and manufacture, as opposed to rights to use our platform to generate new mRNA, and that we generally own mRNA-related intellectual property arising from research activities performed under the strategic alliance.We plan to continue to identify potential strategic collaborators who can contribute meaningful resources and insights to our programs and allow us to more rapidly expand our impact to broader patient populations.AstraZeneca (NYSE: AZN)—Strategic Alliances in Cardiovascular and OncologyWe have three alliances with AstraZeneca.",10-K,2020-02-27,2020-02-27T21:33:58.000Z,0001682852-20-000006,moderna10-k12312019.htm,0.60,low,0.95,0.570000,0.002568,2020-02-27T21:33:58.000Z,,0,SEC EDGAR,0001682852-20-000006,https://www.sec.gov/Archives/edgar/data/1682852/000168285220000006/moderna10-k12312019.htm,deterministic explicit-entity and relation-pattern extraction v2,unique_nasdaq100_match,public_at_sec_acceptance,candidate_review_required
5ba1a1230a72ac10dd05da118210660b7ced721d250cf8502b5d676e670fc2e7,NASDAQ100:MRNA,NASDAQ100:AZN,MRNA,AZN,strategic_partner,The relationship with AstraZeneca was expanded in 2016 by entering into a new immuno-oncology strategic alliance which is now focused on the joint development of an mRNA investigational medicine to make the IL-12 protein.,10-K,2020-02-27,2020-02-27T21:33:58.000Z,0001682852-20-000006,moderna10-k12312019.htm,0.82,medium,0.95,0.779000,0.003509,2020-02-27T21:33:58.000Z,,0,SEC EDGAR,0001682852-20-000006,https://www.sec.gov/Archives/edgar/data/1682852/000168285220000006/moderna10-k12312019.htm,deterministic explicit-entity and relation-pattern extraction v2,unique_nasdaq100_match,public_at_sec_acceptance,accepted
9dadf296adcb036acea79d856d503d65c04d6743eaa92944088f3a1548b48377,NASDAQ100:MRNA,NASDAQ100:AZN,MRNA,AZN,strategic_partner,"Additionally, AstraZeneca has made several equity investments in Moderna, which total approximately $290.0 million through December 31, 2019.2013 Agreements with AstraZeneca, amended and restated in 2018In March 2013, we entered into an Option Agreement and a related Services and Collaboration Agreement with AstraZeneca, which were amended and restated in June 2018.",10-K,2020-02-27,2020-02-27T21:33:58.000Z,0001682852-20-000006,moderna10-k12312019.htm,0.82,medium,0.95,0.779000,0.003509,2020-02-27T21:33:58.000Z,,0,SEC EDGAR,0001682852-20-000006,https://www.sec.gov/Archives/edgar/data/1682852/000168285220000006/moderna10-k12312019.htm,deterministic explicit-entity and relation-pattern extraction v2,unique_nasdaq100_match,public_at_sec_acceptance,accepted
419f6d3295cf2d3b82e6d2c8a0e6b47289001c02075380e5d96f05c9d8500f39,NASDAQ100:MRNA,NASDAQ100:AZN,MRNA,AZN,strategic_partner,"Subject to customary “back-up” supply rights granted to AstraZeneca, we exclusively manufacture (or have manufactured) mRNA for all research, development and commercialization purposes under the 2018 A&R Agreements until, on a product-by-product basis, the expiration of the time period for which we are entitled to receive earn-out payments with respect to such product pursuant to the 2018 A&R Agreements.As of the effective date of the original Option Agreement and Services and Collaboration Agreement in 2013, and as further reflected in the 2018 A&R Agreements, AstraZeneca acquired forty options that it may exercise to obtain exclusive rights to clinically develop and commercialize identified development candidates (and related back-up candidates) directed to specified targets that arise during the research and evaluation period.",10-K,2020-02-27,2020-02-27T21:33:58.000Z,0001682852-20-000006,moderna10-k12312019.htm,0.60,low,0.95,0.570000,0.002568,2020-02-27T21:33:58.000Z,,0,SEC EDGAR,0001682852-20-000006,https://www.sec.gov/Archives/edgar/data/1682852/000168285220000006/moderna10-k12312019.htm,deterministic explicit-entity and relation-pattern extraction v2,unique_nasdaq100_match,public_at_sec_acceptance,candidate_review_required
90e902e747c7bc071d78f510cf8a24a4eba3b638e3fb339de9ff7c149a5722ab,NASDAQ100:MRNA,NASDAQ100:AZN,MRNA,AZN,strategic_partner,"Upon the earlier of termination of the 2018 A&R Agreements for any reason and a specified anniversary of the effective date of the original Option Agreement and Services and Collaboration Agreement in 2013, all unexercised options, and the right to exercise any and all options if not previously exercised by AstraZeneca, will automatically terminate.On a target-by-target basis, we and AstraZeneca have agreed to certain defined exclusivity obligations under the 2018 A&R Agreements with respect to the research, development and commercialization of mRNA medicines for such target in certain fields.",10-K,2020-02-27,2020-02-27T21:33:58.000Z,0001682852-20-000006,moderna10-k12312019.htm,0.60,low,0.95,0.570000,0.002568,2020-02-27T21:33:58.000Z,,0,SEC EDGAR,0001682852-20-000006,https://www.sec.gov/Archives/edgar/data/1682852/000168285220000006/moderna10-k12312019.htm,deterministic explicit-entity and relation-pattern extraction v2,unique_nasdaq100_match,public_at_sec_acceptance,candidate_review_required
976679fd9a07cb06800b034fc559b935746984e7efbdbe8aae1225a4909ed2e8,NASDAQ100:MRNA,NASDAQ100:AZN,MRNA,AZN,strategic_partner,"In addition, we and AstraZeneca have agreed to certain defined exclusivity obligations with respect to the research, development and commercialization of mRNA medicines coding for the same polypeptide as any development candidate being developed under the 2018 A&R Agreements.As of the effective date of the original Option Agreement and Services and Collaboration Agreement in 2013, AstraZeneca made upfront cash payments to us totaling $240.0 million in exchange for the acquired options and our performance of certain research-related services, each as described above.",10-K,2020-02-27,2020-02-27T21:33:58.000Z,0001682852-20-000006,moderna10-k12312019.htm,0.60,low,0.95,0.570000,0.002568,2020-02-27T21:33:58.000Z,,0,SEC EDGAR,0001682852-20-000006,https://www.sec.gov/Archives/edgar/data/1682852/000168285220000006/moderna10-k12312019.htm,deterministic explicit-entity and relation-pattern extraction v2,unique_nasdaq100_match,public_at_sec_acceptance,candidate_review_required
1d30514687c4209d1fe97586b9c7188f596b6fbb3a46ccd963e7bddfa11df4f4,NASDAQ100:MRNA,NASDAQ100:AZN,MRNA,AZN,strategic_partner,"AstraZeneca may terminate the 2018 A&R Agreements in full, without cause, upon 90 days’ prior notice to us.133Table of Contents2016 Strategic Alliance with AstraZeneca—IL-12In January 2016, we entered into a new Strategic Drug Development Collaboration and License Agreement, which we refer to as the 2016 AZ Agreement, with AstraZeneca to discover, develop and commercialize potential mRNA medicines for the treatment of a range of cancers.Under the terms of the 2016 AZ Agreement, we and AstraZeneca have agreed to work together on an immuno-oncology program focused on the intratumoral delivery of a potential mRNA medicine to make the IL-12 protein.",10-K,2020-02-27,2020-02-27T21:33:58.000Z,0001682852-20-000006,moderna10-k12312019.htm,0.82,medium,0.95,0.779000,0.003509,2020-02-27T21:33:58.000Z,,0,SEC EDGAR,0001682852-20-000006,https://www.sec.gov/Archives/edgar/data/1682852/000168285220000006/moderna10-k12312019.htm,deterministic explicit-entity and relation-pattern extraction v2,unique_nasdaq100_match,public_at_sec_acceptance,accepted
7504e34cad5118471b1bf5b580d90bd2b271edf6a6701c1074a6ced7f71b2a68,NASDAQ100:MRNA,NASDAQ100:AZN,MRNA,AZN,strategic_partner,"Such percentages increase by a low to mid-single digit amount to the extent such termination occurs after such product achieves a specified stage of development.2017 Strategic Alliance with AstraZeneca—RelaxinIn October 2017, we entered a new Collaboration and License Agreement, which we refer to as the 2017 AZ Agreement, under which AstraZeneca may clinically develop and commercialize a development candidate, now known as AZD7970, which is comprised of an mRNA construct for the relaxin protein designed by us and encapsulated in one of our proprietary LNPs.",10-K,2020-02-27,2020-02-27T21:33:58.000Z,0001682852-20-000006,moderna10-k12312019.htm,0.82,medium,0.95,0.779000,0.003509,2020-02-27T21:33:58.000Z,,0,SEC EDGAR,0001682852-20-000006,https://www.sec.gov/Archives/edgar/data/1682852/000168285220000006/moderna10-k12312019.htm,deterministic explicit-entity and relation-pattern extraction v2,unique_nasdaq100_match,public_at_sec_acceptance,accepted
aa0e62784efb2255c5c03f1d34cf969bce65f49554ce0267f2d30c76cfd4f9a4,NASDAQ100:MRNA,NASDAQ100:AZN,MRNA,AZN,strategic_partner,"We discovered and performed preclinical development activities for AZD7970 prior to the initiation of the strategic alliance with AstraZeneca under the 2017 AZ Agreement.Under the terms of the 2017 AZ Agreement, we will fund and be responsible for conducting preclinical development activities for AZD7970 through completion of IND-enabling GLP toxicology studies and AstraZeneca will lead pharmacological studies, each in accordance with an agreed upon discovery program plan.",10-K,2020-02-27,2020-02-27T21:33:58.000Z,0001682852-20-000006,moderna10-k12312019.htm,0.82,medium,0.95,0.779000,0.003509,2020-02-27T21:33:58.000Z,,0,SEC EDGAR,0001682852-20-000006,https://www.sec.gov/Archives/edgar/data/1682852/000168285220000006/moderna10-k12312019.htm,deterministic explicit-entity and relation-pattern extraction v2,unique_nasdaq100_match,public_at_sec_acceptance,accepted
bf784930807516f80f564331dd7cf40b7afe0660e8961741f0e29d0b69a1b46d,NASDAQ100:MRNA,NASDAQ100:AZN,MRNA,AZN,strategic_partner,"Additionally, we and AstraZeneca have agreed to certain defined exclusivity obligations under the 2017 AZ Agreement with respect to the development and commercialization of mRNA medicines for Relaxin.Unless earlier terminated, our strategic alliance under the 2017 AZ Agreement will continue (i) until the expiration of AstraZeneca’s election period, if it does not elect to participate in the clinical development of AZD7970, (ii) until both parties cease developing and commercializing AZD7970 without the intention to resume, if we have not elected our right not to participate in further development and commercialization of AZD7970, (iii) on a country-by-country basis, until the end of the applicable royalty term for AZD7970 in such country, if we have elected our right not to participate in further development or commercialization of AZD7970 or (iv) following completion of IND-enabling studies with respect to AZD7970, if we provide AstraZeneca with written notice that we do not reasonably believe that the product is IND-ready.Either party may terminate the 2017 AZ Agreement upon the other party’s material breach, subject to specified notice and cure provisions.",10-K,2020-02-27,2020-02-27T21:33:58.000Z,0001682852-20-000006,moderna10-k12312019.htm,0.60,low,0.95,0.570000,0.002568,2020-02-27T21:33:58.000Z,,0,SEC EDGAR,0001682852-20-000006,https://www.sec.gov/Archives/edgar/data/1682852/000168285220000006/moderna10-k12312019.htm,deterministic explicit-entity and relation-pattern extraction v2,unique_nasdaq100_match,public_at_sec_acceptance,candidate_review_required
605f2a9f4087ae185203067effcc7005a4d52ce767a46e7d63c34529f51f02d3,NASDAQ100:MRNA,NASDAQ100:AZN,MRNA,AZN,customer,"The remaining 20%, 9%, 14% of our revenue for the years ended December 31, 2019, 2018 and 2017, respectively, were generated from grants made by government-sponsored and private organizations.A significant portion of our revenue to date has been generated from the following entities that accounted for more than 10% of total revenue and accounts receivable for the periods presented: Percentage of RevenueYears Ended December 31, Percentage of Accounts ReceivableDecember 31, 2019 2018 2017 2019 2018Merck61% 49% 31% 13% 30%BARDA13% * 10% 54% 13%Vertex10% * * 17% 22%AstraZeneca* 34% 15% * *Alexion* * 36% * *DARPA* * * * 16%Massachusetts Life Sciences Center* * * * 12%________* - Represents an amount of less than 10%Fair Value MeasurementsFair value is defined as the price that would be received from selling an asset or paid to transfer a liability in an orderly transaction between market participants at the measurement date.",10-K,2020-02-27,2020-02-27T21:33:58.000Z,0001682852-20-000006,moderna10-k12312019.htm,0.60,low,0.95,0.570000,0.002568,2020-02-27T21:33:58.000Z,,1,SEC EDGAR,0001682852-20-000006,https://www.sec.gov/Archives/edgar/data/1682852/000168285220000006/moderna10-k12312019.htm,deterministic explicit-entity and relation-pattern extraction v2,unique_nasdaq100_match,public_at_sec_acceptance,candidate_review_required
d7e119fcb68dd16dfcdd2a900f3a25d92144479f3f59708d1746785a489904fc,NASDAQ100:MRNA,NASDAQ100:AZN,MRNA,AZN,strategic_partner,"AstraZeneca – Strategic Alliances in Cardiovascular and Oncology250Table of Contents2013 Option Agreement and Services and Collaboration AgreementIn March 2013, we entered into an Option Agreement, the AZ Option Agreement, and a related Services and Collaboration Agreement, the AZ Services Agreement, with AstraZeneca, which were amended and restated in June 2018.",10-K,2020-02-27,2020-02-27T21:33:58.000Z,0001682852-20-000006,moderna10-k12312019.htm,0.82,medium,0.95,0.779000,0.003509,2020-02-27T21:33:58.000Z,,0,SEC EDGAR,0001682852-20-000006,https://www.sec.gov/Archives/edgar/data/1682852/000168285220000006/moderna10-k12312019.htm,deterministic explicit-entity and relation-pattern extraction v2,unique_nasdaq100_match,public_at_sec_acceptance,accepted
8a2628e788a809b3b6db65cb77ee1db66aca00d1f12e57194235d4af0cd3fb73,NASDAQ100:MRNA,NASDAQ100:AZN,MRNA,AZN,strategic_partner,"AstraZeneca had the right to terminate the 2013 AZ Agreements in full, without cause, upon 90-days’ prior notice to us.251Table of Contents2016 Strategic Alliance with AstraZeneca – IL-12In January 2016, we entered into a new Strategic Drug Development Collaboration and License Agreement, which we refer to as the 2016 AZ Agreement, with AstraZeneca to discover, develop and commercialize potential mRNA medicines for the treatment of a range of cancers.Under the terms of the 2016 AZ Agreement, we and AstraZeneca have agreed to work together on an immuno-oncology program focused on the intratumoral delivery of a potential mRNA medicine to make the IL-12 protein.",10-K,2020-02-27,2020-02-27T21:33:58.000Z,0001682852-20-000006,moderna10-k12312019.htm,0.82,medium,0.95,0.779000,0.003509,2020-02-27T21:33:58.000Z,,0,SEC EDGAR,0001682852-20-000006,https://www.sec.gov/Archives/edgar/data/1682852/000168285220000006/moderna10-k12312019.htm,deterministic explicit-entity and relation-pattern extraction v2,unique_nasdaq100_match,public_at_sec_acceptance,accepted
b41e96d4b45e49c6d369361de15c134cf469e8e6b5af124ad98c8adb8c9c395d,NASDAQ100:MRNA,NASDAQ100:AZN,MRNA,AZN,strategic_partner,"Such percentages increase by a low to mid-single digit amount to the extent such termination occurs after such product achieves a specified stage of development.2017 Strategic Alliance with AstraZeneca – RelaxinIn October 2017, we entered a new Collaboration and License Agreement, which we refer to as the 2017 AZ Agreement, under which AstraZeneca may clinically develop and commercialize a development candidate, now known as AZD7970, which is comprised of an mRNA construct for the relaxin protein designed by us and encapsulated in one of our proprietary lipid nonoparticles (LNP).",10-K,2020-02-27,2020-02-27T21:33:58.000Z,0001682852-20-000006,moderna10-k12312019.htm,0.82,medium,0.95,0.779000,0.003509,2020-02-27T21:33:58.000Z,,0,SEC EDGAR,0001682852-20-000006,https://www.sec.gov/Archives/edgar/data/1682852/000168285220000006/moderna10-k12312019.htm,deterministic explicit-entity and relation-pattern extraction v2,unique_nasdaq100_match,public_at_sec_acceptance,accepted
22cfb761ebda0ef4e3b2de90613a1b4940d517326acfcfbcb4024e9faa13b237,NASDAQ100:MRNA,NASDAQ100:AZN,MRNA,AZN,strategic_partner,"Additionally, we and AstraZeneca have agreed to certain defined exclusivity obligations under the 2017 AZ Agreement with respect to the development and commercialization of mRNA medicines for Relaxin.Unless earlier terminated, our strategic alliance under the 2017 AZ Agreement will continue (i) until the expiration of AstraZeneca’s election period, if it does not elect to participate in the clinical development of AZD7970, (ii) until both parties cease developing and commercializing AZD7970 without the intention to resume, if we have not elected our right not to participate in further development and commercialization of AZD7970, (iii) on a country-by-country basis, until the end of the applicable royalty term for AZD7970 in such country, if we have elected our right not to participate in further development and commercialization of AZD7970 or (iv) following completion of IND-enabling studies with respect to AZD7970, if we provide AstraZeneca with written notice that we do not reasonably believe that the product is IND-ready.Either party may terminate the 2017 AZ Agreement upon the other party’s material breach, subject to specified notice and cure provisions.",10-K,2020-02-27,2020-02-27T21:33:58.000Z,0001682852-20-000006,moderna10-k12312019.htm,0.60,low,0.95,0.570000,0.002568,2020-02-27T21:33:58.000Z,,0,SEC EDGAR,0001682852-20-000006,https://www.sec.gov/Archives/edgar/data/1682852/000168285220000006/moderna10-k12312019.htm,deterministic explicit-entity and relation-pattern extraction v2,unique_nasdaq100_match,public_at_sec_acceptance,candidate_review_required
cfec61b802a250955ee017dfdd58a5d70bf3fb1db14ed43fedd3cc7e385af416,NASDAQ100:MRNA,NASDAQ100:AZN,MRNA,AZN,strategic_partner,"2013 Agreements with AstraZeneca, amended and restated in 2018 In June 2018, we entered into an Amended and Restated Option Agreement and a related Amended and Restated Services and Collaboration Agreement with AstraZeneca, or the 2018 A&R Agreements, which amended and restated the 2013 AZ Agreements.",10-K,2020-02-27,2020-02-27T21:33:58.000Z,0001682852-20-000006,moderna10-k12312019.htm,0.82,medium,0.95,0.779000,0.003509,2020-02-27T21:33:58.000Z,,0,SEC EDGAR,0001682852-20-000006,https://www.sec.gov/Archives/edgar/data/1682852/000168285220000006/moderna10-k12312019.htm,deterministic explicit-entity and relation-pattern extraction v2,unique_nasdaq100_match,public_at_sec_acceptance,accepted
5795b27e5de32320a9c756ae1f3da1ee7fc1575f797c61b1e7ae67f1505daa61,NASDAQ100:MRNA,NASDAQ100:AZN,MRNA,AZN,customer,"We determined that all aspects of Combined 2018 AZ Agreements and the 2016 VEGF Exercise represent a transaction with a customer and therefore is accounted for in accordance with ASC 606 as of the date of the initial application.Combined 2018 AZ AgreementsWe identified the following performance obligations in the Combined 2018 AZ Agreements: (i) a combined performance obligation that includes a research license, research and development pool services, and manufacturing obligations related to the 2013 AZ Agreements, as amended by the 2018 A&R Agreements, collectively referred to as the Combined 2018 AZ Agreement Performance Obligation, (ii) preclinical development services for IL-12, (iii) preclinical development services for an oncology development target, (iv) a combined performance obligation for a development and commercialization license and manufacturing obligations for IL-12, and (v) a material right to receive development and commercialization rights and manufacturing services for an oncology development target.We concluded that the research license is not distinct from the research and development pool services or the manufacturing obligations related to the 2018 A&R Agreements, as AstraZeneca cannot fully exploit the value of the research license without receipt of such services and supply.",10-K,2020-02-27,2020-02-27T21:33:58.000Z,0001682852-20-000006,moderna10-k12312019.htm,0.60,low,0.95,0.570000,0.002568,2020-02-27T21:33:58.000Z,,1,SEC EDGAR,0001682852-20-000006,https://www.sec.gov/Archives/edgar/data/1682852/000168285220000006/moderna10-k12312019.htm,deterministic explicit-entity and relation-pattern extraction v2,unique_nasdaq100_match,public_at_sec_acceptance,candidate_review_required
7a7e3d7baa2e8c87dce8bdc20fb55b6f88a340c694ab387e27e02ab577f7e10c,NASDAQ100:MRNA,NASDAQ100:AZN,MRNA,AZN,customer,Any supply requested by AstraZeneca in excess of the minimum quantities specified in the agreement are considered customer options and treated as separate contracts for accounting purposes.,10-K,2020-02-27,2020-02-27T21:33:58.000Z,0001682852-20-000006,moderna10-k12312019.htm,0.60,low,0.95,0.570000,0.002568,2020-02-27T21:33:58.000Z,,1,SEC EDGAR,0001682852-20-000006,https://www.sec.gov/Archives/edgar/data/1682852/000168285220000006/moderna10-k12312019.htm,deterministic explicit-entity and relation-pattern extraction v2,unique_nasdaq100_match,public_at_sec_acceptance,candidate_review_required
5467c32915e2a2c80d250a00db9d0f58367096fb30fed509ad720492184e8584,NASDAQ100:MRNA,NASDAQ100:AZN,MRNA,AZN,customer,"There was a $2.8 million increase to the transaction price resulting from $2.3 million in sublicense reimbursements received in 2019, and a change in estimate of variable consideration of $0.5 million during the year ended December 31, 2019.We recognize revenue related to the amount of the transaction price allocated to the VEGF Exercise performance obligation based on the point in time upon which control of supply is transferred to AstraZeneca for each delivery of the associated supply.Our collaboration revenue from the 2016 VEGF Exercise for the year ended December 31, 2019 was immaterial.",10-K,2020-02-27,2020-02-27T21:33:58.000Z,0001682852-20-000006,moderna10-k12312019.htm,0.60,low,0.95,0.570000,0.002568,2020-02-27T21:33:58.000Z,,1,SEC EDGAR,0001682852-20-000006,https://www.sec.gov/Archives/edgar/data/1682852/000168285220000006/moderna10-k12312019.htm,deterministic explicit-entity and relation-pattern extraction v2,unique_nasdaq100_match,public_at_sec_acceptance,candidate_review_required
b8c7d5e510551211475e663ab0821879c081b59f8663a4f15ef6a452ce25b363,NASDAQ100:MRNA,NASDAQ100:AZN,MRNA,AZN,customer,"We considered the guidance in ASC 606 by analogy in determining the appropriate treatment for the transactions between us and AstraZeneca and concluded that reimbursement for transactions in which we are considered to be principal because we control a promised good or service before transferring that good or service to the customer, are accounted for as gross revenue.We recognized $0.6 million in revenue from the 2017 AZ Agreement for the year ended December 31, 2018.",10-K,2020-02-27,2020-02-27T21:33:58.000Z,0001682852-20-000006,moderna10-k12312019.htm,0.60,low,0.95,0.570000,0.002568,2020-02-27T21:33:58.000Z,,1,SEC EDGAR,0001682852-20-000006,https://www.sec.gov/Archives/edgar/data/1682852/000168285220000006/moderna10-k12312019.htm,deterministic explicit-entity and relation-pattern extraction v2,unique_nasdaq100_match,public_at_sec_acceptance,candidate_review_required
81211e23124c806eac298ae5ba3f2ee77cead3aaa2e87853a2698d8e8c07cf09,NASDAQ100:MRNA,NASDAQ100:AZN,MRNA,AZN,strategic_partner,"4 dated as of June 28, 2016. (1)10.5† Amended and Restated mRNA Cancer Vaccine Collaboration and License Agreement, by and between ModernaTX, Inc. and Merck Sharp & Dohme Corp., dated as of April 17, 2018. (1)10.6† Amended and Restated Option Agreement by and between ModernaTX, Inc. and AstraZeneca AB, dated as of June 15, 2018. (1)10.7† Amended and Restated Services and Collaboration Agreement by and between ModernaTX, Inc. and AstraZeneca AB, dated as of June 15, 2018. (1)10.8† Patent Sublicense Agreement, by and among ModernaTX, Inc. and Cellscript, LLC and mRNA RiboTherapeutics, Inc. (solely with respect to certain provisions), dated as of June 26, 2017. (1)10.9 Lease Agreement, by and between Moderna Therapeutics, Inc. and ARE-Tech Square, LLC, dated as of May 26, 2016, as amended by Amendment No.",10-K,2020-02-27,2020-02-27T21:33:58.000Z,0001682852-20-000006,moderna10-k12312019.htm,0.82,medium,0.95,0.779000,0.003509,2020-02-27T21:33:58.000Z,,0,SEC EDGAR,0001682852-20-000006,https://www.sec.gov/Archives/edgar/data/1682852/000168285220000006/moderna10-k12312019.htm,deterministic explicit-entity and relation-pattern extraction v2,unique_nasdaq100_match,public_at_sec_acceptance,accepted
1d0d631b1c11072e731e4d4df69e5df44fa3cca08a8285e39022ccf4240d212a,NASDAQ100:NXPI,NASDAQ100:AAPL,NXPI,AAPL,customer,"Our 10 largest OEM end customers, some of whom are supplied by distributors, in alphabetical order, are Apple, Bosch, Continental, Denso, Delphi, Ericsson, Huawei, LG, Samsung and ZTE.",10-K,2020-02-27,2020-02-27T21:38:01.000Z,0001413447-20-000009,nxp10-k.htm,0.60,low,0.95,0.570000,0.002568,2020-02-27T21:38:01.000Z,,1,SEC EDGAR,0001413447-20-000009,https://www.sec.gov/Archives/edgar/data/1413447/000141344720000009/nxp10-k.htm,deterministic explicit-entity and relation-pattern extraction v2,unique_nasdaq100_match,public_at_sec_acceptance,candidate_review_required
3fe3e418e3476f1bee10fc25a53d26db82a666f5f29b1778b6d8286de6e59c5a,NASDAQ100:NXPI,NASDAQ100:MTCH,NXPI,MTCH,customer,"Risk Factors and elsewhere in this Annual Report, the following: • market demand and semiconductor industry conditions; • our ability to successfully introduce new technologies and products; • the demand for the goods into which our products are incorporated; • trade disputes between the U.S. and China, potential increase of barriers to international trade and resulting disruptions to our established supply chains; • our ability to generate sufficient cash, raise sufficient capital or refinance our debt at or before maturity to meet both our debt service and research and development and capital investment requirements; • our ability to accurately estimate demand and match our production capacity accordingly or obtain supplies from third-party producers; • our access to production from third-party outsourcing partners, and any events that might affect their business or our relationship with them; • our ability to secure adequate and timely supply of equipment and materials from suppliers; • our ability to avoid operational problems and product defects and, if such issues were to arise, to rectify them quickly; • our ability to form strategic partnerships and joint ventures and successfully cooperate with our alliance partners; • our ability to win competitive bid selection processes; • our ability to develop products for use in our customers’ equipment and products; • our ability to successfully hire and retain key management and senior product engineers; and • our ability to maintain good relationships with our suppliers.",10-K,2020-02-27,2020-02-27T21:38:01.000Z,0001413447-20-000009,nxp10-k.htm,0.60,low,0.95,0.570000,0.002568,2020-02-27T21:38:01.000Z,,1,SEC EDGAR,0001413447-20-000009,https://www.sec.gov/Archives/edgar/data/1413447/000141344720000009/nxp10-k.htm,deterministic explicit-entity and relation-pattern extraction v2,unique_nasdaq100_match,public_at_sec_acceptance,candidate_review_required
4cc563612edaa40dcb687eeb7884ff30128be3d8c133cb9f4bcd797470f7c1f3,NASDAQ100:PEP,NASDAQ100:KDP,PEP,KDP,supplier,"A decrease in Net sales to remove the historical deferred revenue associated with DPS ' arrangements with PepsiCo and Coca-Cola , which were eliminated in the fair value adjustments for DPS as part of purchase price accounting. b.",10-K,2020-02-27,2020-02-27T21:52:22.000Z,0001418135-20-000007,kdp-10kx12312019.htm,0.60,low,0.95,0.570000,0.002568,2020-02-27T21:52:22.000Z,,1,SEC EDGAR,0001418135-20-000007,https://www.sec.gov/Archives/edgar/data/1418135/000141813520000007/kdp-10kx12312019.htm,deterministic explicit-entity and relation-pattern extraction v2,unique_nasdaq100_match,public_at_sec_acceptance,candidate_review_required
bc2bdc75e4d9c7c1a4900b946a46c2396e1a32afddb9175250d504b68a1d9880,NASDAQ100:AAPL,NASDAQ100:CDW,AAPL,CDW,supplier,"In addition, sales of products manufactured by Apple, Cisco, Dell EMC, HP Inc., Lenovo and Microsoft, whether purchased directly from these vendor partners or from a wholesale distributor, represented approximately 60% of our 2019 consolidated Net sales.",10-K,2020-02-28,2020-02-28T21:33:20.000Z,0001402057-20-000042,cdw-20191231x10k.htm,0.60,low,0.95,0.570000,0.002577,2020-02-28T21:33:20.000Z,,1,SEC EDGAR,0001402057-20-000042,https://www.sec.gov/Archives/edgar/data/1402057/000140205720000042/cdw-20191231x10k.htm,deterministic explicit-entity and relation-pattern extraction v2,unique_nasdaq100_match,public_at_sec_acceptance,candidate_review_required
0b34a2682906e3dbc41c5f3049117722e573c00deef0f3b920ce83ad00a39bd2,NASDAQ100:AAPL,NASDAQ100:MTCH,AAPL,MTCH,supplier,"The marketing, distribution and monetization of our products and services depends on our ability to cultivate and maintain cost-effective and otherwise satisfactory relationships with search engines, digital app stores and social media platforms, in particular, those operated by Google, Apple and Facebook.",10-K,2020-02-28,2020-02-27T23:10:39.000Z,0000891103-20-000004,iac-20191231x10k.htm,0.60,low,0.95,0.570000,0.002568,2020-02-27T23:10:39.000Z,,1,SEC EDGAR,0000891103-20-000004,https://www.sec.gov/Archives/edgar/data/891103/000089110320000004/iac-20191231x10k.htm,deterministic explicit-entity and relation-pattern extraction v2,unique_nasdaq100_match,public_at_sec_acceptance,candidate_review_required
df9090e8d961135a4dea3e2368b92b38b1d7fbf920cf8cc88e2c2c99f5bf1e25,NASDAQ100:AAPL,NASDAQ100:MTCH,AAPL,MTCH,supplier,"In particular, as consumers increasingly access our products and services through applications (both mobile and desktop), we (primarily in the case of our Match Group and Mosaic Group businesses) increasingly depend upon the Apple App Store and the Google Play Store to distribute our mobile and desktop browser applications.",10-K,2020-02-28,2020-02-27T23:10:39.000Z,0000891103-20-000004,iac-20191231x10k.htm,0.60,low,0.95,0.570000,0.002568,2020-02-27T23:10:39.000Z,,1,SEC EDGAR,0000891103-20-000004,https://www.sec.gov/Archives/edgar/data/891103/000089110320000004/iac-20191231x10k.htm,deterministic explicit-entity and relation-pattern extraction v2,unique_nasdaq100_match,public_at_sec_acceptance,candidate_review_required
3dc8f9860fcbdb6c06abea9e8cd79687d0d807353548a4b26bf20b6cf6a0fb41,NASDAQ100:AAPL,NASDAQ100:MTCH,AAPL,MTCH,supplier,"Both Apple and Google have broad discretion to change their respective terms and conditions applicable to the distribution of our mobile applications, including those relating to the amount of (and requirement to pay) certain fees associated with purchases facilitated by Apple and Google through our mobile applications, their ability to interpret their respective terms and conditions in ways that may limit, eliminate or otherwise interfere with our ability to distribute applications through their stores, the features we may provide in our products and services, our ability to access information about our subscribers and users that they collect and the manner in which we market in-app products.",10-K,2020-02-28,2020-02-27T23:10:39.000Z,0000891103-20-000004,iac-20191231x10k.htm,0.60,low,0.95,0.570000,0.002568,2020-02-27T23:10:39.000Z,,1,SEC EDGAR,0000891103-20-000004,https://www.sec.gov/Archives/edgar/data/891103/000089110320000004/iac-20191231x10k.htm,deterministic explicit-entity and relation-pattern extraction v2,unique_nasdaq100_match,public_at_sec_acceptance,candidate_review_required
8ed14ac4d5f1c333616386c733fd6d1a1c0809b5669b604f9ada964866e9ccbd,NASDAQ100:AAPL,NASDAQ100:MTCH,AAPL,MTCH,supplier,"We depend on search engines, digital app stores and social media platforms, in particular, those operated by Google, Apple and Facebook, to market, distribute and monetize our products and services.",10-K,2020-02-28,2020-02-27T23:10:39.000Z,0000891103-20-000004,iac-20191231x10k.htm,0.60,low,0.95,0.570000,0.002568,2020-02-27T23:10:39.000Z,,1,SEC EDGAR,0000891103-20-000004,https://www.sec.gov/Archives/edgar/data/891103/000089110320000004/iac-20191231x10k.htm,deterministic explicit-entity and relation-pattern extraction v2,unique_nasdaq100_match,public_at_sec_acceptance,candidate_review_required
b8ac82f1a28b70890778898db4cca0ba1ed799b9b449f359f9b70192632ae666,NASDAQ100:AAPL,NASDAQ100:MTCH,AAPL,MTCH,supplier,We increasingly rely upon the Apple App Store and the Google Play Store to distribute the mobile applications of our various businesses.,10-K,2020-02-28,2020-02-27T23:10:39.000Z,0000891103-20-000004,iac-20191231x10k.htm,0.60,low,0.95,0.570000,0.002568,2020-02-27T23:10:39.000Z,,1,SEC EDGAR,0000891103-20-000004,https://www.sec.gov/Archives/edgar/data/891103/000089110320000004/iac-20191231x10k.htm,deterministic explicit-entity and relation-pattern extraction v2,unique_nasdaq100_match,public_at_sec_acceptance,candidate_review_required
99641d1fff221a9c46a9d5e7dfc8ce9bd460d0ca4fc05796bc01032c13ebe30f,NASDAQ100:AAPL,NASDAQ100:MTCH,AAPL,MTCH,supplier,"We determine the prices at which these subscriptions and à la carte features are sold; however, all related purchases must be processed through the in-app payment systems provided by Apple and, to a lesser extent, Google.",10-K,2020-02-28,2020-02-27T23:10:39.000Z,0000891103-20-000004,iac-20191231x10k.htm,0.60,low,0.95,0.570000,0.002568,2020-02-27T23:10:39.000Z,,1,SEC EDGAR,0000891103-20-000004,https://www.sec.gov/Archives/edgar/data/891103/000089110320000004/iac-20191231x10k.htm,deterministic explicit-entity and relation-pattern extraction v2,unique_nasdaq100_match,public_at_sec_acceptance,candidate_review_required
4a794915e37c684be735cd25cb1db3ea73980e66cf87de677fea1fa6e98c3276,NASDAQ100:AAPL,NASDAQ100:MTCH,AAPL,MTCH,supplier,In-app purchase fees are monies paid to Apple and Google in connection with the processing of in-app purchases of subscriptions and product features through the in-app payment systems provided by Apple and Google.,10-K,2020-02-28,2020-02-27T23:10:39.000Z,0000891103-20-000004,iac-20191231x10k.htm,0.60,low,0.95,0.570000,0.002568,2020-02-27T23:10:39.000Z,,1,SEC EDGAR,0000891103-20-000004,https://www.sec.gov/Archives/edgar/data/891103/000089110320000004/iac-20191231x10k.htm,deterministic explicit-entity and relation-pattern extraction v2,unique_nasdaq100_match,public_at_sec_acceptance,candidate_review_required
539ffd27f1ae902bb08e73c31ed7146ef7673790135a4a1bccca16bdf2048205,NASDAQ100:CDW,NASDAQ100:AAPL,CDW,AAPL,customer,"Our current competition includes: • resellers, such as Computacenter, Connection, ePlus, Insight Enterprises, NTT, Presidio, SCC, Softchoice, World Wide Technology and many smaller resellers; • manufacturers who sell directly to customers, such as Adobe, Apple, Dell EMC, HP Inc. and Hewlett Packard Enterprise; • large service providers and system integrators, such as Accenture, Dell EMC, Hewlett Packard Enterprise and IBM; • communications service providers, such as AT&T, CenturyLink and Verizon; • cloud providers, such as Amazon Web Services, Google and Microsoft;",10-K,2020-02-28,2020-02-28T21:33:20.000Z,0001402057-20-000042,cdw-20191231x10k.htm,0.60,low,0.95,0.570000,0.002577,2020-02-28T21:33:20.000Z,,1,SEC EDGAR,0001402057-20-000042,https://www.sec.gov/Archives/edgar/data/1402057/000140205720000042/cdw-20191231x10k.htm,deterministic explicit-entity and relation-pattern extraction v2,unique_nasdaq100_match,public_at_sec_acceptance,candidate_review_required
ea968b34cc173ef8a0d23089b6707c4df61f1af4f05d63a42c20418fac7338c0,NASDAQ100:CDW,NASDAQ100:MSFT,CDW,MSFT,customer,"Our current competition includes: • resellers, such as Computacenter, Connection, ePlus, Insight Enterprises, NTT, Presidio, SCC, Softchoice, World Wide Technology and many smaller resellers; • manufacturers who sell directly to customers, such as Adobe, Apple, Dell EMC, HP Inc. and Hewlett Packard Enterprise; • large service providers and system integrators, such as Accenture, Dell EMC, Hewlett Packard Enterprise and IBM; • communications service providers, such as AT&T, CenturyLink and Verizon; • cloud providers, such as Amazon Web Services, Google and Microsoft;",10-K,2020-02-28,2020-02-28T21:33:20.000Z,0001402057-20-000042,cdw-20191231x10k.htm,0.60,low,0.95,0.570000,0.002577,2020-02-28T21:33:20.000Z,,1,SEC EDGAR,0001402057-20-000042,https://www.sec.gov/Archives/edgar/data/1402057/000140205720000042/cdw-20191231x10k.htm,deterministic explicit-entity and relation-pattern extraction v2,unique_nasdaq100_match,public_at_sec_acceptance,candidate_review_required
80929091cc8a44f18d745fc2df7f789d57fe830ecff4ad608e87f2ee02643e49,NASDAQ100:MSFT,NASDAQ100:CDW,MSFT,CDW,supplier,"We have received the highest level of certification from major vendor partners such as Cisco, Dell EMC, Hewlett Packard Enterprise, LG, Microsoft, Samsung, and VMware which reflects the extensive product and solution knowledge and capabilities that we bring to our customers' IT challenges.",10-K,2020-02-28,2020-02-28T21:33:20.000Z,0001402057-20-000042,cdw-20191231x10k.htm,0.60,low,0.95,0.570000,0.002577,2020-02-28T21:33:20.000Z,,1,SEC EDGAR,0001402057-20-000042,https://www.sec.gov/Archives/edgar/data/1402057/000140205720000042/cdw-20191231x10k.htm,deterministic explicit-entity and relation-pattern extraction v2,unique_nasdaq100_match,public_at_sec_acceptance,candidate_review_required
182147396930b4151118ed647c0feb870abf9de777b1962b10a2362b9b9f239f,NASDAQ100:MSFT,NASDAQ100:CDW,MSFT,CDW,supplier,"In addition, sales of products manufactured by Apple, Cisco, Dell EMC, HP Inc., Lenovo and Microsoft, whether purchased directly from these vendor partners or from a wholesale distributor, represented approximately 60% of our 2019 consolidated Net sales.",10-K,2020-02-28,2020-02-28T21:33:20.000Z,0001402057-20-000042,cdw-20191231x10k.htm,0.60,low,0.95,0.570000,0.002577,2020-02-28T21:33:20.000Z,,1,SEC EDGAR,0001402057-20-000042,https://www.sec.gov/Archives/edgar/data/1402057/000140205720000042/cdw-20191231x10k.htm,deterministic explicit-entity and relation-pattern extraction v2,unique_nasdaq100_match,public_at_sec_acceptance,candidate_review_required
bb98ffa37c271cd56955c1d8b722a45ef0b252a8110acbe677294a6df8e4847e,NASDAQ100:MSFT,NASDAQ100:MTCH,MSFT,MTCH,supplier,"We have made, and expect to continue to make, significant expenditures for search engine marketing (primarily in the form of the purchase of keywords, which we purchase primarily through Google and, to a lesser extent, Microsoft and Yahoo!), online display advertising and traditional offline advertising (including television and radio campaigns) in connection with these initiatives, which may not be successful or cost-effective.",10-K,2020-02-28,2020-02-27T23:10:39.000Z,0000891103-20-000004,iac-20191231x10k.htm,0.60,low,0.95,0.570000,0.002568,2020-02-27T23:10:39.000Z,,1,SEC EDGAR,0000891103-20-000004,https://www.sec.gov/Archives/edgar/data/891103/000089110320000004/iac-20191231x10k.htm,deterministic explicit-entity and relation-pattern extraction v2,unique_nasdaq100_match,public_at_sec_acceptance,candidate_review_required
2e5c1aa1699790eae23f56fa6af3779c53dbecc747a01e8c047fe483169c48e1,NASDAQ100:MTCH,NASDAQ100:AAPL,MTCH,AAPL,supplier,"We believe that the ability of Mosaic Group to compete successfully will depend primarily upon the following factors: • the continued growth of consumer adoption of free and paid mobile applications generally and related engagement levels; • its ability to operate its various mobile applications as a scalable platform; • its ability to retain existing subscribers and acquire new subscribers in a cost-effective manner; • its ability to market and distribute its mobile applications through third party digital app stores, including the Google Play Store and the Apple App Store, in a cost-effective manner; • its ability to continue to optimize its marketing and monetization strategies; • the continued growth of smartphone adoption in certain regions of the world, particularly emerging markets; • the continued strength of Mosaic Group brands; and • its ability to introduce new and enhanced mobile applications in response to competitor offerings, consumer preferences, platform demands, social trends and evolving technological landscape.",10-K,2020-02-28,2020-02-27T23:10:39.000Z,0000891103-20-000004,iac-20191231x10k.htm,0.60,low,0.95,0.570000,0.002568,2020-02-27T23:10:39.000Z,,1,SEC EDGAR,0000891103-20-000004,https://www.sec.gov/Archives/edgar/data/891103/000089110320000004/iac-20191231x10k.htm,deterministic explicit-entity and relation-pattern extraction v2,unique_nasdaq100_match,public_at_sec_acceptance,candidate_review_required
11cc67b02ebc3f357c94a479632a8fe72da8d68d4ba6bb2b4f6d8a136428b286,NASDAQ100:MTCH,NASDAQ100:AAPL,MTCH,AAPL,supplier,"Distribution, Marketing and Advertiser Relationships We pay traffic acquisition costs, which consist of fees paid to Apple and Google related to the distribution and the facilitation of in-app purchases of product features and payments made to partners who direct traffic to our Ask Media Group websites, who distribute our business-to-business customized browser-based applications and who integrate our paid listings into their websites.",10-K,2020-02-28,2020-02-27T23:10:39.000Z,0000891103-20-000004,iac-20191231x10k.htm,0.60,low,0.95,0.570000,0.002568,2020-02-27T23:10:39.000Z,,1,SEC EDGAR,0000891103-20-000004,https://www.sec.gov/Archives/edgar/data/891103/000089110320000004/iac-20191231x10k.htm,deterministic explicit-entity and relation-pattern extraction v2,unique_nasdaq100_match,public_at_sec_acceptance,candidate_review_required
cbe2e0f9a296d6508a3829b8310888ee9fc9cfb05e3d7cd01a683bea673fa314,NASDAQ100:MTCH,NASDAQ100:AAPL,MTCH,AAPL,customer,"46 Cost of revenue Years Ended December 31, 2019 $ Change % Change 2018 (Dollars in thousands) Cost of revenue (exclusive of depreciation shown separately below) $1,127,420 $216,274 24% $911,146 As a percentage of revenue 24% 21% Cost of revenue in 2019 increased from 2018 due to increases of $117.2 million from MTCH and $92.3 million from Emerging & Other. • The MTCH increase was due primarily to an increase of $80.1 million in in-app purchase fees paid to Apple and Google as MTCH's revenue continues to be increasingly sourced through mobile app stores, $21.9 million in hosting fees and $11.2 million in compensation expense related to increased customer care personnel. • The Emerging & Other increase was due primarily to an increase of $116.9 million in traffic acquisition costs, principally driven by higher revenue at Ask Media Group, and an increase of $16.0 million in payments made to workers staffed by Bluecrew, partially offset by a decrease of $27.0 million in production costs, driven by the sale of Electus in 2018 and lower revenue from IAC Films, the sale of CityGrid in 2018 and the transfer of Daily Burn to Mosaic Group.",10-K,2020-02-28,2020-02-27T23:10:39.000Z,0000891103-20-000004,iac-20191231x10k.htm,0.60,low,0.95,0.570000,0.002568,2020-02-27T23:10:39.000Z,,1,SEC EDGAR,0000891103-20-000004,https://www.sec.gov/Archives/edgar/data/891103/000089110320000004/iac-20191231x10k.htm,deterministic explicit-entity and relation-pattern extraction v2,unique_nasdaq100_match,public_at_sec_acceptance,candidate_review_required
d9d807050983dc4d4f5644d64ccb4ad8fceffe52cd9816ffc4fac5ffd870c3ec,NASDAQ100:MTCH,NASDAQ100:AAPL,MTCH,AAPL,supplier,"Traffic Acquisition Costs Traffic acquisition costs consist of (i) the amortization of fees paid to Apple and Google related to the distribution and the facilitation of in-app purchases and (ii) payments made to partners who direct traffic to our Ask Media Group websites, who distribute our business-to-business customized browser-based applications and who integrate our paid listings into their 89 Table of Contents IAC/INTERACTIVECORP AND SUBSIDIARIES NOTES TO CONSOLIDATED FINANCIAL STATEMENTS (Continued) websites.",10-K,2020-02-28,2020-02-27T23:10:39.000Z,0000891103-20-000004,iac-20191231x10k.htm,0.60,low,0.95,0.570000,0.002568,2020-02-27T23:10:39.000Z,,1,SEC EDGAR,0000891103-20-000004,https://www.sec.gov/Archives/edgar/data/891103/000089110320000004/iac-20191231x10k.htm,deterministic explicit-entity and relation-pattern extraction v2,unique_nasdaq100_match,public_at_sec_acceptance,candidate_review_required
db506c66f5ca76d8e149441ea1acdf6c9debd4c99cc9a3d394405acec40e050c,NASDAQ100:ADP,NASDAQ100:WDAY,ADP,WDAY,supplier,"These vendors include, without limitation: The Ultimate Software Group, Inc., Automatic Data Processing, Inc., Infor, Inc., Ceridian HCM Holding Inc., Microsoft Corporation, Anaplan, Inc., and Coupa Software Inc.",10-K,2020-03-03,2020-03-03T21:30:48.000Z,0001327811-20-000022,wday-20200131.htm,0.60,low,0.95,0.570000,0.002617,2020-03-03T21:30:48.000Z,,1,SEC EDGAR,0001327811-20-000022,https://www.sec.gov/Archives/edgar/data/1327811/000132781120000022/wday-20200131.htm,deterministic explicit-entity and relation-pattern extraction v2,unique_nasdaq100_match,public_at_sec_acceptance,candidate_review_required
ca1d1f268653ac95cbf761329a34ee2d88ee16d5ebbebd5aa6868147d9092301,NASDAQ100:MSFT,NASDAQ100:WDAY,MSFT,WDAY,supplier,"These vendors include, without limitation: The Ultimate Software Group, Inc., Automatic Data Processing, Inc., Infor, Inc., Ceridian HCM Holding Inc., Microsoft Corporation, Anaplan, Inc., and Coupa Software Inc.",10-K,2020-03-03,2020-03-03T21:30:48.000Z,0001327811-20-000022,wday-20200131.htm,0.60,low,0.95,0.570000,0.002617,2020-03-03T21:30:48.000Z,,1,SEC EDGAR,0001327811-20-000022,https://www.sec.gov/Archives/edgar/data/1327811/000132781120000022/wday-20200131.htm,deterministic explicit-entity and relation-pattern extraction v2,unique_nasdaq100_match,public_at_sec_acceptance,candidate_review_required
011b8e8ecd5fbb272e87735c7762859d67ac2a400fe03ada9fe054c37f0958ac,NASDAQ100:BIDU,NASDAQ100:MSFT,BIDU,MSFT,customer,"U.S.-based internet search providers and online marketing platforms, such as Microsoft, Google and Facebook, have a strong global presence, well established brand names, more users and customers and significantly greater financial resources than we do.",20-F,2020-03-13,2020-03-13T21:21:43.000Z,0001193125-20-073092,d833212d20f.htm,0.60,low,0.95,0.570000,0.002720,2020-03-13T21:21:43.000Z,,1,SEC EDGAR,0001193125-20-073092,https://www.sec.gov/Archives/edgar/data/1329099/000119312520073092/d833212d20f.htm,deterministic explicit-entity and relation-pattern extraction v2,unique_nasdaq100_match,public_at_sec_acceptance,candidate_review_required
819c6ec1ef247954421437427eb89066dbf2ce2e498efc8d6f62ebc9f3488ea6,NASDAQ100:BIDU,NASDAQ100:MTCH,BIDU,MTCH,customer,We match our customers’ promotional links to the properties of Baidu Union partners.,20-F,2020-03-13,2020-03-13T21:21:43.000Z,0001193125-20-073092,d833212d20f.htm,0.60,low,0.95,0.570000,0.002720,2020-03-13T21:21:43.000Z,,1,SEC EDGAR,0001193125-20-073092,https://www.sec.gov/Archives/edgar/data/1329099/000119312520073092/d833212d20f.htm,deterministic explicit-entity and relation-pattern extraction v2,unique_nasdaq100_match,public_at_sec_acceptance,candidate_review_required
931288fa3252ebb7dd6f202ca939a62597883a610c854381da1a97f24c3b2c1c,NASDAQ100:MTCH,NASDAQ100:ADSK,MTCH,ADSK,supplier,Market acceptance of any new business or sales initiative is dependent on our ability to match our customers' needs at the right time and price.,10-K,2020-03-19,2020-03-19T20:08:49.000Z,0000769397-20-000013,adsk-0131202010xk.htm,0.60,low,0.95,0.570000,0.002784,2020-03-19T20:08:49.000Z,,1,SEC EDGAR,0000769397-20-000013,https://www.sec.gov/Archives/edgar/data/769397/000076939720000013/adsk-0131202010xk.htm,deterministic explicit-entity and relation-pattern extraction v2,unique_nasdaq100_match,public_at_sec_acceptance,candidate_review_required
46fd3a8452c8377e03a9974d03b69ab1f5af917d064144963a502ecaa7a69a34,NASDAQ100:MSFT,NASDAQ100:ZM,MSFT,ZM,supplier,"We also have integrations with Atlassian, Dropbox, Google, LinkedIn, Microsoft, Salesforce, Slack, and a variety of other productivity, collaboration, data management, and security vendors.",10-K,2020-03-20,2020-03-20T20:37:28.000Z,0001585521-20-000095,zm-20200131.htm,0.60,low,0.95,0.570000,0.002795,2020-03-20T20:37:28.000Z,,1,SEC EDGAR,0001585521-20-000095,https://www.sec.gov/Archives/edgar/data/1585521/000158552120000095/zm-20200131.htm,deterministic explicit-entity and relation-pattern extraction v2,unique_nasdaq100_match,public_at_sec_acceptance,candidate_review_required
7c2a0a25c80822d7ac6d56c9ea0c27f9454fc66bba74900ec32869237e542544,NASDAQ100:TEAM,NASDAQ100:ZM,TEAM,ZM,supplier,"We also have integrations with Atlassian, Dropbox, Google, LinkedIn, Microsoft, Salesforce, Slack, and a variety of other productivity, collaboration, data management, and security vendors.",10-K,2020-03-20,2020-03-20T20:37:28.000Z,0001585521-20-000095,zm-20200131.htm,0.60,low,0.95,0.570000,0.002795,2020-03-20T20:37:28.000Z,,1,SEC EDGAR,0001585521-20-000095,https://www.sec.gov/Archives/edgar/data/1585521/000158552120000095/zm-20200131.htm,deterministic explicit-entity and relation-pattern extraction v2,unique_nasdaq100_match,public_at_sec_acceptance,candidate_review_required
292896816ae03546654189978d29c85bf6ce49bf6b6ade74979e19315749d509,NASDAQ100:ZM,NASDAQ100:TEAM,ZM,TEAM,strategic_partner,"Convertible Promissory NotesIn October 2018, we entered into a strategic partnership with Dropbox, Inc. (“Dropbox”), a global collaboration platform company, which involves the development of technology enabling integrated workflows for users between our platform and the Dropbox platform, as well as a strategic partnership with Atlassian, Inc. (“Atlassian”), a collaboration software company, which involves the development of technology enabling integrated workflows for users between our platform and Atlassian’s Jira Ops and Jira Service Desk products.",10-K,2020-03-20,2020-03-20T20:37:28.000Z,0001585521-20-000095,zm-20200131.htm,0.82,medium,0.95,0.779000,0.003819,2020-03-20T20:37:28.000Z,,0,SEC EDGAR,0001585521-20-000095,https://www.sec.gov/Archives/edgar/data/1585521/000158552120000095/zm-20200131.htm,deterministic explicit-entity and relation-pattern extraction v2,unique_nasdaq100_match,public_at_sec_acceptance,accepted
5f13e58990d57e93e1dc6172a4a5c0513f508c290a6461c4f7cccedcccf1cef8,NASDAQ100:CRWD,NASDAQ100:AVGO,CRWD,AVGO,customer,"Our competitors include the following by general category:•legacy antivirus product providers, such as McAfee, LLC., Broadcom Inc.’s Symantec Enterprise division, and Microsoft Corporation, who offer a broad range of approaches and solutions with traditional antivirus and signature-based protection;•alternative endpoint security providers, such as BlackBerry Cylance and VMware Carbon Black, who offer point products based on malware-only or application whitelisting techniques; and•network security vendors, such as Palo Alto Networks, Inc. and FireEye, Inc., who are supplementing their core perimeter-based offerings with endpoint security solutions.We compete on the basis of a number of factors, including but not limited to our:•ability to identify security threats and prevent security breaches;•ability to integrate with other participants in the security ecosystem;•time to value, price, and total cost of ownership;•brand awareness, reputation, and trust in the provider’s services;•strength of sales, marketing, and channel partner relationships; and•customer support, incident response, and proactive services.Although certain of our competitors enjoy greater resources, recognition, deeper customer relationships, larger existing customer bases, or more mature intellectual property portfolios, we believe that we compete favorably with respect to these factors and that we are well positioned as a leading provider of endpoint security solutions.Intellectual PropertyWe believe that our intellectual property rights are valuable and important to our business.",10-K,2020-03-23,2020-03-23T20:06:34.000Z,0001535527-20-000006,crwd-20200131.htm,0.60,low,0.95,0.570000,0.002827,2020-03-23T20:06:34.000Z,,1,SEC EDGAR,0001535527-20-000006,https://www.sec.gov/Archives/edgar/data/1535527/000153552720000006/crwd-20200131.htm,deterministic explicit-entity and relation-pattern extraction v2,unique_nasdaq100_match,public_at_sec_acceptance,candidate_review_required
cb618052b16c406e522ea61e03b2b3f865e96fb232e6245b0b6da176eef3311d,NASDAQ100:CRWD,NASDAQ100:AVGO,CRWD,AVGO,customer,"Our ability to compete effectively depends upon numerous factors, many of which are beyond our control, including, but not limited to:•product capabilities, including performance and reliability, of our Falcon platform, including our cloud modules, services, and features compared to those of our competitors;•our ability, and the ability of our competitors, to improve existing products, services, and features, or to develop new ones to address evolving customer needs;•our ability to attract, retain, and motivate talented employees;•our ability to establish and maintain relationships with channel partners;•the strength of our sales and marketing efforts; and•acquisitions or consolidation within our industry, which may result in more formidable competitors.Our competitors include the following by general category:•legacy antivirus product providers, such as McAfee, Inc., Broadcom Inc. (Symantec), and Microsoft Corporation, who offer a broad range of approaches and solutions including traditional antivirus and signature-based protection;•alternative endpoint security providers, such as Blackberry Cylance and VMWare, Inc. (Carbon Black), who offer point products based on malware-only or application whitelisting techniques; and•network security vendors, such as Palo Alto Networks, Inc. and FireEye, Inc., who are supplementing their core perimeter-based offerings with endpoint security solutions.19Table of ContentsMany of these competitors have greater financial, technical, marketing, sales, and other resources, greater name recognition, longer operating histories, and a larger base of customers than we do.",10-K,2020-03-23,2020-03-23T20:06:34.000Z,0001535527-20-000006,crwd-20200131.htm,0.60,low,0.95,0.570000,0.002827,2020-03-23T20:06:34.000Z,,1,SEC EDGAR,0001535527-20-000006,https://www.sec.gov/Archives/edgar/data/1535527/000153552720000006/crwd-20200131.htm,deterministic explicit-entity and relation-pattern extraction v2,unique_nasdaq100_match,public_at_sec_acceptance,candidate_review_required
f19c5b832a76632a0730e7bbe010fb557defdffbe4b9e446eb812a72b2488691,NASDAQ100:CRWD,NASDAQ100:MSFT,CRWD,MSFT,customer,"Our competitors include the following by general category:•legacy antivirus product providers, such as McAfee, LLC., Broadcom Inc.’s Symantec Enterprise division, and Microsoft Corporation, who offer a broad range of approaches and solutions with traditional antivirus and signature-based protection;•alternative endpoint security providers, such as BlackBerry Cylance and VMware Carbon Black, who offer point products based on malware-only or application whitelisting techniques; and•network security vendors, such as Palo Alto Networks, Inc. and FireEye, Inc., who are supplementing their core perimeter-based offerings with endpoint security solutions.We compete on the basis of a number of factors, including but not limited to our:•ability to identify security threats and prevent security breaches;•ability to integrate with other participants in the security ecosystem;•time to value, price, and total cost of ownership;•brand awareness, reputation, and trust in the provider’s services;•strength of sales, marketing, and channel partner relationships; and•customer support, incident response, and proactive services.Although certain of our competitors enjoy greater resources, recognition, deeper customer relationships, larger existing customer bases, or more mature intellectual property portfolios, we believe that we compete favorably with respect to these factors and that we are well positioned as a leading provider of endpoint security solutions.Intellectual PropertyWe believe that our intellectual property rights are valuable and important to our business.",10-K,2020-03-23,2020-03-23T20:06:34.000Z,0001535527-20-000006,crwd-20200131.htm,0.60,low,0.95,0.570000,0.002827,2020-03-23T20:06:34.000Z,,1,SEC EDGAR,0001535527-20-000006,https://www.sec.gov/Archives/edgar/data/1535527/000153552720000006/crwd-20200131.htm,deterministic explicit-entity and relation-pattern extraction v2,unique_nasdaq100_match,public_at_sec_acceptance,candidate_review_required
1673842c21e9a5a1d3b31aac5ef0f2dcf11bcb209a1c7865562a88281baede5b,NASDAQ100:CRWD,NASDAQ100:MSFT,CRWD,MSFT,customer,"Our ability to compete effectively depends upon numerous factors, many of which are beyond our control, including, but not limited to:•product capabilities, including performance and reliability, of our Falcon platform, including our cloud modules, services, and features compared to those of our competitors;•our ability, and the ability of our competitors, to improve existing products, services, and features, or to develop new ones to address evolving customer needs;•our ability to attract, retain, and motivate talented employees;•our ability to establish and maintain relationships with channel partners;•the strength of our sales and marketing efforts; and•acquisitions or consolidation within our industry, which may result in more formidable competitors.Our competitors include the following by general category:•legacy antivirus product providers, such as McAfee, Inc., Broadcom Inc. (Symantec), and Microsoft Corporation, who offer a broad range of approaches and solutions including traditional antivirus and signature-based protection;•alternative endpoint security providers, such as Blackberry Cylance and VMWare, Inc. (Carbon Black), who offer point products based on malware-only or application whitelisting techniques; and•network security vendors, such as Palo Alto Networks, Inc. and FireEye, Inc., who are supplementing their core perimeter-based offerings with endpoint security solutions.19Table of ContentsMany of these competitors have greater financial, technical, marketing, sales, and other resources, greater name recognition, longer operating histories, and a larger base of customers than we do.",10-K,2020-03-23,2020-03-23T20:06:34.000Z,0001535527-20-000006,crwd-20200131.htm,0.60,low,0.95,0.570000,0.002827,2020-03-23T20:06:34.000Z,,1,SEC EDGAR,0001535527-20-000006,https://www.sec.gov/Archives/edgar/data/1535527/000153552720000006/crwd-20200131.htm,deterministic explicit-entity and relation-pattern extraction v2,unique_nasdaq100_match,public_at_sec_acceptance,candidate_review_required
47fd9d1f84c402b848346ec82e0b5c914aa02a6c57b8f44ba98e9716afdf2503,NASDAQ100:MSFT,NASDAQ100:SPLK,MSFT,SPLK,supplier,"13 Table of Contents • cloud monitoring and APM vendors, including Cisco AppDynamics, Datadog and New Relic; and • public cloud providers, including Amazon (Amazon Web Service), Google (Google Cloud Platform) and Microsoft (Microsoft Azure).",10-K,2020-03-26,2020-03-26T17:21:49.000Z,0001353283-20-000008,a01312010k.htm,0.60,low,0.95,0.570000,0.002860,2020-03-26T17:21:49.000Z,,1,SEC EDGAR,0001353283-20-000008,https://www.sec.gov/Archives/edgar/data/1353283/000135328320000008/a01312010k.htm,deterministic explicit-entity and relation-pattern extraction v2,unique_nasdaq100_match,public_at_sec_acceptance,candidate_review_required
309e379fdfbdef878dc650125c8f1ba90aac67c78fa9f546f51d666f2b596467,NASDAQ100:MSFT,NASDAQ100:SPLK,MSFT,SPLK,supplier,"17 Table of Contents • security, systems management and other IT vendors, including BMC Software, IBM, Intel, Micro Focus, Microsoft and VMware; • business intelligence vendors, analytics and visualization vendors, including IBM and Oracle; • cloud monitoring and APM vendors, including Cisco AppDynamics, Datadog and New Relic; and • public cloud providers, including Amazon (Amazon Web Service), Google (Google Cloud Platform) and Microsoft (Microsoft Azure).",10-K,2020-03-26,2020-03-26T17:21:49.000Z,0001353283-20-000008,a01312010k.htm,0.60,low,0.95,0.570000,0.002860,2020-03-26T17:21:49.000Z,,1,SEC EDGAR,0001353283-20-000008,https://www.sec.gov/Archives/edgar/data/1353283/000135328320000008/a01312010k.htm,deterministic explicit-entity and relation-pattern extraction v2,unique_nasdaq100_match,public_at_sec_acceptance,candidate_review_required
6c89f3a3c68507d625b95fe8e0f5ec0703e45ba6eb19087f4a0772a28929cd06,NASDAQ100:SPLK,NASDAQ100:MSFT,SPLK,MSFT,customer,"Our principal competitors include: • large cloud service providers, as well as small, specialized vendors, that provide complementary or competitive solutions in enterprise data analytics, security offerings, log aggregation and management, data warehousing, orchestration, automation, incident response and big data technologies that may compete with our offerings; • IT departments of potential customers which have undertaken custom software development efforts to analyze and manage their data; • companies targeting the big data market by commercializing open source software, such as Elastic; • security, systems management and other IT vendors, including BMC Software, IBM, Intel, Micro Focus, Microsoft and VMware; • business intelligence vendors, analytics and visualization vendors, including IBM and Oracle;",10-K,2020-03-26,2020-03-26T17:21:49.000Z,0001353283-20-000008,a01312010k.htm,0.60,low,0.95,0.570000,0.002860,2020-03-26T17:21:49.000Z,,1,SEC EDGAR,0001353283-20-000008,https://www.sec.gov/Archives/edgar/data/1353283/000135328320000008/a01312010k.htm,deterministic explicit-entity and relation-pattern extraction v2,unique_nasdaq100_match,public_at_sec_acceptance,candidate_review_required
58d9eb3b058c73acfd7e88e4cc341dd1148601d6cae020663ac2432d9d3d9887,NASDAQ100:DOCU,NASDAQ100:AAPL,DOCU,AAPL,customer,"With Payments, customers can accept credit cards, debit cards, ACH payments, Apple Pay and Google Pay.•eNotary offers the ability to execute electronic notarial acts which simulate a traditional paper, in-person notarial act.",10-K,2020-03-27,2020-03-27T20:14:10.000Z,0001261333-20-000033,docu-20200131.htm,0.60,low,0.95,0.570000,0.002871,2020-03-27T20:14:10.000Z,,1,SEC EDGAR,0001261333-20-000033,https://www.sec.gov/Archives/edgar/data/1261333/000126133320000033/docu-20200131.htm,deterministic explicit-entity and relation-pattern extraction v2,unique_nasdaq100_match,public_at_sec_acceptance,candidate_review_required
d7810095765730ce78dbce18c8a587099b07152a38f77b52697c5d68007ac624,NASDAQ100:DOCU,NASDAQ100:MSFT,DOCU,MSFT,customer,"We offer more than 300 off-the-shelf, prebuilt integrations with the applications that many of our customers already use—including those offered by Google, Microsoft, NetSuite, Oracle, Salesforce, SAP, SAP SuccessFactors and Workday—so that they can create, sign, send and manage agreements from directly within these applications.",10-K,2020-03-27,2020-03-27T20:14:10.000Z,0001261333-20-000033,docu-20200131.htm,0.60,low,0.95,0.570000,0.002871,2020-03-27T20:14:10.000Z,,1,SEC EDGAR,0001261333-20-000033,https://www.sec.gov/Archives/edgar/data/1261333/000126133320000033/docu-20200131.htm,deterministic explicit-entity and relation-pattern extraction v2,unique_nasdaq100_match,public_at_sec_acceptance,candidate_review_required
97677257c49abb0d4eab017a0b17fdd7a380ecae67ec371fee61d28af8ce9f1e,NASDAQ100:DOCU,NASDAQ100:MTCH,DOCU,MTCH,customer,"Our revenue recognition model also makes it difficult for us to rapidly increase our revenue through additional sales contracts in any period, as revenue from new customers is recognized over the applicable term of their contracts.If we fail to forecast our revenue accurately, or if we fail to match our expenditures with corresponding revenue, our operating results could be adversely affected.Because our recent growth has resulted in the rapid expansion of our business and product offerings, we do not have a long history upon which to base forecasts of future revenues and operating results.",10-K,2020-03-27,2020-03-27T20:14:10.000Z,0001261333-20-000033,docu-20200131.htm,0.60,low,0.95,0.570000,0.002871,2020-03-27T20:14:10.000Z,,1,SEC EDGAR,0001261333-20-000033,https://www.sec.gov/Archives/edgar/data/1261333/000126133320000033/docu-20200131.htm,deterministic explicit-entity and relation-pattern extraction v2,unique_nasdaq100_match,public_at_sec_acceptance,candidate_review_required
7fca40d0e94d1fe2a35823013e9a1a1367834615014789fae01eb515c4466339,NASDAQ100:DOCU,NASDAQ100:WDAY,DOCU,WDAY,customer,"We offer more than 300 off-the-shelf, prebuilt integrations with the applications that many of our customers already use—including those offered by Google, Microsoft, NetSuite, Oracle, Salesforce, SAP, SAP SuccessFactors and Workday—so that they can create, sign, send and manage agreements from directly within these applications.",10-K,2020-03-27,2020-03-27T20:14:10.000Z,0001261333-20-000033,docu-20200131.htm,0.60,low,0.95,0.570000,0.002871,2020-03-27T20:14:10.000Z,,1,SEC EDGAR,0001261333-20-000033,https://www.sec.gov/Archives/edgar/data/1261333/000126133320000033/docu-20200131.htm,deterministic explicit-entity and relation-pattern extraction v2,unique_nasdaq100_match,public_at_sec_acceptance,candidate_review_required
efe4531651d0221d896f2bb8a3408023b9a9a3f89944c2fd318379c5d3512a42,NASDAQ100:ROST,NASDAQ100:MTCH,ROST,MTCH,customer,"Failure to correctly anticipate and match the trends, preferences, and demands of our customers could adversely affect our business, financial condition, and operating results.Adverse and/or unseasonable weather may affect shopping patterns and consumer demand for seasonal apparel and other merchandise, and may result in temporary store closures and disruptions in deliveries of merchandise to our stores.Unseasonable weather and prolonged, extreme temperatures, as well as events such as storms, affect consumers’ buying patterns and willingness to shop, and may adversely affect the demand for merchandise in our stores, particularly in apparel and seasonal merchandise.",10-K,2020-03-31,2020-03-30T17:56:18.000Z,0000745732-20-000016,rost-20200201.htm,0.60,low,0.95,0.570000,0.002904,2020-03-30T17:56:18.000Z,,1,SEC EDGAR,0000745732-20-000016,https://www.sec.gov/Archives/edgar/data/745732/000074573220000016/rost-20200201.htm,deterministic explicit-entity and relation-pattern extraction v2,unique_nasdaq100_match,public_at_sec_acceptance,candidate_review_required
6b9f9ca95630f15f61dfe0b8b290db9845a0e308e419894d6feb42276df58afe,NASDAQ100:AAPL,NASDAQ100:CHKP,AAPL,CHKP,supplier,"Continued growth of this market will depend, in large part, upon: • the continued expansion of Internet usage and the number of organizations adopting or expanding intranets; • the continued adoption of “cloud” infrastructure by organizations; • the ability of the infrastructures implemented by organizations to support an increasing number of users and services; • the continued development of new and improved services for implementation across the Internet and between the Internet and intranets; • the adoption of data security measures as it pertains to data encryption and data loss prevention technologies; • continued access to mobile API’s, APPs and application stores with Apple, Google and Microsoft; • government regulation of the Internet and governmental and non-governmental requirements and standards with respect to data security and privacy; and • general economic conditions in the markets in which we, our customers and our suppliers operate.",20-F,2020-04-02,2020-04-02T20:04:13.000Z,0001193125-20-095941,d880905d20f.htm,0.60,low,0.95,0.570000,0.002938,2020-04-02T20:04:13.000Z,,1,SEC EDGAR,0001193125-20-095941,https://www.sec.gov/Archives/edgar/data/1015922/000119312520095941/d880905d20f.htm,deterministic explicit-entity and relation-pattern extraction v2,unique_nasdaq100_match,public_at_sec_acceptance,candidate_review_required
d996ad88749af2e735cfb0be0acfa8f4daa7fc5ee9fec2aa44f6dd4c6cb43c3c,NASDAQ100:AAPL,NASDAQ100:CHKP,AAPL,CHKP,supplier,"We accomplish this in multiple ways: • Through a global network of thousands of partners, which spans two-tier distributors, value-added resellers, global systems integrators, telecommunications companies and managed service providers. • Spearheaded by our sales support and account management teams, Check Point works closely with the partner ecosystem to capture customer needs and match them with the right solutions. • As part of our pre-sales support to our channel partners community, we employ technical consultants and systems engineers who work closely with partners and customers to assist them with pre-sale product configuration, use, and application support. • Through technology partnerships with hardware and software suppliers such as IBM, Hewlett-Packard, VMware, Symantec, Apple, Google, Amazon, and Microsoft, Check Point uses integration to better meet diverse customer needs.",20-F,2020-04-02,2020-04-02T20:04:13.000Z,0001193125-20-095941,d880905d20f.htm,0.60,low,0.95,0.570000,0.002938,2020-04-02T20:04:13.000Z,,1,SEC EDGAR,0001193125-20-095941,https://www.sec.gov/Archives/edgar/data/1015922/000119312520095941/d880905d20f.htm,deterministic explicit-entity and relation-pattern extraction v2,unique_nasdaq100_match,public_at_sec_acceptance,candidate_review_required
03e8f104244a99d73e7ca5dc98e669549cbe901e5a8bfcbcc37a3e0f035f1821,NASDAQ100:CHKP,NASDAQ100:MSFT,CHKP,MSFT,customer,"Dome9 customers use its platform to secure multi-cloud deployments across Amazon AWS, Microsoft Azure and Google Cloud.",20-F,2020-04-02,2020-04-02T20:04:13.000Z,0001193125-20-095941,d880905d20f.htm,0.60,low,0.95,0.570000,0.002938,2020-04-02T20:04:13.000Z,,1,SEC EDGAR,0001193125-20-095941,https://www.sec.gov/Archives/edgar/data/1015922/000119312520095941/d880905d20f.htm,deterministic explicit-entity and relation-pattern extraction v2,unique_nasdaq100_match,public_at_sec_acceptance,candidate_review_required
3a1959f9ce2d38f03ab17d93b72627e0d0c31a474ab5737d950247c621e981c2,NASDAQ100:MSFT,NASDAQ100:CHKP,MSFT,CHKP,supplier,"Continued growth of this market will depend, in large part, upon: • the continued expansion of Internet usage and the number of organizations adopting or expanding intranets; • the continued adoption of “cloud” infrastructure by organizations; • the ability of the infrastructures implemented by organizations to support an increasing number of users and services; • the continued development of new and improved services for implementation across the Internet and between the Internet and intranets; • the adoption of data security measures as it pertains to data encryption and data loss prevention technologies; • continued access to mobile API’s, APPs and application stores with Apple, Google and Microsoft; • government regulation of the Internet and governmental and non-governmental requirements and standards with respect to data security and privacy; and • general economic conditions in the markets in which we, our customers and our suppliers operate.",20-F,2020-04-02,2020-04-02T20:04:13.000Z,0001193125-20-095941,d880905d20f.htm,0.60,low,0.95,0.570000,0.002938,2020-04-02T20:04:13.000Z,,1,SEC EDGAR,0001193125-20-095941,https://www.sec.gov/Archives/edgar/data/1015922/000119312520095941/d880905d20f.htm,deterministic explicit-entity and relation-pattern extraction v2,unique_nasdaq100_match,public_at_sec_acceptance,candidate_review_required
6c320149a62a2f0e5f8a23268056d46995e33ba18d27071e6cbe3b6fa4f8617e,NASDAQ100:MSFT,NASDAQ100:CHKP,MSFT,CHKP,supplier,"We accomplish this in multiple ways: • Through a global network of thousands of partners, which spans two-tier distributors, value-added resellers, global systems integrators, telecommunications companies and managed service providers. • Spearheaded by our sales support and account management teams, Check Point works closely with the partner ecosystem to capture customer needs and match them with the right solutions. • As part of our pre-sales support to our channel partners community, we employ technical consultants and systems engineers who work closely with partners and customers to assist them with pre-sale product configuration, use, and application support. • Through technology partnerships with hardware and software suppliers such as IBM, Hewlett-Packard, VMware, Symantec, Apple, Google, Amazon, and Microsoft, Check Point uses integration to better meet diverse customer needs.",20-F,2020-04-02,2020-04-02T20:04:13.000Z,0001193125-20-095941,d880905d20f.htm,0.60,low,0.95,0.570000,0.002938,2020-04-02T20:04:13.000Z,,1,SEC EDGAR,0001193125-20-095941,https://www.sec.gov/Archives/edgar/data/1015922/000119312520095941/d880905d20f.htm,deterministic explicit-entity and relation-pattern extraction v2,unique_nasdaq100_match,public_at_sec_acceptance,candidate_review_required
0a56d8619eeabf8cbf1888a00ac3a31b8128c610bb352ec59f680289de7c99e1,NASDAQ100:MTCH,NASDAQ100:CHKP,MTCH,CHKP,supplier,"We accomplish this in multiple ways: • Through a global network of thousands of partners, which spans two-tier distributors, value-added resellers, global systems integrators, telecommunications companies and managed service providers. • Spearheaded by our sales support and account management teams, Check Point works closely with the partner ecosystem to capture customer needs and match them with the right solutions. • As part of our pre-sales support to our channel partners community, we employ technical consultants and systems engineers who work closely with partners and customers to assist them with pre-sale product configuration, use, and application support. • Through technology partnerships with hardware and software suppliers such as IBM, Hewlett-Packard, VMware, Symantec, Apple, Google, Amazon, and Microsoft, Check Point uses integration to better meet diverse customer needs.",20-F,2020-04-02,2020-04-02T20:04:13.000Z,0001193125-20-095941,d880905d20f.htm,0.60,low,0.95,0.570000,0.002938,2020-04-02T20:04:13.000Z,,1,SEC EDGAR,0001193125-20-095941,https://www.sec.gov/Archives/edgar/data/1015922/000119312520095941/d880905d20f.htm,deterministic explicit-entity and relation-pattern extraction v2,unique_nasdaq100_match,public_at_sec_acceptance,candidate_review_required
d781de9b6e4fd02285774873793d585ca851eb7b5ae5e92b3b84e82ab85efa45,NASDAQ100:BIDU,NASDAQ100:TCOM,BIDU,TCOM,supplier,"In October 2019, we completed a secondary offering of an aggregate of 36,000,000 ADSs, which included the exercise in full by the underwriters of their option to purchase up to 4,695,648 additional ADSs to cover over-allotment, by our shareholder Baidu Holdings Limited at US$28.00 per ADS.",20-F,2020-04-09,2020-04-09T20:23:17.000Z,0001193125-20-102627,d860693d20f.htm,0.60,low,0.95,0.570000,0.003018,2020-04-09T20:23:17.000Z,,1,SEC EDGAR,0001193125-20-102627,https://www.sec.gov/Archives/edgar/data/1269238/000119312520102627/d860693d20f.htm,deterministic explicit-entity and relation-pattern extraction v2,unique_nasdaq100_match,public_at_sec_acceptance,candidate_review_required
54776f5e495ae575c4300417be39a5c2e3126bb1d2003979ef66e2de9869c503,NASDAQ100:BIDU,NASDAQ100:TCOM,BIDU,TCOM,supplier,"005-79455) filed by Baidu, Inc. with the Securities and Exchange Commission on November 4, 2015) 4.21 Convertible Note Purchase Agreement dated December 9, 2015 between Ctrip.com International, Ltd. and Priceline Group Treasury Company B.V. for the issuance and purchase of US$500 million 2.00% convertible note due 2025 (incorporated by reference to Exhibit 1 to Schedule 13D/A (File No.",20-F,2020-04-09,2020-04-09T20:23:17.000Z,0001193125-20-102627,d860693d20f.htm,0.60,low,0.95,0.570000,0.003018,2020-04-09T20:23:17.000Z,,1,SEC EDGAR,0001193125-20-102627,https://www.sec.gov/Archives/edgar/data/1269238/000119312520102627/d860693d20f.htm,deterministic explicit-entity and relation-pattern extraction v2,unique_nasdaq100_match,public_at_sec_acceptance,candidate_review_required
fa16c3773af519c8e0bbb9638205e944d45bdea827c8ad461bed1277c4d6ed83,NASDAQ100:BKNG,NASDAQ100:TCOM,BKNG,TCOM,supplier,"005-79455) filed by The Priceline Group Inc. (currently known as Booking Holdings Inc.) with the Securities and Exchange Commission on December 14, 2015) 4.22 Convertible Note Purchase Agreement dated December 9, 2015 among Ctrip.com International, Ltd., Gaoling Fund, L.P. and YHG Investment, L.P. for the issuance and purchase of US$500 million 2.00% convertible notes due 2025 (incorporated by reference to Exhibit 4.50 to our Annual Report on Form 20-F (File No.",20-F,2020-04-09,2020-04-09T20:23:17.000Z,0001193125-20-102627,d860693d20f.htm,0.60,low,0.95,0.570000,0.003018,2020-04-09T20:23:17.000Z,,1,SEC EDGAR,0001193125-20-102627,https://www.sec.gov/Archives/edgar/data/1269238/000119312520102627/d860693d20f.htm,deterministic explicit-entity and relation-pattern extraction v2,unique_nasdaq100_match,public_at_sec_acceptance,candidate_review_required
00312a130d4f1f52e8a6553e613fa0766a6b65ff39e0db9c674ae62722d988b7,NASDAQ100:TCOM,NASDAQ100:BIDU,TCOM,BIDU,supplier,"On May 29, 2015, October 26, 2015, and December 23, 2015, we entered into a Third Amendment, a Fourth Amendment, and a Fifth Amendment to the Rights Agreement with the Bank of New York Mellon, respectively, for the purposes of amending the definition of “Exempted Person.” Accordingly, in so far as Booking and any of its subsidiaries are concerned in connection with the determination of Exempt Person, the term “Exempt Person” will be applied only to the extent that the number of ordinary shares beneficially owned by such Exempt Person (excluding the number of our ADSs or the ordinary shares that are beneficially owned by Booking and any of its subsidiaries due to any such entity’s ownership or conversion of that certain note issued by us pursuant to a convertible note purchase agreement dated December 9, 2015 between a subsidiary of Booking and us) at all times does not exceed fifteen percent (15%) of the ordinary shares then outstanding in the aggregate and in so far as Baidu and any of its subsidiaries are concerned in connection with the determination of Exempt Person, the term “Exempt Person” will be applied only to the extent that the number of ordinary shares beneficially owned by such Exempt Person at all times does not exceed twenty-seven percent (27%) of the ordinary shares then outstanding in the aggregate.",20-F,2020-04-09,2020-04-09T20:23:17.000Z,0001193125-20-102627,d860693d20f.htm,0.60,low,0.95,0.570000,0.003018,2020-04-09T20:23:17.000Z,,1,SEC EDGAR,0001193125-20-102627,https://www.sec.gov/Archives/edgar/data/1269238/000119312520102627/d860693d20f.htm,deterministic explicit-entity and relation-pattern extraction v2,unique_nasdaq100_match,public_at_sec_acceptance,candidate_review_required
4d5f6603d33058422b8af5667fdec097e27c8c3aff3857c340b6732285cd56e6,NASDAQ100:TCOM,NASDAQ100:BKNG,TCOM,BKNG,supplier,"On May 29, 2015, October 26, 2015, and December 23, 2015, we entered into a Third Amendment, a Fourth Amendment, and a Fifth Amendment to the Rights Agreement with the Bank of New York Mellon, respectively, for the purposes of amending the definition of “Exempted Person.” Accordingly, in so far as Booking and any of its subsidiaries are concerned in connection with the determination of Exempt Person, the term “Exempt Person” will be applied only to the extent that the number of ordinary shares beneficially owned by such Exempt Person (excluding the number of our ADSs or the ordinary shares that are beneficially owned by Booking and any of its subsidiaries due to any such entity’s ownership or conversion of that certain note issued by us pursuant to a convertible note purchase agreement dated December 9, 2015 between a subsidiary of Booking and us) at all times does not exceed fifteen percent (15%) of the ordinary shares then outstanding in the aggregate and in so far as Baidu and any of its subsidiaries are concerned in connection with the determination of Exempt Person, the term “Exempt Person” will be applied only to the extent that the number of ordinary shares beneficially owned by such Exempt Person at all times does not exceed twenty-seven percent (27%) of the ordinary shares then outstanding in the aggregate.",20-F,2020-04-09,2020-04-09T20:23:17.000Z,0001193125-20-102627,d860693d20f.htm,0.60,low,0.95,0.570000,0.003018,2020-04-09T20:23:17.000Z,,1,SEC EDGAR,0001193125-20-102627,https://www.sec.gov/Archives/edgar/data/1269238/000119312520102627/d860693d20f.htm,deterministic explicit-entity and relation-pattern extraction v2,unique_nasdaq100_match,public_at_sec_acceptance,candidate_review_required
bcbdb1faa8b82cbfdf5ad4455de6ed68bf34247dff0309bbebfafaa5718e073b,NASDAQ100:MTCH,NASDAQ100:JD,MTCH,JD,supplier,"Our customers choose to purchase products on our mobile apps and websites due in part to the attractive prices that we offer, and they may choose to shop elsewhere if we cannot match the prices offered by other websites or by physical stores, or if we cannot maintain a steady supply of products they desire.",20-F,2020-04-15,2020-04-15T20:04:30.000Z,0001193125-20-108084,d875897d20f.htm,0.60,low,0.95,0.570000,0.003089,2020-04-15T20:04:30.000Z,,1,SEC EDGAR,0001193125-20-108084,https://www.sec.gov/Archives/edgar/data/1549802/000119312520108084/d875897d20f.htm,deterministic explicit-entity and relation-pattern extraction v2,unique_nasdaq100_match,public_at_sec_acceptance,candidate_review_required
33b8753f595ed28a95ed242c0349eeb456638759858e4f5f4b4fab784198b33c,NASDAQ100:AAPL,NASDAQ100:PDD,AAPL,PDD,supplier,"We cooperate with leading third-party online payment service providers in China, including Weixin Pay, QQ Wallet, Alipay and Apple Pay, and enable our buyers to make payments for their purchases easily and efficiently.",20-F,2020-04-24,2020-04-24T20:32:44.000Z,0001104659-20-051022,pdd-20191231x20f.htm,0.60,low,0.95,0.570000,0.003198,2020-04-24T20:32:44.000Z,,1,SEC EDGAR,0001104659-20-051022,https://www.sec.gov/Archives/edgar/data/1737806/000110465920051022/pdd-20191231x20f.htm,deterministic explicit-entity and relation-pattern extraction v2,unique_nasdaq100_match,public_at_sec_acceptance,candidate_review_required
8155abd8b93b46ba8e06e23b1366dfc9e749199d4bd00180829b0745ceaebd13,NASDAQ100:MTCH,NASDAQ100:PDD,MTCH,PDD,supplier,"In addition to responding to buyer complaints, our dedicated merchandise control team also conducts randomized test purchases to verify whether product descriptions match the products delivered.",20-F,2020-04-24,2020-04-24T20:32:44.000Z,0001104659-20-051022,pdd-20191231x20f.htm,0.60,low,0.95,0.570000,0.003198,2020-04-24T20:32:44.000Z,,1,SEC EDGAR,0001104659-20-051022,https://www.sec.gov/Archives/edgar/data/1737806/000110465920051022/pdd-20191231x20f.htm,deterministic explicit-entity and relation-pattern extraction v2,unique_nasdaq100_match,public_at_sec_acceptance,candidate_review_required
9e2df59ae27e76933998e7649959941bb50ba7bdae9af7fb701b9792b6af0ad0,NASDAQ100:MTCH,NASDAQ100:TSLA,MTCH,TSLA,supplier,"Health and Welfare Benefits We provide the following benefits to our named executive officers on the same basis provided to all of our employees: 9 • health, dental and vision insurance; • life insurance and accidental death and dismemberment insurance; • a Section 401(k) plan for which no match by Tesla is provided; • an employee stock purchase plan; • short-and long-term disability insurance; • medical and dependent care flexible spending account; and • a health savings account.",10-K/A,2020-04-28,2020-04-28T11:01:05.000Z,0001564590-20-018984,tsla-10ka_20191231.htm,0.60,low,0.95,0.570000,0.003247,2020-04-28T11:01:05.000Z,,1,SEC EDGAR,0001564590-20-018984,https://www.sec.gov/Archives/edgar/data/1318605/000156459020018984/tsla-10ka_20191231.htm,deterministic explicit-entity and relation-pattern extraction v2,unique_nasdaq100_match,public_at_sec_acceptance,candidate_review_required
242ef83381cc20d8406f358031025f09265d8e9c0977d7fd7656ccd33563c57e,NASDAQ100:TSLA,NASDAQ100:WBA,TSLA,WBA,strategic_partner,"Wilson-Thompson has served as Executive Vice President and Global Chief Human Resources Officer of Walgreens Boots Alliance, Inc., a global pharmacy and wellbeing company, since December 2014, and previously served as Senior Vice President and Chief Human Resources Officer from January 2010 to December 2014.",10-K/A,2020-04-28,2020-04-28T11:01:05.000Z,0001564590-20-018984,tsla-10ka_20191231.htm,0.60,low,0.95,0.570000,0.003247,2020-04-28T11:01:05.000Z,,0,SEC EDGAR,0001564590-20-018984,https://www.sec.gov/Archives/edgar/data/1318605/000156459020018984/tsla-10ka_20191231.htm,deterministic explicit-entity and relation-pattern extraction v2,unique_nasdaq100_match,public_at_sec_acceptance,candidate_review_required
d17d5d81992a500b273e193261af444e44247e1e84af0aacfd271f4dffe60104,NASDAQ100:MSFT,NASDAQ100:EBAY,MSFT,EBAY,supplier,"Bates was the executive vice president of Microsoft Corp.’s Business Development and Evangelism group, responsible for the company’s relationships with key original equipment manufacturers (OEMs), strategic innovation partners, independent software vendors and developers.",10-K/A,2020-04-29,2020-04-29T21:00:37.000Z,0001206774-20-001423,ebay3749051-10ka.htm,0.60,low,0.95,0.570000,0.003260,2020-04-29T21:00:37.000Z,,1,SEC EDGAR,0001206774-20-001423,https://www.sec.gov/Archives/edgar/data/1065088/000120677420001423/ebay3749051-10ka.htm,deterministic explicit-entity and relation-pattern extraction v2,unique_nasdaq100_match,public_at_sec_acceptance,candidate_review_required
19b6a412378bbfedc7211ec78ef4f5aca7fd84c6f89d2213b1dc2fb9d722f1aa,NASDAQ100:AAPL,NASDAQ100:EA,AAPL,EA,supplier,"Competition for these licenses has increased, and may continue to increase, the amounts that we must pay to licensors and developers, through higher minimum guarantees or royalty rates, which could significantly increase our costs and reduce our profitability.We rely on the consoles, systems and devices of partners who have significant influence over the products and services that we offer in the marketplace.A significant percentage of our digital net revenue is attributable to sales of products and services through our significant partners, including Sony, Microsoft, Apple and Google.",10-K,2020-05-20,2020-05-20T20:37:16.000Z,0000712515-20-000019,ea-20200331.htm,0.60,low,0.95,0.570000,0.003534,2020-05-20T20:37:16.000Z,,1,SEC EDGAR,0000712515-20-000019,https://www.sec.gov/Archives/edgar/data/712515/000071251520000019/ea-20200331.htm,deterministic explicit-entity and relation-pattern extraction v2,unique_nasdaq100_match,public_at_sec_acceptance,candidate_review_required
45e812c92d0f2378f861277c001b012cce1a73022abbcc3238bbe5daa4bbc234,NASDAQ100:EA,NASDAQ100:AAPL,EA,AAPL,customer,"These performance obligations are generally recognized over an estimated nine-month period beginning in the month after shipment for software licenses sold through retail and an estimated six-month period for digitally-distributed software licenses beginning in the month of sale.Principal Agent ConsiderationsWe evaluate sales to end customers of our full games and related content via third-party storefronts, including digital storefronts such as Microsoft’s Xbox Store, Sony’s PlayStation Store, Apple App Store, and Google Play Store, in order to determine whether or not we are acting as the principal in the sale to the end customer, which we consider in determining if revenue should be reported gross or net of fees retained by the third-party storefront.",10-K,2020-05-20,2020-05-20T20:37:16.000Z,0000712515-20-000019,ea-20200331.htm,0.60,low,0.95,0.570000,0.003534,2020-05-20T20:37:16.000Z,,1,SEC EDGAR,0000712515-20-000019,https://www.sec.gov/Archives/edgar/data/712515/000071251520000019/ea-20200331.htm,deterministic explicit-entity and relation-pattern extraction v2,unique_nasdaq100_match,public_at_sec_acceptance,candidate_review_required
2d9065d1e8ebb0defd3858edb58758342f795f7f62a526b9908b8ac175395291,NASDAQ100:EA,NASDAQ100:AAPL,EA,AAPL,customer,"However, for sales arrangements via Apple App Store and Google Play Store, EA is considered the principal to the end customer and thus, we report revenue on a gross basis and mobile platform fees are reported within cost of revenue.Income TaxesWe recognize deferred tax assets and liabilities for both (1) the expected impact of differences between the financial statement amount and the tax basis of assets and liabilities and (2) the expected future tax benefit to be derived from tax losses and tax credit carryforwards.",10-K,2020-05-20,2020-05-20T20:37:16.000Z,0000712515-20-000019,ea-20200331.htm,0.60,low,0.95,0.570000,0.003534,2020-05-20T20:37:16.000Z,,1,SEC EDGAR,0000712515-20-000019,https://www.sec.gov/Archives/edgar/data/712515/000071251520000019/ea-20200331.htm,deterministic explicit-entity and relation-pattern extraction v2,unique_nasdaq100_match,public_at_sec_acceptance,candidate_review_required
269ba686954e54464a9d184cfb2972ce37d38f4ebf76872dd83aea15ed32e0bc,NASDAQ100:EA,NASDAQ100:AAPL,EA,AAPL,customer,"Principal Agent ConsiderationsWe evaluate sales to end customers of our full games and related content via third-party storefronts, including digital storefronts such as Microsoft’s Xbox Store, Sony’s PlayStation Store, Apple App Store, and Google Play Store, in order to determine whether or not we are acting as the principal in the sale to the end customer, which we consider in determining if revenue should be reported gross or net of fees retained by the third-party storefront.",10-K,2020-05-20,2020-05-20T20:37:16.000Z,0000712515-20-000019,ea-20200331.htm,0.60,low,0.95,0.570000,0.003534,2020-05-20T20:37:16.000Z,,1,SEC EDGAR,0000712515-20-000019,https://www.sec.gov/Archives/edgar/data/712515/000071251520000019/ea-20200331.htm,deterministic explicit-entity and relation-pattern extraction v2,unique_nasdaq100_match,public_at_sec_acceptance,candidate_review_required
3c3c80bb1d26a2932a304da110ea5585cf81da5d48dd0c6b641a8354d089a391,NASDAQ100:EA,NASDAQ100:AAPL,EA,AAPL,customer,"However, for sales arrangements via Apple App Store and Google Play Store, EA is considered the principal to the end customer and thus, we report revenue on a gross basis and mobile platform fees are reported within cost of revenue.Payment TermsSubstantially all of our transactions have payment terms, whether customary or on an extended basis, of less than one year; therefore, we generally do not adjust the transaction price for the effects of any potential financing components that may exist.Sales and Value-Added TaxesRevenue is recorded net of taxes assessed by governmental authorities that are imposed at the time of the specific revenue-producing transaction between us and our customer, such as sales and value-added taxes.Sales Returns and Price Protection ReservesSales returns and price protection are considered variable consideration under ASC 606.",10-K,2020-05-20,2020-05-20T20:37:16.000Z,0000712515-20-000019,ea-20200331.htm,0.60,low,0.95,0.570000,0.003534,2020-05-20T20:37:16.000Z,,1,SEC EDGAR,0000712515-20-000019,https://www.sec.gov/Archives/edgar/data/712515/000071251520000019/ea-20200331.htm,deterministic explicit-entity and relation-pattern extraction v2,unique_nasdaq100_match,public_at_sec_acceptance,candidate_review_required
ec4fea411e1f61359abac8dd3ab40d0581e25710e93e2f42d0f0af04e06bcae5,NASDAQ100:EA,NASDAQ100:MSFT,EA,MSFT,customer,"Our direct sales to Sony and Microsoft represented approximately 32 percent and 17 percent of total net revenue, respectively, in fiscal year 2020; approximately 29 percent and 16 percent of total net revenue, respectively, in fiscal year 2019; and approximately 27 percent and 16 percent of total net revenue, respectively, in fiscal year 2018.",10-K,2020-05-20,2020-05-20T20:37:16.000Z,0000712515-20-000019,ea-20200331.htm,0.97,high,0.95,0.921500,0.005714,2020-05-20T20:37:16.000Z,,1,SEC EDGAR,0000712515-20-000019,https://www.sec.gov/Archives/edgar/data/712515/000071251520000019/ea-20200331.htm,deterministic explicit-entity and relation-pattern extraction v2,unique_nasdaq100_match,public_at_sec_acceptance,accepted
25dab688487d0b03b368627b87a5e46b0b08b8a1718c620934a0f3c8ce3dac6b,NASDAQ100:EA,NASDAQ100:MSFT,EA,MSFT,customer,Our revenue from sales for the new generation consoles from Sony and Microsoft may not offset the negative effects of the transition on our operating results.,10-K,2020-05-20,2020-05-20T20:37:16.000Z,0000712515-20-000019,ea-20200331.htm,0.60,low,0.95,0.570000,0.003534,2020-05-20T20:37:16.000Z,,1,SEC EDGAR,0000712515-20-000019,https://www.sec.gov/Archives/edgar/data/712515/000071251520000019/ea-20200331.htm,deterministic explicit-entity and relation-pattern extraction v2,unique_nasdaq100_match,public_at_sec_acceptance,candidate_review_required
c1eb6433ca6b377317dd605104d817efbaffa81f613ae15ca60e8519c5792476,NASDAQ100:EA,NASDAQ100:MSFT,EA,MSFT,customer,"These performance obligations are generally recognized over an estimated nine-month period beginning in the month after shipment for software licenses sold through retail and an estimated six-month period for digitally-distributed software licenses beginning in the month of sale.Principal Agent ConsiderationsWe evaluate sales to end customers of our full games and related content via third-party storefronts, including digital storefronts such as Microsoft’s Xbox Store, Sony’s PlayStation Store, Apple App Store, and Google Play Store, in order to determine whether or not we are acting as the principal in the sale to the end customer, which we consider in determining if revenue should be reported gross or net of fees retained by the third-party storefront.",10-K,2020-05-20,2020-05-20T20:37:16.000Z,0000712515-20-000019,ea-20200331.htm,0.60,low,0.95,0.570000,0.003534,2020-05-20T20:37:16.000Z,,1,SEC EDGAR,0000712515-20-000019,https://www.sec.gov/Archives/edgar/data/712515/000071251520000019/ea-20200331.htm,deterministic explicit-entity and relation-pattern extraction v2,unique_nasdaq100_match,public_at_sec_acceptance,candidate_review_required
5b3c0e8eec4371844b4751facda0901f2393e913efc3323e7ba82198af2e0754,NASDAQ100:EA,NASDAQ100:MSFT,EA,MSFT,customer,"Principal Agent ConsiderationsWe evaluate sales to end customers of our full games and related content via third-party storefronts, including digital storefronts such as Microsoft’s Xbox Store, Sony’s PlayStation Store, Apple App Store, and Google Play Store, in order to determine whether or not we are acting as the principal in the sale to the end customer, which we consider in determining if revenue should be reported gross or net of fees retained by the third-party storefront.",10-K,2020-05-20,2020-05-20T20:37:16.000Z,0000712515-20-000019,ea-20200331.htm,0.60,low,0.95,0.570000,0.003534,2020-05-20T20:37:16.000Z,,1,SEC EDGAR,0000712515-20-000019,https://www.sec.gov/Archives/edgar/data/712515/000071251520000019/ea-20200331.htm,deterministic explicit-entity and relation-pattern extraction v2,unique_nasdaq100_match,public_at_sec_acceptance,candidate_review_required
1f06f59e0fffcca1627420c1632ef898891f023a36b690b88b6d76b171e3492a,NASDAQ100:EA,NASDAQ100:MSFT,EA,MSFT,customer,"Our agreements with Sony and Microsoft typically give significant control to them over the approval, manufacturing and distribution of our products and services that are distributed through their platform, which could, in certain circumstances, leave us unable to get our products and services approved, manufactured or distributed to customers.Short-term investments are placed with high quality financial institutions or in short-duration, investment-grade securities.",10-K,2020-05-20,2020-05-20T20:37:16.000Z,0000712515-20-000019,ea-20200331.htm,0.60,low,0.95,0.570000,0.003534,2020-05-20T20:37:16.000Z,,1,SEC EDGAR,0000712515-20-000019,https://www.sec.gov/Archives/edgar/data/712515/000071251520000019/ea-20200331.htm,deterministic explicit-entity and relation-pattern extraction v2,unique_nasdaq100_match,public_at_sec_acceptance,candidate_review_required
6c146aac9e9f1b643860fde4ea1cc8262fca6cb85aa1a3e28e6993def012b064,NASDAQ100:EA,NASDAQ100:MSFT,EA,MSFT,customer,"There were no other countries with net revenue greater than 10 percent.In fiscal year 2020, our direct sales to Sony and Microsoft represented approximately 32 percent and 17 percent of total net revenue, respectively.",10-K,2020-05-20,2020-05-20T20:37:16.000Z,0000712515-20-000019,ea-20200331.htm,0.97,high,0.95,0.921500,0.005714,2020-05-20T20:37:16.000Z,,1,SEC EDGAR,0000712515-20-000019,https://www.sec.gov/Archives/edgar/data/712515/000071251520000019/ea-20200331.htm,deterministic explicit-entity and relation-pattern extraction v2,unique_nasdaq100_match,public_at_sec_acceptance,accepted
a78c43d3e2403ee8405deb06e9e28db7f1f523783b8ba0da94ee9c6a54e0f073,NASDAQ100:EA,NASDAQ100:MSFT,EA,MSFT,customer,"In fiscal year 2019, our direct sales to Sony and Microsoft represented approximately 29 percent and 16 percent of total net revenue, respectively.",10-K,2020-05-20,2020-05-20T20:37:16.000Z,0000712515-20-000019,ea-20200331.htm,0.97,high,0.95,0.921500,0.005714,2020-05-20T20:37:16.000Z,,1,SEC EDGAR,0000712515-20-000019,https://www.sec.gov/Archives/edgar/data/712515/000071251520000019/ea-20200331.htm,deterministic explicit-entity and relation-pattern extraction v2,unique_nasdaq100_match,public_at_sec_acceptance,accepted
9a8a1160e43768059f88dba786a0cca8fed6a658acf25b179c6962251b0832a2,NASDAQ100:EA,NASDAQ100:MSFT,EA,MSFT,customer,"In fiscal year 2018, our direct sales to Sony and Microsoft represented approximately 27 percent and 16 percent of total net revenue, respectively.79Table of Contents(19) QUARTERLY FINANCIAL INFORMATION (UNAUDITED) Quarter EndedYearEnded(In millions, except per share data)June 30September 30December 31March 31Fiscal 2020 ConsolidatedNet revenue$1,209 $1,348 $1,593 $1,387 $5,537 Gross profit1,022 943 1,085 1,118 4,168 Operating income 415 268 361 401 1,445 Net income 1,421 (a)854 (a)346 418 3,039 Common StockEarnings per share — Basic$4.78 $2.89 $1.18 $1.44 $10.37 Earnings per share — Diluted$4.75 $2.89 $1.18 $1.43 $10.30 Fiscal 2019 ConsolidatedNet revenue$1,137 $1,286 $1,289 $1,238 $4,950 Gross profit922 868 876 962 3,628 Operating income300 258 242 196 996 Net income293 255 262 209 1,019 Common StockEarnings per share — Basic$0.96 $0.84 $0.87 $0.70 $3.36 Earnings per share — Diluted$0.95 $0.83 $0.86 $0.69 $3.33 (a) During the fiscal year ended March 31, 2020, we recognized total one-time tax benefits of $1.760 billion related to the $1.840 billion Swiss Deferred Tax Asset, partially offset by the $80 million one-time Altera opinion charge.",10-K,2020-05-20,2020-05-20T20:37:16.000Z,0000712515-20-000019,ea-20200331.htm,0.60,low,0.95,0.570000,0.003534,2020-05-20T20:37:16.000Z,,1,SEC EDGAR,0000712515-20-000019,https://www.sec.gov/Archives/edgar/data/712515/000071251520000019/ea-20200331.htm,deterministic explicit-entity and relation-pattern extraction v2,unique_nasdaq100_match,public_at_sec_acceptance,candidate_review_required
a7dabcbbe9f8d861555a57e629be645d799822da54ad696924382502a059c2b7,NASDAQ100:MSFT,NASDAQ100:EA,MSFT,EA,supplier,"For example, we develop products and services within the FIFA franchise that allow players to engage with FIFA through multiple business models, distribution channels and devices, including: (1) our annualized console and PC games and associated services, which can be purchased through both digital distribution and retail channels and also is available through our subscription services; (2) FIFA Mobile, a mobile free-to-play offering; and (3) FIFA Online, a PC free-to-play game available in certain Asian countries.Digitally, our console games and live services can be purchased through third-party storefronts, such as the digital stores of our console partners Sony, Microsoft and Nintendo.",10-K,2020-05-20,2020-05-20T20:37:16.000Z,0000712515-20-000019,ea-20200331.htm,0.60,low,0.95,0.570000,0.003534,2020-05-20T20:37:16.000Z,,1,SEC EDGAR,0000712515-20-000019,https://www.sec.gov/Archives/edgar/data/712515/000071251520000019/ea-20200331.htm,deterministic explicit-entity and relation-pattern extraction v2,unique_nasdaq100_match,public_at_sec_acceptance,candidate_review_required
7eff0bc0fa0c961006ed23b23ea5baedeb4398e03759006da0169547b0f43025,NASDAQ100:MSFT,NASDAQ100:EA,MSFT,EA,supplier,"Our transactions for packaged goods products are made pursuant to individual purchase orders, which are accepted on a case-by case basis by Sony or Microsoft (or their designated replicators), as the case may be.",10-K,2020-05-20,2020-05-20T20:37:16.000Z,0000712515-20-000019,ea-20200331.htm,0.60,low,0.95,0.570000,0.003534,2020-05-20T20:37:16.000Z,,1,SEC EDGAR,0000712515-20-000019,https://www.sec.gov/Archives/edgar/data/712515/000071251520000019/ea-20200331.htm,deterministic explicit-entity and relation-pattern extraction v2,unique_nasdaq100_match,public_at_sec_acceptance,candidate_review_required
b1679b2a9765d677dd1c9e0f17f7b34efb0a98e54d1434165e797d8fa00c77ea,NASDAQ100:MSFT,NASDAQ100:EA,MSFT,EA,supplier,"Competition for these licenses has increased, and may continue to increase, the amounts that we must pay to licensors and developers, through higher minimum guarantees or royalty rates, which could significantly increase our costs and reduce our profitability.We rely on the consoles, systems and devices of partners who have significant influence over the products and services that we offer in the marketplace.A significant percentage of our digital net revenue is attributable to sales of products and services through our significant partners, including Sony, Microsoft, Apple and Google.",10-K,2020-05-20,2020-05-20T20:37:16.000Z,0000712515-20-000019,ea-20200331.htm,0.60,low,0.95,0.570000,0.003534,2020-05-20T20:37:16.000Z,,1,SEC EDGAR,0000712515-20-000019,https://www.sec.gov/Archives/edgar/data/712515/000071251520000019/ea-20200331.htm,deterministic explicit-entity and relation-pattern extraction v2,unique_nasdaq100_match,public_at_sec_acceptance,candidate_review_required
9f5175f6d6b0fb1a56ac6c7c0dbf17e1f8f68c2cf74d1d9c3406593d06054fd1,NASDAQ100:MSFT,NASDAQ100:EA,MSFT,EA,supplier,"Consistent with historical transition periods, we expect consumers to purchase fewer products for the Sony PlayStation 4 and Microsoft Xbox One consoles during the upcoming transition period.",10-K,2020-05-20,2020-05-20T20:37:16.000Z,0000712515-20-000019,ea-20200331.htm,0.60,low,0.95,0.570000,0.003534,2020-05-20T20:37:16.000Z,,1,SEC EDGAR,0000712515-20-000019,https://www.sec.gov/Archives/edgar/data/712515/000071251520000019/ea-20200331.htm,deterministic explicit-entity and relation-pattern extraction v2,unique_nasdaq100_match,public_at_sec_acceptance,candidate_review_required
5d8a74eb25d561cdd0dd22a76e95c6d230904b83a6b3e87b9b9381b9609d2169,NASDAQ100:CTAS,NASDAQ100:WDAY,CTAS,WDAY,customer,"With products and services including uniforms, mats, mops, restroom supplies, first aid and safety products, fire extinguishers and testing, and training and compliance courses, Cintas helps customers get Ready for the Workday®.",10-K,2020-07-29,2020-07-29T18:20:47.000Z,0000723254-20-000025,ctas-20200531.htm,0.60,low,0.95,0.570000,0.004628,2020-07-29T18:20:47.000Z,,1,SEC EDGAR,0000723254-20-000025,https://www.sec.gov/Archives/edgar/data/723254/000072325420000025/ctas-20200531.htm,deterministic explicit-entity and relation-pattern extraction v2,unique_nasdaq100_match,public_at_sec_acceptance,candidate_review_required
f9346902ec1ce4eece904eb74f8c7ae60f6c0660d51196c814d9a1f24f0245d9,NASDAQ100:CTAS,NASDAQ100:WDAY,CTAS,WDAY,customer,"With products and services including uniforms, mats, mops, restroom supplies, first aid and safety products, fire extinguishers and testing, and training and compliance courses, Cintas helps customers get Ready for the Workday®.We are North America's leading provider of corporate identity uniforms through rental and sales programs, as well as a significant provider of related business services, including entrance mats, restroom cleaning services and supplies, carpet and tile cleaning services, first aid and safety services and fire protection products and services.Cintas' principal objective is ""to exceed customers' expectations in order to maximize the long-term value of Cintas for shareholders and working partners,"" and it provides the framework and focus for Cintas' business strategy.",10-K,2020-07-29,2020-07-29T18:20:47.000Z,0000723254-20-000025,ctas-20200531.htm,0.60,low,0.95,0.570000,0.004628,2020-07-29T18:20:47.000Z,,1,SEC EDGAR,0000723254-20-000025,https://www.sec.gov/Archives/edgar/data/723254/000072325420000025/ctas-20200531.htm,deterministic explicit-entity and relation-pattern extraction v2,unique_nasdaq100_match,public_at_sec_acceptance,candidate_review_required
29ce8f347f2f13daaefe7dc72deacbe63e5667d4b46050e3172d7da9c71e0cb7,NASDAQ100:CTAS,NASDAQ100:WDAY,CTAS,WDAY,customer,"With products and services including uniforms, mats, mops, restroom supplies, first aid and safety products, fire extinguishers and testing, and training and compliance courses, Cintas helps customers get Ready for the Workday®.Cintas’ reportable operating segments are the Uniform Rental and Facility Services operating segment and the First Aid and Safety Services operating segment.",10-K,2020-07-29,2020-07-29T18:20:47.000Z,0000723254-20-000025,ctas-20200531.htm,0.60,low,0.95,0.570000,0.004628,2020-07-29T18:20:47.000Z,,1,SEC EDGAR,0000723254-20-000025,https://www.sec.gov/Archives/edgar/data/723254/000072325420000025/ctas-20200531.htm,deterministic explicit-entity and relation-pattern extraction v2,unique_nasdaq100_match,public_at_sec_acceptance,candidate_review_required
c3c205d9df39b964bd4d5c4310392815421cb1d2c4ec96dd6e6bfc1aaca18dbd,NASDAQ100:MSFT,NASDAQ100:AAPL,MSFT,AAPL,supplier,"Competition Competitors to Office include software and global application vendors, such as Apple, Cisco Systems, Facebook, Google, IBM, Okta, Proofpoint, Slack, Symantec, Zoom, and numerous web-based and mobile application competitors as well as local application developers.",10-K,2020-07-30,2020-07-31T00:44:46.000Z,0001564590-20-034944,msft-10k_20200630.htm,0.60,low,0.95,0.570000,0.004664,2020-07-31T00:44:46.000Z,,1,SEC EDGAR,0001564590-20-034944,https://www.sec.gov/Archives/edgar/data/789019/000156459020034944/msft-10k_20200630.htm,deterministic explicit-entity and relation-pattern extraction v2,unique_nasdaq100_match,public_at_sec_acceptance,candidate_review_required
0d58c070c17e33682c3bdc96db331c2d84c4cd220e79d27301302ba5ff9bde32,NASDAQ100:MSFT,NASDAQ100:AAPL,MSFT,AAPL,customer,"These manufacturers, many of which are also current or potential partners and customers, include Apple and our Windows OEMs.",10-K,2020-07-30,2020-07-31T00:44:46.000Z,0001564590-20-034944,msft-10k_20200630.htm,0.60,low,0.95,0.570000,0.004664,2020-07-31T00:44:46.000Z,,1,SEC EDGAR,0001564590-20-034944,https://www.sec.gov/Archives/edgar/data/789019/000156459020034944/msft-10k_20200630.htm,deterministic explicit-entity and relation-pattern extraction v2,unique_nasdaq100_match,public_at_sec_acceptance,candidate_review_required
c85adc3b1e520b6d1c585c64886cd2f7c32a75e8fc316049614f048b4fe2e158,NASDAQ100:MSFT,NASDAQ100:CSCO,MSFT,CSCO,supplier,"Competition Competitors to Office include software and global application vendors, such as Apple, Cisco Systems, Facebook, Google, IBM, Okta, Proofpoint, Slack, Symantec, Zoom, and numerous web-based and mobile application competitors as well as local application developers.",10-K,2020-07-30,2020-07-31T00:44:46.000Z,0001564590-20-034944,msft-10k_20200630.htm,0.60,low,0.95,0.570000,0.004664,2020-07-31T00:44:46.000Z,,1,SEC EDGAR,0001564590-20-034944,https://www.sec.gov/Archives/edgar/data/789019/000156459020034944/msft-10k_20200630.htm,deterministic explicit-entity and relation-pattern extraction v2,unique_nasdaq100_match,public_at_sec_acceptance,candidate_review_required
3d0b7a8e07948702226719cf8ce0aa969afb0563fec2b0fc88fa2aff33f077e4,NASDAQ100:MTCH,NASDAQ100:MSFT,MTCH,MSFT,supplier,"Growth depends on our ability to attract new users, understand intent, and match intent with relevant content and advertiser offerings.",10-K,2020-07-30,2020-07-31T00:44:46.000Z,0001564590-20-034944,msft-10k_20200630.htm,0.60,low,0.95,0.570000,0.004664,2020-07-31T00:44:46.000Z,,1,SEC EDGAR,0001564590-20-034944,https://www.sec.gov/Archives/edgar/data/789019/000156459020034944/msft-10k_20200630.htm,deterministic explicit-entity and relation-pattern extraction v2,unique_nasdaq100_match,public_at_sec_acceptance,candidate_review_required
3f33ef19ea5f74aa857b02aa8265de978a6c85f5bd87952172c9706a7d6e5438,NASDAQ100:KLAC,NASDAQ100:ADI,KLAC,ADI,customer,"KLA helps customers respond to the challenges posed by shrinking device sizes, the transition to new production materials, new device and circuit architectures, more demanding lithography processes, and new packaging techniques.KLA’s SPTS group, a semiconductor processing business from the Orbotech acquisition, develops and sells differentiated custom deposition and etching solutions for fast-growing markets, such as power and analog devices, RF communication chips and MEMS.",10-K,2020-08-07,2020-08-07T22:36:10.000Z,0000319201-20-000047,klac-20200630.htm,0.60,low,0.95,0.570000,0.004791,2020-08-07T22:36:10.000Z,,1,SEC EDGAR,0000319201-20-000047,https://www.sec.gov/Archives/edgar/data/319201/000031920120000047/klac-20200630.htm,deterministic explicit-entity and relation-pattern extraction v2,unique_nasdaq100_match,public_at_sec_acceptance,candidate_review_required
9747c339900188a754eedf0a3bc15758f5c266feb72544b7187c21d839b0845b,NASDAQ100:SPLK,NASDAQ100:TEAM,SPLK,TEAM,supplier,"Sordello does not have a material interest in the relationship described above.SplunkIn fiscal year 2020, we purchased $3.1 million of services from Splunk Inc. (“Splunk”) for systems monitoring purposes, in the ordinary course of business.",20-F,2020-08-14,2020-08-14T20:27:17.000Z,0001650372-20-000030,team-20200630.htm,0.96,high,0.95,0.912000,0.007875,2020-08-14T20:27:17.000Z,,1,SEC EDGAR,0001650372-20-000030,https://www.sec.gov/Archives/edgar/data/1650372/000165037220000030/team-20200630.htm,deterministic explicit-entity and relation-pattern extraction v2,unique_nasdaq100_match,public_at_sec_acceptance,accepted
c0d437b7a1fb40a8288f0c1174361255df6fd41349a8ddd4a7d0ca0a8ab0a235,NASDAQ100:TEAM,NASDAQ100:MSFT,TEAM,MSFT,supplier,"Our principal competitors vary depending on the product category and include Microsoft (including GitHub), IBM, Google, ServiceNow, salesforce.com, PagerDuty, Gitlab, Zendesk, Asana, Monday.com and Smartsheet.",20-F,2020-08-14,2020-08-14T20:27:17.000Z,0001650372-20-000030,team-20200630.htm,0.60,low,0.95,0.570000,0.004922,2020-08-14T20:27:17.000Z,,1,SEC EDGAR,0001650372-20-000030,https://www.sec.gov/Archives/edgar/data/1650372/000165037220000030/team-20200630.htm,deterministic explicit-entity and relation-pattern extraction v2,unique_nasdaq100_match,public_at_sec_acceptance,candidate_review_required
ced8ae81f2fce65bdfba5226cba9c921919890f1aabea85ab44ce2bd7323bac2,NASDAQ100:TEAM,NASDAQ100:MSFT,TEAM,MSFT,customer,"Our solution partners specialize in environment integrations and customizations and work with some of our largest customers to conduct hands-on system integrations, deployments, and upgrades.CompetitionOur products serve teams of all shapes and sizes in every industry, from software and technical teams, to IT and service teams, to a broad array of business teams.Our competitors range from large technology vendors to new and emerging businesses in each of the markets we serve:•Software Teams - Our competitors include large technology vendors, including Microsoft (including GitHub) and IBM, and smaller companies like Gitlab that offer project management, collaboration and developer tools.•IT Teams - Our competitors range from cloud vendors, including ServiceNow, salesforce.com, PagerDuty, Zendesk and Freshworks, to legacy vendors such as BMC Software (Remedy) that offer service desk solutions.•Business Teams - Our competitors range from large technology vendors, including Microsoft and Google, that offer a suite of products, to smaller companies like Asana, Monday.com and Smartsheet, which offer point solutions for team collaboration.In most cases, due to the flexibility and breadth of our products, we co-exist alongside many of our competitors' products within our own customer base, such as Microsoft, Gitlab and Asana.The principal competitive factors in our markets include product capabilities, flexibility, total cost of ownership, ease of access and use, performance and scalability, integration, customer satisfaction and global reach.",20-F,2020-08-14,2020-08-14T20:27:17.000Z,0001650372-20-000030,team-20200630.htm,0.60,low,0.95,0.570000,0.004922,2020-08-14T20:27:17.000Z,,1,SEC EDGAR,0001650372-20-000030,https://www.sec.gov/Archives/edgar/data/1650372/000165037220000030/team-20200630.htm,deterministic explicit-entity and relation-pattern extraction v2,unique_nasdaq100_match,public_at_sec_acceptance,candidate_review_required
dc7670b1197634b6c75ebaddb0bb036ec4317c51c2bafa80910ae51e9b09f72c,NASDAQ100:LRCX,NASDAQ100:MU,LRCX,MU,customer,"Customers accounting for greater than 10% of total revenues in fiscal year 2020 included Micron Technology, Inc.;",10-K,2020-08-18,2020-08-18T20:30:43.000Z,0000707549-20-000138,lrcx10k2020document.htm,0.97,high,0.95,0.921500,0.008081,2020-08-18T20:30:43.000Z,,1,SEC EDGAR,0000707549-20-000138,https://www.sec.gov/Archives/edgar/data/707549/000070754920000138/lrcx10k2020document.htm,deterministic explicit-entity and relation-pattern extraction v2,unique_nasdaq100_match,public_at_sec_acceptance,accepted
4e28118786a36e1bc223d3da97334b4700e662fbfe41e40ac3001b1f4f343f3f,NASDAQ100:LRCX,NASDAQ100:MU,LRCX,MU,customer,"Customers accounting for greater than 10% of total revenues in fiscal year 2019 included Micron Technology, Inc.;",10-K,2020-08-18,2020-08-18T20:30:43.000Z,0000707549-20-000138,lrcx10k2020document.htm,0.97,high,0.95,0.921500,0.008081,2020-08-18T20:30:43.000Z,,1,SEC EDGAR,0000707549-20-000138,https://www.sec.gov/Archives/edgar/data/707549/000070754920000138/lrcx10k2020document.htm,deterministic explicit-entity and relation-pattern extraction v2,unique_nasdaq100_match,public_at_sec_acceptance,accepted
0f851d068ce2f758e0b2210efd06b541cf7892710988ceb6ce0008710efc61e1,NASDAQ100:ON,NASDAQ100:LRCX,ON,LRCX,supplier,"In addition, our products are well-suited for related markets that rely on semiconductor processes and require production-proven manufacturing capability, such as complementary metal-oxide-semiconductor image sensors (“CIS”) and micro-electromechanical systems (“MEMS”).",10-K,2020-08-18,2020-08-18T20:30:43.000Z,0000707549-20-000138,lrcx10k2020document.htm,0.60,low,0.95,0.570000,0.004998,2020-08-18T20:30:43.000Z,,1,SEC EDGAR,0000707549-20-000138,https://www.sec.gov/Archives/edgar/data/707549/000070754920000138/lrcx10k2020document.htm,deterministic explicit-entity and relation-pattern extraction v2,unique_nasdaq100_match,public_at_sec_acceptance,candidate_review_required
ad404d6078aeaf835cff8e1bd665f27fd7b732888d7e434140f0eab4593cd51f,NASDAQ100:INTU,NASDAQ100:PYPL,INTU,PYPL,customer,"In our merchant services business we help our customers get paid faster and compete directly with large financial institutions such as Wells Fargo, JP Morgan Chase, and Bank of America and with many payment processors, including First Data Corporation, Elavon, Global Payments, Fidelity National Information Services, PayPal, and Square.",10-K,2020-08-31,2020-08-31T20:31:44.000Z,0000896878-20-000148,fy20q410-kdocument.htm,0.60,low,0.95,0.570000,0.005255,2020-08-31T20:31:44.000Z,,1,SEC EDGAR,0000896878-20-000148,https://www.sec.gov/Archives/edgar/data/896878/000089687820000148/fy20q410-kdocument.htm,deterministic explicit-entity and relation-pattern extraction v2,unique_nasdaq100_match,public_at_sec_acceptance,candidate_review_required
a760a3dc830bec2cd839f0c067a1efd6c7c3ee656861aecc5e78822816087178,NASDAQ100:CSCO,NASDAQ100:CMCSA,CSCO,CMCSA,customer,"Chanbond alleges that 13 service provider companies, including among others, Comcast Corporation, Charter Communications, Inc. (“Charter”), Time Warner Cable, Inc. (subsequently acquired by Charter), Cox Communications, Inc. (“Cox”), and Cablevision Systems Corporation, infringe three patents by providing high speed cable internet services to their customers utilizing cable modems and cable modem termination systems, consistent with the DOCSIS 3.0 standard, provided by 91 Table of Contents us and other manufacturers generally used in combination with each other.",10-K,2020-09-03,2020-09-03T21:05:55.000Z,0000858877-20-000010,csco-2020725x10k.htm,0.60,low,0.95,0.570000,0.005316,2020-09-03T21:05:55.000Z,,1,SEC EDGAR,0000858877-20-000010,https://www.sec.gov/Archives/edgar/data/858877/000085887720000010/csco-2020725x10k.htm,deterministic explicit-entity and relation-pattern extraction v2,unique_nasdaq100_match,public_at_sec_acceptance,candidate_review_required
3db564daf5737f1b765512a117842363868c7653d89245b2ab0e9b10e1a44ff4,NASDAQ100:CSCO,NASDAQ100:MTCH,CSCO,MTCH,customer,"The COVID-19 pandemic may also result in long-term changes in customer needs for our products and services in various sectors, along with IT- 11 Table of Contents related capital spending reductions, or shifts in spending focus, that could materially adversely affect us if we are unable to adjust our product and service offerings to match customer needs.",10-K,2020-09-03,2020-09-03T21:05:55.000Z,0000858877-20-000010,csco-2020725x10k.htm,0.60,low,0.95,0.570000,0.005316,2020-09-03T21:05:55.000Z,,1,SEC EDGAR,0000858877-20-000010,https://www.sec.gov/Archives/edgar/data/858877/000085887720000010/csco-2020725x10k.htm,deterministic explicit-entity and relation-pattern extraction v2,unique_nasdaq100_match,public_at_sec_acceptance,candidate_review_required
55d4692fb3f84d0cd6ec0c693a3bded75ce9170d4cfdf6a9ee73235d7029d170,NASDAQ100:CSCO,NASDAQ100:MTCH,CSCO,MTCH,customer,"The COVID-19 pandemic may also result in long-term changes in customer needs for our products and services in various sectors, along with IT-related capital spending reductions, or shifts in spending focus, that could materially adversely affect us if we are unable to adjust our product and service offerings to match customer needs.",10-K,2020-09-03,2020-09-03T21:05:55.000Z,0000858877-20-000010,csco-2020725x10k.htm,0.60,low,0.95,0.570000,0.005316,2020-09-03T21:05:55.000Z,,1,SEC EDGAR,0000858877-20-000010,https://www.sec.gov/Archives/edgar/data/858877/000085887720000010/csco-2020725x10k.htm,deterministic explicit-entity and relation-pattern extraction v2,unique_nasdaq100_match,public_at_sec_acceptance,candidate_review_required
a230a2cc0003eb010b9fa99f800f6a5aaf6a85b646511b30afdace4fc4000f01,NASDAQ100:WBA,NASDAQ100:MSFT,WBA,MSFT,strategic_partner,"We rely on strategic partners and other service providers to help us with certain significant information technology projects and services, including Tata Consultancy Services, to whom the Company is currently transitioning its IT Run and Operational managed services, and Microsoft, who is the Company’s strategic cloud provider and with whom the Company has a strategic partnership to develop new health care delivery models, technology and retail innovations to advance and improve the future of health care.",10-K,2020-10-15,2020-10-15T16:15:39.000Z,0001618921-20-000082,wba-20200831.htm,0.60,low,0.95,0.570000,0.006249,2020-10-15T16:15:39.000Z,,0,SEC EDGAR,0001618921-20-000082,https://www.sec.gov/Archives/edgar/data/1618921/000161892120000082/wba-20200831.htm,deterministic explicit-entity and relation-pattern extraction v2,unique_nasdaq100_match,public_at_sec_acceptance,candidate_review_required
0c92070362adc3b15daf67f13e47b4435c086df9bea5c06d919cf113bea6d177,NASDAQ100:AAPL,NASDAQ100:QCOM,AAPL,QCOM,supplier,"Revenues in fiscal 2018 were negatively impacted by our prior dispute with Apple and its contract manufacturers.We rely on sole- or limited-source suppliers for some products, particularly products in the QCT segment, subjecting us to possible shortages of raw materials or manufacturing capacity.",10-K,2020-11-04,2020-11-04T22:19:44.000Z,0001728949-20-000067,qcom-20200927.htm,0.60,low,0.95,0.570000,0.006750,2020-11-04T22:19:44.000Z,,1,SEC EDGAR,0001728949-20-000067,https://www.sec.gov/Archives/edgar/data/804328/000172894920000067/qcom-20200927.htm,deterministic explicit-entity and relation-pattern extraction v2,unique_nasdaq100_match,public_at_sec_acceptance,candidate_review_required
2cd78eea7cbc31643e41b0158443c7444b636dbdab86b1a3090b154cb61048bf,NASDAQ100:QCOM,NASDAQ100:AAPL,QCOM,AAPL,customer,"Further, to the extent Apple takes device share from our customers who purchase our integrated modem and application processor products, our revenues and margins may be negatively impacted.Our industry has also experienced, and we expect it will continue to experience, slowing growth in the premium-tier device segment due to, among other factors, lengthening replacement cycles in developed regions, where premium-tier smartphones are common; increasing consumer demand in emerging regions where premium-tier smartphones are less common and replacement cycles are on average longer than in developed regions and are continuing to lengthen; and a maturing premium-tier smartphone industry in which demand is increasingly driven by new product launches and innovation cycles.A reduction in sales of premium-tier devices, a reduction in sales of our premium-tier integrated circuit products (which have a higher revenue and margin contribution than our lower-tier integrated circuit products), or a shift in share away from OEMs that utilize our premium-tier products, would reduce our revenues and margins and may harm our ability to achieve or sustain expected financial results.",10-K,2020-11-04,2020-11-04T22:19:44.000Z,0001728949-20-000067,qcom-20200927.htm,0.60,low,0.95,0.570000,0.006750,2020-11-04T22:19:44.000Z,,1,SEC EDGAR,0001728949-20-000067,https://www.sec.gov/Archives/edgar/data/804328/000172894920000067/qcom-20200927.htm,deterministic explicit-entity and relation-pattern extraction v2,unique_nasdaq100_match,public_at_sec_acceptance,candidate_review_required
3c890fe526e820b2b011b8fb75a13080e9e423d5a1d767faf5f7dd519afc9e71,NASDAQ100:QCOM,NASDAQ100:AAPL,QCOM,AAPL,customer,"2019The increase in QCT equipment and services revenues was primarily due to:+ $1.6 billion in higher revenues per MSM and accompanying RF, PM and wireless connectivity chipset shipments, primarily driven by a favorable mix due to an increase in demand for 5G products+ $864 million in higher RFFE product revenues, primarily driven by an increase in demand for 5G products- $764 million in lower MSM and accompanying chipset shipments, primarily driven by a decrease in demand due to COVID-19, lower legacy MDM sales to Apple and lower sales to Huawei, partially offset by an increase in shipments to Apple under the multi-year chipset supply agreement and an increase in demand for IoT productsQCT EBT as a percentage of revenues increased in fiscal 2020 primarily due to:+ higher revenues and gross margin, primarily driven by a favorable shift in product mix due to an increase in demand for 5G products- higher operating expenses, primarily driven by higher research and development costsQCT accounts receivable increased by 53% in fiscal 2020 from $908 million to $1.39 billion, primarily driven by an increase in revenues.",10-K,2020-11-04,2020-11-04T22:19:44.000Z,0001728949-20-000067,qcom-20200927.htm,0.97,high,0.95,0.921500,0.010912,2020-11-04T22:19:44.000Z,,1,SEC EDGAR,0001728949-20-000067,https://www.sec.gov/Archives/edgar/data/804328/000172894920000067/qcom-20200927.htm,deterministic explicit-entity and relation-pattern extraction v2,unique_nasdaq100_match,public_at_sec_acceptance,accepted
10e20d8e2b648623deccdfe267f91e8247ec6aad9b9c97894f320696c474c77b,NASDAQ100:QCOM,NASDAQ100:AAPL,QCOM,AAPL,customer,"2018The decrease in QCT equipment and services revenues was primarily due to:- $2.7 billion in lower MSM and accompanying unit shipments, primarily driven by lower modem sales to Apple and a decline in demand from OEMs in China- $515 million in lower connectivity product revenues, primarily driven by a decline in demand for Wi-Fi and Bluetooth products from OEMs in China+ $552 million in higher revenues per MSM and accompanying unit shipment, primarily driven by a favorable shift in mix related to our premium-tier productsQCT EBT as a percentage of revenues decreased in fiscal 2019 primarily due to:- lower QCT revenues43+ decrease in operating expenses, primarily driven by a decrease in the amount of research and development expense allocated to QCT in fiscal 2019 and actions under our Cost PlanQTL Segment (in millions, except percentages)2020201920182020 vs.",10-K,2020-11-04,2020-11-04T22:19:44.000Z,0001728949-20-000067,qcom-20200927.htm,0.92,high,0.95,0.874000,0.010350,2020-11-04T22:19:44.000Z,,1,SEC EDGAR,0001728949-20-000067,https://www.sec.gov/Archives/edgar/data/804328/000172894920000067/qcom-20200927.htm,deterministic explicit-entity and relation-pattern extraction v2,unique_nasdaq100_match,public_at_sec_acceptance,accepted
45bca72947eb57f97b5b8e3365b528af376a957b149732181f5e31f0e5b0119a,NASDAQ100:QCOM,NASDAQ100:AAPL,QCOM,AAPL,supplier,"Commitments and Contingencies” and “Risk Factors” in 45this Annual Report, including the Risk Factor entitled “Changes in our patent licensing practices, whether due to governmental investigations or private legal proceedings challenging those practices, or otherwise, could adversely impact our business and results of operations.”•We have not been the sole supplier of modems for iPhone products beginning with products that launched in September 2016, and Apple is not utilizing our modems for iPhone products that launched in September 2019.",10-K,2020-11-04,2020-11-04T22:19:44.000Z,0001728949-20-000067,qcom-20200927.htm,0.60,low,0.95,0.570000,0.006750,2020-11-04T22:19:44.000Z,,1,SEC EDGAR,0001728949-20-000067,https://www.sec.gov/Archives/edgar/data/804328/000172894920000067/qcom-20200927.htm,deterministic explicit-entity and relation-pattern extraction v2,unique_nasdaq100_match,public_at_sec_acceptance,candidate_review_required
80d6b255b61af1ab9cf3dec0dea166cb6e45c05e195824263c4e517ad48b41cd,NASDAQ100:QCOM,NASDAQ100:AAPL,QCOM,AAPL,supplier,"On January 24, 2018, the EC issued a decision finding that pursuant to an agreement with Apple Inc. we paid significant amounts to Apple on the condition that it F-29QUALCOMM IncorporatedNOTES TO CONSOLIDATED FINANCIAL STATEMENTSexclusively use our baseband chipsets in its smartphones and tablets, reducing Apple’s incentives to source baseband chipsets from our competitors and harming competition and innovation for certain baseband chipsets, and imposed a fine of 997 million euros.",10-K,2020-11-04,2020-11-04T22:19:44.000Z,0001728949-20-000067,qcom-20200927.htm,0.60,low,0.95,0.570000,0.006750,2020-11-04T22:19:44.000Z,,1,SEC EDGAR,0001728949-20-000067,https://www.sec.gov/Archives/edgar/data/804328/000172894920000067/qcom-20200927.htm,deterministic explicit-entity and relation-pattern extraction v2,unique_nasdaq100_match,public_at_sec_acceptance,candidate_review_required
102babe54bd497908b642c6fb463c5686bca0f8e68375f3420b1b1969da0ad04,NASDAQ100:QCOM,NASDAQ100:AVGO,QCOM,AVGO,supplier,"The automotive industry is subject to long design-in time frames, long product life cycles and a high degree of regulatory and safety requirements, necessitating suppliers to the industry to comply with stringent qualification processes, very low defect rates and high reliability standards, all of which results in a significant barrier to entry and may result in increased costs.11QCT’s current competitors include, but are not limited to, companies such as Broadcom, HiSilicon, MediaTek, Nvidia, NXP Semiconductors, Qorvo, Samsung, Skyworks, Texas Instruments and UNISOC (formally known as Spreadtrum Communications).",10-K,2020-11-04,2020-11-04T22:19:44.000Z,0001728949-20-000067,qcom-20200927.htm,0.60,low,0.95,0.570000,0.006750,2020-11-04T22:19:44.000Z,,1,SEC EDGAR,0001728949-20-000067,https://www.sec.gov/Archives/edgar/data/804328/000172894920000067/qcom-20200927.htm,deterministic explicit-entity and relation-pattern extraction v2,unique_nasdaq100_match,public_at_sec_acceptance,candidate_review_required
4f90c77b4589fcafea8b2c020cc566301e47efb49d553781492061462361bee5,NASDAQ100:QCOM,NASDAQ100:NVDA,QCOM,NVDA,supplier,"The automotive industry is subject to long design-in time frames, long product life cycles and a high degree of regulatory and safety requirements, necessitating suppliers to the industry to comply with stringent qualification processes, very low defect rates and high reliability standards, all of which results in a significant barrier to entry and may result in increased costs.11QCT’s current competitors include, but are not limited to, companies such as Broadcom, HiSilicon, MediaTek, Nvidia, NXP Semiconductors, Qorvo, Samsung, Skyworks, Texas Instruments and UNISOC (formally known as Spreadtrum Communications).",10-K,2020-11-04,2020-11-04T22:19:44.000Z,0001728949-20-000067,qcom-20200927.htm,0.60,low,0.95,0.570000,0.006750,2020-11-04T22:19:44.000Z,,1,SEC EDGAR,0001728949-20-000067,https://www.sec.gov/Archives/edgar/data/804328/000172894920000067/qcom-20200927.htm,deterministic explicit-entity and relation-pattern extraction v2,unique_nasdaq100_match,public_at_sec_acceptance,candidate_review_required
7986be3dad1cf477bafef788b13472e1dd5bfd1e69c6ebfaf02098c8c4d4b333,NASDAQ100:QCOM,NASDAQ100:NXPI,QCOM,NXPI,supplier,"The automotive industry is subject to long design-in time frames, long product life cycles and a high degree of regulatory and safety requirements, necessitating suppliers to the industry to comply with stringent qualification processes, very low defect rates and high reliability standards, all of which results in a significant barrier to entry and may result in increased costs.11QCT’s current competitors include, but are not limited to, companies such as Broadcom, HiSilicon, MediaTek, Nvidia, NXP Semiconductors, Qorvo, Samsung, Skyworks, Texas Instruments and UNISOC (formally known as Spreadtrum Communications).",10-K,2020-11-04,2020-11-04T22:19:44.000Z,0001728949-20-000067,qcom-20200927.htm,0.60,low,0.95,0.570000,0.006750,2020-11-04T22:19:44.000Z,,1,SEC EDGAR,0001728949-20-000067,https://www.sec.gov/Archives/edgar/data/804328/000172894920000067/qcom-20200927.htm,deterministic explicit-entity and relation-pattern extraction v2,unique_nasdaq100_match,public_at_sec_acceptance,candidate_review_required
5ea3e9e981a50afd3a862166f65766f6efb175e280d2fdc2f5975bb0089e89cc,NASDAQ100:QCOM,NASDAQ100:NXPI,QCOM,NXPI,supplier,"Operating income in fiscal 2018 was further impacted by a $2.0 billion charge related to a fee in connection with the termination of a purchase agreement to acquire NXP Semiconductors N.V., a $1.2 billion charge related to a fine imposed by the EC and $629 million in charges related to our Cost Plan, partially offset by a $676 million benefit resulting from a settlement with the Taiwan Fair Trade Commission (TFTC).",10-K,2020-11-04,2020-11-04T22:19:44.000Z,0001728949-20-000067,qcom-20200927.htm,0.60,low,0.95,0.570000,0.006750,2020-11-04T22:19:44.000Z,,1,SEC EDGAR,0001728949-20-000067,https://www.sec.gov/Archives/edgar/data/804328/000172894920000067/qcom-20200927.htm,deterministic explicit-entity and relation-pattern extraction v2,unique_nasdaq100_match,public_at_sec_acceptance,candidate_review_required
53f9446bf6650f2009477a7a0a95285b84d12bed70044a76da2a3cd3e3fee71d,NASDAQ100:QCOM,NASDAQ100:NXPI,QCOM,NXPI,supplier,"Other expenses in fiscal 2018 consisted of a $2.0 billion charge related to a fee paid in connection with the termination of our purchase agreement to acquire NXP Semiconductors N.V., a $1.2 billion charge for the fine imposed by the EC related to an investigation (2018 EC fine) (Note 7) and $629 million in restructuring and restructuring-related charges related to our Cost Plan, partially offset by a $676 million benefit related to the settlement of the Taiwan Fair Trade Commission (TFTC) investigation.",10-K,2020-11-04,2020-11-04T22:19:44.000Z,0001728949-20-000067,qcom-20200927.htm,0.60,low,0.95,0.570000,0.006750,2020-11-04T22:19:44.000Z,,1,SEC EDGAR,0001728949-20-000067,https://www.sec.gov/Archives/edgar/data/804328/000172894920000067/qcom-20200927.htm,deterministic explicit-entity and relation-pattern extraction v2,unique_nasdaq100_match,public_at_sec_acceptance,candidate_review_required
9e32d02cd10b9447f7d43f52a3be3df66f7f6208a0365a61a502cea305823849,NASDAQ100:QCOM,NASDAQ100:TXN,QCOM,TXN,supplier,"The automotive industry is subject to long design-in time frames, long product life cycles and a high degree of regulatory and safety requirements, necessitating suppliers to the industry to comply with stringent qualification processes, very low defect rates and high reliability standards, all of which results in a significant barrier to entry and may result in increased costs.11QCT’s current competitors include, but are not limited to, companies such as Broadcom, HiSilicon, MediaTek, Nvidia, NXP Semiconductors, Qorvo, Samsung, Skyworks, Texas Instruments and UNISOC (formally known as Spreadtrum Communications).",10-K,2020-11-04,2020-11-04T22:19:44.000Z,0001728949-20-000067,qcom-20200927.htm,0.60,low,0.95,0.570000,0.006750,2020-11-04T22:19:44.000Z,,1,SEC EDGAR,0001728949-20-000067,https://www.sec.gov/Archives/edgar/data/804328/000172894920000067/qcom-20200927.htm,deterministic explicit-entity and relation-pattern extraction v2,unique_nasdaq100_match,public_at_sec_acceptance,candidate_review_required
bb7f1a4d71fe65a9be9517b06eae737d5bc6439a1f4dea4c21a81ffe96796b76,NASDAQ100:SBUX,NASDAQ100:PEP,SBUX,PEP,strategic_partner,"A large portion of our Channel Development business operates under a licensed model of the Global Coffee Alliance with Nestlé, while our global ready-to-drink businesses operate under collaborative relationships with PepsiCo, Inc., Anheuser-Busch Companies, LLC, Tingyi-Ashi Beverages Holding Co., Ltd., Arla Foods amba and others.Revenue ComponentsWe generate the majority of our revenues through company-operated stores and licensed stores.",10-K,2020-11-12,2020-11-12T21:59:07.000Z,0000829224-20-000078,sbux-20200927.htm,0.82,medium,0.95,0.779000,0.009513,2020-11-12T21:59:07.000Z,,0,SEC EDGAR,0000829224-20-000078,https://www.sec.gov/Archives/edgar/data/829224/000082922420000078/sbux-20200927.htm,deterministic explicit-entity and relation-pattern extraction v2,unique_nasdaq100_match,public_at_sec_acceptance,accepted
9c3c4357a5dc174d42666202651ce03eb0877f4deb410d6c6083e0780fc734a4,NASDAQ100:SWKS,NASDAQ100:AAPL,SWKS,AAPL,customer,"The Company’s highly innovative analog semiconductors are connecting people, places, and things, spanning a number of new and previously unimagined applications within the aerospace, automotive, broadband, cellular infrastructure, connected home, entertainment and gaming, industrial, medical, military, smartphone, tablet, and wearable markets.Our key customers include Amazon, Apple, Arris, Bose, Cisco, DJI, Ericsson, Foxconn, Garmin, Gemalto (a Thales company), General Electric, Fibocom, Google, Honeywell, Huawei, Itron, Lenovo, LG Electronics, Microsoft, Motorola, Netgear, Northrop Grumman, OPPO, Rockwell Collins, Samsung, Sierra Wireless, Sonos, Technicolor, VIVO, Xiaomi, and ZTE.",10-K,2020-11-17,2020-11-17T01:05:07.000Z,0000004127-20-000058,swks-20201002.htm,0.60,low,0.95,0.570000,0.007096,2020-11-17T01:05:07.000Z,,1,SEC EDGAR,0000004127-20-000058,https://www.sec.gov/Archives/edgar/data/4127/000000412720000058/swks-20201002.htm,deterministic explicit-entity and relation-pattern extraction v2,unique_nasdaq100_match,public_at_sec_acceptance,candidate_review_required
2ceb3418cb7523574143fe05e6ac9d15598eebfe39417460adac4187994b5799,NASDAQ100:SWKS,NASDAQ100:AAPL,SWKS,AAPL,customer,"In the fiscal years ended October 2, 2020 (“fiscal 2020”), September 27, 2019 (“fiscal 2019”), and September 28, 2018 (“fiscal 2018”), Apple Inc. (“Apple”), through sales to multiple distributors, contract manufacturers and direct sales for multiple applications including smartphones, tablets, desktop and notebook computers, watches, and other devices, constituted more than ten percent of our net revenue.",10-K,2020-11-17,2020-11-17T01:05:07.000Z,0000004127-20-000058,swks-20201002.htm,0.60,low,0.95,0.570000,0.007096,2020-11-17T01:05:07.000Z,,1,SEC EDGAR,0000004127-20-000058,https://www.sec.gov/Archives/edgar/data/4127/000000412720000058/swks-20201002.htm,deterministic explicit-entity and relation-pattern extraction v2,unique_nasdaq100_match,public_at_sec_acceptance,candidate_review_required
f341cb9ae66fa2cd942a8203a79c58a5948fa507b1810d43180495d15a876b43,NASDAQ100:SWKS,NASDAQ100:AAPL,SWKS,AAPL,customer,"Our key customers include Amazon, Apple, Arris, Bose, Cisco, DJI, Ericsson, Foxconn, Garmin, Gemalto (a Thales company), General Electric, Fibocom, Google, Honeywell, Huawei, Itron, Lenovo, LG Electronics, Microsoft, Motorola, Netgear, Northrop Grumman, OPPO, Rockwell Collins, Samsung, Sierra Wireless, Sonos, Technicolor, VIVO, Xiaomi, and ZTE.Impact of COVID-19The COVID-19 pandemic and the resulting economic downturn are affecting business conditions in our industry.",10-K,2020-11-17,2020-11-17T01:05:07.000Z,0000004127-20-000058,swks-20201002.htm,0.60,low,0.95,0.570000,0.007096,2020-11-17T01:05:07.000Z,,1,SEC EDGAR,0000004127-20-000058,https://www.sec.gov/Archives/edgar/data/4127/000000412720000058/swks-20201002.htm,deterministic explicit-entity and relation-pattern extraction v2,unique_nasdaq100_match,public_at_sec_acceptance,candidate_review_required
09e93b7fe5ea0e5e64e53b7b8b78a41024f9edcf87e0ccd6c34d3abbb0c03265,NASDAQ100:SWKS,NASDAQ100:AAPL,SWKS,AAPL,customer,"In fiscal 2020, 2019, and 2018, Apple, through sales to multiple distributors, contract manufacturers and direct sales for multiple applications including smartphones, tablets, desktop, and notebook computers, watches and other devices, in the aggregate accounted for 56%, 51%, and 47% of the Company’s net revenue, respectively.",10-K,2020-11-17,2020-11-17T01:05:07.000Z,0000004127-20-000058,swks-20201002.htm,0.60,low,0.95,0.570000,0.007096,2020-11-17T01:05:07.000Z,,1,SEC EDGAR,0000004127-20-000058,https://www.sec.gov/Archives/edgar/data/4127/000000412720000058/swks-20201002.htm,deterministic explicit-entity and relation-pattern extraction v2,unique_nasdaq100_match,public_at_sec_acceptance,candidate_review_required
38cd9932549474a4e6147f83c93f8cbdb2e64dee2852672ac38dd01a6b73265e,NASDAQ100:SWKS,NASDAQ100:MSFT,SWKS,MSFT,customer,"The Company’s highly innovative analog semiconductors are connecting people, places, and things, spanning a number of new and previously unimagined applications within the aerospace, automotive, broadband, cellular infrastructure, connected home, entertainment and gaming, industrial, medical, military, smartphone, tablet, and wearable markets.Our key customers include Amazon, Apple, Arris, Bose, Cisco, DJI, Ericsson, Foxconn, Garmin, Gemalto (a Thales company), General Electric, Fibocom, Google, Honeywell, Huawei, Itron, Lenovo, LG Electronics, Microsoft, Motorola, Netgear, Northrop Grumman, OPPO, Rockwell Collins, Samsung, Sierra Wireless, Sonos, Technicolor, VIVO, Xiaomi, and ZTE.",10-K,2020-11-17,2020-11-17T01:05:07.000Z,0000004127-20-000058,swks-20201002.htm,0.60,low,0.95,0.570000,0.007096,2020-11-17T01:05:07.000Z,,1,SEC EDGAR,0000004127-20-000058,https://www.sec.gov/Archives/edgar/data/4127/000000412720000058/swks-20201002.htm,deterministic explicit-entity and relation-pattern extraction v2,unique_nasdaq100_match,public_at_sec_acceptance,candidate_review_required
e0cd237296548fa7b2d30b5d1ec2ce5ff03c92a589d5e81a2418b7b1a351fe08,NASDAQ100:SWKS,NASDAQ100:MSFT,SWKS,MSFT,customer,"Our key customers include Amazon, Apple, Arris, Bose, Cisco, DJI, Ericsson, Foxconn, Garmin, Gemalto (a Thales company), General Electric, Fibocom, Google, Honeywell, Huawei, Itron, Lenovo, LG Electronics, Microsoft, Motorola, Netgear, Northrop Grumman, OPPO, Rockwell Collins, Samsung, Sierra Wireless, Sonos, Technicolor, VIVO, Xiaomi, and ZTE.Impact of COVID-19The COVID-19 pandemic and the resulting economic downturn are affecting business conditions in our industry.",10-K,2020-11-17,2020-11-17T01:05:07.000Z,0000004127-20-000058,swks-20201002.htm,0.60,low,0.95,0.570000,0.007096,2020-11-17T01:05:07.000Z,,1,SEC EDGAR,0000004127-20-000058,https://www.sec.gov/Archives/edgar/data/4127/000000412720000058/swks-20201002.htm,deterministic explicit-entity and relation-pattern extraction v2,unique_nasdaq100_match,public_at_sec_acceptance,candidate_review_required
a75df02b2dd4294557220832a9503762dc728b2e7b356c0edc1b821bd4402695,NASDAQ100:AMAT,NASDAQ100:ON,AMAT,ON,customer,"In fiscal 2020, three customers each accounted for more than 10 percent of this segment’s total net sales.Net sales increased slightly in fiscal 2019 compared to the prior year primarily due to higher customer spending for comprehensive service agreements and legacy systems, partially offset by lower customer spending on semiconductor spares.",10-K,2020-12-11,2020-12-11T20:52:08.000Z,0000006951-20-000048,amat-20201025.htm,0.60,low,0.95,0.570000,0.007783,2020-12-11T20:52:08.000Z,,1,SEC EDGAR,0000006951-20-000048,https://www.sec.gov/Archives/edgar/data/6951/000000695120000048/amat-20201025.htm,deterministic explicit-entity and relation-pattern extraction v2,unique_nasdaq100_match,public_at_sec_acceptance,candidate_review_required
1e830e1329796dfef1e142e4670d2284ce4f5ac8769446d3fe92afd806a48465,NASDAQ100:CDNS,NASDAQ100:SNPS,CDNS,SNPS,supplier,"In our Semiconductor & System Design segment, we compete against EDA vendors that offer a variety of products and services, such as Cadence Design Systems, Inc. and Mentor Graphics Corporation (now part of Siemens AG).",10-K,2020-12-15,2020-12-15T01:00:04.000Z,0000883241-20-000015,snps10312010-k.htm,0.96,high,0.95,0.912000,0.012647,2020-12-15T01:00:04.000Z,,1,SEC EDGAR,0000883241-20-000015,https://www.sec.gov/Archives/edgar/data/883241/000088324120000015/snps10312010-k.htm,deterministic explicit-entity and relation-pattern extraction v2,unique_nasdaq100_match,public_at_sec_acceptance,accepted
92eee37bd8639b64785d2a0c4701eee79a1c1611e685d1d21255965e8584e634,NASDAQ100:SNPS,NASDAQ100:CDNS,SNPS,CDNS,supplier,"Our competitors include EDA vendors that offer varying ranges of products and services, such as Cadence Design Systems, Inc. and Mentor Graphics Corporation (now part of Siemens AG).",10-K,2020-12-15,2020-12-15T01:00:04.000Z,0000883241-20-000015,snps10312010-k.htm,0.60,low,0.95,0.570000,0.007904,2020-12-15T01:00:04.000Z,,1,SEC EDGAR,0000883241-20-000015,https://www.sec.gov/Archives/edgar/data/883241/000088324120000015/snps10312010-k.htm,deterministic explicit-entity and relation-pattern extraction v2,unique_nasdaq100_match,public_at_sec_acceptance,candidate_review_required
e9583385d1e40363bfeda486ada1298d8a856013842b55a4279d62c63f54c228,NASDAQ100:SNPS,NASDAQ100:CDNS,SNPS,CDNS,customer,"Within our Semiconductor & System Design segment, Synopsys also competes against numerous other IP providers, including Cadence Design Systems, Inc., and our customers' internally developed IP.",10-K,2020-12-15,2020-12-15T01:00:04.000Z,0000883241-20-000015,snps10312010-k.htm,0.60,low,0.95,0.570000,0.007904,2020-12-15T01:00:04.000Z,,1,SEC EDGAR,0000883241-20-000015,https://www.sec.gov/Archives/edgar/data/883241/000088324120000015/snps10312010-k.htm,deterministic explicit-entity and relation-pattern extraction v2,unique_nasdaq100_match,public_at_sec_acceptance,candidate_review_required
a6b1a5f7846f04e9bc8c46796693f91803cd666bc4d5225b41ff4b64790d7d9f,NASDAQ100:AVGO,NASDAQ100:AAPL,AVGO,AAPL,customer,"We believe aggregate sales to Apple Inc., through all channels, accounted for approximately 15% and 20% of our net revenue for fiscal years 2020 and 2019, respectively.",10-K,2020-12-18,2020-12-18T22:07:10.000Z,0001730168-20-000226,avgo-20201101.htm,0.97,high,0.95,0.921500,0.012927,2020-12-18T22:07:10.000Z,,1,SEC EDGAR,0001730168-20-000226,https://www.sec.gov/Archives/edgar/data/1730168/000173016820000226/avgo-20201101.htm,deterministic explicit-entity and relation-pattern extraction v2,unique_nasdaq100_match,public_at_sec_acceptance,accepted
fda955761e1fb1d8320c52c8ecab2035fb241cd49543aa49bc0355850cc85483,NASDAQ100:AVGO,NASDAQ100:AAPL,AVGO,AAPL,customer,"We believe aggregate sales, through all channels, to Apple and our top five end customers, accounted for approximately 15% and more than 30% of our net revenue for fiscal year 2020, respectively.",10-K,2020-12-18,2020-12-18T22:07:10.000Z,0001730168-20-000226,avgo-20201101.htm,0.97,high,0.95,0.921500,0.012927,2020-12-18T22:07:10.000Z,,1,SEC EDGAR,0001730168-20-000226,https://www.sec.gov/Archives/edgar/data/1730168/000173016820000226/avgo-20201101.htm,deterministic explicit-entity and relation-pattern extraction v2,unique_nasdaq100_match,public_at_sec_acceptance,accepted
99b416d62ecc222a1b2c928e5a693fc9c670a60b406d8e268ebb7290679e8ad8,NASDAQ100:MELI,NASDAQ100:PYPL,MELI,PYPL,supplier,"PayPal purchased 1,719,790 shares of Common Stock at a price of $ 436.10 per share.",10-K/A,2020-12-23,2020-12-23T21:34:50.000Z,0001562762-20-000435,meli-20191231x10ka.htm,0.60,low,0.95,0.570000,0.008151,2020-12-23T21:34:50.000Z,,1,SEC EDGAR,0001562762-20-000435,https://www.sec.gov/Archives/edgar/data/1099590/000156276220000435/meli-20191231x10ka.htm,deterministic explicit-entity and relation-pattern extraction v2,unique_nasdaq100_match,public_at_sec_acceptance,candidate_review_required
58a8874792a94eeb9c967e9204cc1049448391d7bad196b53a0dc69aa9ce4b94,NASDAQ100:MTCH,NASDAQ100:MELI,MTCH,MELI,supplier,The Company’s BPP provides protection to consumers by reimbursing them for the total value of a purchased item and the value of any shipping service paid if it does not arrive or does not match the seller’s description.,10-K/A,2020-12-23,2020-12-23T21:34:50.000Z,0001562762-20-000435,meli-20191231x10ka.htm,0.60,low,0.95,0.570000,0.008151,2020-12-23T21:34:50.000Z,,1,SEC EDGAR,0001562762-20-000435,https://www.sec.gov/Archives/edgar/data/1099590/000156276220000435/meli-20191231x10ka.htm,deterministic explicit-entity and relation-pattern extraction v2,unique_nasdaq100_match,public_at_sec_acceptance,candidate_review_required
ff0fc252b427efe71e68dbdef755c5fb444a3436e390cd6406c6e249af6f7807,NASDAQ100:ADBE,NASDAQ100:AAPL,ADBE,AAPL,customer,"The failure of third parties to provide acceptable products and services or to update their technology, including during the COVID-19 pandemic, may result in a disruption to our business operations and those of our customers, which may reduce our revenues and profits, cause us to lose customers and damage our reputation.We increasingly utilize the distribution platforms of third parties like Apple’s App Store and Google’s Play Store for the distribution of certain of our product offerings.",10-K,2021-01-15,2021-01-15T21:03:42.000Z,0000796343-21-000004,adbe-20201127.htm,0.60,low,0.95,0.570000,0.008906,2021-01-15T21:03:42.000Z,,1,SEC EDGAR,0000796343-21-000004,https://www.sec.gov/Archives/edgar/data/796343/000079634321000004/adbe-20201127.htm,deterministic explicit-entity and relation-pattern extraction v2,unique_nasdaq100_match,public_at_sec_acceptance,candidate_review_required
6d5b5d75e3dd30623c1acbb1f8cde8c6a5d02d5733556950fc83a2d3fb162e8e,NASDAQ100:ADBE,NASDAQ100:ADSK,ADBE,ADSK,supplier,"Adobe’s Substance suite of applications and Adobe Aero face competition from both hardware and software players in these nascent fields and competitors include Autodesk, C4D, Foundry, Quixel and Unity.",10-K,2021-01-15,2021-01-15T21:03:42.000Z,0000796343-21-000004,adbe-20201127.htm,0.60,low,0.95,0.570000,0.008906,2021-01-15T21:03:42.000Z,,1,SEC EDGAR,0000796343-21-000004,https://www.sec.gov/Archives/edgar/data/796343/000079634321000004/adbe-20201127.htm,deterministic explicit-entity and relation-pattern extraction v2,unique_nasdaq100_match,public_at_sec_acceptance,candidate_review_required
806861e13ecbfa4a75c41ccead743ae70cc91f7da50270d0c8a35bcf551e01be,NASDAQ100:ADBE,NASDAQ100:MTCH,ADBE,MTCH,customer,10Table of Contentsthe strategic relationships and integration with third-party applications; the intuitiveness and visual appeal of user interfaces; demonstrable cost-effective benefits to customers; pricing; the flexibility of services to match changing business demands; enterprise-level customer service and training; perceived market leadership; the usability of services; real-time data and reporting; independence from portals and search engines; the ability to deploy the services globally; and success in educating customers in how to utilize services effectively.,10-K,2021-01-15,2021-01-15T21:03:42.000Z,0000796343-21-000004,adbe-20201127.htm,0.60,low,0.95,0.570000,0.008906,2021-01-15T21:03:42.000Z,,1,SEC EDGAR,0000796343-21-000004,https://www.sec.gov/Archives/edgar/data/796343/000079634321000004/adbe-20201127.htm,deterministic explicit-entity and relation-pattern extraction v2,unique_nasdaq100_match,public_at_sec_acceptance,candidate_review_required
eb10e74b9566fccc6431da65b04d1a4e509cca81f7856b405f4a338940a6ef41,NASDAQ100:ADBE,NASDAQ100:TTD,ADBE,TTD,customer,"We believe that our competitive advantages include our technology competency, OEM customer relationships and our intellectual property portfolio.Our Advertising Cloud offerings face competition from other advertising platforms and networks, including Google, Facebook and The Trade Desk.PRINCIPAL PRODUCTS AND SERVICESDigital Media OfferingsCreative CloudAdobe Creative Cloud is a cloud-based subscription offering that enables creative professionals and enthusiasts alike to express themselves with apps and services for video, design, photography and the web that connect across devices, platforms and geographies.",10-K,2021-01-15,2021-01-15T21:03:42.000Z,0000796343-21-000004,adbe-20201127.htm,0.60,low,0.95,0.570000,0.008906,2021-01-15T21:03:42.000Z,,1,SEC EDGAR,0000796343-21-000004,https://www.sec.gov/Archives/edgar/data/796343/000079634321000004/adbe-20201127.htm,deterministic explicit-entity and relation-pattern extraction v2,unique_nasdaq100_match,public_at_sec_acceptance,candidate_review_required
bbfe22e08158af67495e4fdf5da5eb1916a207484c196dbf96ee26d75d22e334,NASDAQ100:MTCH,NASDAQ100:ADBE,MTCH,ADBE,supplier,"Our future success will depend on our ability to enhance and better integrate our existing products, introduce new products on a timely and cost-effective basis, meet changing customer needs, provide best-in-class information security to build customer confidence and combat cyber-attacks, extend our core technology into new applications and anticipate emerging standards, business models, software delivery methods and other technological changes.Digital MediaNo single company has offerings that match the capabilities of our Adobe Creative Cloud products and services, but we face collective competition from a variety of point offerings, free products and downloadable apps.",10-K,2021-01-15,2021-01-15T21:03:42.000Z,0000796343-21-000004,adbe-20201127.htm,0.60,low,0.95,0.570000,0.008906,2021-01-15T21:03:42.000Z,,1,SEC EDGAR,0000796343-21-000004,https://www.sec.gov/Archives/edgar/data/796343/000079634321000004/adbe-20201127.htm,deterministic explicit-entity and relation-pattern extraction v2,unique_nasdaq100_match,public_at_sec_acceptance,candidate_review_required
2751ba49d474c16fa8b39e8302e30ec3759dee086127bd645ead387ee966d6fc,NASDAQ100:INTC,NASDAQ100:AAPL,INTC,AAPL,customer,"We operate in a particularly competitive market with strong competition from AMD; vendors who use applications processors based on ARM architecture, such as Qualcomm Inc. (Qualcomm); and customers who internally develop their own semiconductors, which now include Apple Inc. (Apple).",10-K,2021-01-22,2021-01-22T00:06:04.000Z,0000050863-21-000010,intc-20201226.htm,0.60,low,0.95,0.570000,0.009150,2021-01-22T00:06:04.000Z,,1,SEC EDGAR,0000050863-21-000010,https://www.sec.gov/Archives/edgar/data/50863/000005086321000010/intc-20201226.htm,deterministic explicit-entity and relation-pattern extraction v2,unique_nasdaq100_match,public_at_sec_acceptance,candidate_review_required
c55616660d8312fe10ee2c7c6666cb75d5d91661ac5ec651101fe6c82535ea65,NASDAQ100:INTC,NASDAQ100:AAPL,INTC,AAPL,supplier,"For example, in 2020, Apple introduced PC products utilizing its own internally developed ARM-based semiconductor designs in place of our client CPUs.Most of our competitors rely on third-party foundries, such as Taiwan Semiconductor Manufacturing Company, Ltd. (TSMC) or Samsung Electronics Co., Ltd., and subcontractors for manufacture and assembly and test of their semiconductor components and products.",10-K,2021-01-22,2021-01-22T00:06:04.000Z,0000050863-21-000010,intc-20201226.htm,0.60,low,0.95,0.570000,0.009150,2021-01-22T00:06:04.000Z,,1,SEC EDGAR,0000050863-21-000010,https://www.sec.gov/Archives/edgar/data/50863/000005086321000010/intc-20201226.htm,deterministic explicit-entity and relation-pattern extraction v2,unique_nasdaq100_match,public_at_sec_acceptance,candidate_review_required
3c02bb3709293187c62ab19cca6ab09930f414f7edf02b333afec36d1b0e079b,NASDAQ100:INTC,NASDAQ100:AMD,INTC,AMD,customer,"Except as specifically described below, we have not concluded that settlement of any of the legal proceedings noted in this section is appropriate at this time.European Commission Competition MatterIn 2001, the EC commenced an investigation regarding claims by Advanced Micro Devices, Inc. (AMD) that we used unfair business practices to persuade customers to buy our microprocessors.",10-K,2021-01-22,2021-01-22T00:06:04.000Z,0000050863-21-000010,intc-20201226.htm,0.60,low,0.95,0.570000,0.009150,2021-01-22T00:06:04.000Z,,1,SEC EDGAR,0000050863-21-000010,https://www.sec.gov/Archives/edgar/data/50863/000005086321000010/intc-20201226.htm,deterministic explicit-entity and relation-pattern extraction v2,unique_nasdaq100_match,public_at_sec_acceptance,candidate_review_required
64fd4aef54ef03aa0ff2895445f224f590a723aba42a9d024eb15f561d891a29,NASDAQ100:INTC,NASDAQ100:NVDA,INTC,NVDA,customer,"To the extent our products do not meet our customers' requirements across these factors in an increasingly competitive landscape, our business and results of operation can be harmed.Other Key Information53Table of ContentsWe face intense competition across our product portfolio from companies offering platform products, such as AMD and Qualcomm; accelerator products such as GPUs, including those offered by NVIDIA; other accelerator products such as ASICs, application-specific standard products, and FPGAs; memory and storage products; connectivity and networking products; and other semiconductor products.",10-K,2021-01-22,2021-01-22T00:06:04.000Z,0000050863-21-000010,intc-20201226.htm,0.60,low,0.95,0.570000,0.009150,2021-01-22T00:06:04.000Z,,1,SEC EDGAR,0000050863-21-000010,https://www.sec.gov/Archives/edgar/data/50863/000005086321000010/intc-20201226.htm,deterministic explicit-entity and relation-pattern extraction v2,unique_nasdaq100_match,public_at_sec_acceptance,candidate_review_required
d2421ae8d957482d817ec284ae02ab94372477b505e2d1aa3e20b7201dfadc11,NASDAQ100:MTCH,NASDAQ100:META,MTCH,META,supplier,"For example, as a result of limited visibility into encrypted products, we have fewer data signals from WhatsApp user accounts and primarily rely on phone numbers and device information to match WhatsApp user accounts with accounts on our other products.",10-K,2021-01-28,2021-01-28T02:13:48.000Z,0001326801-21-000014,fb-20201231.htm,0.60,low,0.95,0.570000,0.009363,2021-01-28T02:13:48.000Z,,1,SEC EDGAR,0001326801-21-000014,https://www.sec.gov/Archives/edgar/data/1326801/000132680121000014/fb-20201231.htm,deterministic explicit-entity and relation-pattern extraction v2,unique_nasdaq100_match,public_at_sec_acceptance,candidate_review_required
17a9290421fb9b42cdd60d94709eb46d5b234e5cef9f53e88ea2fe1c5281fc74,NASDAQ100:AAPL,NASDAQ100:CHTR,AAPL,CHTR,supplier,"Other online video business models and products have also developed, some offered by programmers that have not traditionally sold programming directly to consumers, including, (i) subscription video on demand (“SVOD”) services such as Netflix, Apple TV+, Amazon Prime, Hulu Plus, Disney+, HBO Max, Peacock, CBS All Access, Starz and Showtime Anytime, (ii) ad-supported free online video products, including YouTube and Pluto TV, some of which offer programming for free to consumers that we currently purchase for a fee, (iii) pay-per-view products, such as iTunes and Amazon Instant, and (iv) additional offerings from mobile providers which continue to integrate and bundle video services and mobile products.",10-K,2021-01-29,2021-01-29T12:06:30.000Z,0001091667-21-000022,chtr-20201231.htm,0.60,low,0.95,0.570000,0.009400,2021-01-29T12:06:30.000Z,,1,SEC EDGAR,0001091667-21-000022,https://www.sec.gov/Archives/edgar/data/1091667/000109166721000022/chtr-20201231.htm,deterministic explicit-entity and relation-pattern extraction v2,unique_nasdaq100_match,public_at_sec_acceptance,candidate_review_required
bb1c7fa399fe4e2d5767cab9de1fc91e9a1ab713bf061da1df51501577044364,NASDAQ100:AMD,NASDAQ100:MTCH,AMD,MTCH,customer,We work closely with our customers to define solutions to precisely match the requirements of the device or application.,10-K,2021-01-29,2021-01-29T22:24:00.000Z,0001628280-21-001185,amd-20201226.htm,0.60,low,0.95,0.570000,0.009400,2021-01-29T22:24:00.000Z,,1,SEC EDGAR,0001628280-21-001185,https://www.sec.gov/Archives/edgar/data/2488/000162828021001185/amd-20201226.htm,deterministic explicit-entity and relation-pattern extraction v2,unique_nasdaq100_match,public_at_sec_acceptance,candidate_review_required
d6b97683df0003519eb388347fad6ce750e9a8d76a421f86e8168668b882f631,NASDAQ100:CHTR,NASDAQ100:AAPL,CHTR,AAPL,customer,"In addition, we refreshed our device portfolio with new devices including 5G models from Apple, Google and Samsung that include installment plan and trade-in options along with a bring-your-own-device (“BYOD”) program which lowers the costs for our customers switching to Spectrum Mobile from other mobile operators.Commercial Services We offer scalable broadband communications solutions for businesses and carrier organizations of all sizes, selling Internet access, data networking, fiber connectivity to cellular towers and office buildings, video entertainment services and business telephone services.",10-K,2021-01-29,2021-01-29T12:06:30.000Z,0001091667-21-000022,chtr-20201231.htm,0.60,low,0.95,0.570000,0.009400,2021-01-29T12:06:30.000Z,,1,SEC EDGAR,0001091667-21-000022,https://www.sec.gov/Archives/edgar/data/1091667/000109166721000022/chtr-20201231.htm,deterministic explicit-entity and relation-pattern extraction v2,unique_nasdaq100_match,public_at_sec_acceptance,candidate_review_required
b1a754064471fb6069793c82060c6897aa86ec8f530b81346874d669aeb7d38b,NASDAQ100:MSFT,NASDAQ100:AMD,MSFT,AMD,supplier,"The success of our semi-custom SoC products is dependent on securing customers for our semi-custom design pipeline and consumer market conditions, including the success of the Sony PlayStation®4, Sony PlayStation®4 Pro, Microsoft® Xbox One™ S and Microsoft® Xbox One™ X game console systems and next generation consoles for Sony and Microsoft, worldwide.",10-K,2021-01-29,2021-01-29T22:24:00.000Z,0001628280-21-001185,amd-20201226.htm,0.60,low,0.95,0.570000,0.009400,2021-01-29T22:24:00.000Z,,1,SEC EDGAR,0001628280-21-001185,https://www.sec.gov/Archives/edgar/data/2488/000162828021001185/amd-20201226.htm,deterministic explicit-entity and relation-pattern extraction v2,unique_nasdaq100_match,public_at_sec_acceptance,candidate_review_required
2af2ae151846417fec4cb68e28115c5249858c6aedf431349e391a44fde9e221,NASDAQ100:MSFT,NASDAQ100:AMD,MSFT,AMD,supplier,"If the designers, manufacturers, AIBs and suppliers of motherboards, graphics cards, software, memory and other components cease or reduce their design, manufacture or production of current or future products that are based on or support our products, our business could be materially adversely affected.If we lose Microsoft Corporation’s support for our products or other software vendors do not design and develop software to run on our products, our ability to sell our products could be materially adversely affected.Our ability to innovate beyond the x86 instruction set controlled by Intel depends partially on Microsoft designing and developing its operating systems to run on or support our x86-based microprocessor products.",10-K,2021-01-29,2021-01-29T22:24:00.000Z,0001628280-21-001185,amd-20201226.htm,0.60,low,0.95,0.570000,0.009400,2021-01-29T22:24:00.000Z,,1,SEC EDGAR,0001628280-21-001185,https://www.sec.gov/Archives/edgar/data/2488/000162828021001185/amd-20201226.htm,deterministic explicit-entity and relation-pattern extraction v2,unique_nasdaq100_match,public_at_sec_acceptance,candidate_review_required
9061848b0670891c1da080f1ebc6620c0a5d9ffb3202717f639a86de16fc13b9,NASDAQ100:MSFT,NASDAQ100:AMD,MSFT,AMD,supplier,"With respect to our graphics products, we depend in part on Microsoft to design and develop its operating system to run on or support our graphics products.",10-K,2021-01-29,2021-01-29T22:24:00.000Z,0001628280-21-001185,amd-20201226.htm,0.96,high,0.95,0.912000,0.015039,2021-01-29T22:24:00.000Z,,1,SEC EDGAR,0001628280-21-001185,https://www.sec.gov/Archives/edgar/data/2488/000162828021001185/amd-20201226.htm,deterministic explicit-entity and relation-pattern extraction v2,unique_nasdaq100_match,public_at_sec_acceptance,accepted
3fbc755df48ad8a6602385ba1cf5e8bec3294111a9ea14cdf89fd76713b04858,NASDAQ100:MSFT,NASDAQ100:AMD,MSFT,AMD,supplier,"If Microsoft does not continue to design and develop its operating systems so that they work with our x86 instruction sets or does not continue to develop and maintain their operating systems to support our graphics products, independent software providers may forego designing their software applications to take advantage of our innovations and customers may not purchase PCs with our products.",10-K,2021-01-29,2021-01-29T22:24:00.000Z,0001628280-21-001185,amd-20201226.htm,0.60,low,0.95,0.570000,0.009400,2021-01-29T22:24:00.000Z,,1,SEC EDGAR,0001628280-21-001185,https://www.sec.gov/Archives/edgar/data/2488/000162828021001185/amd-20201226.htm,deterministic explicit-entity and relation-pattern extraction v2,unique_nasdaq100_match,public_at_sec_acceptance,candidate_review_required
dcdebe93acb304ad1282a9fa7710c1e13032a7680f62332decfc22bbb0d86783,NASDAQ100:MSFT,NASDAQ100:AMD,MSFT,AMD,supplier,"If Microsoft did not certify a driver, or if we otherwise fail to retain the support of Microsoft or other software vendors, our ability to market our products would be materially adversely affected.Our reliance on third-party distributors and AIB partners subjects us to certain risks.We market and sell our products directly and through third-party distributors and AIB partners pursuant to agreements that can generally be terminated for convenience by either party upon prior notice to the other party.",10-K,2021-01-29,2021-01-29T22:24:00.000Z,0001628280-21-001185,amd-20201226.htm,0.60,low,0.95,0.570000,0.009400,2021-01-29T22:24:00.000Z,,1,SEC EDGAR,0001628280-21-001185,https://www.sec.gov/Archives/edgar/data/2488/000162828021001185/amd-20201226.htm,deterministic explicit-entity and relation-pattern extraction v2,unique_nasdaq100_match,public_at_sec_acceptance,candidate_review_required
a72a78c1ba4ab3bf5391bb211e26fc55fe6f53d21c4faa94692812a43294d72a,NASDAQ100:NFLX,NASDAQ100:CHTR,NFLX,CHTR,supplier,"Other online video business models and products have also developed, some offered by programmers that have not traditionally sold programming directly to consumers, including, (i) subscription video on demand (“SVOD”) services such as Netflix, Apple TV+, Amazon Prime, Hulu Plus, Disney+, HBO Max, Peacock, CBS All Access, Starz and Showtime Anytime, (ii) ad-supported free online video products, including YouTube and Pluto TV, some of which offer programming for free to consumers that we currently purchase for a fee, (iii) pay-per-view products, such as iTunes and Amazon Instant, and (iv) additional offerings from mobile providers which continue to integrate and bundle video services and mobile products.",10-K,2021-01-29,2021-01-29T12:06:30.000Z,0001091667-21-000022,chtr-20201231.htm,0.60,low,0.95,0.570000,0.009400,2021-01-29T12:06:30.000Z,,1,SEC EDGAR,0001091667-21-000022,https://www.sec.gov/Archives/edgar/data/1091667/000109166721000022/chtr-20201231.htm,deterministic explicit-entity and relation-pattern extraction v2,unique_nasdaq100_match,public_at_sec_acceptance,candidate_review_required
f9addf09ce4a6394219e7f4ed45619cb362dfc85f57ad31b9ab4e79d6143bc5f,NASDAQ100:AAPL,NASDAQ100:SIRI,AAPL,SIRI,supplier,"A decline in the effectiveness of our marketing efforts could have an adverse impact on our operations and financial condition.We rely on third parties for the operation of our business, and the failure of third parties to perform could adversely affect our business.Our business depends, in part, on various third parties, including:•manufacturers that build and distribute satellite radios;•companies that manufacture and sell integrated circuits for satellite radios;•third-party software that we incorporate in and include with our apps and service;•programming providers, including agreements with owners of various copyrights in music, and on-air talent;•vendors that operate our call centers;•vendors that have designed or built, and vendors that support or operate, other important elements of our systems, including our satellites and cloud-based systems we use;•Apple, who distributes our apps through its App Store and who, in the case of our Pandora service, we rely on to collect fees and approve the terms of our consumer offers; and•Google, who distributes our apps through its App Store and who, in the case of our Pandora service, we rely on to collect fees and approve the terms of our consumer offers, and who plays an important role in the fulfillment of the ads we sell on our Pandora platform.If one or more of these third parties do not perform in a satisfactory or timely manner, including complying with our standards and practices relating to business integrity, personnel and cybersecurity, our business could be adversely affected.The operation of our apps and service offerings could be impaired if errors occur in the third party software that we use.",10-K,2021-02-02,2021-02-02T13:56:14.000Z,0000908937-21-000015,siri-20201231.htm,0.60,low,0.95,0.570000,0.009545,2021-02-02T13:56:14.000Z,,1,SEC EDGAR,0000908937-21-000015,https://www.sec.gov/Archives/edgar/data/908937/000090893721000015/siri-20201231.htm,deterministic explicit-entity and relation-pattern extraction v2,unique_nasdaq100_match,public_at_sec_acceptance,candidate_review_required
35cb906f61bbd4cecd6847b1f3c7d45277c9448c24c0e4cecd7f00424ace3d61,NASDAQ100:MTCH,NASDAQ100:SIRI,MTCH,SIRI,supplier,"These common device identifiers enable us to match audiences, including with second- and third-party data providers and measurement vendors, and enhance Pandora’s advertising targeting segments with additional data.",10-K,2021-02-02,2021-02-02T13:56:14.000Z,0000908937-21-000015,siri-20201231.htm,0.60,low,0.95,0.570000,0.009545,2021-02-02T13:56:14.000Z,,1,SEC EDGAR,0000908937-21-000015,https://www.sec.gov/Archives/edgar/data/908937/000090893721000015/siri-20201231.htm,deterministic explicit-entity and relation-pattern extraction v2,unique_nasdaq100_match,public_at_sec_acceptance,candidate_review_required
2b8d46cecc1c097d92f63b30ae843152bfb60da880d54c32ca8ca6188e304931,NASDAQ100:AAPL,NASDAQ100:GOOGL,AAPL,GOOGL,supplier,"We face competition from:•Other digital content and application platform providers, such as Amazon and Apple.7Table of ContentsAlphabet Inc.•Companies that design, manufacture, and market consumer hardware products, including businesses that have developed proprietary platforms.•Providers of enterprise cloud services, including Alibaba, Amazon, and Microsoft.•Digital assistant providers, such as Amazon and Apple.Competing successfully depends heavily on our ability to deliver and distribute innovative products and technologies to the marketplace across our businesses.",10-K,2021-02-03,2021-02-03T01:12:25.000Z,0001652044-21-000010,goog-20201231.htm,0.60,low,0.95,0.570000,0.009582,2021-02-03T01:12:25.000Z,,1,SEC EDGAR,0001652044-21-000010,https://www.sec.gov/Archives/edgar/data/1652044/000165204421000010/goog-20201231.htm,deterministic explicit-entity and relation-pattern extraction v2,unique_nasdaq100_match,public_at_sec_acceptance,candidate_review_required
760d5f0e470eae2ca0bb7f107782836166200ff72dcf63529e353e9d6c3a2201,NASDAQ100:BIIB,NASDAQ100:MTCH,BIIB,MTCH,strategic_partner,"We also use a constant maturity risk free-interest rate to match the remaining term of the restrictions on our investment in Sage common stock and a dividend yield of zero based upon the fact that Sage and similar companies generally have not historically granted cash dividends.For additional information on our collaboration agreement with Sage, please read Note 18, Collaborative and Other Relationships, to these consolidated financial statements.F-37Table of ContentsBIOGEN INC.",10-K,2021-02-03,2021-02-03T21:30:07.000Z,0000875045-21-000010,biib-20201231.htm,0.60,low,0.95,0.570000,0.009582,2021-02-03T21:30:07.000Z,,0,SEC EDGAR,0000875045-21-000010,https://www.sec.gov/Archives/edgar/data/875045/000087504521000010/biib-20201231.htm,deterministic explicit-entity and relation-pattern extraction v2,unique_nasdaq100_match,public_at_sec_acceptance,candidate_review_required
5b691d9af99504df153603583536a3484de6b030ff9ad19228b1073f66d9935f,NASDAQ100:BIIB,NASDAQ100:MTCH,BIIB,MTCH,strategic_partner,"We also use a constant maturity risk free-interest rate to match the remaining term of the restrictions on our investment in Denali common stock and a dividend yield of zero based upon the fact that Denali and similar companies generally have not historically granted cash dividends.For additional information on our collaboration agreement with Denali, please read Note 18, Collaborative and Other Relationships, to these consolidated financial statements.Sangamo Therapeutics, Inc.In February 2020 we entered into a collaboration and license agreement with Sangamo.",10-K,2021-02-03,2021-02-03T21:30:07.000Z,0000875045-21-000010,biib-20201231.htm,0.60,low,0.95,0.570000,0.009582,2021-02-03T21:30:07.000Z,,0,SEC EDGAR,0000875045-21-000010,https://www.sec.gov/Archives/edgar/data/875045/000087504521000010/biib-20201231.htm,deterministic explicit-entity and relation-pattern extraction v2,unique_nasdaq100_match,public_at_sec_acceptance,candidate_review_required
32416c82f44dfdc3ea7a8f2ebb4dd499b2a3a1f021bfa37afb054c89c3edce2e,NASDAQ100:BIIB,NASDAQ100:MTCH,BIIB,MTCH,strategic_partner,"We also use a constant maturity risk free-interest rate to match the remaining term of the restrictions on our investment in Sangamo common stock and a dividend yield of zero based upon the fact that Sangamo and similar companies generally have not historically granted cash dividends.For additional information on our collaboration agreement with Sangamo, please read Note 18, Collaborative and Other Relationships, to these consolidated financial statements.Samsung BioepisIn June 2018 we exercised our option under our joint venture agreement with Samsung BioLogics to increase our ownership percentage in Samsung Bioepis from approximately 5.0% to approximately 49.9%.",10-K,2021-02-03,2021-02-03T21:30:07.000Z,0000875045-21-000010,biib-20201231.htm,0.60,low,0.95,0.570000,0.009582,2021-02-03T21:30:07.000Z,,0,SEC EDGAR,0000875045-21-000010,https://www.sec.gov/Archives/edgar/data/875045/000087504521000010/biib-20201231.htm,deterministic explicit-entity and relation-pattern extraction v2,unique_nasdaq100_match,public_at_sec_acceptance,candidate_review_required
14b44bb31035c33212e3e8fe0285ebbd6c1c7e055a8e583c57815d76b47658e4,NASDAQ100:GOOGL,NASDAQ100:AAPL,GOOGL,AAPL,customer,"Our advertisers typically advertise in multiple media, both online and offline.•Other online advertising platforms and networks, including Amazon, AppNexus, Criteo, and Facebook, that compete for advertisers that use Google Ads, our primary auction-based advertising platform.•Providers of digital video services, such as Amazon, Apple, AT&T, Disney, Facebook, Hulu, Netflix and TikTok.In businesses that are further afield from our advertising business, we compete with companies that have longer operating histories and more established relationships with customers and users.",10-K,2021-02-03,2021-02-03T01:12:25.000Z,0001652044-21-000010,goog-20201231.htm,0.60,low,0.95,0.570000,0.009582,2021-02-03T01:12:25.000Z,,1,SEC EDGAR,0001652044-21-000010,https://www.sec.gov/Archives/edgar/data/1652044/000165204421000010/goog-20201231.htm,deterministic explicit-entity and relation-pattern extraction v2,unique_nasdaq100_match,public_at_sec_acceptance,candidate_review_required
49a0bd041d3c199412a961e0d2f4080424c8826c81e8df97a9152bcbcac135f2,NASDAQ100:GOOGL,NASDAQ100:NFLX,GOOGL,NFLX,customer,"Our advertisers typically advertise in multiple media, both online and offline.•Other online advertising platforms and networks, including Amazon, AppNexus, Criteo, and Facebook, that compete for advertisers that use Google Ads, our primary auction-based advertising platform.•Providers of digital video services, such as Amazon, Apple, AT&T, Disney, Facebook, Hulu, Netflix and TikTok.In businesses that are further afield from our advertising business, we compete with companies that have longer operating histories and more established relationships with customers and users.",10-K,2021-02-03,2021-02-03T01:12:25.000Z,0001652044-21-000010,goog-20201231.htm,0.60,low,0.95,0.570000,0.009582,2021-02-03T01:12:25.000Z,,1,SEC EDGAR,0001652044-21-000010,https://www.sec.gov/Archives/edgar/data/1652044/000165204421000010/goog-20201231.htm,deterministic explicit-entity and relation-pattern extraction v2,unique_nasdaq100_match,public_at_sec_acceptance,candidate_review_required
7b77e805214fd8f22b93fb4f77adfa392b94187f7d11eda115f16fbbeaa78989,NASDAQ100:MSFT,NASDAQ100:GOOGL,MSFT,GOOGL,supplier,"We face competition from:•Other digital content and application platform providers, such as Amazon and Apple.7Table of ContentsAlphabet Inc.•Companies that design, manufacture, and market consumer hardware products, including businesses that have developed proprietary platforms.•Providers of enterprise cloud services, including Alibaba, Amazon, and Microsoft.•Digital assistant providers, such as Amazon and Apple.Competing successfully depends heavily on our ability to deliver and distribute innovative products and technologies to the marketplace across our businesses.",10-K,2021-02-03,2021-02-03T01:12:25.000Z,0001652044-21-000010,goog-20201231.htm,0.60,low,0.95,0.570000,0.009582,2021-02-03T01:12:25.000Z,,1,SEC EDGAR,0001652044-21-000010,https://www.sec.gov/Archives/edgar/data/1652044/000165204421000010/goog-20201231.htm,deterministic explicit-entity and relation-pattern extraction v2,unique_nasdaq100_match,public_at_sec_acceptance,candidate_review_required
38a2af78ba7bf68d7f8e7a2acad6691f9806b2e5e04afa725e67c4660341f69c,NASDAQ100:CMCSA,NASDAQ100:MTCH,CMCSA,MTCH,supplier,"We provide competitive financial benefits such as a 401(k) retirement plan in the United States with a company match, have employee stock purchase plans in the United States, United Kingdom, Ireland and several other European countries where most of our full-time and part-time employees can purchase our stock at a discount, and offer a portfolio of services and tools to support our employees’ health and wellbeing.",10-K,2021-02-04,2021-02-03T23:08:14.000Z,0001166691-21-000008,cmcsa-20201231.htm,0.60,low,0.95,0.570000,0.009582,2021-02-03T23:08:14.000Z,,1,SEC EDGAR,0001166691-21-000008,https://www.sec.gov/Archives/edgar/data/1166691/000116669121000008/cmcsa-20201231.htm,deterministic explicit-entity and relation-pattern extraction v2,unique_nasdaq100_match,public_at_sec_acceptance,candidate_review_required
32613673a8de86713eb4c68ae3e43b47fbbd5f5e5cf84ccc2613c21e92f8a187,NASDAQ100:CMCSA,NASDAQ100:NFLX,CMCSA,NFLX,customer,"Through the Sky Q platform, customers have integrated search functionality, including the use of a voice-activated remote control; personalized recommendations; and access to and the integration of content from DTC streaming services such as Amazon Prime Video, Discovery+, Disney+, Netflix and YouTube, and a variety of other internet-based apps providing content and music.",10-K,2021-02-04,2021-02-03T23:08:14.000Z,0001166691-21-000008,cmcsa-20201231.htm,0.60,low,0.95,0.570000,0.009582,2021-02-03T23:08:14.000Z,,1,SEC EDGAR,0001166691-21-000008,https://www.sec.gov/Archives/edgar/data/1166691/000116669121000008/cmcsa-20201231.htm,deterministic explicit-entity and relation-pattern extraction v2,unique_nasdaq100_match,public_at_sec_acceptance,candidate_review_required
0bba3899748e75c6ffaea58a9c7517b4e027d806da204db9b915e6c112f4533d,NASDAQ100:EBAY,NASDAQ100:BIDU,EBAY,BIDU,customer,"In addition, sellers are increasingly utilizing multiple sales channels, including the acquisition of new customers by paying for search-related advertisements on horizontal search engine sites, such as Google, Naver and Baidu.",10-K,2021-02-04,2021-02-04T21:15:53.000Z,0001065088-21-000006,ebay-20201231.htm,0.60,low,0.95,0.570000,0.009619,2021-02-04T21:15:53.000Z,,1,SEC EDGAR,0001065088-21-000006,https://www.sec.gov/Archives/edgar/data/1065088/000106508821000006/ebay-20201231.htm,deterministic explicit-entity and relation-pattern extraction v2,unique_nasdaq100_match,public_at_sec_acceptance,candidate_review_required
aac9b98df14bf5324a9bb0fa72514e995d4e7c71dd04fb12afc2b1b00a147201,NASDAQ100:MTCH,NASDAQ100:EBAY,MTCH,EBAY,supplier,"In order to further strengthen our buyers’ confidence and trust in our services, we offer “eBay Money Back Guarantee,” which allows buyers to receive their money back if the item they ordered does not arrive, is faulty or damaged, or does not match the listing. eBay Money Back Guarantee covers most items purchased on the eBay platform in the U.S., the U.K., Germany, and Australia, through a qualifying payment method. eBay also provides buyers with a “Best Price Guarantee,” which offers buyers in the U.S.",10-K,2021-02-04,2021-02-04T21:15:53.000Z,0001065088-21-000006,ebay-20201231.htm,0.60,low,0.95,0.570000,0.009619,2021-02-04T21:15:53.000Z,,1,SEC EDGAR,0001065088-21-000006,https://www.sec.gov/Archives/edgar/data/1065088/000106508821000006/ebay-20201231.htm,deterministic explicit-entity and relation-pattern extraction v2,unique_nasdaq100_match,public_at_sec_acceptance,candidate_review_required
0bc26fdd1235e51c90d67208bd5bb2a9cc67bbeeae8f2f37e703a71b9223c087,NASDAQ100:PYPL,NASDAQ100:EBAY,PYPL,EBAY,supplier,"Date Filed2.01Separation and Distribution Agreement by and between Registrant and PayPal Holdings, Inc. dated as of June 26, 2015.8-K000-248216/30/20152.02*Stock Purchase Agreement, dated as of November 24, 2019 by and among eBay Inc., eBay International AG, PUG LLC, and solely for the purposes set forth therein, Pugnacious Endeavors, Inc.8-K001-3771311/25/20192.03Transaction Agreement, dated as of July 20, 2020 by and between eBay Inc., and Adevinta ASA.8-K001-377137/22/20202.04Letter Agreement, dated as of October 16, 2020, amending Transaction Agreement, dated as of July 20, 2020, by and between eBay Inc., and Adevinta ASA.X3.01 Registrant’s Amended and Restated Certificate of Incorporation.",10-K,2021-02-04,2021-02-04T21:15:53.000Z,0001065088-21-000006,ebay-20201231.htm,0.60,low,0.95,0.570000,0.009619,2021-02-04T21:15:53.000Z,,1,SEC EDGAR,0001065088-21-000006,https://www.sec.gov/Archives/edgar/data/1065088/000106508821000006/ebay-20201231.htm,deterministic explicit-entity and relation-pattern extraction v2,unique_nasdaq100_match,public_at_sec_acceptance,candidate_review_required
2cd7a09912186e413a158263ed94b72c6c3858d00f9368b10c0ad6621c58b1e6,NASDAQ100:EBAY,NASDAQ100:PYPL,EBAY,PYPL,supplier,"Amended and Restated Employee Stock Purchase Plan8-K5/25/201810.19+Offer Letter dated September 29, 2014 between eBay Inc. and Daniel Schulman10-12B/A5/14/201510.20+Amendment dated December 31, 2014 to Offer Letter between eBay Inc. and Daniel Schulman10-12B/A5/14/201510.21+Letter dated April 7, 2015 from eBay Inc. to Louise Pentland10-K2/11/201610.22+Letter dated April 13, 2015 from eBay Inc. to Jonathan Auerbach10-K2/11/201610.23+Letter Agreement dated July 29, 2015 between John Rainey and PayPal Holdings, Inc.10-Q10/29/201510.24+Letter Agreement, dated April 17, 2016, between Aaron Karczmer and PayPal Holdings, Inc.10-Q4/27/201710.25+Letter Agreement effective February 20, 2019 between Mark Britto and PayPal Holdings, Inc.10-Q4/25/201910.26+Letter Agreement dated December 22, 2018 between Allison Johnson and PayPal Holdings, Inc.10-Q4/25/201910.27+Independent Director Compensation PolicyX117Table of ContentsPayPal Holdings, Inc.Incorporated by ReferenceExhibitNumber Exhibit DescriptionFiled with this Form 10-KFormDate Filed10.29First Amendment, dated as of March 23, 2020, to the Credit Agreement, dated as of September 11, 2019, among PayPal Holdings, Inc., the Designated Borrowers party thereto, the Lenders party thereto and JPMorgan Chase Bank, N.A., J.P.",10-K,2021-02-05,2021-02-05T00:30:14.000Z,0001633917-21-000018,pypl-20201231.htm,0.60,low,0.95,0.570000,0.009656,2021-02-05T00:30:14.000Z,,1,SEC EDGAR,0001633917-21-000018,https://www.sec.gov/Archives/edgar/data/1633917/000163391721000018/pypl-20201231.htm,deterministic explicit-entity and relation-pattern extraction v2,unique_nasdaq100_match,public_at_sec_acceptance,candidate_review_required
bb32300c250f7e7b957f241182c0a1128c84798be6b08b0172353546f2378122,NASDAQ100:MDLZ,NASDAQ100:KDP,MDLZ,KDP,customer,"As we continue to proactively manage our business in response to the evolving impacts of the pandemic, we continue to communicate with and support our employees and customers; monitor and take steps to further safeguard our supply chain, operations, technology and assets; protect our liquidity and financial position; work toward our strategic priorities and monitor our financial performance as we seek to position the Company to withstand the current uncertainty related to this pandemic.KDP and JDE Peet's Equity Method Investment TransactionsOn July 9, 2018, Keurig Green Mountain, Inc. (""Keurig"") closed on its definitive merger agreement with Dr Pepper Snapple Group, Inc., and formed Keurig Dr Pepper Inc. (NYSE: ""KDP""), a publicly traded company.",10-K,2021-02-05,2021-02-05T15:23:42.000Z,0001103982-21-000004,mdlz-20201231.htm,0.60,low,0.95,0.570000,0.009656,2021-02-05T15:23:42.000Z,,1,SEC EDGAR,0001103982-21-000004,https://www.sec.gov/Archives/edgar/data/1103982/000110398221000004/mdlz-20201231.htm,deterministic explicit-entity and relation-pattern extraction v2,unique_nasdaq100_match,public_at_sec_acceptance,candidate_review_required
db8ee488273b40ae2ec3dc3c646b7f803a8cc42c71d3c1ba18348aa9d70efdd6,NASDAQ100:MDLZ,NASDAQ100:KHC,MDLZ,KHC,supplier,"The Kraft Heinz Company performance history is included for 2016 through 2020 only as the company was formed in 2015.27Table of ContentsIssuer Purchases of Equity SecuritiesOur stock repurchase activity for each of the three months in the quarter ended December 31, 2020 was: PeriodTotal Number of Shares Purchased (1)Average Price Paid per Share (1)Total Number of Shares Purchased as Part of Publicly Announced Plans or Programs (2)Approximate Dollar Value of Shares That May Yet Be Purchased Under the Plans or Programs (2)October 1-31, 202060,320 $57.57 — $2,450 November 1-30, 20205,488,346 57.92 5,454,165 2,138 December 1-31, 20206,704,171 57.90 6,699,294 5,750 For the Quarter EndedDecember 31, 202012,252,837 57.71 12,153,459 (1)The total number of shares purchased (and the average price paid per share) reflects: (i) shares purchased pursuant to the repurchase program described in (2) below; and (ii) shares tendered to us by employees who used shares to exercise options and to pay the related taxes for grants of deferred stock units that vested, totaling 60,320 shares, 34,181 shares and 4,877 shares for the fiscal months of October, November and December 2020, respectively.(2)Dollar values stated in millions.",10-K,2021-02-05,2021-02-05T15:23:42.000Z,0001103982-21-000004,mdlz-20201231.htm,0.60,low,0.95,0.570000,0.009656,2021-02-05T15:23:42.000Z,,1,SEC EDGAR,0001103982-21-000004,https://www.sec.gov/Archives/edgar/data/1103982/000110398221000004/mdlz-20201231.htm,deterministic explicit-entity and relation-pattern extraction v2,unique_nasdaq100_match,public_at_sec_acceptance,candidate_review_required
9593a0195e8b29edd9b3ecc29c9eb8ec3e7a7a1e1410284b44ce18b8fadb2233,NASDAQ100:MTCH,NASDAQ100:PYPL,MTCH,PYPL,supplier,Our buyer protection program provides protection to consumers for qualifying purchases by reimbursing the consumer for the full amount of the purchase if the purchased item is not received or does not match the seller’s description.,10-K,2021-02-05,2021-02-05T00:30:14.000Z,0001633917-21-000018,pypl-20201231.htm,0.60,low,0.95,0.570000,0.009656,2021-02-05T00:30:14.000Z,,1,SEC EDGAR,0001633917-21-000018,https://www.sec.gov/Archives/edgar/data/1633917/000163391721000018/pypl-20201231.htm,deterministic explicit-entity and relation-pattern extraction v2,unique_nasdaq100_match,public_at_sec_acceptance,candidate_review_required
781d404ec49c31a155265f018e9e064fde6c70caa2c8876934f1e4b7069e9d01,NASDAQ100:MTCH,NASDAQ100:PYPL,MTCH,PYPL,supplier,Our buyer protection program provides protection to consumers for qualifying purchases by reimbursing the consumer for the full amount of the purchase if a purchased item does not arrive or does not match the seller’s description.,10-K,2021-02-05,2021-02-05T00:30:14.000Z,0001633917-21-000018,pypl-20201231.htm,0.60,low,0.95,0.570000,0.009656,2021-02-05T00:30:14.000Z,,1,SEC EDGAR,0001633917-21-000018,https://www.sec.gov/Archives/edgar/data/1633917/000163391721000018/pypl-20201231.htm,deterministic explicit-entity and relation-pattern extraction v2,unique_nasdaq100_match,public_at_sec_acceptance,candidate_review_required
2e2c826a1b6c008fba6bc9980a6028c2d61107d465cb4e6b4e63e5c74bf70b3c,NASDAQ100:MTCH,NASDAQ100:TXN,MTCH,TXN,supplier,"Additionally, the loss or significant curtailment of purchases by one or more of our large customers, including curtailments due to a change in the design or manufacturing sourcing policies or practices of these customers, the timing of customer or distributor inventory adjustments, changes in demand for customer products, or trade restrictions, may adversely affect our results of operations and financial condition.Our results of operations also might suffer because of a general decline in customer demand resulting from, for example: uncertainty regarding the stability of global credit and financial markets; natural events, epidemics or domestic or international political, social, economic or other conditions; breaches of customer information technology systems that disrupt customer operations; or a customer’s inability to access credit markets and other sources of needed liquidity.Our ability to match inventory and production with the product mix needed to fill orders may affect our ability to meet a quarter’s revenue forecast.",10-K,2021-02-05,2021-02-05T21:26:50.000Z,0000097476-21-000006,txn-20201231.htm,0.60,low,0.95,0.570000,0.009656,2021-02-05T21:26:50.000Z,,1,SEC EDGAR,0000097476-21-000006,https://www.sec.gov/Archives/edgar/data/97476/000009747621000006/txn-20201231.htm,deterministic explicit-entity and relation-pattern extraction v2,unique_nasdaq100_match,public_at_sec_acceptance,candidate_review_required
9193d86cf4febf948f8ec6af780a1e44315971a7ac1a4c4c2df0f449d626c628,NASDAQ100:PYPL,NASDAQ100:EBAY,PYPL,EBAY,customer,"FINANCIAL STATEMENT SCHEDULEThe Financial Statement Schedule II—VALUATION AND QUALIFYING ACCOUNTS is filed as part of this Annual Report on Form 10-K.Balance atBeginning ofPeriodCharged/(Credited) toNet IncomeCharged to Other Accounts(1)ChargesUtilized/(Write-offs)Balance atEnd of Period (In millions)Allowance for Transaction Losses and Negative Customer BalancesYear Ended December 31, 2018$266 $1,059 $— $(981)$344 Year Ended December 31, 2019$344 $1,092 $— $(1,037)$399 Year Ended December 31, 2020$399 $1,135 $— $(1,120)$414 Allowance for Loans and Interest ReceivableYear Ended December 31, 2018$129 $243 $— $(200)$172 Year Ended December 31, 2019$172 $325 $— $(239)$258 Year Ended December 31, 2020$258 $689 $210 $(319)$838 (1) The amount is related to the impact of the adjustment recorded for adoption of the credit losses accounting standard.115Table of ContentsPayPal Holdings, Inc.Exhibit Index Incorporated by ReferenceExhibitNumber Exhibit DescriptionFiled with this Form 10-KFormDate Filed2.01 Separation and Distribution Agreement by and between eBay Inc. and PayPal Holdings, Inc.",10-K,2021-02-05,2021-02-05T00:30:14.000Z,0001633917-21-000018,pypl-20201231.htm,0.60,low,0.95,0.570000,0.009656,2021-02-05T00:30:14.000Z,,1,SEC EDGAR,0001633917-21-000018,https://www.sec.gov/Archives/edgar/data/1633917/000163391721000018/pypl-20201231.htm,deterministic explicit-entity and relation-pattern extraction v2,unique_nasdaq100_match,public_at_sec_acceptance,candidate_review_required
c4c50fe3025525fb78223440ba8735fd7728d7d5fe6b1e6ecf50b24ac25c5bfb,NASDAQ100:TXN,NASDAQ100:MTCH,TXN,MTCH,customer,"The price and product development pressures that result from competition may lead to reduced profit margins and lost business opportunities in the event that we are unable to match the price declines or cost efficiencies, or meet the technological, product, support, software or manufacturing advancements of our competitors.8Changes in expected demand for our products could have a material adverse effect on our results of operations.Our customers include companies in a wide range of end markets and sectors within those markets.",10-K,2021-02-05,2021-02-05T21:26:50.000Z,0000097476-21-000006,txn-20201231.htm,0.60,low,0.95,0.570000,0.009656,2021-02-05T21:26:50.000Z,,1,SEC EDGAR,0000097476-21-000006,https://www.sec.gov/Archives/edgar/data/97476/000009747621000006/txn-20201231.htm,deterministic explicit-entity and relation-pattern extraction v2,unique_nasdaq100_match,public_at_sec_acceptance,candidate_review_required
f050cc91afa0025f26395ee758577e84e449b015e94efd598a08fb2bb14e3c6a,NASDAQ100:FAST,NASDAQ100:MTCH,FAST,MTCH,customer,These are either configurable or are available in multiple configurations to accommodate the various sizes and forms of products that will be dispensed to match the unique needs of our customers.,10-K,2021-02-08,2021-02-08T18:18:39.000Z,0000815556-21-000008,fast-20201231.htm,0.60,low,0.95,0.570000,0.009769,2021-02-08T18:18:39.000Z,,1,SEC EDGAR,0000815556-21-000008,https://www.sec.gov/Archives/edgar/data/815556/000081555621000008/fast-20201231.htm,deterministic explicit-entity and relation-pattern extraction v2,unique_nasdaq100_match,public_at_sec_acceptance,candidate_review_required
a809eb09327d29ffd7a81075ab315409afabde58435e6afabfab501be507b818,NASDAQ100:MTCH,NASDAQ100:TSLA,MTCH,TSLA,supplier,"If we are unable to accurately match the timing and quantities of component purchases to our actual needs or successfully implement automation, inventory management and other systems to accommodate the increased complexity in our supply chain and parts management, we may incur unexpected production disruption, storage, transportation and write-off costs, which may harm our business and operating results.",10-K,2021-02-08,2021-02-08T12:27:23.000Z,0001564590-21-004599,tsla-10k_20201231.htm,0.60,low,0.95,0.570000,0.009769,2021-02-08T12:27:23.000Z,,1,SEC EDGAR,0001564590-21-004599,https://www.sec.gov/Archives/edgar/data/1318605/000156459021004599/tsla-10k_20201231.htm,deterministic explicit-entity and relation-pattern extraction v2,unique_nasdaq100_match,public_at_sec_acceptance,candidate_review_required
6df3a5e9ef647afbfdb8ac31679d5897a69f1abee580596d4b731db09ae8898a,NASDAQ100:AMGN,NASDAQ100:AZN,AMGN,AZN,supplier,"2 to Share Purchase Agreement, dated September 24, 2020, by and among BeiGene, Ltd. and Amgen Inc. (Filed as an exhibit to Form 10-Q for the quarter ended September 30, 2020 on October 29, 2020 and incorporated herein by reference.)10.47Collaboration Agreement dated March 30, 2012 by and between Amgen Inc. and AstraZeneca Collaboration Ventures, LLC, a wholly owned subsidiary of AstraZeneca Pharmaceuticals LP (portions of the exhibit have been omitted pursuant to a request for confidential treatment). (Filed as an exhibit to Form 10-Q for the quarter ended March 31, 2012 on May 8, 2012 and incorporated herein by reference.)10.48Amendment No.",10-K,2021-02-09,2021-02-09T00:24:56.000Z,0000318154-21-000010,amgn-20201231.htm,0.60,low,0.95,0.570000,0.009806,2021-02-09T00:24:56.000Z,,1,SEC EDGAR,0000318154-21-000010,https://www.sec.gov/Archives/edgar/data/318154/000031815421000010/amgn-20201231.htm,deterministic explicit-entity and relation-pattern extraction v2,unique_nasdaq100_match,public_at_sec_acceptance,candidate_review_required
3ab8904f0e56432a08fa0967dfb994e28785c7fbe91f61ecc25d791558d46c41,NASDAQ100:AMGN,NASDAQ100:AZN,AMGN,AZN,strategic_partner,"1 to the Collaboration Agreement, dated October 1, 2014, by and among Amgen Inc., AstraZeneca Collaboration Ventures, LLC and AstraZeneca Pharmaceuticals LP (portions of the exhibit have been omitted pursuant to a request for confidential treatment). (Filed as an exhibit to Form 10-K for the year ended December 31, 2014 on February 19, 2015 and incorporated herein by reference.)10.49Amendment Nos.",10-K,2021-02-09,2021-02-09T00:24:56.000Z,0000318154-21-000010,amgn-20201231.htm,0.82,medium,0.95,0.779000,0.013402,2021-02-09T00:24:56.000Z,,0,SEC EDGAR,0000318154-21-000010,https://www.sec.gov/Archives/edgar/data/318154/000031815421000010/amgn-20201231.htm,deterministic explicit-entity and relation-pattern extraction v2,unique_nasdaq100_match,public_at_sec_acceptance,accepted
529ed33b1aacbb6babce2380c863e32ef8e19017541df154e52648a0af03fda2,NASDAQ100:AMGN,NASDAQ100:AZN,AMGN,AZN,strategic_partner,"2 through 6 to the March 30, 2012 Collaboration Agreement between Amgen Inc. and AstraZeneca Collaboration Ventures, LLC, dated May 2 and 27 and October 2, 2016, January 31, 2018, and May 15, 2020, respectively (portions of the exhibit have been omitted because they are both (i) not material and (ii) would be competitively harmful if publicly disclosed.) (Filed as an exhibit to Form 10-Q for the quarter ended June 30, 2020 on July 29, 2020 and incorporated herein by reference.)10.50*Amendment No.",10-K,2021-02-09,2021-02-09T00:24:56.000Z,0000318154-21-000010,amgn-20201231.htm,0.82,medium,0.95,0.779000,0.013402,2021-02-09T00:24:56.000Z,,0,SEC EDGAR,0000318154-21-000010,https://www.sec.gov/Archives/edgar/data/318154/000031815421000010/amgn-20201231.htm,deterministic explicit-entity and relation-pattern extraction v2,unique_nasdaq100_match,public_at_sec_acceptance,accepted
99ab790e08830dd546c5a4b22c1f18668417ca36e0ad465d1ceb93d753eb73a3,NASDAQ100:AMGN,NASDAQ100:AZN,AMGN,AZN,strategic_partner,"7 to the Collaboration Agreement, dated December 18, 2020, by and between Amgen Inc. and AstraZeneca Collaboration Ventures, LLC (portions of the exhibit have been omitted because they are both (i) not material and (ii) would be competitively harmful if publicly disclosed.)21*Subsidiaries of the Company.23Consent of the Independent Registered Public Accounting Firm.",10-K,2021-02-09,2021-02-09T00:24:56.000Z,0000318154-21-000010,amgn-20201231.htm,0.82,medium,0.95,0.779000,0.013402,2021-02-09T00:24:56.000Z,,0,SEC EDGAR,0000318154-21-000010,https://www.sec.gov/Archives/edgar/data/318154/000031815421000010/amgn-20201231.htm,deterministic explicit-entity and relation-pattern extraction v2,unique_nasdaq100_match,public_at_sec_acceptance,accepted
5177d8055edcc372b9e30e91103b74fe6a5ea10bb33c7c6b04490dd7ed9a0077,NASDAQ100:AZN,NASDAQ100:AMGN,AZN,AMGN,supplier,"We expect to submit results of this study to regulators in 2021.•In December 2020, we and AstraZeneca announced that the SOURCE trial had not met the primary endpoint of a statistically significant reduction in the daily OCS dose, without loss of asthma control, with tezepelumab compared to placebo.",10-K,2021-02-09,2021-02-09T00:24:56.000Z,0000318154-21-000010,amgn-20201231.htm,0.60,low,0.95,0.570000,0.009806,2021-02-09T00:24:56.000Z,,1,SEC EDGAR,0000318154-21-000010,https://www.sec.gov/Archives/edgar/data/318154/000031815421000010/amgn-20201231.htm,deterministic explicit-entity and relation-pattern extraction v2,unique_nasdaq100_match,public_at_sec_acceptance,candidate_review_required
06b1d1f724d1c7f2f2a99e0b575ff286ab60d901ea271ac4c33acaae4d7ab9f9,NASDAQ100:ASML,NASDAQ100:MSFT,ASML,MSFT,customer,"A cross-functional team used gaming-inspired augmented reality (AR) to turn a potential problem – delays in providing customer support – into a new opportunity, ushering in a new era of remote support.We developed an AR solution using Microsoft 3D HoloLens headsets that allows subject-matter experts to enter customer cleanrooms virtually to both troubleshoot and complete service actions.",20-F,2021-02-10,2021-02-10T11:10:28.000Z,0000937966-21-000007,asml-20201231.htm,0.60,low,0.95,0.570000,0.009844,2021-02-10T11:10:28.000Z,,1,SEC EDGAR,0000937966-21-000007,https://www.sec.gov/Archives/edgar/data/937966/000093796621000007/asml-20201231.htm,deterministic explicit-entity and relation-pattern extraction v2,unique_nasdaq100_match,public_at_sec_acceptance,candidate_review_required
46cde89f70ccd39a7292f6195f28512f42716c325e3d9e43127d1afe70515a00,NASDAQ100:DXCM,NASDAQ100:GOOG,DXCM,GOOG,strategic_partner,"These collaborations align with the strategy to seek broader access to our CGM systems for people with Type 2 diabetes, including those who are not treated with intensive insulin therapy.Verily CollaborationOur Restated Collaboration Agreement with Verily Life Science LLC (an Alphabet Company) and Verily Ireland Limited (collectively, Verily) provides us with an exclusive license to use intellectual property of Verily resulting from the collaboration, and certain Verily patents, in the development, manufacture and commercialization of blood-based or interstitial glucose monitoring products more generally (subject to certain exclusions, which are outside the CGM field as it is commonly understood).",10-K,2021-02-11,2021-02-11T22:18:05.000Z,0001093557-21-000024,dxcm-20201231.htm,0.82,medium,0.95,0.779000,0.013506,2021-02-11T22:18:05.000Z,,0,SEC EDGAR,0001093557-21-000024,https://www.sec.gov/Archives/edgar/data/1093557/000109355721000024/dxcm-20201231.htm,deterministic explicit-entity and relation-pattern extraction v2,unique_nasdaq100_match,public_at_sec_acceptance,accepted
c774c6fc0dd3a9ac49818aea7731b4f0c7c0867c47b749601ff5fd43dc1612ca,NASDAQ100:DXCM,NASDAQ100:GOOG,DXCM,GOOG,strategic_partner,"Development and Other AgreementsCollaboration with Verily Life SciencesOn November 20, 2018, we entered into an Amended and Restated Collaboration and License Agreement with Verily Life Sciences LLC (an Alphabet Company) and Verily Ireland Limited (collectively, Verily), which we refer to as the Restated Collaboration Agreement.",10-K,2021-02-11,2021-02-11T22:18:05.000Z,0001093557-21-000024,dxcm-20201231.htm,0.82,medium,0.95,0.779000,0.013506,2021-02-11T22:18:05.000Z,,0,SEC EDGAR,0001093557-21-000024,https://www.sec.gov/Archives/edgar/data/1093557/000109355721000024/dxcm-20201231.htm,deterministic explicit-entity and relation-pattern extraction v2,unique_nasdaq100_match,public_at_sec_acceptance,accepted
5ca33d5aa419582eefae72d7a20f425d6483110848a706e045dc695b96f9f71f,NASDAQ100:DXCM,NASDAQ100:GOOGL,DXCM,GOOGL,strategic_partner,"These collaborations align with the strategy to seek broader access to our CGM systems for people with Type 2 diabetes, including those who are not treated with intensive insulin therapy.Verily CollaborationOur Restated Collaboration Agreement with Verily Life Science LLC (an Alphabet Company) and Verily Ireland Limited (collectively, Verily) provides us with an exclusive license to use intellectual property of Verily resulting from the collaboration, and certain Verily patents, in the development, manufacture and commercialization of blood-based or interstitial glucose monitoring products more generally (subject to certain exclusions, which are outside the CGM field as it is commonly understood).",10-K,2021-02-11,2021-02-11T22:18:05.000Z,0001093557-21-000024,dxcm-20201231.htm,0.82,medium,0.95,0.779000,0.013506,2021-02-11T22:18:05.000Z,,0,SEC EDGAR,0001093557-21-000024,https://www.sec.gov/Archives/edgar/data/1093557/000109355721000024/dxcm-20201231.htm,deterministic explicit-entity and relation-pattern extraction v2,unique_nasdaq100_match,public_at_sec_acceptance,accepted
e73123ce5c6d461c91fd825c95b49dfbd95fc65bfcb6409fd3597e77c1dc0da2,NASDAQ100:DXCM,NASDAQ100:GOOGL,DXCM,GOOGL,strategic_partner,"Development and Other AgreementsCollaboration with Verily Life SciencesOn November 20, 2018, we entered into an Amended and Restated Collaboration and License Agreement with Verily Life Sciences LLC (an Alphabet Company) and Verily Ireland Limited (collectively, Verily), which we refer to as the Restated Collaboration Agreement.",10-K,2021-02-11,2021-02-11T22:18:05.000Z,0001093557-21-000024,dxcm-20201231.htm,0.82,medium,0.95,0.779000,0.013506,2021-02-11T22:18:05.000Z,,0,SEC EDGAR,0001093557-21-000024,https://www.sec.gov/Archives/edgar/data/1093557/000109355721000024/dxcm-20201231.htm,deterministic explicit-entity and relation-pattern extraction v2,unique_nasdaq100_match,public_at_sec_acceptance,accepted
fce3b47a066fe4538529a863b4fc8b0637ebe10c6ebc2452a5f0efc0f8b3d7db,NASDAQ100:VRTX,NASDAQ100:MRNA,VRTX,MRNA,strategic_partner,"In 2016, we entered into a collaboration with Moderna, pursuant to which we are seeking to identify and develop mRNA therapeutics for the treatment of CF.",10-K,2021-02-11,2021-02-11T21:03:06.000Z,0000875320-21-000006,vrtx-20201231.htm,0.82,medium,0.95,0.779000,0.013506,2021-02-11T21:03:06.000Z,,0,SEC EDGAR,0000875320-21-000006,https://www.sec.gov/Archives/edgar/data/875320/000087532021000006/vrtx-20201231.htm,deterministic explicit-entity and relation-pattern extraction v2,unique_nasdaq100_match,public_at_sec_acceptance,accepted
fb7ce2b7e5c72d5316353e1880ccde63879d5f4f2f12d9ec2985c47908694824,NASDAQ100:VRTX,NASDAQ100:MRNA,VRTX,MRNA,strategic_partner,"Investment in External Innovation•We entered into a collaboration with Skyhawk Therapeutics, Inc., or Skyhawk, for the discovery and development of novel small molecules that modulate RNA splicing for the treatment of serious diseases. •We entered into a new collaboration with Moderna, Inc., or Moderna, aimed at the discovery and development of lipid nanoparticles and mRNAs that can deliver gene-editing therapies to lung cells for the treatment of CF. •We entered into a collaboration with Affinia Therapeutics, Inc., or Affinia, to gain access to a novel library of AAV capsids to support on our ongoing research and development efforts in genetic therapies, including DMD, DM1 and CF.COVID-19We continue to monitor the impacts of the COVID-19 global pandemic on our business.",10-K,2021-02-11,2021-02-11T21:03:06.000Z,0000875320-21-000006,vrtx-20201231.htm,0.82,medium,0.95,0.779000,0.013506,2021-02-11T21:03:06.000Z,,0,SEC EDGAR,0000875320-21-000006,https://www.sec.gov/Archives/edgar/data/875320/000087532021000006/vrtx-20201231.htm,deterministic explicit-entity and relation-pattern extraction v2,unique_nasdaq100_match,public_at_sec_acceptance,accepted
023280807e6f5bf088549eb92d82bcfd3ccebf3570de652b37115a587395beea,NASDAQ100:VRTX,NASDAQ100:MRNA,VRTX,MRNA,strategic_partner,"Over the last several years, we entered into collaboration agreements with a number of companies, including Affinia, Arbor Biotechnologies, Inc., CRISPR, Kymera Therapeutics, Inc., Moderna, Molecular Templates, Inc. and Skyhawk.",10-K,2021-02-11,2021-02-11T21:03:06.000Z,0000875320-21-000006,vrtx-20201231.htm,0.60,low,0.95,0.570000,0.009882,2021-02-11T21:03:06.000Z,,0,SEC EDGAR,0000875320-21-000006,https://www.sec.gov/Archives/edgar/data/875320/000087532021000006/vrtx-20201231.htm,deterministic explicit-entity and relation-pattern extraction v2,unique_nasdaq100_match,public_at_sec_acceptance,candidate_review_required
0a963e0d16f42bc2ce022ffc522e503b54612638d7fe1732af82259ba917eae1,NASDAQ100:MTCH,NASDAQ100:HON,MTCH,HON,supplier,"Because the COVID-19 pandemic could adversely affect our near-term and long-term revenues, earnings, liquidity and cash flows, we have taken and may be required to redeploy significant cost actions, including but not limited to reducing discretionary expenses (such as non-essential travel, contractors, and consultants), reducing hiring, canceling annual merit increases, reducing executive and board of director pay, reducing work schedules across the enterprise, shortening or staggering work schedules to match production with demand, and reducing staffing levels, as well as increasing supplier-based productivity and enhancing spending-limit controls.",10-K,2021-02-12,2021-02-12T19:31:39.000Z,0000773840-21-000015,hon-20201231.htm,0.96,high,0.95,0.912000,0.015872,2021-02-12T19:31:39.000Z,,1,SEC EDGAR,0000773840-21-000015,https://www.sec.gov/Archives/edgar/data/773840/000077384021000015/hon-20201231.htm,deterministic explicit-entity and relation-pattern extraction v2,unique_nasdaq100_match,public_at_sec_acceptance,accepted
6d35aaf83941d46ee408f1f3a69b5dde9fefda402e120b864d4e59aab6f2c8b8,NASDAQ100:ENPH,NASDAQ100:TSLA,ENPH,TSLA,customer,"Competitors in the storage market include Tesla, LG Chem, Sonnen, Generac, Panasonic, BYD, E3/DC, Senec, Schneider, Goal Zero, Simpliphi and other producers of battery cells and integrated storage systems.Several of our existing and potential competitors are significantly larger than we are and may have greater financial, marketing, distribution, and customer support resources, and may have significantly broader brand recognition, especially in certain markets.",10-K,2021-02-16,2021-02-12T22:59:37.000Z,0001463101-21-000016,enph-20201231.htm,0.60,low,0.95,0.570000,0.009920,2021-02-12T22:59:37.000Z,,1,SEC EDGAR,0001463101-21-000016,https://www.sec.gov/Archives/edgar/data/1463101/000146310121000016/enph-20201231.htm,deterministic explicit-entity and relation-pattern extraction v2,unique_nasdaq100_match,public_at_sec_acceptance,candidate_review_required
e76f5139bb4e9a7d32929e4cf870b3f477962f1c14074aa8064fc23497cb97dd,NASDAQ100:ON,NASDAQ100:AVGO,ON,AVGO,customer,"PSG's competitors include: Broadcom Limited (""Broadcom""), Diodes Incorporated, Infineon Technologies AG (""Infineon""), KEC Corporation, Nexperia BV, Rohm Semiconductor USA LLC (""Rohm""), Semtech Corporation, STMicroelectronics N.V. (""STMicroelectronics""), Texas Instruments Incorporated (""TI""), Toshiba Corporation (""Toshiba"") and Vishay Intertechnology, Inc.10ASG ASG principally competes on design experience, manufacturing capability, depth and quality of IP, ability to service customer needs from the design phase to the shipping of a completed product, length of design cycle, longevity of technology support and experience of sales and technical support personnel.",10-K,2021-02-16,2021-02-16T16:50:24.000Z,0001628280-21-002219,on-20201231.htm,0.60,low,0.95,0.570000,0.010074,2021-02-16T16:50:24.000Z,,1,SEC EDGAR,0001628280-21-002219,https://www.sec.gov/Archives/edgar/data/1097864/000162828021002219/on-20201231.htm,deterministic explicit-entity and relation-pattern extraction v2,unique_nasdaq100_match,public_at_sec_acceptance,candidate_review_required
b80026fcbe3d8b33e6829f79ad00cf119fe05ebc3833973bd57bca46c9eed8d6,NASDAQ100:ON,NASDAQ100:AVGO,ON,AVGO,customer,"TI, NXP, and Infineon for radar; and Hamamatsu Photonics K.K., Broadcom and ST Microelectronics for SiPMs and SPADs.Sales, Marketing and DistributionAs of December 31, 2020, our sales and marketing organization consisted of approximately 1,700 professionals servicing customers globally.",10-K,2021-02-16,2021-02-16T16:50:24.000Z,0001628280-21-002219,on-20201231.htm,0.60,low,0.95,0.570000,0.010074,2021-02-16T16:50:24.000Z,,1,SEC EDGAR,0001628280-21-002219,https://www.sec.gov/Archives/edgar/data/1097864/000162828021002219/on-20201231.htm,deterministic explicit-entity and relation-pattern extraction v2,unique_nasdaq100_match,public_at_sec_acceptance,candidate_review_required
39e7e9cd27b74fb5efc6040bdda9a02921a2ed31ed219686747793812324c912,NASDAQ100:ON,NASDAQ100:NXPI,ON,NXPI,customer,"Competitors for certain of ASG's products and solutions include: Infineon, NXP Semiconductors N.V. (""NXP""), STMicroelectronics and TI.ISGISG differentiates itself from the competition through deep technical knowledge and close customer relationships to drive leading edge sensing performance for both human and machine vision applications.",10-K,2021-02-16,2021-02-16T16:50:24.000Z,0001628280-21-002219,on-20201231.htm,0.60,low,0.95,0.570000,0.010074,2021-02-16T16:50:24.000Z,,1,SEC EDGAR,0001628280-21-002219,https://www.sec.gov/Archives/edgar/data/1097864/000162828021002219/on-20201231.htm,deterministic explicit-entity and relation-pattern extraction v2,unique_nasdaq100_match,public_at_sec_acceptance,candidate_review_required
8e7b42e8483d8f6cb2b33d29571ad8133b2fec7d7fca10438505ca03d1df2439,NASDAQ100:ON,NASDAQ100:TXN,ON,TXN,customer,"PSG's competitors include: Broadcom Limited (""Broadcom""), Diodes Incorporated, Infineon Technologies AG (""Infineon""), KEC Corporation, Nexperia BV, Rohm Semiconductor USA LLC (""Rohm""), Semtech Corporation, STMicroelectronics N.V. (""STMicroelectronics""), Texas Instruments Incorporated (""TI""), Toshiba Corporation (""Toshiba"") and Vishay Intertechnology, Inc.10ASG ASG principally competes on design experience, manufacturing capability, depth and quality of IP, ability to service customer needs from the design phase to the shipping of a completed product, length of design cycle, longevity of technology support and experience of sales and technical support personnel.",10-K,2021-02-16,2021-02-16T16:50:24.000Z,0001628280-21-002219,on-20201231.htm,0.60,low,0.95,0.570000,0.010074,2021-02-16T16:50:24.000Z,,1,SEC EDGAR,0001628280-21-002219,https://www.sec.gov/Archives/edgar/data/1097864/000162828021002219/on-20201231.htm,deterministic explicit-entity and relation-pattern extraction v2,unique_nasdaq100_match,public_at_sec_acceptance,candidate_review_required
ba19a2402095ce268010de69a6e424384b9d330a363dc71c5ed6d24ebf6a4b87,NASDAQ100:BIDU,NASDAQ100:MAR,BIDU,MAR,supplier,"Although our Best Rate Guarantee and Member Rate programs have helped limit guest preference shift to intermediaries and greatly reduced the ability of intermediaries to undercut the published rates at our hotels, intermediaries continue to use a variety of aggressive online marketing methods to attract guests, including the purchase by certain companies of trademarked online keywords such as “Marriott” from Internet search engines such as Google, Bing, Yahoo, and Baidu to steer guests toward their websites (a practice that has been challenged by various trademark owners in federal court).",10-K,2021-02-18,2021-02-18T17:34:16.000Z,0001628280-21-002433,mar-20201231.htm,0.60,low,0.95,0.570000,0.010152,2021-02-18T17:34:16.000Z,,1,SEC EDGAR,0001628280-21-002433,https://www.sec.gov/Archives/edgar/data/1048286/000162828021002433/mar-20201231.htm,deterministic explicit-entity and relation-pattern extraction v2,unique_nasdaq100_match,public_at_sec_acceptance,candidate_review_required
950bda1a908b711595c7c923317b644a1f0a01a9e7001ebea0ec3b4fc158546a,NASDAQ100:AVGO,NASDAQ100:FTNT,AVGO,FTNT,supplier,"Some of the components important to our business, including certain CPUs from Intel Corporation (“Intel”), network chips from Broadcom Inc. (“Broadcom”), Marvell Technology Group Ltd. (“Marvell”) and Intel, and memory devices from Intel, ADATA Technology Co., Ltd. (“ADATA”), OCZ Technology Group, Inc., Samsung Electronics Co., Ltd. (“Samsung”), and Western Digital Technologies, Inc. (“Western Digital”), are available from limited or sole sources of supply.We have no long-term contracts related to the manufacturing of our ASICs or other components that guarantee any capacity or pricing terms.7Table of ContentsResearch and DevelopmentWe focus our research and development efforts on developing new hardware and software products and services, and adding new features to existing products and services.",10-K,2021-02-19,2021-02-19T21:39:22.000Z,0001262039-21-000008,ftnt-20201231.htm,0.60,low,0.95,0.570000,0.010191,2021-02-19T21:39:22.000Z,,1,SEC EDGAR,0001262039-21-000008,https://www.sec.gov/Archives/edgar/data/1262039/000126203921000008/ftnt-20201231.htm,deterministic explicit-entity and relation-pattern extraction v2,unique_nasdaq100_match,public_at_sec_acceptance,candidate_review_required
d158a45ae62f4f6657d972003637c239b5893922da343d2acac63f499c9dd483,NASDAQ100:AVGO,NASDAQ100:FTNT,AVGO,FTNT,supplier,"Our limited source components for particular appliances and suppliers of those components include specific types of CPUs from Intel, network chips from Broadcom, Marvell and Intel, and memory devices from Intel, ADATA, Toshiba, Samsung and Western Digital.",10-K,2021-02-19,2021-02-19T21:39:22.000Z,0001262039-21-000008,ftnt-20201231.htm,0.60,low,0.95,0.570000,0.010191,2021-02-19T21:39:22.000Z,,1,SEC EDGAR,0001262039-21-000008,https://www.sec.gov/Archives/edgar/data/1262039/000126203921000008/ftnt-20201231.htm,deterministic explicit-entity and relation-pattern extraction v2,unique_nasdaq100_match,public_at_sec_acceptance,candidate_review_required
6e089f49ed8ac93f25057c0af21bc5fba1841caf245f34ada74e30b6c6b771c5,NASDAQ100:FTNT,NASDAQ100:CRWD,FTNT,CRWD,customer,"The principal competitive factors in our markets include the following: •product performance, throughput, features, effectiveness, interoperability and reliability;•addition and integration of new networking and security features and technological expertise;•compliance with industry standards and certifications;•price of products and services and total cost of ownership;•brand recognition;•customer service and support across varied and complex customer segments;•sales and distribution capabilities;•size and financial stability;•breadth of product line;•form factor of the solution; and•other competitive differentiators.Among others, our competitors include Barracuda Networks, Inc. (“Barracuda”), Check Point Software Technologies Ltd. (“Check Point”), Cisco Systems, Inc. (“Cisco”), CrowdStrike Holdings, Inc. (“CrowdStrike”), F5 Networks, Inc. (“F5 Networks”), FireEye, Inc. (“FireEye”), Forcepoint LLC (“Forcepoint”), Imperva, Inc. (“Imperva”), Juniper Networks, Inc. (“Juniper”), McAfee, LLC (“McAfee”), Palo Alto Networks, Inc. (“Palo Alto Networks”), Proofpoint, Inc. (“Proofpoint”), SonicWALL, Inc. (“SonicWALL”), Sophos Group Plc (“Sophos”), Trend Micro Incorporated (“Trend Micro”) and Zscaler, Inc (“Zscaler”).We believe we compete favorably based on our products’ performance, throughput, reliability, breadth and ability to work together; our ability to add and integrate new networking and security features and our technological expertise.",10-K,2021-02-19,2021-02-19T21:39:22.000Z,0001262039-21-000008,ftnt-20201231.htm,0.60,low,0.95,0.570000,0.010191,2021-02-19T21:39:22.000Z,,1,SEC EDGAR,0001262039-21-000008,https://www.sec.gov/Archives/edgar/data/1262039/000126203921000008/ftnt-20201231.htm,deterministic explicit-entity and relation-pattern extraction v2,unique_nasdaq100_match,public_at_sec_acceptance,candidate_review_required
a2caffe45955868924df8ab77c6a0004b14cabc9147c9a55e14373cf4f7b0041,NASDAQ100:FTNT,NASDAQ100:CSCO,FTNT,CSCO,customer,"The principal competitive factors in our markets include the following: •product performance, throughput, features, effectiveness, interoperability and reliability;•addition and integration of new networking and security features and technological expertise;•compliance with industry standards and certifications;•price of products and services and total cost of ownership;•brand recognition;•customer service and support across varied and complex customer segments;•sales and distribution capabilities;•size and financial stability;•breadth of product line;•form factor of the solution; and•other competitive differentiators.Among others, our competitors include Barracuda Networks, Inc. (“Barracuda”), Check Point Software Technologies Ltd. (“Check Point”), Cisco Systems, Inc. (“Cisco”), CrowdStrike Holdings, Inc. (“CrowdStrike”), F5 Networks, Inc. (“F5 Networks”), FireEye, Inc. (“FireEye”), Forcepoint LLC (“Forcepoint”), Imperva, Inc. (“Imperva”), Juniper Networks, Inc. (“Juniper”), McAfee, LLC (“McAfee”), Palo Alto Networks, Inc. (“Palo Alto Networks”), Proofpoint, Inc. (“Proofpoint”), SonicWALL, Inc. (“SonicWALL”), Sophos Group Plc (“Sophos”), Trend Micro Incorporated (“Trend Micro”) and Zscaler, Inc (“Zscaler”).We believe we compete favorably based on our products’ performance, throughput, reliability, breadth and ability to work together; our ability to add and integrate new networking and security features and our technological expertise.",10-K,2021-02-19,2021-02-19T21:39:22.000Z,0001262039-21-000008,ftnt-20201231.htm,0.60,low,0.95,0.570000,0.010191,2021-02-19T21:39:22.000Z,,1,SEC EDGAR,0001262039-21-000008,https://www.sec.gov/Archives/edgar/data/1262039/000126203921000008/ftnt-20201231.htm,deterministic explicit-entity and relation-pattern extraction v2,unique_nasdaq100_match,public_at_sec_acceptance,candidate_review_required
13dce81babba0c61701e7777934de64cf9f89f4a25b652d910f425a9482675d9,NASDAQ100:FTNT,NASDAQ100:MSFT,FTNT,MSFT,customer,"Customers may also access our products via the cloud through certain cloud providers such as Amazon Web Services, Microsoft Azure, Google Cloud, Oracle Cloud, Alibaba Cloud and IBM Cloud.",10-K,2021-02-19,2021-02-19T21:39:22.000Z,0001262039-21-000008,ftnt-20201231.htm,0.60,low,0.95,0.570000,0.010191,2021-02-19T21:39:22.000Z,,1,SEC EDGAR,0001262039-21-000008,https://www.sec.gov/Archives/edgar/data/1262039/000126203921000008/ftnt-20201231.htm,deterministic explicit-entity and relation-pattern extraction v2,unique_nasdaq100_match,public_at_sec_acceptance,candidate_review_required
1a3fe07579d6a5f87e6f976d85620eaf824bbe6979a131fc57390e263b3d659b,NASDAQ100:FTNT,NASDAQ100:MTCH,FTNT,MTCH,supplier,"In addition, an organization’s existing vendors or new vendors with a broad product offering may be able to offer concessions that we are not able to match because we currently offer only network security products and have fewer resources than many of our competitors.",10-K,2021-02-19,2021-02-19T21:39:22.000Z,0001262039-21-000008,ftnt-20201231.htm,0.60,low,0.95,0.570000,0.010191,2021-02-19T21:39:22.000Z,,1,SEC EDGAR,0001262039-21-000008,https://www.sec.gov/Archives/edgar/data/1262039/000126203921000008/ftnt-20201231.htm,deterministic explicit-entity and relation-pattern extraction v2,unique_nasdaq100_match,public_at_sec_acceptance,candidate_review_required
07df47aab534700201c3e57edbc9d635c62fb4a2e7187c91f07b96e8e45bc8b7,NASDAQ100:FTNT,NASDAQ100:PANW,FTNT,PANW,customer,"The principal competitive factors in our markets include the following: •product performance, throughput, features, effectiveness, interoperability and reliability;•addition and integration of new networking and security features and technological expertise;•compliance with industry standards and certifications;•price of products and services and total cost of ownership;•brand recognition;•customer service and support across varied and complex customer segments;•sales and distribution capabilities;•size and financial stability;•breadth of product line;•form factor of the solution; and•other competitive differentiators.Among others, our competitors include Barracuda Networks, Inc. (“Barracuda”), Check Point Software Technologies Ltd. (“Check Point”), Cisco Systems, Inc. (“Cisco”), CrowdStrike Holdings, Inc. (“CrowdStrike”), F5 Networks, Inc. (“F5 Networks”), FireEye, Inc. (“FireEye”), Forcepoint LLC (“Forcepoint”), Imperva, Inc. (“Imperva”), Juniper Networks, Inc. (“Juniper”), McAfee, LLC (“McAfee”), Palo Alto Networks, Inc. (“Palo Alto Networks”), Proofpoint, Inc. (“Proofpoint”), SonicWALL, Inc. (“SonicWALL”), Sophos Group Plc (“Sophos”), Trend Micro Incorporated (“Trend Micro”) and Zscaler, Inc (“Zscaler”).We believe we compete favorably based on our products’ performance, throughput, reliability, breadth and ability to work together; our ability to add and integrate new networking and security features and our technological expertise.",10-K,2021-02-19,2021-02-19T21:39:22.000Z,0001262039-21-000008,ftnt-20201231.htm,0.60,low,0.95,0.570000,0.010191,2021-02-19T21:39:22.000Z,,1,SEC EDGAR,0001262039-21-000008,https://www.sec.gov/Archives/edgar/data/1262039/000126203921000008/ftnt-20201231.htm,deterministic explicit-entity and relation-pattern extraction v2,unique_nasdaq100_match,public_at_sec_acceptance,candidate_review_required
a998147f55a9dd4d8febd64816c11dc068e71782723eb36a07c0c87f5b419dba,NASDAQ100:FTNT,NASDAQ100:ZS,FTNT,ZS,customer,"The principal competitive factors in our markets include the following: •product performance, throughput, features, effectiveness, interoperability and reliability;•addition and integration of new networking and security features and technological expertise;•compliance with industry standards and certifications;•price of products and services and total cost of ownership;•brand recognition;•customer service and support across varied and complex customer segments;•sales and distribution capabilities;•size and financial stability;•breadth of product line;•form factor of the solution; and•other competitive differentiators.Among others, our competitors include Barracuda Networks, Inc. (“Barracuda”), Check Point Software Technologies Ltd. (“Check Point”), Cisco Systems, Inc. (“Cisco”), CrowdStrike Holdings, Inc. (“CrowdStrike”), F5 Networks, Inc. (“F5 Networks”), FireEye, Inc. (“FireEye”), Forcepoint LLC (“Forcepoint”), Imperva, Inc. (“Imperva”), Juniper Networks, Inc. (“Juniper”), McAfee, LLC (“McAfee”), Palo Alto Networks, Inc. (“Palo Alto Networks”), Proofpoint, Inc. (“Proofpoint”), SonicWALL, Inc. (“SonicWALL”), Sophos Group Plc (“Sophos”), Trend Micro Incorporated (“Trend Micro”) and Zscaler, Inc (“Zscaler”).We believe we compete favorably based on our products’ performance, throughput, reliability, breadth and ability to work together; our ability to add and integrate new networking and security features and our technological expertise.",10-K,2021-02-19,2021-02-19T21:39:22.000Z,0001262039-21-000008,ftnt-20201231.htm,0.60,low,0.95,0.570000,0.010191,2021-02-19T21:39:22.000Z,,1,SEC EDGAR,0001262039-21-000008,https://www.sec.gov/Archives/edgar/data/1262039/000126203921000008/ftnt-20201231.htm,deterministic explicit-entity and relation-pattern extraction v2,unique_nasdaq100_match,public_at_sec_acceptance,candidate_review_required
4f55f216fc142012b1933ca713d0bd8d0b1c65afcaa09b466d14b7a6315387ff,NASDAQ100:MRVL,NASDAQ100:FTNT,MRVL,FTNT,supplier,"Some of the components important to our business, including certain CPUs from Intel Corporation (“Intel”), network chips from Broadcom Inc. (“Broadcom”), Marvell Technology Group Ltd. (“Marvell”) and Intel, and memory devices from Intel, ADATA Technology Co., Ltd. (“ADATA”), OCZ Technology Group, Inc., Samsung Electronics Co., Ltd. (“Samsung”), and Western Digital Technologies, Inc. (“Western Digital”), are available from limited or sole sources of supply.We have no long-term contracts related to the manufacturing of our ASICs or other components that guarantee any capacity or pricing terms.7Table of ContentsResearch and DevelopmentWe focus our research and development efforts on developing new hardware and software products and services, and adding new features to existing products and services.",10-K,2021-02-19,2021-02-19T21:39:22.000Z,0001262039-21-000008,ftnt-20201231.htm,0.60,low,0.95,0.570000,0.010191,2021-02-19T21:39:22.000Z,,1,SEC EDGAR,0001262039-21-000008,https://www.sec.gov/Archives/edgar/data/1262039/000126203921000008/ftnt-20201231.htm,deterministic explicit-entity and relation-pattern extraction v2,unique_nasdaq100_match,public_at_sec_acceptance,candidate_review_required
d7993ec994e0c40ea7f46da3accce669d80996c37f7a5edae57fdbf8540eec9a,NASDAQ100:CDNS,NASDAQ100:NVDA,CDNS,NVDA,supplier,"Flaminia served as Senior Vice President, General Counsel and Corporate Secretary of Mellanox Technologies Ltd., a supplier of intelligent interconnect solutions, from September 2016 until its acquisition by NVIDIA Corporation in April 2020.",10-K,2021-02-22,2021-02-22T22:01:48.000Z,0000813672-21-000009,cdns-20210102.htm,0.60,low,0.95,0.570000,0.010310,2021-02-22T22:01:48.000Z,,1,SEC EDGAR,0000813672-21-000009,https://www.sec.gov/Archives/edgar/data/813672/000081367221000009/cdns-20210102.htm,deterministic explicit-entity and relation-pattern extraction v2,unique_nasdaq100_match,public_at_sec_acceptance,candidate_review_required
e3edcfe63630ebffd12e6baa437c219dcdcf7184cf36b518a5ee4cc3a0aa32cd,NASDAQ100:MTCH,NASDAQ100:CDNS,MTCH,CDNS,supplier,"We also offer a semi-annual bonus program, 401(k) match, Employee Stock Purchase Plan, and equity compensation.",10-K,2021-02-22,2021-02-22T22:01:48.000Z,0000813672-21-000009,cdns-20210102.htm,0.60,low,0.95,0.570000,0.010310,2021-02-22T22:01:48.000Z,,1,SEC EDGAR,0000813672-21-000009,https://www.sec.gov/Archives/edgar/data/813672/000081367221000009/cdns-20210102.htm,deterministic explicit-entity and relation-pattern extraction v2,unique_nasdaq100_match,public_at_sec_acceptance,candidate_review_required
f15d13c906f8e221eb74a752bce2d8642319f0821ca557b47d5488911eea5233,NASDAQ100:MTCH,NASDAQ100:CDNS,MTCH,CDNS,supplier,"Recognized gains and losses with respect to our current hedging activities will ultimately depend on how accurately we are able to match the amount of foreign currency forward exchange contracts with actual underlying asset and liability exposures.The following table provides information about our foreign currency forward exchange contracts as of January 2, 2021.",10-K,2021-02-22,2021-02-22T22:01:48.000Z,0000813672-21-000009,cdns-20210102.htm,0.60,low,0.95,0.570000,0.010310,2021-02-22T22:01:48.000Z,,1,SEC EDGAR,0000813672-21-000009,https://www.sec.gov/Archives/edgar/data/813672/000081367221000009/cdns-20210102.htm,deterministic explicit-entity and relation-pattern extraction v2,unique_nasdaq100_match,public_at_sec_acceptance,candidate_review_required
f0a4566b2465a40e87c7b4f62fffd1d1326139e76421909d692fb7a0bc25272c,NASDAQ100:MTCH,NASDAQ100:TMUS,MTCH,TMUS,supplier,"While a majority of our leases have contractual provisions enabling us to match offers, we may be forced to compete with others to purchase 2.5 GHz licenses on the secondary market and expend additional capital earlier than we may have anticipated.While the Communications Act generally preempts state and local governments from regulating the entry of, or the rates charged by, wireless communications services providers, certain state and local governments regulate other terms and conditions of wireless service, including billing, termination of service arrangements and the imposition of early termination fees, advertising, network outages, the use of devices while driving, zoning and land use.",10-K,2021-02-23,2021-02-23T21:08:26.000Z,0001283699-21-000039,tmus-20201231.htm,0.60,low,0.95,0.570000,0.010349,2021-02-23T21:08:26.000Z,,1,SEC EDGAR,0001283699-21-000039,https://www.sec.gov/Archives/edgar/data/1283699/000128369921000039/tmus-20201231.htm,deterministic explicit-entity and relation-pattern extraction v2,unique_nasdaq100_match,public_at_sec_acceptance,candidate_review_required
d12ddfb1f95effda96e9b1a6c6855d61ac7a72577a407a38fbff09a565ef1a71,NASDAQ100:AAPL,NASDAQ100:BKNG,AAPL,BKNG,supplier,"To the extent Google or Apple use their mobile operating systems, app distribution channels or, in the case of Google, search services, to favor their own travel service offerings, our business and results of operations could be harmed.We are dependent on providers of accommodations, rental cars and airline tickets and on restaurants.",10-K,2021-02-24,2021-02-24T22:20:19.000Z,0001075531-21-000019,bkng-20201231.htm,0.60,low,0.95,0.570000,0.010389,2021-02-24T22:20:19.000Z,,1,SEC EDGAR,0001075531-21-000019,https://www.sec.gov/Archives/edgar/data/1075531/000107553121000019/bkng-20201231.htm,deterministic explicit-entity and relation-pattern extraction v2,unique_nasdaq100_match,public_at_sec_acceptance,candidate_review_required
87d89a5c11eae413f497a9f989d62cf0d30c09a85152bf329c33e0cd07a778d4,NASDAQ100:ADSK,NASDAQ100:ANSS,ADSK,ANSS,supplier,"We believe that these relationships facilitate accelerated incorporation of advanced technology into our products, provide access to new customers, expand our sales channels, develop specialized product applications, and provide direct integration with leading CAD, electronic design automation (EDA), product data management and PLM systems.We have technical and marketing relationships with leading CAD vendors, such as Autodesk, PTC and Siemens Digital Industries, to provide direct links between products.",10-K,2021-02-24,2021-02-24T16:18:49.000Z,0001013462-21-000009,anss-20201231.htm,0.96,high,0.95,0.912000,0.016623,2021-02-24T16:18:49.000Z,,1,SEC EDGAR,0001013462-21-000009,https://www.sec.gov/Archives/edgar/data/1013462/000101346221000009/anss-20201231.htm,deterministic explicit-entity and relation-pattern extraction v2,unique_nasdaq100_match,public_at_sec_acceptance,accepted
73f3fcf5c2fd54b46dbd8cfaf09fb67cac6e9c6a259b8fecdfadc2f8a25f0860,NASDAQ100:ANSS,NASDAQ100:MSFT,ANSS,MSFT,customer,"In addition, we continue to focus on customer solutions and are actively working together to build additional products and interoperability workflows.We have a strategic relationship with Microsoft that spans several Ansys business units and markets.",10-K,2021-02-24,2021-02-24T16:18:49.000Z,0001013462-21-000009,anss-20201231.htm,0.60,low,0.95,0.570000,0.010389,2021-02-24T16:18:49.000Z,,1,SEC EDGAR,0001013462-21-000009,https://www.sec.gov/Archives/edgar/data/1013462/000101346221000009/anss-20201231.htm,deterministic explicit-entity and relation-pattern extraction v2,unique_nasdaq100_match,public_at_sec_acceptance,candidate_review_required
65b46a935924d2798ec11a01927745a3de0b7849de110e0fa6dd0f8a5f6c3d5b,NASDAQ100:ANSS,NASDAQ100:SNPS,ANSS,SNPS,customer,"We have an integration and distribution agreement with Synopsys to cooperatively integrate Ansys RedHawk technology into an in-design add-on to a Synopsys design tool for the primary purpose of providing customers with direct, in-design access to the RedHawk technology's capabilities.",10-K,2021-02-24,2021-02-24T16:18:49.000Z,0001013462-21-000009,anss-20201231.htm,0.60,low,0.95,0.570000,0.010389,2021-02-24T16:18:49.000Z,,1,SEC EDGAR,0001013462-21-000009,https://www.sec.gov/Archives/edgar/data/1013462/000101346221000009/anss-20201231.htm,deterministic explicit-entity and relation-pattern extraction v2,unique_nasdaq100_match,public_at_sec_acceptance,candidate_review_required
f8dbe14e83c173211fb300f67c624f5ba8262c42fd8b0ac9a6550b566f9090ae,NASDAQ100:BKNG,NASDAQ100:AAPL,BKNG,AAPL,customer,"Some of our current and potential competitors, such as Google, Apple, Alibaba, Tencent, Amazon and Facebook, have significantly more customers or users, consumer data and financial and other resources than we do, and they may be able to leverage other aspects of their businesses (e.g., search or mobile device businesses) to enable them to compete more effectively with us.",10-K,2021-02-24,2021-02-24T22:20:19.000Z,0001075531-21-000019,bkng-20201231.htm,0.60,low,0.95,0.570000,0.010389,2021-02-24T22:20:19.000Z,,1,SEC EDGAR,0001075531-21-000019,https://www.sec.gov/Archives/edgar/data/1075531/000107553121000019/bkng-20201231.htm,deterministic explicit-entity and relation-pattern extraction v2,unique_nasdaq100_match,public_at_sec_acceptance,candidate_review_required
75ac2f314a376ca761b82533ed2ed4ee8633524bfb9ebaf29c0be88d06359064,NASDAQ100:BKNG,NASDAQ100:AAPL,BKNG,AAPL,customer,"For more detail regarding the competitive trends and risks we face, see Part I, Item 1, Business - ""Competition,"" Part I, Item 1A, Risk Factors - ""Intense competition could reduce our market share and harm our financial performance."" and ""Consumer adoption and use of mobile devices creates challenges and may enable device companies such as Google and Apple to compete directly with us."" and ""We may not be able to keep up with rapid technological or other market changes."" 45Although we believe that providing an extensive collection of properties, excellent customer service and an intuitive, easy-to-use consumer experience are important factors influencing a consumer's decision to make a reservation, for many consumers, particularly in certain markets, the price of the travel service is the primary factor determining whether a consumer will book a reservation.",10-K,2021-02-24,2021-02-24T22:20:19.000Z,0001075531-21-000019,bkng-20201231.htm,0.60,low,0.95,0.570000,0.010389,2021-02-24T22:20:19.000Z,,1,SEC EDGAR,0001075531-21-000019,https://www.sec.gov/Archives/edgar/data/1075531/000107553121000019/bkng-20201231.htm,deterministic explicit-entity and relation-pattern extraction v2,unique_nasdaq100_match,public_at_sec_acceptance,candidate_review_required
34356d84899c03e68dead3d886c237b63c74992fab1bcb6e1dbd65138673fe32,NASDAQ100:EXC,NASDAQ100:MTCH,EXC,MTCH,customer,Generation’s electricity generation strategy is to pursue opportunities that provide stable revenues and match supply to customers.,10-K,2021-02-24,2021-02-24T20:10:10.000Z,0001109357-21-000022,exc-20201231.htm,0.60,low,0.95,0.570000,0.010389,2021-02-24T20:10:10.000Z,,1,SEC EDGAR,0001109357-21-000022,https://www.sec.gov/Archives/edgar/data/1109357/000110935721000022/exc-20201231.htm,deterministic explicit-entity and relation-pattern extraction v2,unique_nasdaq100_match,public_at_sec_acceptance,candidate_review_required
dd210556df7854f7177cadc0c7490f2320ed189fa26ddebed9f6ef4f851cd06a,NASDAQ100:EXC,NASDAQ100:MTCH,EXC,MTCH,customer,"Generation’s strategy is to ensure appropriate valuation of its generation assets, in part through public policy efforts, identify and capitalize on opportunities that match supply to customers as a means to provide stable earnings, and identify emerging technologies where strategic investments provide the option for significant future growth or influence in market development.Other Key Business Drivers and Management StrategiesUtility Rates and Rate ProceedingsThe Utility Registrants file rate cases with their regulatory commissions seeking increases or decreases to their electric transmission and distribution, and gas distribution rates to recover their costs and earn a fair return on their investments.",10-K,2021-02-24,2021-02-24T20:10:10.000Z,0001109357-21-000022,exc-20201231.htm,0.60,low,0.95,0.570000,0.010389,2021-02-24T20:10:10.000Z,,1,SEC EDGAR,0001109357-21-000022,https://www.sec.gov/Archives/edgar/data/1109357/000110935721000022/exc-20201231.htm,deterministic explicit-entity and relation-pattern extraction v2,unique_nasdaq100_match,public_at_sec_acceptance,candidate_review_required
cb2b1cf407b0af557ae926a20d18a036e1e6d4777f6bd282b3ee7b64ab7b112f,NASDAQ100:ODFL,NASDAQ100:MTCH,ODFL,MTCH,customer,"Any subsequent acquisition will entail numerous risks, including: • we may not achieve anticipated levels of revenue, efficiency, cash flows and profitability; • we may experience difficulties managing businesses that are outside our historical core competency and markets; • we may underestimate the resources required to support acquisitions, which could disrupt our ongoing business and distract our management; • we may incur unanticipated costs to our infrastructure to support new business lines or separate legal entities; • we may be required to temporarily match existing customer pricing in the acquiree’s markets, which may be lower than the rates that we would typically charge for our services; • liabilities we assume could be greater than our original estimates or may not be disclosed to us at the time of acquisition; • we may incur additional indebtedness or we may issue additional equity to finance future acquisitions, which could be dilutive to our shareholders; • potential loss of key employees and customers of the acquired company; and • an inability to recognize projected cost savings and economies of scale.",10-K,2021-02-24,2021-02-24T20:53:17.000Z,0001564590-21-008056,odfl-10k_20201231.htm,0.60,low,0.95,0.570000,0.010389,2021-02-24T20:53:17.000Z,,1,SEC EDGAR,0001564590-21-008056,https://www.sec.gov/Archives/edgar/data/878927/000156459021008056/odfl-10k_20201231.htm,deterministic explicit-entity and relation-pattern extraction v2,unique_nasdaq100_match,public_at_sec_acceptance,candidate_review_required
a8f851262852b432895535166866f79552f83ac13133c92d1b9104a80588b2e9,NASDAQ100:AAPL,NASDAQ100:MTCH,AAPL,MTCH,supplier,"In addition to direct revenue from our users, we generate indirect revenue from advertising, which makes up a much smaller percentage of our overall revenue as compared to direct revenue.8Table of ContentsDependencies on services provided by othersApp StoresWe fully rely on the Apple App Store and the Google Play Store to distribute our mobile applications and related in-app products.",10-K,2021-02-25,2021-02-25T21:01:22.000Z,0000891103-21-000014,mtch-20201231.htm,0.60,low,0.95,0.570000,0.010429,2021-02-25T21:01:22.000Z,,1,SEC EDGAR,0000891103-21-000014,https://www.sec.gov/Archives/edgar/data/891103/000089110321000014/mtch-20201231.htm,deterministic explicit-entity and relation-pattern extraction v2,unique_nasdaq100_match,public_at_sec_acceptance,candidate_review_required
aa9f9326edd29db592941d3d6d091e241fc23100590e8108f70a16ba7871ac50,NASDAQ100:AAPL,NASDAQ100:MTCH,AAPL,MTCH,supplier,"We determine the prices at which these subscriptions and features are sold; however, purchases of these subscriptions and features are required in most cases to be processed through the in-app payment systems provided by Apple and Google.",10-K,2021-02-25,2021-02-25T21:01:22.000Z,0000891103-21-000014,mtch-20201231.htm,0.60,low,0.95,0.570000,0.010429,2021-02-25T21:01:22.000Z,,1,SEC EDGAR,0000891103-21-000014,https://www.sec.gov/Archives/edgar/data/891103/000089110321000014/mtch-20201231.htm,deterministic explicit-entity and relation-pattern extraction v2,unique_nasdaq100_match,public_at_sec_acceptance,candidate_review_required
ad7971a302429647f19abd0244e08b754029985b168db6c2cdb8d4b681de6df2,NASDAQ100:AAPL,NASDAQ100:MTCH,AAPL,MTCH,supplier,"The platforms have restricted our access to much of that data.Both Apple and Google have broad discretion to change their respective terms and conditions applicable to the distribution of our applications, including the amount of, and requirement to pay, certain fees associated with purchases required to be facilitated by Apple and Google through our applications, and to interpret their respective terms and conditions in ways that may limit, eliminate or otherwise interfere with our ability to distribute our applications through their stores, the features we provide, the manner in which we market our in-app products, and our ability to access information about our users and subscribers that they collect.",10-K,2021-02-25,2021-02-25T21:01:22.000Z,0000891103-21-000014,mtch-20201231.htm,0.60,low,0.95,0.570000,0.010429,2021-02-25T21:01:22.000Z,,1,SEC EDGAR,0000891103-21-000014,https://www.sec.gov/Archives/edgar/data/891103/000089110321000014/mtch-20201231.htm,deterministic explicit-entity and relation-pattern extraction v2,unique_nasdaq100_match,public_at_sec_acceptance,candidate_review_required
7066b08281a36f756ea74c245ee9f2222aca3ae952272de6e064ce2a3689b9a1,NASDAQ100:AAPL,NASDAQ100:MTCH,AAPL,MTCH,supplier,"Apple or Google could also make changes to their operating systems or payment services that could negatively impact our business, including by unilaterally raising the prices for those services.Cloud ServicesWe rely on third parties, primarily data center service providers and cloud-based, hosted web service providers, such as Amazon Web Services, as well as third party computer systems, broadband and other communications systems and service providers, in connection with the provision of our products generally, as well as to facilitate and process certain transactions with our users.",10-K,2021-02-25,2021-02-25T21:01:22.000Z,0000891103-21-000014,mtch-20201231.htm,0.60,low,0.95,0.570000,0.010429,2021-02-25T21:01:22.000Z,,1,SEC EDGAR,0000891103-21-000014,https://www.sec.gov/Archives/edgar/data/891103/000089110321000014/mtch-20201231.htm,deterministic explicit-entity and relation-pattern extraction v2,unique_nasdaq100_match,public_at_sec_acceptance,candidate_review_required
aa5889d8b44c3bb146070330462f69d471119ba7955256b3aeb1fdf2c3f12717,NASDAQ100:AAPL,NASDAQ100:MTCH,AAPL,MTCH,supplier,"Additionally, Apple and Google are known to retaliate against app developers who publicly or privately challenge their app store rules and policies, and such retaliation has and could adversely affect our business, financial condition and results of operations.The success of our products will depend, in part, on our ability to access, collect, and use personal data about our users and subscribers.We rely on the Apple App Store and Google Play Store to distribute and monetize our mobile applications.",10-K,2021-02-25,2021-02-25T21:01:22.000Z,0000891103-21-000014,mtch-20201231.htm,0.96,high,0.95,0.912000,0.016687,2021-02-25T21:01:22.000Z,,1,SEC EDGAR,0000891103-21-000014,https://www.sec.gov/Archives/edgar/data/891103/000089110321000014/mtch-20201231.htm,deterministic explicit-entity and relation-pattern extraction v2,unique_nasdaq100_match,public_at_sec_acceptance,accepted
46c14c63d7b7ccd4e1de6e35324b5b0f1a14f3fce78bc1012132ec5151e99da8,NASDAQ100:AAPL,NASDAQ100:MTCH,AAPL,MTCH,supplier,"If so, our customer relationship management efforts, our ability to reach new segments of our user and subscriber bases and the population generally, the efficiency of our paid marketing efforts, the rates we are able to charge advertisers seeking to reach users and subscribers on our various properties, and our ability to identify and exclude users and subscribers whose access would violate applicable terms and conditions, including underage individuals and bad actors, may be negatively impacted, and our business, financial condition and results of operations could be adversely affected.As the distribution of our products through app stores increases, in order to maintain our profit margins, we may need to offset increasing app store fees by decreasing traditional marketing expenditures, increasing user volume, or monetization per user or by engaging in other efforts to increase revenue or decrease costs generally, or our business, financial condition, and results of operations could be adversely affected.We rely on the Apple App Store and the Google Play Store to distribute and monetize our mobile applications and related in-app products.",10-K,2021-02-25,2021-02-25T21:01:22.000Z,0000891103-21-000014,mtch-20201231.htm,0.96,high,0.95,0.912000,0.016687,2021-02-25T21:01:22.000Z,,1,SEC EDGAR,0000891103-21-000014,https://www.sec.gov/Archives/edgar/data/891103/000089110321000014/mtch-20201231.htm,deterministic explicit-entity and relation-pattern extraction v2,unique_nasdaq100_match,public_at_sec_acceptance,accepted
569ae84677398b857990833c6ee2aef10fedbed2d76faa8fafef56e3dae45f94,NASDAQ100:AAPL,NASDAQ100:MTCH,AAPL,MTCH,supplier,"We determine the prices at which these subscriptions and features are sold; however, purchases of these subscriptions and features via our mobile applications are required to be processed through 17Table of Contentsthe in-app payment systems provided by Apple and Google.",10-K,2021-02-25,2021-02-25T21:01:22.000Z,0000891103-21-000014,mtch-20201231.htm,0.60,low,0.95,0.570000,0.010429,2021-02-25T21:01:22.000Z,,1,SEC EDGAR,0000891103-21-000014,https://www.sec.gov/Archives/edgar/data/891103/000089110321000014/mtch-20201231.htm,deterministic explicit-entity and relation-pattern extraction v2,unique_nasdaq100_match,public_at_sec_acceptance,candidate_review_required
bef7185ff6d4cc8278e4fe1cefbf243cd7abb826eb61168aee892998511149ed,NASDAQ100:AAPL,NASDAQ100:MTCH,AAPL,MTCH,supplier,"In-app purchase fees are monies paid to Apple and Google in connection with the processing of in-app purchases of subscriptions and product features through the in-app payment systems provided by Apple and Google. •Selling and marketing expense - consists primarily of advertising expenditures and compensation expense (including stock-based compensation expense) and other employee-related costs for personnel engaged in selling and marketing, and sales support functions.",10-K,2021-02-25,2021-02-25T21:01:22.000Z,0000891103-21-000014,mtch-20201231.htm,0.60,low,0.95,0.570000,0.010429,2021-02-25T21:01:22.000Z,,1,SEC EDGAR,0000891103-21-000014,https://www.sec.gov/Archives/edgar/data/891103/000089110321000014/mtch-20201231.htm,deterministic explicit-entity and relation-pattern extraction v2,unique_nasdaq100_match,public_at_sec_acceptance,candidate_review_required
c3883f23bd9a320dc7410d60081f908a63e9e684e4684a2cbcd46580cc57fef0,NASDAQ100:AAPL,NASDAQ100:MTCH,AAPL,MTCH,supplier,"Purchases processed through the in-app payments systems provided by the Apple App Store and Google Play Store are subject to in-app purchase fees, which are generally 30% of the purchase price.",10-K,2021-02-25,2021-02-25T21:01:22.000Z,0000891103-21-000014,mtch-20201231.htm,0.60,low,0.95,0.570000,0.010429,2021-02-25T21:01:22.000Z,,1,SEC EDGAR,0000891103-21-000014,https://www.sec.gov/Archives/edgar/data/891103/000089110321000014/mtch-20201231.htm,deterministic explicit-entity and relation-pattern extraction v2,unique_nasdaq100_match,public_at_sec_acceptance,candidate_review_required
5ae2ddd72df4b12c9f7d580248807beeb456fe808ccb2298e232edd24f07385c,NASDAQ100:AEP,NASDAQ100:AAPL,AEP,AAPL,supplier,"As of December 31, 2020 and 2019, AEP recorded $0 and $66 million, respectively, of Redeemable Noncontrolling Interest in Mezzanine Equity on the balance sheets.393Apple Blossom Wind Holdings LLC and Black Oak Getty Wind Holdings LLCIn April 2019, AEP acquired an equity interest in Apple Blossom Wind Holdings LLC (Apple Blossom) and Black Oak Getty Wind Holdings LLC (Black Oak) (collectively the Project Entities) as part of the purchase of Sempra Renewables LLC.",10-K,2021-02-25,2021-02-25T13:27:36.000Z,0000004904-21-000010,aep-20201231.htm,0.60,low,0.95,0.570000,0.010429,2021-02-25T13:27:36.000Z,,1,SEC EDGAR,0000004904-21-000010,https://www.sec.gov/Archives/edgar/data/4904/000000490421000010/aep-20201231.htm,deterministic explicit-entity and relation-pattern extraction v2,unique_nasdaq100_match,public_at_sec_acceptance,candidate_review_required
ebab287b5434808df66b6f4307d138d1f3e8448c5eda0fbc29d4ee4afbf4cbab,NASDAQ100:GILD,NASDAQ100:MTCH,GILD,MTCH,supplier,"Our Total Rewards program (which varies by country) includes competitive base salary and incentive compensation, stock awards, an employee stock purchase plan, a 401(k) savings plan with a company match that vests immediately, health and welfare and other valuable benefits, such as flexible spending accounts, paid time off, family leave, family care resources, adoption and surrogacy assistance, employee assistance programs, global wellness reimbursement and tuition assistance, among many others.",10-K,2021-02-25,2021-02-25T21:15:23.000Z,0000882095-21-000008,gild-20201231.htm,0.60,low,0.95,0.570000,0.010429,2021-02-25T21:15:23.000Z,,1,SEC EDGAR,0000882095-21-000008,https://www.sec.gov/Archives/edgar/data/882095/000088209521000008/gild-20201231.htm,deterministic explicit-entity and relation-pattern extraction v2,unique_nasdaq100_match,public_at_sec_acceptance,candidate_review_required
3e79af51438325e4bd25fbeb8b0cb72dd0183c6a7f0d80b74b41d54b3afa4151,NASDAQ100:GILD,NASDAQ100:MTCH,GILD,MTCH,customer,"As a result, changes in inventory levels held by those wholesalers can cause our operating results to fluctuate unexpectedly if our sales to these wholesalers do not match end user demand.",10-K,2021-02-25,2021-02-25T21:15:23.000Z,0000882095-21-000008,gild-20201231.htm,0.60,low,0.95,0.570000,0.010429,2021-02-25T21:15:23.000Z,,1,SEC EDGAR,0000882095-21-000008,https://www.sec.gov/Archives/edgar/data/882095/000088209521000008/gild-20201231.htm,deterministic explicit-entity and relation-pattern extraction v2,unique_nasdaq100_match,public_at_sec_acceptance,candidate_review_required
1da7fd15e2b02a44da8b8f5bc1acc1e96b785834055527bf3b0f776593d5d30e,NASDAQ100:KHC,NASDAQ100:KDP,KHC,KDP,supplier,"Smucker CompanyPackaged CoffeeThe Kraft Heinz CompanyPackaged CoffeeNestlé S.A.NCBs (Water), Packaged Coffee, Single-serve brewersPepsiCoCSDs, NCBs, CoffeeAlthough these companies offer competing brands in categories we participate in, they are also our partners and customers, as they purchase beverage concentrates or K-Cup pods directly from us.OUR MATERIAL RESOURCES Our Raw MaterialsThe principal raw materials we use in our business, which we commonly refer to as ingredients and materials, approximate 58% of our cost of sales and include green coffee, PET bottles and caps, including both virgin and recycled PET, aluminum cans and ends, sweeteners, paper products, K-Cup pod packaging materials, fruit, glass bottles and enclosures, juices, teas, water, and other ingredients.",10-K,2021-02-25,2021-02-25T19:32:58.000Z,0001418135-21-000005,kdp-20201231.htm,0.60,low,0.95,0.570000,0.010429,2021-02-25T19:32:58.000Z,,1,SEC EDGAR,0001418135-21-000005,https://www.sec.gov/Archives/edgar/data/1418135/000141813521000005/kdp-20201231.htm,deterministic explicit-entity and relation-pattern extraction v2,unique_nasdaq100_match,public_at_sec_acceptance,candidate_review_required
efd56252ddcf96cbb3a68e1d72d1abb3e09c13f8000eb0f45b94f3c2d76caa1f,NASDAQ100:NXPI,NASDAQ100:AAPL,NXPI,AAPL,customer,"Our 10 largest OEM end customers, some of whom are supplied by distributors, in alphabetical order, are Apple, Aptiv, Bosch, Continental, Denso, Ericsson, Huawei, LG, Samsung and Visteon.",10-K,2021-02-25,2021-02-25T11:28:54.000Z,0001413447-21-000011,nxpi-20201231.htm,0.60,low,0.95,0.570000,0.010429,2021-02-25T11:28:54.000Z,,1,SEC EDGAR,0001413447-21-000011,https://www.sec.gov/Archives/edgar/data/1413447/000141344721000011/nxpi-20201231.htm,deterministic explicit-entity and relation-pattern extraction v2,unique_nasdaq100_match,public_at_sec_acceptance,candidate_review_required
7fc9c9fdd8f20f5f7234e32706115019c08fc838e52f83ae78802dac17486f2b,NASDAQ100:MRNA,NASDAQ100:AZN,MRNA,AZN,strategic_partner,The relationship with AstraZeneca was expanded in 2016 by entering into a new immuno-oncology strategic alliance which is now focused on the joint development of an mRNA investigational medicine to make the IL-12 protein.,10-K,2021-02-26,2021-02-26T21:30:28.000Z,0001682852-21-000006,mrna-20201231.htm,0.82,medium,0.95,0.779000,0.014309,2021-02-26T21:30:28.000Z,,0,SEC EDGAR,0001682852-21-000006,https://www.sec.gov/Archives/edgar/data/1682852/000168285221000006/mrna-20201231.htm,deterministic explicit-entity and relation-pattern extraction v2,unique_nasdaq100_match,public_at_sec_acceptance,accepted
e480689d0684f664e4be1d42f5998aa0ce46eef82a6694f69a0c0e9cc8dc5a8a,NASDAQ100:MRNA,NASDAQ100:AZN,MRNA,AZN,strategic_partner,"2013 Agreements with AstraZeneca, amended and restated in 2018In March 2013, we entered into an Option Agreement and a related Services and Collaboration Agreement with AstraZeneca, which were amended and restated in June 2018 (2018 A&R Agreements).",10-K,2021-02-26,2021-02-26T21:30:28.000Z,0001682852-21-000006,mrna-20201231.htm,0.82,medium,0.95,0.779000,0.014309,2021-02-26T21:30:28.000Z,,0,SEC EDGAR,0001682852-21-000006,https://www.sec.gov/Archives/edgar/data/1682852/000168285221000006/mrna-20201231.htm,deterministic explicit-entity and relation-pattern extraction v2,unique_nasdaq100_match,public_at_sec_acceptance,accepted
62eee7c1c63407287e3764a3830e36b34b7fd078d168d8d62dc1fc0f13531929,NASDAQ100:MRNA,NASDAQ100:AZN,MRNA,AZN,strategic_partner,"The activities to be performed by the parties under the 2018 A&R Agreements are limited to defined biological targets in the cardiovascular and cardiometabolic fields and one defined target in the cancer field.As of the effective date of the original Option Agreement and Services and Collaboration Agreement in 2013, AstraZeneca made upfront cash payments to us totaling $240.0 million in exchange for the acquired options and our performance of certain research-related services, each as described above.",10-K,2021-02-26,2021-02-26T21:30:28.000Z,0001682852-21-000006,mrna-20201231.htm,0.60,low,0.95,0.570000,0.010470,2021-02-26T21:30:28.000Z,,0,SEC EDGAR,0001682852-21-000006,https://www.sec.gov/Archives/edgar/data/1682852/000168285221000006/mrna-20201231.htm,deterministic explicit-entity and relation-pattern extraction v2,unique_nasdaq100_match,public_at_sec_acceptance,candidate_review_required
0281cbcb533e4131500f474d7f8a3de8b3e18c9e28d6874a3340b97366c38320,NASDAQ100:MRNA,NASDAQ100:AZN,MRNA,AZN,strategic_partner,"Further detail on the terms of the 2018 A&R Agreements, including the financial arrangements are included in Note 5 to our Financial Statements (“Collaboration Agreements”).2016 Strategic Alliance with AstraZeneca—IL-12In January 2016, we entered into a new Strategic Drug Development Collaboration and License Agreement (2016 AZ Agreement) with AstraZeneca to discover, develop and commercialize potential mRNA medicines for the treatment of a range of cancers.Under the terms of the 2016 AZ Agreement, we and AstraZeneca have agreed to work together on an immuno-oncology program focused on the intratumoral delivery of a potential mRNA medicine to make the IL-12 protein.",10-K,2021-02-26,2021-02-26T21:30:28.000Z,0001682852-21-000006,mrna-20201231.htm,0.82,medium,0.95,0.779000,0.014309,2021-02-26T21:30:28.000Z,,0,SEC EDGAR,0001682852-21-000006,https://www.sec.gov/Archives/edgar/data/1682852/000168285221000006/mrna-20201231.htm,deterministic explicit-entity and relation-pattern extraction v2,unique_nasdaq100_match,public_at_sec_acceptance,accepted
09679f4c35a173094adca75a32694d76cc610b0f96e1467eddcc64b263ef6fde,NASDAQ100:MRNA,NASDAQ100:AZN,MRNA,AZN,strategic_partner,"Further detail on the terms of the 2016 AZ Agreement, including the financial arrangements are included in Note 5 to our Financial Statements (“Collaboration Agreements”).77Table of Contents2017 Strategic Alliance with AstraZeneca—Relaxin In October 2017, we entered a new Collaboration and License Agreement (2017 AZ License Agreement) under which AstraZeneca had the right to clinically develop and commercialize a development candidate, known as AZD7970, which is comprised of an mRNA construct for the relaxin protein designed by us and encapsulated in one of our proprietary LNPs.",10-K,2021-02-26,2021-02-26T21:30:28.000Z,0001682852-21-000006,mrna-20201231.htm,0.82,medium,0.95,0.779000,0.014309,2021-02-26T21:30:28.000Z,,0,SEC EDGAR,0001682852-21-000006,https://www.sec.gov/Archives/edgar/data/1682852/000168285221000006/mrna-20201231.htm,deterministic explicit-entity and relation-pattern extraction v2,unique_nasdaq100_match,public_at_sec_acceptance,accepted
1a32966108d01087b94305fbc6d29a527582d36fa834fa489f47e3f2cabe0963,NASDAQ100:MRNA,NASDAQ100:AZN,MRNA,AZN,strategic_partner,We discovered and performed preclinical development activities for AZD7970 prior to the initiation of the strategic alliance with AstraZeneca under the 2017 AZ License Agreement.,10-K,2021-02-26,2021-02-26T21:30:28.000Z,0001682852-21-000006,mrna-20201231.htm,0.82,medium,0.95,0.779000,0.014309,2021-02-26T21:30:28.000Z,,0,SEC EDGAR,0001682852-21-000006,https://www.sec.gov/Archives/edgar/data/1682852/000168285221000006/mrna-20201231.htm,deterministic explicit-entity and relation-pattern extraction v2,unique_nasdaq100_match,public_at_sec_acceptance,accepted
d2fc9ea1582d8b4266d87bbfd40579aa7d51756ba26b2afc2a423a83bff0b134,NASDAQ100:MRNA,NASDAQ100:AZN,MRNA,AZN,customer,"Other than product sales, our revenue has been primarily derived from government-sponsored and private organizations including BARDA, DARPA and the Gates Foundation and from strategic alliances with AstraZeneca, Merck and Vertex to discover, develop, and commercialize potential mRNA medicines.166Table of ContentsThe following table summarizes collaboration revenue for the periods presented (in thousands):Years Ended December 31,202020192018BARDA$521,652 $7,608 $6,736 Other grant revenue7,253 4,565 5,820 Total grant revenue$528,905 $12,173 $12,556 Grant revenue from BARDA increased significantly in 2020, as a result of an award to accelerate development of our COVID-19 vaccine.",10-K,2021-02-26,2021-02-26T21:30:28.000Z,0001682852-21-000006,mrna-20201231.htm,0.60,low,0.95,0.570000,0.010470,2021-02-26T21:30:28.000Z,,1,SEC EDGAR,0001682852-21-000006,https://www.sec.gov/Archives/edgar/data/1682852/000168285221000006/mrna-20201231.htm,deterministic explicit-entity and relation-pattern extraction v2,unique_nasdaq100_match,public_at_sec_acceptance,candidate_review_required
133f88952fe2803b2116afbbe8ab3f3e987d5f1850b8342d4334764387ed768a,NASDAQ100:MRNA,NASDAQ100:AZN,MRNA,AZN,customer,"The following table summarizes collaboration revenue for the periods presented (in thousands):Years Ended December 31,202020192018Collaboration revenue:AstraZeneca$32,624 $5,233 $45,993 Merck26,076 36,608 66,082 Vertex15,505 6,195 10,437 Other413 — — Total collaboration revenue$74,618 $48,036 $122,512 We expect our product sales to significantly increase in 2021.",10-K,2021-02-26,2021-02-26T21:30:28.000Z,0001682852-21-000006,mrna-20201231.htm,0.60,low,0.95,0.570000,0.010470,2021-02-26T21:30:28.000Z,,1,SEC EDGAR,0001682852-21-000006,https://www.sec.gov/Archives/edgar/data/1682852/000168285221000006/mrna-20201231.htm,deterministic explicit-entity and relation-pattern extraction v2,unique_nasdaq100_match,public_at_sec_acceptance,candidate_review_required
b400d57f405433fc99031031815d49a18933dd27feb1caec170cf96d4da06a39,NASDAQ100:MRNA,NASDAQ100:AZN,MRNA,AZN,strategic_partner,"Collaboration revenue increased by $26.6 million, or 55% in 2020, primarily due to increased revenue from AstraZeneca and Vertex attributable to a change in estimated costs for our future performance obligations under the collaboration agreement with AstraZeneca and an increase in reimbursable costs under the collaboration agreement with Vertex, partially offset by a decrease in revenue from Merck.",10-K,2021-02-26,2021-02-26T21:30:28.000Z,0001682852-21-000006,mrna-20201231.htm,0.82,medium,0.95,0.779000,0.014309,2021-02-26T21:30:28.000Z,,0,SEC EDGAR,0001682852-21-000006,https://www.sec.gov/Archives/edgar/data/1682852/000168285221000006/mrna-20201231.htm,deterministic explicit-entity and relation-pattern extraction v2,unique_nasdaq100_match,public_at_sec_acceptance,accepted
ed8b296d66f80620e39bf9873d95f0d1ed450fc647e74341a7bba9527f99e123,NASDAQ100:MRNA,NASDAQ100:AZN,MRNA,AZN,customer,"A significant portion of our revenue to date has been generated from the following entities that accounted for more than 10% of total revenue and accounts receivable for the periods presented:Percentage of RevenueYears Ended December 31,Percentage of Accounts ReceivableDecember 31,20202019201820202019Merck*61 %49 %*13 %BARDA65 %13 %*22 %54 %Vertex*10 %**17 %AstraZeneca**34 %**U.S.",10-K,2021-02-26,2021-02-26T21:30:28.000Z,0001682852-21-000006,mrna-20201231.htm,0.60,low,0.95,0.570000,0.010470,2021-02-26T21:30:28.000Z,,1,SEC EDGAR,0001682852-21-000006,https://www.sec.gov/Archives/edgar/data/1682852/000168285221000006/mrna-20201231.htm,deterministic explicit-entity and relation-pattern extraction v2,unique_nasdaq100_match,public_at_sec_acceptance,candidate_review_required
b368f5e79fe40e80e9e24f6d561bd1261ba0b3b353baefdc6c244af924555dde,NASDAQ100:MRNA,NASDAQ100:AZN,MRNA,AZN,strategic_partner,"Table of ContentsAstraZeneca – Strategic Alliances in Cardiovascular and Oncology2013 Option Agreement and Services and Collaboration AgreementIn March 2013, we entered into an Option Agreement, the AZ Option Agreement, and a related Services and Collaboration Agreement, the AZ Services Agreement, with AstraZeneca, which were amended and restated in June 2018.",10-K,2021-02-26,2021-02-26T21:30:28.000Z,0001682852-21-000006,mrna-20201231.htm,0.82,medium,0.95,0.779000,0.014309,2021-02-26T21:30:28.000Z,,0,SEC EDGAR,0001682852-21-000006,https://www.sec.gov/Archives/edgar/data/1682852/000168285221000006/mrna-20201231.htm,deterministic explicit-entity and relation-pattern extraction v2,unique_nasdaq100_match,public_at_sec_acceptance,accepted
e21d3517ec9a1ee22a3d9e1ed16f434c50a212e019a255f137072c619381704c,NASDAQ100:MRNA,NASDAQ100:AZN,MRNA,AZN,strategic_partner,"AstraZeneca had the right to terminate the 2013 AZ Agreements in full, without cause, upon 90-days’ prior notice to us.203Table of Contents2016 Strategic Alliance with AstraZeneca – IL-12In January 2016, we entered into a new Strategic Drug Development Collaboration and License Agreement, which we refer to as the 2016 AZ Agreement, with AstraZeneca to discover, develop and commercialize potential mRNA medicines for the treatment of a range of cancers.Under the terms of the 2016 AZ Agreement, we and AstraZeneca have agreed to work together on an immuno-oncology program focused on the intratumoral delivery of a potential mRNA medicine to make the IL-12 protein.",10-K,2021-02-26,2021-02-26T21:30:28.000Z,0001682852-21-000006,mrna-20201231.htm,0.82,medium,0.95,0.779000,0.014309,2021-02-26T21:30:28.000Z,,0,SEC EDGAR,0001682852-21-000006,https://www.sec.gov/Archives/edgar/data/1682852/000168285221000006/mrna-20201231.htm,deterministic explicit-entity and relation-pattern extraction v2,unique_nasdaq100_match,public_at_sec_acceptance,accepted
cdb1713f765ae123336bff6de6f72ce217ff4b7aa95ecddf5f3808dbfe5648c7,NASDAQ100:MRNA,NASDAQ100:AZN,MRNA,AZN,strategic_partner,"2013 Agreements with AstraZeneca, amended and restated in 2018 In June 2018, we entered into an Amended and Restated Option Agreement and a related Amended and Restated Services and collaboration Agreement with AstraZeneca, or the 2018 A&R Agreements, which amended and restated the 2013 AZ Agreements.",10-K,2021-02-26,2021-02-26T21:30:28.000Z,0001682852-21-000006,mrna-20201231.htm,0.82,medium,0.95,0.779000,0.014309,2021-02-26T21:30:28.000Z,,0,SEC EDGAR,0001682852-21-000006,https://www.sec.gov/Archives/edgar/data/1682852/000168285221000006/mrna-20201231.htm,deterministic explicit-entity and relation-pattern extraction v2,unique_nasdaq100_match,public_at_sec_acceptance,accepted
0832b2c1dc73539bba59519195292ca52ad5de2badfc5d29b9ecaf9853ec675a,NASDAQ100:MRNA,NASDAQ100:AZN,MRNA,AZN,customer,Any supply requested by AstraZeneca in excess of the minimum quantities specified in the agreement are considered customer options and treated as separate contracts for accounting purposes.,10-K,2021-02-26,2021-02-26T21:30:28.000Z,0001682852-21-000006,mrna-20201231.htm,0.60,low,0.95,0.570000,0.010470,2021-02-26T21:30:28.000Z,,1,SEC EDGAR,0001682852-21-000006,https://www.sec.gov/Archives/edgar/data/1682852/000168285221000006/mrna-20201231.htm,deterministic explicit-entity and relation-pattern extraction v2,unique_nasdaq100_match,public_at_sec_acceptance,candidate_review_required
11dfec7e0fbe24729e39aa140447ca731d27c9921550e6e28be768d9945b69e3,NASDAQ100:MRNA,NASDAQ100:AZN,MRNA,AZN,strategic_partner,"4 dated as of June 28, 2016. (1)10.5†Amended and Restated mRNA Cancer Vaccine Collaboration and License Agreement, by and between ModernaTX, Inc. and Merck Sharp & Dohme Corp., dated as of April 17, 2018. (1)10.6†Amended and Restated Option Agreement by and between ModernaTX, Inc. and AstraZeneca AB, dated as of June 15, 2018. (1)10.7†Amended and Restated Services and Collaboration Agreement by and between ModernaTX, Inc. and AstraZeneca AB, dated as of June 15, 2018. (1)10.8†Patent Sublicense Agreement, by and among ModernaTX, Inc. and Cellscript, LLC and mRNA RiboTherapeutics, Inc. (solely with respect to certain provisions), dated as of June 26, 2017. (1)10.9Lease Agreement, by and between Moderna Therapeutics, Inc. and ARE-Tech Square, LLC, dated as of May 26, 2016, as amended by Amendment No.",10-K,2021-02-26,2021-02-26T21:30:28.000Z,0001682852-21-000006,mrna-20201231.htm,0.82,medium,0.95,0.779000,0.014309,2021-02-26T21:30:28.000Z,,0,SEC EDGAR,0001682852-21-000006,https://www.sec.gov/Archives/edgar/data/1682852/000168285221000006/mrna-20201231.htm,deterministic explicit-entity and relation-pattern extraction v2,unique_nasdaq100_match,public_at_sec_acceptance,accepted
640d4a215e2b2bc5f84d7d4084142f006e30c7236b581bba10cd84a34fddf133,NASDAQ100:NVDA,NASDAQ100:AMD,NVDA,AMD,supplier,"We expect an increasingly competitive environment in our fiscal year 2022.Our current competitors include:•suppliers and licensors designing discrete and integrated GPUs and other accelerated computing solutions, including chipsets that incorporate 3D graphics, or HPC, such as Advanced Micro Devices, or AMD, Intel Corporation, and Xilinx, Inc.;•large internet services companies with internal teams designing chips that incorporates HPC or accelerated computing functionality as part of their internal solutions or platforms, such as Alphabet Inc. and Amazon, Inc.;•suppliers of SoC products that are embedded into automobiles, autonomous machines, and gaming devices, such as Ambarella, Inc., AMD, Broadcom Inc., Intel, Qualcomm Incorporated, Renesas Electronics Corporation, Samsung, and Xilinx or companies with internal teams designing SoC products for internal use, such as Tesla Motors; and•suppliers of interconnect, switch and cable solutions such as Applied Optoelectronics, Inc., Arista Networks, Broadcom, Cisco Systems, Inc., Hewlett Packard Enterprise Company, Intel, Juniper Networks, Inc., Lumentum Holdings, Marvell Technology Group, and Xilinx, as well as internal teams of system vendors and large internet services companies such as Alphabet and Amazon.Patents and Proprietary RightsWe rely primarily on a combination of patents, trademarks, trade secrets, employee and third-party nondisclosure agreements, and licensing arrangements to protect our intellectual property in the United States and internationally.",10-K,2021-02-26,2021-02-26T22:03:14.000Z,0001045810-21-000010,nvda-20210131.htm,0.60,low,0.95,0.570000,0.010470,2021-02-26T22:03:14.000Z,,1,SEC EDGAR,0001045810-21-000010,https://www.sec.gov/Archives/edgar/data/1045810/000104581021000010/nvda-20210131.htm,deterministic explicit-entity and relation-pattern extraction v2,unique_nasdaq100_match,public_at_sec_acceptance,candidate_review_required
f5c3d9a0d90e2977b81b207294680293de3b01aa79b5ab0ff4ae63099bd52a8b,NASDAQ100:NVDA,NASDAQ100:AVGO,NVDA,AVGO,supplier,"We expect an increasingly competitive environment in our fiscal year 2022.Our current competitors include:•suppliers and licensors designing discrete and integrated GPUs and other accelerated computing solutions, including chipsets that incorporate 3D graphics, or HPC, such as Advanced Micro Devices, or AMD, Intel Corporation, and Xilinx, Inc.;•large internet services companies with internal teams designing chips that incorporates HPC or accelerated computing functionality as part of their internal solutions or platforms, such as Alphabet Inc. and Amazon, Inc.;•suppliers of SoC products that are embedded into automobiles, autonomous machines, and gaming devices, such as Ambarella, Inc., AMD, Broadcom Inc., Intel, Qualcomm Incorporated, Renesas Electronics Corporation, Samsung, and Xilinx or companies with internal teams designing SoC products for internal use, such as Tesla Motors; and•suppliers of interconnect, switch and cable solutions such as Applied Optoelectronics, Inc., Arista Networks, Broadcom, Cisco Systems, Inc., Hewlett Packard Enterprise Company, Intel, Juniper Networks, Inc., Lumentum Holdings, Marvell Technology Group, and Xilinx, as well as internal teams of system vendors and large internet services companies such as Alphabet and Amazon.Patents and Proprietary RightsWe rely primarily on a combination of patents, trademarks, trade secrets, employee and third-party nondisclosure agreements, and licensing arrangements to protect our intellectual property in the United States and internationally.",10-K,2021-02-26,2021-02-26T22:03:14.000Z,0001045810-21-000010,nvda-20210131.htm,0.60,low,0.95,0.570000,0.010470,2021-02-26T22:03:14.000Z,,1,SEC EDGAR,0001045810-21-000010,https://www.sec.gov/Archives/edgar/data/1045810/000104581021000010/nvda-20210131.htm,deterministic explicit-entity and relation-pattern extraction v2,unique_nasdaq100_match,public_at_sec_acceptance,candidate_review_required
0486c7ecd51b164e9019ab778d3f0265d664346e1b00148cf2902a82d69ca2bb,NASDAQ100:NVDA,NASDAQ100:CSCO,NVDA,CSCO,supplier,"We expect an increasingly competitive environment in our fiscal year 2022.Our current competitors include:•suppliers and licensors designing discrete and integrated GPUs and other accelerated computing solutions, including chipsets that incorporate 3D graphics, or HPC, such as Advanced Micro Devices, or AMD, Intel Corporation, and Xilinx, Inc.;•large internet services companies with internal teams designing chips that incorporates HPC or accelerated computing functionality as part of their internal solutions or platforms, such as Alphabet Inc. and Amazon, Inc.;•suppliers of SoC products that are embedded into automobiles, autonomous machines, and gaming devices, such as Ambarella, Inc., AMD, Broadcom Inc., Intel, Qualcomm Incorporated, Renesas Electronics Corporation, Samsung, and Xilinx or companies with internal teams designing SoC products for internal use, such as Tesla Motors; and•suppliers of interconnect, switch and cable solutions such as Applied Optoelectronics, Inc., Arista Networks, Broadcom, Cisco Systems, Inc., Hewlett Packard Enterprise Company, Intel, Juniper Networks, Inc., Lumentum Holdings, Marvell Technology Group, and Xilinx, as well as internal teams of system vendors and large internet services companies such as Alphabet and Amazon.Patents and Proprietary RightsWe rely primarily on a combination of patents, trademarks, trade secrets, employee and third-party nondisclosure agreements, and licensing arrangements to protect our intellectual property in the United States and internationally.",10-K,2021-02-26,2021-02-26T22:03:14.000Z,0001045810-21-000010,nvda-20210131.htm,0.60,low,0.95,0.570000,0.010470,2021-02-26T22:03:14.000Z,,1,SEC EDGAR,0001045810-21-000010,https://www.sec.gov/Archives/edgar/data/1045810/000104581021000010/nvda-20210131.htm,deterministic explicit-entity and relation-pattern extraction v2,unique_nasdaq100_match,public_at_sec_acceptance,candidate_review_required
a1f1606d47acee679a3b35c9e3f28091b2c798ffd879e0b9f2eff7cf0fcb02af,NASDAQ100:NVDA,NASDAQ100:GOOG,NVDA,GOOG,supplier,"We expect an increasingly competitive environment in our fiscal year 2022.Our current competitors include:•suppliers and licensors designing discrete and integrated GPUs and other accelerated computing solutions, including chipsets that incorporate 3D graphics, or HPC, such as Advanced Micro Devices, or AMD, Intel Corporation, and Xilinx, Inc.;•large internet services companies with internal teams designing chips that incorporates HPC or accelerated computing functionality as part of their internal solutions or platforms, such as Alphabet Inc. and Amazon, Inc.;•suppliers of SoC products that are embedded into automobiles, autonomous machines, and gaming devices, such as Ambarella, Inc., AMD, Broadcom Inc., Intel, Qualcomm Incorporated, Renesas Electronics Corporation, Samsung, and Xilinx or companies with internal teams designing SoC products for internal use, such as Tesla Motors; and•suppliers of interconnect, switch and cable solutions such as Applied Optoelectronics, Inc., Arista Networks, Broadcom, Cisco Systems, Inc., Hewlett Packard Enterprise Company, Intel, Juniper Networks, Inc., Lumentum Holdings, Marvell Technology Group, and Xilinx, as well as internal teams of system vendors and large internet services companies such as Alphabet and Amazon.Patents and Proprietary RightsWe rely primarily on a combination of patents, trademarks, trade secrets, employee and third-party nondisclosure agreements, and licensing arrangements to protect our intellectual property in the United States and internationally.",10-K,2021-02-26,2021-02-26T22:03:14.000Z,0001045810-21-000010,nvda-20210131.htm,0.60,low,0.95,0.570000,0.010470,2021-02-26T22:03:14.000Z,,1,SEC EDGAR,0001045810-21-000010,https://www.sec.gov/Archives/edgar/data/1045810/000104581021000010/nvda-20210131.htm,deterministic explicit-entity and relation-pattern extraction v2,unique_nasdaq100_match,public_at_sec_acceptance,candidate_review_required
8426d8506b159ec001ec66b178728ccc321754b0d5891bf86d3ade4c142a4fb9,NASDAQ100:NVDA,NASDAQ100:GOOGL,NVDA,GOOGL,supplier,"We expect an increasingly competitive environment in our fiscal year 2022.Our current competitors include:•suppliers and licensors designing discrete and integrated GPUs and other accelerated computing solutions, including chipsets that incorporate 3D graphics, or HPC, such as Advanced Micro Devices, or AMD, Intel Corporation, and Xilinx, Inc.;•large internet services companies with internal teams designing chips that incorporates HPC or accelerated computing functionality as part of their internal solutions or platforms, such as Alphabet Inc. and Amazon, Inc.;•suppliers of SoC products that are embedded into automobiles, autonomous machines, and gaming devices, such as Ambarella, Inc., AMD, Broadcom Inc., Intel, Qualcomm Incorporated, Renesas Electronics Corporation, Samsung, and Xilinx or companies with internal teams designing SoC products for internal use, such as Tesla Motors; and•suppliers of interconnect, switch and cable solutions such as Applied Optoelectronics, Inc., Arista Networks, Broadcom, Cisco Systems, Inc., Hewlett Packard Enterprise Company, Intel, Juniper Networks, Inc., Lumentum Holdings, Marvell Technology Group, and Xilinx, as well as internal teams of system vendors and large internet services companies such as Alphabet and Amazon.Patents and Proprietary RightsWe rely primarily on a combination of patents, trademarks, trade secrets, employee and third-party nondisclosure agreements, and licensing arrangements to protect our intellectual property in the United States and internationally.",10-K,2021-02-26,2021-02-26T22:03:14.000Z,0001045810-21-000010,nvda-20210131.htm,0.60,low,0.95,0.570000,0.010470,2021-02-26T22:03:14.000Z,,1,SEC EDGAR,0001045810-21-000010,https://www.sec.gov/Archives/edgar/data/1045810/000104581021000010/nvda-20210131.htm,deterministic explicit-entity and relation-pattern extraction v2,unique_nasdaq100_match,public_at_sec_acceptance,candidate_review_required
f3859b16490f89c1dbbaf90d351ce190b30f64467971b42a1fc3223bed05551f,NASDAQ100:NVDA,NASDAQ100:MRVL,NVDA,MRVL,supplier,"We expect an increasingly competitive environment in our fiscal year 2022.Our current competitors include:•suppliers and licensors designing discrete and integrated GPUs and other accelerated computing solutions, including chipsets that incorporate 3D graphics, or HPC, such as Advanced Micro Devices, or AMD, Intel Corporation, and Xilinx, Inc.;•large internet services companies with internal teams designing chips that incorporates HPC or accelerated computing functionality as part of their internal solutions or platforms, such as Alphabet Inc. and Amazon, Inc.;•suppliers of SoC products that are embedded into automobiles, autonomous machines, and gaming devices, such as Ambarella, Inc., AMD, Broadcom Inc., Intel, Qualcomm Incorporated, Renesas Electronics Corporation, Samsung, and Xilinx or companies with internal teams designing SoC products for internal use, such as Tesla Motors; and•suppliers of interconnect, switch and cable solutions such as Applied Optoelectronics, Inc., Arista Networks, Broadcom, Cisco Systems, Inc., Hewlett Packard Enterprise Company, Intel, Juniper Networks, Inc., Lumentum Holdings, Marvell Technology Group, and Xilinx, as well as internal teams of system vendors and large internet services companies such as Alphabet and Amazon.Patents and Proprietary RightsWe rely primarily on a combination of patents, trademarks, trade secrets, employee and third-party nondisclosure agreements, and licensing arrangements to protect our intellectual property in the United States and internationally.",10-K,2021-02-26,2021-02-26T22:03:14.000Z,0001045810-21-000010,nvda-20210131.htm,0.60,low,0.95,0.570000,0.010470,2021-02-26T22:03:14.000Z,,1,SEC EDGAR,0001045810-21-000010,https://www.sec.gov/Archives/edgar/data/1045810/000104581021000010/nvda-20210131.htm,deterministic explicit-entity and relation-pattern extraction v2,unique_nasdaq100_match,public_at_sec_acceptance,candidate_review_required
927d78ab731b3369f302de3c630f6e4715fd7282154711793b4c458ec5dcf276,NASDAQ100:NVDA,NASDAQ100:MSFT,NVDA,MSFT,supplier,"Under the agreement, if an individual or corporation makes an offer to purchase shares equal to or greater than 30% of the outstanding shares of our common stock, Microsoft may have first and last rights of refusal to purchase the stock.",10-K,2021-02-26,2021-02-26T22:03:14.000Z,0001045810-21-000010,nvda-20210131.htm,0.60,low,0.95,0.570000,0.010470,2021-02-26T22:03:14.000Z,,1,SEC EDGAR,0001045810-21-000010,https://www.sec.gov/Archives/edgar/data/1045810/000104581021000010/nvda-20210131.htm,deterministic explicit-entity and relation-pattern extraction v2,unique_nasdaq100_match,public_at_sec_acceptance,candidate_review_required
d3907e9d213dbdf855baea77a4ab7f7a7288c716c15a75996d3e9a90497dfb27,NASDAQ100:NVDA,NASDAQ100:MU,NVDA,MU,customer,"Ltd., Kinsus Interconnect Technology Corporation, and Unimicron Technology Corporation, and memory from Micron Technology, Samsung Semiconductor, Inc., and SK Hynix.We typically receive semiconductor products from our subcontractors, perform incoming quality assurance and configuration, and then ship the semiconductors to contract equipment manufacturers, or CEMs, distributors, motherboard and add-in card, or AIC, customers from our third-party warehouse in Hong Kong, Israel, and the United States.",10-K,2021-02-26,2021-02-26T22:03:14.000Z,0001045810-21-000010,nvda-20210131.htm,0.60,low,0.95,0.570000,0.010470,2021-02-26T22:03:14.000Z,,1,SEC EDGAR,0001045810-21-000010,https://www.sec.gov/Archives/edgar/data/1045810/000104581021000010/nvda-20210131.htm,deterministic explicit-entity and relation-pattern extraction v2,unique_nasdaq100_match,public_at_sec_acceptance,candidate_review_required
97b9a52da11662626df8a56e83ae30fec6e16a1af3c8e348644cb1b61438a7da,NASDAQ100:NVDA,NASDAQ100:TSLA,NVDA,TSLA,supplier,"We expect an increasingly competitive environment in our fiscal year 2022.Our current competitors include:•suppliers and licensors designing discrete and integrated GPUs and other accelerated computing solutions, including chipsets that incorporate 3D graphics, or HPC, such as Advanced Micro Devices, or AMD, Intel Corporation, and Xilinx, Inc.;•large internet services companies with internal teams designing chips that incorporates HPC or accelerated computing functionality as part of their internal solutions or platforms, such as Alphabet Inc. and Amazon, Inc.;•suppliers of SoC products that are embedded into automobiles, autonomous machines, and gaming devices, such as Ambarella, Inc., AMD, Broadcom Inc., Intel, Qualcomm Incorporated, Renesas Electronics Corporation, Samsung, and Xilinx or companies with internal teams designing SoC products for internal use, such as Tesla Motors; and•suppliers of interconnect, switch and cable solutions such as Applied Optoelectronics, Inc., Arista Networks, Broadcom, Cisco Systems, Inc., Hewlett Packard Enterprise Company, Intel, Juniper Networks, Inc., Lumentum Holdings, Marvell Technology Group, and Xilinx, as well as internal teams of system vendors and large internet services companies such as Alphabet and Amazon.Patents and Proprietary RightsWe rely primarily on a combination of patents, trademarks, trade secrets, employee and third-party nondisclosure agreements, and licensing arrangements to protect our intellectual property in the United States and internationally.",10-K,2021-02-26,2021-02-26T22:03:14.000Z,0001045810-21-000010,nvda-20210131.htm,0.60,low,0.95,0.570000,0.010470,2021-02-26T22:03:14.000Z,,1,SEC EDGAR,0001045810-21-000010,https://www.sec.gov/Archives/edgar/data/1045810/000104581021000010/nvda-20210131.htm,deterministic explicit-entity and relation-pattern extraction v2,unique_nasdaq100_match,public_at_sec_acceptance,candidate_review_required
5e70e7af05e649d5c5854d2f3cbe7821a2849a3de2b89c3cc840f035f117168c,NASDAQ100:AVGO,NASDAQ100:DDOG,AVGO,DDOG,supplier,"With respect to on-premise infrastructure monitoring, we compete with diversified technology companies and systems management vendors including IBM, Microsoft Corporation, Micro Focus International plc, BMC Software, Inc. and Broadcom.",10-K,2021-03-01,2021-03-01T19:25:23.000Z,0001564590-21-009770,ddog-10k_20201231.htm,0.60,low,0.95,0.570000,0.010591,2021-03-01T19:25:23.000Z,,1,SEC EDGAR,0001564590-21-009770,https://www.sec.gov/Archives/edgar/data/1561550/000156459021009770/ddog-10k_20201231.htm,deterministic explicit-entity and relation-pattern extraction v2,unique_nasdaq100_match,public_at_sec_acceptance,candidate_review_required
01c4ba6a319cd184b7363595b350efb8504404ff5e8fd4909a334112f0adaf77,NASDAQ100:MSFT,NASDAQ100:DDOG,MSFT,DDOG,supplier,"With respect to on-premise infrastructure monitoring, we compete with diversified technology companies and systems management vendors including IBM, Microsoft Corporation, Micro Focus International plc, BMC Software, Inc. and Broadcom.",10-K,2021-03-01,2021-03-01T19:25:23.000Z,0001564590-21-009770,ddog-10k_20201231.htm,0.60,low,0.95,0.570000,0.010591,2021-03-01T19:25:23.000Z,,1,SEC EDGAR,0001564590-21-009770,https://www.sec.gov/Archives/edgar/data/1561550/000156459021009770/ddog-10k_20201231.htm,deterministic explicit-entity and relation-pattern extraction v2,unique_nasdaq100_match,public_at_sec_acceptance,candidate_review_required
d949624611d1515189351d2c0490ec85dd38a76bf4410bc4ee62c4e7176e5fd8,NASDAQ100:MSFT,NASDAQ100:DDOG,MSFT,DDOG,supplier,"With respect to on-premise infrastructure monitoring, we compete with diversified technology companies and systems management vendors including IBM, Microsoft Corporation, Micro Focus International plc, BMC Software, Inc. and Computer Associates International, Inc.",10-K,2021-03-01,2021-03-01T19:25:23.000Z,0001564590-21-009770,ddog-10k_20201231.htm,0.60,low,0.95,0.570000,0.010591,2021-03-01T19:25:23.000Z,,1,SEC EDGAR,0001564590-21-009770,https://www.sec.gov/Archives/edgar/data/1561550/000156459021009770/ddog-10k_20201231.htm,deterministic explicit-entity and relation-pattern extraction v2,unique_nasdaq100_match,public_at_sec_acceptance,candidate_review_required
2162fddbdd0d50c1656f88ca33cb777e874106222983b151ff698036fb63a59d,NASDAQ100:MTCH,NASDAQ100:MELI,MTCH,MELI,supplier,The Company’s BPP provides protection to consumers by reimbursing them for the total value of a purchased item and the value of any shipping service paid if it does not arrive or does not match the seller’s description.,10-K,2021-03-01,2021-03-01T21:26:47.000Z,0001562762-21-000079,meli-20201231x10k.htm,0.60,low,0.95,0.570000,0.010591,2021-03-01T21:26:47.000Z,,1,SEC EDGAR,0001562762-21-000079,https://www.sec.gov/Archives/edgar/data/1099590/000156276221000079/meli-20201231x10k.htm,deterministic explicit-entity and relation-pattern extraction v2,unique_nasdaq100_match,public_at_sec_acceptance,candidate_review_required
8348d5fe8991d26fe8d42ee000df76bd2786a013715a91419ef76e63decf4a7b,NASDAQ100:PYPL,NASDAQ100:MELI,PYPL,MELI,supplier,"10-Q August 7, 2013 10.07 Amended and Restated 2011 Long-Term Retention Plan 10-Q August 5, 2016 10.08 Amended and Restated 2012 Long-Term Retention Plan 10-Q August 5, 2016 10.09 Amended and Restated 2013 Long-Term Retention Plan 10-Q August 5, 2016 10.10 Amended and Restated 2014 Long-Term Retention Plan 10-Q August 5, 2016 10.11 Amended and Restated 2015 Long-Term Retention Plan 10-Q August 5, 2016 10.12 2016 Long-Term Retention Plan 10-Q August 5, 2016 10.13 2017 Long-Term Retention Plan 8-K April 7, 2017 10.14 Amended 2018 Long-Term Retention Plan 10-Q May 3, 2019 10.15 2019 Long-Term Retention Plan 10-Q May 3, 2019 10.16 2020 Long-Term Retention Plan 8-K May 5, 2020 10.17 Securities Purchase Agreement, dated as of March 11, 2019, by and between MercadoLibre, Inc. and PayPal, Inc.",10-K,2021-03-01,2021-03-01T21:26:47.000Z,0001562762-21-000079,meli-20201231x10k.htm,0.60,low,0.95,0.570000,0.010591,2021-03-01T21:26:47.000Z,,1,SEC EDGAR,0001562762-21-000079,https://www.sec.gov/Archives/edgar/data/1099590/000156276221000079/meli-20201231x10k.htm,deterministic explicit-entity and relation-pattern extraction v2,unique_nasdaq100_match,public_at_sec_acceptance,candidate_review_required
3e8e008c58a6b10cbfc38398c21ddb9d4c010ca80fe55f23c6cb77c10c8f8e34,NASDAQ100:ADP,NASDAQ100:WDAY,ADP,WDAY,supplier,"These vendors include, without limitation: UKG Inc. (formerly The Ultimate Software Group, Inc.), Automatic Data Processing, Inc., Infor, Inc., Ceridian HCM Holding Inc., Microsoft Corporation, Anaplan, Inc., and Coupa Software Inc.",10-K,2021-03-02,2021-03-02T21:03:28.000Z,0001327811-21-000020,wday-20210131.htm,0.60,low,0.95,0.570000,0.010632,2021-03-02T21:03:28.000Z,,1,SEC EDGAR,0001327811-21-000020,https://www.sec.gov/Archives/edgar/data/1327811/000132781121000020/wday-20210131.htm,deterministic explicit-entity and relation-pattern extraction v2,unique_nasdaq100_match,public_at_sec_acceptance,candidate_review_required
173448f5ff80dd2f3fc1323095e0b63aaa010e37933a731cba5f2380f24ea635,NASDAQ100:MSFT,NASDAQ100:WDAY,MSFT,WDAY,supplier,"These vendors include, without limitation: UKG Inc. (formerly The Ultimate Software Group, Inc.), Automatic Data Processing, Inc., Infor, Inc., Ceridian HCM Holding Inc., Microsoft Corporation, Anaplan, Inc., and Coupa Software Inc.",10-K,2021-03-02,2021-03-02T21:03:28.000Z,0001327811-21-000020,wday-20210131.htm,0.60,low,0.95,0.570000,0.010632,2021-03-02T21:03:28.000Z,,1,SEC EDGAR,0001327811-21-000020,https://www.sec.gov/Archives/edgar/data/1327811/000132781121000020/wday-20210131.htm,deterministic explicit-entity and relation-pattern extraction v2,unique_nasdaq100_match,public_at_sec_acceptance,candidate_review_required
0277dce11cdba5c97b8dfb9b701e9f73d0cfb345c703c9cfc59c093d4e643f34,NASDAQ100:WDAY,NASDAQ100:MSFT,WDAY,MSFT,customer,"If we are unable to renew these agreements on commercially reasonable terms, or if any of these data center operators are acquired or cease to do business, we may be required to transfer our servers and other infrastructure to new data center facilities, and we may incur significant costs and experience possible service interruptions in connection with doing so.In addition, we also rely upon third-party hosted infrastructure partners globally, including Amazon Web Services (“AWS”), Dimension Data, Microsoft Corporation, and Google LLC, to serve customers and operate certain aspects of our services, such as environments for development and testing, training, sales demonstrations, and production usage.",10-K,2021-03-02,2021-03-02T21:03:28.000Z,0001327811-21-000020,wday-20210131.htm,0.60,low,0.95,0.570000,0.010632,2021-03-02T21:03:28.000Z,,1,SEC EDGAR,0001327811-21-000020,https://www.sec.gov/Archives/edgar/data/1327811/000132781121000020/wday-20210131.htm,deterministic explicit-entity and relation-pattern extraction v2,unique_nasdaq100_match,public_at_sec_acceptance,candidate_review_required
ab9908d930a9dce0fda44d9ca66a3ddf6a7ad974e42ceddf1cff595378689324,NASDAQ100:BIDU,NASDAQ100:MSFT,BIDU,MSFT,customer,"U.S.-based internet search providers and online marketing platforms, such as Microsoft, Google and Facebook, have a strong global presence, well established brand names, more users and customers and significantly greater financial resources than we do.",20-F,2021-03-09,2021-03-09T13:56:24.000Z,0001193125-21-074038,d46900d20f.htm,0.60,low,0.95,0.570000,0.010923,2021-03-09T13:56:24.000Z,,1,SEC EDGAR,0001193125-21-074038,https://www.sec.gov/Archives/edgar/data/1329099/000119312521074038/d46900d20f.htm,deterministic explicit-entity and relation-pattern extraction v2,unique_nasdaq100_match,public_at_sec_acceptance,candidate_review_required
aeaeb9859c8b6261938d7d3d0f33842391d3510671c99da32e9d8e95baa33535,NASDAQ100:BIDU,NASDAQ100:MTCH,BIDU,MTCH,customer,"We match the promotional links of our online marketing services customers to the online properties of Baidu Union partners, which consists of a large number of partners, such as third-party websites, wap sites and mobile apps.",20-F,2021-03-09,2021-03-09T13:56:24.000Z,0001193125-21-074038,d46900d20f.htm,0.60,low,0.95,0.570000,0.010923,2021-03-09T13:56:24.000Z,,1,SEC EDGAR,0001193125-21-074038,https://www.sec.gov/Archives/edgar/data/1329099/000119312521074038/d46900d20f.htm,deterministic explicit-entity and relation-pattern extraction v2,unique_nasdaq100_match,public_at_sec_acceptance,candidate_review_required
299ec3290e2015988c9191f950dd713b98aabfefa9f00912bdac0edb0892352f,NASDAQ100:MTCH,NASDAQ100:DLTR,MTCH,DLTR,supplier,"Full-time associates can participate in our Retirement Savings Plan, which provides a dollar for dollar match on the first 5% of employee contributions and all associates can participate in our Employee Stock Purchase Plan.",10-K,2021-03-16,2021-03-16T12:50:43.000Z,0000935703-21-000014,dltr-20210130.htm,0.60,low,0.95,0.570000,0.011221,2021-03-16T12:50:43.000Z,,1,SEC EDGAR,0000935703-21-000014,https://www.sec.gov/Archives/edgar/data/935703/000093570321000014/dltr-20210130.htm,deterministic explicit-entity and relation-pattern extraction v2,unique_nasdaq100_match,public_at_sec_acceptance,candidate_review_required
c419c485b226f9955b8605a8a3e82b5bf7cde3fd15c0d77ced36042ba97e00ae,NASDAQ100:CRWD,NASDAQ100:AVGO,CRWD,AVGO,customer,"Our competitors include the following by general category:•legacy antivirus product providers, such as McAfee, LLC, Broadcom Inc.’s Symantec Enterprise division, and Microsoft Corporation, who offer a broad range of approaches and solutions with traditional antivirus and signature-based protection;•alternative endpoint security providers, such as BlackBerry Cylance, VMware Carbon Black and SentinelOne, who offer point products based on malware-only or application whitelisting techniques; and•network security vendors, such as Palo Alto Networks, Inc. and FireEye, Inc., who are supplementing their core perimeter-based offerings with endpoint security solutions.14Table of ContentsWe compete on the basis of a number of factors, including but not limited to our:•ability to identify security threats and prevent security breaches;•ability to integrate with other participants in the security ecosystem;•time to value, price, and total cost of ownership;•brand awareness, reputation, and trust in the provider’s services;•strength of sales, marketing, and channel partner relationships; and•customer support, incident response, and proactive services.Although certain of our competitors enjoy greater resources, recognition, deeper customer relationships, larger existing customer bases, or more mature intellectual property portfolios, we believe that we compete favorably with respect to these factors and that we are well positioned as a leading provider of endpoint and workload security solutions.Intellectual PropertyWe believe that our intellectual property rights are valuable and important to our business.",10-K,2021-03-18,2021-03-18T21:02:10.000Z,0001535527-21-000007,crwd-20210131.htm,0.60,low,0.95,0.570000,0.011308,2021-03-18T21:02:10.000Z,,1,SEC EDGAR,0001535527-21-000007,https://www.sec.gov/Archives/edgar/data/1535527/000153552721000007/crwd-20210131.htm,deterministic explicit-entity and relation-pattern extraction v2,unique_nasdaq100_match,public_at_sec_acceptance,candidate_review_required
461efe98208f23b07e6e6782e7f5c83c0e6256c55d364604faa9eeb68c5045fb,NASDAQ100:CRWD,NASDAQ100:AVGO,CRWD,AVGO,customer,"Our ability to compete effectively depends upon numerous factors, many of which are beyond our control, including, but not limited to:•product capabilities, including performance and reliability, of our Falcon platform, including our cloud modules, services, and features compared to those of our competitors;•our ability, and the ability of our competitors, to improve existing products, services, and features, or to develop new ones to address evolving customer needs;•our ability to attract, retain, and motivate talented employees;•our ability to establish and maintain relationships with channel partners;•the strength of our sales and marketing efforts; and•acquisitions or consolidation within our industry, which may result in more formidable competitors.Our competitors include the following by general category:•legacy antivirus product providers, such as McAfee, LLC, Broadcom Inc.’s Symantec Enterprise division, and Microsoft Corporation, who offer a broad range of approaches and solutions including traditional antivirus and signature-based protection;•alternative endpoint security providers, such as Blackberry Cylance, VMware Carbon Black and SentinelOne, who offer point products based on malware-only or application whitelisting techniques; and23Table of Contents•network security vendors, such as Palo Alto Networks, Inc. and FireEye, Inc., who are supplementing their core perimeter-based offerings with endpoint security solutions.Many of these competitors have greater financial, technical, marketing, sales, and other resources, greater name recognition, longer operating histories, and a larger base of customers than we do.",10-K,2021-03-18,2021-03-18T21:02:10.000Z,0001535527-21-000007,crwd-20210131.htm,0.60,low,0.95,0.570000,0.011308,2021-03-18T21:02:10.000Z,,1,SEC EDGAR,0001535527-21-000007,https://www.sec.gov/Archives/edgar/data/1535527/000153552721000007/crwd-20210131.htm,deterministic explicit-entity and relation-pattern extraction v2,unique_nasdaq100_match,public_at_sec_acceptance,candidate_review_required
b4cb54d59423a58de8b60472e151d8a484054527c9105a72711424cb0336442a,NASDAQ100:CRWD,NASDAQ100:MSFT,CRWD,MSFT,customer,"Our competitors include the following by general category:•legacy antivirus product providers, such as McAfee, LLC, Broadcom Inc.’s Symantec Enterprise division, and Microsoft Corporation, who offer a broad range of approaches and solutions with traditional antivirus and signature-based protection;•alternative endpoint security providers, such as BlackBerry Cylance, VMware Carbon Black and SentinelOne, who offer point products based on malware-only or application whitelisting techniques; and•network security vendors, such as Palo Alto Networks, Inc. and FireEye, Inc., who are supplementing their core perimeter-based offerings with endpoint security solutions.14Table of ContentsWe compete on the basis of a number of factors, including but not limited to our:•ability to identify security threats and prevent security breaches;•ability to integrate with other participants in the security ecosystem;•time to value, price, and total cost of ownership;•brand awareness, reputation, and trust in the provider’s services;•strength of sales, marketing, and channel partner relationships; and•customer support, incident response, and proactive services.Although certain of our competitors enjoy greater resources, recognition, deeper customer relationships, larger existing customer bases, or more mature intellectual property portfolios, we believe that we compete favorably with respect to these factors and that we are well positioned as a leading provider of endpoint and workload security solutions.Intellectual PropertyWe believe that our intellectual property rights are valuable and important to our business.",10-K,2021-03-18,2021-03-18T21:02:10.000Z,0001535527-21-000007,crwd-20210131.htm,0.60,low,0.95,0.570000,0.011308,2021-03-18T21:02:10.000Z,,1,SEC EDGAR,0001535527-21-000007,https://www.sec.gov/Archives/edgar/data/1535527/000153552721000007/crwd-20210131.htm,deterministic explicit-entity and relation-pattern extraction v2,unique_nasdaq100_match,public_at_sec_acceptance,candidate_review_required
62dc973117cadb04ff62e3b6030214aa4db1135cfa2c0dcf5d3419d34935987c,NASDAQ100:CRWD,NASDAQ100:MSFT,CRWD,MSFT,customer,"Our ability to compete effectively depends upon numerous factors, many of which are beyond our control, including, but not limited to:•product capabilities, including performance and reliability, of our Falcon platform, including our cloud modules, services, and features compared to those of our competitors;•our ability, and the ability of our competitors, to improve existing products, services, and features, or to develop new ones to address evolving customer needs;•our ability to attract, retain, and motivate talented employees;•our ability to establish and maintain relationships with channel partners;•the strength of our sales and marketing efforts; and•acquisitions or consolidation within our industry, which may result in more formidable competitors.Our competitors include the following by general category:•legacy antivirus product providers, such as McAfee, LLC, Broadcom Inc.’s Symantec Enterprise division, and Microsoft Corporation, who offer a broad range of approaches and solutions including traditional antivirus and signature-based protection;•alternative endpoint security providers, such as Blackberry Cylance, VMware Carbon Black and SentinelOne, who offer point products based on malware-only or application whitelisting techniques; and23Table of Contents•network security vendors, such as Palo Alto Networks, Inc. and FireEye, Inc., who are supplementing their core perimeter-based offerings with endpoint security solutions.Many of these competitors have greater financial, technical, marketing, sales, and other resources, greater name recognition, longer operating histories, and a larger base of customers than we do.",10-K,2021-03-18,2021-03-18T21:02:10.000Z,0001535527-21-000007,crwd-20210131.htm,0.60,low,0.95,0.570000,0.011308,2021-03-18T21:02:10.000Z,,1,SEC EDGAR,0001535527-21-000007,https://www.sec.gov/Archives/edgar/data/1535527/000153552721000007/crwd-20210131.htm,deterministic explicit-entity and relation-pattern extraction v2,unique_nasdaq100_match,public_at_sec_acceptance,candidate_review_required
f80f890db840ba09ce5c2d30e91eb35daa6a3547f8a5e161484f245e7ed22d86,NASDAQ100:CRWD,NASDAQ100:PANW,CRWD,PANW,customer,"Our competitors include the following by general category:•legacy antivirus product providers, such as McAfee, LLC, Broadcom Inc.’s Symantec Enterprise division, and Microsoft Corporation, who offer a broad range of approaches and solutions with traditional antivirus and signature-based protection;•alternative endpoint security providers, such as BlackBerry Cylance, VMware Carbon Black and SentinelOne, who offer point products based on malware-only or application whitelisting techniques; and•network security vendors, such as Palo Alto Networks, Inc. and FireEye, Inc., who are supplementing their core perimeter-based offerings with endpoint security solutions.14Table of ContentsWe compete on the basis of a number of factors, including but not limited to our:•ability to identify security threats and prevent security breaches;•ability to integrate with other participants in the security ecosystem;•time to value, price, and total cost of ownership;•brand awareness, reputation, and trust in the provider’s services;•strength of sales, marketing, and channel partner relationships; and•customer support, incident response, and proactive services.Although certain of our competitors enjoy greater resources, recognition, deeper customer relationships, larger existing customer bases, or more mature intellectual property portfolios, we believe that we compete favorably with respect to these factors and that we are well positioned as a leading provider of endpoint and workload security solutions.Intellectual PropertyWe believe that our intellectual property rights are valuable and important to our business.",10-K,2021-03-18,2021-03-18T21:02:10.000Z,0001535527-21-000007,crwd-20210131.htm,0.60,low,0.95,0.570000,0.011308,2021-03-18T21:02:10.000Z,,1,SEC EDGAR,0001535527-21-000007,https://www.sec.gov/Archives/edgar/data/1535527/000153552721000007/crwd-20210131.htm,deterministic explicit-entity and relation-pattern extraction v2,unique_nasdaq100_match,public_at_sec_acceptance,candidate_review_required
36e2162df027a00331954193541a404c295edb6b5cecb216e757ffe789bf2148,NASDAQ100:CRWD,NASDAQ100:PANW,CRWD,PANW,customer,"Our ability to compete effectively depends upon numerous factors, many of which are beyond our control, including, but not limited to:•product capabilities, including performance and reliability, of our Falcon platform, including our cloud modules, services, and features compared to those of our competitors;•our ability, and the ability of our competitors, to improve existing products, services, and features, or to develop new ones to address evolving customer needs;•our ability to attract, retain, and motivate talented employees;•our ability to establish and maintain relationships with channel partners;•the strength of our sales and marketing efforts; and•acquisitions or consolidation within our industry, which may result in more formidable competitors.Our competitors include the following by general category:•legacy antivirus product providers, such as McAfee, LLC, Broadcom Inc.’s Symantec Enterprise division, and Microsoft Corporation, who offer a broad range of approaches and solutions including traditional antivirus and signature-based protection;•alternative endpoint security providers, such as Blackberry Cylance, VMware Carbon Black and SentinelOne, who offer point products based on malware-only or application whitelisting techniques; and23Table of Contents•network security vendors, such as Palo Alto Networks, Inc. and FireEye, Inc., who are supplementing their core perimeter-based offerings with endpoint security solutions.Many of these competitors have greater financial, technical, marketing, sales, and other resources, greater name recognition, longer operating histories, and a larger base of customers than we do.",10-K,2021-03-18,2021-03-18T21:02:10.000Z,0001535527-21-000007,crwd-20210131.htm,0.60,low,0.95,0.570000,0.011308,2021-03-18T21:02:10.000Z,,1,SEC EDGAR,0001535527-21-000007,https://www.sec.gov/Archives/edgar/data/1535527/000153552721000007/crwd-20210131.htm,deterministic explicit-entity and relation-pattern extraction v2,unique_nasdaq100_match,public_at_sec_acceptance,candidate_review_required
a15e589d9695c233effc90349d88f4621f6cfcd56ca7f5fa7d65c599238324bb,NASDAQ100:MSFT,NASDAQ100:ZM,MSFT,ZM,supplier,"We also have integrations with Atlassian, Dropbox, Google, Microsoft, Salesforce, Slack, and a variety of other productivity, collaboration, data management, and security vendors.",10-K,2021-03-18,2021-03-18T20:03:41.000Z,0001585521-21-000048,zm-20210131.htm,0.60,low,0.95,0.570000,0.011308,2021-03-18T20:03:41.000Z,,1,SEC EDGAR,0001585521-21-000048,https://www.sec.gov/Archives/edgar/data/1585521/000158552121000048/zm-20210131.htm,deterministic explicit-entity and relation-pattern extraction v2,unique_nasdaq100_match,public_at_sec_acceptance,candidate_review_required
10895c9e0dcb7d001a8a699b08271b4cef16ea6812db0dfe41569f9cf78da5fe,NASDAQ100:TEAM,NASDAQ100:ZM,TEAM,ZM,supplier,"We also have integrations with Atlassian, Dropbox, Google, Microsoft, Salesforce, Slack, and a variety of other productivity, collaboration, data management, and security vendors.",10-K,2021-03-18,2021-03-18T20:03:41.000Z,0001585521-21-000048,zm-20210131.htm,0.60,low,0.95,0.570000,0.011308,2021-03-18T20:03:41.000Z,,1,SEC EDGAR,0001585521-21-000048,https://www.sec.gov/Archives/edgar/data/1585521/000158552121000048/zm-20210131.htm,deterministic explicit-entity and relation-pattern extraction v2,unique_nasdaq100_match,public_at_sec_acceptance,candidate_review_required
5cf8ccb6670923623fcff32861a38a652d50ea895e5b294b6d9ee9c8be28a12e,NASDAQ100:ZM,NASDAQ100:MSFT,ZM,MSFT,customer,"We also utilize Amazon Web Services and Oracle Cloud for the hosting of certain critical aspects of our business, as well as Microsoft Azure for limited customer-specified managed services.",10-K,2021-03-18,2021-03-18T20:03:41.000Z,0001585521-21-000048,zm-20210131.htm,0.60,low,0.95,0.570000,0.011308,2021-03-18T20:03:41.000Z,,1,SEC EDGAR,0001585521-21-000048,https://www.sec.gov/Archives/edgar/data/1585521/000158552121000048/zm-20210131.htm,deterministic explicit-entity and relation-pattern extraction v2,unique_nasdaq100_match,public_at_sec_acceptance,candidate_review_required
fbf3e665bd63a42a435f6ecf20066c6f04b87d70a5e2d0a9d17094e018599360,NASDAQ100:ZM,NASDAQ100:TEAM,ZM,TEAM,strategic_partner,"In October 2018, we entered into a strategic partnership with Dropbox, Inc. (“Dropbox”), a global collaboration platform company, which involves the development of technology enabling integrated workflows for users between our platform and the Dropbox platform, as well as a strategic partnership with Atlassian, Inc. (“Atlassian”), a collaboration software company, which involves the development of technology enabling integrated workflows for users between our platform and Atlassian’s Jira Ops and Jira Service Desk products.",10-K,2021-03-18,2021-03-18T20:03:41.000Z,0001585521-21-000048,zm-20210131.htm,0.82,medium,0.95,0.779000,0.015454,2021-03-18T20:03:41.000Z,,0,SEC EDGAR,0001585521-21-000048,https://www.sec.gov/Archives/edgar/data/1585521/000158552121000048/zm-20210131.htm,deterministic explicit-entity and relation-pattern extraction v2,unique_nasdaq100_match,public_at_sec_acceptance,accepted
1be99822a891d9cdf9996dffb2f61012c439e2f3bee4441bd15c920d3059d2a3,NASDAQ100:ADSK,NASDAQ100:MTCH,ADSK,MTCH,supplier,"The Autodesk Foundation encouraged employee impact through an expanded 2:1 match for all eligible COVID-19-related donations.ACQUISITIONSOver the past three fiscal years, we acquired new technology or supplemented our existing technology by purchasing businesses or technology related assets focused in specific markets or industries.",10-K,2021-03-19,2021-03-19T20:02:20.000Z,0000769397-21-000014,adsk-20210131.htm,0.60,low,0.95,0.570000,0.011352,2021-03-19T20:02:20.000Z,,1,SEC EDGAR,0000769397-21-000014,https://www.sec.gov/Archives/edgar/data/769397/000076939721000014/adsk-20210131.htm,deterministic explicit-entity and relation-pattern extraction v2,unique_nasdaq100_match,public_at_sec_acceptance,candidate_review_required
6a776709d11487806f104fb0e5d152b135b453cfde77372f1656937edd04c237,NASDAQ100:MTCH,NASDAQ100:ADSK,MTCH,ADSK,supplier,Market acceptance of any new business or sales initiative is dependent on our ability to match our customers’ needs at the right time and price.,10-K,2021-03-19,2021-03-19T20:02:20.000Z,0000769397-21-000014,adsk-20210131.htm,0.60,low,0.95,0.570000,0.011352,2021-03-19T20:02:20.000Z,,1,SEC EDGAR,0000769397-21-000014,https://www.sec.gov/Archives/edgar/data/769397/000076939721000014/adsk-20210131.htm,deterministic explicit-entity and relation-pattern extraction v2,unique_nasdaq100_match,public_at_sec_acceptance,candidate_review_required
5d381b636baeca6949ce425691217f2ed65ae116636b066f946d85db99cf8558,NASDAQ100:ROST,NASDAQ100:MTCH,ROST,MTCH,customer,"Failure to correctly anticipate and match the trends, preferences, and demands of our customers could adversely affect our business, financial condition, and operating results.Adverse and/or unseasonable weather may affect shopping patterns and consumer demand for seasonal apparel and other merchandise, and may result in temporary store closures and disruptions in deliveries of merchandise to our stores.Unseasonable weather and prolonged, extreme temperatures, as well as events such as storms, affect consumers’ buying patterns and willingness to shop, and may adversely affect the demand for merchandise in our stores, particularly in apparel and seasonal merchandise.",10-K,2021-03-30,2021-03-29T18:05:12.000Z,0000745732-21-000017,rost-20210130.htm,0.60,low,0.95,0.570000,0.011797,2021-03-29T18:05:12.000Z,,1,SEC EDGAR,0000745732-21-000017,https://www.sec.gov/Archives/edgar/data/745732/000074573221000017/rost-20210130.htm,deterministic explicit-entity and relation-pattern extraction v2,unique_nasdaq100_match,public_at_sec_acceptance,candidate_review_required
d20a4ca39185b55c149ebcaeaca5a8668a88552d8d2b38945f826f69a2b2e346,NASDAQ100:AAPL,NASDAQ100:SPLK,AAPL,SPLK,supplier,"Additionally, Splunk is a leading contributor to OpenTelemetry, a broadly-used open source project hosted by the Cloud Native Computing Foundation. •Processing and analysis of very large volumes of data, both in real-time while in motion and at rest, in our proprietary, high-scale indexes and external data stores. •A comprehensive, domain-specific language called the Search Processing Language (“SPL”), which provides a broad set of commands for preparing, exploring, monitoring, analyzing, and visualizing complex, time series-based data.•Extensive machine learning capabilities, including out-of-the-box algorithms optimized for common data types and use cases and interfaces that allow data scientists to develop and deploy customized algorithms and models against our customers’ data. •A wide range of interfaces for administrators, data engineers, analysts, and end users that includes tools providing a point-and-click experience for data preparation and investigation, highly-configurable dashboards, and a family of solutions purpose-built for mobile devices, smart watches, and Apple TV and Chromecast display devices. •APIs and software development kits (“SDKs”) in major programming languages such as Java, JavaScript, C# and Python that enable the Splunk ecosystem, including Splunk customers and partners, to build applications and integrations that focus the power of the Splunk Platform on specific use cases.",10-K,2021-03-31,2021-03-31T16:11:12.000Z,0001353283-21-000009,splk-20210131.htm,0.60,low,0.95,0.570000,0.011888,2021-03-31T16:11:12.000Z,,1,SEC EDGAR,0001353283-21-000009,https://www.sec.gov/Archives/edgar/data/1353283/000135328321000009/splk-20210131.htm,deterministic explicit-entity and relation-pattern extraction v2,unique_nasdaq100_match,public_at_sec_acceptance,candidate_review_required
8063bab23c697ad479952b2d92e48bb94be18ed1bec8d27323fb17438de94f97,NASDAQ100:DOCU,NASDAQ100:AAPL,DOCU,AAPL,customer,"With Payments, customers can accept credit cards, debit cards, ACH payments, Apple Pay and Google Pay.•eNotary offers the ability to execute in-person notarial acts electronically.",10-K,2021-03-31,2021-03-31T21:05:03.000Z,0001261333-21-000059,docu-20210131.htm,0.60,low,0.95,0.570000,0.011888,2021-03-31T21:05:03.000Z,,1,SEC EDGAR,0001261333-21-000059,https://www.sec.gov/Archives/edgar/data/1261333/000126133321000059/docu-20210131.htm,deterministic explicit-entity and relation-pattern extraction v2,unique_nasdaq100_match,public_at_sec_acceptance,candidate_review_required
ab9c6e588cb80bda62dd98fcdd3f45c9386ea82f7db8fead27189fe39e08bff2,NASDAQ100:DOCU,NASDAQ100:MSFT,DOCU,MSFT,customer,"We offer more than 350 off-the-shelf, prebuilt integrations with the applications that many of our customers already use—including those offered by Google, Microsoft, NetSuite, Oracle, Salesforce, SAP, SAP SuccessFactors and Workday—so that they can create, sign, send and manage agreements from directly within these applications.",10-K,2021-03-31,2021-03-31T21:05:03.000Z,0001261333-21-000059,docu-20210131.htm,0.60,low,0.95,0.570000,0.011888,2021-03-31T21:05:03.000Z,,1,SEC EDGAR,0001261333-21-000059,https://www.sec.gov/Archives/edgar/data/1261333/000126133321000059/docu-20210131.htm,deterministic explicit-entity and relation-pattern extraction v2,unique_nasdaq100_match,public_at_sec_acceptance,candidate_review_required
f0a45e9e111cd0561a1dd9c2214863b9821fcbecfccbc62c3840caa05d7d7092,NASDAQ100:DOCU,NASDAQ100:MTCH,DOCU,MTCH,customer,"Our revenue recognition model also makes it difficult for us to rapidly increase our revenue through additional sales contracts in any period, as revenue from new customers is recognized over the applicable term of their contracts.If we fail to forecast our revenue accurately, or if we fail to match our expenditures with corresponding revenue, our operating results could be adversely affected.Because our recent growth has resulted in the rapid expansion of our business and product offerings, we do not have a long history upon which to base forecasts of future revenues and operating results.",10-K,2021-03-31,2021-03-31T21:05:03.000Z,0001261333-21-000059,docu-20210131.htm,0.60,low,0.95,0.570000,0.011888,2021-03-31T21:05:03.000Z,,1,SEC EDGAR,0001261333-21-000059,https://www.sec.gov/Archives/edgar/data/1261333/000126133321000059/docu-20210131.htm,deterministic explicit-entity and relation-pattern extraction v2,unique_nasdaq100_match,public_at_sec_acceptance,candidate_review_required
ca003130b9ce37f205804f533e62d5b4d7ab346c7461bf4b257b279fc9d308c8,NASDAQ100:DOCU,NASDAQ100:WDAY,DOCU,WDAY,customer,"We offer more than 350 off-the-shelf, prebuilt integrations with the applications that many of our customers already use—including those offered by Google, Microsoft, NetSuite, Oracle, Salesforce, SAP, SAP SuccessFactors and Workday—so that they can create, sign, send and manage agreements from directly within these applications.",10-K,2021-03-31,2021-03-31T21:05:03.000Z,0001261333-21-000059,docu-20210131.htm,0.60,low,0.95,0.570000,0.011888,2021-03-31T21:05:03.000Z,,1,SEC EDGAR,0001261333-21-000059,https://www.sec.gov/Archives/edgar/data/1261333/000126133321000059/docu-20210131.htm,deterministic explicit-entity and relation-pattern extraction v2,unique_nasdaq100_match,public_at_sec_acceptance,candidate_review_required
93faf69fe9b02cdb1e17b8e624aeda5be1f37b0a7c0d63ef0e98a32567da133b,NASDAQ100:BIDU,NASDAQ100:MAR,BIDU,MAR,supplier,"Although our Best Rate Guarantee and Member Rate programs have helped limit guest preference shift to intermediaries and greatly reduced the ability of intermediaries to undercut the published rates at our hotels, intermediaries continue to use a variety of aggressive online marketing methods to attract guests, including the purchase by certain companies of trademarked online keywords such as “Marriott” from Internet search engines such as Google, Bing, Yahoo, and Baidu to steer guests toward their websites (a practice that has been challenged by various trademark owners in federal court).",10-K/A,2021-04-02,2021-04-02T17:41:31.000Z,0001628280-21-006440,mar-20201231.htm,0.60,low,0.95,0.570000,0.011980,2021-04-02T17:41:31.000Z,,1,SEC EDGAR,0001628280-21-006440,https://www.sec.gov/Archives/edgar/data/1048286/000162828021006440/mar-20201231.htm,deterministic explicit-entity and relation-pattern extraction v2,unique_nasdaq100_match,public_at_sec_acceptance,candidate_review_required
9982f48182d0682fadb1dfdba837d3853dfa4a8680a56b3fa319eba83515ca34,NASDAQ100:MTCH,NASDAQ100:JD,MTCH,JD,supplier,"Our customers choose to purchase products on our mobile apps and websites due in part to the attractive prices that we offer, and they may choose to shop elsewhere if we cannot match the prices offered by other websites or by physical stores, or if we cannot maintain a steady supply of products they desire.",20-F,2021-04-16,2021-04-16T21:05:36.000Z,0001193125-21-119536,d17722d20f.htm,0.60,low,0.95,0.570000,0.012644,2021-04-16T21:05:36.000Z,,1,SEC EDGAR,0001193125-21-119536,https://www.sec.gov/Archives/edgar/data/1549802/000119312521119536/d17722d20f.htm,deterministic explicit-entity and relation-pattern extraction v2,unique_nasdaq100_match,public_at_sec_acceptance,candidate_review_required
25a09ad2904bd61a0d5b2039f3a0febd5d7695a6c115486412f0244fcf98484b,NASDAQ100:AAPL,NASDAQ100:PDD,AAPL,PDD,supplier,"We cooperate with leading third-party online payment service providers in China, including Weixin Pay, QQ Wallet, Alipay and Apple Pay, and enable our buyers to make payments for their purchases easily and efficiently.",20-F,2021-04-30,2021-04-30T11:48:56.000Z,0001104659-21-058237,pdd-20201231x20f.htm,0.60,low,0.95,0.570000,0.013344,2021-04-30T11:48:56.000Z,,1,SEC EDGAR,0001104659-21-058237,https://www.sec.gov/Archives/edgar/data/1737806/000110465921058237/pdd-20201231x20f.htm,deterministic explicit-entity and relation-pattern extraction v2,unique_nasdaq100_match,public_at_sec_acceptance,candidate_review_required
9e29c1b2cb3cb7c4b640236375642bbfe30665b0540b19ea0e13efe5caf1709d,NASDAQ100:MTCH,NASDAQ100:PDD,MTCH,PDD,supplier,"In addition to responding to buyer complaints, our dedicated merchandise control team also conducts sample test purchases to verify whether product descriptions match the products delivered.",20-F,2021-04-30,2021-04-30T11:48:56.000Z,0001104659-21-058237,pdd-20201231x20f.htm,0.60,low,0.95,0.570000,0.013344,2021-04-30T11:48:56.000Z,,1,SEC EDGAR,0001104659-21-058237,https://www.sec.gov/Archives/edgar/data/1737806/000110465921058237/pdd-20201231x20f.htm,deterministic explicit-entity and relation-pattern extraction v2,unique_nasdaq100_match,public_at_sec_acceptance,candidate_review_required
aefbdb627fca023310aeb1ad833fe1471dd31ca60501c65e78e73691fdc882f3,NASDAQ100:MTCH,NASDAQ100:TSLA,MTCH,TSLA,supplier,"Health and Welfare Benefits We provide the following benefits to our named executive officers on the same basis provided to all of our employees: • medical insurance including comprehensive transgender coverage, mental health, dental and vision; • confidential counseling; • life insurance and accidental death and dismemberment insurance; • a Section 401(k) plan for which no match by Tesla is provided; • an employee stock purchase plan; • short-and long-term disability insurance; • medical and dependent care flexible spending account; and • a health savings account.",10-K/A,2021-04-30,2021-04-30T21:09:45.000Z,0001564590-21-022604,tsla-10ka_20201231.htm,0.60,low,0.95,0.570000,0.013344,2021-04-30T21:09:45.000Z,,1,SEC EDGAR,0001564590-21-022604,https://www.sec.gov/Archives/edgar/data/1318605/000156459021022604/tsla-10ka_20201231.htm,deterministic explicit-entity and relation-pattern extraction v2,unique_nasdaq100_match,public_at_sec_acceptance,candidate_review_required
a3f7114e971f784fa15df3523d559b2bb012c4228381fbe5e8e43c5ed485b3fa,NASDAQ100:TSLA,NASDAQ100:WBA,TSLA,WBA,strategic_partner,"Wilson-Thompson served as Executive Vice President and Global Chief Human Resources Officer of Walgreens Boots Alliance, Inc., a global pharmacy and wellbeing company, from December 2014 until her retirement in January 2021, and previously served as Senior Vice President and Chief Human Resources Officer from January 2010 to December 2014.",10-K/A,2021-04-30,2021-04-30T21:09:45.000Z,0001564590-21-022604,tsla-10ka_20201231.htm,0.60,low,0.95,0.570000,0.013344,2021-04-30T21:09:45.000Z,,0,SEC EDGAR,0001564590-21-022604,https://www.sec.gov/Archives/edgar/data/1318605/000156459021022604/tsla-10ka_20201231.htm,deterministic explicit-entity and relation-pattern extraction v2,unique_nasdaq100_match,public_at_sec_acceptance,candidate_review_required
14c7f57b181421da04c644a023fdeb76c6b60f5d8c289e2103690979ebdddbe6,NASDAQ100:AAPL,NASDAQ100:EA,AAPL,EA,supplier,"In addition, the gaming, technology/internet, and entertainment industries have converged in recent years and larger, well-funded technology companies such as Alphabet, Amazon, Apple, Facebook and Microsoft are pursuing and strengthening their interactive entertainment capabilities and new entrants continue to emerge.5Table of ContentsMore broadly, we compete against providers of different sources of entertainment, such as movies, television, social networking, online casual entertainment and music that our players could enjoy in their free time.",10-K,2021-05-26,2021-05-26T20:16:45.000Z,0000712515-21-000064,ea-20210331.htm,0.60,low,0.95,0.570000,0.014750,2021-05-26T20:16:45.000Z,,1,SEC EDGAR,0000712515-21-000064,https://www.sec.gov/Archives/edgar/data/712515/000071251521000064/ea-20210331.htm,deterministic explicit-entity and relation-pattern extraction v2,unique_nasdaq100_match,public_at_sec_acceptance,candidate_review_required
d69167403b485ba356160a47388a88468d961c30263dcd2255ec4c5cd3d9b3a2,NASDAQ100:AAPL,NASDAQ100:EA,AAPL,EA,supplier,"If we cannot successfully recruit, train, motivate and retain qualified employees, develop and maintain a diverse and inclusive work environment, or replace key employees following their departure, our ability to develop and manage our business will be impaired.We rely on the consoles, systems and devices of partners who have significant influence over the products and services that we offer in the marketplace.A significant percentage of our digital net revenue is attributable to sales of products and services through our significant partners, including Sony, Microsoft, Apple and Google.",10-K,2021-05-26,2021-05-26T20:16:45.000Z,0000712515-21-000064,ea-20210331.htm,0.60,low,0.95,0.570000,0.014750,2021-05-26T20:16:45.000Z,,1,SEC EDGAR,0000712515-21-000064,https://www.sec.gov/Archives/edgar/data/712515/000071251521000064/ea-20210331.htm,deterministic explicit-entity and relation-pattern extraction v2,unique_nasdaq100_match,public_at_sec_acceptance,candidate_review_required
3366bbfc49f6147d0353e2047946472d62384e6aff124bd93accea84fb5f85f6,NASDAQ100:EA,NASDAQ100:AAPL,EA,AAPL,customer,"During the fiscal year ended March 31, 2021, this change to our Estimated Offering Period resulted in a decrease in net revenue of $333 million and net income of $280 million, and a decrease of $0.96 diluted earnings per share.30Table of ContentsPrincipal Agent ConsiderationsWe evaluate sales to end customers of our full games and related content via third-party storefronts, including digital storefronts such as Microsoft’s Xbox Store, Sony’s PlayStation Store, Apple App Store, and Google Play Store, in order to determine whether or not we are acting as the principal in the sale to the end customer, which we consider in determining if revenue should be reported gross or net of fees retained by the third-party storefront.",10-K,2021-05-26,2021-05-26T20:16:45.000Z,0000712515-21-000064,ea-20210331.htm,0.60,low,0.95,0.570000,0.014750,2021-05-26T20:16:45.000Z,,1,SEC EDGAR,0000712515-21-000064,https://www.sec.gov/Archives/edgar/data/712515/000071251521000064/ea-20210331.htm,deterministic explicit-entity and relation-pattern extraction v2,unique_nasdaq100_match,public_at_sec_acceptance,candidate_review_required
64b03431af9da9fde25ffe683771cf67b38ab8276c0b02334cfa51f4c1fd3905,NASDAQ100:EA,NASDAQ100:AAPL,EA,AAPL,customer,"However, for sales arrangements via Apple App Store and Google Play Store, EA is considered the principal to the end customer and thus, we report revenue on a gross basis and mobile platform fees are reported within cost of revenue.Fair Value EstimatesBusiness Combinations.",10-K,2021-05-26,2021-05-26T20:16:45.000Z,0000712515-21-000064,ea-20210331.htm,0.60,low,0.95,0.570000,0.014750,2021-05-26T20:16:45.000Z,,1,SEC EDGAR,0000712515-21-000064,https://www.sec.gov/Archives/edgar/data/712515/000071251521000064/ea-20210331.htm,deterministic explicit-entity and relation-pattern extraction v2,unique_nasdaq100_match,public_at_sec_acceptance,candidate_review_required
fa8cdd475ce90406ee731b83ab9532fb0c9c570481a32e7af24c37d7424c1345,NASDAQ100:EA,NASDAQ100:AAPL,EA,AAPL,customer,"Generally, revenue is recognized as the services are provided.Principal Agent ConsiderationsWe evaluate sales to end customers of our full games and related content via third-party storefronts, including digital storefronts such as Microsoft’s Xbox Store, Sony’s PlayStation Store, Apple App Store, and Google Play Store, in order to determine whether or not we are acting as the principal in the sale to the end customer, which we consider in determining if revenue should be reported gross or net of fees retained by the third-party storefront.",10-K,2021-05-26,2021-05-26T20:16:45.000Z,0000712515-21-000064,ea-20210331.htm,0.60,low,0.95,0.570000,0.014750,2021-05-26T20:16:45.000Z,,1,SEC EDGAR,0000712515-21-000064,https://www.sec.gov/Archives/edgar/data/712515/000071251521000064/ea-20210331.htm,deterministic explicit-entity and relation-pattern extraction v2,unique_nasdaq100_match,public_at_sec_acceptance,candidate_review_required
39d8225589a614212e90e08184d2dbda538560f9d919d52fdc2f7e1696026d6e,NASDAQ100:EA,NASDAQ100:AAPL,EA,AAPL,customer,"However, for sales arrangements via Apple App Store and Google Play Store, EA is considered the principal to the end customer and thus, we report revenue on a gross basis and mobile platform fees are reported within cost of revenue.Payment TermsSubstantially all of our transactions have payment terms, whether customary or on an extended basis, of less than one year; therefore, we generally do not adjust the transaction price for the effects of any potential financing components that may exist.Sales and Value-Added TaxesRevenue is recorded net of taxes assessed by governmental authorities that are imposed at the time of the specific revenue-producing transaction between us and our customer, such as sales and value-added taxes.Sales Returns and Price Protection ReservesSales returns and price protection are considered variable consideration under ASC 606.",10-K,2021-05-26,2021-05-26T20:16:45.000Z,0000712515-21-000064,ea-20210331.htm,0.60,low,0.95,0.570000,0.014750,2021-05-26T20:16:45.000Z,,1,SEC EDGAR,0000712515-21-000064,https://www.sec.gov/Archives/edgar/data/712515/000071251521000064/ea-20210331.htm,deterministic explicit-entity and relation-pattern extraction v2,unique_nasdaq100_match,public_at_sec_acceptance,candidate_review_required
e1adae8784570b24ae64905c492c9ff5b017cb15e144c618d9e09c5ca5a74c30,NASDAQ100:EA,NASDAQ100:MSFT,EA,MSFT,customer,"Our direct sales to Sony and Microsoft represented approximately 34 percent and 18 percent of total net revenue, respectively, in fiscal year 2021.",10-K,2021-05-26,2021-05-26T20:16:45.000Z,0000712515-21-000064,ea-20210331.htm,0.97,high,0.95,0.921500,0.023845,2021-05-26T20:16:45.000Z,,1,SEC EDGAR,0000712515-21-000064,https://www.sec.gov/Archives/edgar/data/712515/000071251521000064/ea-20210331.htm,deterministic explicit-entity and relation-pattern extraction v2,unique_nasdaq100_match,public_at_sec_acceptance,accepted
830a9b05b509e40a3f7e4284181ed17ea64878e4b2f67ce134c50f72090e7c7e,NASDAQ100:EA,NASDAQ100:MSFT,EA,MSFT,customer,Our revenue from sales for the new generation consoles from Sony and Microsoft may not offset the negative effects of the transition on our operating results.,10-K,2021-05-26,2021-05-26T20:16:45.000Z,0000712515-21-000064,ea-20210331.htm,0.60,low,0.95,0.570000,0.014750,2021-05-26T20:16:45.000Z,,1,SEC EDGAR,0000712515-21-000064,https://www.sec.gov/Archives/edgar/data/712515/000071251521000064/ea-20210331.htm,deterministic explicit-entity and relation-pattern extraction v2,unique_nasdaq100_match,public_at_sec_acceptance,candidate_review_required
61eb0e5b227b02daa208020d13996a6541ac56b7d897a2170fbd4a3b965324c5,NASDAQ100:EA,NASDAQ100:MSFT,EA,MSFT,customer,"During the fiscal year ended March 31, 2021, this change to our Estimated Offering Period resulted in a decrease in net revenue of $333 million and net income of $280 million, and a decrease of $0.96 diluted earnings per share.30Table of ContentsPrincipal Agent ConsiderationsWe evaluate sales to end customers of our full games and related content via third-party storefronts, including digital storefronts such as Microsoft’s Xbox Store, Sony’s PlayStation Store, Apple App Store, and Google Play Store, in order to determine whether or not we are acting as the principal in the sale to the end customer, which we consider in determining if revenue should be reported gross or net of fees retained by the third-party storefront.",10-K,2021-05-26,2021-05-26T20:16:45.000Z,0000712515-21-000064,ea-20210331.htm,0.60,low,0.95,0.570000,0.014750,2021-05-26T20:16:45.000Z,,1,SEC EDGAR,0000712515-21-000064,https://www.sec.gov/Archives/edgar/data/712515/000071251521000064/ea-20210331.htm,deterministic explicit-entity and relation-pattern extraction v2,unique_nasdaq100_match,public_at_sec_acceptance,candidate_review_required
c9ab06853db788886a610fa6179efac8a1aaf23d6a34572cc9b4fa35e85f3edd,NASDAQ100:EA,NASDAQ100:MSFT,EA,MSFT,customer,"Generally, revenue is recognized as the services are provided.Principal Agent ConsiderationsWe evaluate sales to end customers of our full games and related content via third-party storefronts, including digital storefronts such as Microsoft’s Xbox Store, Sony’s PlayStation Store, Apple App Store, and Google Play Store, in order to determine whether or not we are acting as the principal in the sale to the end customer, which we consider in determining if revenue should be reported gross or net of fees retained by the third-party storefront.",10-K,2021-05-26,2021-05-26T20:16:45.000Z,0000712515-21-000064,ea-20210331.htm,0.60,low,0.95,0.570000,0.014750,2021-05-26T20:16:45.000Z,,1,SEC EDGAR,0000712515-21-000064,https://www.sec.gov/Archives/edgar/data/712515/000071251521000064/ea-20210331.htm,deterministic explicit-entity and relation-pattern extraction v2,unique_nasdaq100_match,public_at_sec_acceptance,candidate_review_required
dbaa007886d25e609a5076730562e7d2232329f22c486d3b36c078bbe50a3860,NASDAQ100:EA,NASDAQ100:MSFT,EA,MSFT,customer,"During the fiscal years 2021, 2020, and 2019, approximately 78 percent, 68 percent, and 65 percent, respectively, of our net revenue was derived from our top ten customers and/or platform partners.Currently, a majority of our revenue is derived through sales of products and services playable on hardware consoles from Sony and Microsoft.",10-K,2021-05-26,2021-05-26T20:16:45.000Z,0000712515-21-000064,ea-20210331.htm,0.60,low,0.95,0.570000,0.014750,2021-05-26T20:16:45.000Z,,1,SEC EDGAR,0000712515-21-000064,https://www.sec.gov/Archives/edgar/data/712515/000071251521000064/ea-20210331.htm,deterministic explicit-entity and relation-pattern extraction v2,unique_nasdaq100_match,public_at_sec_acceptance,candidate_review_required
e7172842eeef06ce1a90089312f70b7a1ed0f16f98fa807ad55ba7c79205ddf6,NASDAQ100:EA,NASDAQ100:MSFT,EA,MSFT,customer,"Our agreements with Sony and Microsoft typically give significant control to them over the approval, manufacturing and distribution of our products and services that are distributed through their platform, which 54Table of Contentscould, in certain circumstances, leave us unable to get our products and services approved, manufactured or distributed to customers.Short-term investments are placed with high quality financial institutions or in short-duration, investment-grade securities.",10-K,2021-05-26,2021-05-26T20:16:45.000Z,0000712515-21-000064,ea-20210331.htm,0.60,low,0.95,0.570000,0.014750,2021-05-26T20:16:45.000Z,,1,SEC EDGAR,0000712515-21-000064,https://www.sec.gov/Archives/edgar/data/712515/000071251521000064/ea-20210331.htm,deterministic explicit-entity and relation-pattern extraction v2,unique_nasdaq100_match,public_at_sec_acceptance,candidate_review_required
f95f903ae4461391ebc55613ff616ba51804d5f9860ebb7ab46e538099edf334,NASDAQ100:EA,NASDAQ100:MSFT,EA,MSFT,customer,"There were no other countries with net revenue greater than 10 percent.In fiscal year 2021, our direct sales to Sony and Microsoft represented approximately 36 percent and 18 percent of total net revenue, respectively.",10-K,2021-05-26,2021-05-26T20:16:45.000Z,0000712515-21-000064,ea-20210331.htm,0.97,high,0.95,0.921500,0.023845,2021-05-26T20:16:45.000Z,,1,SEC EDGAR,0000712515-21-000064,https://www.sec.gov/Archives/edgar/data/712515/000071251521000064/ea-20210331.htm,deterministic explicit-entity and relation-pattern extraction v2,unique_nasdaq100_match,public_at_sec_acceptance,accepted
877537b7f952aeec3545e085307fcf3845fc6c86d59897b14921cde5bbc0c978,NASDAQ100:EA,NASDAQ100:MSFT,EA,MSFT,customer,"In fiscal year 2020, our direct sales to Sony and Microsoft represented approximately 32 percent and 17 percent of total net revenue, respectively.",10-K,2021-05-26,2021-05-26T20:16:45.000Z,0000712515-21-000064,ea-20210331.htm,0.97,high,0.95,0.921500,0.023845,2021-05-26T20:16:45.000Z,,1,SEC EDGAR,0000712515-21-000064,https://www.sec.gov/Archives/edgar/data/712515/000071251521000064/ea-20210331.htm,deterministic explicit-entity and relation-pattern extraction v2,unique_nasdaq100_match,public_at_sec_acceptance,accepted
208cbf757f6b7951d4e428d51de51d15f0fcd5a6a7ecf63f0f3a37db5a25b1f6,NASDAQ100:EA,NASDAQ100:MSFT,EA,MSFT,customer,"In fiscal year 2019, our direct sales to Sony and Microsoft represented approximately 29 percent and 16 percent of total net revenue, respectively.80Table of ContentsReports of Independent Registered Public Accounting FirmTo the Stockholders and Board of DirectorsElectronic Arts Inc.:Opinions on the Consolidated Financial Statements and Internal Control Over Financial ReportingWe have audited the accompanying consolidated balance sheets of Electronic Arts Inc. and subsidiaries (the Company) as of April 3, 2021 and March 28, 2020, the related consolidated statements of operations, comprehensive income, stockholders’ equity, and cash flows for each of the fiscal years in the three fiscal year period ended April 3, 2021, and the related notes (collectively, the consolidated financial statements).",10-K,2021-05-26,2021-05-26T20:16:45.000Z,0000712515-21-000064,ea-20210331.htm,0.97,high,0.95,0.921500,0.023845,2021-05-26T20:16:45.000Z,,1,SEC EDGAR,0000712515-21-000064,https://www.sec.gov/Archives/edgar/data/712515/000071251521000064/ea-20210331.htm,deterministic explicit-entity and relation-pattern extraction v2,unique_nasdaq100_match,public_at_sec_acceptance,accepted
5407ad7345341aedbb8813c596c99c0fa86b0c63a780b6d71df97850d86ec5bc,NASDAQ100:GOOG,NASDAQ100:EA,GOOG,EA,supplier,"In addition, the gaming, technology/internet, and entertainment industries have converged in recent years and larger, well-funded technology companies such as Alphabet, Amazon, Apple, Facebook and Microsoft are pursuing and strengthening their interactive entertainment capabilities and new entrants continue to emerge.5Table of ContentsMore broadly, we compete against providers of different sources of entertainment, such as movies, television, social networking, online casual entertainment and music that our players could enjoy in their free time.",10-K,2021-05-26,2021-05-26T20:16:45.000Z,0000712515-21-000064,ea-20210331.htm,0.60,low,0.95,0.570000,0.014750,2021-05-26T20:16:45.000Z,,1,SEC EDGAR,0000712515-21-000064,https://www.sec.gov/Archives/edgar/data/712515/000071251521000064/ea-20210331.htm,deterministic explicit-entity and relation-pattern extraction v2,unique_nasdaq100_match,public_at_sec_acceptance,candidate_review_required
73a84a22bdbf27eaa092c1be33a8112b6b1e6853e2fdcd565eb6dd6957a20649,NASDAQ100:GOOGL,NASDAQ100:EA,GOOGL,EA,supplier,"In addition, the gaming, technology/internet, and entertainment industries have converged in recent years and larger, well-funded technology companies such as Alphabet, Amazon, Apple, Facebook and Microsoft are pursuing and strengthening their interactive entertainment capabilities and new entrants continue to emerge.5Table of ContentsMore broadly, we compete against providers of different sources of entertainment, such as movies, television, social networking, online casual entertainment and music that our players could enjoy in their free time.",10-K,2021-05-26,2021-05-26T20:16:45.000Z,0000712515-21-000064,ea-20210331.htm,0.60,low,0.95,0.570000,0.014750,2021-05-26T20:16:45.000Z,,1,SEC EDGAR,0000712515-21-000064,https://www.sec.gov/Archives/edgar/data/712515/000071251521000064/ea-20210331.htm,deterministic explicit-entity and relation-pattern extraction v2,unique_nasdaq100_match,public_at_sec_acceptance,candidate_review_required
d87e8cdda5b549a488b0f5b0b28511194a5508072c909b09cc54a17f05b71089,NASDAQ100:MSFT,NASDAQ100:EA,MSFT,EA,supplier,"Our transactions for packaged goods products are made pursuant to individual purchase orders, which are accepted on a case-by case basis by Sony or Microsoft (or their designated replicators), as the case may be.",10-K,2021-05-26,2021-05-26T20:16:45.000Z,0000712515-21-000064,ea-20210331.htm,0.60,low,0.95,0.570000,0.014750,2021-05-26T20:16:45.000Z,,1,SEC EDGAR,0000712515-21-000064,https://www.sec.gov/Archives/edgar/data/712515/000071251521000064/ea-20210331.htm,deterministic explicit-entity and relation-pattern extraction v2,unique_nasdaq100_match,public_at_sec_acceptance,candidate_review_required
547bc9c828fe58fe3aa06033c7a23967899a6a9256ea22cad14c168d4a9ce4fb,NASDAQ100:MSFT,NASDAQ100:EA,MSFT,EA,supplier,"In addition, the gaming, technology/internet, and entertainment industries have converged in recent years and larger, well-funded technology companies such as Alphabet, Amazon, Apple, Facebook and Microsoft are pursuing and strengthening their interactive entertainment capabilities and new entrants continue to emerge.5Table of ContentsMore broadly, we compete against providers of different sources of entertainment, such as movies, television, social networking, online casual entertainment and music that our players could enjoy in their free time.",10-K,2021-05-26,2021-05-26T20:16:45.000Z,0000712515-21-000064,ea-20210331.htm,0.60,low,0.95,0.570000,0.014750,2021-05-26T20:16:45.000Z,,1,SEC EDGAR,0000712515-21-000064,https://www.sec.gov/Archives/edgar/data/712515/000071251521000064/ea-20210331.htm,deterministic explicit-entity and relation-pattern extraction v2,unique_nasdaq100_match,public_at_sec_acceptance,candidate_review_required
24c730fd570b61f4b859bdb0e1f2c51bb033a32a2fc6112efac05dd285f067cd,NASDAQ100:MSFT,NASDAQ100:EA,MSFT,EA,supplier,"If we cannot successfully recruit, train, motivate and retain qualified employees, develop and maintain a diverse and inclusive work environment, or replace key employees following their departure, our ability to develop and manage our business will be impaired.We rely on the consoles, systems and devices of partners who have significant influence over the products and services that we offer in the marketplace.A significant percentage of our digital net revenue is attributable to sales of products and services through our significant partners, including Sony, Microsoft, Apple and Google.",10-K,2021-05-26,2021-05-26T20:16:45.000Z,0000712515-21-000064,ea-20210331.htm,0.60,low,0.95,0.570000,0.014750,2021-05-26T20:16:45.000Z,,1,SEC EDGAR,0000712515-21-000064,https://www.sec.gov/Archives/edgar/data/712515/000071251521000064/ea-20210331.htm,deterministic explicit-entity and relation-pattern extraction v2,unique_nasdaq100_match,public_at_sec_acceptance,candidate_review_required
7399384263df9089af4b17de0b98e8e9d90a80e3d678f877db3f7ecd4f500ff8,NASDAQ100:CTAS,NASDAQ100:WDAY,CTAS,WDAY,customer,"With products and services including uniforms, mats, mops, restroom supplies, first aid and safety products, fire extinguishers and testing, and safety training, Cintas helps customers get Ready for the Workday®.",10-K,2021-07-28,2021-07-28T17:24:07.000Z,0000723254-21-000021,ctas-20210531.htm,0.60,low,0.95,0.570000,0.018799,2021-07-28T17:24:07.000Z,,1,SEC EDGAR,0000723254-21-000021,https://www.sec.gov/Archives/edgar/data/723254/000072325421000021/ctas-20210531.htm,deterministic explicit-entity and relation-pattern extraction v2,unique_nasdaq100_match,public_at_sec_acceptance,candidate_review_required
7ca0806658653e3a6ad079a327d052bd4cbc54995d7c7b7331dee8df4ee2a4db,NASDAQ100:MSFT,NASDAQ100:AAPL,MSFT,AAPL,supplier,"11 PART I Item 1 Competition Competitors to Office include software and global application vendors, such as Apple, Cisco Systems, Facebook, Google, IBM, Okta, Proofpoint, Slack, Symantec, Zoom, and numerous web-based and mobile application competitors as well as local application developers.",10-K,2021-07-29,2021-07-29T20:21:55.000Z,0001564590-21-039151,msft-10k_20210630.htm,0.60,low,0.95,0.570000,0.018872,2021-07-29T20:21:55.000Z,,1,SEC EDGAR,0001564590-21-039151,https://www.sec.gov/Archives/edgar/data/789019/000156459021039151/msft-10k_20210630.htm,deterministic explicit-entity and relation-pattern extraction v2,unique_nasdaq100_match,public_at_sec_acceptance,candidate_review_required
98837d441652440e211af4c6311d5735037d99a7614980cb0a1fcc1ea070a152,NASDAQ100:MSFT,NASDAQ100:AAPL,MSFT,AAPL,customer,"These manufacturers, many of which are also current or potential partners and customers, include Apple and our Windows OEMs.",10-K,2021-07-29,2021-07-29T20:21:55.000Z,0001564590-21-039151,msft-10k_20210630.htm,0.60,low,0.95,0.570000,0.018872,2021-07-29T20:21:55.000Z,,1,SEC EDGAR,0001564590-21-039151,https://www.sec.gov/Archives/edgar/data/789019/000156459021039151/msft-10k_20210630.htm,deterministic explicit-entity and relation-pattern extraction v2,unique_nasdaq100_match,public_at_sec_acceptance,candidate_review_required
3ba5b4ee2668484918a94cbb0fbaf6e6efb274326c0065cfad96bf34f9d79d5f,NASDAQ100:MSFT,NASDAQ100:CSCO,MSFT,CSCO,supplier,"11 PART I Item 1 Competition Competitors to Office include software and global application vendors, such as Apple, Cisco Systems, Facebook, Google, IBM, Okta, Proofpoint, Slack, Symantec, Zoom, and numerous web-based and mobile application competitors as well as local application developers.",10-K,2021-07-29,2021-07-29T20:21:55.000Z,0001564590-21-039151,msft-10k_20210630.htm,0.60,low,0.95,0.570000,0.018872,2021-07-29T20:21:55.000Z,,1,SEC EDGAR,0001564590-21-039151,https://www.sec.gov/Archives/edgar/data/789019/000156459021039151/msft-10k_20210630.htm,deterministic explicit-entity and relation-pattern extraction v2,unique_nasdaq100_match,public_at_sec_acceptance,candidate_review_required
2a6d2f9b92f67dcbde62009f83e8338930a465d6cf74c93800511f0487cbbb85,NASDAQ100:MTCH,NASDAQ100:MSFT,MTCH,MSFT,supplier,"Growth depends on our ability to attract new users, understand intent, and match intent with relevant content and advertiser offerings.",10-K,2021-07-29,2021-07-29T20:21:55.000Z,0001564590-21-039151,msft-10k_20210630.htm,0.60,low,0.95,0.570000,0.018872,2021-07-29T20:21:55.000Z,,1,SEC EDGAR,0001564590-21-039151,https://www.sec.gov/Archives/edgar/data/789019/000156459021039151/msft-10k_20210630.htm,deterministic explicit-entity and relation-pattern extraction v2,unique_nasdaq100_match,public_at_sec_acceptance,candidate_review_required
5d523b82cfadc20ac6e4d1a83955a69fb02af0bfd079e71668f9a63c1f7443b0,NASDAQ100:KLAC,NASDAQ100:ADI,KLAC,ADI,customer,"KLA helps customers anticipate and respond to the challenges posed by shrinking device sizes, the transition to new production materials, new device and circuit architectures, more demanding lithography processes and new packaging techniques.KLA’s business under SPTS Technologies Ltd. (“SPTS”), which KLA acquired through the acquisition of SPTS’s parent company, Orbotech, develops and sells differentiated custom deposition and etching solutions for fast-growing markets, such as power and analog devices, RF communication semiconductors, photonics devices and MEMS.",10-K,2021-08-06,2021-08-06T20:53:10.000Z,0000319201-21-000029,klac-20210630.htm,0.60,low,0.95,0.570000,0.019462,2021-08-06T20:53:10.000Z,,1,SEC EDGAR,0000319201-21-000029,https://www.sec.gov/Archives/edgar/data/319201/000031920121000029/klac-20210630.htm,deterministic explicit-entity and relation-pattern extraction v2,unique_nasdaq100_match,public_at_sec_acceptance,candidate_review_required
41e3d5b26419d4e21334ba20797f2d70b1be6eb46fa01089d5a0b41995b59cc2,NASDAQ100:SPLK,NASDAQ100:TEAM,SPLK,TEAM,supplier,"Sordello does not have a material interest in the relationship described above.SplunkIn fiscal year 2021, we purchased $9.0 million of services from Splunk Inc. (“Splunk”) for systems monitoring purposes, and Splunk purchased approximately $1.3 million of products from us, both in the ordinary course of business.",20-F,2021-08-13,2021-08-13T20:31:48.000Z,0001650372-21-000028,team-20210630.htm,0.96,high,0.95,0.912000,0.031990,2021-08-13T20:31:48.000Z,,1,SEC EDGAR,0001650372-21-000028,https://www.sec.gov/Archives/edgar/data/1650372/000165037221000028/team-20210630.htm,deterministic explicit-entity and relation-pattern extraction v2,unique_nasdaq100_match,public_at_sec_acceptance,accepted
496038cd279b2396b38c598a756b96a9a949abb32cbd67acf22b4ab4bacf8c57,NASDAQ100:TEAM,NASDAQ100:MSFT,TEAM,MSFT,supplier,"Our principal competitors vary depending on the product category and include Microsoft (including GitHub), IBM, Google, ServiceNow, salesforce.com, PagerDuty, Gitlab, Zendesk, Asana, Monday.com and Smartsheet.",20-F,2021-08-13,2021-08-13T20:31:48.000Z,0001650372-21-000028,team-20210630.htm,0.60,low,0.95,0.570000,0.019994,2021-08-13T20:31:48.000Z,,1,SEC EDGAR,0001650372-21-000028,https://www.sec.gov/Archives/edgar/data/1650372/000165037221000028/team-20210630.htm,deterministic explicit-entity and relation-pattern extraction v2,unique_nasdaq100_match,public_at_sec_acceptance,candidate_review_required
885edc91621e93e1259d951c73cb470b4e5ee18a3da1b6db4f810ff3f718222c,NASDAQ100:TEAM,NASDAQ100:MSFT,TEAM,MSFT,customer,"Our solution partners specialize in environment integrations and customizations and work with some of our largest customers to conduct hands-on system integrations, deployments, and upgrades.CompetitionOur products serve teams of all shapes and sizes in every industry, from software and technical teams, to IT and service teams, to a broad array of business teams.Our competitors range from large technology vendors to new and emerging businesses in each of the markets we serve:•Software Teams - Our competitors include large technology vendors, including Microsoft (including GitHub) and IBM, and smaller companies like Gitlab that offer project management, collaboration and developer tools.•IT Teams - Our competitors range from cloud vendors, including ServiceNow, salesforce.com, PagerDuty, Zendesk and Freshworks, to legacy vendors such as BMC Software (Remedy) that offer service desk solutions.•Business Teams - Our competitors range from large technology vendors, including Microsoft and Google, that offer a suite of products, to smaller companies like Asana, Monday.com and Smartsheet, which offer point solutions for team collaboration.In most cases, due to the flexibility and breadth of our products, we co-exist alongside many of our competitors' products within our own customer base, such as Microsoft, Gitlab and Asana.The principal competitive factors in our markets include product capabilities, flexibility, total cost of ownership, ease of access and use, performance and scalability, integration, customer satisfaction and global reach.",20-F,2021-08-13,2021-08-13T20:31:48.000Z,0001650372-21-000028,team-20210630.htm,0.60,low,0.95,0.570000,0.019994,2021-08-13T20:31:48.000Z,,1,SEC EDGAR,0001650372-21-000028,https://www.sec.gov/Archives/edgar/data/1650372/000165037221000028/team-20210630.htm,deterministic explicit-entity and relation-pattern extraction v2,unique_nasdaq100_match,public_at_sec_acceptance,candidate_review_required
c6488b5d7519b0e037b65d17ee0c3c719a8b17aad595a234d281a1c083ebe955,NASDAQ100:LRCX,NASDAQ100:ON,LRCX,ON,customer,"In addition, our products are well-suited for related markets that rely on semiconductor processes and require production-proven manufacturing capability, such as complementary metal-oxide-semiconductor image sensors (“CIS”) and micro-electromechanical systems (“MEMS”).Our Customer Support Business Group (“CSBG”) provides products and services to maximize installed equipment performance, predictability, and operational efficiency.",10-K,2021-08-17,2021-08-17T20:06:57.000Z,0000707549-21-000136,lrcx-20210627.htm,0.60,low,0.95,0.570000,0.020304,2021-08-17T20:06:57.000Z,,1,SEC EDGAR,0000707549-21-000136,https://www.sec.gov/Archives/edgar/data/707549/000070754921000136/lrcx-20210627.htm,deterministic explicit-entity and relation-pattern extraction v2,unique_nasdaq100_match,public_at_sec_acceptance,candidate_review_required
51a00f3fe0a302cc0f6780bf100e946bd67f436db1b8e730e10e8b24ffb4facf,NASDAQ100:PANW,NASDAQ100:CRWD,PANW,CRWD,supplier,"Our main competitors fall into five categories:•large companies that incorporate security features in their products, such as Cisco Systems, Inc. (“Cisco”) or those that have acquired, or may acquire, large network and endpoint security vendors and have the technical and financial resources to bring competitive solutions to the market;•independent security vendors such as Check Point Software Technologies Ltd. (“Check Point”), Fortinet, Inc. (“Fortinet”), and Zscaler, Inc. (“Zscaler”) that offer a mix of network and endpoint security products;•startups and single-vertical vendors that offer independent or emerging solutions across various areas of security;•public cloud vendors and startups that offer solutions for cloud security (private, public and hybrid cloud); and•large and small companies, such as Crowdstrike, Inc (“Crowdstrike”) that offer solutions for security operations and endpoint security.As our market grows, it will attract more highly specialized vendors, as well as larger vendors that may continue to acquire or bundle their products more effectively.The principal competitive factors in our market include:•product features, reliability, performance, and effectiveness;•product line breadth, diversity, and applicability;•product extensibility and ability to integrate with other technology infrastructures;•price and total cost of ownership;•adherence to industry standards and certifications;•strength of sales and marketing efforts; and•brand awareness and reputation.We believe we generally compete favorably with our competitors on the basis of these factors as a result of the features and performance of our portfolio, the ease of integration of our products with technological infrastructures, and the relatively low total cost of ownership of our products.",10-K,2021-09-03,2021-09-03T20:42:39.000Z,0001327567-21-000029,panw-20210731.htm,0.60,low,0.95,0.570000,0.021678,2021-09-03T20:42:39.000Z,,1,SEC EDGAR,0001327567-21-000029,https://www.sec.gov/Archives/edgar/data/1327567/000132756721000029/panw-20210731.htm,deterministic explicit-entity and relation-pattern extraction v2,unique_nasdaq100_match,public_at_sec_acceptance,candidate_review_required
2a400d42aa7ed86c4d38a850f97e985bf17c8681c9937a3e57dad68bad4b8fb0,NASDAQ100:PANW,NASDAQ100:CSCO,PANW,CSCO,supplier,"Our main competitors fall into five categories:•large companies that incorporate security features in their products, such as Cisco Systems, Inc. (“Cisco”) or those that have acquired, or may acquire, large network and endpoint security vendors and have the technical and financial resources to bring competitive solutions to the market;•independent security vendors such as Check Point Software Technologies Ltd. (“Check Point”), Fortinet, Inc. (“Fortinet”), and Zscaler, Inc. (“Zscaler”) that offer a mix of network and endpoint security products;•startups and single-vertical vendors that offer independent or emerging solutions across various areas of security;•public cloud vendors and startups that offer solutions for cloud security (private, public and hybrid cloud); and•large and small companies, such as Crowdstrike, Inc (“Crowdstrike”) that offer solutions for security operations and endpoint security.As our market grows, it will attract more highly specialized vendors, as well as larger vendors that may continue to acquire or bundle their products more effectively.The principal competitive factors in our market include:•product features, reliability, performance, and effectiveness;•product line breadth, diversity, and applicability;•product extensibility and ability to integrate with other technology infrastructures;•price and total cost of ownership;•adherence to industry standards and certifications;•strength of sales and marketing efforts; and•brand awareness and reputation.We believe we generally compete favorably with our competitors on the basis of these factors as a result of the features and performance of our portfolio, the ease of integration of our products with technological infrastructures, and the relatively low total cost of ownership of our products.",10-K,2021-09-03,2021-09-03T20:42:39.000Z,0001327567-21-000029,panw-20210731.htm,0.60,low,0.95,0.570000,0.021678,2021-09-03T20:42:39.000Z,,1,SEC EDGAR,0001327567-21-000029,https://www.sec.gov/Archives/edgar/data/1327567/000132756721000029/panw-20210731.htm,deterministic explicit-entity and relation-pattern extraction v2,unique_nasdaq100_match,public_at_sec_acceptance,candidate_review_required
1ff9dc56dfdace5681eef0bff22b3874fd5ce21eae798a4085e383bbf1367e90,NASDAQ100:PANW,NASDAQ100:FTNT,PANW,FTNT,supplier,"Our main competitors fall into five categories:•large companies that incorporate security features in their products, such as Cisco Systems, Inc. (“Cisco”) or those that have acquired, or may acquire, large network and endpoint security vendors and have the technical and financial resources to bring competitive solutions to the market;•independent security vendors such as Check Point Software Technologies Ltd. (“Check Point”), Fortinet, Inc. (“Fortinet”), and Zscaler, Inc. (“Zscaler”) that offer a mix of network and endpoint security products;•startups and single-vertical vendors that offer independent or emerging solutions across various areas of security;•public cloud vendors and startups that offer solutions for cloud security (private, public and hybrid cloud); and•large and small companies, such as Crowdstrike, Inc (“Crowdstrike”) that offer solutions for security operations and endpoint security.As our market grows, it will attract more highly specialized vendors, as well as larger vendors that may continue to acquire or bundle their products more effectively.The principal competitive factors in our market include:•product features, reliability, performance, and effectiveness;•product line breadth, diversity, and applicability;•product extensibility and ability to integrate with other technology infrastructures;•price and total cost of ownership;•adherence to industry standards and certifications;•strength of sales and marketing efforts; and•brand awareness and reputation.We believe we generally compete favorably with our competitors on the basis of these factors as a result of the features and performance of our portfolio, the ease of integration of our products with technological infrastructures, and the relatively low total cost of ownership of our products.",10-K,2021-09-03,2021-09-03T20:42:39.000Z,0001327567-21-000029,panw-20210731.htm,0.60,low,0.95,0.570000,0.021678,2021-09-03T20:42:39.000Z,,1,SEC EDGAR,0001327567-21-000029,https://www.sec.gov/Archives/edgar/data/1327567/000132756721000029/panw-20210731.htm,deterministic explicit-entity and relation-pattern extraction v2,unique_nasdaq100_match,public_at_sec_acceptance,candidate_review_required
b362e4a225a1d337f18d9f7b4b02cf0b672c4b23c47c84fd29c344a27d532b4c,NASDAQ100:PANW,NASDAQ100:MSFT,PANW,MSFT,customer,"For fiscal 2021, 56.0% of our total revenue was derived from sales to three distributors.We also sell our VM-Series virtual firewalls directly to end-customers through Amazon’s AWS Marketplace, Microsoft’s Azure Marketplace, and Google’s Cloud Platform Marketplace under a usage-based licensing model.Sales.",10-K,2021-09-03,2021-09-03T20:42:39.000Z,0001327567-21-000029,panw-20210731.htm,0.60,low,0.95,0.570000,0.021678,2021-09-03T20:42:39.000Z,,1,SEC EDGAR,0001327567-21-000029,https://www.sec.gov/Archives/edgar/data/1327567/000132756721000029/panw-20210731.htm,deterministic explicit-entity and relation-pattern extraction v2,unique_nasdaq100_match,public_at_sec_acceptance,candidate_review_required
f510fcc52546fac6d3830cc9ab12585b2bc371af36e80214e0e6e92f3289385c,NASDAQ100:PANW,NASDAQ100:ZS,PANW,ZS,supplier,"Our main competitors fall into five categories:•large companies that incorporate security features in their products, such as Cisco Systems, Inc. (“Cisco”) or those that have acquired, or may acquire, large network and endpoint security vendors and have the technical and financial resources to bring competitive solutions to the market;•independent security vendors such as Check Point Software Technologies Ltd. (“Check Point”), Fortinet, Inc. (“Fortinet”), and Zscaler, Inc. (“Zscaler”) that offer a mix of network and endpoint security products;•startups and single-vertical vendors that offer independent or emerging solutions across various areas of security;•public cloud vendors and startups that offer solutions for cloud security (private, public and hybrid cloud); and•large and small companies, such as Crowdstrike, Inc (“Crowdstrike”) that offer solutions for security operations and endpoint security.As our market grows, it will attract more highly specialized vendors, as well as larger vendors that may continue to acquire or bundle their products more effectively.The principal competitive factors in our market include:•product features, reliability, performance, and effectiveness;•product line breadth, diversity, and applicability;•product extensibility and ability to integrate with other technology infrastructures;•price and total cost of ownership;•adherence to industry standards and certifications;•strength of sales and marketing efforts; and•brand awareness and reputation.We believe we generally compete favorably with our competitors on the basis of these factors as a result of the features and performance of our portfolio, the ease of integration of our products with technological infrastructures, and the relatively low total cost of ownership of our products.",10-K,2021-09-03,2021-09-03T20:42:39.000Z,0001327567-21-000029,panw-20210731.htm,0.60,low,0.95,0.570000,0.021678,2021-09-03T20:42:39.000Z,,1,SEC EDGAR,0001327567-21-000029,https://www.sec.gov/Archives/edgar/data/1327567/000132756721000029/panw-20210731.htm,deterministic explicit-entity and relation-pattern extraction v2,unique_nasdaq100_match,public_at_sec_acceptance,candidate_review_required
8553368c928eef8f8706d470779897d48714ad473ddc91fc049ca7e46fbcbfa2,NASDAQ100:INTU,NASDAQ100:AAPL,INTU,AAPL,customer,"If macroeconomic conditions or other factors, including the effects of the COVID-19 pandemic, cause any of these institutions to fail, consolidate, stop providing certain services or institute cost-cutting efforts, our business and financial results may suffer and we may be unable to offer those services to our customers.We increasingly utilize the distribution platforms of third parties like Apple’s App Store and Google’s Play Store for the distribution of certain of our product offerings.",10-K,2021-09-08,2021-09-08T20:09:57.000Z,0000896878-21-000233,intu-20210731.htm,0.60,low,0.95,0.570000,0.022099,2021-09-08T20:09:57.000Z,,1,SEC EDGAR,0000896878-21-000233,https://www.sec.gov/Archives/edgar/data/896878/000089687821000233/intu-20210731.htm,deterministic explicit-entity and relation-pattern extraction v2,unique_nasdaq100_match,public_at_sec_acceptance,candidate_review_required
78ec88c9f795dffe2301c0dcb9fe0b6f4b060e4bc00e13e87a991839f0e8bf60,NASDAQ100:INTU,NASDAQ100:PYPL,INTU,PYPL,customer,"In our merchant services business we help our customers get paid faster and compete directly with large financial institutions such as Wells Fargo, JP Morgan Chase, and Bank of America and with many payment processors, including First Data Corporation, Elavon, Global Payments, Fidelity National Information Services, PayPal, and Square.",10-K,2021-09-08,2021-09-08T20:09:57.000Z,0000896878-21-000233,intu-20210731.htm,0.60,low,0.95,0.570000,0.022099,2021-09-08T20:09:57.000Z,,1,SEC EDGAR,0000896878-21-000233,https://www.sec.gov/Archives/edgar/data/896878/000089687821000233/intu-20210731.htm,deterministic explicit-entity and relation-pattern extraction v2,unique_nasdaq100_match,public_at_sec_acceptance,candidate_review_required
743b0bb42d2b7985823e3007d35c079fbf2470f19b2f9545b278fb5da19c65d6,NASDAQ100:CSCO,NASDAQ100:MTCH,CSCO,MTCH,customer,"The COVID-19 pandemic may also result in long-term changes in customer needs for our products and services in various sectors, along with IT-related capital spending reductions, or shifts in spending focus, that could materially adversely affect us if we are unable to adjust our product and service offerings to match customer needs.The recent shift to a remote working environment also creates challenges.",10-K,2021-09-09,2021-09-09T20:39:49.000Z,0000858877-21-000013,csco-20210731.htm,0.60,low,0.95,0.570000,0.022185,2021-09-09T20:39:49.000Z,,1,SEC EDGAR,0000858877-21-000013,https://www.sec.gov/Archives/edgar/data/858877/000085887721000013/csco-20210731.htm,deterministic explicit-entity and relation-pattern extraction v2,unique_nasdaq100_match,public_at_sec_acceptance,candidate_review_required
87d4cd21e11c65be5d6e55e405ea5d8c1fa61e9c5d66e2089899796c718644d7,NASDAQ100:CSCO,NASDAQ100:MTCH,CSCO,MTCH,customer,"The COVID-19 pandemic may also result in long-term changes in customer needs for our products and services in various sectors, along with IT-related capital spending reductions, or shifts in spending focus, that could materially adversely affect us if we are unable to adjust our product and service offerings to match customer needs.The process of developing new technology, including more programmable, flexible and virtual networks, and technology related to other market transitions— such as security, digital transformation and IoT, and cloud— is complex and uncertain, and if we fail to accurately predict customers’ changing needs and emerging technological trends our business could be harmed.",10-K,2021-09-09,2021-09-09T20:39:49.000Z,0000858877-21-000013,csco-20210731.htm,0.60,low,0.95,0.570000,0.022185,2021-09-09T20:39:49.000Z,,1,SEC EDGAR,0000858877-21-000013,https://www.sec.gov/Archives/edgar/data/858877/000085887721000013/csco-20210731.htm,deterministic explicit-entity and relation-pattern extraction v2,unique_nasdaq100_match,public_at_sec_acceptance,candidate_review_required
9294a021402732ca68fa8041cd625d4ccc618eff880224ea506a14d029ad5b3e,NASDAQ100:ZS,NASDAQ100:AVGO,ZS,AVGO,supplier,"Our competitors and potential competitors include legacy on-premises appliance vendors across a number of categories: •independent IT security vendors, such as Check Point Software Technologies Ltd., Fortinet, Inc., Palo Alto Networks, Inc. and Broadcom, which offer a broad mix of network and endpoint security products; •large networking vendors, such as Cisco Systems, Inc. and Juniper Networks, Inc., which offer security appliances and incorporate security capabilities in their networking products; •companies such as FireEye, Inc., Forcepoint Inc. (previously, Websense, Inc.), Netskope, Inc. and Pulse Secure, LLC with point solutions that compete with some of the features of our cloud platform, such as proxy, firewall, sandboxing and advanced threat protection, data loss prevention, encryption, load balancing and VPN; and •other providers of IT security services that offer, or may leverage related technologies to introduce, products that compete with or are alternatives to our cloud platform.",10-K,2021-09-16,2021-09-16T20:35:51.000Z,0001713683-21-000175,zs-20210731.htm,0.60,low,0.95,0.570000,0.022791,2021-09-16T20:35:51.000Z,,1,SEC EDGAR,0001713683-21-000175,https://www.sec.gov/Archives/edgar/data/1713683/000171368321000175/zs-20210731.htm,deterministic explicit-entity and relation-pattern extraction v2,unique_nasdaq100_match,public_at_sec_acceptance,candidate_review_required
b4cf5cdf8ef32eaf8df432a50aa9a67b2a915eb4ed8ca22964f21b671d641b39,NASDAQ100:ZS,NASDAQ100:AVGO,ZS,AVGO,supplier,"If we are unable to anticipate or effectively react to these competitive challenges, our competitive position could weaken, and we could experience a decline in revenue or our growth rate that could materially and adversely affect our business and results of operations.Our competitors and potential competitors include:•independent IT security vendors, such as Check Point Software Technologies Ltd., Fortinet, Inc., Palo Alto Networks, Inc. and Broadcom, which offer a broad mix of network and endpoint security products;•large networking vendors, such as Cisco Systems, Inc. and Juniper Networks, Inc., which offer security appliances and incorporate security capabilities in their networking products;20Table of Contents•companies such as FireEye, Inc., Forcepoint Inc. (previously, Websense, Inc.), Netskope, Inc. and Pulse Secure, LLC with point solutions that compete with some of the features of our cloud platform, such as proxy, firewall, sandboxing and advanced threat protection, data loss prevention, encryption, load balancing and VPN; and •other providers of IT security services that offer, or may leverage related technologies to introduce, products that compete with or are alternatives to our cloud platform.",10-K,2021-09-16,2021-09-16T20:35:51.000Z,0001713683-21-000175,zs-20210731.htm,0.60,low,0.95,0.570000,0.022791,2021-09-16T20:35:51.000Z,,1,SEC EDGAR,0001713683-21-000175,https://www.sec.gov/Archives/edgar/data/1713683/000171368321000175/zs-20210731.htm,deterministic explicit-entity and relation-pattern extraction v2,unique_nasdaq100_match,public_at_sec_acceptance,candidate_review_required
aca9295841af7260ce10263fcb0d1ae04701822bddc8707b2856950b81369761,NASDAQ100:ZS,NASDAQ100:CSCO,ZS,CSCO,supplier,"Our competitors and potential competitors include legacy on-premises appliance vendors across a number of categories: •independent IT security vendors, such as Check Point Software Technologies Ltd., Fortinet, Inc., Palo Alto Networks, Inc. and Broadcom, which offer a broad mix of network and endpoint security products; •large networking vendors, such as Cisco Systems, Inc. and Juniper Networks, Inc., which offer security appliances and incorporate security capabilities in their networking products; •companies such as FireEye, Inc., Forcepoint Inc. (previously, Websense, Inc.), Netskope, Inc. and Pulse Secure, LLC with point solutions that compete with some of the features of our cloud platform, such as proxy, firewall, sandboxing and advanced threat protection, data loss prevention, encryption, load balancing and VPN; and •other providers of IT security services that offer, or may leverage related technologies to introduce, products that compete with or are alternatives to our cloud platform.",10-K,2021-09-16,2021-09-16T20:35:51.000Z,0001713683-21-000175,zs-20210731.htm,0.60,low,0.95,0.570000,0.022791,2021-09-16T20:35:51.000Z,,1,SEC EDGAR,0001713683-21-000175,https://www.sec.gov/Archives/edgar/data/1713683/000171368321000175/zs-20210731.htm,deterministic explicit-entity and relation-pattern extraction v2,unique_nasdaq100_match,public_at_sec_acceptance,candidate_review_required
c067a7f5b35d06b85e371a492e1a0020f9a20e4e2d293dc4295cf3c287511a0a,NASDAQ100:ZS,NASDAQ100:CSCO,ZS,CSCO,supplier,"If we are unable to anticipate or effectively react to these competitive challenges, our competitive position could weaken, and we could experience a decline in revenue or our growth rate that could materially and adversely affect our business and results of operations.Our competitors and potential competitors include:•independent IT security vendors, such as Check Point Software Technologies Ltd., Fortinet, Inc., Palo Alto Networks, Inc. and Broadcom, which offer a broad mix of network and endpoint security products;•large networking vendors, such as Cisco Systems, Inc. and Juniper Networks, Inc., which offer security appliances and incorporate security capabilities in their networking products;20Table of Contents•companies such as FireEye, Inc., Forcepoint Inc. (previously, Websense, Inc.), Netskope, Inc. and Pulse Secure, LLC with point solutions that compete with some of the features of our cloud platform, such as proxy, firewall, sandboxing and advanced threat protection, data loss prevention, encryption, load balancing and VPN; and •other providers of IT security services that offer, or may leverage related technologies to introduce, products that compete with or are alternatives to our cloud platform.",10-K,2021-09-16,2021-09-16T20:35:51.000Z,0001713683-21-000175,zs-20210731.htm,0.60,low,0.95,0.570000,0.022791,2021-09-16T20:35:51.000Z,,1,SEC EDGAR,0001713683-21-000175,https://www.sec.gov/Archives/edgar/data/1713683/000171368321000175/zs-20210731.htm,deterministic explicit-entity and relation-pattern extraction v2,unique_nasdaq100_match,public_at_sec_acceptance,candidate_review_required
e2e6480003aa40ac043cd83c5c875a14a1678ecda7b50afa634c79817de2addf,NASDAQ100:ZS,NASDAQ100:FTNT,ZS,FTNT,supplier,"Our competitors and potential competitors include legacy on-premises appliance vendors across a number of categories: •independent IT security vendors, such as Check Point Software Technologies Ltd., Fortinet, Inc., Palo Alto Networks, Inc. and Broadcom, which offer a broad mix of network and endpoint security products; •large networking vendors, such as Cisco Systems, Inc. and Juniper Networks, Inc., which offer security appliances and incorporate security capabilities in their networking products; •companies such as FireEye, Inc., Forcepoint Inc. (previously, Websense, Inc.), Netskope, Inc. and Pulse Secure, LLC with point solutions that compete with some of the features of our cloud platform, such as proxy, firewall, sandboxing and advanced threat protection, data loss prevention, encryption, load balancing and VPN; and •other providers of IT security services that offer, or may leverage related technologies to introduce, products that compete with or are alternatives to our cloud platform.",10-K,2021-09-16,2021-09-16T20:35:51.000Z,0001713683-21-000175,zs-20210731.htm,0.60,low,0.95,0.570000,0.022791,2021-09-16T20:35:51.000Z,,1,SEC EDGAR,0001713683-21-000175,https://www.sec.gov/Archives/edgar/data/1713683/000171368321000175/zs-20210731.htm,deterministic explicit-entity and relation-pattern extraction v2,unique_nasdaq100_match,public_at_sec_acceptance,candidate_review_required
5211047edab0eb6964c75b014ca97b0f6a00bf69332b88759bcdacac096bad9c,NASDAQ100:ZS,NASDAQ100:FTNT,ZS,FTNT,supplier,"If we are unable to anticipate or effectively react to these competitive challenges, our competitive position could weaken, and we could experience a decline in revenue or our growth rate that could materially and adversely affect our business and results of operations.Our competitors and potential competitors include:•independent IT security vendors, such as Check Point Software Technologies Ltd., Fortinet, Inc., Palo Alto Networks, Inc. and Broadcom, which offer a broad mix of network and endpoint security products;•large networking vendors, such as Cisco Systems, Inc. and Juniper Networks, Inc., which offer security appliances and incorporate security capabilities in their networking products;20Table of Contents•companies such as FireEye, Inc., Forcepoint Inc. (previously, Websense, Inc.), Netskope, Inc. and Pulse Secure, LLC with point solutions that compete with some of the features of our cloud platform, such as proxy, firewall, sandboxing and advanced threat protection, data loss prevention, encryption, load balancing and VPN; and •other providers of IT security services that offer, or may leverage related technologies to introduce, products that compete with or are alternatives to our cloud platform.",10-K,2021-09-16,2021-09-16T20:35:51.000Z,0001713683-21-000175,zs-20210731.htm,0.60,low,0.95,0.570000,0.022791,2021-09-16T20:35:51.000Z,,1,SEC EDGAR,0001713683-21-000175,https://www.sec.gov/Archives/edgar/data/1713683/000171368321000175/zs-20210731.htm,deterministic explicit-entity and relation-pattern extraction v2,unique_nasdaq100_match,public_at_sec_acceptance,candidate_review_required
ed847f23c78713f51d465562dc15473f2c0dba917781a6d50ffd7d159041868f,NASDAQ100:ZS,NASDAQ100:MSFT,ZS,MSFT,customer,"The primary use cases for our ZPA solution include: •remote workforce access to private applications without legacy VPN, providing zero trust from office to data center; •providing non-employees with secure access to internal applications; •securely connecting business-to-business, or B2B, customers, service providers and supplier access to applications typically deployed as business to business portals in an extranet; •direct-to-cloud access to internally managed applications hosted in public cloud environments, such as Microsoft Azure, Amazon Web Services, or AWS, and Google Cloud Platform, or GCP; and •access to applications following a merger or acquisition by providing named users with access to named applications, without the need to merge networks.",10-K,2021-09-16,2021-09-16T20:35:51.000Z,0001713683-21-000175,zs-20210731.htm,0.60,low,0.95,0.570000,0.022791,2021-09-16T20:35:51.000Z,,1,SEC EDGAR,0001713683-21-000175,https://www.sec.gov/Archives/edgar/data/1713683/000171368321000175/zs-20210731.htm,deterministic explicit-entity and relation-pattern extraction v2,unique_nasdaq100_match,public_at_sec_acceptance,candidate_review_required
6848167a08a6865e78930b9d5da6dbd8c1ffed05a7888c9c4f6a69a49667e214,NASDAQ100:ZS,NASDAQ100:MTCH,ZS,MTCH,customer,"Our exact data match, or EDM, and Index Document Match, or IDM, functionalities augment the accuracy and efficacy of our data loss prevention solution by enabling our customers to populate a custom database scaling to billions of unique fields, as well as unstructured documents.",10-K,2021-09-16,2021-09-16T20:35:51.000Z,0001713683-21-000175,zs-20210731.htm,0.60,low,0.95,0.570000,0.022791,2021-09-16T20:35:51.000Z,,1,SEC EDGAR,0001713683-21-000175,https://www.sec.gov/Archives/edgar/data/1713683/000171368321000175/zs-20210731.htm,deterministic explicit-entity and relation-pattern extraction v2,unique_nasdaq100_match,public_at_sec_acceptance,candidate_review_required
26934a5cafca14fc2c21a6ef041013bcc62c6e43841b8262f0a0d68eae190daf,NASDAQ100:ZS,NASDAQ100:PANW,ZS,PANW,supplier,"Our competitors and potential competitors include legacy on-premises appliance vendors across a number of categories: •independent IT security vendors, such as Check Point Software Technologies Ltd., Fortinet, Inc., Palo Alto Networks, Inc. and Broadcom, which offer a broad mix of network and endpoint security products; •large networking vendors, such as Cisco Systems, Inc. and Juniper Networks, Inc., which offer security appliances and incorporate security capabilities in their networking products; •companies such as FireEye, Inc., Forcepoint Inc. (previously, Websense, Inc.), Netskope, Inc. and Pulse Secure, LLC with point solutions that compete with some of the features of our cloud platform, such as proxy, firewall, sandboxing and advanced threat protection, data loss prevention, encryption, load balancing and VPN; and •other providers of IT security services that offer, or may leverage related technologies to introduce, products that compete with or are alternatives to our cloud platform.",10-K,2021-09-16,2021-09-16T20:35:51.000Z,0001713683-21-000175,zs-20210731.htm,0.60,low,0.95,0.570000,0.022791,2021-09-16T20:35:51.000Z,,1,SEC EDGAR,0001713683-21-000175,https://www.sec.gov/Archives/edgar/data/1713683/000171368321000175/zs-20210731.htm,deterministic explicit-entity and relation-pattern extraction v2,unique_nasdaq100_match,public_at_sec_acceptance,candidate_review_required
199ccd3e0145fbb145cfc059fb40fed6bc7223fe13f9ecdb74108439be080220,NASDAQ100:ZS,NASDAQ100:PANW,ZS,PANW,supplier,"If we are unable to anticipate or effectively react to these competitive challenges, our competitive position could weaken, and we could experience a decline in revenue or our growth rate that could materially and adversely affect our business and results of operations.Our competitors and potential competitors include:•independent IT security vendors, such as Check Point Software Technologies Ltd., Fortinet, Inc., Palo Alto Networks, Inc. and Broadcom, which offer a broad mix of network and endpoint security products;•large networking vendors, such as Cisco Systems, Inc. and Juniper Networks, Inc., which offer security appliances and incorporate security capabilities in their networking products;20Table of Contents•companies such as FireEye, Inc., Forcepoint Inc. (previously, Websense, Inc.), Netskope, Inc. and Pulse Secure, LLC with point solutions that compete with some of the features of our cloud platform, such as proxy, firewall, sandboxing and advanced threat protection, data loss prevention, encryption, load balancing and VPN; and •other providers of IT security services that offer, or may leverage related technologies to introduce, products that compete with or are alternatives to our cloud platform.",10-K,2021-09-16,2021-09-16T20:35:51.000Z,0001713683-21-000175,zs-20210731.htm,0.60,low,0.95,0.570000,0.022791,2021-09-16T20:35:51.000Z,,1,SEC EDGAR,0001713683-21-000175,https://www.sec.gov/Archives/edgar/data/1713683/000171368321000175/zs-20210731.htm,deterministic explicit-entity and relation-pattern extraction v2,unique_nasdaq100_match,public_at_sec_acceptance,candidate_review_required
1304ff6bbae7e4e2b1c913d3a342392da2e72ddd281f38e9884709070dd6f9b6,NASDAQ100:CPRT,NASDAQ100:MTCH,CPRT,MTCH,supplier,The Financial Security benefits program includes: 401K plan with employer match options; an Employee Stock Purchase Program (“ESPP”) that offers employees the option to purchase Copart shares at a discounted price and become stockholders of the company; access to both health and dependent care flexible spending accounts; and an overall financial wellness platform.,10-K,2021-09-27,2021-09-27T20:53:05.000Z,0000900075-21-000022,cprt-20210731.htm,0.60,low,0.95,0.570000,0.023777,2021-09-27T20:53:05.000Z,,1,SEC EDGAR,0000900075-21-000022,https://www.sec.gov/Archives/edgar/data/900075/000090007521000022/cprt-20210731.htm,deterministic explicit-entity and relation-pattern extraction v2,unique_nasdaq100_match,public_at_sec_acceptance,candidate_review_required
6ec475c3aecae3e8cda130b4194b5209290f1d2c0575295fe8b25aad0279ab63,NASDAQ100:MTCH,NASDAQ100:MU,MTCH,MU,supplier,"Food and Drug Administration’s recent approval of the Pfizer-BioNTech COVID-19 vaccine, we mandated that all U.S. employees and, in addition, contractors that enter our U.S. buildings and certain other locations, be fully vaccinated against COVID-19, subject to disability and religious exemptions, by November 15, 2021. •We continue to work closely with our customer base to best match our supply to changing market conditions.•We evaluate our supply chain and communicate with our suppliers to identify supply gaps and have taken steps to provide continuity, to the extent possible, though we expect that constraints within our supply chain for certain IC components may somewhat limit our bit shipments in the near term.",10-K,2021-10-08,2021-10-08T17:23:24.000Z,0000723125-21-000065,mu-20210902.htm,0.96,high,0.95,0.912000,0.039689,2021-10-08T17:23:24.000Z,,1,SEC EDGAR,0000723125-21-000065,https://www.sec.gov/Archives/edgar/data/723125/000072312521000065/mu-20210902.htm,deterministic explicit-entity and relation-pattern extraction v2,unique_nasdaq100_match,public_at_sec_acceptance,accepted
cdb935d0c6d0fa8ff5f87c3dba5a477bf0fe2c1aacb6fa04f0f29baa60002cad,NASDAQ100:AAPL,NASDAQ100:QCOM,AAPL,QCOM,supplier,"Apple purchases our MDM (or thin modem) products, which do not include our integrated application processor technology, and which have lower revenue and margin contributions than our combined modem and application processor products.",10-K,2021-11-03,2021-11-03T20:06:41.000Z,0001728949-21-000076,qcom-20210926.htm,0.60,low,0.95,0.570000,0.027418,2021-11-03T20:06:41.000Z,,1,SEC EDGAR,0001728949-21-000076,https://www.sec.gov/Archives/edgar/data/804328/000172894921000076/qcom-20210926.htm,deterministic explicit-entity and relation-pattern extraction v2,unique_nasdaq100_match,public_at_sec_acceptance,candidate_review_required
4908bdb0d9672f8e105a4397b12501361b4e2b09030e29afb7e23bec0ec8c7c7,NASDAQ100:QCOM,NASDAQ100:AAPL,QCOM,AAPL,customer,"Consequently, to the extent Apple takes device share from our customers who purchase our integrated modem and application processor products, our revenues and margins may be negatively impacted.Our industry has also experienced slowing growth in the premium-tier device segment due to, among other factors, a maturing premium-tier smartphone industry in which demand is increasingly driven by new product launches and innovation cycles.A reduction in sales of premium-tier devices, a reduction in sales of our premium-tier integrated circuit products (which have a higher revenue and margin contribution than our lower-tier integrated circuit products), or a shift in share away from OEMs that utilize our premium-tier products, would reduce our revenues and margins and may harm our ability to achieve or sustain expected financial results.",10-K,2021-11-03,2021-11-03T20:06:41.000Z,0001728949-21-000076,qcom-20210926.htm,0.60,low,0.95,0.570000,0.027418,2021-11-03T20:06:41.000Z,,1,SEC EDGAR,0001728949-21-000076,https://www.sec.gov/Archives/edgar/data/804328/000172894921000076/qcom-20210926.htm,deterministic explicit-entity and relation-pattern extraction v2,unique_nasdaq100_match,public_at_sec_acceptance,candidate_review_required
986ce2e1a1ffeb1e401ba74cca20833cffc4944d9509f4fda10c4aec6ddc86c4,NASDAQ100:QCOM,NASDAQ100:AAPL,QCOM,AAPL,supplier,"On January 24, 2018, the EC issued a decision finding that pursuant to an agreement with Apple Inc. we paid significant amounts to Apple on the condition that it exclusively use our baseband chipsets in its smartphones and tablets, reducing Apple’s incentives to source baseband chipsets from our competitors and harming competition and innovation for certain baseband chipsets, and imposed a fine of 997 million euros.",10-K,2021-11-03,2021-11-03T20:06:41.000Z,0001728949-21-000076,qcom-20210926.htm,0.60,low,0.95,0.570000,0.027418,2021-11-03T20:06:41.000Z,,1,SEC EDGAR,0001728949-21-000076,https://www.sec.gov/Archives/edgar/data/804328/000172894921000076/qcom-20210926.htm,deterministic explicit-entity and relation-pattern extraction v2,unique_nasdaq100_match,public_at_sec_acceptance,candidate_review_required
33b118c0623d4b36d9cb73f64c67633012ce193646768d2d9c11ce9eef421bc5,NASDAQ100:QCOM,NASDAQ100:AVGO,QCOM,AVGO,supplier,"The automotive industry is subject to long design-in time frames, long product life cycles and a high degree of regulatory and safety requirements, necessitating suppliers to the industry to comply with stringent qualification processes, very low defect rates and high reliability standards, all of which results in a significant barrier to entry and may result in increased costs.QCT’s current competitors include, but are not limited to, companies such as Broadcom, MediaTek, Nvidia, NXP Semiconductors, Qorvo, Samsung, Skyworks, Texas Instruments and UNISOC.",10-K,2021-11-03,2021-11-03T20:06:41.000Z,0001728949-21-000076,qcom-20210926.htm,0.60,low,0.95,0.570000,0.027418,2021-11-03T20:06:41.000Z,,1,SEC EDGAR,0001728949-21-000076,https://www.sec.gov/Archives/edgar/data/804328/000172894921000076/qcom-20210926.htm,deterministic explicit-entity and relation-pattern extraction v2,unique_nasdaq100_match,public_at_sec_acceptance,candidate_review_required
13bf66bdcf184483d57835af30cc440b077d573a102083766ec30fb4c4a5d4a7,NASDAQ100:QCOM,NASDAQ100:NVDA,QCOM,NVDA,supplier,"The automotive industry is subject to long design-in time frames, long product life cycles and a high degree of regulatory and safety requirements, necessitating suppliers to the industry to comply with stringent qualification processes, very low defect rates and high reliability standards, all of which results in a significant barrier to entry and may result in increased costs.QCT’s current competitors include, but are not limited to, companies such as Broadcom, MediaTek, Nvidia, NXP Semiconductors, Qorvo, Samsung, Skyworks, Texas Instruments and UNISOC.",10-K,2021-11-03,2021-11-03T20:06:41.000Z,0001728949-21-000076,qcom-20210926.htm,0.60,low,0.95,0.570000,0.027418,2021-11-03T20:06:41.000Z,,1,SEC EDGAR,0001728949-21-000076,https://www.sec.gov/Archives/edgar/data/804328/000172894921000076/qcom-20210926.htm,deterministic explicit-entity and relation-pattern extraction v2,unique_nasdaq100_match,public_at_sec_acceptance,candidate_review_required
db2a0a6be242b4e4d35ef3206076c69887dcf1ab822c5a6c0636b8a4af2fdf5a,NASDAQ100:QCOM,NASDAQ100:NXPI,QCOM,NXPI,supplier,"The automotive industry is subject to long design-in time frames, long product life cycles and a high degree of regulatory and safety requirements, necessitating suppliers to the industry to comply with stringent qualification processes, very low defect rates and high reliability standards, all of which results in a significant barrier to entry and may result in increased costs.QCT’s current competitors include, but are not limited to, companies such as Broadcom, MediaTek, Nvidia, NXP Semiconductors, Qorvo, Samsung, Skyworks, Texas Instruments and UNISOC.",10-K,2021-11-03,2021-11-03T20:06:41.000Z,0001728949-21-000076,qcom-20210926.htm,0.60,low,0.95,0.570000,0.027418,2021-11-03T20:06:41.000Z,,1,SEC EDGAR,0001728949-21-000076,https://www.sec.gov/Archives/edgar/data/804328/000172894921000076/qcom-20210926.htm,deterministic explicit-entity and relation-pattern extraction v2,unique_nasdaq100_match,public_at_sec_acceptance,candidate_review_required
a1c9ca20ae2087c8f483c154072512832cee8ce0a5e4c49086e53a4a8cdd687d,NASDAQ100:QCOM,NASDAQ100:TXN,QCOM,TXN,supplier,"The automotive industry is subject to long design-in time frames, long product life cycles and a high degree of regulatory and safety requirements, necessitating suppliers to the industry to comply with stringent qualification processes, very low defect rates and high reliability standards, all of which results in a significant barrier to entry and may result in increased costs.QCT’s current competitors include, but are not limited to, companies such as Broadcom, MediaTek, Nvidia, NXP Semiconductors, Qorvo, Samsung, Skyworks, Texas Instruments and UNISOC.",10-K,2021-11-03,2021-11-03T20:06:41.000Z,0001728949-21-000076,qcom-20210926.htm,0.60,low,0.95,0.570000,0.027418,2021-11-03T20:06:41.000Z,,1,SEC EDGAR,0001728949-21-000076,https://www.sec.gov/Archives/edgar/data/804328/000172894921000076/qcom-20210926.htm,deterministic explicit-entity and relation-pattern extraction v2,unique_nasdaq100_match,public_at_sec_acceptance,candidate_review_required
0584aa4fbc4c454efc6e933bb74f22e3f14f0117fd9486428b79c01c5867ef67,NASDAQ100:SBUX,NASDAQ100:PEP,SBUX,PEP,strategic_partner,"A large portion of our Channel Development business operates under a licensed model of the Global Coffee Alliance with Nestlé, while our global ready-to-drink businesses operate under collaborative relationships with PepsiCo, Inc., Tingyi-Ashi Beverages Holding Co., Ltd., Arla Foods amba and others.6Table of ContentsRevenue ComponentsWe generate the majority of our revenues through company-operated stores and licensed stores.",10-K,2021-11-19,2021-11-19T21:46:02.000Z,0000829224-21-000086,sbux-20211003.htm,0.82,medium,0.95,0.779000,0.039852,2021-11-19T21:46:02.000Z,,0,SEC EDGAR,0000829224-21-000086,https://www.sec.gov/Archives/edgar/data/829224/000082922421000086/sbux-20211003.htm,deterministic explicit-entity and relation-pattern extraction v2,unique_nasdaq100_match,public_at_sec_acceptance,accepted
fcaa54dbc0f13ade85c2c0ce45b870bde184f61fc09c454c23758084ce1f41ed,NASDAQ100:SWKS,NASDAQ100:AAPL,SWKS,AAPL,customer,"The Company’s highly innovative analog semiconductors are connecting people, places, and things, spanning a number of new and previously unimagined applications within the aerospace, automotive, broadband, cellular infrastructure, connected home, entertainment and gaming, industrial, medical, military, smartphone, tablet, and wearable markets.Our key customers include Amazon, Apple Inc. (“Apple”), Arris, Bose, Cisco, DJI, Ericsson, Foxconn, Garmin, Gemalto (a Thales company), General Electric, Fibocom, Google, Honeywell, Itron, Lenovo, LG Electronics, Microsoft, Motorola, Netgear, Northrop Grumman, OPPO, Rockwell Collins, Samsung, Sierra Wireless, Sonos, Technicolor, VIVO, Xiaomi, and ZTE.",10-K,2021-11-24,2021-11-24T21:48:16.000Z,0000004127-21-000058,swks-20211001.htm,0.60,low,0.95,0.570000,0.029727,2021-11-24T21:48:16.000Z,,1,SEC EDGAR,0000004127-21-000058,https://www.sec.gov/Archives/edgar/data/4127/000000412721000058/swks-20211001.htm,deterministic explicit-entity and relation-pattern extraction v2,unique_nasdaq100_match,public_at_sec_acceptance,candidate_review_required
9ffc69e597ca7a97e77052232f7ff89693f14034cf5fcd1ccdf3eeb99753fd4c,NASDAQ100:SWKS,NASDAQ100:AAPL,SWKS,AAPL,customer,"In the fiscal years ended October 1, 2021 (“fiscal 2021”), October 2, 2020 (“fiscal 2020”), and September 27, 2019 (“fiscal 2019”), Apple, through sales to multiple distributors and contract manufacturers for multiple applications including smartphones, tablets, desktop and notebook computers, watches, and other devices, constituted more than ten percent of our net revenue.",10-K,2021-11-24,2021-11-24T21:48:16.000Z,0000004127-21-000058,swks-20211001.htm,0.60,low,0.95,0.570000,0.029727,2021-11-24T21:48:16.000Z,,1,SEC EDGAR,0000004127-21-000058,https://www.sec.gov/Archives/edgar/data/4127/000000412721000058/swks-20211001.htm,deterministic explicit-entity and relation-pattern extraction v2,unique_nasdaq100_match,public_at_sec_acceptance,candidate_review_required
fc557bf09444bcc44c59611d1b83ad4921b73159a143959e5d0ebfab52978ea4,NASDAQ100:SWKS,NASDAQ100:AAPL,SWKS,AAPL,customer,"In fiscal 2021, 2020, and 2019, Apple, through sales to multiple distributors, contract manufacturers, and direct sales for multiple applications including smartphones, tablets, desktop, and notebook computers, watches and other devices, in the aggregate accounted for 59%, 56%, and 51% of the Company’s net revenue, respectively.",10-K,2021-11-24,2021-11-24T21:48:16.000Z,0000004127-21-000058,swks-20211001.htm,0.60,low,0.95,0.570000,0.029727,2021-11-24T21:48:16.000Z,,1,SEC EDGAR,0000004127-21-000058,https://www.sec.gov/Archives/edgar/data/4127/000000412721000058/swks-20211001.htm,deterministic explicit-entity and relation-pattern extraction v2,unique_nasdaq100_match,public_at_sec_acceptance,candidate_review_required
893f870b37f73919f7913041bd7f7ad6d174647cd7c8035544024c1a7a82a22c,NASDAQ100:SWKS,NASDAQ100:MSFT,SWKS,MSFT,customer,"The Company’s highly innovative analog semiconductors are connecting people, places, and things, spanning a number of new and previously unimagined applications within the aerospace, automotive, broadband, cellular infrastructure, connected home, entertainment and gaming, industrial, medical, military, smartphone, tablet, and wearable markets.Our key customers include Amazon, Apple Inc. (“Apple”), Arris, Bose, Cisco, DJI, Ericsson, Foxconn, Garmin, Gemalto (a Thales company), General Electric, Fibocom, Google, Honeywell, Itron, Lenovo, LG Electronics, Microsoft, Motorola, Netgear, Northrop Grumman, OPPO, Rockwell Collins, Samsung, Sierra Wireless, Sonos, Technicolor, VIVO, Xiaomi, and ZTE.",10-K,2021-11-24,2021-11-24T21:48:16.000Z,0000004127-21-000058,swks-20211001.htm,0.60,low,0.95,0.570000,0.029727,2021-11-24T21:48:16.000Z,,1,SEC EDGAR,0000004127-21-000058,https://www.sec.gov/Archives/edgar/data/4127/000000412721000058/swks-20211001.htm,deterministic explicit-entity and relation-pattern extraction v2,unique_nasdaq100_match,public_at_sec_acceptance,candidate_review_required
d360badf1ffce08147892a72dbf527ace99d0ae5bbf4348dd6cac4f8a167cfb8,NASDAQ100:ADI,NASDAQ100:AVGO,ADI,AVGO,customer,"Our competitors include but are not limited to:• Broadcom Inc. • Monolithic Power Systems, Inc.• Infineon Technologies AG • NXP Semiconductors N.V.• Microchip Technology Incorporated • Qorvo, Inc.• STMicroelectronics N.V.• Texas Instruments Incorporated• Xilinx, Inc.We believe that our technical innovation emphasizing product performance and reliability, supported by our commitment to strong customer service and technical support, enables us to make a fundamental difference to our customers’ competitiveness in our chosen markets.SeasonalityOur sales are subject to a varying degree of seasonality.",10-K,2021-12-03,2021-12-03T21:02:52.000Z,0000006281-21-000294,adi-20211030.htm,0.60,low,0.95,0.570000,0.030775,2021-12-03T21:02:52.000Z,,1,SEC EDGAR,0000006281-21-000294,https://www.sec.gov/Archives/edgar/data/6281/000000628121000294/adi-20211030.htm,deterministic explicit-entity and relation-pattern extraction v2,unique_nasdaq100_match,public_at_sec_acceptance,candidate_review_required
d5ff47f05e6cf5ca00f7a02f57ee0fb1e6772a3062b719b83129e8d84159c043,NASDAQ100:ADI,NASDAQ100:MCHP,ADI,MCHP,customer,"Our competitors include but are not limited to:• Broadcom Inc. • Monolithic Power Systems, Inc.• Infineon Technologies AG • NXP Semiconductors N.V.• Microchip Technology Incorporated • Qorvo, Inc.• STMicroelectronics N.V.• Texas Instruments Incorporated• Xilinx, Inc.We believe that our technical innovation emphasizing product performance and reliability, supported by our commitment to strong customer service and technical support, enables us to make a fundamental difference to our customers’ competitiveness in our chosen markets.SeasonalityOur sales are subject to a varying degree of seasonality.",10-K,2021-12-03,2021-12-03T21:02:52.000Z,0000006281-21-000294,adi-20211030.htm,0.60,low,0.95,0.570000,0.030775,2021-12-03T21:02:52.000Z,,1,SEC EDGAR,0000006281-21-000294,https://www.sec.gov/Archives/edgar/data/6281/000000628121000294/adi-20211030.htm,deterministic explicit-entity and relation-pattern extraction v2,unique_nasdaq100_match,public_at_sec_acceptance,candidate_review_required
a735fc08e7ad19460d274f9e07b4b7371bc59fc16cc351c3ed7eb872ac58082c,NASDAQ100:ADI,NASDAQ100:NXPI,ADI,NXPI,customer,"Our competitors include but are not limited to:• Broadcom Inc. • Monolithic Power Systems, Inc.• Infineon Technologies AG • NXP Semiconductors N.V.• Microchip Technology Incorporated • Qorvo, Inc.• STMicroelectronics N.V.• Texas Instruments Incorporated• Xilinx, Inc.We believe that our technical innovation emphasizing product performance and reliability, supported by our commitment to strong customer service and technical support, enables us to make a fundamental difference to our customers’ competitiveness in our chosen markets.SeasonalityOur sales are subject to a varying degree of seasonality.",10-K,2021-12-03,2021-12-03T21:02:52.000Z,0000006281-21-000294,adi-20211030.htm,0.60,low,0.95,0.570000,0.030775,2021-12-03T21:02:52.000Z,,1,SEC EDGAR,0000006281-21-000294,https://www.sec.gov/Archives/edgar/data/6281/000000628121000294/adi-20211030.htm,deterministic explicit-entity and relation-pattern extraction v2,unique_nasdaq100_match,public_at_sec_acceptance,candidate_review_required
5315227c1066e60901c5cdf1d145a1f191e3754a828629e51493063838f331ec,NASDAQ100:ADI,NASDAQ100:TXN,ADI,TXN,customer,"Our competitors include but are not limited to:• Broadcom Inc. • Monolithic Power Systems, Inc.• Infineon Technologies AG • NXP Semiconductors N.V.• Microchip Technology Incorporated • Qorvo, Inc.• STMicroelectronics N.V.• Texas Instruments Incorporated• Xilinx, Inc.We believe that our technical innovation emphasizing product performance and reliability, supported by our commitment to strong customer service and technical support, enables us to make a fundamental difference to our customers’ competitiveness in our chosen markets.SeasonalityOur sales are subject to a varying degree of seasonality.",10-K,2021-12-03,2021-12-03T21:02:52.000Z,0000006281-21-000294,adi-20211030.htm,0.60,low,0.95,0.570000,0.030775,2021-12-03T21:02:52.000Z,,1,SEC EDGAR,0000006281-21-000294,https://www.sec.gov/Archives/edgar/data/6281/000000628121000294/adi-20211030.htm,deterministic explicit-entity and relation-pattern extraction v2,unique_nasdaq100_match,public_at_sec_acceptance,candidate_review_required
0a9b741802086908a440d88586965c6c3b36555284332ac8773407a24e6ad2a0,NASDAQ100:MSFT,NASDAQ100:SNPS,MSFT,SNPS,supplier,"While many of our solutions have been used in cloud-based environments for years, such as in a customer’s own server and/or cloud environment, we have been working directly with customers and commercial cloud vendors, including Amazon Web 4Table of ContentsServices, Microsoft Azure, Google Cloud and Alibaba Cloud, to further enhance our EDA-on-cloud products and platforms.Our platforms comprehensively address the process, featuring a large number of EDA products that generally fall into the following categories:•Digital and custom IC design and field programmable gate array (FPGA) design, which includes software tools to design an IC; •Verification, which includes technology to verify that an IC design behaves as intended; and•Manufacturing, which includes products that both enable early manufacturing process development and convert IC design layouts into the masks used to manufacture the chips.Digital and Custom IC DesignOur Fusion Design Platform™ provides customers with a comprehensive digital design implementation solution that includes industry-leading products and redefines conventional design tool boundaries to deliver a more integrated flow than ever before, with better quality and time to results.",10-K,2021-12-13,2021-12-13T22:22:49.000Z,0000883241-21-000022,snps-20211031.htm,0.60,low,0.95,0.570000,0.031984,2021-12-13T22:22:49.000Z,,1,SEC EDGAR,0000883241-21-000022,https://www.sec.gov/Archives/edgar/data/883241/000088324121000022/snps-20211031.htm,deterministic explicit-entity and relation-pattern extraction v2,unique_nasdaq100_match,public_at_sec_acceptance,candidate_review_required
a540ec0c026f4f2ef933617edb9436b5858418ad81f51ea58433690ada4b2f77,NASDAQ100:SNPS,NASDAQ100:CDNS,SNPS,CDNS,supplier,"Our competitors include EDA vendors that offer varying ranges of products and services, such as Cadence Design Systems, Inc. and Siemens EDA (formerly Mentor Graphics Corporation).",10-K,2021-12-13,2021-12-13T22:22:49.000Z,0000883241-21-000022,snps-20211031.htm,0.60,low,0.95,0.570000,0.031984,2021-12-13T22:22:49.000Z,,1,SEC EDGAR,0000883241-21-000022,https://www.sec.gov/Archives/edgar/data/883241/000088324121000022/snps-20211031.htm,deterministic explicit-entity and relation-pattern extraction v2,unique_nasdaq100_match,public_at_sec_acceptance,candidate_review_required
c093992d27575db1f08b2006dfefaad5749ad1cc12f0db1033baea6e3ee7c195,NASDAQ100:SNPS,NASDAQ100:CDNS,SNPS,CDNS,customer,"We also compete with other EDA vendors, including new entrants to the marketplace, that offer products focused on one or more discrete phases of the IC design process, as well as with customers’ internally developed design tools and capabilities.Within our Semiconductor & System Design segment, Synopsys also competes against numerous other IP providers, including Cadence Design Systems, Inc., and our customers' internally developed IP.",10-K,2021-12-13,2021-12-13T22:22:49.000Z,0000883241-21-000022,snps-20211031.htm,0.60,low,0.95,0.570000,0.031984,2021-12-13T22:22:49.000Z,,1,SEC EDGAR,0000883241-21-000022,https://www.sec.gov/Archives/edgar/data/883241/000088324121000022/snps-20211031.htm,deterministic explicit-entity and relation-pattern extraction v2,unique_nasdaq100_match,public_at_sec_acceptance,candidate_review_required
2a83a3f59d320f728c20113958b363a7dec942a41e86b530633c454b1dc72fbb,NASDAQ100:SNPS,NASDAQ100:CDNS,SNPS,CDNS,customer,"If we fail to optimize our EDA and IP solutions for use with major foundries’ manufacturing processes or major IP providers’ products, or if our access to such foundry 16Table of Contentsprocesses or third-party IP products is hampered, then our solutions may become less desirable to our customers, resulting in an adverse effect on our business and financial condition.We operate in highly competitive industries, and if we do not continue to meet our customers’ demand for innovative technology at lower costs, our products may not be competitive or may become obsolete, and our business and financial condition may be harmed.In our Semiconductor & System Design segment, we compete against EDA vendors that offer a variety of products and services, such as Cadence Design Systems, Inc. and Siemens EDA (formerly Mentor Graphics Corporation).",10-K,2021-12-13,2021-12-13T22:22:49.000Z,0000883241-21-000022,snps-20211031.htm,0.60,low,0.95,0.570000,0.031984,2021-12-13T22:22:49.000Z,,1,SEC EDGAR,0000883241-21-000022,https://www.sec.gov/Archives/edgar/data/883241/000088324121000022/snps-20211031.htm,deterministic explicit-entity and relation-pattern extraction v2,unique_nasdaq100_match,public_at_sec_acceptance,candidate_review_required
729849bb3cd850b3fe782a9051d04f401e41ba7a65ddc4cf393e055ef83cf4f5,NASDAQ100:AVGO,NASDAQ100:AAPL,AVGO,AAPL,customer,"We believe aggregate sales to Apple Inc., through all channels, accounted for approximately 20% and 15% of our net revenue for fiscal years 2021 and 2020, respectively.",10-K,2021-12-17,2021-12-17T21:42:51.000Z,0001730168-21-000153,avgo-20211031.htm,0.97,high,0.95,0.921500,0.052510,2021-12-17T21:42:51.000Z,,1,SEC EDGAR,0001730168-21-000153,https://www.sec.gov/Archives/edgar/data/1730168/000173016821000153/avgo-20211031.htm,deterministic explicit-entity and relation-pattern extraction v2,unique_nasdaq100_match,public_at_sec_acceptance,accepted
48ee150a38e1cf8dc83f43196dbc14a21d936addd02bf84a9301144511663da5,NASDAQ100:AVGO,NASDAQ100:AAPL,AVGO,AAPL,customer,"We believe aggregate sales, through all channels, to Apple and our top five end customers, accounted for approximately 20% and more than 35% of our net revenue for fiscal year 2021, respectively.",10-K,2021-12-17,2021-12-17T21:42:51.000Z,0001730168-21-000153,avgo-20211031.htm,0.97,high,0.95,0.921500,0.052510,2021-12-17T21:42:51.000Z,,1,SEC EDGAR,0001730168-21-000153,https://www.sec.gov/Archives/edgar/data/1730168/000173016821000153/avgo-20211031.htm,deterministic explicit-entity and relation-pattern extraction v2,unique_nasdaq100_match,public_at_sec_acceptance,accepted
6d3e07d46d4039a790adb04fe47224413a230a551043afb4c4da5b02e0a62506,NASDAQ100:ADBE,NASDAQ100:AAPL,ADBE,AAPL,customer,"The failure of third parties to provide acceptable products and services or to update their technology, including during the COVID-19 pandemic, may result in a disruption to our business operations and those of our customers, which may reduce our revenues and profits, cause us to lose customers and damage our reputation.We increasingly utilize the distribution platforms of third parties like Apple’s App Store and Google’s Play Store for the distribution of certain of our product offerings.",10-K,2022-01-21,2022-01-21T21:03:34.000Z,0000796343-22-000032,adbe-20211203.htm,0.60,low,0.95,0.570000,0.037166,2022-01-21T21:03:34.000Z,,1,SEC EDGAR,0000796343-22-000032,https://www.sec.gov/Archives/edgar/data/796343/000079634322000032/adbe-20211203.htm,deterministic explicit-entity and relation-pattern extraction v2,unique_nasdaq100_match,public_at_sec_acceptance,candidate_review_required
a3f3446bf7e75ffd08fee6f28e4237eddc106e21dbdf14a57e91798afe5f1428,NASDAQ100:AAPL,NASDAQ100:INTC,AAPL,INTC,supplier,"In processors, we compete with AMD and vendors who design applications processors based on ARM* architecture, such as Qualcomm Inc. (Qualcomm), and, increasingly, Apple Inc., (Apple) with its most recent launch of M1 Max and M1 Pro.",10-K,2022-01-27,2022-01-26T23:34:53.000Z,0000050863-22-000007,intc-20211225.htm,0.60,low,0.95,0.570000,0.037889,2022-01-26T23:34:53.000Z,,1,SEC EDGAR,0000050863-22-000007,https://www.sec.gov/Archives/edgar/data/50863/000005086322000007/intc-20211225.htm,deterministic explicit-entity and relation-pattern extraction v2,unique_nasdaq100_match,public_at_sec_acceptance,candidate_review_required
2f75e348b567e43c84bc70a689103ba9d1ddae25c088a1eb7f622b0d4375aaba,NASDAQ100:INTC,NASDAQ100:AAPL,INTC,AAPL,supplier,"For example, in 2020, Apple introduced PC products utilizing its own internally developed ARM-based semiconductor designs in place of our client CPUs, and we face increasing competition from Apple's products and ecosystem.Most of our competitors rely on third-party foundries, such as Taiwan Semiconductor Manufacturing Company, Ltd. (TSMC) or Samsung Electronics Co., Ltd., and subcontractors for manufacture and assembly and test of their semiconductor components and products.",10-K,2022-01-27,2022-01-26T23:34:53.000Z,0000050863-22-000007,intc-20211225.htm,0.60,low,0.95,0.570000,0.037889,2022-01-26T23:34:53.000Z,,1,SEC EDGAR,0000050863-22-000007,https://www.sec.gov/Archives/edgar/data/50863/000005086322000007/intc-20211225.htm,deterministic explicit-entity and relation-pattern extraction v2,unique_nasdaq100_match,public_at_sec_acceptance,candidate_review_required
7f757b7fba8d308038c514f9df2fb3306aedbfeafe4845de20edc48aff6a6e7c,NASDAQ100:INTC,NASDAQ100:AMD,INTC,AMD,customer,"Financial StatementsNotes to Consolidated Financial Statements105Table of ContentsEuropean Commission Competition MatterIn 2001, the EC commenced an investigation regarding claims by Advanced Micro Devices, Inc. (AMD) that we used unfair business practices to persuade customers to buy our microprocessors.",10-K,2022-01-27,2022-01-26T23:34:53.000Z,0000050863-22-000007,intc-20211225.htm,0.60,low,0.95,0.570000,0.037889,2022-01-26T23:34:53.000Z,,1,SEC EDGAR,0000050863-22-000007,https://www.sec.gov/Archives/edgar/data/50863/000005086322000007/intc-20211225.htm,deterministic explicit-entity and relation-pattern extraction v2,unique_nasdaq100_match,public_at_sec_acceptance,candidate_review_required
f4ff28af573afcd50a113d34e0668b14e878e2bed3179ce75368abbc1c9b8977,NASDAQ100:INTC,NASDAQ100:NVDA,INTC,NVDA,customer,"To the extent our products do not meet our customers' requirements across these factors in an increasingly competitive landscape, our business and results of operation can be harmed.We face intense competition across our product portfolio from companies offering platform products, such as AMD and Qualcomm; accelerator products such as GPUs, including those offered by NVIDIA; other accelerator products such as ASICs, application-specific standard products, and FPGAs; memory and storage products; connectivity and networking products; and other semiconductor products.",10-K,2022-01-27,2022-01-26T23:34:53.000Z,0000050863-22-000007,intc-20211225.htm,0.60,low,0.95,0.570000,0.037889,2022-01-26T23:34:53.000Z,,1,SEC EDGAR,0000050863-22-000007,https://www.sec.gov/Archives/edgar/data/50863/000005086322000007/intc-20211225.htm,deterministic explicit-entity and relation-pattern extraction v2,unique_nasdaq100_match,public_at_sec_acceptance,candidate_review_required
f1e710f065672dd913ce6ed1f3b57d20e94816fe1657cf09564c7defea603853,NASDAQ100:AAPL,NASDAQ100:CHTR,AAPL,CHTR,supplier,"Other online video business models and products have also developed, some offered by programmers that have not traditionally sold programming directly to consumers, including, (i) subscription video on demand (“SVOD”) services such as Netflix, Apple TV+, Amazon Prime, Hulu Plus, Disney+, HBO Max, Peacock, Paramount+, AMC+, Starz and Showtime Anytime, (ii) ad-supported free online video products, including YouTube and Pluto TV, some of which offer programming for free to consumers that we currently purchase for a fee, (iii) pay-per-view products, such as iTunes and Amazon Instant, and (iv) additional offerings from mobile providers which continue to integrate and bundle video services and mobile products.",10-K,2022-01-28,2022-01-28T12:05:57.000Z,0001091667-22-000024,chtr-20211231.htm,0.60,low,0.95,0.570000,0.038182,2022-01-28T12:05:57.000Z,,1,SEC EDGAR,0001091667-22-000024,https://www.sec.gov/Archives/edgar/data/1091667/000109166722000024/chtr-20211231.htm,deterministic explicit-entity and relation-pattern extraction v2,unique_nasdaq100_match,public_at_sec_acceptance,candidate_review_required
c268cc6502bbff9cadf4393f84abb9d84840dcea0047015d3a43e8069f6351c1,NASDAQ100:CHTR,NASDAQ100:AAPL,CHTR,AAPL,customer,"Our device portfolio includes 5G models from Apple, Google and Samsung and we offer trade-in options along with a bring-your-own-device (“BYOD”) program which lowers the costs for our customers switching to Spectrum Mobile from other mobile operators.",10-K,2022-01-28,2022-01-28T12:05:57.000Z,0001091667-22-000024,chtr-20211231.htm,0.60,low,0.95,0.570000,0.038182,2022-01-28T12:05:57.000Z,,1,SEC EDGAR,0001091667-22-000024,https://www.sec.gov/Archives/edgar/data/1091667/000109166722000024/chtr-20211231.htm,deterministic explicit-entity and relation-pattern extraction v2,unique_nasdaq100_match,public_at_sec_acceptance,candidate_review_required
6c0632fbde15f8d52621a0139d4178b08bf505323a02c7a1dff599ab0e1b114b,NASDAQ100:CHTR,NASDAQ100:NFLX,CHTR,NFLX,customer,"Our video customers also have access to programmer authenticated applications such as Fox Now, Showtime and ESPN and direct to consumer applications such as Netflix, YouTube and HBO Max on certain set-top boxes.",10-K,2022-01-28,2022-01-28T12:05:57.000Z,0001091667-22-000024,chtr-20211231.htm,0.60,low,0.95,0.570000,0.038182,2022-01-28T12:05:57.000Z,,1,SEC EDGAR,0001091667-22-000024,https://www.sec.gov/Archives/edgar/data/1091667/000109166722000024/chtr-20211231.htm,deterministic explicit-entity and relation-pattern extraction v2,unique_nasdaq100_match,public_at_sec_acceptance,candidate_review_required
0365cd2a19ab0975d4159e88899461e09d83d154b6c7ac01a66a10c7fd4d5e7c,NASDAQ100:NFLX,NASDAQ100:CHTR,NFLX,CHTR,supplier,"Other online video business models and products have also developed, some offered by programmers that have not traditionally sold programming directly to consumers, including, (i) subscription video on demand (“SVOD”) services such as Netflix, Apple TV+, Amazon Prime, Hulu Plus, Disney+, HBO Max, Peacock, Paramount+, AMC+, Starz and Showtime Anytime, (ii) ad-supported free online video products, including YouTube and Pluto TV, some of which offer programming for free to consumers that we currently purchase for a fee, (iii) pay-per-view products, such as iTunes and Amazon Instant, and (iv) additional offerings from mobile providers which continue to integrate and bundle video services and mobile products.",10-K,2022-01-28,2022-01-28T12:05:57.000Z,0001091667-22-000024,chtr-20211231.htm,0.60,low,0.95,0.570000,0.038182,2022-01-28T12:05:57.000Z,,1,SEC EDGAR,0001091667-22-000024,https://www.sec.gov/Archives/edgar/data/1091667/000109166722000024/chtr-20211231.htm,deterministic explicit-entity and relation-pattern extraction v2,unique_nasdaq100_match,public_at_sec_acceptance,candidate_review_required
269d5b71f5429aa9237de8cace3156b5e49b48d4e9cc0c750d056675666e0907,NASDAQ100:AAPL,NASDAQ100:SIRI,AAPL,SIRI,supplier,"A decline in the effectiveness of our marketing efforts could have an adverse impact on our operations and financial condition.18Table of ContentsWe rely on third parties for the operation of our business, and the failure of third parties to perform could adversely affect our business.Our business depends, in part, on various third parties, including:•manufacturers that build and distribute satellite radios;•companies that manufacture and sell integrated circuits for satellite radios;•third-party software that we incorporate in and include with our apps and service;•programming providers, including agreements with owners of various copyrights in music, and on-air talent;•vendors that operate our call centers;•vendors that have designed or built, and vendors that support or operate, other important elements of our systems, including our satellites and cloud-based systems we use;•Apple, who distributes our apps through its App Store and who, in the case of our Pandora service, we rely on to collect fees and approve the terms of our consumer offers; and•Google, who distributes our apps through its App Store and who, in the case of our Pandora service, we rely on to collect fees and approve the terms of our consumer offers, and who plays an important role in the fulfillment of the ads we sell on our Pandora platform.If one or more of these third parties do not perform in a satisfactory or timely manner, including complying with our standards and practices relating to business integrity, personnel and cybersecurity, our business could be adversely affected.The operation of our apps and service offerings could be impaired if errors occur in the third party software that we use.",10-K,2022-02-01,2022-02-01T14:09:40.000Z,0000908937-22-000007,siri-20211231.htm,0.60,low,0.95,0.570000,0.038775,2022-02-01T14:09:40.000Z,,1,SEC EDGAR,0000908937-22-000007,https://www.sec.gov/Archives/edgar/data/908937/000090893722000007/siri-20211231.htm,deterministic explicit-entity and relation-pattern extraction v2,unique_nasdaq100_match,public_at_sec_acceptance,candidate_review_required
b6e1d81f48b93914a906dcb195eb2805aa688bc5774a61b6fc9bedb1129ca5ce,NASDAQ100:AAPL,NASDAQ100:GOOGL,AAPL,GOOGL,supplier,"Our advertisers typically advertise in multiple media, both online and offline.•Companies that design, manufacture, and market consumer hardware products, including businesses that have developed proprietary platforms, such as Amazon, Apple, and Microsoft.•Digital assistant providers, such as Amazon and Apple.•Providers of enterprise cloud services, such as Alibaba, Amazon, Microsoft, and Salesforce.•Providers of digital video services, such as Amazon, Apple, AT&T, ByteDance, Disney, Hulu, Meta, and Netflix. •Other digital content and application platform providers, such as Amazon and Apple.•Providers of workspace connectivity and productivity products, such as Meta, Microsoft, Salesforce, and Zoom.Competing successfully depends heavily on our ability to develop and distribute innovative products and technologies to the marketplace across our businesses.",10-K,2022-02-02,2022-02-02T02:08:02.000Z,0001652044-22-000019,goog-20211231.htm,0.60,low,0.95,0.570000,0.038924,2022-02-02T02:08:02.000Z,,1,SEC EDGAR,0001652044-22-000019,https://www.sec.gov/Archives/edgar/data/1652044/000165204422000019/goog-20211231.htm,deterministic explicit-entity and relation-pattern extraction v2,unique_nasdaq100_match,public_at_sec_acceptance,candidate_review_required
18110b3fc7d0d46d3d718de2c8e82fc9b361e74a6b6ac93e5737ecfb9ae8b5d0,NASDAQ100:CMCSA,NASDAQ100:NFLX,CMCSA,NFLX,supplier,"The availability of these and other offerings could negatively impact the demand for our broadband services.VideoCable Communications competes with a number of different sources in the United States that provide news, sports, information and entertainment programming to consumers, including:•DTC streaming and other OTT service providers including:◦subscription-based services, such as Disney+ and Netflix, that offer online services that enable internet streaming and downloading of movies, television shows and other video programming◦virtual multichannel video providers, such as Hulu + Live TV and YouTube TV, that offer streamed linear programming networks •DBS providers, including DIRECTV and DISH Network, that transmit satellite signals to substantially all U.S. households to provide video programming and other information similar to our video services•companies, including AT&T and Verizon, that have built and continue to build fiber-based networks that provide video services similar to ours, overlap a substantial portion of our service areas, and in some cases provide bundled offerings that include wireless phone services•other providers that build and operate communications systems and services in the same areas that we serve, including those operating as franchised cable operators•other companies, such as local broadcast television stations, that provide multiple channels of free over-the-air programming5Comcast 2021 Annual Report on Form 10-KTable of ContentsMany of these competitors also have significant financial resources.",10-K,2022-02-02,2022-02-02T20:15:17.000Z,0001166691-22-000009,cmcsa-20211231.htm,0.60,low,0.95,0.570000,0.038924,2022-02-02T20:15:17.000Z,,1,SEC EDGAR,0001166691-22-000009,https://www.sec.gov/Archives/edgar/data/1166691/000116669122000009/cmcsa-20211231.htm,deterministic explicit-entity and relation-pattern extraction v2,unique_nasdaq100_match,public_at_sec_acceptance,candidate_review_required
e36f3000dcff74247ba8028b608a9c28b0ad7371b00357c3852edda8f0070b13,NASDAQ100:MSFT,NASDAQ100:GOOGL,MSFT,GOOGL,supplier,"Our advertisers typically advertise in multiple media, both online and offline.•Companies that design, manufacture, and market consumer hardware products, including businesses that have developed proprietary platforms, such as Amazon, Apple, and Microsoft.•Digital assistant providers, such as Amazon and Apple.•Providers of enterprise cloud services, such as Alibaba, Amazon, Microsoft, and Salesforce.•Providers of digital video services, such as Amazon, Apple, AT&T, ByteDance, Disney, Hulu, Meta, and Netflix. •Other digital content and application platform providers, such as Amazon and Apple.•Providers of workspace connectivity and productivity products, such as Meta, Microsoft, Salesforce, and Zoom.Competing successfully depends heavily on our ability to develop and distribute innovative products and technologies to the marketplace across our businesses.",10-K,2022-02-02,2022-02-02T02:08:02.000Z,0001652044-22-000019,goog-20211231.htm,0.60,low,0.95,0.570000,0.038924,2022-02-02T02:08:02.000Z,,1,SEC EDGAR,0001652044-22-000019,https://www.sec.gov/Archives/edgar/data/1652044/000165204422000019/goog-20211231.htm,deterministic explicit-entity and relation-pattern extraction v2,unique_nasdaq100_match,public_at_sec_acceptance,candidate_review_required
ff31a30694fd2848f1ca2ece0f76400d4db4a3dd6cdcd00d2c92b8d09de1f832,NASDAQ100:NFLX,NASDAQ100:GOOGL,NFLX,GOOGL,supplier,"Our advertisers typically advertise in multiple media, both online and offline.•Companies that design, manufacture, and market consumer hardware products, including businesses that have developed proprietary platforms, such as Amazon, Apple, and Microsoft.•Digital assistant providers, such as Amazon and Apple.•Providers of enterprise cloud services, such as Alibaba, Amazon, Microsoft, and Salesforce.•Providers of digital video services, such as Amazon, Apple, AT&T, ByteDance, Disney, Hulu, Meta, and Netflix. •Other digital content and application platform providers, such as Amazon and Apple.•Providers of workspace connectivity and productivity products, such as Meta, Microsoft, Salesforce, and Zoom.Competing successfully depends heavily on our ability to develop and distribute innovative products and technologies to the marketplace across our businesses.",10-K,2022-02-02,2022-02-02T02:08:02.000Z,0001652044-22-000019,goog-20211231.htm,0.60,low,0.95,0.570000,0.038924,2022-02-02T02:08:02.000Z,,1,SEC EDGAR,0001652044-22-000019,https://www.sec.gov/Archives/edgar/data/1652044/000165204422000019/goog-20211231.htm,deterministic explicit-entity and relation-pattern extraction v2,unique_nasdaq100_match,public_at_sec_acceptance,candidate_review_required
127fae2de78ff3d0f73a2bdcbc64ff73763c70f03fe827d4863d3e62863389fa,NASDAQ100:AMD,NASDAQ100:NVDA,AMD,NVDA,supplier,"Our ability to compete with companies who use ARM-based solutions depends on our ability to timely design and bring to market energy-efficient, high-performing products at an attractive price point.In the graphics market, our principal competitor in the supply of discrete graphics is NVIDIA who is the market share leader.",10-K,2022-02-03,2022-02-03T22:22:50.000Z,0000002488-22-000016,amd-20211225.htm,0.60,low,0.95,0.570000,0.039074,2022-02-03T22:22:50.000Z,,1,SEC EDGAR,0000002488-22-000016,https://www.sec.gov/Archives/edgar/data/2488/000000248822000016/amd-20211225.htm,deterministic explicit-entity and relation-pattern extraction v2,unique_nasdaq100_match,public_at_sec_acceptance,candidate_review_required
05a336838f86883075691f4a47acaa6a44cc3ea16101a0b586b44275b426c684,NASDAQ100:EBAY,NASDAQ100:PYPL,EBAY,PYPL,supplier,"Amended and Restated Employee Stock Purchase Plan10-Q11/9/202110.16+Offer Letter dated September 29, 2014 between eBay Inc. and Daniel Schulman10-12B/A5/14/201510.17+Amendment dated December 31, 2014 to Offer Letter between eBay Inc. and Daniel Schulman10-12B/A5/14/201510.18+Letter dated April 7, 2015 from eBay Inc. to Louise Pentland10-K2/11/201610.19+Letter dated April 13, 2015 from eBay Inc. to Jonathan Auerbach10-K2/11/201610.20+Letter Agreement dated July 29, 2015 between John Rainey and PayPal Holdings, Inc.10-Q10/29/201510.21+Letter Agreement, dated April 17, 2016, between Aaron Karczmer and PayPal Holdings, Inc.10-Q4/27/201710.22+Letter Agreement effective February 20, 2019 between Mark Britto and PayPal Holdings, Inc.10-Q4/25/201910.23+Independent Director Compensation Policy10-K2/5/202110.24+PayPal Holdings, Inc.",10-K,2022-02-03,2022-02-03T21:55:53.000Z,0001633917-22-000027,pypl-20211231.htm,0.60,low,0.95,0.570000,0.039074,2022-02-03T21:55:53.000Z,,1,SEC EDGAR,0001633917-22-000027,https://www.sec.gov/Archives/edgar/data/1633917/000163391722000027/pypl-20211231.htm,deterministic explicit-entity and relation-pattern extraction v2,unique_nasdaq100_match,public_at_sec_acceptance,candidate_review_required
9c17f54dd25340265b3b2ed7f9e527c65857dd25ac4b9c7ee4f9fc3388b7d8e1,NASDAQ100:GFS,NASDAQ100:AMD,GFS,AMD,supplier,"We conduct product and system research and development activities for our products in the United States with additional design and development engineering teams, located in Canada, China, India, Singapore and Taiwan, who undertake specific activities at the direction of our U.S. headquarters.Manufacturing Arrangements and Assembly and Test FacilitiesThird-Party Wafer Foundry Facilities We have foundry arrangements with Taiwan Semiconductor Manufacturing Company Limited (TSMC) for the production of wafers for our products at 7 nanometer (nm) or smaller nodes.We are also a party to a Wafer Supply Agreement (WSA) with GLOBALFOUNDRIES Inc. (GF), with respect to wafer purchases at the 12 nm and 14 nm technology nodes.Other Third-Party Manufacturers We outsource board-level graphics product manufacturing to third-party manufacturers.Assembly, Test, Mark and Packaging FacilitiesWafers for our products under the Computing and Graphics and the Enterprise, Embedded and Semi-Custom segments are delivered from third-party foundries to our assembly, test, mark and packaging partners located in the Asia-Pacific region who package and test our final semiconductor products.",10-K,2022-02-03,2022-02-03T22:22:50.000Z,0000002488-22-000016,amd-20211225.htm,0.96,high,0.95,0.912000,0.062519,2022-02-03T22:22:50.000Z,,1,SEC EDGAR,0000002488-22-000016,https://www.sec.gov/Archives/edgar/data/2488/000000248822000016/amd-20211225.htm,deterministic explicit-entity and relation-pattern extraction v2,unique_nasdaq100_match,public_at_sec_acceptance,accepted
f14571ac61684a20a7c1093efdba547394662fb3101e00991ff5a88ca340905a,NASDAQ100:GFS,NASDAQ100:AMD,GFS,AMD,supplier,"We rely on Taiwan Semiconductor Manufacturing Company Limited (TSMC) for the production of all wafers for products at 7 nanometer (nm) or smaller nodes, and we rely primarily on GLOBALFOUNDRIES Inc. (GF) for wafers for products manufactured at process nodes larger than 7 nm.",10-K,2022-02-03,2022-02-03T22:22:50.000Z,0000002488-22-000016,amd-20211225.htm,0.96,high,0.95,0.912000,0.062519,2022-02-03T22:22:50.000Z,,1,SEC EDGAR,0000002488-22-000016,https://www.sec.gov/Archives/edgar/data/2488/000000248822000016/amd-20211225.htm,deterministic explicit-entity and relation-pattern extraction v2,unique_nasdaq100_match,public_at_sec_acceptance,accepted
7f86b7c57227b8af0cbc43a4d16d90544c277e1cd50253ed54d2ac97a48d5d26,NASDAQ100:GFS,NASDAQ100:AMD,GFS,AMD,supplier,"For example, we amended our Wafer Supply Agreement (WSA) with GLOBALFOUNDRIES Inc. (GF) in May 2021 (the A&R Seventh Amendment) and in December 2021 (the Amendment) to modify certain terms of the WSA applicable to wafer purchases at the 12 nm and 14 nm technology nodes from December 23, 2021 and continuing through December 31, 2025.",10-K,2022-02-03,2022-02-03T22:22:50.000Z,0000002488-22-000016,amd-20211225.htm,0.96,high,0.95,0.912000,0.062519,2022-02-03T22:22:50.000Z,,1,SEC EDGAR,0000002488-22-000016,https://www.sec.gov/Archives/edgar/data/2488/000000248822000016/amd-20211225.htm,deterministic explicit-entity and relation-pattern extraction v2,unique_nasdaq100_match,public_at_sec_acceptance,accepted
7e1abf44885b9265f6665d6a15ea48afebe2b669a26a66427a740ecc0382bae5,NASDAQ100:MSFT,NASDAQ100:AMD,MSFT,AMD,supplier,"The success of our semi-custom SoC products is dependent on securing customers for our semi-custom design pipeline and consumer market conditions, including the success of the Sony PlayStation®5, Microsoft® Xbox™ Series S and Microsoft® Xbox™ Series X game console systems and next generation consoles for Sony and Microsoft, worldwide.",10-K,2022-02-03,2022-02-03T22:22:50.000Z,0000002488-22-000016,amd-20211225.htm,0.60,low,0.95,0.570000,0.039074,2022-02-03T22:22:50.000Z,,1,SEC EDGAR,0000002488-22-000016,https://www.sec.gov/Archives/edgar/data/2488/000000248822000016/amd-20211225.htm,deterministic explicit-entity and relation-pattern extraction v2,unique_nasdaq100_match,public_at_sec_acceptance,candidate_review_required
e06e270ff0412c4a5967dca9facd9c758cce7fbe141c771c806dbc61bc00fb00,NASDAQ100:MSFT,NASDAQ100:AMD,MSFT,AMD,supplier,"If we lose Microsoft Corporation’s support for our products or other software vendors do not design and develop software to run on our products, our ability to sell our products could be materially adversely affected.Our ability to innovate beyond the x86 instruction set controlled by Intel depends partially on Microsoft designing and developing its operating systems to run on or support our x86-based microprocessor products.",10-K,2022-02-03,2022-02-03T22:22:50.000Z,0000002488-22-000016,amd-20211225.htm,0.60,low,0.95,0.570000,0.039074,2022-02-03T22:22:50.000Z,,1,SEC EDGAR,0000002488-22-000016,https://www.sec.gov/Archives/edgar/data/2488/000000248822000016/amd-20211225.htm,deterministic explicit-entity and relation-pattern extraction v2,unique_nasdaq100_match,public_at_sec_acceptance,candidate_review_required
fdf208c20ed73f978c73e25c4d56a12b99ebe94247e49b37504bed01e13d9807,NASDAQ100:MSFT,NASDAQ100:AMD,MSFT,AMD,supplier,"With respect to our graphics products, we depend in part on Microsoft to design and develop its operating system to run on or support our graphics products.",10-K,2022-02-03,2022-02-03T22:22:50.000Z,0000002488-22-000016,amd-20211225.htm,0.96,high,0.95,0.912000,0.062519,2022-02-03T22:22:50.000Z,,1,SEC EDGAR,0000002488-22-000016,https://www.sec.gov/Archives/edgar/data/2488/000000248822000016/amd-20211225.htm,deterministic explicit-entity and relation-pattern extraction v2,unique_nasdaq100_match,public_at_sec_acceptance,accepted
26503fcba6264e1e901818ed147f5ab435f8e080f0ab65d1c9c4078a9ba8cf81,NASDAQ100:MSFT,NASDAQ100:AMD,MSFT,AMD,supplier,"If Microsoft does not continue to design and develop its operating systems so that they work with our x86 instruction sets or does not continue to develop and maintain their operating systems to support our graphics products, independent software providers may forego designing their software applications to take advantage of our innovations and customers may not purchase PCs with our products.",10-K,2022-02-03,2022-02-03T22:22:50.000Z,0000002488-22-000016,amd-20211225.htm,0.60,low,0.95,0.570000,0.039074,2022-02-03T22:22:50.000Z,,1,SEC EDGAR,0000002488-22-000016,https://www.sec.gov/Archives/edgar/data/2488/000000248822000016/amd-20211225.htm,deterministic explicit-entity and relation-pattern extraction v2,unique_nasdaq100_match,public_at_sec_acceptance,candidate_review_required
3e9676c6cf8e8fe112edc99e7bd9e4dc236486b6949fcc5cfe3ec1a2c535537b,NASDAQ100:MSFT,NASDAQ100:AMD,MSFT,AMD,supplier,"If Microsoft did not certify a driver, or if we otherwise fail to retain the support of Microsoft or other software vendors, our ability to market our products would be materially adversely affected.Our reliance on third-party distributors and AIB partners subjects us to certain risks.We market and sell our products directly and through third-party distributors and AIB partners pursuant to agreements that can generally be terminated for convenience by either party upon prior notice to the other party.",10-K,2022-02-03,2022-02-03T22:22:50.000Z,0000002488-22-000016,amd-20211225.htm,0.60,low,0.95,0.570000,0.039074,2022-02-03T22:22:50.000Z,,1,SEC EDGAR,0000002488-22-000016,https://www.sec.gov/Archives/edgar/data/2488/000000248822000016/amd-20211225.htm,deterministic explicit-entity and relation-pattern extraction v2,unique_nasdaq100_match,public_at_sec_acceptance,candidate_review_required
5aa5f9ee4ef21580898f4a28a43d581847e1957646567a3e788233424a50bc24,NASDAQ100:PYPL,NASDAQ100:EBAY,PYPL,EBAY,customer,"We primarily incurred employee severance and benefits expenses under the 2019 strategic reductions, which were substantially completed by the end of the first quarter of 2020.116 FINANCIAL STATEMENT SCHEDULEThe Financial Statement Schedule II—VALUATION AND QUALIFYING ACCOUNTS is filed as part of this Annual Report on Form 10-K.Balance atBeginning ofPeriodCharged/(Credited) toNet IncomeCharged toOtherAccounts(2)ChargesUtilized/(Write-offs)Balance atEnd of Period (In millions)Allowance for Transaction Losses and Negative Customer BalancesYear Ended December 31, 2019$344 $1,092 $— $(1,037)$399 Year Ended December 31, 2020$399 $1,135 $— $(1,120)$414 Year Ended December 31, 2021$414 $1,153 $— $(1,212)$355 Allowance for Loans and Interest ReceivableYear Ended December 31, 2019(1)$172 $325 $— $(239)$258 Year Ended December 31, 2020$258 $689 $210 $(319)$838 Year Ended December 31, 2021$838 $(104)$— $(243)$491 (1) Allowance for loans and interest receivable for the year end December 31, 2019 was based on accounting guidance which was superseded by the adoption of the Accounting Standards Update 2016-13, Financial Instruments - Credit Losses (Topic 326): Measurement of Credit Losses on Financial Instruments (“CECL”), effective January 1, 2020.(2) The amount is related to the impact of the adjustment recorded for adoption of CECL.117Exhibit Index Incorporated by ReferenceExhibitNumber Exhibit DescriptionFiled with this Form 10-KFormDate Filed2.01 Separation and Distribution Agreement by and between eBay Inc. and PayPal Holdings, Inc.",10-K,2022-02-03,2022-02-03T21:55:53.000Z,0001633917-22-000027,pypl-20211231.htm,0.60,low,0.95,0.570000,0.039074,2022-02-03T21:55:53.000Z,,1,SEC EDGAR,0001633917-22-000027,https://www.sec.gov/Archives/edgar/data/1633917/000163391722000027/pypl-20211231.htm,deterministic explicit-entity and relation-pattern extraction v2,unique_nasdaq100_match,public_at_sec_acceptance,candidate_review_required
a1537389dada9a9060aa5aca9376fa4797062773156ac0481bdbdbca2e3bfe2e,NASDAQ100:MDLZ,NASDAQ100:KDP,MDLZ,KDP,strategic_partner,"Equity investments such as our investments in JDE Peet’s N.V. and Keurig Dr Pepper Inc., joint ventures and other strategic alliances pose additional risks, as we could share ownership in both public and private companies and in some cases management responsibilities with one or more other parties whose objectives for the alliance may diverge from ours over time, who may not have the same priorities, strategies or resources as we do, or whose interpretation of applicable policies may differ from our own.",10-K,2022-02-04,2022-02-04T18:40:11.000Z,0001103982-22-000003,mdlz-20211231.htm,0.60,low,0.95,0.570000,0.039225,2022-02-04T18:40:11.000Z,,0,SEC EDGAR,0001103982-22-000003,https://www.sec.gov/Archives/edgar/data/1103982/000110398222000003/mdlz-20211231.htm,deterministic explicit-entity and relation-pattern extraction v2,unique_nasdaq100_match,public_at_sec_acceptance,candidate_review_required
432fbf852771ba74454e0ec89f846eb15593f5d696bc4ab4fdc5139cc14690a8,NASDAQ100:VRTX,NASDAQ100:MRNA,VRTX,MRNA,strategic_partner,"In 2021, we entered into a collaboration with Mammoth Biosciences, or Mammoth, to develop in vivo gene-editing therapies for two diseases using Mammoth’s next-generation CRISPR systems.•Moderna, Inc.",10-K,2022-02-09,2022-02-09T21:37:44.000Z,0000875320-22-000007,vrtx-20211231.htm,0.60,low,0.95,0.570000,0.039988,2022-02-09T21:37:44.000Z,,0,SEC EDGAR,0000875320-22-000007,https://www.sec.gov/Archives/edgar/data/875320/000087532022000007/vrtx-20211231.htm,deterministic explicit-entity and relation-pattern extraction v2,unique_nasdaq100_match,public_at_sec_acceptance,candidate_review_required
eb21fbb325ff3ee902db33b17043a5367fe5c23de1a8c03a11514be9df6cf8d5,NASDAQ100:VRTX,NASDAQ100:MRNA,VRTX,MRNA,strategic_partner,"In 2016, we entered into a collaboration with Moderna, pursuant to which we are seeking to identify and develop mRNA therapeutics for the treatment of CF.",10-K,2022-02-09,2022-02-09T21:37:44.000Z,0000875320-22-000007,vrtx-20211231.htm,0.82,medium,0.95,0.779000,0.054650,2022-02-09T21:37:44.000Z,,0,SEC EDGAR,0000875320-22-000007,https://www.sec.gov/Archives/edgar/data/875320/000087532022000007/vrtx-20211231.htm,deterministic explicit-entity and relation-pattern extraction v2,unique_nasdaq100_match,public_at_sec_acceptance,accepted
5e41e687c470dc67a404f71fcbd2f94c255fda283c0ce78af19fd772a643cf7f,NASDAQ100:VRTX,NASDAQ100:MRNA,VRTX,MRNA,strategic_partner,"Over the last several years, we entered into collaboration agreements with a number of companies, including Arbor Biotechnologies, Inc., CRISPR, Kymera Therapeutics, Inc., Mammoth Biosciences, Inc., Moderna, Inc., and Obsidian Therapeutics, Inc.",10-K,2022-02-09,2022-02-09T21:37:44.000Z,0000875320-22-000007,vrtx-20211231.htm,0.60,low,0.95,0.570000,0.039988,2022-02-09T21:37:44.000Z,,0,SEC EDGAR,0000875320-22-000007,https://www.sec.gov/Archives/edgar/data/875320/000087532022000007/vrtx-20211231.htm,deterministic explicit-entity and relation-pattern extraction v2,unique_nasdaq100_match,public_at_sec_acceptance,candidate_review_required
935fa2bd35b938eac67e0fa51b3000a6557ebb7ea662d8fc39a82070fc7c7557,NASDAQ100:VRTX,NASDAQ100:MRNA,VRTX,MRNA,supplier,"We concluded that we did not have any alternative future use for the acquired in-process research and development and recorded the $50.0 million upfront payment to “Research and development expenses.”In addition to the upfront payment, we purchased $20.0 million of Kymera’s preferred stock that converted to common stock when Kymera became a publicly traded company in 2020.Moderna, Inc.In 2016, we entered into a strategic collaboration and licensing agreement with Moderna, Inc. (“Moderna”), pursuant to which the parties are seeking to identify and develop messenger ribonucleic acid (“mRNA”) therapeutics for the treatment of CF.",10-K,2022-02-09,2022-02-09T21:37:44.000Z,0000875320-22-000007,vrtx-20211231.htm,0.60,low,0.95,0.570000,0.039988,2022-02-09T21:37:44.000Z,,1,SEC EDGAR,0000875320-22-000007,https://www.sec.gov/Archives/edgar/data/875320/000087532022000007/vrtx-20211231.htm,deterministic explicit-entity and relation-pattern extraction v2,unique_nasdaq100_match,public_at_sec_acceptance,candidate_review_required
13f8cc3d72e2ce3802ebe30b0016409f825a650d5ee1966ca7ecd064a93e206b,NASDAQ100:ENPH,NASDAQ100:TSLA,ENPH,TSLA,customer,"Competitors in the storage market include Tesla, LG Chem, Sonnen, Generac, Panasonic, BYD, E3/DC, Senec, Schneider, Goal Zero, Simpliphi and other producers of battery cells and integrated storage systems.Several of our existing and potential competitors are significantly larger than we are and may have greater financial, marketing, distribution, and customer support resources, and may have significantly broader brand recognition, especially in certain markets.",10-K,2022-02-11,2022-02-11T21:32:09.000Z,0001463101-22-000016,enph-20211231.htm,0.60,low,0.95,0.570000,0.040297,2022-02-11T21:32:09.000Z,,1,SEC EDGAR,0001463101-22-000016,https://www.sec.gov/Archives/edgar/data/1463101/000146310122000016/enph-20211231.htm,deterministic explicit-entity and relation-pattern extraction v2,unique_nasdaq100_match,public_at_sec_acceptance,candidate_review_required
62b4a8d45a823394cbc51374f212f7bab49bdfe1b93fc9cbd226e26f56cbf1f4,NASDAQ100:DXCM,NASDAQ100:GOOG,DXCM,GOOG,strategic_partner,"These collaborations align with the strategy to seek broader access to our CGM systems for people with Type 2 diabetes, including those who are not treated with intensive insulin therapy.Verily CollaborationOur Restated Collaboration Agreement with Verily Life Science LLC (an Alphabet Company) and Verily Ireland Limited (collectively, Verily) provides us with an exclusive license to use intellectual property of Verily resulting from the collaboration, and certain Verily patents, in the development, manufacture and commercialization of blood-based or interstitial glucose monitoring products more generally (subject to certain exclusions, which are outside the CGM field as it is commonly understood).",10-K,2022-02-14,2022-02-14T21:31:44.000Z,0001093557-22-000014,dxcm-20211231.htm,0.82,medium,0.95,0.779000,0.055712,2022-02-14T21:31:44.000Z,,0,SEC EDGAR,0001093557-22-000014,https://www.sec.gov/Archives/edgar/data/1093557/000109355722000014/dxcm-20211231.htm,deterministic explicit-entity and relation-pattern extraction v2,unique_nasdaq100_match,public_at_sec_acceptance,accepted
59716ab92cf0ff9ce25ed6ee46937e3104079fafff73afc79b58484e9d5f1380,NASDAQ100:DXCM,NASDAQ100:GOOG,DXCM,GOOG,strategic_partner,"Development and Other Agreements Collaboration with Verily Life SciencesOn November 20, 2018, we entered into an Amended and Restated Collaboration and License Agreement with Verily Life Sciences LLC (an Alphabet Company) and Verily Ireland Limited (collectively, Verily), which we refer to as the Restated Collaboration Agreement.",10-K,2022-02-14,2022-02-14T21:31:44.000Z,0001093557-22-000014,dxcm-20211231.htm,0.82,medium,0.95,0.779000,0.055712,2022-02-14T21:31:44.000Z,,0,SEC EDGAR,0001093557-22-000014,https://www.sec.gov/Archives/edgar/data/1093557/000109355722000014/dxcm-20211231.htm,deterministic explicit-entity and relation-pattern extraction v2,unique_nasdaq100_match,public_at_sec_acceptance,accepted
d9f7298d05873d0fe8699f19bb6ae1942437027e8ed3eeb5809e9510fcbed443,NASDAQ100:DXCM,NASDAQ100:GOOGL,DXCM,GOOGL,strategic_partner,"These collaborations align with the strategy to seek broader access to our CGM systems for people with Type 2 diabetes, including those who are not treated with intensive insulin therapy.Verily CollaborationOur Restated Collaboration Agreement with Verily Life Science LLC (an Alphabet Company) and Verily Ireland Limited (collectively, Verily) provides us with an exclusive license to use intellectual property of Verily resulting from the collaboration, and certain Verily patents, in the development, manufacture and commercialization of blood-based or interstitial glucose monitoring products more generally (subject to certain exclusions, which are outside the CGM field as it is commonly understood).",10-K,2022-02-14,2022-02-14T21:31:44.000Z,0001093557-22-000014,dxcm-20211231.htm,0.82,medium,0.95,0.779000,0.055712,2022-02-14T21:31:44.000Z,,0,SEC EDGAR,0001093557-22-000014,https://www.sec.gov/Archives/edgar/data/1093557/000109355722000014/dxcm-20211231.htm,deterministic explicit-entity and relation-pattern extraction v2,unique_nasdaq100_match,public_at_sec_acceptance,accepted
e378703f8784b7b0225cc79f6685ca5d74dd18338ec40ff27782d081e6088a0b,NASDAQ100:DXCM,NASDAQ100:GOOGL,DXCM,GOOGL,strategic_partner,"Development and Other Agreements Collaboration with Verily Life SciencesOn November 20, 2018, we entered into an Amended and Restated Collaboration and License Agreement with Verily Life Sciences LLC (an Alphabet Company) and Verily Ireland Limited (collectively, Verily), which we refer to as the Restated Collaboration Agreement.",10-K,2022-02-14,2022-02-14T21:31:44.000Z,0001093557-22-000014,dxcm-20211231.htm,0.82,medium,0.95,0.779000,0.055712,2022-02-14T21:31:44.000Z,,0,SEC EDGAR,0001093557-22-000014,https://www.sec.gov/Archives/edgar/data/1093557/000109355722000014/dxcm-20211231.htm,deterministic explicit-entity and relation-pattern extraction v2,unique_nasdaq100_match,public_at_sec_acceptance,accepted
e5d510e1d34f9e212e606d0324544e108d1fa3a6722cc1ee7fd2958a1233a263,NASDAQ100:GFS,NASDAQ100:ON,GFS,ON,supplier,"333-28697))10.16(a)Asset Purchase Agreement, dated as of April 22, 2019, between GLOBALFOUNDRIES U.S.",10-K,2022-02-14,2022-02-14T14:20:06.000Z,0001628280-22-002416,on-20211231.htm,0.60,low,0.95,0.570000,0.040765,2022-02-14T14:20:06.000Z,,1,SEC EDGAR,0001628280-22-002416,https://www.sec.gov/Archives/edgar/data/1097864/000162828022002416/on-20211231.htm,deterministic explicit-entity and relation-pattern extraction v2,unique_nasdaq100_match,public_at_sec_acceptance,candidate_review_required
73c03391c6ecd20f7c24eab74017049073a848c05f5a706bb441107709bd0629,NASDAQ100:GFS,NASDAQ100:ON,GFS,ON,supplier,"1 to Asset Purchase Agreement, dated October 1, 2020, by and among Semiconductor Components Industries, LLC, GLOBALFOUNDRIES U.S.",10-K,2022-02-14,2022-02-14T14:20:06.000Z,0001628280-22-002416,on-20211231.htm,0.60,low,0.95,0.570000,0.040765,2022-02-14T14:20:06.000Z,,1,SEC EDGAR,0001628280-22-002416,https://www.sec.gov/Archives/edgar/data/1097864/000162828022002416/on-20211231.htm,deterministic explicit-entity and relation-pattern extraction v2,unique_nasdaq100_match,public_at_sec_acceptance,candidate_review_required
55a776f0f6073c6670bc0af051fab23e99ec59a9774c73f4eea9620c5702a47e,NASDAQ100:ON,NASDAQ100:AVGO,ON,AVGO,customer,"PSG's competitors include: Broadcom Limited (""Broadcom""), Diodes Incorporated, Infineon Technologies AG (""Infineon""), Wolfspeed, Nexperia BV, Rohm Semiconductor USA LLC (""Rohm""), Semtech Corporation, STMicroelectronics N.V. (""STMicroelectronics""), Texas Instruments Incorporated (""TI""), Toshiba Corporation and Vishay Intertechnology, Inc.ASG ASG principally competes on design experience, manufacturing capability, depth and quality of IP, ability to service customer needs from the design phase to the shipping of a completed product, length of design cycle, longevity of technology support and experience of sales and technical support personnel.",10-K,2022-02-14,2022-02-14T14:20:06.000Z,0001628280-22-002416,on-20211231.htm,0.60,low,0.95,0.570000,0.040765,2022-02-14T14:20:06.000Z,,1,SEC EDGAR,0001628280-22-002416,https://www.sec.gov/Archives/edgar/data/1097864/000162828022002416/on-20211231.htm,deterministic explicit-entity and relation-pattern extraction v2,unique_nasdaq100_match,public_at_sec_acceptance,candidate_review_required
2280cca306a95c4be9b0fb808c2b6f1491deaaeaa9d8e8d9a9ae7a914ffa4056,NASDAQ100:ON,NASDAQ100:GFS,ON,GFS,customer,"We believe the GTAT acquisition will act as a building block to fuel growth and accelerate innovation in disruptive intelligent power technologies and secure supply of SiC to meet rapidly growing customer demand for SiC-based solutions in the sustainable ecosystem.On October 1, 2021, we divested one of our businesses along with the related intellectual property for aggregate consideration of approximately $13.6 million and recognized a gain on sale of $10.2 million after offsetting the carrying values of the disposed assets and liabilities.During 2019 and 2020, we entered into an Asset Purchase Agreement (the ""APA"") and an Asset Purchase Agreement Amendment (the ""APA Amendment"") to acquire GLOBALFOUNDRIES U.S.",10-K,2022-02-14,2022-02-14T14:20:06.000Z,0001628280-22-002416,on-20211231.htm,0.60,low,0.95,0.570000,0.040765,2022-02-14T14:20:06.000Z,,1,SEC EDGAR,0001628280-22-002416,https://www.sec.gov/Archives/edgar/data/1097864/000162828022002416/on-20211231.htm,deterministic explicit-entity and relation-pattern extraction v2,unique_nasdaq100_match,public_at_sec_acceptance,candidate_review_required
2e70a9d8778b89a80ed1d4a8371ae634a6944dcd11bd64da6264947386b0a1dc,NASDAQ100:ON,NASDAQ100:NXPI,ON,NXPI,customer,"Competitors for certain of ASG's products and solutions include: Infineon, NXP Semiconductors N.V. (""NXP""), STMicroelectronics and TI.ISGISG differentiates itself from the competition through deep technical knowledge and close customer relationships to drive leading edge sensing performance for both human and machine vision applications.",10-K,2022-02-14,2022-02-14T14:20:06.000Z,0001628280-22-002416,on-20211231.htm,0.60,low,0.95,0.570000,0.040765,2022-02-14T14:20:06.000Z,,1,SEC EDGAR,0001628280-22-002416,https://www.sec.gov/Archives/edgar/data/1097864/000162828022002416/on-20211231.htm,deterministic explicit-entity and relation-pattern extraction v2,unique_nasdaq100_match,public_at_sec_acceptance,candidate_review_required
0cfd2a19307bf14767a49d1390cd6205d1e8c2ef2505926dfdb3d2d899b585d4,NASDAQ100:ON,NASDAQ100:TXN,ON,TXN,customer,"PSG's competitors include: Broadcom Limited (""Broadcom""), Diodes Incorporated, Infineon Technologies AG (""Infineon""), Wolfspeed, Nexperia BV, Rohm Semiconductor USA LLC (""Rohm""), Semtech Corporation, STMicroelectronics N.V. (""STMicroelectronics""), Texas Instruments Incorporated (""TI""), Toshiba Corporation and Vishay Intertechnology, Inc.ASG ASG principally competes on design experience, manufacturing capability, depth and quality of IP, ability to service customer needs from the design phase to the shipping of a completed product, length of design cycle, longevity of technology support and experience of sales and technical support personnel.",10-K,2022-02-14,2022-02-14T14:20:06.000Z,0001628280-22-002416,on-20211231.htm,0.60,low,0.95,0.570000,0.040765,2022-02-14T14:20:06.000Z,,1,SEC EDGAR,0001628280-22-002416,https://www.sec.gov/Archives/edgar/data/1097864/000162828022002416/on-20211231.htm,deterministic explicit-entity and relation-pattern extraction v2,unique_nasdaq100_match,public_at_sec_acceptance,candidate_review_required
ae6e4d01a19348aadc0a0d64457ecf38dc566face58371dd4e5d20f5a5f600eb,NASDAQ100:AMGN,NASDAQ100:AZN,AMGN,AZN,supplier,"2 to Share Purchase Agreement, dated September 24, 2020, by and among BeiGene, Ltd. and Amgen Inc. (Filed as an exhibit to Form 10-Q for the quarter ended September 30, 2020 on October 29, 2020 and incorporated herein by reference.)10.47Collaboration Agreement dated March 30, 2012 by and between Amgen Inc. and AstraZeneca Collaboration Ventures, LLC, a wholly owned subsidiary of AstraZeneca Pharmaceuticals LP (portions of the exhibit have been omitted pursuant to a request for confidential treatment). (Filed as an exhibit to Form 10-Q for the quarter ended March 31, 2012 on May 8, 2012 and incorporated herein by reference.)10.48Amendment No.",10-K,2022-02-16,2022-02-16T21:39:53.000Z,0000318154-22-000010,amgn-20211231.htm,0.60,low,0.95,0.570000,0.041080,2022-02-16T21:39:53.000Z,,1,SEC EDGAR,0000318154-22-000010,https://www.sec.gov/Archives/edgar/data/318154/000031815422000010/amgn-20211231.htm,deterministic explicit-entity and relation-pattern extraction v2,unique_nasdaq100_match,public_at_sec_acceptance,candidate_review_required
76996b641946bc81da9f0a72c0a85cb1fab454217e340899556463b6ce6d3b28,NASDAQ100:AMGN,NASDAQ100:AZN,AMGN,AZN,strategic_partner,"1 to the Collaboration Agreement, dated October 1, 2014, by and among Amgen Inc., AstraZeneca Collaboration Ventures, LLC and AstraZeneca Pharmaceuticals LP (portions of the exhibit have been omitted pursuant to a request for confidential treatment). (Filed as an exhibit to Form 10-K for the year ended December 31, 2014 on February 19, 2015 and incorporated herein by reference.)10.49Amendment Nos.",10-K,2022-02-16,2022-02-16T21:39:53.000Z,0000318154-22-000010,amgn-20211231.htm,0.82,medium,0.95,0.779000,0.056143,2022-02-16T21:39:53.000Z,,0,SEC EDGAR,0000318154-22-000010,https://www.sec.gov/Archives/edgar/data/318154/000031815422000010/amgn-20211231.htm,deterministic explicit-entity and relation-pattern extraction v2,unique_nasdaq100_match,public_at_sec_acceptance,accepted
509e572e8a04137a4fded6eaeff85987cb0ce8645f8cdc1fc50413aec7458fd1,NASDAQ100:AMGN,NASDAQ100:AZN,AMGN,AZN,strategic_partner,"2 through 6 to the March 30, 2012 Collaboration Agreement between Amgen Inc. and AstraZeneca Collaboration Ventures, LLC, dated May 2 and 27 and October 2, 2016, January 31, 2018, and May 15, 2020, respectively (portions of the exhibit have been omitted because they are both (i) not material and (ii) would be competitively harmful if publicly disclosed.) (Filed as an exhibit to Form 10-Q for the quarter ended June 30, 2020 on July 29, 2020 and incorporated herein by reference.)10.50Amendment No.",10-K,2022-02-16,2022-02-16T21:39:53.000Z,0000318154-22-000010,amgn-20211231.htm,0.82,medium,0.95,0.779000,0.056143,2022-02-16T21:39:53.000Z,,0,SEC EDGAR,0000318154-22-000010,https://www.sec.gov/Archives/edgar/data/318154/000031815422000010/amgn-20211231.htm,deterministic explicit-entity and relation-pattern extraction v2,unique_nasdaq100_match,public_at_sec_acceptance,accepted
3ea5fa82c8c9917081f7ec78bbe96c5700071b381b944d22cb607aa119d409fd,NASDAQ100:AMGN,NASDAQ100:AZN,AMGN,AZN,strategic_partner,"7 to the Collaboration Agreement, dated December 17, 2020, by and between Amgen Inc. and AstraZeneca Collaboration Ventures, LLC (portions of the exhibit have been omitted because they are both (i) not material and (ii) would be competitively harmful if publicly disclosed.) (Filed as an exhibit to Form 10-K for the year ended December 31, 2020 on February 9, 2021 and incorporated herein by reference.)10.51*Amendment No.",10-K,2022-02-16,2022-02-16T21:39:53.000Z,0000318154-22-000010,amgn-20211231.htm,0.82,medium,0.95,0.779000,0.056143,2022-02-16T21:39:53.000Z,,0,SEC EDGAR,0000318154-22-000010,https://www.sec.gov/Archives/edgar/data/318154/000031815422000010/amgn-20211231.htm,deterministic explicit-entity and relation-pattern extraction v2,unique_nasdaq100_match,public_at_sec_acceptance,accepted
aa9d36f1ee4d753c186137f772c2721735b85745885e58173aec66e45e38d097,NASDAQ100:AMGN,NASDAQ100:AZN,AMGN,AZN,strategic_partner,"8 to the Collaboration Agreement, dated November 19, 2021, by and between Amgen Inc. and AstraZeneca Collaboration Ventures, LLC (portions of the exhibit have been omitted because they are both (i) not material and (ii) is the type of information that the Company treats as private or confidential.)86Exhibit No.Description10.52License and Collaboration Agreement, dated June 1, 2021, by and between Amgen Inc. and Kyowa Kirin Co., Ltd. (portions of the exhibit have been omitted because they are both (i) not material and (ii) would be competitively harmful if publicly disclosed). (Filed as an exhibit to Form 10-Q for the quarter ended June 30, 2021 on August 4, 2021 and incorporated herein by reference.)21*Subsidiaries of the Company.23Consent of the Independent Registered Public Accounting Firm.",10-K,2022-02-16,2022-02-16T21:39:53.000Z,0000318154-22-000010,amgn-20211231.htm,0.82,medium,0.95,0.779000,0.056143,2022-02-16T21:39:53.000Z,,0,SEC EDGAR,0000318154-22-000010,https://www.sec.gov/Archives/edgar/data/318154/000031815422000010/amgn-20211231.htm,deterministic explicit-entity and relation-pattern extraction v2,unique_nasdaq100_match,public_at_sec_acceptance,accepted
e77ac271a6aad72e3ce01ce8c321b56c7c4a685623d89675f14f6a1831e77521,NASDAQ100:CDNS,NASDAQ100:NVDA,CDNS,NVDA,supplier,"Flaminia served as Senior Vice President, General Counsel and Corporate Secretary of Mellanox Technologies Ltd., a supplier of intelligent interconnect solutions, from September 2016 until its acquisition by NVIDIA Corporation in April 2020.",10-K,2022-02-22,2022-02-22T21:16:05.000Z,0000813672-22-000012,cdns-20220101.htm,0.60,low,0.95,0.570000,0.042040,2022-02-22T21:16:05.000Z,,1,SEC EDGAR,0000813672-22-000012,https://www.sec.gov/Archives/edgar/data/813672/000081367222000012/cdns-20220101.htm,deterministic explicit-entity and relation-pattern extraction v2,unique_nasdaq100_match,public_at_sec_acceptance,candidate_review_required
60c5843058f5f1174af6d6a9a13f9758d7db1402b97f9fc1fddc424b2529058c,NASDAQ100:ADSK,NASDAQ100:ANSS,ADSK,ANSS,supplier,"We believe that these relationships facilitate accelerated incorporation of advanced technology into our products, provide access to new customers, expand our sales channels, develop specialized product applications, and provide direct integration with leading CAD, EDA, product data management and PLM systems.We have technical and marketing relationships with leading CAD vendors, such as Autodesk, PTC and Siemens Digital Industries, to provide direct links between products.",10-K,2022-02-23,2022-02-23T16:38:01.000Z,0001013462-22-000005,anss-20211231.htm,0.96,high,0.95,0.912000,0.067524,2022-02-23T16:38:01.000Z,,1,SEC EDGAR,0001013462-22-000005,https://www.sec.gov/Archives/edgar/data/1013462/000101346222000005/anss-20211231.htm,deterministic explicit-entity and relation-pattern extraction v2,unique_nasdaq100_match,public_at_sec_acceptance,accepted
910d935185fc289d29c0f2773760867603054c3d71864c5c0b732cf6eaa4046f,NASDAQ100:ANSS,NASDAQ100:AMD,ANSS,AMD,customer,"We are partnering with NI to solve ADAS and hardware-in-the-loop validation, bridging the worlds of simulated and physical testing, and with IPG Automotive to combine our high-fidelity physics simulation with IPG’s best-in-class driving simulation.In addition to marketing relationships to promote the adoption of HPC, we maintain a technical relationship with both Intel and Advanced Micro Devices (AMD) to optimize the solver performance and scalability of our structures, fluids, and electromagnetics portfolio to enable faster simulations and a shorter time to market for our customers.",10-K,2022-02-23,2022-02-23T16:38:01.000Z,0001013462-22-000005,anss-20211231.htm,0.60,low,0.95,0.570000,0.042203,2022-02-23T16:38:01.000Z,,1,SEC EDGAR,0001013462-22-000005,https://www.sec.gov/Archives/edgar/data/1013462/000101346222000005/anss-20211231.htm,deterministic explicit-entity and relation-pattern extraction v2,unique_nasdaq100_match,public_at_sec_acceptance,candidate_review_required
6b0a1df1bb29debb696b6537f69d12ec02d3393142f7ce2bf34726b88f0ad4e5,NASDAQ100:ANSS,NASDAQ100:MSFT,ANSS,MSFT,customer,"In addition, we continue to focus on customer solutions, such as integrating our technology into Synopsys' 3DIC compiler and are actively working together to build additional products and interoperability workflows.We have a strategic relationship with Microsoft that spans several Ansys business units and markets.",10-K,2022-02-23,2022-02-23T16:38:01.000Z,0001013462-22-000005,anss-20211231.htm,0.60,low,0.95,0.570000,0.042203,2022-02-23T16:38:01.000Z,,1,SEC EDGAR,0001013462-22-000005,https://www.sec.gov/Archives/edgar/data/1013462/000101346222000005/anss-20211231.htm,deterministic explicit-entity and relation-pattern extraction v2,unique_nasdaq100_match,public_at_sec_acceptance,candidate_review_required
2e79376010e8b2b7e5b06c41c17363419cf32a18bb23afe159f783ac0820caeb,NASDAQ100:ANSS,NASDAQ100:SNPS,ANSS,SNPS,customer,"We have an integration and distribution agreement with Synopsys and cooperatively integrate Ansys RedHawk technology into an in-design add-on to a Synopsys design tool for the primary purpose of providing customers with direct, in-design access to the RedHawk technology's capabilities.",10-K,2022-02-23,2022-02-23T16:38:01.000Z,0001013462-22-000005,anss-20211231.htm,0.60,low,0.95,0.570000,0.042203,2022-02-23T16:38:01.000Z,,1,SEC EDGAR,0001013462-22-000005,https://www.sec.gov/Archives/edgar/data/1013462/000101346222000005/anss-20211231.htm,deterministic explicit-entity and relation-pattern extraction v2,unique_nasdaq100_match,public_at_sec_acceptance,candidate_review_required
ccbc66f2f83730828dc793cf209d2acc868441480d2e69b7407b1adab8f73e6b,NASDAQ100:ANSS,NASDAQ100:SNPS,ANSS,SNPS,customer,"In addition, we continue to focus on customer solutions, such as integrating our technology into Synopsys' 3DIC compiler and are actively working together to build additional products and interoperability workflows.We have a strategic relationship with Microsoft that spans several Ansys business units and markets.",10-K,2022-02-23,2022-02-23T16:38:01.000Z,0001013462-22-000005,anss-20211231.htm,0.60,low,0.95,0.570000,0.042203,2022-02-23T16:38:01.000Z,,1,SEC EDGAR,0001013462-22-000005,https://www.sec.gov/Archives/edgar/data/1013462/000101346222000005/anss-20211231.htm,deterministic explicit-entity and relation-pattern extraction v2,unique_nasdaq100_match,public_at_sec_acceptance,candidate_review_required
ead93982bd381e7a3d1ea3b75e1f8000d51c9d1e21e71dd7b61d3e5af162b3ba,NASDAQ100:BKNG,NASDAQ100:AAPL,BKNG,AAPL,customer,"Some of our current and potential competitors, such as Google, Apple, Alibaba, Tencent, Amazon, and Facebook, have significantly more customers or users, consumer data, and financial and other resources than we do, and may be able to leverage other aspects of their businesses (e.g., search or mobile device businesses) to enable them to compete more effectively with us.",10-K,2022-02-23,2022-02-23T22:19:51.000Z,0001075531-22-000008,bkng-20211231.htm,0.60,low,0.95,0.570000,0.042203,2022-02-23T22:19:51.000Z,,1,SEC EDGAR,0001075531-22-000008,https://www.sec.gov/Archives/edgar/data/1075531/000107553122000008/bkng-20211231.htm,deterministic explicit-entity and relation-pattern extraction v2,unique_nasdaq100_match,public_at_sec_acceptance,candidate_review_required
df48386d3eb6c83c1eba214c9a48cdf8e959e5fcbc6bae02f1078e4c1ccdae50,NASDAQ100:BKNG,NASDAQ100:AAPL,BKNG,AAPL,customer,"Some of our current and potential competitors, such as Google, Apple, Alibaba, Tencent, Amazon, and Facebook, have significantly more customers or users, consumer data, and financial and other resources than we do, and may be able to leverage other aspects of their businesses (e.g., search or mobile device businesses) to compete more effectively with us.",10-K,2022-02-23,2022-02-23T22:19:51.000Z,0001075531-22-000008,bkng-20211231.htm,0.60,low,0.95,0.570000,0.042203,2022-02-23T22:19:51.000Z,,1,SEC EDGAR,0001075531-22-000008,https://www.sec.gov/Archives/edgar/data/1075531/000107553122000008/bkng-20211231.htm,deterministic explicit-entity and relation-pattern extraction v2,unique_nasdaq100_match,public_at_sec_acceptance,candidate_review_required
f6a55d6040e27ef7adbe311fbc0b4a47ca25f4f2baeb08bd4cd7737c4f47519a,NASDAQ100:BKNG,NASDAQ100:AAPL,BKNG,AAPL,supplier,"See below Part I, Item 1A, Risk Factors - ""Consumer adoption and use of mobile devices creates challenges and may enable device companies such as Google and Apple to compete directly with us."" Our future success will depend on our ability to adapt to rapidly changing technologies, to adapt our services and online platforms to evolving industry standards and local preferences, and to continually innovate and improve the performance, features, and reliability of our services and online platforms in response to competitive service offerings and the evolving demands of the marketplace.",10-K,2022-02-23,2022-02-23T22:19:51.000Z,0001075531-22-000008,bkng-20211231.htm,0.60,low,0.95,0.570000,0.042203,2022-02-23T22:19:51.000Z,,1,SEC EDGAR,0001075531-22-000008,https://www.sec.gov/Archives/edgar/data/1075531/000107553122000008/bkng-20211231.htm,deterministic explicit-entity and relation-pattern extraction v2,unique_nasdaq100_match,public_at_sec_acceptance,candidate_review_required
eb71901d5fc7d5e4cab2cd9a9366a8e238a7232d4c8ebf53338adc7e33080193,NASDAQ100:BKNG,NASDAQ100:AAPL,BKNG,AAPL,customer,"Apple’s paying iCloud customers who update to current versions of iOS, iPadOS and OS X have access to the new iCloud+ Private Relay when using the Safari browser to hide such user's IP address from websites.",10-K,2022-02-23,2022-02-23T22:19:51.000Z,0001075531-22-000008,bkng-20211231.htm,0.60,low,0.95,0.570000,0.042203,2022-02-23T22:19:51.000Z,,1,SEC EDGAR,0001075531-22-000008,https://www.sec.gov/Archives/edgar/data/1075531/000107553122000008/bkng-20211231.htm,deterministic explicit-entity and relation-pattern extraction v2,unique_nasdaq100_match,public_at_sec_acceptance,candidate_review_required
e52b2502c3d974ac974f00d25e114fafe398fa88facc41fe4a0fd9f12891b5e1,NASDAQ100:PYPL,NASDAQ100:MELI,PYPL,MELI,supplier,"10-Q August 7, 2013 10.07 Amended and Restated 2012 Long-Term Retention Plan 10-Q August 5, 2016 10.08 Amended and Restated 2013 Long-Term Retention Plan 10-Q August 5, 2016 10.09 Amended and Restated 2014 Long-Term Retention Plan 10-Q August 5, 2016 10.10 Amended and Restated 2015 Long-Term Retention Program 10-Q May 6, 2021 10.11 Amended and Restated 2016 Long-Term Retention Program 10-Q May 6, 2021 10.12 Amended and Restated 2017 Long-Term Retention Program 10-Q May 6, 2021 10.13 Amended and Restated 2018 Long-Term Retention Program 10-Q May 6, 2021 10.14 Amended and Restated 2019 Long-Term Retention Program 10-Q May 6, 2021 10.15 Amended and Restated 2020 Long-Term Retention Program 10-Q May 6, 2021 10.16 2021 Long-Term Retention Program 8-K May 5, 2021 10.17 Securities Purchase Agreement, dated as of March 11, 2019, by and between MercadoLibre, Inc. and PayPal, Inc.",10-K,2022-02-23,2022-02-23T21:02:19.000Z,0001562762-22-000049,meli-20211231x10k.htm,0.60,low,0.95,0.570000,0.042203,2022-02-23T21:02:19.000Z,,1,SEC EDGAR,0001562762-22-000049,https://www.sec.gov/Archives/edgar/data/1099590/000156276222000049/meli-20211231x10k.htm,deterministic explicit-entity and relation-pattern extraction v2,unique_nasdaq100_match,public_at_sec_acceptance,candidate_review_required
d4b2aea4fb3dfc52249f3a4ab8ddff217618da89a73bc24297e0fff33e9ae547,NASDAQ100:AEP,NASDAQ100:AAPL,AEP,AAPL,supplier,"See the tables below for the classification of Transource Energy’s assets and liabilities on the balance sheets.Apple Blossom Wind Holdings LLC and Black Oak Getty Wind Holdings LLC (Applies to AEP)In April 2019, AEP acquired an equity interest in Apple Blossom Wind Holdings LLC (Apple Blossom) and Black Oak Getty Wind Holdings LLC (Black Oak) (collectively the Project Entities) as part of the purchase of Sempra Renewables LLC.",10-K,2022-02-24,2022-02-24T12:46:11.000Z,0000004904-22-000024,aep-20211231.htm,0.60,low,0.95,0.570000,0.042366,2022-02-24T12:46:11.000Z,,1,SEC EDGAR,0000004904-22-000024,https://www.sec.gov/Archives/edgar/data/4904/000000490422000024/aep-20211231.htm,deterministic explicit-entity and relation-pattern extraction v2,unique_nasdaq100_match,public_at_sec_acceptance,candidate_review_required
bc6081f0a5f4599c77abb9d4a19315aa42f559deaa88b9106cbe00ce9a3e9383,NASDAQ100:KHC,NASDAQ100:KDP,KHC,KDP,supplier,"Smucker CompanyPackaged CoffeeThe Kraft Heinz CompanyPackaged CoffeeNestlé S.A.NCBs, Packaged Coffee, Single-serve brewersPepsiCoCSDs, NCBs, CoffeeAlthough these companies offer competing brands in categories we participate in, they are also our partners and customers, as they purchase beverage concentrates or K-Cup pods directly from us.OUR MATERIAL RESOURCES Our Raw MaterialsThe principal raw materials we use in our business, which we commonly refer to as ingredients and materials, approximate 59% of our cost of sales and include green coffee, PET bottles and caps, including both virgin and rPET, aluminum cans and ends, sweeteners, paper products, K-Cup pod packaging materials, fruit, glass bottles and enclosures, juices, teas, water, and other ingredients.",10-K,2022-02-24,2022-02-24T21:22:20.000Z,0001418135-22-000005,kdp-20211231.htm,0.60,low,0.95,0.570000,0.042366,2022-02-24T21:22:20.000Z,,1,SEC EDGAR,0001418135-22-000005,https://www.sec.gov/Archives/edgar/data/1418135/000141813522000005/kdp-20211231.htm,deterministic explicit-entity and relation-pattern extraction v2,unique_nasdaq100_match,public_at_sec_acceptance,candidate_review_required
e3e2186aef48e96cb4bf712c2be7e9daa9e30197d263da4cde1eed69659e9fde,NASDAQ100:NXPI,NASDAQ100:AAPL,NXPI,AAPL,customer,"Our 10 largest OEM end customers, some of whom are supplied by distributors, in alphabetical order, are Apple, Aptiv, Bosch, Continental, Denso, Harman Auto, LGE, Samsung, Visteon, and Vitesco.",10-K,2022-02-24,2022-02-24T11:09:11.000Z,0001413447-22-000008,nxpi-20211231.htm,0.60,low,0.95,0.570000,0.042366,2022-02-24T11:09:11.000Z,,1,SEC EDGAR,0001413447-22-000008,https://www.sec.gov/Archives/edgar/data/1413447/000141344722000008/nxpi-20211231.htm,deterministic explicit-entity and relation-pattern extraction v2,unique_nasdaq100_match,public_at_sec_acceptance,candidate_review_required
bbbda7178881fd9e893d699c26c69e15b499d6f2194213aec315bd05a8fc2dc6,NASDAQ100:PYPL,NASDAQ100:EBAY,PYPL,EBAY,supplier,"Given the uncertainties involved, the ultimate resolution of these matters may be material to our operating results for a particular period, depending on, among other factors, the size of the loss or liability imposed and the level of our net income or loss for that period.Indemnification ProvisionsWe entered into a separation and distribution agreement and various other agreements with PayPal to govern the separation and relationship of the two companies.",10-K,2022-02-24,2022-02-24T21:21:30.000Z,0001065088-22-000006,ebay-20211231.htm,0.60,low,0.95,0.570000,0.042366,2022-02-24T21:21:30.000Z,,1,SEC EDGAR,0001065088-22-000006,https://www.sec.gov/Archives/edgar/data/1065088/000106508822000006/ebay-20211231.htm,deterministic explicit-entity and relation-pattern extraction v2,unique_nasdaq100_match,public_at_sec_acceptance,candidate_review_required
90597ad9418d12a1736c396581d10b0670a8c927324e7b18e296778d4a774ce5,NASDAQ100:PYPL,NASDAQ100:EBAY,PYPL,EBAY,supplier,"Date Filed2.01Separation and Distribution Agreement by and between Registrant and PayPal Holdings, Inc. dated as of June 26, 2015.8-K000-248216/30/20152.02*Stock Purchase Agreement, dated as of November 24, 2019 by and among eBay Inc., eBay International AG, PUG LLC, and solely for the purposes set forth therein, Pugnacious Endeavors, Inc.8-K001-3771311/25/20192.03Transaction Agreement, dated as of July 20, 2020 by and between eBay Inc., and Adevinta ASA.8-K001-377137/22/20202.04Letter Agreement, dated as of October 16, 2020, amending Transaction Agreement, dated as of July 20, 2020, by and between eBay Inc., and Adevinta ASA.10-K001-377132/4/20212.05Securities Purchase Agreement, dated as of June 30, 2021, by and among eBay Inc., eBay KTA (UK) Ltd., Emerald SPV Co., Ltd., and, solely for the purposes set forth therein, E-mart Inc.8-K001-377136/30/20212.06Share Purchase Agreement, dated as of July 14, 2021, by and among eBay Inc., eBay International Management B.V. and Astinlux Finco S.à r.l.10-Q001-3771310/28/20213.01 Registrant’s Amended and Restated Certificate of Incorporation.",10-K,2022-02-24,2022-02-24T21:21:30.000Z,0001065088-22-000006,ebay-20211231.htm,0.60,low,0.95,0.570000,0.042366,2022-02-24T21:21:30.000Z,,1,SEC EDGAR,0001065088-22-000006,https://www.sec.gov/Archives/edgar/data/1065088/000106508822000006/ebay-20211231.htm,deterministic explicit-entity and relation-pattern extraction v2,unique_nasdaq100_match,public_at_sec_acceptance,candidate_review_required
4946c82f35b5d1f2fad1414206f3cdb51ace54e417a7cacca36f16ca9bdefac7,NASDAQ100:AMD,NASDAQ100:FTNT,AMD,FTNT,supplier,"Our limited source components for particular appliances and suppliers of those components include specific types of CPUs from Intel and Advanced Micro Devices, Inc. (“AMD”), network chips from Broadcom, Marvell and Intel, and memory devices from Intel, ADATA, Toshiba, Samsung and Western Digital.",10-K,2022-02-25,2022-02-25T21:15:15.000Z,0001262039-22-000008,ftnt-20211231.htm,0.60,low,0.95,0.570000,0.042529,2022-02-25T21:15:15.000Z,,1,SEC EDGAR,0001262039-22-000008,https://www.sec.gov/Archives/edgar/data/1262039/000126203922000008/ftnt-20211231.htm,deterministic explicit-entity and relation-pattern extraction v2,unique_nasdaq100_match,public_at_sec_acceptance,candidate_review_required
10c5ed8f94e7e306a818b5d8e47bcd457703f313c5d15a3bd175c923e13032f0,NASDAQ100:AVGO,NASDAQ100:FTNT,AVGO,FTNT,supplier,"Some of the components important to our business, including certain CPUs from Intel Corporation (“Intel”), network chips from Broadcom Inc. (“Broadcom”), Marvell Technology Group Ltd. (“Marvell”) and Intel, and memory devices from Intel, ADATA Technology Co., Ltd. (“ADATA”), OCZ Technology Group, Inc., Samsung Electronics Co., Ltd. (“Samsung”), and Western Digital Technologies, Inc. (“Western Digital”), are available from limited or sole sources of supply.We have no long-term contracts related to the manufacturing of our ASICs or other components that guarantee any capacity or pricing terms.Research and DevelopmentWe focus our research and development efforts on developing new hardware and software products and services, and adding new features to existing products and services.",10-K,2022-02-25,2022-02-25T21:15:15.000Z,0001262039-22-000008,ftnt-20211231.htm,0.60,low,0.95,0.570000,0.042529,2022-02-25T21:15:15.000Z,,1,SEC EDGAR,0001262039-22-000008,https://www.sec.gov/Archives/edgar/data/1262039/000126203922000008/ftnt-20211231.htm,deterministic explicit-entity and relation-pattern extraction v2,unique_nasdaq100_match,public_at_sec_acceptance,candidate_review_required
7df936452641ad174bb98aab7bef9772f56a2dc7a5fea2eccbfc496543c8112d,NASDAQ100:AVGO,NASDAQ100:FTNT,AVGO,FTNT,supplier,"Our limited source components for particular appliances and suppliers of those components include specific types of CPUs from Intel and Advanced Micro Devices, Inc. (“AMD”), network chips from Broadcom, Marvell and Intel, and memory devices from Intel, ADATA, Toshiba, Samsung and Western Digital.",10-K,2022-02-25,2022-02-25T21:15:15.000Z,0001262039-22-000008,ftnt-20211231.htm,0.60,low,0.95,0.570000,0.042529,2022-02-25T21:15:15.000Z,,1,SEC EDGAR,0001262039-22-000008,https://www.sec.gov/Archives/edgar/data/1262039/000126203922000008/ftnt-20211231.htm,deterministic explicit-entity and relation-pattern extraction v2,unique_nasdaq100_match,public_at_sec_acceptance,candidate_review_required
3267f1e80d3d28b345d8e98da4205952fee7cd70f797c26182e8be3f79af3d49,NASDAQ100:BKNG,NASDAQ100:ABNB,BKNG,ABNB,supplier,"These improvements were primarily driven by stronger results in North America and EMEA, and acceleration in Latin America, in particular with resilience in domestic and short-distance travel, with more people gravitating toward Airbnb stays within driving distance of their homes.The extent and duration of the impact of the COVID-19 pandemic over the longer term remain uncertain and dependent on future developments that cannot be accurately predicted at this time, such as the severity and transmission rate of COVID-19, the introduction and spread of new variants of the virus, including, for example, the Omicron variant which emerged in November of 2021, that may be more easily transmittable and resistant to currently approved vaccines, the continuation of existing or implementation of new government travel restrictions, the extent and effectiveness of containment actions taken, including mobility restrictions, the timing, availability, and effectiveness of vaccines, and the impact of these and other factors on travel behavior in general, and on our business in particular, which may result in a reduction in bookings and an increase in booking cancellations.Geographic Mix Our operations are global, and certain trends in our business, such as Nights and Experiences Booked, GBV, revenue, GBV per Night and Experience Booked, and Nights per Booking vary by geography.",10-K,2022-02-25,2022-02-25T21:09:12.000Z,0001559720-22-000006,abnb-20211231.htm,0.60,low,0.95,0.570000,0.042529,2022-02-25T21:09:12.000Z,,1,SEC EDGAR,0001559720-22-000006,https://www.sec.gov/Archives/edgar/data/1559720/000155972022000006/abnb-20211231.htm,deterministic explicit-entity and relation-pattern extraction v2,unique_nasdaq100_match,public_at_sec_acceptance,candidate_review_required
5d480918c1b528b7e850841e22893dcd8ad4143b5b3cdddedc1aabbefa4b9dd9,NASDAQ100:CEG,NASDAQ100:EXC,CEG,EXC,customer,"GeneralOn February 21, 2021, the board of directors of Exelon Corporation (“Exelon”) authorized management to pursue a plan to separate its competitive generation and customer-facing energy businesses, conducted through Constellation Energy Generation, LLC (“Constellation”, formerly Exelon Generation Company, LLC) and its subsidiaries, into an independent, publicly traded company.",10-K,2022-02-25,2022-02-25T19:23:03.000Z,0001868275-22-000020,ceg-20211231.htm,0.60,low,0.95,0.570000,0.042529,2022-02-25T19:23:03.000Z,,1,SEC EDGAR,0001868275-22-000020,https://www.sec.gov/Archives/edgar/data/1868275/000186827522000020/ceg-20211231.htm,deterministic explicit-entity and relation-pattern extraction v2,unique_nasdaq100_match,public_at_sec_acceptance,candidate_review_required
cb3b152c24c27f3f248728f237b80083622eeb26b8b995cbdaa806a07a9ac425,NASDAQ100:CEG,NASDAQ100:EXC,CEG,EXC,customer,"Building upon Exelon’s long-standing commitment to reducing our GHG emissions, we are committed to the following:1.Achieving a generation portfolio mix with 100% of our owned generation carbon-free by 2040, including an interim goal of 95% carbon-free by 2030, subject to policy support and technology advancements2.A 100% reduction of our operations-driven emissions by 2040, including an interim goal to reduce carbon emissions by 65% from 2020 levels by 2030 and reduce methane emissions 30% from 2020 by 2030, and3.Providing 100% of C&I customers with specific information about their GHG impact.Our business strategy is to maximize value for all our stakeholders, coupled with ESG principles that are integrated with and core to our strategy, through a particular emphasis on:Carbon-Free Energy Advocacy.",10-K,2022-02-25,2022-02-25T19:23:03.000Z,0001868275-22-000020,ceg-20211231.htm,0.60,low,0.95,0.570000,0.042529,2022-02-25T19:23:03.000Z,,1,SEC EDGAR,0001868275-22-000020,https://www.sec.gov/Archives/edgar/data/1868275/000186827522000020/ceg-20211231.htm,deterministic explicit-entity and relation-pattern extraction v2,unique_nasdaq100_match,public_at_sec_acceptance,candidate_review_required
51f7eca314f68d5fa9c35a69b577d636d06e0a3755e04368dd992fc4cb7edb49,NASDAQ100:CEG,NASDAQ100:EXC,CEG,EXC,customer,"We cannot predict the full extent of the impacts of COVID-19, which will depend on, among other things, the rate, and public perceptions of the effectiveness, of vaccinations and rate of resumption of business activity.Significant 2021 Transactions and DevelopmentsSeparation from Exelon On February 21, 2021, Exelon’s Board of Directors approved a plan to separate its competitive generation and customer-facing businesses into a stand-alone publicly traded company (""the separation"").",10-K,2022-02-25,2022-02-25T19:23:03.000Z,0001868275-22-000020,ceg-20211231.htm,0.60,low,0.95,0.570000,0.042529,2022-02-25T19:23:03.000Z,,1,SEC EDGAR,0001868275-22-000020,https://www.sec.gov/Archives/edgar/data/1868275/000186827522000020/ceg-20211231.htm,deterministic explicit-entity and relation-pattern extraction v2,unique_nasdaq100_match,public_at_sec_acceptance,candidate_review_required
b30b9c7767beec9b404808925d770539cb1727972b86f3af18d1c8688b076763,NASDAQ100:CEG,NASDAQ100:EXC,CEG,EXC,customer,"69Table of ContentsDuring 2020, the following long-term debt was issued:TypeInterest RateMaturityAmountUse of ProceedsSenior Notes3.25 %June 1, 2025$900 Repay existing indebtedness and for general corporate purposes.Constellation Renewables Nonrecourse Debt(a)LIBOR + 2.75%December 15, 2027750Repay existing indebtedness and for general corporate purposes.Energy Efficiency Project Financing(b)2.53% - 3.95%February 28, 2021 - March 31, 20216Funding to install energy conservation measures.__________(a)See Note 17 — Debt and Credit Agreements of the Notes to Consolidated Financial Statements for additional information of nonrecourse debt.(b)For Energy Efficiency Project Financing, the maturity dates represent the expected date of project completion, upon which the respective customer assumes the outstanding debt.During 2021, the following long-term debt was retired and/or redeemed:Type(a)Interest RateMaturityAmountContinental Wind Nonrecourse Debt(b)6.00%February 28, 2033$35 CR Nonrecourse Debt(b)3-month LIBOR + 2.50%(c)December 15, 202717SolGen Nonrecourse Debt(b)3.93%September 30, 20367Antelope Valley DOE Nonrecourse Debt(b)(d)2.29% - 3.56%January 5, 203724West Medway II Nonrecourse Debt(b)LIBOR + 3%(e)March 31, 202613RPG Nonrecourse Debt(b)4.11%March 31, 20359__________(a)As part of the 2012 merger, Exelon entered intercompany loan agreements that mirrored the terms and amounts of third-party debt obligations.",10-K,2022-02-25,2022-02-25T19:23:03.000Z,0001868275-22-000020,ceg-20211231.htm,0.60,low,0.95,0.570000,0.042529,2022-02-25T19:23:03.000Z,,1,SEC EDGAR,0001868275-22-000020,https://www.sec.gov/Archives/edgar/data/1868275/000186827522000020/ceg-20211231.htm,deterministic explicit-entity and relation-pattern extraction v2,unique_nasdaq100_match,public_at_sec_acceptance,candidate_review_required
40add762fbc2f9e743daa0c66f28fe98ab44c4a22b03eaf9cf1dbb68f179fb67,NASDAQ100:CEG,NASDAQ100:EXC,CEG,EXC,customer,"We have five reportable segments: Mid-Atlantic, Midwest, New York, ERCOT and Other Power Regions.Basis of Presentation On February 21, 2021, the board of directors of Exelon authorized management to pursue a plan to separate its competitive generation and customer-facing energy businesses, conducted through Constellation Energy Generation, LLC (“Constellation”, formerly Exelon Generation Company, LLC) and its subsidiaries, into an independent, publicly-traded company.",10-K,2022-02-25,2022-02-25T19:23:03.000Z,0001868275-22-000020,ceg-20211231.htm,0.60,low,0.95,0.570000,0.042529,2022-02-25T19:23:03.000Z,,1,SEC EDGAR,0001868275-22-000020,https://www.sec.gov/Archives/edgar/data/1868275/000186827522000020/ceg-20211231.htm,deterministic explicit-entity and relation-pattern extraction v2,unique_nasdaq100_match,public_at_sec_acceptance,candidate_review_required
a065a53b330ca3ab31e1d152a568e89fd50bd0c811a63b13c94c6506f4cae9b5,NASDAQ100:CEG,NASDAQ100:EXC,CEG,EXC,customer,Our operating revenues include all sales to third parties and affiliated sales to Exelon's utility subsidiaries.,10-K,2022-02-25,2022-02-25T19:23:03.000Z,0001868275-22-000020,ceg-20211231.htm,0.92,high,0.95,0.874000,0.065211,2022-02-25T19:23:03.000Z,,1,SEC EDGAR,0001868275-22-000020,https://www.sec.gov/Archives/edgar/data/1868275/000186827522000020/ceg-20211231.htm,deterministic explicit-entity and relation-pattern extraction v2,unique_nasdaq100_match,public_at_sec_acceptance,accepted
52788f5429224561132c1e84566213d688bd15aa546f553f5d0e0c115348e19a,NASDAQ100:CEG,NASDAQ100:EXC,CEG,EXC,supplier,"The collection and reinvestment of DPP is recognized in Net cash provided by investing activities in the Consolidated Statements of Cash Flows.See Note 18 — Fair Value of Financial Assets and Liabilities and Note 21 — Variable Interest Entities for additional information.Other Purchases and Sales of Customer and Other Accounts Receivables We are required, under supplier tariffs in ISO-NE, MISO, NYISO, and PJM, to sell customer and other receivables to utility companies, which include Exelon's utility subsidiaries.",10-K,2022-02-25,2022-02-25T19:23:03.000Z,0001868275-22-000020,ceg-20211231.htm,0.95,high,0.95,0.902500,0.067338,2022-02-25T19:23:03.000Z,,1,SEC EDGAR,0001868275-22-000020,https://www.sec.gov/Archives/edgar/data/1868275/000186827522000020/ceg-20211231.htm,deterministic explicit-entity and relation-pattern extraction v2,unique_nasdaq100_match,public_at_sec_acceptance,accepted
65632d55eae68bf7fa2720899299ca36ff15cdef19f42ef6859e421ff10eec7f,NASDAQ100:CEG,NASDAQ100:EXC,CEG,EXC,customer,"In addition, if changes occur to the regulatory agreement with the PAPUC that currently allows amounts to be collected from PECO customers for decommissioning the former PECO units, the NRC minimum funding status of those plants could change at subsequent NRC filing dates.Impact of Separation from ExelonSatisfying a condition precedent, on December 16, 2021, the NYPSC authorized our separation from Exelon and accepted the terms of a Joint Proposal that became binding upon closing of the separation on February 1, 2022.",10-K,2022-02-25,2022-02-25T19:23:03.000Z,0001868275-22-000020,ceg-20211231.htm,0.60,low,0.95,0.570000,0.042529,2022-02-25T19:23:03.000Z,,1,SEC EDGAR,0001868275-22-000020,https://www.sec.gov/Archives/edgar/data/1868275/000186827522000020/ceg-20211231.htm,deterministic explicit-entity and relation-pattern extraction v2,unique_nasdaq100_match,public_at_sec_acceptance,candidate_review_required
8e62836426ce3d4e2c12092f8f7171627df203e74874b81db8bbdb6fa6800dae,NASDAQ100:CEG,NASDAQ100:EXC,CEG,EXC,customer,"Separation from Exelon On February 21, 2021, Exelon’s Board of Directors approved a plan to separate the competitive generation and customer-facing businesses of Constellation into a stand-alone publicly traded company (“the separation”).",10-K,2022-02-25,2022-02-25T19:23:03.000Z,0001868275-22-000020,ceg-20211231.htm,0.60,low,0.95,0.570000,0.042529,2022-02-25T19:23:03.000Z,,1,SEC EDGAR,0001868275-22-000020,https://www.sec.gov/Archives/edgar/data/1868275/000186827522000020/ceg-20211231.htm,deterministic explicit-entity and relation-pattern extraction v2,unique_nasdaq100_match,public_at_sec_acceptance,candidate_review_required
cbfeaddb8665980b2a77d35e78ef8cfd5b6513dc31181b390b3287d8d0b49644,NASDAQ100:CEG,NASDAQ100:EXC,CEG,EXC,strategic_partner,"Exelon received approval from FERC on August 24, 2021, and the NRC on November 16, 2021.On December 16, 2021 the NYPSC authorized the separation and accepted the terms of a Joint Proposal dated November 23, 2021, by and between Exelon, Constellation, the Staff of the New York State Department of Public Service, the New York State Office of the Attorney General, the Alliance for a Green Economy, and LIPA.",10-K,2022-02-25,2022-02-25T19:23:03.000Z,0001868275-22-000020,ceg-20211231.htm,0.60,low,0.95,0.570000,0.042529,2022-02-25T19:23:03.000Z,,0,SEC EDGAR,0001868275-22-000020,https://www.sec.gov/Archives/edgar/data/1868275/000186827522000020/ceg-20211231.htm,deterministic explicit-entity and relation-pattern extraction v2,unique_nasdaq100_match,public_at_sec_acceptance,candidate_review_required
3e559d07ceaabc449b15a0ed036922156d4bba8520c6343440724d3b9791ce33,NASDAQ100:CEG,NASDAQ100:EXC,CEG,EXC,customer,"The Company NEOs participated in compensation programs designed to align their interests with the Company’s customers and other stakeholders.For both the CEO and NEOs, a significant portion of their compensation is tied to the achievement of short-term and long-term financial and operational goals and is paid in the form of Exelon equity with all components except for salary being “at-risk.”CEOAll NEOsBase Salary10.5 %Base Salary20.3 %Annual Incentive Plan (AIP)14.2 %Annual Incentive Plan (AIP)17.5 %Long-Term Incentive Plan (LTIP)75.3 %Long-Term Incentive Plan (LTIP)55.0 %Pay at Risk (AIP + LTIP)89.5 %Pay at Risk (AIP + LTIP) 72.5 %Executive Compensation Program Philosophy and ObjectivesThe goal of the executive compensation program is to retain and reward leaders who create long-term value by delivering on objectives that support strategic business objectives.",10-K,2022-02-25,2022-02-25T19:23:03.000Z,0001868275-22-000020,ceg-20211231.htm,0.60,low,0.95,0.570000,0.042529,2022-02-25T19:23:03.000Z,,1,SEC EDGAR,0001868275-22-000020,https://www.sec.gov/Archives/edgar/data/1868275/000186827522000020/ceg-20211231.htm,deterministic explicit-entity and relation-pattern extraction v2,unique_nasdaq100_match,public_at_sec_acceptance,candidate_review_required
1e1962b2f157d2ad85fd235a23f31f68689fbe5f895d7806e96e63bf351d7037,NASDAQ100:CEG,NASDAQ100:EXC,CEG,EXC,customer,"Primary compensation elements include fixed and variable components.Pay ElementFormShareholder AlignmentSalaryCasha) Fixed income at competitive, market-based levels attracts and retains top talent.Annual Incentive Plans(“AIP”)Cashb) Motivates executives to achieve key annual financial and operational goals that reflect commitment to superior operations and supporting our customers and communitiesLong-Term Incentive Plan(“LTIP”)Performance Shares (67% of LTIP)c) Drives executive focus on long-term goals supporting utility growth, financial results, and capital stewardshipd) Rewards relative achievement of financial goals and stock price compared to utility peers (“UTY”) over three-year periode) Aligns the interests of executives with stockholders by capping payouts if absolute TSR is negative for the prior 36-month periodRestricted Stock (33% of LTIP)f) Balances LTI portfolio providing executive with market competitive time-based award.2021 Base Salaries Base salaries for 2021 were determined by the Exelon Compensation Committee for Messrs.",10-K,2022-02-25,2022-02-25T19:23:03.000Z,0001868275-22-000020,ceg-20211231.htm,0.60,low,0.95,0.570000,0.042529,2022-02-25T19:23:03.000Z,,1,SEC EDGAR,0001868275-22-000020,https://www.sec.gov/Archives/edgar/data/1868275/000186827522000020/ceg-20211231.htm,deterministic explicit-entity and relation-pattern extraction v2,unique_nasdaq100_match,public_at_sec_acceptance,candidate_review_required
8bef0d5ec2a44540a9fab4fa20994179a3a1112a070768cca09fd3289731fe94,NASDAQ100:CEG,NASDAQ100:EXC,CEG,EXC,customer,"The plan design metric weightings include: •70% weighting on Adjusted EBITDA,•10% weighting on Fleetwide Capacity Factor as assessment of Nuclear operational performance, 178Table of Contents•10% weighting on Dispatch Match as assessment of Power operational performance, and•10% on Customer Satisfaction (which considers both Net Promoter Score, which measures C&I business customer loyalty, and Customer Satisfaction, which measures residential satisfaction from recent support experience).Long-term Incentive PlanThe long-term incentive plan is aligned with the Constellation business strategy, the 2021 and 2022 PShare programs will be based on a 100% Free Cash Flow before Growth metric with a CFO/Debt negative modifier.Stock Ownership To strengthen the alignment of executive interests with those of Exelon’s shareholders, officers of Constellation and its subsidiaries are required to own certain amounts of Exelon common stock five years following his or her employment or promotion to a new position (six-times base salary for Mr.",10-K,2022-02-25,2022-02-25T19:23:03.000Z,0001868275-22-000020,ceg-20211231.htm,0.60,low,0.95,0.570000,0.042529,2022-02-25T19:23:03.000Z,,1,SEC EDGAR,0001868275-22-000020,https://www.sec.gov/Archives/edgar/data/1868275/000186827522000020/ceg-20211231.htm,deterministic explicit-entity and relation-pattern extraction v2,unique_nasdaq100_match,public_at_sec_acceptance,candidate_review_required
198675cf9edd92449d1298cff98016c70792826eb34be33172e39183c8a2f9e0,NASDAQ100:DDOG,NASDAQ100:CSCO,DDOG,CSCO,customer,"We compete on the basis of a number of factors, including:•ability to provide unified, real-time observability of IT environments;•ability to operate in dynamic and elastic environments;•extensibility across the enterprise, including development, operations and business users;•propensity to enable collaboration between development, operations and business users;•ability to monitor any combination of public clouds, private clouds, on-premise and multi-cloud hybrids;•ability to provide advanced analytics and machine learning;•ease of deployment, implementation and use;•breadth of offering and key technology integrations;•performance, security, scalability and reliability;•quality of service and customer satisfaction;•total cost of ownership; and•brand recognition and reputation.Our unified platform combines functionality from numerous traditional product categories, and hence we compete in each of these categories with different vendors:•With respect to on-premise infrastructure monitoring, we compete with diversified technology companies and systems management vendors including IBM, Microsoft Corporation, and SolarWinds Corporation.•With respect to APM, we compete with Cisco Systems, Inc., New Relic, Inc. and Dynatrace Software Inc.•With respect to Log Management, we compete with Splunk Inc. and Elastic N.V.10•With respect to Cloud monitoring, we compete with native solutions from cloud providers such as Amazon Web Services, or AWS, Microsoft Azure, and Google Cloud Platform, or GCP.Additionally, we compete with home-grown and open-source technologies across the categories described above.",10-K,2022-02-25,2022-02-25T21:36:34.000Z,0001561550-22-000009,ddog-20211231.htm,0.60,low,0.95,0.570000,0.042529,2022-02-25T21:36:34.000Z,,1,SEC EDGAR,0001561550-22-000009,https://www.sec.gov/Archives/edgar/data/1561550/000156155022000009/ddog-20211231.htm,deterministic explicit-entity and relation-pattern extraction v2,unique_nasdaq100_match,public_at_sec_acceptance,candidate_review_required
d00cb8c4ca1eda6863e10d9e308eb86a7f486f749c56d2239db456542960c194,NASDAQ100:DDOG,NASDAQ100:MSFT,DDOG,MSFT,customer,"We compete on the basis of a number of factors, including:•ability to provide unified, real-time observability of IT environments;•ability to operate in dynamic and elastic environments;•extensibility across the enterprise, including development, operations and business users;•propensity to enable collaboration between development, operations and business users;•ability to monitor any combination of public clouds, private clouds, on-premise and multi-cloud hybrids;•ability to provide advanced analytics and machine learning;•ease of deployment, implementation and use;•breadth of offering and key technology integrations;•performance, security, scalability and reliability;•quality of service and customer satisfaction;•total cost of ownership; and•brand recognition and reputation.Our unified platform combines functionality from numerous traditional product categories, and hence we compete in each of these categories with different vendors:•With respect to on-premise infrastructure monitoring, we compete with diversified technology companies and systems management vendors including IBM, Microsoft Corporation, and SolarWinds Corporation.•With respect to APM, we compete with Cisco Systems, Inc., New Relic, Inc. and Dynatrace Software Inc.•With respect to Log Management, we compete with Splunk Inc. and Elastic N.V.10•With respect to Cloud monitoring, we compete with native solutions from cloud providers such as Amazon Web Services, or AWS, Microsoft Azure, and Google Cloud Platform, or GCP.Additionally, we compete with home-grown and open-source technologies across the categories described above.",10-K,2022-02-25,2022-02-25T21:36:34.000Z,0001561550-22-000009,ddog-20211231.htm,0.60,low,0.95,0.570000,0.042529,2022-02-25T21:36:34.000Z,,1,SEC EDGAR,0001561550-22-000009,https://www.sec.gov/Archives/edgar/data/1561550/000156155022000009/ddog-20211231.htm,deterministic explicit-entity and relation-pattern extraction v2,unique_nasdaq100_match,public_at_sec_acceptance,candidate_review_required
013109962d719dc2b2a8c7571983a23c12be72df09ed3a42ae74c2f8c687569b,NASDAQ100:EXC,NASDAQ100:CEG,EXC,CEG,supplier,"To the extent that any of these counterparties are affected by deterioration in their creditworthiness or the agreements are otherwise determined to be unenforceable, we could be held responsible for the obligations.We have issued indemnities to third parties regarding environmental or other matters in connection with purchases and sales of assets, including several of the Exelon utilities in connection with our absorption of their former generating assets.",10-K,2022-02-25,2022-02-25T19:23:03.000Z,0001868275-22-000020,ceg-20211231.htm,0.60,low,0.95,0.570000,0.042529,2022-02-25T19:23:03.000Z,,1,SEC EDGAR,0001868275-22-000020,https://www.sec.gov/Archives/edgar/data/1868275/000186827522000020/ceg-20211231.htm,deterministic explicit-entity and relation-pattern extraction v2,unique_nasdaq100_match,public_at_sec_acceptance,candidate_review_required
a12dc24ebac3dfff44ff2135437da0828366b3ab3067ca7d80592194d7f9420e,NASDAQ100:EXC,NASDAQ100:CEG,EXC,CEG,supplier,We will rely on Exelon to satisfy its performance and payment obligations under these agreements.,10-K,2022-02-25,2022-02-25T19:23:03.000Z,0001868275-22-000020,ceg-20211231.htm,0.96,high,0.95,0.912000,0.068046,2022-02-25T19:23:03.000Z,,1,SEC EDGAR,0001868275-22-000020,https://www.sec.gov/Archives/edgar/data/1868275/000186827522000020/ceg-20211231.htm,deterministic explicit-entity and relation-pattern extraction v2,unique_nasdaq100_match,public_at_sec_acceptance,accepted
8259b90e4b314afc6112929b6ca31e6ab838130475ff1ddea6ba8814ae5961ca,NASDAQ100:EXC,NASDAQ100:CEG,EXC,CEG,supplier,"202120202019 RNF fromexternalcustomers(a)IntersegmentRNFTotalRNFRNF fromexternalcustomers(a)IntersegmentRNFTotalRNFRNF fromexternalcustomers(a)IntersegmentRNFTotalRNFMid-Atlantic$2,247 $17 $2,264 $2,174 $30 $2,204 $2,637 $18 $2,655 Midwest2,717 — 2,717 2,902 — 2,902 2,994 (32)2,962 New York1,151 10 1,161 983 14 997 1,081 13 1,094 ERCOT(668)(157)(825)407 19 426 338 (30)308 Other Power Regions 984 (93)891 759 (94)665 694 (74)620 Total RNF for Reportable Segments$6,431 $(223)$6,208 $7,225 $(31)$7,194 $7,744 $(105)$7,639 Other(b)1,055 223 1,278 793 31 824 324 105 429 Total RNF$7,486 $— $7,486 $8,018 $— $8,018 $8,068 $— $8,068 __________ (a)Includes purchases and sales from/to third parties and affiliated sales to Exelon's utility subsidiaries.(b)Other represents activities not allocated to a region.",10-K,2022-02-25,2022-02-25T19:23:03.000Z,0001868275-22-000020,ceg-20211231.htm,0.60,low,0.95,0.570000,0.042529,2022-02-25T19:23:03.000Z,,1,SEC EDGAR,0001868275-22-000020,https://www.sec.gov/Archives/edgar/data/1868275/000186827522000020/ceg-20211231.htm,deterministic explicit-entity and relation-pattern extraction v2,unique_nasdaq100_match,public_at_sec_acceptance,candidate_review_required
e9d8396617da58414af3d65b429e50cb30f8641ce9f6268e1f2a455ee23d67fe,NASDAQ100:EXC,NASDAQ100:CEG,EXC,CEG,supplier,"Constellation adjusted (non-GAAP) operating earnings excludes certain costs, expenses, gains and losses and other specified items, including mark-to-market adjustments, rate relief payments, and other items as determined appropriate by Exelon management when evaluating the performance metrics.Commercial Adjusted Gross Margin is the total operating revenues less purchased power and fuel for the Commercial wholesale business and, for the Commercial retail services businesses, includes direct costs, and is net of any non-operating adjustments to either operating revenue or purchased power and fuel.Utility adjusted (non-GAAP) operating earnings is the aggregate utility adjusted (non-GAAP) operating earnings, including Exelon HoldCo adjusted (non-GAAP) operating earnings.Total ComEd Operating and Maintenance Expense excludes certain costs, expenses and other specified items as determined appropriate by Exelon management when evaluating the performance metrics.173Table of ContentsBSC Total Costs represents Exelon Business Service Company costs, excluding certain costs, expenses and other specified items as determined appropriate by Exelon management when evaluating the performance metrics.Due to the forward-looking nature of some forecasted non-GAAP measures, information to reconcile the forecasted adjusted (non-GAAP) measures to the most directly comparable GAAP measure may not be currently available; therefore, management is unable to reconcile these measures.The following table shows how the formula was applied and the actual amounts awarded.",10-K,2022-02-25,2022-02-25T19:23:03.000Z,0001868275-22-000020,ceg-20211231.htm,0.60,low,0.95,0.570000,0.042529,2022-02-25T19:23:03.000Z,,1,SEC EDGAR,0001868275-22-000020,https://www.sec.gov/Archives/edgar/data/1868275/000186827522000020/ceg-20211231.htm,deterministic explicit-entity and relation-pattern extraction v2,unique_nasdaq100_match,public_at_sec_acceptance,candidate_review_required
e7a44dae4527d5f4e67bc4868b5f728a4ff52931ad575b00c90f3fc277969903,NASDAQ100:FTNT,NASDAQ100:CRWD,FTNT,CRWD,customer,"The principal competitive factors in our markets include the following: •product security performance, throughput, features, effectiveness, interoperability and reliability;•addition and integration of new networking and security features and technological expertise;•compliance with industry standards and certifications;•price of products and services and total cost of ownership;•brand recognition;•customer service and support across varied and complex customer segments and use cases;•sales and distribution capabilities;•size and financial stability;•breadth of product line;•form factor of the solution; and•other competitive differentiators.Among others, our competitors include Barracuda Networks, Inc. (“Barracuda”), Check Point Software Technologies Ltd. (“Check Point”), Cisco Systems, Inc. (“Cisco”), CrowdStrike Holdings, Inc. (“CrowdStrike”), F5 Networks, Inc. (“F5 Networks”), Forcepoint LLC (“Forcepoint”), Imperva, Inc. (“Imperva”), Juniper Networks, Inc. (“Juniper”), Mandiant, Inc. (“Mandiant”), McAfee, LLC (“McAfee”), Palo Alto Networks, Inc. (“Palo Alto Networks”), Proofpoint, Inc. (“Proofpoint”), SonicWALL, Inc. (“SonicWALL”), Sophos Group Plc (“Sophos”), Trend Micro Incorporated (“Trend Micro”) and Zscaler, Inc. (“Zscaler”).10Table of ContentsWe believe we compete favorably based on our products’ security performance, throughput, reliability, breadth and ability to work together, our ability to add and integrate new networking and security features and our technological expertise.",10-K,2022-02-25,2022-02-25T21:15:15.000Z,0001262039-22-000008,ftnt-20211231.htm,0.60,low,0.95,0.570000,0.042529,2022-02-25T21:15:15.000Z,,1,SEC EDGAR,0001262039-22-000008,https://www.sec.gov/Archives/edgar/data/1262039/000126203922000008/ftnt-20211231.htm,deterministic explicit-entity and relation-pattern extraction v2,unique_nasdaq100_match,public_at_sec_acceptance,candidate_review_required
da322fa5dcd0ca7ef2c3691c7fe8a205a6a8e5de698372c029ccc71f4ea8eff8,NASDAQ100:FTNT,NASDAQ100:CSCO,FTNT,CSCO,customer,"The principal competitive factors in our markets include the following: •product security performance, throughput, features, effectiveness, interoperability and reliability;•addition and integration of new networking and security features and technological expertise;•compliance with industry standards and certifications;•price of products and services and total cost of ownership;•brand recognition;•customer service and support across varied and complex customer segments and use cases;•sales and distribution capabilities;•size and financial stability;•breadth of product line;•form factor of the solution; and•other competitive differentiators.Among others, our competitors include Barracuda Networks, Inc. (“Barracuda”), Check Point Software Technologies Ltd. (“Check Point”), Cisco Systems, Inc. (“Cisco”), CrowdStrike Holdings, Inc. (“CrowdStrike”), F5 Networks, Inc. (“F5 Networks”), Forcepoint LLC (“Forcepoint”), Imperva, Inc. (“Imperva”), Juniper Networks, Inc. (“Juniper”), Mandiant, Inc. (“Mandiant”), McAfee, LLC (“McAfee”), Palo Alto Networks, Inc. (“Palo Alto Networks”), Proofpoint, Inc. (“Proofpoint”), SonicWALL, Inc. (“SonicWALL”), Sophos Group Plc (“Sophos”), Trend Micro Incorporated (“Trend Micro”) and Zscaler, Inc. (“Zscaler”).10Table of ContentsWe believe we compete favorably based on our products’ security performance, throughput, reliability, breadth and ability to work together, our ability to add and integrate new networking and security features and our technological expertise.",10-K,2022-02-25,2022-02-25T21:15:15.000Z,0001262039-22-000008,ftnt-20211231.htm,0.60,low,0.95,0.570000,0.042529,2022-02-25T21:15:15.000Z,,1,SEC EDGAR,0001262039-22-000008,https://www.sec.gov/Archives/edgar/data/1262039/000126203922000008/ftnt-20211231.htm,deterministic explicit-entity and relation-pattern extraction v2,unique_nasdaq100_match,public_at_sec_acceptance,candidate_review_required
92aaab560d313af2c3c85f5c3a5b21bb1f67132e985f8f831bda894e925a5d3c,NASDAQ100:FTNT,NASDAQ100:MSFT,FTNT,MSFT,customer,"Customers may also access our products via the cloud through certain cloud providers such as Alibaba Cloud, Amazon Web Services, Google Cloud, IBM Cloud, Microsoft Azure and Oracle Cloud.",10-K,2022-02-25,2022-02-25T21:15:15.000Z,0001262039-22-000008,ftnt-20211231.htm,0.60,low,0.95,0.570000,0.042529,2022-02-25T21:15:15.000Z,,1,SEC EDGAR,0001262039-22-000008,https://www.sec.gov/Archives/edgar/data/1262039/000126203922000008/ftnt-20211231.htm,deterministic explicit-entity and relation-pattern extraction v2,unique_nasdaq100_match,public_at_sec_acceptance,candidate_review_required
c0504a5726e46c95705e7b21e2e39f3ce958c70c4c9e106216c6f5eb7c8b1e34,NASDAQ100:FTNT,NASDAQ100:PANW,FTNT,PANW,customer,"The principal competitive factors in our markets include the following: •product security performance, throughput, features, effectiveness, interoperability and reliability;•addition and integration of new networking and security features and technological expertise;•compliance with industry standards and certifications;•price of products and services and total cost of ownership;•brand recognition;•customer service and support across varied and complex customer segments and use cases;•sales and distribution capabilities;•size and financial stability;•breadth of product line;•form factor of the solution; and•other competitive differentiators.Among others, our competitors include Barracuda Networks, Inc. (“Barracuda”), Check Point Software Technologies Ltd. (“Check Point”), Cisco Systems, Inc. (“Cisco”), CrowdStrike Holdings, Inc. (“CrowdStrike”), F5 Networks, Inc. (“F5 Networks”), Forcepoint LLC (“Forcepoint”), Imperva, Inc. (“Imperva”), Juniper Networks, Inc. (“Juniper”), Mandiant, Inc. (“Mandiant”), McAfee, LLC (“McAfee”), Palo Alto Networks, Inc. (“Palo Alto Networks”), Proofpoint, Inc. (“Proofpoint”), SonicWALL, Inc. (“SonicWALL”), Sophos Group Plc (“Sophos”), Trend Micro Incorporated (“Trend Micro”) and Zscaler, Inc. (“Zscaler”).10Table of ContentsWe believe we compete favorably based on our products’ security performance, throughput, reliability, breadth and ability to work together, our ability to add and integrate new networking and security features and our technological expertise.",10-K,2022-02-25,2022-02-25T21:15:15.000Z,0001262039-22-000008,ftnt-20211231.htm,0.60,low,0.95,0.570000,0.042529,2022-02-25T21:15:15.000Z,,1,SEC EDGAR,0001262039-22-000008,https://www.sec.gov/Archives/edgar/data/1262039/000126203922000008/ftnt-20211231.htm,deterministic explicit-entity and relation-pattern extraction v2,unique_nasdaq100_match,public_at_sec_acceptance,candidate_review_required
2fd935032cac43b8893ed34adb756a8b290d3e7af6e8ad5eff591dd21ee53d9b,NASDAQ100:FTNT,NASDAQ100:ZS,FTNT,ZS,customer,"The principal competitive factors in our markets include the following: •product security performance, throughput, features, effectiveness, interoperability and reliability;•addition and integration of new networking and security features and technological expertise;•compliance with industry standards and certifications;•price of products and services and total cost of ownership;•brand recognition;•customer service and support across varied and complex customer segments and use cases;•sales and distribution capabilities;•size and financial stability;•breadth of product line;•form factor of the solution; and•other competitive differentiators.Among others, our competitors include Barracuda Networks, Inc. (“Barracuda”), Check Point Software Technologies Ltd. (“Check Point”), Cisco Systems, Inc. (“Cisco”), CrowdStrike Holdings, Inc. (“CrowdStrike”), F5 Networks, Inc. (“F5 Networks”), Forcepoint LLC (“Forcepoint”), Imperva, Inc. (“Imperva”), Juniper Networks, Inc. (“Juniper”), Mandiant, Inc. (“Mandiant”), McAfee, LLC (“McAfee”), Palo Alto Networks, Inc. (“Palo Alto Networks”), Proofpoint, Inc. (“Proofpoint”), SonicWALL, Inc. (“SonicWALL”), Sophos Group Plc (“Sophos”), Trend Micro Incorporated (“Trend Micro”) and Zscaler, Inc. (“Zscaler”).10Table of ContentsWe believe we compete favorably based on our products’ security performance, throughput, reliability, breadth and ability to work together, our ability to add and integrate new networking and security features and our technological expertise.",10-K,2022-02-25,2022-02-25T21:15:15.000Z,0001262039-22-000008,ftnt-20211231.htm,0.60,low,0.95,0.570000,0.042529,2022-02-25T21:15:15.000Z,,1,SEC EDGAR,0001262039-22-000008,https://www.sec.gov/Archives/edgar/data/1262039/000126203922000008/ftnt-20211231.htm,deterministic explicit-entity and relation-pattern extraction v2,unique_nasdaq100_match,public_at_sec_acceptance,candidate_review_required
731c0f3a24ced7753bca4bd2e56081cfe12e6b7bf22e0881d51fdc0f9ff4bbd5,NASDAQ100:MRNA,NASDAQ100:AZN,MRNA,AZN,strategic_partner,"Our localized VEGF-A program (AZD8601) is being developed by AstraZeneca pursuant to this alliance.Pursuant to our second strategic alliance with AstraZeneca, which was established in 2016, we agreed to collaborate to discover, develop and commercialize potential mRNA medicines in a range of cancers.",10-K,2022-02-25,2022-02-25T13:07:15.000Z,0001682852-22-000012,mrna-20211231.htm,0.82,medium,0.95,0.779000,0.058123,2022-02-25T13:07:15.000Z,,0,SEC EDGAR,0001682852-22-000012,https://www.sec.gov/Archives/edgar/data/1682852/000168285222000012/mrna-20211231.htm,deterministic explicit-entity and relation-pattern extraction v2,unique_nasdaq100_match,public_at_sec_acceptance,accepted
cc5722db0841d13c401e3acb4c7f0c05393e87d8065c4c8714ade97355768fc0,NASDAQ100:MRNA,NASDAQ100:AZN,MRNA,AZN,strategic_partner,"We and AstraZeneca have agreed to work together on an immune-oncology program focused on the intratumoral delivery of a potential mRNA medicine to make the IL-12 protein, and our IL-12 program (MEDI1191) is being developed in collaboration with AstraZeneca pursuant to this alliance.Merck (NYSE: MRK)—Strategic Alliances in Infectious Diseases and Cancer VaccinesWe have established a multi-faceted relationship with Merck Sharp & Dohme Corp. (Merck) that includes distinct strategic alliances directed to the research, development, and commercialization of mRNA medicines for the prevention and treatment of viral infections and for the treatment of cancer.",10-K,2022-02-25,2022-02-25T13:07:15.000Z,0001682852-22-000012,mrna-20211231.htm,0.82,medium,0.95,0.779000,0.058123,2022-02-25T13:07:15.000Z,,0,SEC EDGAR,0001682852-22-000012,https://www.sec.gov/Archives/edgar/data/1682852/000168285222000012/mrna-20211231.htm,deterministic explicit-entity and relation-pattern extraction v2,unique_nasdaq100_match,public_at_sec_acceptance,accepted
27578b962eef8b0a0bbad1496bca8bf2856b01190093037e3f2b46a8125fa772,NASDAQ100:MRNA,NASDAQ100:AZN,MRNA,AZN,customer,"Other than product sales, our revenue in 2021 and 2020 was derived from government-sponsored and private organizations including BARDA, DARPA and the Bill & Melinda Gates Foundation and from strategic alliances with AstraZeneca, Merck and Vertex to discover, develop, and commercialize potential mRNA medicines.100Table of ContentThe following table summarizes grant revenue for the periods presented (in millions):Years Ended December 31,202120202019BARDA$713 $522 $8 Other grant revenue22 7 4 Total grant revenue$735 $529 $12 The following table summarizes collaboration revenue for the periods presented (in millions):Years Ended December 31,202120202019Collaboration revenue:AstraZeneca$7 $33 $5 Merck23 26 37 Vertex26 15 6 Other5 — — Total collaboration revenue$61 $74 $48 As of December 31, 2021, we had signed supply agreements of approximately $20.6 billion for the future supply of our COVID-19 vaccine to be delivered in 2022 and 2023 and had deferred revenue of $6.7 billion associated with customer deposits received or billable under these agreements.",10-K,2022-02-25,2022-02-25T13:07:15.000Z,0001682852-22-000012,mrna-20211231.htm,0.60,low,0.95,0.570000,0.042529,2022-02-25T13:07:15.000Z,,1,SEC EDGAR,0001682852-22-000012,https://www.sec.gov/Archives/edgar/data/1682852/000168285222000012/mrna-20211231.htm,deterministic explicit-entity and relation-pattern extraction v2,unique_nasdaq100_match,public_at_sec_acceptance,candidate_review_required
51637fa82a08623eafb49e3cc76c18788b1f486aaf8aa81cfa26c73eee90ba65,NASDAQ100:MRNA,NASDAQ100:AZN,MRNA,AZN,strategic_partner,"Collaboration AgreementsAstraZeneca – Strategic Alliances in Cardiovascular and Oncology2013 Option Agreement and Services and Collaboration Agreement, amended and restated in 2018In March 2013, we entered into an Option Agreement, the AZ Option Agreement, and a related Services and Collaboration Agreement (2013 AZ Agreements), the AZ Services Agreement, with AstraZeneca, which were amended and restated in June 2018 (2018 A&R Agreements).",10-K,2022-02-25,2022-02-25T13:07:15.000Z,0001682852-22-000012,mrna-20211231.htm,0.82,medium,0.95,0.779000,0.058123,2022-02-25T13:07:15.000Z,,0,SEC EDGAR,0001682852-22-000012,https://www.sec.gov/Archives/edgar/data/1682852/000168285222000012/mrna-20211231.htm,deterministic explicit-entity and relation-pattern extraction v2,unique_nasdaq100_match,public_at_sec_acceptance,accepted
cb6e85739b15003bfbb61cbed7c4923bd33bea7d9df00caae83adb636d7e4862,NASDAQ100:MRNA,NASDAQ100:AZN,MRNA,AZN,strategic_partner,"2016 Strategic Alliance with AstraZeneca – IL-12In January 2016, we entered into a Strategic Drug Development Collaboration and License Agreement (2016 AZ Agreement) with AstraZeneca to discover, develop and commercialize potential mRNA medicines for the treatment of a range of cancers.",10-K,2022-02-25,2022-02-25T13:07:15.000Z,0001682852-22-000012,mrna-20211231.htm,0.82,medium,0.95,0.779000,0.058123,2022-02-25T13:07:15.000Z,,0,SEC EDGAR,0001682852-22-000012,https://www.sec.gov/Archives/edgar/data/1682852/000168285222000012/mrna-20211231.htm,deterministic explicit-entity and relation-pattern extraction v2,unique_nasdaq100_match,public_at_sec_acceptance,accepted
f3edd5210e9971d135f483a1901e606d611fc5bc93340804a230393b23058b46,NASDAQ100:MRNA,NASDAQ100:AZN,MRNA,AZN,strategic_partner,"4 dated as of June 28, 2016. (1)10.5†Amended and Restated mRNA Cancer Vaccine Collaboration and License Agreement, by and between ModernaTX, Inc. and Merck Sharp & Dohme Corp., dated as of April 17, 2018. (1)10.6†Amended and Restated Option Agreement by and between ModernaTX, Inc. and AstraZeneca AB, dated as of June 15, 2018. (1)10.7†Amended and Restated Services and Collaboration Agreement by and between ModernaTX, Inc. and AstraZeneca AB, dated as of June 15, 2018. (1)10.8†Patent Sublicense Agreement, by and among ModernaTX, Inc. and Cellscript, LLC and mRNA RiboTherapeutics, Inc. (solely with respect to certain provisions), dated as of June 26, 2017. (1)10.9Lease Agreement, by and between Moderna Therapeutics, Inc. and ARE-Tech Square, LLC, dated as of May 26, 2016, as amended by Amendment No.",10-K,2022-02-25,2022-02-25T13:07:15.000Z,0001682852-22-000012,mrna-20211231.htm,0.82,medium,0.95,0.779000,0.058123,2022-02-25T13:07:15.000Z,,0,SEC EDGAR,0001682852-22-000012,https://www.sec.gov/Archives/edgar/data/1682852/000168285222000012/mrna-20211231.htm,deterministic explicit-entity and relation-pattern extraction v2,unique_nasdaq100_match,public_at_sec_acceptance,accepted
eae700dafbab4343294585ed6b777cf5ba255631973d5df71cb3666c5d67e8bd,NASDAQ100:MRVL,NASDAQ100:FTNT,MRVL,FTNT,supplier,"Some of the components important to our business, including certain CPUs from Intel Corporation (“Intel”), network chips from Broadcom Inc. (“Broadcom”), Marvell Technology Group Ltd. (“Marvell”) and Intel, and memory devices from Intel, ADATA Technology Co., Ltd. (“ADATA”), OCZ Technology Group, Inc., Samsung Electronics Co., Ltd. (“Samsung”), and Western Digital Technologies, Inc. (“Western Digital”), are available from limited or sole sources of supply.We have no long-term contracts related to the manufacturing of our ASICs or other components that guarantee any capacity or pricing terms.Research and DevelopmentWe focus our research and development efforts on developing new hardware and software products and services, and adding new features to existing products and services.",10-K,2022-02-25,2022-02-25T21:15:15.000Z,0001262039-22-000008,ftnt-20211231.htm,0.60,low,0.95,0.570000,0.042529,2022-02-25T21:15:15.000Z,,1,SEC EDGAR,0001262039-22-000008,https://www.sec.gov/Archives/edgar/data/1262039/000126203922000008/ftnt-20211231.htm,deterministic explicit-entity and relation-pattern extraction v2,unique_nasdaq100_match,public_at_sec_acceptance,candidate_review_required
2b12034d6fe6e99552de5e767839fe09036b76ef6b86b7b4b416cc4d64d79a91,NASDAQ100:MSFT,NASDAQ100:DDOG,MSFT,DDOG,supplier,"With respect to on-premise infrastructure monitoring, we compete with diversified technology companies and systems management vendors including IBM, Microsoft Corporation, and SolarWinds Corporation.",10-K,2022-02-25,2022-02-25T21:36:34.000Z,0001561550-22-000009,ddog-20211231.htm,0.60,low,0.95,0.570000,0.042529,2022-02-25T21:36:34.000Z,,1,SEC EDGAR,0001561550-22-000009,https://www.sec.gov/Archives/edgar/data/1561550/000156155022000009/ddog-20211231.htm,deterministic explicit-entity and relation-pattern extraction v2,unique_nasdaq100_match,public_at_sec_acceptance,candidate_review_required
000ef0fc5a97d7385aaa7af58c263140a41df70f080c53b8a335b7db8f6f8507,NASDAQ100:ADP,NASDAQ100:WDAY,ADP,WDAY,supplier,"These vendors include, without limitation: UKG Inc. (formerly The Ultimate Software Group, Inc.), Automatic Data Processing, Inc., Infor, Inc., Ceridian HCM Holding Inc., Microsoft Corporation, Anaplan, Inc., and Coupa Software Inc.",10-K,2022-02-28,2022-02-28T21:06:43.000Z,0001327811-22-000030,wday-20220131.htm,0.60,low,0.95,0.570000,0.043023,2022-02-28T21:06:43.000Z,,1,SEC EDGAR,0001327811-22-000030,https://www.sec.gov/Archives/edgar/data/1327811/000132781122000030/wday-20220131.htm,deterministic explicit-entity and relation-pattern extraction v2,unique_nasdaq100_match,public_at_sec_acceptance,candidate_review_required
d539bf69176fac2982181b634badf392f1a69a48f8cef04ab6274193aef76ecd,NASDAQ100:MSFT,NASDAQ100:WDAY,MSFT,WDAY,supplier,"These vendors include, without limitation: UKG Inc. (formerly The Ultimate Software Group, Inc.), Automatic Data Processing, Inc., Infor, Inc., Ceridian HCM Holding Inc., Microsoft Corporation, Anaplan, Inc., and Coupa Software Inc.",10-K,2022-02-28,2022-02-28T21:06:43.000Z,0001327811-22-000030,wday-20220131.htm,0.60,low,0.95,0.570000,0.043023,2022-02-28T21:06:43.000Z,,1,SEC EDGAR,0001327811-22-000030,https://www.sec.gov/Archives/edgar/data/1327811/000132781122000030/wday-20220131.htm,deterministic explicit-entity and relation-pattern extraction v2,unique_nasdaq100_match,public_at_sec_acceptance,candidate_review_required
31f52cc8c2be2dccb9afb7f0ce61a134175bd391deef7680210068e90e30c59d,NASDAQ100:MSFT,NASDAQ100:WDAY,MSFT,WDAY,supplier,"Even with these procedures for disaster recovery in place, our cloud applications could be significantly interrupted during the implementation of the procedures to restore services.In addition, we rely upon third-party hosted infrastructure partners globally, including AWS, Google LLC, and Microsoft Corporation, to serve customers and operate certain aspects of our services.",10-K,2022-02-28,2022-02-28T21:06:43.000Z,0001327811-22-000030,wday-20220131.htm,0.60,low,0.95,0.570000,0.043023,2022-02-28T21:06:43.000Z,,1,SEC EDGAR,0001327811-22-000030,https://www.sec.gov/Archives/edgar/data/1327811/000132781122000030/wday-20220131.htm,deterministic explicit-entity and relation-pattern extraction v2,unique_nasdaq100_match,public_at_sec_acceptance,candidate_review_required
72eb0c232ee26e0a2a95c9f0ff662e4f10a8bec7d3eb2865b7bb855fd41daf7f,NASDAQ100:TSLA,NASDAQ100:LCID,TSLA,LCID,supplier,"Some potential customers may choose not to purchase our vehicles because of the lack of more widespread charging infrastructure, and some potential customers may be conditioned to favor or expect proprietary charging solutions, such as Tesla’s Supercharger network.",10-K,2022-02-28,2022-02-28T21:27:56.000Z,0001628280-22-004253,lcid-20211231.htm,0.60,low,0.95,0.570000,0.043023,2022-02-28T21:27:56.000Z,,1,SEC EDGAR,0001628280-22-004253,https://www.sec.gov/Archives/edgar/data/1811210/000162828022004253/lcid-20211231.htm,deterministic explicit-entity and relation-pattern extraction v2,unique_nasdaq100_match,public_at_sec_acceptance,candidate_review_required
1f26f1929143cad8c31ba65cd31ad8fa5f5d484cec6f842003aaf79d3d91bdeb,NASDAQ100:WDAY,NASDAQ100:MSFT,WDAY,MSFT,customer,"If we are unable to renew these agreements on commercially reasonable terms, or if any of these data center operators are acquired, cease to do business, or stop providing contracted services, we may be required to transfer our servers and other infrastructure to new data center facilities, and we may incur significant costs and experience possible service interruptions in connection with doing so.In addition, we rely upon third-party hosted infrastructure partners globally, including Amazon Web Services (“AWS”), Google LLC, and Microsoft Corporation, to serve customers and operate certain aspects of our services.",10-K,2022-02-28,2022-02-28T21:06:43.000Z,0001327811-22-000030,wday-20220131.htm,0.60,low,0.95,0.570000,0.043023,2022-02-28T21:06:43.000Z,,1,SEC EDGAR,0001327811-22-000030,https://www.sec.gov/Archives/edgar/data/1327811/000132781122000030/wday-20220131.htm,deterministic explicit-entity and relation-pattern extraction v2,unique_nasdaq100_match,public_at_sec_acceptance,candidate_review_required
a5c3ee8772c4fa6db66d27413cc9ea9206ca7f0c5ee20fbe121ddfb9ac145f04,NASDAQ100:MSFT,NASDAQ100:ZM,MSFT,ZM,supplier,"We also have integrations with Atlassian, Dropbox, Google, Microsoft, Salesforce, Slack, and a variety of other productivity, collaboration, data management, and security vendors.",10-K,2022-03-07,2022-03-07T21:02:53.000Z,0001585521-22-000037,zm-20220131.htm,0.60,low,0.95,0.570000,0.044199,2022-03-07T21:02:53.000Z,,1,SEC EDGAR,0001585521-22-000037,https://www.sec.gov/Archives/edgar/data/1585521/000158552122000037/zm-20220131.htm,deterministic explicit-entity and relation-pattern extraction v2,unique_nasdaq100_match,public_at_sec_acceptance,candidate_review_required
0c33b3d8443769a68412be9c3d9d5d67d0f199931f30162c0ecdd636112c9dac,NASDAQ100:TEAM,NASDAQ100:ZM,TEAM,ZM,supplier,"We also have integrations with Atlassian, Dropbox, Google, Microsoft, Salesforce, Slack, and a variety of other productivity, collaboration, data management, and security vendors.",10-K,2022-03-07,2022-03-07T21:02:53.000Z,0001585521-22-000037,zm-20220131.htm,0.60,low,0.95,0.570000,0.044199,2022-03-07T21:02:53.000Z,,1,SEC EDGAR,0001585521-22-000037,https://www.sec.gov/Archives/edgar/data/1585521/000158552122000037/zm-20220131.htm,deterministic explicit-entity and relation-pattern extraction v2,unique_nasdaq100_match,public_at_sec_acceptance,candidate_review_required
fa4ceb3a90698f547707b0191f9501340e34370fc0f36181900798dc0df66dea,NASDAQ100:ZM,NASDAQ100:MSFT,ZM,MSFT,customer,"We also utilize Amazon Web Services and Oracle Cloud for the hosting of certain critical aspects of our business, as well as Microsoft Azure for limited customer-specified managed services.",10-K,2022-03-07,2022-03-07T21:02:53.000Z,0001585521-22-000037,zm-20220131.htm,0.60,low,0.95,0.570000,0.044199,2022-03-07T21:02:53.000Z,,1,SEC EDGAR,0001585521-22-000037,https://www.sec.gov/Archives/edgar/data/1585521/000158552122000037/zm-20220131.htm,deterministic explicit-entity and relation-pattern extraction v2,unique_nasdaq100_match,public_at_sec_acceptance,candidate_review_required
0841b17feb4d4099b606dad1d6e2a7a60a6eeb2d475af8d48935ae9e78e1f894,NASDAQ100:GFS,NASDAQ100:MRVL,GFS,MRVL,supplier,"Total purchase consideration consisted of cash consideration paid to GlobalFoundries of $593.5 million, net of working capital and other adjustments.",10-K,2022-03-10,2022-03-10T21:05:55.000Z,0001835632-22-000016,mrvl-20220129.htm,0.60,low,0.95,0.570000,0.044712,2022-03-10T21:05:55.000Z,,1,SEC EDGAR,0001835632-22-000016,https://www.sec.gov/Archives/edgar/data/1835632/000183563222000016/mrvl-20220129.htm,deterministic explicit-entity and relation-pattern extraction v2,unique_nasdaq100_match,public_at_sec_acceptance,candidate_review_required
c8b10ec5a5d99d004d346089382a7be6b689b50473263cc606df7bab2fb34392,NASDAQ100:MRVL,NASDAQ100:AMD,MRVL,AMD,customer,"We believe that our ability to compete successfully in the rapidly evolving markets for our products depends on multiple factors, including, but not limited to:•the performance, features, quality and price of our products;•the development execution, timing and success of enhanced and new product introductions by us, our customers and our competitors;•the emergence, rate of adoption and acceptance of new industry standards;•market demand trends;•competitive tactics;•our ability to obtain adequate foundry capacity with the appropriate technological capability; and•the number and nature of our competitors in a given market.Companies that compete directly with our businesses include, but are not limited to, Advanced Micro Devices, Inc., Broadcom Inc., Cisco Systems, Inc., Credo Technology Group Holding Ltd, Intel Corporation, MACOM Technology Solutions Holdings, Inc., MediaTek Inc., Microchip Technology Inc., Nvidia Corporation, NXP Semiconductors N.V., Phison Electronics Corporation, Qualcomm Incorporated, Realtek Semiconductor Corporation, Semtech Corporation, Silicon Motion Technology Corporation, and Socionext Inc.",10-K,2022-03-10,2022-03-10T21:05:55.000Z,0001835632-22-000016,mrvl-20220129.htm,0.60,low,0.95,0.570000,0.044712,2022-03-10T21:05:55.000Z,,1,SEC EDGAR,0001835632-22-000016,https://www.sec.gov/Archives/edgar/data/1835632/000183563222000016/mrvl-20220129.htm,deterministic explicit-entity and relation-pattern extraction v2,unique_nasdaq100_match,public_at_sec_acceptance,candidate_review_required
2a83c29b676e3b0a5cd59a526345b03eb7ce6bb29ea0204764f36a4cb0f85a22,NASDAQ100:MRVL,NASDAQ100:AVGO,MRVL,AVGO,customer,"We believe that our ability to compete successfully in the rapidly evolving markets for our products depends on multiple factors, including, but not limited to:•the performance, features, quality and price of our products;•the development execution, timing and success of enhanced and new product introductions by us, our customers and our competitors;•the emergence, rate of adoption and acceptance of new industry standards;•market demand trends;•competitive tactics;•our ability to obtain adequate foundry capacity with the appropriate technological capability; and•the number and nature of our competitors in a given market.Companies that compete directly with our businesses include, but are not limited to, Advanced Micro Devices, Inc., Broadcom Inc., Cisco Systems, Inc., Credo Technology Group Holding Ltd, Intel Corporation, MACOM Technology Solutions Holdings, Inc., MediaTek Inc., Microchip Technology Inc., Nvidia Corporation, NXP Semiconductors N.V., Phison Electronics Corporation, Qualcomm Incorporated, Realtek Semiconductor Corporation, Semtech Corporation, Silicon Motion Technology Corporation, and Socionext Inc.",10-K,2022-03-10,2022-03-10T21:05:55.000Z,0001835632-22-000016,mrvl-20220129.htm,0.60,low,0.95,0.570000,0.044712,2022-03-10T21:05:55.000Z,,1,SEC EDGAR,0001835632-22-000016,https://www.sec.gov/Archives/edgar/data/1835632/000183563222000016/mrvl-20220129.htm,deterministic explicit-entity and relation-pattern extraction v2,unique_nasdaq100_match,public_at_sec_acceptance,candidate_review_required
f54c0bbf0f46cd93b2caff05e683f2095f63984365e229cb9e790c0c88ef5b4f,NASDAQ100:MRVL,NASDAQ100:CSCO,MRVL,CSCO,customer,"We believe that our ability to compete successfully in the rapidly evolving markets for our products depends on multiple factors, including, but not limited to:•the performance, features, quality and price of our products;•the development execution, timing and success of enhanced and new product introductions by us, our customers and our competitors;•the emergence, rate of adoption and acceptance of new industry standards;•market demand trends;•competitive tactics;•our ability to obtain adequate foundry capacity with the appropriate technological capability; and•the number and nature of our competitors in a given market.Companies that compete directly with our businesses include, but are not limited to, Advanced Micro Devices, Inc., Broadcom Inc., Cisco Systems, Inc., Credo Technology Group Holding Ltd, Intel Corporation, MACOM Technology Solutions Holdings, Inc., MediaTek Inc., Microchip Technology Inc., Nvidia Corporation, NXP Semiconductors N.V., Phison Electronics Corporation, Qualcomm Incorporated, Realtek Semiconductor Corporation, Semtech Corporation, Silicon Motion Technology Corporation, and Socionext Inc.",10-K,2022-03-10,2022-03-10T21:05:55.000Z,0001835632-22-000016,mrvl-20220129.htm,0.60,low,0.95,0.570000,0.044712,2022-03-10T21:05:55.000Z,,1,SEC EDGAR,0001835632-22-000016,https://www.sec.gov/Archives/edgar/data/1835632/000183563222000016/mrvl-20220129.htm,deterministic explicit-entity and relation-pattern extraction v2,unique_nasdaq100_match,public_at_sec_acceptance,candidate_review_required
b856effdeae1a209f74d107be1f14d21539bd4ceab0ec16718248ac3e969a8a7,NASDAQ100:MRVL,NASDAQ100:MCHP,MRVL,MCHP,customer,"We believe that our ability to compete successfully in the rapidly evolving markets for our products depends on multiple factors, including, but not limited to:•the performance, features, quality and price of our products;•the development execution, timing and success of enhanced and new product introductions by us, our customers and our competitors;•the emergence, rate of adoption and acceptance of new industry standards;•market demand trends;•competitive tactics;•our ability to obtain adequate foundry capacity with the appropriate technological capability; and•the number and nature of our competitors in a given market.Companies that compete directly with our businesses include, but are not limited to, Advanced Micro Devices, Inc., Broadcom Inc., Cisco Systems, Inc., Credo Technology Group Holding Ltd, Intel Corporation, MACOM Technology Solutions Holdings, Inc., MediaTek Inc., Microchip Technology Inc., Nvidia Corporation, NXP Semiconductors N.V., Phison Electronics Corporation, Qualcomm Incorporated, Realtek Semiconductor Corporation, Semtech Corporation, Silicon Motion Technology Corporation, and Socionext Inc.",10-K,2022-03-10,2022-03-10T21:05:55.000Z,0001835632-22-000016,mrvl-20220129.htm,0.60,low,0.95,0.570000,0.044712,2022-03-10T21:05:55.000Z,,1,SEC EDGAR,0001835632-22-000016,https://www.sec.gov/Archives/edgar/data/1835632/000183563222000016/mrvl-20220129.htm,deterministic explicit-entity and relation-pattern extraction v2,unique_nasdaq100_match,public_at_sec_acceptance,candidate_review_required
1667e39be8feb4275117c824fdd496c5f3ca512074ee329972ecb20ec2263d59,NASDAQ100:MRVL,NASDAQ100:NVDA,MRVL,NVDA,customer,"We believe that our ability to compete successfully in the rapidly evolving markets for our products depends on multiple factors, including, but not limited to:•the performance, features, quality and price of our products;•the development execution, timing and success of enhanced and new product introductions by us, our customers and our competitors;•the emergence, rate of adoption and acceptance of new industry standards;•market demand trends;•competitive tactics;•our ability to obtain adequate foundry capacity with the appropriate technological capability; and•the number and nature of our competitors in a given market.Companies that compete directly with our businesses include, but are not limited to, Advanced Micro Devices, Inc., Broadcom Inc., Cisco Systems, Inc., Credo Technology Group Holding Ltd, Intel Corporation, MACOM Technology Solutions Holdings, Inc., MediaTek Inc., Microchip Technology Inc., Nvidia Corporation, NXP Semiconductors N.V., Phison Electronics Corporation, Qualcomm Incorporated, Realtek Semiconductor Corporation, Semtech Corporation, Silicon Motion Technology Corporation, and Socionext Inc.",10-K,2022-03-10,2022-03-10T21:05:55.000Z,0001835632-22-000016,mrvl-20220129.htm,0.60,low,0.95,0.570000,0.044712,2022-03-10T21:05:55.000Z,,1,SEC EDGAR,0001835632-22-000016,https://www.sec.gov/Archives/edgar/data/1835632/000183563222000016/mrvl-20220129.htm,deterministic explicit-entity and relation-pattern extraction v2,unique_nasdaq100_match,public_at_sec_acceptance,candidate_review_required
6e4ad1f611295aadbe41daa6911df5dd1ac3a83ebab19bd74668ad641c9204be,NASDAQ100:MRVL,NASDAQ100:NXPI,MRVL,NXPI,customer,"We believe that our ability to compete successfully in the rapidly evolving markets for our products depends on multiple factors, including, but not limited to:•the performance, features, quality and price of our products;•the development execution, timing and success of enhanced and new product introductions by us, our customers and our competitors;•the emergence, rate of adoption and acceptance of new industry standards;•market demand trends;•competitive tactics;•our ability to obtain adequate foundry capacity with the appropriate technological capability; and•the number and nature of our competitors in a given market.Companies that compete directly with our businesses include, but are not limited to, Advanced Micro Devices, Inc., Broadcom Inc., Cisco Systems, Inc., Credo Technology Group Holding Ltd, Intel Corporation, MACOM Technology Solutions Holdings, Inc., MediaTek Inc., Microchip Technology Inc., Nvidia Corporation, NXP Semiconductors N.V., Phison Electronics Corporation, Qualcomm Incorporated, Realtek Semiconductor Corporation, Semtech Corporation, Silicon Motion Technology Corporation, and Socionext Inc.",10-K,2022-03-10,2022-03-10T21:05:55.000Z,0001835632-22-000016,mrvl-20220129.htm,0.60,low,0.95,0.570000,0.044712,2022-03-10T21:05:55.000Z,,1,SEC EDGAR,0001835632-22-000016,https://www.sec.gov/Archives/edgar/data/1835632/000183563222000016/mrvl-20220129.htm,deterministic explicit-entity and relation-pattern extraction v2,unique_nasdaq100_match,public_at_sec_acceptance,candidate_review_required
ec066b106a39c8f0ad25dd7088d95b5a6733460ebcb53013c1fa1fcda49ed259,NASDAQ100:NVDA,NASDAQ100:AMD,NVDA,AMD,supplier,"We expect an increasingly competitive environment in the future.Our current competitors include:•suppliers and licensors designing discrete and integrated GPUs, custom chips and other accelerated computing solutions, such as Advanced Micro Devices, or AMD, and Intel Corporation, or Intel;•large internet services companies with internal teams designing chips that incorporate accelerated computing functionality as part of their internal solutions or platforms, such as Alibaba Group, Alphabet, and Amazon;•suppliers of SoC products that are embedded into automobiles, autonomous machines, and gaming devices, such as Ambarella, Inc., AMD, Broadcom Inc., Intel, Qualcomm Incorporated, Renesas Electronics Corporation, and Samsung, or companies with internal teams designing SoC products for internal use, such as Tesla Motors; and•suppliers of interconnect, switch and cable solutions such as AMD, Applied Optoelectronics, Inc., Arista Networks, Broadcom, Cisco, HP, Intel, Juniper Networks, Inc., Lumentum Holdings, and Marvell Technology Group, as well as internal teams of system vendors and large internet services companies such as Alphabet and Amazon.Patents and Proprietary RightsWe rely primarily on a combination of patents, trademarks, trade secrets, employee and third-party nondisclosure agreements, and licensing arrangements to protect our IP in the United States and internationally.",10-K,2022-03-18,2022-03-18T00:33:34.000Z,0001045810-22-000036,nvda-20220130.htm,0.60,low,0.95,0.570000,0.046111,2022-03-18T00:33:34.000Z,,1,SEC EDGAR,0001045810-22-000036,https://www.sec.gov/Archives/edgar/data/1045810/000104581022000036/nvda-20220130.htm,deterministic explicit-entity and relation-pattern extraction v2,unique_nasdaq100_match,public_at_sec_acceptance,candidate_review_required
e660e3d8c0de95b1925f1abf6e290e849cdfb0a485aba335b855c96d97bcf0bc,NASDAQ100:NVDA,NASDAQ100:AVGO,NVDA,AVGO,supplier,"We expect an increasingly competitive environment in the future.Our current competitors include:•suppliers and licensors designing discrete and integrated GPUs, custom chips and other accelerated computing solutions, such as Advanced Micro Devices, or AMD, and Intel Corporation, or Intel;•large internet services companies with internal teams designing chips that incorporate accelerated computing functionality as part of their internal solutions or platforms, such as Alibaba Group, Alphabet, and Amazon;•suppliers of SoC products that are embedded into automobiles, autonomous machines, and gaming devices, such as Ambarella, Inc., AMD, Broadcom Inc., Intel, Qualcomm Incorporated, Renesas Electronics Corporation, and Samsung, or companies with internal teams designing SoC products for internal use, such as Tesla Motors; and•suppliers of interconnect, switch and cable solutions such as AMD, Applied Optoelectronics, Inc., Arista Networks, Broadcom, Cisco, HP, Intel, Juniper Networks, Inc., Lumentum Holdings, and Marvell Technology Group, as well as internal teams of system vendors and large internet services companies such as Alphabet and Amazon.Patents and Proprietary RightsWe rely primarily on a combination of patents, trademarks, trade secrets, employee and third-party nondisclosure agreements, and licensing arrangements to protect our IP in the United States and internationally.",10-K,2022-03-18,2022-03-18T00:33:34.000Z,0001045810-22-000036,nvda-20220130.htm,0.60,low,0.95,0.570000,0.046111,2022-03-18T00:33:34.000Z,,1,SEC EDGAR,0001045810-22-000036,https://www.sec.gov/Archives/edgar/data/1045810/000104581022000036/nvda-20220130.htm,deterministic explicit-entity and relation-pattern extraction v2,unique_nasdaq100_match,public_at_sec_acceptance,candidate_review_required
a899dd9f385bb78fbf58a69200df628aa48d0ee8975bf9ae0e7d6ae0a5cbc11a,NASDAQ100:NVDA,NASDAQ100:GOOG,NVDA,GOOG,supplier,"We expect an increasingly competitive environment in the future.Our current competitors include:•suppliers and licensors designing discrete and integrated GPUs, custom chips and other accelerated computing solutions, such as Advanced Micro Devices, or AMD, and Intel Corporation, or Intel;•large internet services companies with internal teams designing chips that incorporate accelerated computing functionality as part of their internal solutions or platforms, such as Alibaba Group, Alphabet, and Amazon;•suppliers of SoC products that are embedded into automobiles, autonomous machines, and gaming devices, such as Ambarella, Inc., AMD, Broadcom Inc., Intel, Qualcomm Incorporated, Renesas Electronics Corporation, and Samsung, or companies with internal teams designing SoC products for internal use, such as Tesla Motors; and•suppliers of interconnect, switch and cable solutions such as AMD, Applied Optoelectronics, Inc., Arista Networks, Broadcom, Cisco, HP, Intel, Juniper Networks, Inc., Lumentum Holdings, and Marvell Technology Group, as well as internal teams of system vendors and large internet services companies such as Alphabet and Amazon.Patents and Proprietary RightsWe rely primarily on a combination of patents, trademarks, trade secrets, employee and third-party nondisclosure agreements, and licensing arrangements to protect our IP in the United States and internationally.",10-K,2022-03-18,2022-03-18T00:33:34.000Z,0001045810-22-000036,nvda-20220130.htm,0.60,low,0.95,0.570000,0.046111,2022-03-18T00:33:34.000Z,,1,SEC EDGAR,0001045810-22-000036,https://www.sec.gov/Archives/edgar/data/1045810/000104581022000036/nvda-20220130.htm,deterministic explicit-entity and relation-pattern extraction v2,unique_nasdaq100_match,public_at_sec_acceptance,candidate_review_required
c7814c5d9695de58ba4c93528d78ed34b365349aba3e55d78c27a32fd9bcf33c,NASDAQ100:NVDA,NASDAQ100:GOOGL,NVDA,GOOGL,supplier,"We expect an increasingly competitive environment in the future.Our current competitors include:•suppliers and licensors designing discrete and integrated GPUs, custom chips and other accelerated computing solutions, such as Advanced Micro Devices, or AMD, and Intel Corporation, or Intel;•large internet services companies with internal teams designing chips that incorporate accelerated computing functionality as part of their internal solutions or platforms, such as Alibaba Group, Alphabet, and Amazon;•suppliers of SoC products that are embedded into automobiles, autonomous machines, and gaming devices, such as Ambarella, Inc., AMD, Broadcom Inc., Intel, Qualcomm Incorporated, Renesas Electronics Corporation, and Samsung, or companies with internal teams designing SoC products for internal use, such as Tesla Motors; and•suppliers of interconnect, switch and cable solutions such as AMD, Applied Optoelectronics, Inc., Arista Networks, Broadcom, Cisco, HP, Intel, Juniper Networks, Inc., Lumentum Holdings, and Marvell Technology Group, as well as internal teams of system vendors and large internet services companies such as Alphabet and Amazon.Patents and Proprietary RightsWe rely primarily on a combination of patents, trademarks, trade secrets, employee and third-party nondisclosure agreements, and licensing arrangements to protect our IP in the United States and internationally.",10-K,2022-03-18,2022-03-18T00:33:34.000Z,0001045810-22-000036,nvda-20220130.htm,0.60,low,0.95,0.570000,0.046111,2022-03-18T00:33:34.000Z,,1,SEC EDGAR,0001045810-22-000036,https://www.sec.gov/Archives/edgar/data/1045810/000104581022000036/nvda-20220130.htm,deterministic explicit-entity and relation-pattern extraction v2,unique_nasdaq100_match,public_at_sec_acceptance,candidate_review_required
bc1cb86463ecc0a091857cff26b2401b84438bf24389e10424000caec4e06952,NASDAQ100:NVDA,NASDAQ100:MRVL,NVDA,MRVL,supplier,"We expect an increasingly competitive environment in the future.Our current competitors include:•suppliers and licensors designing discrete and integrated GPUs, custom chips and other accelerated computing solutions, such as Advanced Micro Devices, or AMD, and Intel Corporation, or Intel;•large internet services companies with internal teams designing chips that incorporate accelerated computing functionality as part of their internal solutions or platforms, such as Alibaba Group, Alphabet, and Amazon;•suppliers of SoC products that are embedded into automobiles, autonomous machines, and gaming devices, such as Ambarella, Inc., AMD, Broadcom Inc., Intel, Qualcomm Incorporated, Renesas Electronics Corporation, and Samsung, or companies with internal teams designing SoC products for internal use, such as Tesla Motors; and•suppliers of interconnect, switch and cable solutions such as AMD, Applied Optoelectronics, Inc., Arista Networks, Broadcom, Cisco, HP, Intel, Juniper Networks, Inc., Lumentum Holdings, and Marvell Technology Group, as well as internal teams of system vendors and large internet services companies such as Alphabet and Amazon.Patents and Proprietary RightsWe rely primarily on a combination of patents, trademarks, trade secrets, employee and third-party nondisclosure agreements, and licensing arrangements to protect our IP in the United States and internationally.",10-K,2022-03-18,2022-03-18T00:33:34.000Z,0001045810-22-000036,nvda-20220130.htm,0.60,low,0.95,0.570000,0.046111,2022-03-18T00:33:34.000Z,,1,SEC EDGAR,0001045810-22-000036,https://www.sec.gov/Archives/edgar/data/1045810/000104581022000036/nvda-20220130.htm,deterministic explicit-entity and relation-pattern extraction v2,unique_nasdaq100_match,public_at_sec_acceptance,candidate_review_required
fa9da59dfe3bbc231a7789e26d006dde89e91861026f07b0fb462929eafda94d,NASDAQ100:NVDA,NASDAQ100:MSFT,NVDA,MSFT,supplier,"Under the agreement, if someone makes an offer to purchase at least 30% of the outstanding shares of our common stock, Microsoft may have first and last rights of refusal to purchase the stock.",10-K,2022-03-18,2022-03-18T00:33:34.000Z,0001045810-22-000036,nvda-20220130.htm,0.60,low,0.95,0.570000,0.046111,2022-03-18T00:33:34.000Z,,1,SEC EDGAR,0001045810-22-000036,https://www.sec.gov/Archives/edgar/data/1045810/000104581022000036/nvda-20220130.htm,deterministic explicit-entity and relation-pattern extraction v2,unique_nasdaq100_match,public_at_sec_acceptance,candidate_review_required
74920ea51c4f42c8c7d71aeab4c95aa13a2da3221c124ea4f6a3966a2760b663,NASDAQ100:NVDA,NASDAQ100:TSLA,NVDA,TSLA,supplier,"We expect an increasingly competitive environment in the future.Our current competitors include:•suppliers and licensors designing discrete and integrated GPUs, custom chips and other accelerated computing solutions, such as Advanced Micro Devices, or AMD, and Intel Corporation, or Intel;•large internet services companies with internal teams designing chips that incorporate accelerated computing functionality as part of their internal solutions or platforms, such as Alibaba Group, Alphabet, and Amazon;•suppliers of SoC products that are embedded into automobiles, autonomous machines, and gaming devices, such as Ambarella, Inc., AMD, Broadcom Inc., Intel, Qualcomm Incorporated, Renesas Electronics Corporation, and Samsung, or companies with internal teams designing SoC products for internal use, such as Tesla Motors; and•suppliers of interconnect, switch and cable solutions such as AMD, Applied Optoelectronics, Inc., Arista Networks, Broadcom, Cisco, HP, Intel, Juniper Networks, Inc., Lumentum Holdings, and Marvell Technology Group, as well as internal teams of system vendors and large internet services companies such as Alphabet and Amazon.Patents and Proprietary RightsWe rely primarily on a combination of patents, trademarks, trade secrets, employee and third-party nondisclosure agreements, and licensing arrangements to protect our IP in the United States and internationally.",10-K,2022-03-18,2022-03-18T00:33:34.000Z,0001045810-22-000036,nvda-20220130.htm,0.60,low,0.95,0.570000,0.046111,2022-03-18T00:33:34.000Z,,1,SEC EDGAR,0001045810-22-000036,https://www.sec.gov/Archives/edgar/data/1045810/000104581022000036/nvda-20220130.htm,deterministic explicit-entity and relation-pattern extraction v2,unique_nasdaq100_match,public_at_sec_acceptance,candidate_review_required
8d5b306c8ab58f8a782e16c94e11655c822dcf2523be6807fe96df68567f4d13,NASDAQ100:GFS,NASDAQ100:AMD,GFS,AMD,customer,"For the year 2021, our top ten customers, based on wafer shipment volume, included some of the largest semiconductor companies in the world: Advanced Micro Devices, Inc. (“AMD”), Cirrus Logic, Inc. (“Cirrus Logic”), Infineon Technologies AG (“Infineon”), MediaTek Inc. (“MediaTek”), NXP Semiconductors N.V. (“NXP”), pSemi Corporation (“pSemi”), Qorvo, Inc. (“Qorvo”), Qualcomm Inc. (“Qualcomm”), Samsung Electronics Co., Ltd. (“Samsung”), and Skyworks Solutions, Inc. (“Skyworks”).",20-F,2022-03-31,2022-03-31T20:57:37.000Z,0001709048-22-000008,gfs-20211231.htm,0.60,low,0.95,0.570000,0.048478,2022-03-31T20:57:37.000Z,,1,SEC EDGAR,0001709048-22-000008,https://www.sec.gov/Archives/edgar/data/1709048/000170904822000008/gfs-20211231.htm,deterministic explicit-entity and relation-pattern extraction v2,unique_nasdaq100_match,public_at_sec_acceptance,candidate_review_required
a99d35186530d65dab8e0ab5fd6a93fe6a51d2a20c27ef62c13a24a0128c3a40,NASDAQ100:GFS,NASDAQ100:NXPI,GFS,NXPI,customer,"For the year 2021, our top ten customers, based on wafer shipment volume, included some of the largest semiconductor companies in the world: Advanced Micro Devices, Inc. (“AMD”), Cirrus Logic, Inc. (“Cirrus Logic”), Infineon Technologies AG (“Infineon”), MediaTek Inc. (“MediaTek”), NXP Semiconductors N.V. (“NXP”), pSemi Corporation (“pSemi”), Qorvo, Inc. (“Qorvo”), Qualcomm Inc. (“Qualcomm”), Samsung Electronics Co., Ltd. (“Samsung”), and Skyworks Solutions, Inc. (“Skyworks”).",20-F,2022-03-31,2022-03-31T20:57:37.000Z,0001709048-22-000008,gfs-20211231.htm,0.60,low,0.95,0.570000,0.048478,2022-03-31T20:57:37.000Z,,1,SEC EDGAR,0001709048-22-000008,https://www.sec.gov/Archives/edgar/data/1709048/000170904822000008/gfs-20211231.htm,deterministic explicit-entity and relation-pattern extraction v2,unique_nasdaq100_match,public_at_sec_acceptance,candidate_review_required
79dc2f6802df9ce97c60edb668acbdc5698ed14284ccb3a0948df6c62c3f8e81,NASDAQ100:ON,NASDAQ100:GFS,ON,GFS,supplier,"In April 2019, we entered into an Asset Purchase Agreement with Semiconductor Components Industries, LLC (“ON Semiconductor”) pursuant to which we agreed to transfer substantially all the assets and employees related to our EFK facility in return for $400 million in consideration and $30 million for a technology license.",20-F,2022-03-31,2022-03-31T20:57:37.000Z,0001709048-22-000008,gfs-20211231.htm,0.60,low,0.95,0.570000,0.048478,2022-03-31T20:57:37.000Z,,1,SEC EDGAR,0001709048-22-000008,https://www.sec.gov/Archives/edgar/data/1709048/000170904822000008/gfs-20211231.htm,deterministic explicit-entity and relation-pattern extraction v2,unique_nasdaq100_match,public_at_sec_acceptance,candidate_review_required
109c517622025525a1efee1dcf80e7c31c450ae8663a69d30b3d53a1117b27b8,NASDAQ100:ON,NASDAQ100:GFS,ON,GFS,supplier,"Pursuant to the Asset Purchase Agreement, we also agreed to transition approximately 1,000 employees to ON Semiconductor.",20-F,2022-03-31,2022-03-31T20:57:37.000Z,0001709048-22-000008,gfs-20211231.htm,0.60,low,0.95,0.570000,0.048478,2022-03-31T20:57:37.000Z,,1,SEC EDGAR,0001709048-22-000008,https://www.sec.gov/Archives/edgar/data/1709048/000170904822000008/gfs-20211231.htm,deterministic explicit-entity and relation-pattern extraction v2,unique_nasdaq100_match,public_at_sec_acceptance,candidate_review_required
feaa8e22fe5b5e5069e05befcf4eca5801bf0f782b827fabaddaeb095d6e1ee8,NASDAQ100:ON,NASDAQ100:GFS,ON,GFS,supplier,"On Semiconductor Corporation agreed to pay the Company an additional $100,000 non-refundable deposit on the purchase price in exchange for a reduction in the minimum fixed cost commitment for 2021.",20-F,2022-03-31,2022-03-31T20:57:37.000Z,0001709048-22-000008,gfs-20211231.htm,0.60,low,0.95,0.570000,0.048478,2022-03-31T20:57:37.000Z,,1,SEC EDGAR,0001709048-22-000008,https://www.sec.gov/Archives/edgar/data/1709048/000170904822000008/gfs-20211231.htm,deterministic explicit-entity and relation-pattern extraction v2,unique_nasdaq100_match,public_at_sec_acceptance,candidate_review_required
86220c9abda15aea60bb4958c4b14b67f015c2fee4108b30983b09aa3a3aaa31,NASDAQ100:TSLA,NASDAQ100:WBA,TSLA,WBA,strategic_partner,"Wilson-Thompson served as Executive Vice President and Global Chief Human Resources Officer of Walgreens Boots Alliance, Inc., a global pharmacy and wellbeing company, from December 2014 until her retirement in January 2021, and previously served as Senior Vice President and Chief Human Resources Officer from January 2010 to December 2014.",10-K/A,2022-05-02,2022-04-29T22:05:17.000Z,0001564590-22-016871,tsla-10ka_20211231.htm,0.60,low,0.95,0.570000,0.054206,2022-04-29T22:05:17.000Z,,0,SEC EDGAR,0001564590-22-016871,https://www.sec.gov/Archives/edgar/data/1318605/000156459022016871/tsla-10ka_20211231.htm,deterministic explicit-entity and relation-pattern extraction v2,unique_nasdaq100_match,public_at_sec_acceptance,candidate_review_required
138505a92a282d795c29744dc901ede51a1a94745628830a32d6052a0b64e63b,NASDAQ100:AAPL,NASDAQ100:EA,AAPL,EA,supplier,"If we cannot successfully recruit, train, motivate and retain qualified employees, develop and maintain a diverse, equitable, inclusive and safe work environment, or replace key employees following their departure, our reputation and brand may be negatively impacted and our ability to develop and manage our business will be impaired.We rely on the consoles, systems and devices of partners who have significant influence over the products and services that we offer in the marketplace.A significant percentage of our digital net revenue is attributable to sales of products and services through our significant partners, including Sony, Microsoft, Apple and Google.",10-K,2022-05-25,2022-05-25T20:15:24.000Z,0000712515-22-000011,ea-20220331.htm,0.60,low,0.95,0.570000,0.059914,2022-05-25T20:15:24.000Z,,1,SEC EDGAR,0000712515-22-000011,https://www.sec.gov/Archives/edgar/data/712515/000071251522000011/ea-20220331.htm,deterministic explicit-entity and relation-pattern extraction v2,unique_nasdaq100_match,public_at_sec_acceptance,candidate_review_required
6202a1bddd1169698711e21bdbf0707cefed5d5e76e481bbe929564c8ac06b50,NASDAQ100:EA,NASDAQ100:AAPL,EA,AAPL,customer,"During the fiscal year ended March 31, 2022, this change to our Estimated Offering Period resulted in a decrease in net revenue of $131 million and net income of $100 million, and a decrease of $0.35 diluted earnings per share.Principal Agent ConsiderationsWe evaluate sales to end customers of our full games and related content via third-party storefronts, including digital storefronts such as Microsoft’s Xbox Store, Sony’s PlayStation Store, Apple App Store, and Google Play Store, in order to determine whether or not we are acting as the principal in the sale to the end customer, which we consider in determining if revenue should be reported gross or net of fees retained by the third-party storefront.",10-K,2022-05-25,2022-05-25T20:15:24.000Z,0000712515-22-000011,ea-20220331.htm,0.60,low,0.95,0.570000,0.059914,2022-05-25T20:15:24.000Z,,1,SEC EDGAR,0000712515-22-000011,https://www.sec.gov/Archives/edgar/data/712515/000071251522000011/ea-20220331.htm,deterministic explicit-entity and relation-pattern extraction v2,unique_nasdaq100_match,public_at_sec_acceptance,candidate_review_required
6d26da96c8e2d084e7f68f962c0fa6a2b80a81c46b825831fe75854ac53e7868,NASDAQ100:EA,NASDAQ100:AAPL,EA,AAPL,customer,"However, for sales arrangements via Apple App Store and Google Play Store, EA is considered the principal to the end customer and thus, we report revenue on a gross basis and mobile platform fees are reported within cost of revenue.Fair Value EstimatesBusiness Combinations.",10-K,2022-05-25,2022-05-25T20:15:24.000Z,0000712515-22-000011,ea-20220331.htm,0.60,low,0.95,0.570000,0.059914,2022-05-25T20:15:24.000Z,,1,SEC EDGAR,0000712515-22-000011,https://www.sec.gov/Archives/edgar/data/712515/000071251522000011/ea-20220331.htm,deterministic explicit-entity and relation-pattern extraction v2,unique_nasdaq100_match,public_at_sec_acceptance,candidate_review_required
718f13459d177b5287bdda5821341a6ce6008e40d8499f96b17e476d2c71e30d,NASDAQ100:EA,NASDAQ100:AAPL,EA,AAPL,customer,"Generally, revenue is recognized as the services are provided.Principal Agent ConsiderationsWe evaluate sales to end customers of our full games and related content via third-party storefronts, including digital storefronts such as Microsoft’s Xbox Store, Sony’s PlayStation Store, Apple App Store, and Google Play Store, in order to determine whether or not we are acting as the principal in the sale to the end customer, which we consider in determining if revenue should be reported gross or net of fees retained by the third-party storefront.",10-K,2022-05-25,2022-05-25T20:15:24.000Z,0000712515-22-000011,ea-20220331.htm,0.60,low,0.95,0.570000,0.059914,2022-05-25T20:15:24.000Z,,1,SEC EDGAR,0000712515-22-000011,https://www.sec.gov/Archives/edgar/data/712515/000071251522000011/ea-20220331.htm,deterministic explicit-entity and relation-pattern extraction v2,unique_nasdaq100_match,public_at_sec_acceptance,candidate_review_required
b1bd5cf913ac6f64d7ffda082a86ed39c1b4bece9c1a52c4b1b27fedb22b6cc8,NASDAQ100:EA,NASDAQ100:AAPL,EA,AAPL,customer,"However, for sales arrangements via Apple App Store and Google Play Store, EA is considered the principal to the end customer and thus, we report revenue on a gross basis and mobile platform fees are reported within cost of revenue.Payment TermsSubstantially all of our transactions have payment terms, whether customary or on an extended basis, of less than one year; therefore, we generally do not adjust the transaction price for the effects of any potential financing components that may exist.Sales and Value-Added TaxesRevenue is recorded net of taxes assessed by governmental authorities that are imposed at the time of the specific revenue-producing transaction between us and our customer, such as sales and value-added taxes.Sales Returns and Price Protection ReservesSales returns and price protection are considered variable consideration under ASC 606.",10-K,2022-05-25,2022-05-25T20:15:24.000Z,0000712515-22-000011,ea-20220331.htm,0.60,low,0.95,0.570000,0.059914,2022-05-25T20:15:24.000Z,,1,SEC EDGAR,0000712515-22-000011,https://www.sec.gov/Archives/edgar/data/712515/000071251522000011/ea-20220331.htm,deterministic explicit-entity and relation-pattern extraction v2,unique_nasdaq100_match,public_at_sec_acceptance,candidate_review_required
204b7a6985e0db3e335db0bb8213af2ad9ce49efe371cf3508fd54214ca5f1e0,NASDAQ100:EA,NASDAQ100:MSFT,EA,MSFT,customer,"Our direct sales to Sony and Microsoft represented approximately 33 percent and 16 percent of total net revenue, respectively, in fiscal year 2022.",10-K,2022-05-25,2022-05-25T20:15:24.000Z,0000712515-22-000011,ea-20220331.htm,0.97,high,0.95,0.921500,0.096861,2022-05-25T20:15:24.000Z,,1,SEC EDGAR,0000712515-22-000011,https://www.sec.gov/Archives/edgar/data/712515/000071251522000011/ea-20220331.htm,deterministic explicit-entity and relation-pattern extraction v2,unique_nasdaq100_match,public_at_sec_acceptance,accepted
744143ae566c19e0efa5e9a11f2c6f6d9fc389e32faaf3950b84ac38bbf1d7ea,NASDAQ100:EA,NASDAQ100:MSFT,EA,MSFT,customer,"Important competitive factors in our industry include the ability to attract creative and technical talent, game quality and ease of use, innovation, compatibility of products with certain consoles and other distribution channels, brand recognition, reputation, reliability, security, creativity, price, marketing, and quality of customer service.5Table of ContentsRecently, our industry has undergone a period of increased consolidation which increases competitive pressure on us as interactive entertainment companies grow through acquisition – such as Take Two Interactive’s recent acquisition of Zynga – or as larger, well-funded technology companies strengthen their interactive entertainment capabilities – such as Microsoft’s recently announced definitive agreement to acquire Activision Blizzard.Intellectual Property and TechnologyTo establish and protect our intellectual property, we rely on a combination of copyrights, trademarks, patents, patent applications, trade secrets, know-how, license agreements, confidentiality provisions and procedures and other contractual provisions.",10-K,2022-05-25,2022-05-25T20:15:24.000Z,0000712515-22-000011,ea-20220331.htm,0.60,low,0.95,0.570000,0.059914,2022-05-25T20:15:24.000Z,,1,SEC EDGAR,0000712515-22-000011,https://www.sec.gov/Archives/edgar/data/712515/000071251522000011/ea-20220331.htm,deterministic explicit-entity and relation-pattern extraction v2,unique_nasdaq100_match,public_at_sec_acceptance,candidate_review_required
ade6c192d2687c25e2fda5cec2f1e82ea507378da97602ec78312e85b801a332,NASDAQ100:EA,NASDAQ100:MSFT,EA,MSFT,customer,"During the fiscal year ended March 31, 2022, this change to our Estimated Offering Period resulted in a decrease in net revenue of $131 million and net income of $100 million, and a decrease of $0.35 diluted earnings per share.Principal Agent ConsiderationsWe evaluate sales to end customers of our full games and related content via third-party storefronts, including digital storefronts such as Microsoft’s Xbox Store, Sony’s PlayStation Store, Apple App Store, and Google Play Store, in order to determine whether or not we are acting as the principal in the sale to the end customer, which we consider in determining if revenue should be reported gross or net of fees retained by the third-party storefront.",10-K,2022-05-25,2022-05-25T20:15:24.000Z,0000712515-22-000011,ea-20220331.htm,0.60,low,0.95,0.570000,0.059914,2022-05-25T20:15:24.000Z,,1,SEC EDGAR,0000712515-22-000011,https://www.sec.gov/Archives/edgar/data/712515/000071251522000011/ea-20220331.htm,deterministic explicit-entity and relation-pattern extraction v2,unique_nasdaq100_match,public_at_sec_acceptance,candidate_review_required
010c3b80932d067a3e74db5ea2ba8dbc29efb6c214b79549356924df00b99809,NASDAQ100:EA,NASDAQ100:MSFT,EA,MSFT,customer,"Generally, revenue is recognized as the services are provided.Principal Agent ConsiderationsWe evaluate sales to end customers of our full games and related content via third-party storefronts, including digital storefronts such as Microsoft’s Xbox Store, Sony’s PlayStation Store, Apple App Store, and Google Play Store, in order to determine whether or not we are acting as the principal in the sale to the end customer, which we consider in determining if revenue should be reported gross or net of fees retained by the third-party storefront.",10-K,2022-05-25,2022-05-25T20:15:24.000Z,0000712515-22-000011,ea-20220331.htm,0.60,low,0.95,0.570000,0.059914,2022-05-25T20:15:24.000Z,,1,SEC EDGAR,0000712515-22-000011,https://www.sec.gov/Archives/edgar/data/712515/000071251522000011/ea-20220331.htm,deterministic explicit-entity and relation-pattern extraction v2,unique_nasdaq100_match,public_at_sec_acceptance,candidate_review_required
5ee96d50fb641ed1e8b51566e9d4bfb6d93dfdb59eb5ed2d5eacde1f7731d5fb,NASDAQ100:EA,NASDAQ100:MSFT,EA,MSFT,customer,"During the fiscal years 2022, 2021, and 2020, approximately 77 percent, 78 percent, and 68 percent, respectively, of our net revenue was derived from our top ten customers and/or platform partners.Currently, a majority of our revenue is derived through sales of products and services playable on hardware consoles from Sony and Microsoft.",10-K,2022-05-25,2022-05-25T20:15:24.000Z,0000712515-22-000011,ea-20220331.htm,0.60,low,0.95,0.570000,0.059914,2022-05-25T20:15:24.000Z,,1,SEC EDGAR,0000712515-22-000011,https://www.sec.gov/Archives/edgar/data/712515/000071251522000011/ea-20220331.htm,deterministic explicit-entity and relation-pattern extraction v2,unique_nasdaq100_match,public_at_sec_acceptance,candidate_review_required
0b85cb9267c3e64394d54cb963906b8a44a783d6385e549823dd1f13da358e83,NASDAQ100:EA,NASDAQ100:MSFT,EA,MSFT,customer,"There were no other countries with net revenue greater than 10 percent.In fiscal year 2022, our direct sales to Sony and Microsoft represented approximately 33 percent and 16 percent of total net revenue, respectively.",10-K,2022-05-25,2022-05-25T20:15:24.000Z,0000712515-22-000011,ea-20220331.htm,0.97,high,0.95,0.921500,0.096861,2022-05-25T20:15:24.000Z,,1,SEC EDGAR,0000712515-22-000011,https://www.sec.gov/Archives/edgar/data/712515/000071251522000011/ea-20220331.htm,deterministic explicit-entity and relation-pattern extraction v2,unique_nasdaq100_match,public_at_sec_acceptance,accepted
b63a16b1e1ef4a650bdca9ce6d7c2cdf686b1d93f66c1e489b5059bb3a74dfaf,NASDAQ100:EA,NASDAQ100:MSFT,EA,MSFT,customer,"In fiscal year 2021, our direct sales to Sony and Microsoft represented approximately 36 percent and 18 percent of total net revenue, respectively.",10-K,2022-05-25,2022-05-25T20:15:24.000Z,0000712515-22-000011,ea-20220331.htm,0.97,high,0.95,0.921500,0.096861,2022-05-25T20:15:24.000Z,,1,SEC EDGAR,0000712515-22-000011,https://www.sec.gov/Archives/edgar/data/712515/000071251522000011/ea-20220331.htm,deterministic explicit-entity and relation-pattern extraction v2,unique_nasdaq100_match,public_at_sec_acceptance,accepted
aa9b27dbf05adfcd7eb4905ff2ae85a6f7dd7e17be2d3ee9efa9f04188c38d34,NASDAQ100:EA,NASDAQ100:MSFT,EA,MSFT,customer,"In fiscal year 2020, our direct sales to Sony and Microsoft represented approximately 32 percent and 17 percent of total net revenue, respectively.89Table of ContentsReport of Independent Registered Public Accounting FirmTo the Stockholders and Board of DirectorsElectronic Arts Inc.:Opinions on the Consolidated Financial Statements and Internal Control Over Financial ReportingWe have audited the accompanying consolidated balance sheets of Electronic Arts Inc. and subsidiaries (the Company) as of April 2, 2022 and April 3, 2021, the related consolidated statements of operations, comprehensive income, stockholders’ equity, and cash flows for each of the fiscal years in the three fiscal year period ended April 2, 2022, and the related notes (collectively, the consolidated financial statements).",10-K,2022-05-25,2022-05-25T20:15:24.000Z,0000712515-22-000011,ea-20220331.htm,0.97,high,0.95,0.921500,0.096861,2022-05-25T20:15:24.000Z,,1,SEC EDGAR,0000712515-22-000011,https://www.sec.gov/Archives/edgar/data/712515/000071251522000011/ea-20220331.htm,deterministic explicit-entity and relation-pattern extraction v2,unique_nasdaq100_match,public_at_sec_acceptance,accepted
0d0488315d9210a23da4438170ed9be777ebae53120faf748cf5a1a97b22be8b,NASDAQ100:MSFT,NASDAQ100:EA,MSFT,EA,supplier,"Our transactions for packaged goods products are made pursuant to individual purchase orders, which are accepted on a case-by case basis by Sony or Microsoft (or their designated replicators), as the case may be.",10-K,2022-05-25,2022-05-25T20:15:24.000Z,0000712515-22-000011,ea-20220331.htm,0.60,low,0.95,0.570000,0.059914,2022-05-25T20:15:24.000Z,,1,SEC EDGAR,0000712515-22-000011,https://www.sec.gov/Archives/edgar/data/712515/000071251522000011/ea-20220331.htm,deterministic explicit-entity and relation-pattern extraction v2,unique_nasdaq100_match,public_at_sec_acceptance,candidate_review_required
d89a5f3a68e45165d635335a6b4f7bc2b298da221306e6d6b7ea7fb506e8ff9e,NASDAQ100:MSFT,NASDAQ100:EA,MSFT,EA,supplier,"If we cannot successfully recruit, train, motivate and retain qualified employees, develop and maintain a diverse, equitable, inclusive and safe work environment, or replace key employees following their departure, our reputation and brand may be negatively impacted and our ability to develop and manage our business will be impaired.We rely on the consoles, systems and devices of partners who have significant influence over the products and services that we offer in the marketplace.A significant percentage of our digital net revenue is attributable to sales of products and services through our significant partners, including Sony, Microsoft, Apple and Google.",10-K,2022-05-25,2022-05-25T20:15:24.000Z,0000712515-22-000011,ea-20220331.htm,0.60,low,0.95,0.570000,0.059914,2022-05-25T20:15:24.000Z,,1,SEC EDGAR,0000712515-22-000011,https://www.sec.gov/Archives/edgar/data/712515/000071251522000011/ea-20220331.htm,deterministic explicit-entity and relation-pattern extraction v2,unique_nasdaq100_match,public_at_sec_acceptance,candidate_review_required
b7308bff4d5f03290f497529597e315f49a85ae24998ee3eaccd0b7a2e8b0ade,NASDAQ100:CTAS,NASDAQ100:WDAY,CTAS,WDAY,customer,"With products and services including uniforms, mats, mops, restroom supplies, first aid and safety products, fire extinguishers and testing, and safety training, Cintas helps customers get Ready for the Workday®.",10-K,2022-07-27,2022-07-27T18:21:24.000Z,0000723254-22-000019,ctas-20220531.htm,0.60,low,0.95,0.570000,0.076364,2022-07-27T18:21:24.000Z,,1,SEC EDGAR,0000723254-22-000019,https://www.sec.gov/Archives/edgar/data/723254/000072325422000019/ctas-20220531.htm,deterministic explicit-entity and relation-pattern extraction v2,unique_nasdaq100_match,public_at_sec_acceptance,candidate_review_required
f1dae5123f6eb2d13a550b82c49218599fd90e45ee54ad6920ab38cb4f025012,NASDAQ100:MSFT,NASDAQ100:AAPL,MSFT,AAPL,supplier,"Competition Competitors to Office include software and global application vendors, such as Apple, Cisco Systems, Meta, Google, IBM, Okta, Proofpoint, Slack, Symantec, Zoom, and numerous web-based and mobile application competitors as well as local application developers.",10-K,2022-07-28,2022-07-28T20:06:19.000Z,0001564590-22-026876,msft-10k_20220630.htm,0.60,low,0.95,0.570000,0.076658,2022-07-28T20:06:19.000Z,,1,SEC EDGAR,0001564590-22-026876,https://www.sec.gov/Archives/edgar/data/789019/000156459022026876/msft-10k_20220630.htm,deterministic explicit-entity and relation-pattern extraction v2,unique_nasdaq100_match,public_at_sec_acceptance,candidate_review_required
eb8aa2971eb5c1b8fa1770f10fd495640bf07d618f8c43869e71a9f78df20384,NASDAQ100:MSFT,NASDAQ100:AAPL,MSFT,AAPL,customer,"These manufacturers, many of which are also current or potential partners and customers, include Apple and our Windows OEMs.",10-K,2022-07-28,2022-07-28T20:06:19.000Z,0001564590-22-026876,msft-10k_20220630.htm,0.60,low,0.95,0.570000,0.076658,2022-07-28T20:06:19.000Z,,1,SEC EDGAR,0001564590-22-026876,https://www.sec.gov/Archives/edgar/data/789019/000156459022026876/msft-10k_20220630.htm,deterministic explicit-entity and relation-pattern extraction v2,unique_nasdaq100_match,public_at_sec_acceptance,candidate_review_required
e4fe8ae23524a497491ed0a86af7b3d5eebd45807750a94e3d734fb371e57eb6,NASDAQ100:MSFT,NASDAQ100:CSCO,MSFT,CSCO,supplier,"Competition Competitors to Office include software and global application vendors, such as Apple, Cisco Systems, Meta, Google, IBM, Okta, Proofpoint, Slack, Symantec, Zoom, and numerous web-based and mobile application competitors as well as local application developers.",10-K,2022-07-28,2022-07-28T20:06:19.000Z,0001564590-22-026876,msft-10k_20220630.htm,0.60,low,0.95,0.570000,0.076658,2022-07-28T20:06:19.000Z,,1,SEC EDGAR,0001564590-22-026876,https://www.sec.gov/Archives/edgar/data/789019/000156459022026876/msft-10k_20220630.htm,deterministic explicit-entity and relation-pattern extraction v2,unique_nasdaq100_match,public_at_sec_acceptance,candidate_review_required
3b500757267ee2c410bed4e71061b0bf0e4b1b8907a61ea2db77f60ba2087ab3,NASDAQ100:KLAC,NASDAQ100:ANSS,KLAC,ANSS,supplier,"The information related to the offsetting arrangements for the periods indicated was as follows:As of June 30, 2022Gross Amounts of Derivatives Not Offset in the Consolidated Balance Sheets(In thousands)Gross Amounts of DerivativesGross Amounts of Derivatives Offset in the Consolidated Balance SheetsNet Amount of Derivatives Presented in the Consolidated Balance SheetsFinancial InstrumentsCash Collateral ReceivedNet AmountDerivatives - assets$40,311 $— $40,311 $(12,291)$— $28,020 Derivatives - liabilities$(34,315)$— $(34,315)$12,291 $— $(22,024)100Table of ContentsAs of June 30, 2021Gross Amounts of Derivatives Not Offset in the Consolidated Balance Sheets(In thousands)Gross Amounts of DerivativesGross Amounts of Derivatives Offset in the Consolidated Balance SheetsNet Amount of Derivatives Presented in the Consolidated Balance SheetsFinancial InstrumentsCash Collateral ReceivedNet AmountDerivatives - assets$8,252 $— $8,252 $(2,492)$— $5,760 Derivatives - liabilities$(2,807)$— $(2,807)$2,492 $— $(315)NOTE 18 — RELATED PARTY TRANSACTIONSDuring the fiscal years ended June 30, 2022, 2021 and 2020, we purchased from, or sold to, several entities, where one or more of our executive officers or members of our Board of Directors, or their immediate family members were, during the periods presented, an executive officer or a board member of a subsidiary, including Ansys, Inc., Citrix Systems, Inc., HP Inc. and Keysight Technologies, Inc.",10-K,2022-08-05,2022-08-05T20:13:39.000Z,0000319201-22-000023,klac-20220630.htm,0.60,low,0.95,0.570000,0.079057,2022-08-05T20:13:39.000Z,,1,SEC EDGAR,0000319201-22-000023,https://www.sec.gov/Archives/edgar/data/319201/000031920122000023/klac-20220630.htm,deterministic explicit-entity and relation-pattern extraction v2,unique_nasdaq100_match,public_at_sec_acceptance,candidate_review_required
e0a755bad07fa4d501b6a1cca08e0ee205e9d3068135a96c86b5bb1b994d7409,NASDAQ100:TEAM,NASDAQ100:GOOG,TEAM,GOOG,supplier,"Our principal competitors vary depending on the product category and include Microsoft (including GitHub), IBM, Alphabet, ServiceNow, PagerDuty, Gitlab, Freshworks, Asana, Monday.com, Notion and Smartsheet.",20-F,2022-08-19,2022-08-19T20:50:49.000Z,0001650372-22-000060,team-20220630.htm,0.60,low,0.95,0.570000,0.083436,2022-08-19T20:50:49.000Z,,1,SEC EDGAR,0001650372-22-000060,https://www.sec.gov/Archives/edgar/data/1650372/000165037222000060/team-20220630.htm,deterministic explicit-entity and relation-pattern extraction v2,unique_nasdaq100_match,public_at_sec_acceptance,candidate_review_required
e5895e43f2f8419f87893b07d0262946a384e3ae60dbc19460ef5b70406e9292,NASDAQ100:TEAM,NASDAQ100:GOOGL,TEAM,GOOGL,supplier,"Our principal competitors vary depending on the product category and include Microsoft (including GitHub), IBM, Alphabet, ServiceNow, PagerDuty, Gitlab, Freshworks, Asana, Monday.com, Notion and Smartsheet.",20-F,2022-08-19,2022-08-19T20:50:49.000Z,0001650372-22-000060,team-20220630.htm,0.60,low,0.95,0.570000,0.083436,2022-08-19T20:50:49.000Z,,1,SEC EDGAR,0001650372-22-000060,https://www.sec.gov/Archives/edgar/data/1650372/000165037222000060/team-20220630.htm,deterministic explicit-entity and relation-pattern extraction v2,unique_nasdaq100_match,public_at_sec_acceptance,candidate_review_required
45e2e1fa52839ac924b2c25fb68de475270c17dd850cc9cccadd001d2a56a4dc,NASDAQ100:TEAM,NASDAQ100:MSFT,TEAM,MSFT,supplier,"Our principal competitors vary depending on the product category and include Microsoft (including GitHub), IBM, Alphabet, ServiceNow, PagerDuty, Gitlab, Freshworks, Asana, Monday.com, Notion and Smartsheet.",20-F,2022-08-19,2022-08-19T20:50:49.000Z,0001650372-22-000060,team-20220630.htm,0.60,low,0.95,0.570000,0.083436,2022-08-19T20:50:49.000Z,,1,SEC EDGAR,0001650372-22-000060,https://www.sec.gov/Archives/edgar/data/1650372/000165037222000060/team-20220630.htm,deterministic explicit-entity and relation-pattern extraction v2,unique_nasdaq100_match,public_at_sec_acceptance,candidate_review_required
0c0a8c099bfec41d6a99186d2edb4c55e37299589124314ea0dba312622fd336,NASDAQ100:TEAM,NASDAQ100:MSFT,TEAM,MSFT,customer,"Our solution partners specialize in environment integrations and customizations and work with some of our largest customers to conduct hands-on system integrations, deployments, and upgrades.CompetitionOur products serve teams of all shapes and sizes in every industry, from software and technical teams, to IT and service teams, to a broad array of business teams.Our competitors range from large technology vendors to new and emerging businesses in each of the markets we serve:•Software Teams - Our competitors include large technology vendors, including Microsoft (including GitHub) and IBM, and smaller companies like Gitlab that offer project management, collaboration and developer tools.•IT Teams - Our competitors range from cloud vendors, including ServiceNow, PagerDuty, and Freshworks, to legacy vendors such as BMC Software (Remedy) that offer service desk solutions.•Business Teams - Our competitors range from large technology vendors, including Microsoft and Google, that offer a suite of products, to smaller companies like Asana, Monday.com, Notion and Smartsheet, which offer point solutions for team collaboration.In most cases, due to the flexibility and breadth of our products, we co-exist alongside many of our competitors' products within our own customer base, such as Microsoft, Gitlab and Asana.The principal competitive factors in our markets include product capabilities, flexibility, total cost of ownership, ease of access and use, performance and scalability, integration, customer satisfaction and global reach.",20-F,2022-08-19,2022-08-19T20:50:49.000Z,0001650372-22-000060,team-20220630.htm,0.60,low,0.95,0.570000,0.083436,2022-08-19T20:50:49.000Z,,1,SEC EDGAR,0001650372-22-000060,https://www.sec.gov/Archives/edgar/data/1650372/000165037222000060/team-20220630.htm,deterministic explicit-entity and relation-pattern extraction v2,unique_nasdaq100_match,public_at_sec_acceptance,candidate_review_required
f12785f3e8148dc1b568c103f05240275e3f0a072459a04a0c4b2e2c6a5fa831,NASDAQ100:LRCX,NASDAQ100:ON,LRCX,ON,customer,"In addition, our products are well-suited for related markets that rely on semiconductor processes and require production-proven manufacturing capability, such as complementary metal-oxide-semiconductor image sensors (“CIS”) and micro-electromechanical systems (“MEMS”).Our Customer Support Business Group (“CSBG”) provides products and services to maximize installed equipment performance, predictability, and operational efficiency.",10-K,2022-08-24,2022-08-24T20:09:20.000Z,0000707549-22-000107,lrcx-20220626.htm,0.60,low,0.95,0.570000,0.085058,2022-08-24T20:09:20.000Z,,1,SEC EDGAR,0000707549-22-000107,https://www.sec.gov/Archives/edgar/data/707549/000070754922000107/lrcx-20220626.htm,deterministic explicit-entity and relation-pattern extraction v2,unique_nasdaq100_match,public_at_sec_acceptance,candidate_review_required
ca862b6c6872b7c5c5dd3d632bf7cfe068cd93729962737156c12841d52cd081,NASDAQ100:INTU,NASDAQ100:AAPL,INTU,AAPL,customer,"If macroeconomic conditions or other factors cause any of these institutions to fail, consolidate, stop providing certain services or institute cost-cutting efforts, our business and financial results may suffer and we may be unable to offer those services to our customers.We increasingly utilize the distribution platforms of third parties like Apple’s App Store and Google’s Play Store for the distribution of certain of our product offerings.",10-K,2022-09-02,2022-09-02T21:09:05.000Z,0000896878-22-000028,intu-20220731.htm,0.60,low,0.95,0.570000,0.088057,2022-09-02T21:09:05.000Z,,1,SEC EDGAR,0000896878-22-000028,https://www.sec.gov/Archives/edgar/data/896878/000089687822000028/intu-20220731.htm,deterministic explicit-entity and relation-pattern extraction v2,unique_nasdaq100_match,public_at_sec_acceptance,candidate_review_required
d741a90196475236e39793bf923b7fd28a47796e398792b6eec62b534fb4479d,NASDAQ100:INTU,NASDAQ100:GOOG,INTU,GOOG,customer,"Additional companies that may have offerings that we may compete with to solve some of our customer’s problems include:•business software providers, such as those that provide accounting and financial software, website building, email marketing, inventory management, payroll and employee management;•tax preparation services providers;•accounting, consulting and tax firms; •government entities that offer publicly funded electronic tax preparation and filing services with no fees to individual taxpayers;•software companies and banks that provide payments services, including merchant processing, checking, savings, loans, point of sale devices and lending; •software companies that provide personal finance management products and tools, including credit-score monitoring and personal financial services and content;•companies that provide a marketplace of consumer financial offerings;•financial institutions; •credit bureaus; and•large platform companies, such as Meta, Amazon and Alphabet, that could develop competing technology solutions to any of the problems that our customers may face.We believe our most important competitive factors are functionality, ease of use, high availability, security, the integration of these products with related software, brand name recognition, effective distribution, quality of support, and cost.",10-K,2022-09-02,2022-09-02T21:09:05.000Z,0000896878-22-000028,intu-20220731.htm,0.60,low,0.95,0.570000,0.088057,2022-09-02T21:09:05.000Z,,1,SEC EDGAR,0000896878-22-000028,https://www.sec.gov/Archives/edgar/data/896878/000089687822000028/intu-20220731.htm,deterministic explicit-entity and relation-pattern extraction v2,unique_nasdaq100_match,public_at_sec_acceptance,candidate_review_required
3784c6d3b00e3651f74ad24e67656ef5c23ad02ca1b800035de4651017ec8eb4,NASDAQ100:INTU,NASDAQ100:GOOGL,INTU,GOOGL,customer,"Additional companies that may have offerings that we may compete with to solve some of our customer’s problems include:•business software providers, such as those that provide accounting and financial software, website building, email marketing, inventory management, payroll and employee management;•tax preparation services providers;•accounting, consulting and tax firms; •government entities that offer publicly funded electronic tax preparation and filing services with no fees to individual taxpayers;•software companies and banks that provide payments services, including merchant processing, checking, savings, loans, point of sale devices and lending; •software companies that provide personal finance management products and tools, including credit-score monitoring and personal financial services and content;•companies that provide a marketplace of consumer financial offerings;•financial institutions; •credit bureaus; and•large platform companies, such as Meta, Amazon and Alphabet, that could develop competing technology solutions to any of the problems that our customers may face.We believe our most important competitive factors are functionality, ease of use, high availability, security, the integration of these products with related software, brand name recognition, effective distribution, quality of support, and cost.",10-K,2022-09-02,2022-09-02T21:09:05.000Z,0000896878-22-000028,intu-20220731.htm,0.60,low,0.95,0.570000,0.088057,2022-09-02T21:09:05.000Z,,1,SEC EDGAR,0000896878-22-000028,https://www.sec.gov/Archives/edgar/data/896878/000089687822000028/intu-20220731.htm,deterministic explicit-entity and relation-pattern extraction v2,unique_nasdaq100_match,public_at_sec_acceptance,candidate_review_required
c43d96ab4232819074a189b21e5b61dd30df60c74bf0cbe0e559a908b5fb3fb5,NASDAQ100:PANW,NASDAQ100:MSFT,PANW,MSFT,customer,"For fiscal 2022, 53.6% of our total revenue was derived from sales to three distributors.We also sell our VM-Series virtual firewalls directly to end-customers through Amazon’s AWS Marketplace, Microsoft’s Azure Marketplace, and Google’s Cloud Platform Marketplace under a usage-based licensing model.Sales.",10-K,2022-09-06,2022-09-06T20:07:52.000Z,0001327567-22-000028,panw-20220731.htm,0.60,low,0.95,0.570000,0.089424,2022-09-06T20:07:52.000Z,,1,SEC EDGAR,0001327567-22-000028,https://www.sec.gov/Archives/edgar/data/1327567/000132756722000028/panw-20220731.htm,deterministic explicit-entity and relation-pattern extraction v2,unique_nasdaq100_match,public_at_sec_acceptance,candidate_review_required
7bb8c668047e50619a0958ffdf5f0ecacb740d630e0a02b774de9a953f42d7f5,NASDAQ100:ZS,NASDAQ100:AVGO,ZS,AVGO,supplier,"Our competitors and potential competitors include legacy on-premises appliance vendors across a number of categories: •independent IT security vendors, such as Check Point Software Technologies Ltd., Fortinet, Inc., Palo Alto Networks, Inc. and Broadcom, which offer a broad mix of network and endpoint security products; •large networking vendors, such as Cisco Systems, Inc. and Juniper Networks, Inc., which offer security appliances and incorporate security capabilities in their networking products; •companies such as SkyHigh Security (previously McAfee Enterprise), Trellix (a combination of McAfee Enterprise and FireEye, Inc.), Forcepoint Inc. (previously, Websense, Inc.), Netskope, Inc. and Pulse Secure, LLC with point 11Table of Contentssolutions that compete with some of the features of our cloud platform, such as proxy, firewall, CASB, sandboxing and advanced threat protection, data loss prevention, encryption, load balancing and VPN; and •other providers of IT security services that offer, or may leverage related technologies to introduce, products that compete with or are alternatives to our cloud platform.",10-K,2022-09-15,2022-09-15T20:29:56.000Z,0001713683-22-000081,zs-20220731.htm,0.60,low,0.95,0.570000,0.092578,2022-09-15T20:29:56.000Z,,1,SEC EDGAR,0001713683-22-000081,https://www.sec.gov/Archives/edgar/data/1713683/000171368322000081/zs-20220731.htm,deterministic explicit-entity and relation-pattern extraction v2,unique_nasdaq100_match,public_at_sec_acceptance,candidate_review_required
1819cf1d7daaba643256405d10639d8aca7e081101e5789f402733901ff2f0c3,NASDAQ100:ZS,NASDAQ100:AVGO,ZS,AVGO,supplier,"If we are unable to anticipate or effectively react to these competitive challenges, our competitive position could weaken, and we could experience a decline in revenue or our growth rate that could materially and adversely affect our business and results of operations.Our competitors and potential competitors include:•independent IT security vendors, such as Check Point Software Technologies Ltd., Fortinet, Inc., Palo Alto Networks, Inc. and Broadcom Inc., which offer a broad mix of network and endpoint security products;•large networking vendors, such as Cisco Systems, Inc. and Juniper Networks, Inc., which offer security appliances and incorporate security capabilities in their networking products;•companies such as Skyhigh Security (previously McAfee Enterprise), Trellix (a combination of McAfee Enterprise and FireEye, Inc.), Forcepoint Inc. (previously, Websense, Inc.), Netskope, Inc. and Pulse Secure, LLC with point 19Table of Contentssolutions that compete with some of the features of our cloud platform, such as proxy, firewall, CASB, sandboxing and advanced threat protection, data loss prevention, encryption, load balancing and VPN; and •other providers of IT security services that offer, or may leverage related technologies to introduce, products that compete with or are alternatives to our cloud platform.",10-K,2022-09-15,2022-09-15T20:29:56.000Z,0001713683-22-000081,zs-20220731.htm,0.60,low,0.95,0.570000,0.092578,2022-09-15T20:29:56.000Z,,1,SEC EDGAR,0001713683-22-000081,https://www.sec.gov/Archives/edgar/data/1713683/000171368322000081/zs-20220731.htm,deterministic explicit-entity and relation-pattern extraction v2,unique_nasdaq100_match,public_at_sec_acceptance,candidate_review_required
c880e94586ad9fcecbfc881ce8f248f1ac570a4342204f6a917b83ef10096375,NASDAQ100:ZS,NASDAQ100:CSCO,ZS,CSCO,supplier,"Our competitors and potential competitors include legacy on-premises appliance vendors across a number of categories: •independent IT security vendors, such as Check Point Software Technologies Ltd., Fortinet, Inc., Palo Alto Networks, Inc. and Broadcom, which offer a broad mix of network and endpoint security products; •large networking vendors, such as Cisco Systems, Inc. and Juniper Networks, Inc., which offer security appliances and incorporate security capabilities in their networking products; •companies such as SkyHigh Security (previously McAfee Enterprise), Trellix (a combination of McAfee Enterprise and FireEye, Inc.), Forcepoint Inc. (previously, Websense, Inc.), Netskope, Inc. and Pulse Secure, LLC with point 11Table of Contentssolutions that compete with some of the features of our cloud platform, such as proxy, firewall, CASB, sandboxing and advanced threat protection, data loss prevention, encryption, load balancing and VPN; and •other providers of IT security services that offer, or may leverage related technologies to introduce, products that compete with or are alternatives to our cloud platform.",10-K,2022-09-15,2022-09-15T20:29:56.000Z,0001713683-22-000081,zs-20220731.htm,0.60,low,0.95,0.570000,0.092578,2022-09-15T20:29:56.000Z,,1,SEC EDGAR,0001713683-22-000081,https://www.sec.gov/Archives/edgar/data/1713683/000171368322000081/zs-20220731.htm,deterministic explicit-entity and relation-pattern extraction v2,unique_nasdaq100_match,public_at_sec_acceptance,candidate_review_required
3789eb80e5e51a15acdbe35b9991fbe1bb36214958f54b36e89a5ae3408da0a1,NASDAQ100:ZS,NASDAQ100:CSCO,ZS,CSCO,supplier,"If we are unable to anticipate or effectively react to these competitive challenges, our competitive position could weaken, and we could experience a decline in revenue or our growth rate that could materially and adversely affect our business and results of operations.Our competitors and potential competitors include:•independent IT security vendors, such as Check Point Software Technologies Ltd., Fortinet, Inc., Palo Alto Networks, Inc. and Broadcom Inc., which offer a broad mix of network and endpoint security products;•large networking vendors, such as Cisco Systems, Inc. and Juniper Networks, Inc., which offer security appliances and incorporate security capabilities in their networking products;•companies such as Skyhigh Security (previously McAfee Enterprise), Trellix (a combination of McAfee Enterprise and FireEye, Inc.), Forcepoint Inc. (previously, Websense, Inc.), Netskope, Inc. and Pulse Secure, LLC with point 19Table of Contentssolutions that compete with some of the features of our cloud platform, such as proxy, firewall, CASB, sandboxing and advanced threat protection, data loss prevention, encryption, load balancing and VPN; and •other providers of IT security services that offer, or may leverage related technologies to introduce, products that compete with or are alternatives to our cloud platform.",10-K,2022-09-15,2022-09-15T20:29:56.000Z,0001713683-22-000081,zs-20220731.htm,0.60,low,0.95,0.570000,0.092578,2022-09-15T20:29:56.000Z,,1,SEC EDGAR,0001713683-22-000081,https://www.sec.gov/Archives/edgar/data/1713683/000171368322000081/zs-20220731.htm,deterministic explicit-entity and relation-pattern extraction v2,unique_nasdaq100_match,public_at_sec_acceptance,candidate_review_required
4e3d11b7cb2586fed270e65243b45fe9d178a0512da5605a4d6ecfa6d9160eb7,NASDAQ100:ZS,NASDAQ100:FTNT,ZS,FTNT,supplier,"Our competitors and potential competitors include legacy on-premises appliance vendors across a number of categories: •independent IT security vendors, such as Check Point Software Technologies Ltd., Fortinet, Inc., Palo Alto Networks, Inc. and Broadcom, which offer a broad mix of network and endpoint security products; •large networking vendors, such as Cisco Systems, Inc. and Juniper Networks, Inc., which offer security appliances and incorporate security capabilities in their networking products; •companies such as SkyHigh Security (previously McAfee Enterprise), Trellix (a combination of McAfee Enterprise and FireEye, Inc.), Forcepoint Inc. (previously, Websense, Inc.), Netskope, Inc. and Pulse Secure, LLC with point 11Table of Contentssolutions that compete with some of the features of our cloud platform, such as proxy, firewall, CASB, sandboxing and advanced threat protection, data loss prevention, encryption, load balancing and VPN; and •other providers of IT security services that offer, or may leverage related technologies to introduce, products that compete with or are alternatives to our cloud platform.",10-K,2022-09-15,2022-09-15T20:29:56.000Z,0001713683-22-000081,zs-20220731.htm,0.60,low,0.95,0.570000,0.092578,2022-09-15T20:29:56.000Z,,1,SEC EDGAR,0001713683-22-000081,https://www.sec.gov/Archives/edgar/data/1713683/000171368322000081/zs-20220731.htm,deterministic explicit-entity and relation-pattern extraction v2,unique_nasdaq100_match,public_at_sec_acceptance,candidate_review_required
61ecb4fd327fe44f6fe3240781bbe6e8bea5eb46b968c8aeca6aab678297ebb4,NASDAQ100:ZS,NASDAQ100:FTNT,ZS,FTNT,supplier,"If we are unable to anticipate or effectively react to these competitive challenges, our competitive position could weaken, and we could experience a decline in revenue or our growth rate that could materially and adversely affect our business and results of operations.Our competitors and potential competitors include:•independent IT security vendors, such as Check Point Software Technologies Ltd., Fortinet, Inc., Palo Alto Networks, Inc. and Broadcom Inc., which offer a broad mix of network and endpoint security products;•large networking vendors, such as Cisco Systems, Inc. and Juniper Networks, Inc., which offer security appliances and incorporate security capabilities in their networking products;•companies such as Skyhigh Security (previously McAfee Enterprise), Trellix (a combination of McAfee Enterprise and FireEye, Inc.), Forcepoint Inc. (previously, Websense, Inc.), Netskope, Inc. and Pulse Secure, LLC with point 19Table of Contentssolutions that compete with some of the features of our cloud platform, such as proxy, firewall, CASB, sandboxing and advanced threat protection, data loss prevention, encryption, load balancing and VPN; and •other providers of IT security services that offer, or may leverage related technologies to introduce, products that compete with or are alternatives to our cloud platform.",10-K,2022-09-15,2022-09-15T20:29:56.000Z,0001713683-22-000081,zs-20220731.htm,0.60,low,0.95,0.570000,0.092578,2022-09-15T20:29:56.000Z,,1,SEC EDGAR,0001713683-22-000081,https://www.sec.gov/Archives/edgar/data/1713683/000171368322000081/zs-20220731.htm,deterministic explicit-entity and relation-pattern extraction v2,unique_nasdaq100_match,public_at_sec_acceptance,candidate_review_required
60757be7188eaf88658baf355e978c333072434448c79b8c5cbc9d063ef62f53,NASDAQ100:ZS,NASDAQ100:MSFT,ZS,MSFT,customer,"The primary use cases for our ZPA solution include: •remote workforce access to private applications without legacy VPN, providing zero trust from office to data center; •providing non-employees with secure access to internal applications; •securely connecting business-to-business, or B2B, customers, service providers and supplier access to applications typically deployed as business to business portals in an extranet; •direct-to-cloud access to internally managed applications hosted in public cloud environments, such as Microsoft Azure, Amazon Web Services, or AWS, and Google Cloud Platform, or GCP; and •access to applications following a merger or acquisition by providing named users with access to named applications, without the need to merge networks.",10-K,2022-09-15,2022-09-15T20:29:56.000Z,0001713683-22-000081,zs-20220731.htm,0.60,low,0.95,0.570000,0.092578,2022-09-15T20:29:56.000Z,,1,SEC EDGAR,0001713683-22-000081,https://www.sec.gov/Archives/edgar/data/1713683/000171368322000081/zs-20220731.htm,deterministic explicit-entity and relation-pattern extraction v2,unique_nasdaq100_match,public_at_sec_acceptance,candidate_review_required
1d327f743b36bece47a898c49033d9136de00f22746911cc66e30750a34c628e,NASDAQ100:ZS,NASDAQ100:PANW,ZS,PANW,supplier,"Our competitors and potential competitors include legacy on-premises appliance vendors across a number of categories: •independent IT security vendors, such as Check Point Software Technologies Ltd., Fortinet, Inc., Palo Alto Networks, Inc. and Broadcom, which offer a broad mix of network and endpoint security products; •large networking vendors, such as Cisco Systems, Inc. and Juniper Networks, Inc., which offer security appliances and incorporate security capabilities in their networking products; •companies such as SkyHigh Security (previously McAfee Enterprise), Trellix (a combination of McAfee Enterprise and FireEye, Inc.), Forcepoint Inc. (previously, Websense, Inc.), Netskope, Inc. and Pulse Secure, LLC with point 11Table of Contentssolutions that compete with some of the features of our cloud platform, such as proxy, firewall, CASB, sandboxing and advanced threat protection, data loss prevention, encryption, load balancing and VPN; and •other providers of IT security services that offer, or may leverage related technologies to introduce, products that compete with or are alternatives to our cloud platform.",10-K,2022-09-15,2022-09-15T20:29:56.000Z,0001713683-22-000081,zs-20220731.htm,0.60,low,0.95,0.570000,0.092578,2022-09-15T20:29:56.000Z,,1,SEC EDGAR,0001713683-22-000081,https://www.sec.gov/Archives/edgar/data/1713683/000171368322000081/zs-20220731.htm,deterministic explicit-entity and relation-pattern extraction v2,unique_nasdaq100_match,public_at_sec_acceptance,candidate_review_required
c6cc61c22e19c7546257f0c2f62d9e2a971b5d5e6f3cb843dc0e23178c7d1ae0,NASDAQ100:ZS,NASDAQ100:PANW,ZS,PANW,supplier,"If we are unable to anticipate or effectively react to these competitive challenges, our competitive position could weaken, and we could experience a decline in revenue or our growth rate that could materially and adversely affect our business and results of operations.Our competitors and potential competitors include:•independent IT security vendors, such as Check Point Software Technologies Ltd., Fortinet, Inc., Palo Alto Networks, Inc. and Broadcom Inc., which offer a broad mix of network and endpoint security products;•large networking vendors, such as Cisco Systems, Inc. and Juniper Networks, Inc., which offer security appliances and incorporate security capabilities in their networking products;•companies such as Skyhigh Security (previously McAfee Enterprise), Trellix (a combination of McAfee Enterprise and FireEye, Inc.), Forcepoint Inc. (previously, Websense, Inc.), Netskope, Inc. and Pulse Secure, LLC with point 19Table of Contentssolutions that compete with some of the features of our cloud platform, such as proxy, firewall, CASB, sandboxing and advanced threat protection, data loss prevention, encryption, load balancing and VPN; and •other providers of IT security services that offer, or may leverage related technologies to introduce, products that compete with or are alternatives to our cloud platform.",10-K,2022-09-15,2022-09-15T20:29:56.000Z,0001713683-22-000081,zs-20220731.htm,0.60,low,0.95,0.570000,0.092578,2022-09-15T20:29:56.000Z,,1,SEC EDGAR,0001713683-22-000081,https://www.sec.gov/Archives/edgar/data/1713683/000171368322000081/zs-20220731.htm,deterministic explicit-entity and relation-pattern extraction v2,unique_nasdaq100_match,public_at_sec_acceptance,candidate_review_required
861b9a36ec844bb245478f4060980de530a98664eafe379e9c3d065341829b80,NASDAQ100:AAPL,NASDAQ100:QCOM,AAPL,QCOM,supplier,"Apple purchases our MDM (or thin modem) products, which do not include our integrated application processor technology, and which have lower revenue and margin contributions than our combined modem and application processor products.",10-K,2022-11-02,2022-11-02T20:04:10.000Z,0000804328-22-000021,qcom-20220925.htm,0.60,low,0.95,0.570000,0.111374,2022-11-02T20:04:10.000Z,,1,SEC EDGAR,0000804328-22-000021,https://www.sec.gov/Archives/edgar/data/804328/000080432822000021/qcom-20220925.htm,deterministic explicit-entity and relation-pattern extraction v2,unique_nasdaq100_match,public_at_sec_acceptance,candidate_review_required
dd07b3a6ead8286df0e2e3eed74b8a2bb769b848518ca925d1edacfe8f16e7da,NASDAQ100:QCOM,NASDAQ100:AAPL,QCOM,AAPL,supplier,"The automotive industry is subject to long design-in time frames, long product life cycles and a high degree of regulatory and safety requirements, necessitating suppliers to the industry to comply with stringent qualification processes, very low defect rates and high reliability standards, all of which results in a significant barrier to entry and may result in increased costs.QCT’s current competitors include, but are not limited to, companies such as Apple, Broadcom, MediaTek, Nvidia, NXP Semiconductors, Qorvo, Samsung, Skyworks, Texas Instruments and UNISOC.",10-K,2022-11-02,2022-11-02T20:04:10.000Z,0000804328-22-000021,qcom-20220925.htm,0.60,low,0.95,0.570000,0.111374,2022-11-02T20:04:10.000Z,,1,SEC EDGAR,0000804328-22-000021,https://www.sec.gov/Archives/edgar/data/804328/000080432822000021/qcom-20220925.htm,deterministic explicit-entity and relation-pattern extraction v2,unique_nasdaq100_match,public_at_sec_acceptance,candidate_review_required
4f20a83143de280eacec03aaebc2b093c5c10874d9d87f6a8e2c2bfe367d13cd,NASDAQ100:QCOM,NASDAQ100:AAPL,QCOM,AAPL,customer,"Consequently, to the extent Apple takes device share from our customers who purchase our integrated modem and application processor products, our revenues and margins may be negatively impacted.Our industry has also experienced slowing growth in the premium-tier device segment due to, among other factors, a maturing premium-tier smartphone industry in which demand is increasingly driven by new product launches and innovation cycles.",10-K,2022-11-02,2022-11-02T20:04:10.000Z,0000804328-22-000021,qcom-20220925.htm,0.60,low,0.95,0.570000,0.111374,2022-11-02T20:04:10.000Z,,1,SEC EDGAR,0000804328-22-000021,https://www.sec.gov/Archives/edgar/data/804328/000080432822000021/qcom-20220925.htm,deterministic explicit-entity and relation-pattern extraction v2,unique_nasdaq100_match,public_at_sec_acceptance,candidate_review_required
b29da71c5689e823886888f610b8a45671241a4a264f5c0fcd7abc57815ed3f6,NASDAQ100:QCOM,NASDAQ100:AAPL,QCOM,AAPL,customer,"Our business, particularly our semiconductor business, may suffer as a result of our customers vertically integrating (i.e., developing their own integrated circuit products).Certain of our largest integrated circuit customers (for example, Samsung) develop their own integrated circuit products, which they have in the past utilized, and currently utilize, in certain of their devices and may in the future utilize in some or all of their devices, rather than our products (and they have and may continue to sell their integrated circuit products to third parties, discretely or together with certain of their other products, in competition with us).Apple has utilized modem products of one of our competitors in some of its devices rather than our products, and solely utilized one of our competitors’ products in several of its prior device launches.",10-K,2022-11-02,2022-11-02T20:04:10.000Z,0000804328-22-000021,qcom-20220925.htm,0.60,low,0.95,0.570000,0.111374,2022-11-02T20:04:10.000Z,,1,SEC EDGAR,0000804328-22-000021,https://www.sec.gov/Archives/edgar/data/804328/000080432822000021/qcom-20220925.htm,deterministic explicit-entity and relation-pattern extraction v2,unique_nasdaq100_match,public_at_sec_acceptance,candidate_review_required
42a09a396fb736179a7e15d46f64f943b0d7037b6169c6a77d2994706d5b1942,NASDAQ100:QCOM,NASDAQ100:AAPL,QCOM,AAPL,supplier,"On January 24, 2018, the EC issued a decision finding that pursuant to an agreement with Apple Inc. we paid significant amounts to Apple on the condition that it exclusively use our baseband chipsets in its smartphones and tablets, reducing Apple’s incentives to source baseband chipsets from our competitors and harming competition and innovation for certain baseband chipsets, and imposed a fine of 997 million euros.",10-K,2022-11-02,2022-11-02T20:04:10.000Z,0000804328-22-000021,qcom-20220925.htm,0.60,low,0.95,0.570000,0.111374,2022-11-02T20:04:10.000Z,,1,SEC EDGAR,0000804328-22-000021,https://www.sec.gov/Archives/edgar/data/804328/000080432822000021/qcom-20220925.htm,deterministic explicit-entity and relation-pattern extraction v2,unique_nasdaq100_match,public_at_sec_acceptance,candidate_review_required
8497a60c84a5444e1c94d2509e2828d0152bfb7a965d81c350243fdbcfd34ca6,NASDAQ100:QCOM,NASDAQ100:AVGO,QCOM,AVGO,supplier,"The automotive industry is subject to long design-in time frames, long product life cycles and a high degree of regulatory and safety requirements, necessitating suppliers to the industry to comply with stringent qualification processes, very low defect rates and high reliability standards, all of which results in a significant barrier to entry and may result in increased costs.QCT’s current competitors include, but are not limited to, companies such as Apple, Broadcom, MediaTek, Nvidia, NXP Semiconductors, Qorvo, Samsung, Skyworks, Texas Instruments and UNISOC.",10-K,2022-11-02,2022-11-02T20:04:10.000Z,0000804328-22-000021,qcom-20220925.htm,0.60,low,0.95,0.570000,0.111374,2022-11-02T20:04:10.000Z,,1,SEC EDGAR,0000804328-22-000021,https://www.sec.gov/Archives/edgar/data/804328/000080432822000021/qcom-20220925.htm,deterministic explicit-entity and relation-pattern extraction v2,unique_nasdaq100_match,public_at_sec_acceptance,candidate_review_required
fa6d12c5c43c3f6e1de36dd42f93409638bfc3a95db210a26334c829105f7f23,NASDAQ100:QCOM,NASDAQ100:NVDA,QCOM,NVDA,supplier,"The automotive industry is subject to long design-in time frames, long product life cycles and a high degree of regulatory and safety requirements, necessitating suppliers to the industry to comply with stringent qualification processes, very low defect rates and high reliability standards, all of which results in a significant barrier to entry and may result in increased costs.QCT’s current competitors include, but are not limited to, companies such as Apple, Broadcom, MediaTek, Nvidia, NXP Semiconductors, Qorvo, Samsung, Skyworks, Texas Instruments and UNISOC.",10-K,2022-11-02,2022-11-02T20:04:10.000Z,0000804328-22-000021,qcom-20220925.htm,0.60,low,0.95,0.570000,0.111374,2022-11-02T20:04:10.000Z,,1,SEC EDGAR,0000804328-22-000021,https://www.sec.gov/Archives/edgar/data/804328/000080432822000021/qcom-20220925.htm,deterministic explicit-entity and relation-pattern extraction v2,unique_nasdaq100_match,public_at_sec_acceptance,candidate_review_required
9d0057f4647bd599e071c6d23486605cbbfef79915f82b32d343b257b1fba6b1,NASDAQ100:QCOM,NASDAQ100:NXPI,QCOM,NXPI,supplier,"The automotive industry is subject to long design-in time frames, long product life cycles and a high degree of regulatory and safety requirements, necessitating suppliers to the industry to comply with stringent qualification processes, very low defect rates and high reliability standards, all of which results in a significant barrier to entry and may result in increased costs.QCT’s current competitors include, but are not limited to, companies such as Apple, Broadcom, MediaTek, Nvidia, NXP Semiconductors, Qorvo, Samsung, Skyworks, Texas Instruments and UNISOC.",10-K,2022-11-02,2022-11-02T20:04:10.000Z,0000804328-22-000021,qcom-20220925.htm,0.60,low,0.95,0.570000,0.111374,2022-11-02T20:04:10.000Z,,1,SEC EDGAR,0000804328-22-000021,https://www.sec.gov/Archives/edgar/data/804328/000080432822000021/qcom-20220925.htm,deterministic explicit-entity and relation-pattern extraction v2,unique_nasdaq100_match,public_at_sec_acceptance,candidate_review_required
626fbcf007b9715a43a508de6845d13e6bf9fc3b5c309ebfb1f9002eccd29c01,NASDAQ100:QCOM,NASDAQ100:TXN,QCOM,TXN,supplier,"The automotive industry is subject to long design-in time frames, long product life cycles and a high degree of regulatory and safety requirements, necessitating suppliers to the industry to comply with stringent qualification processes, very low defect rates and high reliability standards, all of which results in a significant barrier to entry and may result in increased costs.QCT’s current competitors include, but are not limited to, companies such as Apple, Broadcom, MediaTek, Nvidia, NXP Semiconductors, Qorvo, Samsung, Skyworks, Texas Instruments and UNISOC.",10-K,2022-11-02,2022-11-02T20:04:10.000Z,0000804328-22-000021,qcom-20220925.htm,0.60,low,0.95,0.570000,0.111374,2022-11-02T20:04:10.000Z,,1,SEC EDGAR,0000804328-22-000021,https://www.sec.gov/Archives/edgar/data/804328/000080432822000021/qcom-20220925.htm,deterministic explicit-entity and relation-pattern extraction v2,unique_nasdaq100_match,public_at_sec_acceptance,candidate_review_required
59382cd45bb2064f23e44daec619b12bd6eec0ed62eb58d6c9950e7426aaa12e,NASDAQ100:SBUX,NASDAQ100:PEP,SBUX,PEP,strategic_partner,"A large portion of our Channel Development business operates under a licensed model of the Global Coffee Alliance with Nestlé, while our global ready-to-drink businesses operate under collaborative relationships with PepsiCo, Inc., Tingyi-Ashi Beverages Holding Co., Ltd., Arla Foods amba, Nestlé and others.5Table of ContentsRevenue ComponentsWe generate the majority of our revenues through company-operated stores and licensed stores.",10-K,2022-11-18,2022-11-18T21:35:30.000Z,0000829224-22-000058,sbux-20221002.htm,0.82,medium,0.95,0.779000,0.161884,2022-11-18T21:35:30.000Z,,0,SEC EDGAR,0000829224-22-000058,https://www.sec.gov/Archives/edgar/data/829224/000082922422000058/sbux-20221002.htm,deterministic explicit-entity and relation-pattern extraction v2,unique_nasdaq100_match,public_at_sec_acceptance,accepted
f4238019449bac462149906eeca9248a2f0ec4a8fb7bbe5722196f6cf9eb3e46,NASDAQ100:SNPS,NASDAQ100:ANSS,SNPS,ANSS,customer,"Mahoney held several senior management positions with Ansys, Inc. from 2016 to 2022, including most recently as Senior Vice President of Worldwide Sales, Marketing and Customer Excellence from December 2016 to May 2022.",10-K,2022-12-12,2022-12-12T22:28:23.000Z,0000883241-22-000017,snps-20221031.htm,0.60,low,0.95,0.570000,0.129920,2022-12-12T22:28:23.000Z,,1,SEC EDGAR,0000883241-22-000017,https://www.sec.gov/Archives/edgar/data/883241/000088324122000017/snps-20221031.htm,deterministic explicit-entity and relation-pattern extraction v2,unique_nasdaq100_match,public_at_sec_acceptance,candidate_review_required
7ab9ad97c55fdd1564644abfd42934d01a2b7001eb83ae51e0b83fec59e5d76d,NASDAQ100:SNPS,NASDAQ100:CDNS,SNPS,CDNS,supplier,"Our competitors include EDA vendors that offer varying ranges of products and services, such as Cadence Design Systems, Inc. and Siemens EDA.",10-K,2022-12-12,2022-12-12T22:28:23.000Z,0000883241-22-000017,snps-20221031.htm,0.60,low,0.95,0.570000,0.129920,2022-12-12T22:28:23.000Z,,1,SEC EDGAR,0000883241-22-000017,https://www.sec.gov/Archives/edgar/data/883241/000088324122000017/snps-20221031.htm,deterministic explicit-entity and relation-pattern extraction v2,unique_nasdaq100_match,public_at_sec_acceptance,candidate_review_required
f174301caf96c01baf4cf5e6d0195cc52d4e7a168692952a31c3cc2f66ea1fdf,NASDAQ100:SNPS,NASDAQ100:CDNS,SNPS,CDNS,customer,"We also compete with other EDA vendors, including new entrants to the marketplace, that offer products focused on one or more discrete phases of the IC design process, as well as with customers’ internally developed design tools and capabilities.Within our Semiconductor & System Design segment, Synopsys also competes against numerous other IP providers, including Cadence Design Systems, Inc., and our customers' internally developed IP.",10-K,2022-12-12,2022-12-12T22:28:23.000Z,0000883241-22-000017,snps-20221031.htm,0.60,low,0.95,0.570000,0.129920,2022-12-12T22:28:23.000Z,,1,SEC EDGAR,0000883241-22-000017,https://www.sec.gov/Archives/edgar/data/883241/000088324122000017/snps-20221031.htm,deterministic explicit-entity and relation-pattern extraction v2,unique_nasdaq100_match,public_at_sec_acceptance,candidate_review_required
c6953f7db80679803bc0383f2952cac8ab3082cd405df1225c918cb546b41e9e,NASDAQ100:SNPS,NASDAQ100:CDNS,SNPS,CDNS,customer,"If we fail to optimize our EDA and IP solutions for use with major foundries’ manufacturing processes or major IP providers’ products, or if our access to such foundry processes or third-party IP products is hampered, then our solutions may become less desirable to our customers, resulting in an adverse effect on our business and financial condition.We operate in highly competitive industries, and if we do not continue to meet our customers’ demand for innovative technology at lower costs, our products may not be competitive or may become obsolete.In our Semiconductor & System Design segment, we compete against EDA vendors that offer a variety of products and services, such as Cadence Design Systems, Inc. and Siemens EDA.",10-K,2022-12-12,2022-12-12T22:28:23.000Z,0000883241-22-000017,snps-20221031.htm,0.60,low,0.95,0.570000,0.129920,2022-12-12T22:28:23.000Z,,1,SEC EDGAR,0000883241-22-000017,https://www.sec.gov/Archives/edgar/data/883241/000088324122000017/snps-20221031.htm,deterministic explicit-entity and relation-pattern extraction v2,unique_nasdaq100_match,public_at_sec_acceptance,candidate_review_required
bef32576b38b850c0130a7391c75e305af5c8db7622f236272d81b3c80f22bf1,NASDAQ100:AVGO,NASDAQ100:AAPL,AVGO,AAPL,customer,"We believe aggregate sales to Apple Inc., through all channels, accounted for approximately 20% of our net revenue for each of fiscal years 2022 and 2021.",10-K,2022-12-16,2022-12-16T21:21:52.000Z,0001730168-22-000118,avgo-20221030.htm,0.97,high,0.95,0.921500,0.213298,2022-12-16T21:21:52.000Z,,1,SEC EDGAR,0001730168-22-000118,https://www.sec.gov/Archives/edgar/data/1730168/000173016822000118/avgo-20221030.htm,deterministic explicit-entity and relation-pattern extraction v2,unique_nasdaq100_match,public_at_sec_acceptance,accepted
ece18667f70be82356843542bf12bc5d75b96561142196e3eeac3add378d414f,NASDAQ100:AVGO,NASDAQ100:AAPL,AVGO,AAPL,customer,"We believe aggregate sales, through all channels, to Apple and our top five end customers, accounted for approximately 20% and 35% of our net revenue for fiscal year 2022, respectively.",10-K,2022-12-16,2022-12-16T21:21:52.000Z,0001730168-22-000118,avgo-20221030.htm,0.97,high,0.95,0.921500,0.213298,2022-12-16T21:21:52.000Z,,1,SEC EDGAR,0001730168-22-000118,https://www.sec.gov/Archives/edgar/data/1730168/000173016822000118/avgo-20221030.htm,deterministic explicit-entity and relation-pattern extraction v2,unique_nasdaq100_match,public_at_sec_acceptance,accepted
9f8828ffde1c8b942ab167d2874506ad431cd229b657f12e760ac8cdd0cd19c0,NASDAQ100:ADBE,NASDAQ100:AAPL,ADBE,AAPL,customer,"The failure of third parties to provide acceptable products and services or to update their technology may result in a disruption to our business operations and those of our customers, which may reduce our revenues and profits, cause us to lose customers and damage our reputation.We increasingly utilize third-party distribution platforms, such as Apple’s App Store and Google’s Play Store, for the distribution of certain of our product offerings.",10-K,2023-01-17,2023-01-17T21:34:00.000Z,0000796343-23-000007,adbe-20221202.htm,0.60,low,0.95,0.570000,0.149239,2023-01-17T21:34:00.000Z,,1,SEC EDGAR,0000796343-23-000007,https://www.sec.gov/Archives/edgar/data/796343/000079634323000007/adbe-20221202.htm,deterministic explicit-entity and relation-pattern extraction v2,unique_nasdaq100_match,public_at_sec_acceptance,candidate_review_required
263fe56d0d0e378d2bec146bc3edce87ba2f198cbff795f10e273bd43356c937,NASDAQ100:AAPL,NASDAQ100:CHTR,AAPL,CHTR,supplier,"Other online video business models and products have also developed, some offered by programmers that have not traditionally sold programming directly to consumers, including, (i) subscription video on demand (“SVOD”) services such as Netflix, Apple TV+, Amazon Prime, Hulu Plus, Disney+, HBO Max, Peacock, Paramount+, AMC+, Starz and Showtime Anytime, (ii) ad-supported free online video products, including YouTube and Pluto TV, some of which offer programming for free to consumers that we currently purchase for a fee, (iii) pay-per-view products, such as iTunes, and (iv) additional offerings from mobile providers which continue to integrate and bundle video services and mobile products.",10-K,2023-01-27,2023-01-27T12:04:46.000Z,0001091667-23-000024,chtr-20221231.htm,0.60,low,0.95,0.570000,0.155098,2023-01-27T12:04:46.000Z,,1,SEC EDGAR,0001091667-23-000024,https://www.sec.gov/Archives/edgar/data/1091667/000109166723000024/chtr-20221231.htm,deterministic explicit-entity and relation-pattern extraction v2,unique_nasdaq100_match,public_at_sec_acceptance,candidate_review_required
468d51dd06315b21e191588718a1d7e6c0c505dc2ff091759640835850d482f4,NASDAQ100:AAPL,NASDAQ100:INTC,AAPL,INTC,supplier,"In processors, we compete with AMD and vendors who design applications processors based on ARM architecture, such as Qualcomm Inc. (Qualcomm), and, increasingly, Apple Inc. (Apple), with its M1 and M2 products.",10-K,2023-01-27,2023-01-26T23:31:20.000Z,0000050863-23-000006,intc-20221231.htm,0.60,low,0.95,0.570000,0.154502,2023-01-26T23:31:20.000Z,,1,SEC EDGAR,0000050863-23-000006,https://www.sec.gov/Archives/edgar/data/50863/000005086323000006/intc-20221231.htm,deterministic explicit-entity and relation-pattern extraction v2,unique_nasdaq100_match,public_at_sec_acceptance,candidate_review_required
15c0cbff9884f5bfc607a4996163d7b601ef83a65f1d819aadd929c9a18c2140,NASDAQ100:CHTR,NASDAQ100:AAPL,CHTR,AAPL,customer,"Our device portfolio includes 5G models from Apple, Google and Samsung and we offer trade-in options along with a bring-your-own-device (“BYOD”) program which lowers the costs for our customers switching to Spectrum Mobile from other mobile operators.",10-K,2023-01-27,2023-01-27T12:04:46.000Z,0001091667-23-000024,chtr-20221231.htm,0.60,low,0.95,0.570000,0.155098,2023-01-27T12:04:46.000Z,,1,SEC EDGAR,0001091667-23-000024,https://www.sec.gov/Archives/edgar/data/1091667/000109166723000024/chtr-20221231.htm,deterministic explicit-entity and relation-pattern extraction v2,unique_nasdaq100_match,public_at_sec_acceptance,candidate_review_required
118cbffa097383174b219a432401ecc2002c66e5f4c09b6b1ba534f23c3bfb02,NASDAQ100:CHTR,NASDAQ100:NFLX,CHTR,NFLX,customer,"Our video customers also have access to programmer authenticated applications such as Fox Now, Showtime and ESPN and direct to consumer applications such as Netflix and YouTube on certain set-top boxes.",10-K,2023-01-27,2023-01-27T12:04:46.000Z,0001091667-23-000024,chtr-20221231.htm,0.60,low,0.95,0.570000,0.155098,2023-01-27T12:04:46.000Z,,1,SEC EDGAR,0001091667-23-000024,https://www.sec.gov/Archives/edgar/data/1091667/000109166723000024/chtr-20221231.htm,deterministic explicit-entity and relation-pattern extraction v2,unique_nasdaq100_match,public_at_sec_acceptance,candidate_review_required
f34b37587e8f503a53138b720a13043dc42031dfb0cffb0d11f8b29c6e87cd69,NASDAQ100:INTC,NASDAQ100:AAPL,INTC,AAPL,supplier,"For example, in 2020, Apple introduced PC products utilizing its own internally developed ARM-based semiconductor designs in place of our client CPUs, and we face increasing competition from Apple's products and ecosystem.Most of our competitors rely on third-party foundries, such as TSMC or Samsung Electronics Co., Ltd., and subcontractors for manufacture and assembly and test of their semiconductor components and products.",10-K,2023-01-27,2023-01-26T23:31:20.000Z,0000050863-23-000006,intc-20221231.htm,0.60,low,0.95,0.570000,0.154502,2023-01-26T23:31:20.000Z,,1,SEC EDGAR,0000050863-23-000006,https://www.sec.gov/Archives/edgar/data/50863/000005086323000006/intc-20221231.htm,deterministic explicit-entity and relation-pattern extraction v2,unique_nasdaq100_match,public_at_sec_acceptance,candidate_review_required
d512fe2968827b502610178161da84091c26e9a976ee2bf6bb92c80f42cd4ba9,NASDAQ100:INTC,NASDAQ100:NVDA,INTC,NVDA,customer,"To the extent our products do not meet our customers' requirements across these factors in an increasingly competitive landscape, our business and results of operation can be harmed.We face intense competition across our product portfolio from companies offering platform products, such as AMD and Qualcomm; accelerator products such as GPUs, including those offered by NVIDIA; other accelerator products such as ASICs, application-specific standard products, and FPGAs; memory and storage products; connectivity and networking products; and other semiconductor products.",10-K,2023-01-27,2023-01-26T23:31:20.000Z,0000050863-23-000006,intc-20221231.htm,0.60,low,0.95,0.570000,0.154502,2023-01-26T23:31:20.000Z,,1,SEC EDGAR,0000050863-23-000006,https://www.sec.gov/Archives/edgar/data/50863/000005086323000006/intc-20221231.htm,deterministic explicit-entity and relation-pattern extraction v2,unique_nasdaq100_match,public_at_sec_acceptance,candidate_review_required
4a58d30802ce6c2200c9662d2c110385cd66c3aae1e8f8a7f4d753e118dc3955,NASDAQ100:NFLX,NASDAQ100:CHTR,NFLX,CHTR,supplier,"Other online video business models and products have also developed, some offered by programmers that have not traditionally sold programming directly to consumers, including, (i) subscription video on demand (“SVOD”) services such as Netflix, Apple TV+, Amazon Prime, Hulu Plus, Disney+, HBO Max, Peacock, Paramount+, AMC+, Starz and Showtime Anytime, (ii) ad-supported free online video products, including YouTube and Pluto TV, some of which offer programming for free to consumers that we currently purchase for a fee, (iii) pay-per-view products, such as iTunes, and (iv) additional offerings from mobile providers which continue to integrate and bundle video services and mobile products.",10-K,2023-01-27,2023-01-27T12:04:46.000Z,0001091667-23-000024,chtr-20221231.htm,0.60,low,0.95,0.570000,0.155098,2023-01-27T12:04:46.000Z,,1,SEC EDGAR,0001091667-23-000024,https://www.sec.gov/Archives/edgar/data/1091667/000109166723000024/chtr-20221231.htm,deterministic explicit-entity and relation-pattern extraction v2,unique_nasdaq100_match,public_at_sec_acceptance,candidate_review_required
c98f817620db3daae8be911891df3a8c2af8e338049ef90049ce0225b4747a76,NASDAQ100:AAPL,NASDAQ100:SIRI,AAPL,SIRI,supplier,"A decline in the effectiveness of our marketing efforts could have an adverse impact on our operations and financial condition.We rely on third parties for the operation of our business, and the failure of third parties to perform could adversely affect our business.Our business depends, in part, on various third parties, including:•manufacturers that build and distribute satellite radios;•companies that manufacture and sell integrated circuits for satellite radios;•third-party software that supports our apps and services;•programming providers, including agreements with owners of various copyrights in music, and on-air talent;•vendors that operate our call centers;•vendors that have designed or built, and vendors that support or operate, other important elements of our systems, including our satellites and cloud-based systems we use;•Apple, who distributes our apps through its App Store and who, in the case of our Pandora service, we rely on to collect fees and approve the terms of our consumer offers; and•Google, who distributes our apps through its App Store and who, in the case of our Pandora service, we rely on to collect fees and approve the terms of our consumer offers, and who plays an important role in the fulfillment of the ads we sell on our Pandora platform.If one or more of these third parties do not perform in a satisfactory or timely manner, including complying with our standards and practices relating to business integrity, personnel and cybersecurity, our business could be adversely affected.The operation of our apps and service offerings could be impaired if errors occur in the third party software that supports our apps and services.",10-K,2023-02-02,2023-02-02T14:58:53.000Z,0000908937-23-000006,siri-20221231.htm,0.60,low,0.95,0.570000,0.158724,2023-02-02T14:58:53.000Z,,1,SEC EDGAR,0000908937-23-000006,https://www.sec.gov/Archives/edgar/data/908937/000090893723000006/siri-20221231.htm,deterministic explicit-entity and relation-pattern extraction v2,unique_nasdaq100_match,public_at_sec_acceptance,candidate_review_required
841aa126cf2d7f558fcbc1ffe221a0a83a975aecec0ddff16f89227942d64ca2,NASDAQ100:CMCSA,NASDAQ100:NFLX,CMCSA,NFLX,supplier,"The availability of these and other offerings could negatively impact the demand for our broadband services.5Comcast 2022 Annual Report on Form 10-KTable of ContentsVideoCable Communications competes with a number of different sources in the United States that provide news, sports, information and entertainment programming to consumers, including:•DTC streaming and other OTT service providers including:◦subscription-based services, such as Disney+ and Netflix, that offer online services that enable internet streaming and downloading of movies, television shows and other video programming◦virtual multichannel video providers, such as Hulu + Live TV and YouTube TV, that offer streamed linear programming networks •DBS providers, including DIRECTV and DISH Network, that transmit satellite signals to substantially all U.S. households to provide video programming and other information similar to our video services•companies that have built and continue to build fiber-based networks that provide video services similar to ours and provide bundled offerings that include wireless phone services•other providers that build and operate communications systems and services in the same areas that we serve, including those operating as franchised cable operators•other companies, such as local broadcast television stations, that provide multiple channels of free over-the-air programmingMany of these competitors also have significant financial resources.",10-K,2023-02-03,2023-02-03T17:15:04.000Z,0001166691-23-000010,cmcsa-20221231.htm,0.60,low,0.95,0.570000,0.159336,2023-02-03T17:15:04.000Z,,1,SEC EDGAR,0001166691-23-000010,https://www.sec.gov/Archives/edgar/data/1166691/000116669123000010/cmcsa-20221231.htm,deterministic explicit-entity and relation-pattern extraction v2,unique_nasdaq100_match,public_at_sec_acceptance,candidate_review_required
d84874b85fdf9fa37437e369ddce62a5b3ffea2dcda18f698d7a7b37cb9d8f83,NASDAQ100:MDLZ,NASDAQ100:KDP,MDLZ,KDP,strategic_partner,"Equity investments such as our investments in JDE Peet’s N.V. and Keurig Dr Pepper Inc., joint ventures and other strategic alliances pose additional risks, as we could share ownership in both public and private companies and in some cases management responsibilities with one or more other parties whose objectives for the alliance may diverge from ours over time, who may not have the same priorities, strategies or resources as we do, or whose interpretation of applicable policies may differ from our own.",10-K,2023-02-03,2023-02-03T17:06:38.000Z,0001103982-23-000006,mdlz-20221231.htm,0.60,low,0.95,0.570000,0.159336,2023-02-03T17:06:38.000Z,,0,SEC EDGAR,0001103982-23-000006,https://www.sec.gov/Archives/edgar/data/1103982/000110398223000006/mdlz-20221231.htm,deterministic explicit-entity and relation-pattern extraction v2,unique_nasdaq100_match,public_at_sec_acceptance,candidate_review_required
c84ab292c39f5937f47259c837467a713310133b1dc341460423b9793c24cdcd,NASDAQ100:GFS,NASDAQ100:ON,GFS,ON,supplier,"333-28697))10.17(a)Asset Purchase Agreement, dated as of April 22, 2019, between GLOBALFOUNDRIES U.S.",10-K,2023-02-06,2023-02-06T15:50:17.000Z,0001628280-23-002350,on-20221231.htm,0.60,low,0.95,0.570000,0.161187,2023-02-06T15:50:17.000Z,,1,SEC EDGAR,0001628280-23-002350,https://www.sec.gov/Archives/edgar/data/1097864/000162828023002350/on-20221231.htm,deterministic explicit-entity and relation-pattern extraction v2,unique_nasdaq100_match,public_at_sec_acceptance,candidate_review_required
322867bdb35d01a858a213e6aed936a43a424dcf2e376412b1b7dc67c69e1a6c,NASDAQ100:GFS,NASDAQ100:ON,GFS,ON,supplier,"1 to Asset Purchase Agreement, dated October 1, 2020, by and among Semiconductor Components Industries, LLC, GLOBALFOUNDRIES U.S.",10-K,2023-02-06,2023-02-06T15:50:17.000Z,0001628280-23-002350,on-20221231.htm,0.60,low,0.95,0.570000,0.161187,2023-02-06T15:50:17.000Z,,1,SEC EDGAR,0001628280-23-002350,https://www.sec.gov/Archives/edgar/data/1097864/000162828023002350/on-20221231.htm,deterministic explicit-entity and relation-pattern extraction v2,unique_nasdaq100_match,public_at_sec_acceptance,candidate_review_required
9e2dc00329a71bbb8f70ca6b18e437eb1c0bcd4055b517f560f4d4b2de54c8a8,NASDAQ100:ON,NASDAQ100:GFS,ON,GFS,supplier,"In 2023, our focus will be on ramping up manufacturing at our recently acquired East Fishkill, New York fabrication (""EFK"") facility, as well as investing to expand our facilities in the Czech Republic, Hudson, New Hampshire, and South Korea to increase our SiC manufacturing capabilities to meet the growing demand for our SiC-based solutions.See Note 5: ''Acquisitions and Divestitures'' in the notes to our audited consolidated financial statements included elsewhere in this Form 10-K for additional information related to our acquisition and divestiture activity.Recent AcquisitionsOn December 31, 2022, we completed our acquisition of the EFK facility and certain other assets and liabilities from GLOBALFOUNDRIES U.S.",10-K,2023-02-06,2023-02-06T15:50:17.000Z,0001628280-23-002350,on-20221231.htm,0.60,low,0.95,0.570000,0.161187,2023-02-06T15:50:17.000Z,,1,SEC EDGAR,0001628280-23-002350,https://www.sec.gov/Archives/edgar/data/1097864/000162828023002350/on-20221231.htm,deterministic explicit-entity and relation-pattern extraction v2,unique_nasdaq100_match,public_at_sec_acceptance,candidate_review_required
4ba5dd86a2406fac5b17a440fbddf011a2980a0661b8c5ce9db44dc94bee0a53,NASDAQ100:ON,NASDAQ100:GFS,ON,GFS,supplier,"Following are the acquisitions and divestitures during 2022, 2021 and 2020.2022 Acquisitions and DivestituresEFK AcquisitionOn December 31, 2022, we completed the acquisition of the East Fishkill, New York site and fabrication (""EFK"" facility and certain other assets and liabilities from GLOBALFOUNDRIES U.S.",10-K,2023-02-06,2023-02-06T15:50:17.000Z,0001628280-23-002350,on-20221231.htm,0.60,low,0.95,0.570000,0.161187,2023-02-06T15:50:17.000Z,,1,SEC EDGAR,0001628280-23-002350,https://www.sec.gov/Archives/edgar/data/1097864/000162828023002350/on-20221231.htm,deterministic explicit-entity and relation-pattern extraction v2,unique_nasdaq100_match,public_at_sec_acceptance,candidate_review_required
cb376a826066af1dbd2a0f9dda5ca0a51e21dadcbf2cf0f0ad2723d817aa7232,NASDAQ100:ON,NASDAQ100:NXPI,ON,NXPI,customer,"Competitors for certain of ASG's products and solutions include: Infineon, NXP Semiconductors N.V. (""NXP""), STMicroelectronics and TI.ISGISG differentiates itself from the competition through deep technical knowledge and close customer relationships to drive leading edge sensing performance for both human and machine vision applications.",10-K,2023-02-06,2023-02-06T15:50:17.000Z,0001628280-23-002350,on-20221231.htm,0.60,low,0.95,0.570000,0.161187,2023-02-06T15:50:17.000Z,,1,SEC EDGAR,0001628280-23-002350,https://www.sec.gov/Archives/edgar/data/1097864/000162828023002350/on-20221231.htm,deterministic explicit-entity and relation-pattern extraction v2,unique_nasdaq100_match,public_at_sec_acceptance,candidate_review_required
63150b69929521cb375146c65373bc43fd38c0f1ee580bebd6a68d953c9bd383,NASDAQ100:ON,NASDAQ100:TXN,ON,TXN,customer,"PSG’s primary competitors include: Infineon Technologies AG (""Infineon""), STMicroelectronics N.V. (""STMicroelectronics""), Wolfspeed Inc., Texas Instruments Incorporated (""TI"") and Nexperia BV.ASG ASG principally competes on design experience, manufacturing capability, depth and quality of IP, ability to service customer needs from the design phase to the shipping of a completed product, length of design cycle, longevity of technology support and experience of sales and technical support personnel.",10-K,2023-02-06,2023-02-06T15:50:17.000Z,0001628280-23-002350,on-20221231.htm,0.60,low,0.95,0.570000,0.161187,2023-02-06T15:50:17.000Z,,1,SEC EDGAR,0001628280-23-002350,https://www.sec.gov/Archives/edgar/data/1097864/000162828023002350/on-20221231.htm,deterministic explicit-entity and relation-pattern extraction v2,unique_nasdaq100_match,public_at_sec_acceptance,candidate_review_required
eac38af0f4ffc5338442df1c7901e493717d85e72986572333e474e63810236a,NASDAQ100:AMGN,NASDAQ100:AZN,AMGN,AZN,supplier,"2 to Share Purchase Agreement, dated September 24, 2020, by and among BeiGene, Ltd. and Amgen Inc. (Filed as an exhibit to Form 10-Q for the quarter ended September 30, 2020 on October 29, 2020 and incorporated herein by reference.)10.24Collaboration Agreement dated March 30, 2012 by and between Amgen Inc. and AstraZeneca Collaboration Ventures, LLC, a wholly owned subsidiary of AstraZeneca Pharmaceuticals LP (portions of the exhibit have been omitted because they are both (i) not material and (ii) is the type of information that the Company treats as private or confidential.) (Filed as an exhibit to Form 10-Q for the quarter ended June 30, 2022 on August 5, 2022 and incorporated herein by reference.)10.24.1Amendment No.",10-K,2023-02-09,2023-02-09T21:26:31.000Z,0000318154-23-000017,amgn-20221231.htm,0.60,low,0.95,0.570000,0.163060,2023-02-09T21:26:31.000Z,,1,SEC EDGAR,0000318154-23-000017,https://www.sec.gov/Archives/edgar/data/318154/000031815423000017/amgn-20221231.htm,deterministic explicit-entity and relation-pattern extraction v2,unique_nasdaq100_match,public_at_sec_acceptance,candidate_review_required
58d8b9b0cca6e63190de14ca52725bc99e978bbc782c1a9500a50e0f08a9952d,NASDAQ100:AMGN,NASDAQ100:AZN,AMGN,AZN,strategic_partner,"1 to the Collaboration Agreement, dated October 1, 2014, by and among Amgen Inc., AstraZeneca Collaboration Ventures, LLC and AstraZeneca Pharmaceuticals LP (portions of the exhibit have been omitted because they are both (i) not material and (ii) is the type of information that the Company treats as private or confidential.) (Filed as an exhibit to Form 10-Q for the quarter ended June 30, 2022 on August 5, 2022 and incorporated herein by reference.)10.24.2Amendment Nos.",10-K,2023-02-09,2023-02-09T21:26:31.000Z,0000318154-23-000017,amgn-20221231.htm,0.82,medium,0.95,0.779000,0.222849,2023-02-09T21:26:31.000Z,,0,SEC EDGAR,0000318154-23-000017,https://www.sec.gov/Archives/edgar/data/318154/000031815423000017/amgn-20221231.htm,deterministic explicit-entity and relation-pattern extraction v2,unique_nasdaq100_match,public_at_sec_acceptance,accepted
bed94546b904448c045b1e938c5013c8e46d1319c3816fbe481e96cd9eb8ba87,NASDAQ100:AMGN,NASDAQ100:AZN,AMGN,AZN,strategic_partner,"2 through 6 to the March 30, 2012 Collaboration Agreement between Amgen Inc. and AstraZeneca Collaboration Ventures, LLC, dated May 2 and 27 and October 2, 2016, January 31, 2018, and May 15, 2020, respectively (portions of the exhibit have been omitted because they are both (i) not material and (ii) would be competitively harmful if publicly disclosed.) (Filed as an exhibit to Form 10-Q for the quarter ended June 30, 2020 on July 29, 2020 and incorporated herein by reference.)10.24.3Amendment No.",10-K,2023-02-09,2023-02-09T21:26:31.000Z,0000318154-23-000017,amgn-20221231.htm,0.82,medium,0.95,0.779000,0.222849,2023-02-09T21:26:31.000Z,,0,SEC EDGAR,0000318154-23-000017,https://www.sec.gov/Archives/edgar/data/318154/000031815423000017/amgn-20221231.htm,deterministic explicit-entity and relation-pattern extraction v2,unique_nasdaq100_match,public_at_sec_acceptance,accepted
1e3201050625422965eec824713fc7c8291d214d07256fe578693f2537ff06a7,NASDAQ100:AMGN,NASDAQ100:AZN,AMGN,AZN,strategic_partner,"7 to the Collaboration Agreement, dated December 17, 2020, by and between Amgen Inc. and AstraZeneca Collaboration Ventures, LLC (portions of the exhibit have been omitted because they are both (i) not material and (ii) would be competitively harmful if publicly disclosed.) (Filed as an exhibit to Form 10-K for the year ended December 31, 2020 on February 9, 2021 and incorporated herein by reference.)10.24.4Amendment No.",10-K,2023-02-09,2023-02-09T21:26:31.000Z,0000318154-23-000017,amgn-20221231.htm,0.82,medium,0.95,0.779000,0.222849,2023-02-09T21:26:31.000Z,,0,SEC EDGAR,0000318154-23-000017,https://www.sec.gov/Archives/edgar/data/318154/000031815423000017/amgn-20221231.htm,deterministic explicit-entity and relation-pattern extraction v2,unique_nasdaq100_match,public_at_sec_acceptance,accepted
15ad573dab0955bef9f4d196f73360ceef828bde4047e332a48ea995482c500e,NASDAQ100:AMGN,NASDAQ100:AZN,AMGN,AZN,strategic_partner,"8 to the Collaboration Agreement, dated November 19, 2021, by and between Amgen Inc. and AstraZeneca Collaboration Ventures, LLC (portions of the exhibit have been omitted because they are both (i) not material and (ii) is the type of information that the Company treats as private or confidential.) (Filed as an exhibit to Form 10-K for the year ended December 31, 2021 on February 16, 2022 and incorporated herein by reference.)10.25License and Collaboration Agreement, dated June 1, 2021, by and between Amgen Inc. and Kyowa Kirin Co., Ltd. (portions of the exhibit have been omitted because they are both (i) not material and (ii) would be competitively harmful if publicly disclosed). (Filed as an exhibit to Form 10-Q for the quarter ended June 30, 2021 on August 4, 2021 and incorporated herein by reference.)21*Subsidiaries of the Company.23Consent of the Independent Registered Public Accounting Firm.",10-K,2023-02-09,2023-02-09T21:26:31.000Z,0000318154-23-000017,amgn-20221231.htm,0.82,medium,0.95,0.779000,0.222849,2023-02-09T21:26:31.000Z,,0,SEC EDGAR,0000318154-23-000017,https://www.sec.gov/Archives/edgar/data/318154/000031815423000017/amgn-20221231.htm,deterministic explicit-entity and relation-pattern extraction v2,unique_nasdaq100_match,public_at_sec_acceptance,accepted
a20ac382f3e839bc507316d4d78eda71a3b3d72f002d3573795fdce7cf9d0f18,NASDAQ100:DXCM,NASDAQ100:GOOG,DXCM,GOOG,strategic_partner,"These collaborations align with the strategy to seek broader access to our CGM systems for people with Type 2 diabetes, including those who are not treated with intensive insulin therapy.Verily CollaborationOur Restated Collaboration Agreement with Verily Life Science LLC (an Alphabet Company) and Verily Ireland Limited (collectively, Verily) provides us with an exclusive license to use intellectual property of Verily resulting from the collaboration, and certain Verily patents, in the development, manufacture and commercialization of blood-based or interstitial glucose monitoring products more generally (subject to certain exclusions, which are outside the CGM field as it is commonly understood).",10-K,2023-02-09,2023-02-09T22:06:55.000Z,0001093557-23-000024,dxcm-20221231.htm,0.82,medium,0.95,0.779000,0.222849,2023-02-09T22:06:55.000Z,,0,SEC EDGAR,0001093557-23-000024,https://www.sec.gov/Archives/edgar/data/1093557/000109355723000024/dxcm-20221231.htm,deterministic explicit-entity and relation-pattern extraction v2,unique_nasdaq100_match,public_at_sec_acceptance,accepted
cd5badcbfd9a7d0b16597a466af9462cbe8ff1a3c2aa334688ab6ecca555badb,NASDAQ100:DXCM,NASDAQ100:GOOG,DXCM,GOOG,strategic_partner,"Development and Other Agreements Collaboration with Verily Life SciencesOn November 20, 2018, we entered into an Amended and Restated Collaboration and License Agreement with Verily Life Sciences LLC (an Alphabet Company) and Verily Ireland Limited (collectively, “Verily”), which we refer to as the Restated Collaboration Agreement.",10-K,2023-02-09,2023-02-09T22:06:55.000Z,0001093557-23-000024,dxcm-20221231.htm,0.82,medium,0.95,0.779000,0.222849,2023-02-09T22:06:55.000Z,,0,SEC EDGAR,0001093557-23-000024,https://www.sec.gov/Archives/edgar/data/1093557/000109355723000024/dxcm-20221231.htm,deterministic explicit-entity and relation-pattern extraction v2,unique_nasdaq100_match,public_at_sec_acceptance,accepted
2c0606ef9c31ce91d6a2f427bf8cacaac33cdd8051110c3d5cbaa69287407b7b,NASDAQ100:DXCM,NASDAQ100:GOOGL,DXCM,GOOGL,strategic_partner,"These collaborations align with the strategy to seek broader access to our CGM systems for people with Type 2 diabetes, including those who are not treated with intensive insulin therapy.Verily CollaborationOur Restated Collaboration Agreement with Verily Life Science LLC (an Alphabet Company) and Verily Ireland Limited (collectively, Verily) provides us with an exclusive license to use intellectual property of Verily resulting from the collaboration, and certain Verily patents, in the development, manufacture and commercialization of blood-based or interstitial glucose monitoring products more generally (subject to certain exclusions, which are outside the CGM field as it is commonly understood).",10-K,2023-02-09,2023-02-09T22:06:55.000Z,0001093557-23-000024,dxcm-20221231.htm,0.82,medium,0.95,0.779000,0.222849,2023-02-09T22:06:55.000Z,,0,SEC EDGAR,0001093557-23-000024,https://www.sec.gov/Archives/edgar/data/1093557/000109355723000024/dxcm-20221231.htm,deterministic explicit-entity and relation-pattern extraction v2,unique_nasdaq100_match,public_at_sec_acceptance,accepted
c7a3abcf351b58afb01b1eca15adb3f8df2bd070b51705fbb74a7db6c9935bb8,NASDAQ100:DXCM,NASDAQ100:GOOGL,DXCM,GOOGL,strategic_partner,"Development and Other Agreements Collaboration with Verily Life SciencesOn November 20, 2018, we entered into an Amended and Restated Collaboration and License Agreement with Verily Life Sciences LLC (an Alphabet Company) and Verily Ireland Limited (collectively, “Verily”), which we refer to as the Restated Collaboration Agreement.",10-K,2023-02-09,2023-02-09T22:06:55.000Z,0001093557-23-000024,dxcm-20221231.htm,0.82,medium,0.95,0.779000,0.222849,2023-02-09T22:06:55.000Z,,0,SEC EDGAR,0001093557-23-000024,https://www.sec.gov/Archives/edgar/data/1093557/000109355723000024/dxcm-20221231.htm,deterministic explicit-entity and relation-pattern extraction v2,unique_nasdaq100_match,public_at_sec_acceptance,accepted
4d67450a655bc3fd1b7cced2c38938287613577879661cd687b19d391c556c29,NASDAQ100:VRTX,NASDAQ100:MRNA,VRTX,MRNA,strategic_partner,"In 2016, we entered into a collaboration with Moderna for the identification and development of mRNA therapeutics encoding CFTR for the treatment of CF.",10-K,2023-02-10,2023-02-10T21:12:03.000Z,0000875320-23-000007,vrtx-20221231.htm,0.82,medium,0.95,0.779000,0.223709,2023-02-10T21:12:03.000Z,,0,SEC EDGAR,0000875320-23-000007,https://www.sec.gov/Archives/edgar/data/875320/000087532023000007/vrtx-20221231.htm,deterministic explicit-entity and relation-pattern extraction v2,unique_nasdaq100_match,public_at_sec_acceptance,accepted
365d8d8dddc0bd81a1316d481fbb84b9b249de1f2cff68640dfbd76564bf7377,NASDAQ100:VRTX,NASDAQ100:MRNA,VRTX,MRNA,strategic_partner,"As a result, we recorded our $60.0 million upfront payment to AIPR&D.Please refer to our critical accounting policies, “Acquisitions,” for further information regarding the significant judgments and estimates related to our acquisitions.Collaboration and In-Licensing ArrangementsWe enter into arrangements with third parties, including collaboration and licensing arrangements, for the development, manufacture and commercialization of products, product candidates, and other technologies that have the potential to complement our ongoing research and development efforts.Over the last several years, we entered into collaboration agreements with a number of companies, including Arbor Biotechnologies, Inc., CRISPR, Kymera Therapeutics, Inc., Mammoth Biosciences, Inc., Moderna, Inc., Obsidian Therapeutics, Inc., and Verve Therapeutics, Inc.",10-K,2023-02-10,2023-02-10T21:12:03.000Z,0000875320-23-000007,vrtx-20221231.htm,0.60,low,0.95,0.570000,0.163690,2023-02-10T21:12:03.000Z,,0,SEC EDGAR,0000875320-23-000007,https://www.sec.gov/Archives/edgar/data/875320/000087532023000007/vrtx-20221231.htm,deterministic explicit-entity and relation-pattern extraction v2,unique_nasdaq100_match,public_at_sec_acceptance,candidate_review_required
1d6804a93957c8cd51b857ad76e2bc6f04b8754d87109c8a19b0d9590757f3e6,NASDAQ100:CTSH,NASDAQ100:WDAY,CTSH,WDAY,supplier,"Acquisitions In January 2023, we completed the acquisition of the professional services and application management practices of OneSource Virtual, a leading provider of Workday services, solutions and products, for a purchase price of $103 million.",10-K,2023-02-15,2023-02-15T21:54:55.000Z,0001058290-23-000027,ctsh-20221231.htm,0.60,low,0.95,0.570000,0.166872,2023-02-15T21:54:55.000Z,,1,SEC EDGAR,0001058290-23-000027,https://www.sec.gov/Archives/edgar/data/1058290/000105829023000027/ctsh-20221231.htm,deterministic explicit-entity and relation-pattern extraction v2,unique_nasdaq100_match,public_at_sec_acceptance,candidate_review_required
cad2fd480bf85b202515af5bd083dbc3aee87e779fce29be0dc6e809329c9a67,NASDAQ100:ON,NASDAQ100:ASML,ON,ASML,supplier,"As a supplier to the global semiconductor industry, we are subject to the industry’s business cycles, and the timing, duration and volatility are difficult to predict and can have a significant impact on semiconductor manufacturers and therefore ASML.",20-F,2023-02-15,2023-02-15T11:05:47.000Z,0000937966-23-000014,asml-20221231.htm,0.60,low,0.95,0.570000,0.166872,2023-02-15T11:05:47.000Z,,1,SEC EDGAR,0000937966-23-000014,https://www.sec.gov/Archives/edgar/data/937966/000093796623000014/asml-20221231.htm,deterministic explicit-entity and relation-pattern extraction v2,unique_nasdaq100_match,public_at_sec_acceptance,candidate_review_required
5daeade8d7ea8698842f35ceac7e5461f66139116b050aab1309acc171591e78,NASDAQ100:ON,NASDAQ100:ASML,ON,ASML,supplier,"For example, we have recently updated our policies and procedures in connection with the Additional Export Controls on Semiconductor Manufacturing Items imposed by the U.S. government in October 2022.We expect our business partners – customers, suppliers, consultants, contractors and intermediaries – to demonstrate high standards of ethical behavior that are consistent with our own.Privacy protectionWe are committed to respecting and protecting the privacy rights of employees, customers, suppliers and everyone we do business with.",20-F,2023-02-15,2023-02-15T11:05:47.000Z,0000937966-23-000014,asml-20221231.htm,0.60,low,0.95,0.570000,0.166872,2023-02-15T11:05:47.000Z,,1,SEC EDGAR,0000937966-23-000014,https://www.sec.gov/Archives/edgar/data/937966/000093796623000014/asml-20221231.htm,deterministic explicit-entity and relation-pattern extraction v2,unique_nasdaq100_match,public_at_sec_acceptance,candidate_review_required
730727bd6464f4cf7e365144187b24025fdcc34cf05721a9a4c7e05a58a8e38e,NASDAQ100:CEG,NASDAQ100:EXC,CEG,EXC,customer,"GeneralOn February 21, 2021, the Board of Directors of Exelon Corporation (“Exelon”) authorized management to pursue a plan to separate its competitive generation and customer-facing energy businesses, conducted through Constellation Energy Generation, LLC (“Constellation”, formerly Exelon Generation Company, LLC) and its subsidiaries, into an independent, publicly traded company.",10-K,2023-02-16,2023-02-16T16:04:17.000Z,0001868275-23-000014,ceg-20221231.htm,0.60,low,0.95,0.570000,0.167516,2023-02-16T16:04:17.000Z,,1,SEC EDGAR,0001868275-23-000014,https://www.sec.gov/Archives/edgar/data/1868275/000186827523000014/ceg-20221231.htm,deterministic explicit-entity and relation-pattern extraction v2,unique_nasdaq100_match,public_at_sec_acceptance,candidate_review_required
60434a2417e3971f1c23e40f879bf3a719ce9e514a1931aed584db366ae8e216,NASDAQ100:CEG,NASDAQ100:EXC,CEG,EXC,customer,"Significant 2022 Transactions and DevelopmentsSeparation from Exelon On February 21, 2021, Exelon’s Board of Directors approved a plan to separate its competitive generation and customer-facing energy businesses into a stand-alone publicly traded company (the ""separation"").",10-K,2023-02-16,2023-02-16T16:04:17.000Z,0001868275-23-000014,ceg-20221231.htm,0.60,low,0.95,0.570000,0.167516,2023-02-16T16:04:17.000Z,,1,SEC EDGAR,0001868275-23-000014,https://www.sec.gov/Archives/edgar/data/1868275/000186827523000014/ceg-20221231.htm,deterministic explicit-entity and relation-pattern extraction v2,unique_nasdaq100_match,public_at_sec_acceptance,candidate_review_required
7f2be6eea1eeb925ce2981b879b17f7986a8a16439f161b6ce49624c6950ca19,NASDAQ100:CEG,NASDAQ100:EXC,CEG,EXC,customer,"We have five reportable segments: Mid-Atlantic, Midwest, New York, ERCOT and Other Power Regions.Basis of Presentation On February 21, 2021, the Board of Directors of Exelon authorized management to pursue a plan to separate its competitive generation and customer-facing energy businesses, conducted through Constellation Energy Generation, LLC (“Constellation”, formerly Exelon Generation Company, LLC) and its subsidiaries, into an independent, publicly-traded company.",10-K,2023-02-16,2023-02-16T16:04:17.000Z,0001868275-23-000014,ceg-20221231.htm,0.60,low,0.95,0.570000,0.167516,2023-02-16T16:04:17.000Z,,1,SEC EDGAR,0001868275-23-000014,https://www.sec.gov/Archives/edgar/data/1868275/000186827523000014/ceg-20221231.htm,deterministic explicit-entity and relation-pattern extraction v2,unique_nasdaq100_match,public_at_sec_acceptance,candidate_review_required
f1408b03d6201cd1cf284b4a55f0375f3d25d9cacaa05d11f77cff47f07cfedb,NASDAQ100:CEG,NASDAQ100:EXC,CEG,EXC,customer,"Our operating revenues include all sales to third parties and affiliated sales to Exelon's utility subsidiaries, prior to the separation.",10-K,2023-02-16,2023-02-16T16:04:17.000Z,0001868275-23-000014,ceg-20221231.htm,0.92,high,0.95,0.874000,0.256857,2023-02-16T16:04:17.000Z,,1,SEC EDGAR,0001868275-23-000014,https://www.sec.gov/Archives/edgar/data/1868275/000186827523000014/ceg-20221231.htm,deterministic explicit-entity and relation-pattern extraction v2,unique_nasdaq100_match,public_at_sec_acceptance,accepted
189f42903df2f2ba84e0c2153e0130de864fb80b94d251f13cc8edb40e171d9c,NASDAQ100:CEG,NASDAQ100:EXC,CEG,EXC,supplier,"The collection and reinvestment of DPP is recognized in Net cash provided by investing activities in the Consolidated Statements of Cash Flows.See Note 18 — Fair Value of Financial Assets and Liabilities and Note 22 — Variable Interest Entities for additional information.118Table of ContentsCombined Notes to Consolidated Financial Statements (Dollars in millions, unless otherwise noted)Note 6 — Accounts ReceivableOther Sales of Customer Accounts Receivables We are required, under supplier tariffs, to sell customer receivables to utility companies, which included Exelon's utility subsidiaries prior to the separation.",10-K,2023-02-16,2023-02-16T16:04:17.000Z,0001868275-23-000014,ceg-20221231.htm,0.95,high,0.95,0.902500,0.265233,2023-02-16T16:04:17.000Z,,1,SEC EDGAR,0001868275-23-000014,https://www.sec.gov/Archives/edgar/data/1868275/000186827523000014/ceg-20221231.htm,deterministic explicit-entity and relation-pattern extraction v2,unique_nasdaq100_match,public_at_sec_acceptance,accepted
7a6d7f60a51451d00dd082b1d8e7dd91c6c75b3fd12739a7e87fe37c2ecabe81,NASDAQ100:CEG,NASDAQ100:EXC,CEG,EXC,customer,"In addition, if changes occur to the regulatory agreement with the PAPUC that currently allows amounts to be collected from PECO customers for decommissioning the former PECO units, the NRC minimum funding status of those plants could change at subsequent NRC filing dates.126Table of ContentsCombined Notes to Consolidated Financial Statements(Dollars in millions, unless otherwise noted)Note 10 — Asset Retirement ObligationsImpact of Separation from ExelonSatisfying a condition precedent, on December 16, 2021, the NYPSC authorized our separation from Exelon and accepted the terms of a Joint Proposal that became binding upon closing of the separation on February 1, 2022.",10-K,2023-02-16,2023-02-16T16:04:17.000Z,0001868275-23-000014,ceg-20221231.htm,0.60,low,0.95,0.570000,0.167516,2023-02-16T16:04:17.000Z,,1,SEC EDGAR,0001868275-23-000014,https://www.sec.gov/Archives/edgar/data/1868275/000186827523000014/ceg-20221231.htm,deterministic explicit-entity and relation-pattern extraction v2,unique_nasdaq100_match,public_at_sec_acceptance,candidate_review_required
129ebf5b5d9759e42b854eca7a2ca3fdcb2b004d45ce78e6f10d980dd15a9b16,NASDAQ100:CEG,NASDAQ100:EXC,CEG,EXC,customer,"As of December 31, 2022, all transactions with Exelon or its affiliates are third-party transactions.Payables Related to Regulatory Agreement UnitsWe have Noncurrent payables to ComEd and PECO as a result of the nuclear decommissioning contractual construct whereby, to the extent NDT funds are greater than the underlying ARO at the end of decommissioning, such amounts are due back to ComEd and PECO, as applicable, for payment to their respective customers.",10-K,2023-02-16,2023-02-16T16:04:17.000Z,0001868275-23-000014,ceg-20221231.htm,0.60,low,0.95,0.570000,0.167516,2023-02-16T16:04:17.000Z,,1,SEC EDGAR,0001868275-23-000014,https://www.sec.gov/Archives/edgar/data/1868275/000186827523000014/ceg-20221231.htm,deterministic explicit-entity and relation-pattern extraction v2,unique_nasdaq100_match,public_at_sec_acceptance,candidate_review_required
838d317f53cf23323bf4c80471be92b1036e5a5d414c53fa4c0703912e3cff0a,NASDAQ100:EXC,NASDAQ100:CEG,EXC,CEG,supplier,"To the extent that any of these counterparties are affected by deterioration in their creditworthiness or the agreements are otherwise determined to be unenforceable, we could be held responsible for the obligations.We have issued indemnities to third parties regarding environmental or other matters in connection with purchases and sales of assets, including several of the Exelon utilities in connection with our absorption of their former generating assets.",10-K,2023-02-16,2023-02-16T16:04:17.000Z,0001868275-23-000014,ceg-20221231.htm,0.60,low,0.95,0.570000,0.167516,2023-02-16T16:04:17.000Z,,1,SEC EDGAR,0001868275-23-000014,https://www.sec.gov/Archives/edgar/data/1868275/000186827523000014/ceg-20221231.htm,deterministic explicit-entity and relation-pattern extraction v2,unique_nasdaq100_match,public_at_sec_acceptance,candidate_review_required
c832f75191459764dd2b7bd2365ef181879c8082776aa6733c066d6137a572b5,NASDAQ100:EXC,NASDAQ100:CEG,EXC,CEG,supplier,We will rely on Exelon to satisfy its performance and payment obligations under these agreements.,10-K,2023-02-16,2023-02-16T16:04:17.000Z,0001868275-23-000014,ceg-20221231.htm,0.96,high,0.95,0.912000,0.268025,2023-02-16T16:04:17.000Z,,1,SEC EDGAR,0001868275-23-000014,https://www.sec.gov/Archives/edgar/data/1868275/000186827523000014/ceg-20221231.htm,deterministic explicit-entity and relation-pattern extraction v2,unique_nasdaq100_match,public_at_sec_acceptance,accepted
46dabeab9de4a059b8d0765007dde47ae77040b5f5a9d1b12413e1660a1e3a49,NASDAQ100:EXC,NASDAQ100:CEG,EXC,CEG,supplier,"Exelon operated a money pool for its subsidiaries that provided an additional short-term borrowing option that was generally more favorable to the borrowing participants than the cost of external financing.•Refer to ITEM 5. — MARKET FOR REGISTRANT'S COMMON EQUITY, RELATED STOCKHOLDER MATTERS AND ISSUER PURCHASES OF EQUITY SECURITIES for additional information on dividend restrictions.",10-K,2023-02-16,2023-02-16T16:04:17.000Z,0001868275-23-000014,ceg-20221231.htm,0.60,low,0.95,0.570000,0.167516,2023-02-16T16:04:17.000Z,,1,SEC EDGAR,0001868275-23-000014,https://www.sec.gov/Archives/edgar/data/1868275/000186827523000014/ceg-20221231.htm,deterministic explicit-entity and relation-pattern extraction v2,unique_nasdaq100_match,public_at_sec_acceptance,candidate_review_required
84e7a40b4d25bb41110d2a4f6cd12cf74940f6c57d227d9385fb170b7188a87b,NASDAQ100:EXC,NASDAQ100:CEG,EXC,CEG,supplier,"116Table of ContentsCombined Notes to Consolidated Financial Statements(Dollars in millions, unless otherwise noted)Note 5 — Segment Information 202220212020 RNF fromexternalcustomers(a)IntersegmentRNFTotalRNFRNF fromexternalcustomers(a)IntersegmentRNFTotalRNFRNF fromexternalcustomers(a)IntersegmentRNFTotalRNFMid-Atlantic$2,129 $9 $2,138 $2,247 $17 $2,264 $2,174 $30 $2,204 Midwest2,765 (1)2,764 2,717 — 2,717 2,902 — 2,902 New York1,061 6 1,067 1,151 10 1,161 983 14 997 ERCOT503 (96)407 (668)(157)(825)407 19 426 Other Power Regions 952 (31)921 984 (93)891 759 (94)665 Total RNF for Reportable Segments$7,410 $(113)$7,297 $6,431 $(223)$6,208 $7,225 $(31)$7,194 Other(b)(432)113 (319)1,055 223 1,278 793 31 824 Total RNF$6,978 $— $6,978 $7,486 $— $7,486 $8,018 $— $8,018 __________ (a)Includes purchases and sales from/to third parties and affiliated sales to Exelon's utility subsidiaries prior to the separation on February 1, 2022.",10-K,2023-02-16,2023-02-16T16:04:17.000Z,0001868275-23-000014,ceg-20221231.htm,0.60,low,0.95,0.570000,0.167516,2023-02-16T16:04:17.000Z,,1,SEC EDGAR,0001868275-23-000014,https://www.sec.gov/Archives/edgar/data/1868275/000186827523000014/ceg-20221231.htm,deterministic explicit-entity and relation-pattern extraction v2,unique_nasdaq100_match,public_at_sec_acceptance,candidate_review_required
0caba392ac32ac37aa424f8cb23d679cacd6f371f509041fe749d085a12f42a7,NASDAQ100:ADSK,NASDAQ100:ANSS,ADSK,ANSS,supplier,"We believe that these relationships facilitate accelerated incorporation of advanced technology into our products, provide access to new customers, expand our sales channels, develop specialized product applications and provide direct integration with leading CAD, EDA, product data management and PLM systems.We have technical and marketing relationships with leading CAD vendors, such as Autodesk, PTC and Siemens Digital Industries, to provide direct links between products.",10-K,2023-02-22,2023-02-22T16:38:20.000Z,0001013462-23-000013,anss-20221231.htm,0.96,high,0.95,0.912000,0.274290,2023-02-22T16:38:20.000Z,,1,SEC EDGAR,0001013462-23-000013,https://www.sec.gov/Archives/edgar/data/1013462/000101346223000013/anss-20221231.htm,deterministic explicit-entity and relation-pattern extraction v2,unique_nasdaq100_match,public_at_sec_acceptance,accepted
3f4420310a93bca93faa8a0d77b383ba6d382fe069f30f207cbe4f17eeb44675,NASDAQ100:ANSS,NASDAQ100:AMD,ANSS,AMD,customer,"In addition to marketing relationships to promote the adoption of HPC, we maintain a technical relationship with both Intel and Advanced Micro Devices (AMD) to optimize the solver performance and scalability of our structures, fluids and electromagnetics portfolio to enable faster simulations, better graphics and a shorter time to market for our customers.",10-K,2023-02-22,2023-02-22T16:38:20.000Z,0001013462-23-000013,anss-20221231.htm,0.60,low,0.95,0.570000,0.171431,2023-02-22T16:38:20.000Z,,1,SEC EDGAR,0001013462-23-000013,https://www.sec.gov/Archives/edgar/data/1013462/000101346223000013/anss-20221231.htm,deterministic explicit-entity and relation-pattern extraction v2,unique_nasdaq100_match,public_at_sec_acceptance,candidate_review_required
c4622eb67477cf330c78f599c5c53a3a88b222acd241682435f15b7f62efa74d,NASDAQ100:ANSS,NASDAQ100:MSFT,ANSS,MSFT,customer,"We recently executed a partnership with Microsoft to develop Ansys Access powered by Azure, which will enable customers to launch Ansys products using their Azure enrollment and connect third-party tools.",10-K,2023-02-22,2023-02-22T16:38:20.000Z,0001013462-23-000013,anss-20221231.htm,0.60,low,0.95,0.570000,0.171431,2023-02-22T16:38:20.000Z,,1,SEC EDGAR,0001013462-23-000013,https://www.sec.gov/Archives/edgar/data/1013462/000101346223000013/anss-20221231.htm,deterministic explicit-entity and relation-pattern extraction v2,unique_nasdaq100_match,public_at_sec_acceptance,candidate_review_required
5b9d42356b108cedf050092cb3a2d38c076d223bf9e5a2ba9aefe1a2abe1cca5,NASDAQ100:AAPL,NASDAQ100:BKNG,AAPL,BKNG,supplier,"See below Part I, Item 1A, Risk Factors - ""Consumer adoption and use of mobile devices creates challenges and may enable device companies such as Google and Apple to compete directly with us."" Additionally, our ability to achieve our long-term strategy to build the Connected Trip depends on successfully integrating and developing new and evolving technologies, which will require increased financial and personnel investments that could have an adverse impact on our results of operations until we achieve the expected return on these investments.",10-K,2023-02-23,2023-02-23T22:20:46.000Z,0001075531-23-000016,bkng-20221231.htm,0.60,low,0.95,0.570000,0.172092,2023-02-23T22:20:46.000Z,,1,SEC EDGAR,0001075531-23-000016,https://www.sec.gov/Archives/edgar/data/1075531/000107553123000016/bkng-20221231.htm,deterministic explicit-entity and relation-pattern extraction v2,unique_nasdaq100_match,public_at_sec_acceptance,candidate_review_required
43b3a374f1bd46061036ba27a6f6203efce51c4d41daad0b1f96c8bd82707e8d,NASDAQ100:BKNG,NASDAQ100:AAPL,BKNG,AAPL,customer,"Some of our current and potential competitors, such as Google, Apple, Alibaba, Tencent, Amazon, Uber, and Meta, have significantly more customers or users, consumer data, and financial and other resources than we do, and may be able to leverage other aspects of their businesses (e.g., search or mobile device businesses) to enable them to compete more effectively with us.",10-K,2023-02-23,2023-02-23T22:20:46.000Z,0001075531-23-000016,bkng-20221231.htm,0.60,low,0.95,0.570000,0.172092,2023-02-23T22:20:46.000Z,,1,SEC EDGAR,0001075531-23-000016,https://www.sec.gov/Archives/edgar/data/1075531/000107553123000016/bkng-20221231.htm,deterministic explicit-entity and relation-pattern extraction v2,unique_nasdaq100_match,public_at_sec_acceptance,candidate_review_required
c2f31f8710f79a0bf5a8813f6eefbc00317e0659a042c1185e4ea7c2ba5385b2,NASDAQ100:BKNG,NASDAQ100:AAPL,BKNG,AAPL,customer,"Some of our current and potential competitors, such as Google, Apple, Alibaba, Tencent, Amazon, Uber, and Meta, have significantly more customers or users, consumer data, and financial and other resources than we do, and may be able to leverage other aspects of their businesses (e.g., search or mobile device businesses) to compete more effectively with us.",10-K,2023-02-23,2023-02-23T22:20:46.000Z,0001075531-23-000016,bkng-20221231.htm,0.60,low,0.95,0.570000,0.172092,2023-02-23T22:20:46.000Z,,1,SEC EDGAR,0001075531-23-000016,https://www.sec.gov/Archives/edgar/data/1075531/000107553123000016/bkng-20221231.htm,deterministic explicit-entity and relation-pattern extraction v2,unique_nasdaq100_match,public_at_sec_acceptance,candidate_review_required
29c88559bc849785f47b2f3a81ff535a979300bb82fd88560b1ce1fa79b7d870,NASDAQ100:BKNG,NASDAQ100:AAPL,BKNG,AAPL,supplier,"We rely heavily on Google and Apple’s app stores to provide our mobile application to users, and each of Google and Apple have more experience developing mobile apps and access to greater resources than us.",10-K,2023-02-23,2023-02-23T22:20:46.000Z,0001075531-23-000016,bkng-20221231.htm,0.95,high,0.95,0.902500,0.272480,2023-02-23T22:20:46.000Z,,1,SEC EDGAR,0001075531-23-000016,https://www.sec.gov/Archives/edgar/data/1075531/000107553123000016/bkng-20221231.htm,deterministic explicit-entity and relation-pattern extraction v2,unique_nasdaq100_match,public_at_sec_acceptance,accepted
6bbfb616271b9f6cfef70e485ca33e390b414a8dc05eb55c49f20a8c34271ac3,NASDAQ100:BKNG,NASDAQ100:AAPL,BKNG,AAPL,customer,"Apple’s paying iCloud customers who update to current versions of iOS, iPadOS and OS X have access to iCloud+ Private Relay when using the Safari browser to hide such user's IP address from websites.",10-K,2023-02-23,2023-02-23T22:20:46.000Z,0001075531-23-000016,bkng-20221231.htm,0.60,low,0.95,0.570000,0.172092,2023-02-23T22:20:46.000Z,,1,SEC EDGAR,0001075531-23-000016,https://www.sec.gov/Archives/edgar/data/1075531/000107553123000016/bkng-20221231.htm,deterministic explicit-entity and relation-pattern extraction v2,unique_nasdaq100_match,public_at_sec_acceptance,candidate_review_required
3c492d8133c7a58d4032c66d54631ea2817f069322b644037f15c8a2869276b3,NASDAQ100:KHC,NASDAQ100:KDP,KHC,KDP,supplier,"Smucker CompanyPackaged CoffeeThe Kraft Heinz CompanyPackaged CoffeeNestlé S.A.NCBs, Packaged Coffee, Single-serve brewersPepsiCoCSDs, NCBs, RTD CoffeeAlthough these companies offer competing brands in categories we participate in, they are also our partners and customers, as they purchase beverage concentrates or K-Cup pods directly from us.OUR MATERIAL RESOURCES Our Raw MaterialsThe principal raw materials we use in our business, which we commonly refer to as ingredients and materials, represent approximately 55% of our cost of sales and include green coffee, PET bottles and caps, including both virgin and rPET, aluminum cans and ends, sweeteners, paper products, K-Cup pod packaging materials, fruit, glass bottles and enclosures, juices, teas, water, CO2, and other ingredients.",10-K,2023-02-23,2023-02-23T21:09:13.000Z,0001418135-23-000003,kdp-20221231.htm,0.60,low,0.95,0.570000,0.172092,2023-02-23T21:09:13.000Z,,1,SEC EDGAR,0001418135-23-000003,https://www.sec.gov/Archives/edgar/data/1418135/000141813523000003/kdp-20221231.htm,deterministic explicit-entity and relation-pattern extraction v2,unique_nasdaq100_match,public_at_sec_acceptance,candidate_review_required
df9a5287327f1c2d92522fe3b4175c88f7c24cdabb3b07608c16ad0eea664fcb,NASDAQ100:AAPL,NASDAQ100:MELI,AAPL,MELI,supplier,"We rely on third-party platforms, such as Google Play and Apple app stores, to access our Mercado Libre and Mercado Pago apps.Our Mercado Libre and Mercado Pago apps are accessed through third-party platforms, such as Google and Apple’s app stores.",10-K,2023-02-24,2023-02-24T21:02:21.000Z,0001099590-23-000007,meli-20221231.htm,0.96,high,0.95,0.912000,0.276410,2023-02-24T21:02:21.000Z,,1,SEC EDGAR,0001099590-23-000007,https://www.sec.gov/Archives/edgar/data/1099590/000109959023000007/meli-20221231.htm,deterministic explicit-entity and relation-pattern extraction v2,unique_nasdaq100_match,public_at_sec_acceptance,accepted
15326a6c0e72e4ac60188dd46d328138ef04b354f281523dd95bbaaf0f15357b,NASDAQ100:AAPL,NASDAQ100:MELI,AAPL,MELI,supplier,Apple and Google’s terms and conditions for in-app purchases of digital goods may cause friction with Mercado Libre’s initiatives for its loyalty program as well as other new projects involving the sale of digital goods.,10-K,2023-02-24,2023-02-24T21:02:21.000Z,0001099590-23-000007,meli-20221231.htm,0.60,low,0.95,0.570000,0.172756,2023-02-24T21:02:21.000Z,,1,SEC EDGAR,0001099590-23-000007,https://www.sec.gov/Archives/edgar/data/1099590/000109959023000007/meli-20221231.htm,deterministic explicit-entity and relation-pattern extraction v2,unique_nasdaq100_match,public_at_sec_acceptance,candidate_review_required
8c01a74142f0da8d63dead31271415d855c0925bd7538c0b6f62c45b078c670d,NASDAQ100:AMD,NASDAQ100:FTNT,AMD,FTNT,supplier,"Some of the components important to our business, including certain CPUs from Intel Corporation (“Intel”) and Advanced Micro Devices, Inc. (“AMD”), network and wireless chips from Broadcom Inc. (“Broadcom”), Marvell Technology 9Table of ContentsGroup Ltd. (“Marvell”), Qualcomm Incorporated (“Qualcomm”) and Intel and memory devices from Intel, Micron Technology (“Micron”), ADATA Technology Co., Ltd. (“ADATA”), Toshiba Corporation (“Toshiba”), Samsung Electronics Co., Ltd. (“Samsung”), and Western Digital Technologies, Inc. (“Western Digital”), are available from limited or sole sources of supply.We have no long-term contracts related to the manufacturing of our ASICs or other components that guarantee any capacity or pricing terms.Research and DevelopmentWe focus our research and development efforts on developing new hardware and software products and services, and adding new features to existing products and services.",10-K,2023-02-24,2023-02-24T02:22:11.000Z,0001262039-23-000010,ftnt-20221231.htm,0.60,low,0.95,0.570000,0.172756,2023-02-24T02:22:11.000Z,,1,SEC EDGAR,0001262039-23-000010,https://www.sec.gov/Archives/edgar/data/1262039/000126203923000010/ftnt-20221231.htm,deterministic explicit-entity and relation-pattern extraction v2,unique_nasdaq100_match,public_at_sec_acceptance,candidate_review_required
a32eb716ff4578d648abe22312eb04c109982be811853376ae3a338341973d0d,NASDAQ100:AVGO,NASDAQ100:FTNT,AVGO,FTNT,supplier,"Some of the components important to our business, including certain CPUs from Intel Corporation (“Intel”) and Advanced Micro Devices, Inc. (“AMD”), network and wireless chips from Broadcom Inc. (“Broadcom”), Marvell Technology 9Table of ContentsGroup Ltd. (“Marvell”), Qualcomm Incorporated (“Qualcomm”) and Intel and memory devices from Intel, Micron Technology (“Micron”), ADATA Technology Co., Ltd. (“ADATA”), Toshiba Corporation (“Toshiba”), Samsung Electronics Co., Ltd. (“Samsung”), and Western Digital Technologies, Inc. (“Western Digital”), are available from limited or sole sources of supply.We have no long-term contracts related to the manufacturing of our ASICs or other components that guarantee any capacity or pricing terms.Research and DevelopmentWe focus our research and development efforts on developing new hardware and software products and services, and adding new features to existing products and services.",10-K,2023-02-24,2023-02-24T02:22:11.000Z,0001262039-23-000010,ftnt-20221231.htm,0.60,low,0.95,0.570000,0.172756,2023-02-24T02:22:11.000Z,,1,SEC EDGAR,0001262039-23-000010,https://www.sec.gov/Archives/edgar/data/1262039/000126203923000010/ftnt-20221231.htm,deterministic explicit-entity and relation-pattern extraction v2,unique_nasdaq100_match,public_at_sec_acceptance,candidate_review_required
19c2d173a30c08b837f3b19d52cf3c7ee8a1bc0be44f2289bbd04a28a40cb1cf,NASDAQ100:AVGO,NASDAQ100:FTNT,AVGO,FTNT,supplier,"Our limited source components for particular appliances and suppliers of those components include specific types of CPUs from Intel and AMD, network and wireless chips from Broadcom, Marvell, Qualcomm and Intel, and memory devices from Intel, Micron, ADATA, Toshiba, Samsung and Western Digital.",10-K,2023-02-24,2023-02-24T02:22:11.000Z,0001262039-23-000010,ftnt-20221231.htm,0.60,low,0.95,0.570000,0.172756,2023-02-24T02:22:11.000Z,,1,SEC EDGAR,0001262039-23-000010,https://www.sec.gov/Archives/edgar/data/1262039/000126203923000010/ftnt-20221231.htm,deterministic explicit-entity and relation-pattern extraction v2,unique_nasdaq100_match,public_at_sec_acceptance,candidate_review_required
344c1cc432efecec58e295a45f9c9dd33c96a45478813a4ff4119e728916bdc3,NASDAQ100:CDW,NASDAQ100:AAPL,CDW,AAPL,customer,"We believe this diversity of customer end-markets provides us with multiple avenues for growth and has been a key factor in our ability to weather economic and technology cycles and continue to gain market share.PartnersWe provide more than 100,000 products and services from more than 1,000 partners, including well-established companies such as Adobe, APC, Apple, Cisco, Dell EMC, Google, Hewlett Packard Enterprise, HP Inc., IBM, Intel, Lenovo, Microsoft, NetApp, Nutanix, Palo Alto Networks, Poly, Pure Storage, Samsung, and VMware, as well as from emerging technology companies to expand our portfolio.",10-K,2023-02-24,2023-02-24T21:30:45.000Z,0001402057-23-000052,cdw-20221231.htm,0.60,low,0.95,0.570000,0.172756,2023-02-24T21:30:45.000Z,,1,SEC EDGAR,0001402057-23-000052,https://www.sec.gov/Archives/edgar/data/1402057/000140205723000052/cdw-20221231.htm,deterministic explicit-entity and relation-pattern extraction v2,unique_nasdaq100_match,public_at_sec_acceptance,candidate_review_required
3d38af210a828e5035b82adcf8434465eadee3930e91fbc1b61d777b7f005e1d,NASDAQ100:CDW,NASDAQ100:MSFT,CDW,MSFT,customer,"We believe this diversity of customer end-markets provides us with multiple avenues for growth and has been a key factor in our ability to weather economic and technology cycles and continue to gain market share.PartnersWe provide more than 100,000 products and services from more than 1,000 partners, including well-established companies such as Adobe, APC, Apple, Cisco, Dell EMC, Google, Hewlett Packard Enterprise, HP Inc., IBM, Intel, Lenovo, Microsoft, NetApp, Nutanix, Palo Alto Networks, Poly, Pure Storage, Samsung, and VMware, as well as from emerging technology companies to expand our portfolio.",10-K,2023-02-24,2023-02-24T21:30:45.000Z,0001402057-23-000052,cdw-20221231.htm,0.60,low,0.95,0.570000,0.172756,2023-02-24T21:30:45.000Z,,1,SEC EDGAR,0001402057-23-000052,https://www.sec.gov/Archives/edgar/data/1402057/000140205723000052/cdw-20221231.htm,deterministic explicit-entity and relation-pattern extraction v2,unique_nasdaq100_match,public_at_sec_acceptance,candidate_review_required
5d05afc39c0fca89bfe3b08943510c003797a1cb649776934cab33c40283a171,NASDAQ100:CDW,NASDAQ100:PANW,CDW,PANW,customer,"We believe this diversity of customer end-markets provides us with multiple avenues for growth and has been a key factor in our ability to weather economic and technology cycles and continue to gain market share.PartnersWe provide more than 100,000 products and services from more than 1,000 partners, including well-established companies such as Adobe, APC, Apple, Cisco, Dell EMC, Google, Hewlett Packard Enterprise, HP Inc., IBM, Intel, Lenovo, Microsoft, NetApp, Nutanix, Palo Alto Networks, Poly, Pure Storage, Samsung, and VMware, as well as from emerging technology companies to expand our portfolio.",10-K,2023-02-24,2023-02-24T21:30:45.000Z,0001402057-23-000052,cdw-20221231.htm,0.60,low,0.95,0.570000,0.172756,2023-02-24T21:30:45.000Z,,1,SEC EDGAR,0001402057-23-000052,https://www.sec.gov/Archives/edgar/data/1402057/000140205723000052/cdw-20221231.htm,deterministic explicit-entity and relation-pattern extraction v2,unique_nasdaq100_match,public_at_sec_acceptance,candidate_review_required
0e0e8de3e1ed2d551024a84226475183b3aa19143e0686a1bf53663d3476958d,NASDAQ100:DDOG,NASDAQ100:CSCO,DDOG,CSCO,customer,"We compete on the basis of a number of factors, including:•ability to provide unified, real-time observability of IT environments;•ability to operate in dynamic and elastic environments;•extensibility across the enterprise, including development, operations and business users;•propensity to enable collaboration between development, operations and business users;•ability to monitor any combination of public clouds, private clouds, on-premise and multi-cloud hybrids;•ability to provide advanced analytics and machine learning;10•ease of deployment, implementation and use;•breadth of offering and key technology integrations;•performance, security, scalability and reliability;•quality of service and customer satisfaction;•total cost of ownership; and•brand recognition and reputation.Our unified platform combines functionality from numerous traditional product categories, and hence we compete in each of these categories with different vendors:•With respect to on-premise infrastructure monitoring, we compete with diversified technology companies and systems management vendors including IBM, Microsoft Corporation, and SolarWinds Corporation.•With respect to APM, we compete with Cisco Systems, Inc., New Relic, Inc. and Dynatrace Software Inc.•With respect to Log Management, we compete with Splunk Inc. and Elastic N.V.•With respect to Cloud monitoring, we compete with native solutions from cloud providers such as Amazon Web Services, or AWS, Microsoft Azure, and Google Cloud Platform, or GCP.Additionally, we compete with home-grown and open-source technologies across the categories described above.",10-K,2023-02-24,2023-02-24T21:11:43.000Z,0001561550-23-000006,ddog-20221231.htm,0.60,low,0.95,0.570000,0.172756,2023-02-24T21:11:43.000Z,,1,SEC EDGAR,0001561550-23-000006,https://www.sec.gov/Archives/edgar/data/1561550/000156155023000006/ddog-20221231.htm,deterministic explicit-entity and relation-pattern extraction v2,unique_nasdaq100_match,public_at_sec_acceptance,candidate_review_required
2637b9d43bf167db69c48715efb060cf02c95dfac004a49964a9222a57ffd03b,NASDAQ100:DDOG,NASDAQ100:MSFT,DDOG,MSFT,customer,"We compete on the basis of a number of factors, including:•ability to provide unified, real-time observability of IT environments;•ability to operate in dynamic and elastic environments;•extensibility across the enterprise, including development, operations and business users;•propensity to enable collaboration between development, operations and business users;•ability to monitor any combination of public clouds, private clouds, on-premise and multi-cloud hybrids;•ability to provide advanced analytics and machine learning;10•ease of deployment, implementation and use;•breadth of offering and key technology integrations;•performance, security, scalability and reliability;•quality of service and customer satisfaction;•total cost of ownership; and•brand recognition and reputation.Our unified platform combines functionality from numerous traditional product categories, and hence we compete in each of these categories with different vendors:•With respect to on-premise infrastructure monitoring, we compete with diversified technology companies and systems management vendors including IBM, Microsoft Corporation, and SolarWinds Corporation.•With respect to APM, we compete with Cisco Systems, Inc., New Relic, Inc. and Dynatrace Software Inc.•With respect to Log Management, we compete with Splunk Inc. and Elastic N.V.•With respect to Cloud monitoring, we compete with native solutions from cloud providers such as Amazon Web Services, or AWS, Microsoft Azure, and Google Cloud Platform, or GCP.Additionally, we compete with home-grown and open-source technologies across the categories described above.",10-K,2023-02-24,2023-02-24T21:11:43.000Z,0001561550-23-000006,ddog-20221231.htm,0.60,low,0.95,0.570000,0.172756,2023-02-24T21:11:43.000Z,,1,SEC EDGAR,0001561550-23-000006,https://www.sec.gov/Archives/edgar/data/1561550/000156155023000006/ddog-20221231.htm,deterministic explicit-entity and relation-pattern extraction v2,unique_nasdaq100_match,public_at_sec_acceptance,candidate_review_required
f771a228c35ab8b87974c13ee5475e4dadd1a7e9a7851644a6f21e914e642712,NASDAQ100:DDOG,NASDAQ100:SPLK,DDOG,SPLK,customer,"We compete on the basis of a number of factors, including:•ability to provide unified, real-time observability of IT environments;•ability to operate in dynamic and elastic environments;•extensibility across the enterprise, including development, operations and business users;•propensity to enable collaboration between development, operations and business users;•ability to monitor any combination of public clouds, private clouds, on-premise and multi-cloud hybrids;•ability to provide advanced analytics and machine learning;10•ease of deployment, implementation and use;•breadth of offering and key technology integrations;•performance, security, scalability and reliability;•quality of service and customer satisfaction;•total cost of ownership; and•brand recognition and reputation.Our unified platform combines functionality from numerous traditional product categories, and hence we compete in each of these categories with different vendors:•With respect to on-premise infrastructure monitoring, we compete with diversified technology companies and systems management vendors including IBM, Microsoft Corporation, and SolarWinds Corporation.•With respect to APM, we compete with Cisco Systems, Inc., New Relic, Inc. and Dynatrace Software Inc.•With respect to Log Management, we compete with Splunk Inc. and Elastic N.V.•With respect to Cloud monitoring, we compete with native solutions from cloud providers such as Amazon Web Services, or AWS, Microsoft Azure, and Google Cloud Platform, or GCP.Additionally, we compete with home-grown and open-source technologies across the categories described above.",10-K,2023-02-24,2023-02-24T21:11:43.000Z,0001561550-23-000006,ddog-20221231.htm,0.60,low,0.95,0.570000,0.172756,2023-02-24T21:11:43.000Z,,1,SEC EDGAR,0001561550-23-000006,https://www.sec.gov/Archives/edgar/data/1561550/000156155023000006/ddog-20221231.htm,deterministic explicit-entity and relation-pattern extraction v2,unique_nasdaq100_match,public_at_sec_acceptance,candidate_review_required
6ef05981a9e920e13f2b60f7e521c30e7ba42df2630214870121b8df5c41b925,NASDAQ100:FTNT,NASDAQ100:CRWD,FTNT,CRWD,customer,"The principal competitive factors in our markets include: •product security performance, throughput, features, effectiveness, interoperability and reliability;•addition and integration of new networking and security features and technological expertise;•compliance with industry standards and certifications;•price of products and services and total cost of ownership;•brand recognition;•customer service and support across varied and complex customer segments and use cases;•sales and distribution capabilities;•size and financial stability;•breadth of product line;•form factor of the solution; and•other competitive differentiators.Among others, our competitors include Arista Networks, Inc.(“Arista”), Aruba Networks, Inc.(“Aruba”), Barracuda Networks, Inc. (“Barracuda”), Check Point Software Technologies Ltd. (“Check Point”), Cisco Systems, Inc. (“Cisco”), CrowdStrike Holdings, Inc. (“CrowdStrike”), F5 Networks, Inc. (“F5 Networks”), Huawei Technologies Co., Ltd. (“Huawei”), Juniper Networks, Inc. (“Juniper”), Palo Alto Networks, Inc. (“Palo Alto Networks”), SonicWALL, Inc. (“SonicWALL”), Sophos Group Plc (“Sophos”), Trend Micro Incorporated (“Trend Micro”), VMware, Inc. (“VMware”) and Zscaler, Inc. (“Zscaler”).We believe we compete favorably based on our products’ security performance, throughput, reliability, breadth and ability to work together, our ability to add and integrate new networking and security features and our technological expertise.",10-K,2023-02-24,2023-02-24T02:22:11.000Z,0001262039-23-000010,ftnt-20221231.htm,0.60,low,0.95,0.570000,0.172756,2023-02-24T02:22:11.000Z,,1,SEC EDGAR,0001262039-23-000010,https://www.sec.gov/Archives/edgar/data/1262039/000126203923000010/ftnt-20221231.htm,deterministic explicit-entity and relation-pattern extraction v2,unique_nasdaq100_match,public_at_sec_acceptance,candidate_review_required
67ab43e2d17868fa7a1e631dfeb09930546bd639d7f2f8b9808310b7d9130e12,NASDAQ100:FTNT,NASDAQ100:CSCO,FTNT,CSCO,customer,"The principal competitive factors in our markets include: •product security performance, throughput, features, effectiveness, interoperability and reliability;•addition and integration of new networking and security features and technological expertise;•compliance with industry standards and certifications;•price of products and services and total cost of ownership;•brand recognition;•customer service and support across varied and complex customer segments and use cases;•sales and distribution capabilities;•size and financial stability;•breadth of product line;•form factor of the solution; and•other competitive differentiators.Among others, our competitors include Arista Networks, Inc.(“Arista”), Aruba Networks, Inc.(“Aruba”), Barracuda Networks, Inc. (“Barracuda”), Check Point Software Technologies Ltd. (“Check Point”), Cisco Systems, Inc. (“Cisco”), CrowdStrike Holdings, Inc. (“CrowdStrike”), F5 Networks, Inc. (“F5 Networks”), Huawei Technologies Co., Ltd. (“Huawei”), Juniper Networks, Inc. (“Juniper”), Palo Alto Networks, Inc. (“Palo Alto Networks”), SonicWALL, Inc. (“SonicWALL”), Sophos Group Plc (“Sophos”), Trend Micro Incorporated (“Trend Micro”), VMware, Inc. (“VMware”) and Zscaler, Inc. (“Zscaler”).We believe we compete favorably based on our products’ security performance, throughput, reliability, breadth and ability to work together, our ability to add and integrate new networking and security features and our technological expertise.",10-K,2023-02-24,2023-02-24T02:22:11.000Z,0001262039-23-000010,ftnt-20221231.htm,0.60,low,0.95,0.570000,0.172756,2023-02-24T02:22:11.000Z,,1,SEC EDGAR,0001262039-23-000010,https://www.sec.gov/Archives/edgar/data/1262039/000126203923000010/ftnt-20221231.htm,deterministic explicit-entity and relation-pattern extraction v2,unique_nasdaq100_match,public_at_sec_acceptance,candidate_review_required
01ac183e8e2ea88186f9e5f96ffff45fa8645674700c063b237d52a1d3715e7c,NASDAQ100:FTNT,NASDAQ100:MSFT,FTNT,MSFT,customer,"Customers may also access our products via the cloud through certain cloud providers such as Amazon Web Services, Google Cloud, IBM Cloud, Microsoft Azure and Oracle Cloud.",10-K,2023-02-24,2023-02-24T02:22:11.000Z,0001262039-23-000010,ftnt-20221231.htm,0.60,low,0.95,0.570000,0.172756,2023-02-24T02:22:11.000Z,,1,SEC EDGAR,0001262039-23-000010,https://www.sec.gov/Archives/edgar/data/1262039/000126203923000010/ftnt-20221231.htm,deterministic explicit-entity and relation-pattern extraction v2,unique_nasdaq100_match,public_at_sec_acceptance,candidate_review_required
1413042ba51829bc5389fbd4784877a4b2baf79d5f906a750de2b6f4c9ea7027,NASDAQ100:FTNT,NASDAQ100:PANW,FTNT,PANW,customer,"The principal competitive factors in our markets include: •product security performance, throughput, features, effectiveness, interoperability and reliability;•addition and integration of new networking and security features and technological expertise;•compliance with industry standards and certifications;•price of products and services and total cost of ownership;•brand recognition;•customer service and support across varied and complex customer segments and use cases;•sales and distribution capabilities;•size and financial stability;•breadth of product line;•form factor of the solution; and•other competitive differentiators.Among others, our competitors include Arista Networks, Inc.(“Arista”), Aruba Networks, Inc.(“Aruba”), Barracuda Networks, Inc. (“Barracuda”), Check Point Software Technologies Ltd. (“Check Point”), Cisco Systems, Inc. (“Cisco”), CrowdStrike Holdings, Inc. (“CrowdStrike”), F5 Networks, Inc. (“F5 Networks”), Huawei Technologies Co., Ltd. (“Huawei”), Juniper Networks, Inc. (“Juniper”), Palo Alto Networks, Inc. (“Palo Alto Networks”), SonicWALL, Inc. (“SonicWALL”), Sophos Group Plc (“Sophos”), Trend Micro Incorporated (“Trend Micro”), VMware, Inc. (“VMware”) and Zscaler, Inc. (“Zscaler”).We believe we compete favorably based on our products’ security performance, throughput, reliability, breadth and ability to work together, our ability to add and integrate new networking and security features and our technological expertise.",10-K,2023-02-24,2023-02-24T02:22:11.000Z,0001262039-23-000010,ftnt-20221231.htm,0.60,low,0.95,0.570000,0.172756,2023-02-24T02:22:11.000Z,,1,SEC EDGAR,0001262039-23-000010,https://www.sec.gov/Archives/edgar/data/1262039/000126203923000010/ftnt-20221231.htm,deterministic explicit-entity and relation-pattern extraction v2,unique_nasdaq100_match,public_at_sec_acceptance,candidate_review_required
52548268ee614f55b0ad3e7c05a854d539601a459623997e32b48ba37e22f631,NASDAQ100:FTNT,NASDAQ100:ZS,FTNT,ZS,customer,"The principal competitive factors in our markets include: •product security performance, throughput, features, effectiveness, interoperability and reliability;•addition and integration of new networking and security features and technological expertise;•compliance with industry standards and certifications;•price of products and services and total cost of ownership;•brand recognition;•customer service and support across varied and complex customer segments and use cases;•sales and distribution capabilities;•size and financial stability;•breadth of product line;•form factor of the solution; and•other competitive differentiators.Among others, our competitors include Arista Networks, Inc.(“Arista”), Aruba Networks, Inc.(“Aruba”), Barracuda Networks, Inc. (“Barracuda”), Check Point Software Technologies Ltd. (“Check Point”), Cisco Systems, Inc. (“Cisco”), CrowdStrike Holdings, Inc. (“CrowdStrike”), F5 Networks, Inc. (“F5 Networks”), Huawei Technologies Co., Ltd. (“Huawei”), Juniper Networks, Inc. (“Juniper”), Palo Alto Networks, Inc. (“Palo Alto Networks”), SonicWALL, Inc. (“SonicWALL”), Sophos Group Plc (“Sophos”), Trend Micro Incorporated (“Trend Micro”), VMware, Inc. (“VMware”) and Zscaler, Inc. (“Zscaler”).We believe we compete favorably based on our products’ security performance, throughput, reliability, breadth and ability to work together, our ability to add and integrate new networking and security features and our technological expertise.",10-K,2023-02-24,2023-02-24T02:22:11.000Z,0001262039-23-000010,ftnt-20221231.htm,0.60,low,0.95,0.570000,0.172756,2023-02-24T02:22:11.000Z,,1,SEC EDGAR,0001262039-23-000010,https://www.sec.gov/Archives/edgar/data/1262039/000126203923000010/ftnt-20221231.htm,deterministic explicit-entity and relation-pattern extraction v2,unique_nasdaq100_match,public_at_sec_acceptance,candidate_review_required
d830dca5674579d45d8d6239818827fbb6a39a37d2f7a5154e625706b0b98f17,NASDAQ100:MRNA,NASDAQ100:AZN,MRNA,AZN,strategic_partner,"Collaboration AgreementsAstraZeneca – Strategic Alliances in Cardiovascular and OncologyIn March 2013, we entered into an Option Agreement, the AZ Option Agreement, and a related Services and Collaboration Agreement (2013 AZ Agreements), the AZ Services Agreement, with AstraZeneca, which were amended and restated in June 2018 (2018 A&R Agreements).",10-K,2023-02-24,2023-02-24T21:03:35.000Z,0001682852-23-000011,mrna-20221231.htm,0.82,medium,0.95,0.779000,0.236101,2023-02-24T21:03:35.000Z,,0,SEC EDGAR,0001682852-23-000011,https://www.sec.gov/Archives/edgar/data/1682852/000168285223000011/mrna-20221231.htm,deterministic explicit-entity and relation-pattern extraction v2,unique_nasdaq100_match,public_at_sec_acceptance,accepted
3e1fc6adec2d4f4828378474717474d870412754180e1e981b9d1dda712f5ab3,NASDAQ100:MRVL,NASDAQ100:FTNT,MRVL,FTNT,supplier,"Some of the components important to our business, including certain CPUs from Intel Corporation (“Intel”) and Advanced Micro Devices, Inc. (“AMD”), network and wireless chips from Broadcom Inc. (“Broadcom”), Marvell Technology 9Table of ContentsGroup Ltd. (“Marvell”), Qualcomm Incorporated (“Qualcomm”) and Intel and memory devices from Intel, Micron Technology (“Micron”), ADATA Technology Co., Ltd. (“ADATA”), Toshiba Corporation (“Toshiba”), Samsung Electronics Co., Ltd. (“Samsung”), and Western Digital Technologies, Inc. (“Western Digital”), are available from limited or sole sources of supply.We have no long-term contracts related to the manufacturing of our ASICs or other components that guarantee any capacity or pricing terms.Research and DevelopmentWe focus our research and development efforts on developing new hardware and software products and services, and adding new features to existing products and services.",10-K,2023-02-24,2023-02-24T02:22:11.000Z,0001262039-23-000010,ftnt-20221231.htm,0.60,low,0.95,0.570000,0.172756,2023-02-24T02:22:11.000Z,,1,SEC EDGAR,0001262039-23-000010,https://www.sec.gov/Archives/edgar/data/1262039/000126203923000010/ftnt-20221231.htm,deterministic explicit-entity and relation-pattern extraction v2,unique_nasdaq100_match,public_at_sec_acceptance,candidate_review_required
532ba52ebd7d481daabf0c36138c1131688c224883384a5cd26649c287eabd3c,NASDAQ100:MSFT,NASDAQ100:CDW,MSFT,CDW,supplier,"We have received the highest level of certification from major vendor partners such as Cisco, Dell EMC, Hewlett Packard Enterprise, IBM, Microsoft, NetApp, Nutanix, Palo Alto Networks, Samsung, and VMware which reflects the extensive product and solution knowledge and capabilities that we bring to our customers’ IT challenges.",10-K,2023-02-24,2023-02-24T21:30:45.000Z,0001402057-23-000052,cdw-20221231.htm,0.60,low,0.95,0.570000,0.172756,2023-02-24T21:30:45.000Z,,1,SEC EDGAR,0001402057-23-000052,https://www.sec.gov/Archives/edgar/data/1402057/000140205723000052/cdw-20221231.htm,deterministic explicit-entity and relation-pattern extraction v2,unique_nasdaq100_match,public_at_sec_acceptance,candidate_review_required
4758d928d3518aecb7e1b815c4ca5861994ebba07d589d63c2ead8ca865b1ee2,NASDAQ100:MSFT,NASDAQ100:DDOG,MSFT,DDOG,supplier,"With respect to on-premise infrastructure monitoring, we compete with diversified technology companies and systems management vendors including IBM, Microsoft Corporation, and SolarWinds Corporation.",10-K,2023-02-24,2023-02-24T21:11:43.000Z,0001561550-23-000006,ddog-20221231.htm,0.60,low,0.95,0.570000,0.172756,2023-02-24T21:11:43.000Z,,1,SEC EDGAR,0001561550-23-000006,https://www.sec.gov/Archives/edgar/data/1561550/000156155023000006/ddog-20221231.htm,deterministic explicit-entity and relation-pattern extraction v2,unique_nasdaq100_match,public_at_sec_acceptance,candidate_review_required
87b4ed337d7f7e84fe46043f29b6283fa98d3777494007c945bf41a7205b3951,NASDAQ100:MSFT,NASDAQ100:NVDA,MSFT,NVDA,supplier,"Under our agreement with Microsoft for the Xbox, if someone makes an offer to purchase at least 30% of our outstanding common stock, Microsoft may have first and last rights of refusal to purchase the stock.",10-K,2023-02-24,2023-02-24T22:23:43.000Z,0001045810-23-000017,nvda-20230129.htm,0.60,low,0.95,0.570000,0.172756,2023-02-24T22:23:43.000Z,,1,SEC EDGAR,0001045810-23-000017,https://www.sec.gov/Archives/edgar/data/1045810/000104581023000017/nvda-20230129.htm,deterministic explicit-entity and relation-pattern extraction v2,unique_nasdaq100_match,public_at_sec_acceptance,candidate_review_required
42e870a4e32351d5a8fb4661d2d84c905214b963c33703e32d14dd37e428b66f,NASDAQ100:MU,NASDAQ100:FTNT,MU,FTNT,supplier,"Some of the components important to our business, including certain CPUs from Intel Corporation (“Intel”) and Advanced Micro Devices, Inc. (“AMD”), network and wireless chips from Broadcom Inc. (“Broadcom”), Marvell Technology 9Table of ContentsGroup Ltd. (“Marvell”), Qualcomm Incorporated (“Qualcomm”) and Intel and memory devices from Intel, Micron Technology (“Micron”), ADATA Technology Co., Ltd. (“ADATA”), Toshiba Corporation (“Toshiba”), Samsung Electronics Co., Ltd. (“Samsung”), and Western Digital Technologies, Inc. (“Western Digital”), are available from limited or sole sources of supply.We have no long-term contracts related to the manufacturing of our ASICs or other components that guarantee any capacity or pricing terms.Research and DevelopmentWe focus our research and development efforts on developing new hardware and software products and services, and adding new features to existing products and services.",10-K,2023-02-24,2023-02-24T02:22:11.000Z,0001262039-23-000010,ftnt-20221231.htm,0.60,low,0.95,0.570000,0.172756,2023-02-24T02:22:11.000Z,,1,SEC EDGAR,0001262039-23-000010,https://www.sec.gov/Archives/edgar/data/1262039/000126203923000010/ftnt-20221231.htm,deterministic explicit-entity and relation-pattern extraction v2,unique_nasdaq100_match,public_at_sec_acceptance,candidate_review_required
947c0ed2db10103abc5a261100af32281b15897af38bcd2970a997cfcdf19438,NASDAQ100:NVDA,NASDAQ100:AMD,NVDA,AMD,supplier,"We expect an increasingly competitive environment in the future.Our current competitors include:•suppliers and licensors of hardware and software for discrete and integrated GPUs, custom chips and other accelerated computing solutions, including solutions offered for AI, such as Advanced Micro Devices, Inc., or AMD, and Intel Corporation, or Intel; •large cloud services companies with internal teams designing chips and software that incorporate accelerated or AI computing functionality as part of their internal solutions or platforms, such as Alibaba Group, Alphabet Inc., Amazon, Inc., and Baidu, Inc.;•suppliers of Arm-based CPUs and companies that incorporate CPUs as part of their internal solutions or platforms;10Table of Contents•suppliers of SoC products that are used in servers or embedded into automobiles, autonomous machines, and gaming devices, such as Ambarella, Inc., AMD, Broadcom Inc., or Broadcom, Intel, Qualcomm Incorporated, Renesas Electronics Corporation, and Samsung, or companies with internal teams designing SoC products for internal use, such as Tesla, Inc.; and•suppliers of interconnect, switch cable solutions, and DPUs such as AMD, Applied Optoelectronics, Inc., Arista Networks, Broadcom, Cisco Systems, Inc., or Cisco, Hewlett Packard Enterprise Company, Intel, Juniper Networks, Inc., Lumentum Holdings, and Marvell Technology Group, as well as internal teams of system vendors and large cloud services companies.",10-K,2023-02-24,2023-02-24T22:23:43.000Z,0001045810-23-000017,nvda-20230129.htm,0.60,low,0.95,0.570000,0.172756,2023-02-24T22:23:43.000Z,,1,SEC EDGAR,0001045810-23-000017,https://www.sec.gov/Archives/edgar/data/1045810/000104581023000017/nvda-20230129.htm,deterministic explicit-entity and relation-pattern extraction v2,unique_nasdaq100_match,public_at_sec_acceptance,candidate_review_required
fa0f5ef61a4d58224133ec9b40ef9a87eff95f3ad246a11f3b3aedad9fb5a658,NASDAQ100:NVDA,NASDAQ100:AVGO,NVDA,AVGO,supplier,"We expect an increasingly competitive environment in the future.Our current competitors include:•suppliers and licensors of hardware and software for discrete and integrated GPUs, custom chips and other accelerated computing solutions, including solutions offered for AI, such as Advanced Micro Devices, Inc., or AMD, and Intel Corporation, or Intel; •large cloud services companies with internal teams designing chips and software that incorporate accelerated or AI computing functionality as part of their internal solutions or platforms, such as Alibaba Group, Alphabet Inc., Amazon, Inc., and Baidu, Inc.;•suppliers of Arm-based CPUs and companies that incorporate CPUs as part of their internal solutions or platforms;10Table of Contents•suppliers of SoC products that are used in servers or embedded into automobiles, autonomous machines, and gaming devices, such as Ambarella, Inc., AMD, Broadcom Inc., or Broadcom, Intel, Qualcomm Incorporated, Renesas Electronics Corporation, and Samsung, or companies with internal teams designing SoC products for internal use, such as Tesla, Inc.; and•suppliers of interconnect, switch cable solutions, and DPUs such as AMD, Applied Optoelectronics, Inc., Arista Networks, Broadcom, Cisco Systems, Inc., or Cisco, Hewlett Packard Enterprise Company, Intel, Juniper Networks, Inc., Lumentum Holdings, and Marvell Technology Group, as well as internal teams of system vendors and large cloud services companies.",10-K,2023-02-24,2023-02-24T22:23:43.000Z,0001045810-23-000017,nvda-20230129.htm,0.60,low,0.95,0.570000,0.172756,2023-02-24T22:23:43.000Z,,1,SEC EDGAR,0001045810-23-000017,https://www.sec.gov/Archives/edgar/data/1045810/000104581023000017/nvda-20230129.htm,deterministic explicit-entity and relation-pattern extraction v2,unique_nasdaq100_match,public_at_sec_acceptance,candidate_review_required
db0ed9fbff68084dd9144071632a9a5a16179d864b19b4da65f96a695a9ddc31,NASDAQ100:NVDA,NASDAQ100:CSCO,NVDA,CSCO,supplier,"We expect an increasingly competitive environment in the future.Our current competitors include:•suppliers and licensors of hardware and software for discrete and integrated GPUs, custom chips and other accelerated computing solutions, including solutions offered for AI, such as Advanced Micro Devices, Inc., or AMD, and Intel Corporation, or Intel; •large cloud services companies with internal teams designing chips and software that incorporate accelerated or AI computing functionality as part of their internal solutions or platforms, such as Alibaba Group, Alphabet Inc., Amazon, Inc., and Baidu, Inc.;•suppliers of Arm-based CPUs and companies that incorporate CPUs as part of their internal solutions or platforms;10Table of Contents•suppliers of SoC products that are used in servers or embedded into automobiles, autonomous machines, and gaming devices, such as Ambarella, Inc., AMD, Broadcom Inc., or Broadcom, Intel, Qualcomm Incorporated, Renesas Electronics Corporation, and Samsung, or companies with internal teams designing SoC products for internal use, such as Tesla, Inc.; and•suppliers of interconnect, switch cable solutions, and DPUs such as AMD, Applied Optoelectronics, Inc., Arista Networks, Broadcom, Cisco Systems, Inc., or Cisco, Hewlett Packard Enterprise Company, Intel, Juniper Networks, Inc., Lumentum Holdings, and Marvell Technology Group, as well as internal teams of system vendors and large cloud services companies.",10-K,2023-02-24,2023-02-24T22:23:43.000Z,0001045810-23-000017,nvda-20230129.htm,0.60,low,0.95,0.570000,0.172756,2023-02-24T22:23:43.000Z,,1,SEC EDGAR,0001045810-23-000017,https://www.sec.gov/Archives/edgar/data/1045810/000104581023000017/nvda-20230129.htm,deterministic explicit-entity and relation-pattern extraction v2,unique_nasdaq100_match,public_at_sec_acceptance,candidate_review_required
391036f02eaafa5a326cb044e48c1f13323e899d12379239f8c407741e819fff,NASDAQ100:NVDA,NASDAQ100:GOOG,NVDA,GOOG,supplier,"We expect an increasingly competitive environment in the future.Our current competitors include:•suppliers and licensors of hardware and software for discrete and integrated GPUs, custom chips and other accelerated computing solutions, including solutions offered for AI, such as Advanced Micro Devices, Inc., or AMD, and Intel Corporation, or Intel; •large cloud services companies with internal teams designing chips and software that incorporate accelerated or AI computing functionality as part of their internal solutions or platforms, such as Alibaba Group, Alphabet Inc., Amazon, Inc., and Baidu, Inc.;•suppliers of Arm-based CPUs and companies that incorporate CPUs as part of their internal solutions or platforms;10Table of Contents•suppliers of SoC products that are used in servers or embedded into automobiles, autonomous machines, and gaming devices, such as Ambarella, Inc., AMD, Broadcom Inc., or Broadcom, Intel, Qualcomm Incorporated, Renesas Electronics Corporation, and Samsung, or companies with internal teams designing SoC products for internal use, such as Tesla, Inc.; and•suppliers of interconnect, switch cable solutions, and DPUs such as AMD, Applied Optoelectronics, Inc., Arista Networks, Broadcom, Cisco Systems, Inc., or Cisco, Hewlett Packard Enterprise Company, Intel, Juniper Networks, Inc., Lumentum Holdings, and Marvell Technology Group, as well as internal teams of system vendors and large cloud services companies.",10-K,2023-02-24,2023-02-24T22:23:43.000Z,0001045810-23-000017,nvda-20230129.htm,0.60,low,0.95,0.570000,0.172756,2023-02-24T22:23:43.000Z,,1,SEC EDGAR,0001045810-23-000017,https://www.sec.gov/Archives/edgar/data/1045810/000104581023000017/nvda-20230129.htm,deterministic explicit-entity and relation-pattern extraction v2,unique_nasdaq100_match,public_at_sec_acceptance,candidate_review_required
abc9c0c3babcda22a7d073178f75d8d85bcb2e32d9bc817b4f7ad1c5fdb9a1af,NASDAQ100:NVDA,NASDAQ100:GOOGL,NVDA,GOOGL,supplier,"We expect an increasingly competitive environment in the future.Our current competitors include:•suppliers and licensors of hardware and software for discrete and integrated GPUs, custom chips and other accelerated computing solutions, including solutions offered for AI, such as Advanced Micro Devices, Inc., or AMD, and Intel Corporation, or Intel; •large cloud services companies with internal teams designing chips and software that incorporate accelerated or AI computing functionality as part of their internal solutions or platforms, such as Alibaba Group, Alphabet Inc., Amazon, Inc., and Baidu, Inc.;•suppliers of Arm-based CPUs and companies that incorporate CPUs as part of their internal solutions or platforms;10Table of Contents•suppliers of SoC products that are used in servers or embedded into automobiles, autonomous machines, and gaming devices, such as Ambarella, Inc., AMD, Broadcom Inc., or Broadcom, Intel, Qualcomm Incorporated, Renesas Electronics Corporation, and Samsung, or companies with internal teams designing SoC products for internal use, such as Tesla, Inc.; and•suppliers of interconnect, switch cable solutions, and DPUs such as AMD, Applied Optoelectronics, Inc., Arista Networks, Broadcom, Cisco Systems, Inc., or Cisco, Hewlett Packard Enterprise Company, Intel, Juniper Networks, Inc., Lumentum Holdings, and Marvell Technology Group, as well as internal teams of system vendors and large cloud services companies.",10-K,2023-02-24,2023-02-24T22:23:43.000Z,0001045810-23-000017,nvda-20230129.htm,0.60,low,0.95,0.570000,0.172756,2023-02-24T22:23:43.000Z,,1,SEC EDGAR,0001045810-23-000017,https://www.sec.gov/Archives/edgar/data/1045810/000104581023000017/nvda-20230129.htm,deterministic explicit-entity and relation-pattern extraction v2,unique_nasdaq100_match,public_at_sec_acceptance,candidate_review_required
79a766e6a73c2668a41454fbb29638c2170257cf6ad77c00268de9d38a2d6dac,NASDAQ100:NVDA,NASDAQ100:MRVL,NVDA,MRVL,supplier,"We expect an increasingly competitive environment in the future.Our current competitors include:•suppliers and licensors of hardware and software for discrete and integrated GPUs, custom chips and other accelerated computing solutions, including solutions offered for AI, such as Advanced Micro Devices, Inc., or AMD, and Intel Corporation, or Intel; •large cloud services companies with internal teams designing chips and software that incorporate accelerated or AI computing functionality as part of their internal solutions or platforms, such as Alibaba Group, Alphabet Inc., Amazon, Inc., and Baidu, Inc.;•suppliers of Arm-based CPUs and companies that incorporate CPUs as part of their internal solutions or platforms;10Table of Contents•suppliers of SoC products that are used in servers or embedded into automobiles, autonomous machines, and gaming devices, such as Ambarella, Inc., AMD, Broadcom Inc., or Broadcom, Intel, Qualcomm Incorporated, Renesas Electronics Corporation, and Samsung, or companies with internal teams designing SoC products for internal use, such as Tesla, Inc.; and•suppliers of interconnect, switch cable solutions, and DPUs such as AMD, Applied Optoelectronics, Inc., Arista Networks, Broadcom, Cisco Systems, Inc., or Cisco, Hewlett Packard Enterprise Company, Intel, Juniper Networks, Inc., Lumentum Holdings, and Marvell Technology Group, as well as internal teams of system vendors and large cloud services companies.",10-K,2023-02-24,2023-02-24T22:23:43.000Z,0001045810-23-000017,nvda-20230129.htm,0.60,low,0.95,0.570000,0.172756,2023-02-24T22:23:43.000Z,,1,SEC EDGAR,0001045810-23-000017,https://www.sec.gov/Archives/edgar/data/1045810/000104581023000017/nvda-20230129.htm,deterministic explicit-entity and relation-pattern extraction v2,unique_nasdaq100_match,public_at_sec_acceptance,candidate_review_required
cf5af2994700061c52988b25a0246eb3255cf76f39cbe0e761db80196059a5e6,NASDAQ100:NVDA,NASDAQ100:MSFT,NVDA,MSFT,customer,"Privacy or security concerns relating to our products and services could damage our reputation, deter customers, or result in legal or regulatory proceedings and liability.16Table of Contents•Our operating results may be adversely impacted by additional tax liabilities, higher than expected tax rates and other tax-related factors.•Our business is exposed to the risks associated with litigation, investigations and regulatory proceedings.•Our indebtedness could adversely affect our financial position and cash flows from operations and prevent us from implementing our strategy or fulfilling our contractual obligations.•Delaware law, provisions in our governing documents, and our agreement with Microsoft could delay or prevent a change in control.Risk FactorsRisks Related to Our Industry and MarketsFailure to meet the evolving needs of our industry and markets may adversely impact our financial results.Our accelerated computing platforms experience rapid changes in technology, customer requirements, competitive products, and industry standards.",10-K,2023-02-24,2023-02-24T22:23:43.000Z,0001045810-23-000017,nvda-20230129.htm,0.60,low,0.95,0.570000,0.172756,2023-02-24T22:23:43.000Z,,1,SEC EDGAR,0001045810-23-000017,https://www.sec.gov/Archives/edgar/data/1045810/000104581023000017/nvda-20230129.htm,deterministic explicit-entity and relation-pattern extraction v2,unique_nasdaq100_match,public_at_sec_acceptance,candidate_review_required
b3a0b4ffa83da7b565b07cbbb46672ce7c5048ad5f8410546fef69e87957e6af,NASDAQ100:NVDA,NASDAQ100:TSLA,NVDA,TSLA,supplier,"We expect an increasingly competitive environment in the future.Our current competitors include:•suppliers and licensors of hardware and software for discrete and integrated GPUs, custom chips and other accelerated computing solutions, including solutions offered for AI, such as Advanced Micro Devices, Inc., or AMD, and Intel Corporation, or Intel; •large cloud services companies with internal teams designing chips and software that incorporate accelerated or AI computing functionality as part of their internal solutions or platforms, such as Alibaba Group, Alphabet Inc., Amazon, Inc., and Baidu, Inc.;•suppliers of Arm-based CPUs and companies that incorporate CPUs as part of their internal solutions or platforms;10Table of Contents•suppliers of SoC products that are used in servers or embedded into automobiles, autonomous machines, and gaming devices, such as Ambarella, Inc., AMD, Broadcom Inc., or Broadcom, Intel, Qualcomm Incorporated, Renesas Electronics Corporation, and Samsung, or companies with internal teams designing SoC products for internal use, such as Tesla, Inc.; and•suppliers of interconnect, switch cable solutions, and DPUs such as AMD, Applied Optoelectronics, Inc., Arista Networks, Broadcom, Cisco Systems, Inc., or Cisco, Hewlett Packard Enterprise Company, Intel, Juniper Networks, Inc., Lumentum Holdings, and Marvell Technology Group, as well as internal teams of system vendors and large cloud services companies.",10-K,2023-02-24,2023-02-24T22:23:43.000Z,0001045810-23-000017,nvda-20230129.htm,0.60,low,0.95,0.570000,0.172756,2023-02-24T22:23:43.000Z,,1,SEC EDGAR,0001045810-23-000017,https://www.sec.gov/Archives/edgar/data/1045810/000104581023000017/nvda-20230129.htm,deterministic explicit-entity and relation-pattern extraction v2,unique_nasdaq100_match,public_at_sec_acceptance,candidate_review_required
b64af46e85c73bb19c23c4f33111bb148b078cf5c592f73903f9440c3a02f2d2,NASDAQ100:PANW,NASDAQ100:CDW,PANW,CDW,supplier,"We have received the highest level of certification from major vendor partners such as Cisco, Dell EMC, Hewlett Packard Enterprise, IBM, Microsoft, NetApp, Nutanix, Palo Alto Networks, Samsung, and VMware which reflects the extensive product and solution knowledge and capabilities that we bring to our customers’ IT challenges.",10-K,2023-02-24,2023-02-24T21:30:45.000Z,0001402057-23-000052,cdw-20221231.htm,0.60,low,0.95,0.570000,0.172756,2023-02-24T21:30:45.000Z,,1,SEC EDGAR,0001402057-23-000052,https://www.sec.gov/Archives/edgar/data/1402057/000140205723000052/cdw-20221231.htm,deterministic explicit-entity and relation-pattern extraction v2,unique_nasdaq100_match,public_at_sec_acceptance,candidate_review_required
d3ac77e54d5d33e18b27b81473e0c1dbf6027c4d8ab17de9a72025576c230b69,NASDAQ100:PYPL,NASDAQ100:MELI,PYPL,MELI,supplier,"2022 Long Term Retention Program 8-KMay 9, 202210.15Securities Purchase Agreement, dated as of March 11, 2019, by and between MercadoLibre, Inc. and PayPal, Inc.8-KMarch 13, 201910.16MercadoLibre, Inc.",10-K,2023-02-24,2023-02-24T21:02:21.000Z,0001099590-23-000007,meli-20221231.htm,0.60,low,0.95,0.570000,0.172756,2023-02-24T21:02:21.000Z,,1,SEC EDGAR,0001099590-23-000007,https://www.sec.gov/Archives/edgar/data/1099590/000109959023000007/meli-20221231.htm,deterministic explicit-entity and relation-pattern extraction v2,unique_nasdaq100_match,public_at_sec_acceptance,candidate_review_required
de95666c34ee1a5402435cc1985f9617bed09a0c3b8479d2a360a4f6d891a981,NASDAQ100:ADP,NASDAQ100:WDAY,ADP,WDAY,supplier,"These vendors include, without limitation: UKG Inc., Automatic Data Processing, Inc., Infor, Inc., Ceridian HCM Holding Inc., Microsoft Corporation, Anaplan, Inc., and Coupa Software Inc.",10-K,2023-02-27,2023-02-27T21:10:12.000Z,0001327811-23-000024,wday-20230131.htm,0.60,low,0.95,0.570000,0.174764,2023-02-27T21:10:12.000Z,,1,SEC EDGAR,0001327811-23-000024,https://www.sec.gov/Archives/edgar/data/1327811/000132781123000024/wday-20230131.htm,deterministic explicit-entity and relation-pattern extraction v2,unique_nasdaq100_match,public_at_sec_acceptance,candidate_review_required
3ceb43656dd735191ec5a3b23120bbb1d46ea7f23c1e45ffbc3612d671778e0a,NASDAQ100:AMD,NASDAQ100:ADI,AMD,ADI,supplier,"Competition in Embedded Segment We expect continued competition from our primary FPGA competitors such as Intel, Lattice Semiconductor Corporation and Microsemi Corporation (Microsemi, acquired by Microchip), from ASSP vendors such as Broadcom Corporation, Marvell Technology Group, Ltd., Analog Devices, Texas Instruments Incorporated and NXP Semiconductors N.V., and from NVIDIA.",10-K,2023-02-27,2023-02-27T21:20:39.000Z,0000002488-23-000047,amd-20221231.htm,0.60,low,0.95,0.570000,0.174764,2023-02-27T21:20:39.000Z,,1,SEC EDGAR,0000002488-23-000047,https://www.sec.gov/Archives/edgar/data/2488/000000248823000047/amd-20221231.htm,deterministic explicit-entity and relation-pattern extraction v2,unique_nasdaq100_match,public_at_sec_acceptance,candidate_review_required
05ad1b3caa4f5c9f97d2a554611d1d55ff8845b4b7f25fbc2acd584537875b65,NASDAQ100:AMD,NASDAQ100:AVGO,AMD,AVGO,supplier,"Competition in Embedded Segment We expect continued competition from our primary FPGA competitors such as Intel, Lattice Semiconductor Corporation and Microsemi Corporation (Microsemi, acquired by Microchip), from ASSP vendors such as Broadcom Corporation, Marvell Technology Group, Ltd., Analog Devices, Texas Instruments Incorporated and NXP Semiconductors N.V., and from NVIDIA.",10-K,2023-02-27,2023-02-27T21:20:39.000Z,0000002488-23-000047,amd-20221231.htm,0.60,low,0.95,0.570000,0.174764,2023-02-27T21:20:39.000Z,,1,SEC EDGAR,0000002488-23-000047,https://www.sec.gov/Archives/edgar/data/2488/000000248823000047/amd-20221231.htm,deterministic explicit-entity and relation-pattern extraction v2,unique_nasdaq100_match,public_at_sec_acceptance,candidate_review_required
00ec51d9b7dc022672bfc44d4b9e0969bd412df2057d7dd68ce9e939a140a8a0,NASDAQ100:AMD,NASDAQ100:MRVL,AMD,MRVL,supplier,"Competition in Embedded Segment We expect continued competition from our primary FPGA competitors such as Intel, Lattice Semiconductor Corporation and Microsemi Corporation (Microsemi, acquired by Microchip), from ASSP vendors such as Broadcom Corporation, Marvell Technology Group, Ltd., Analog Devices, Texas Instruments Incorporated and NXP Semiconductors N.V., and from NVIDIA.",10-K,2023-02-27,2023-02-27T21:20:39.000Z,0000002488-23-000047,amd-20221231.htm,0.60,low,0.95,0.570000,0.174764,2023-02-27T21:20:39.000Z,,1,SEC EDGAR,0000002488-23-000047,https://www.sec.gov/Archives/edgar/data/2488/000000248823000047/amd-20221231.htm,deterministic explicit-entity and relation-pattern extraction v2,unique_nasdaq100_match,public_at_sec_acceptance,candidate_review_required
4cd563e57e8240152317e532e0b3c91be160c9f32364b9be562e40dc8be6c0ea,NASDAQ100:AMD,NASDAQ100:NVDA,AMD,NVDA,customer,"SIs often use discrete graphics solutions as a means to differentiate their products and add value to their customers.Competition in Data Center SegmentIn Data Center, we compete against Intel Corporation (Intel) with our FPGA, Adaptive SoC, CPU and DPU server products and NVIDIA Corporation (NVIDIA) with our CPU, GPU and DPU server products.",10-K,2023-02-27,2023-02-27T21:20:39.000Z,0000002488-23-000047,amd-20221231.htm,0.60,low,0.95,0.570000,0.174764,2023-02-27T21:20:39.000Z,,1,SEC EDGAR,0000002488-23-000047,https://www.sec.gov/Archives/edgar/data/2488/000000248823000047/amd-20221231.htm,deterministic explicit-entity and relation-pattern extraction v2,unique_nasdaq100_match,public_at_sec_acceptance,candidate_review_required
19c1fbeae86103731c5bc587277acd9820a18150cff298057f8fa25a0765ffed,NASDAQ100:AMD,NASDAQ100:NVDA,AMD,NVDA,supplier,"Competition in Embedded Segment We expect continued competition from our primary FPGA competitors such as Intel, Lattice Semiconductor Corporation and Microsemi Corporation (Microsemi, acquired by Microchip), from ASSP vendors such as Broadcom Corporation, Marvell Technology Group, Ltd., Analog Devices, Texas Instruments Incorporated and NXP Semiconductors N.V., and from NVIDIA.",10-K,2023-02-27,2023-02-27T21:20:39.000Z,0000002488-23-000047,amd-20221231.htm,0.60,low,0.95,0.570000,0.174764,2023-02-27T21:20:39.000Z,,1,SEC EDGAR,0000002488-23-000047,https://www.sec.gov/Archives/edgar/data/2488/000000248823000047/amd-20221231.htm,deterministic explicit-entity and relation-pattern extraction v2,unique_nasdaq100_match,public_at_sec_acceptance,candidate_review_required
f08d2570c6c88121989073be0641f248548482bad31afe58cb243e629f9e4b14,NASDAQ100:AMD,NASDAQ100:NXPI,AMD,NXPI,supplier,"Competition in Embedded Segment We expect continued competition from our primary FPGA competitors such as Intel, Lattice Semiconductor Corporation and Microsemi Corporation (Microsemi, acquired by Microchip), from ASSP vendors such as Broadcom Corporation, Marvell Technology Group, Ltd., Analog Devices, Texas Instruments Incorporated and NXP Semiconductors N.V., and from NVIDIA.",10-K,2023-02-27,2023-02-27T21:20:39.000Z,0000002488-23-000047,amd-20221231.htm,0.60,low,0.95,0.570000,0.174764,2023-02-27T21:20:39.000Z,,1,SEC EDGAR,0000002488-23-000047,https://www.sec.gov/Archives/edgar/data/2488/000000248823000047/amd-20221231.htm,deterministic explicit-entity and relation-pattern extraction v2,unique_nasdaq100_match,public_at_sec_acceptance,candidate_review_required
50501b44d9a81152a4a5d777281ed65c029820623f32263cb268c1d5124046e3,NASDAQ100:AMD,NASDAQ100:TXN,AMD,TXN,supplier,"Competition in Embedded Segment We expect continued competition from our primary FPGA competitors such as Intel, Lattice Semiconductor Corporation and Microsemi Corporation (Microsemi, acquired by Microchip), from ASSP vendors such as Broadcom Corporation, Marvell Technology Group, Ltd., Analog Devices, Texas Instruments Incorporated and NXP Semiconductors N.V., and from NVIDIA.",10-K,2023-02-27,2023-02-27T21:20:39.000Z,0000002488-23-000047,amd-20221231.htm,0.60,low,0.95,0.570000,0.174764,2023-02-27T21:20:39.000Z,,1,SEC EDGAR,0000002488-23-000047,https://www.sec.gov/Archives/edgar/data/2488/000000248823000047/amd-20221231.htm,deterministic explicit-entity and relation-pattern extraction v2,unique_nasdaq100_match,public_at_sec_acceptance,candidate_review_required
171deb3cc070e2a98f6bc0fa4ab937f9e22ce3e54f57f1f41153c14e2345d444,NASDAQ100:GFS,NASDAQ100:AMD,GFS,AMD,supplier,"We are also a party to a Wafer Supply Agreement (WSA) with GLOBALFOUNDRIES Inc. (GF), with respect to wafer purchases for our HPC products at the 12 nm and 14 nm technology nodes.",10-K,2023-02-27,2023-02-27T21:20:39.000Z,0000002488-23-000047,amd-20221231.htm,0.96,high,0.95,0.912000,0.279622,2023-02-27T21:20:39.000Z,,1,SEC EDGAR,0000002488-23-000047,https://www.sec.gov/Archives/edgar/data/2488/000000248823000047/amd-20221231.htm,deterministic explicit-entity and relation-pattern extraction v2,unique_nasdaq100_match,public_at_sec_acceptance,accepted
f814238247a0c14f86fe5a84e0c0356849b0ea1fb9a21f3c80064f2bb61af6b7,NASDAQ100:GFS,NASDAQ100:AMD,GFS,AMD,supplier,"We rely on Taiwan Semiconductor Manufacturing Company Limited (TSMC) for the production of all wafers for microprocessor and GPU products at 7 nanometer (nm) or smaller nodes, and we rely primarily on GLOBALFOUNDRIES Inc. (GF) for wafers for microprocessor and GPU products manufactured at process nodes larger than 7 nm.",10-K,2023-02-27,2023-02-27T21:20:39.000Z,0000002488-23-000047,amd-20221231.htm,0.96,high,0.95,0.912000,0.279622,2023-02-27T21:20:39.000Z,,1,SEC EDGAR,0000002488-23-000047,https://www.sec.gov/Archives/edgar/data/2488/000000248823000047/amd-20221231.htm,deterministic explicit-entity and relation-pattern extraction v2,unique_nasdaq100_match,public_at_sec_acceptance,accepted
5eb8703860a567a4c76aeddbf3f1ed2d122612ce0d65027bde5c2e120d4c1ff9,NASDAQ100:MSFT,NASDAQ100:AMD,MSFT,AMD,supplier,"The success of our semi-custom SoC products is dependent on securing customers for our semi-custom design pipeline and consumer market conditions, including the success of the Sony PlayStation® 5, Microsoft® XboxTM Series S and Microsoft® XboxTM Series X game console systems and next generation consoles for Sony and Microsoft, worldwide.",10-K,2023-02-27,2023-02-27T21:20:39.000Z,0000002488-23-000047,amd-20221231.htm,0.60,low,0.95,0.570000,0.174764,2023-02-27T21:20:39.000Z,,1,SEC EDGAR,0000002488-23-000047,https://www.sec.gov/Archives/edgar/data/2488/000000248823000047/amd-20221231.htm,deterministic explicit-entity and relation-pattern extraction v2,unique_nasdaq100_match,public_at_sec_acceptance,candidate_review_required
1e8a8e0d75f5ea31af352af93904dead59b0a3deb0021917611bc55e7aa4d50a,NASDAQ100:MSFT,NASDAQ100:AMD,MSFT,AMD,supplier,"If the designers, manufacturers, AIBs and suppliers of motherboards, graphics cards, software, memory and other components cease or reduce their design, manufacture or production 25Table of Contentsof current or future products that are based on, utilized in, or support our products, or laws are adopted that result in the same, our business could be materially adversely affected.If we lose Microsoft Corporation’s support for our products or other software vendors do not design and develop software to run on our products, our ability to sell our products could be materially adversely affected.Our ability to innovate beyond the x86 instruction set controlled by Intel depends partially on Microsoft designing and developing its operating systems to run on or support our x86-based microprocessor products.",10-K,2023-02-27,2023-02-27T21:20:39.000Z,0000002488-23-000047,amd-20221231.htm,0.60,low,0.95,0.570000,0.174764,2023-02-27T21:20:39.000Z,,1,SEC EDGAR,0000002488-23-000047,https://www.sec.gov/Archives/edgar/data/2488/000000248823000047/amd-20221231.htm,deterministic explicit-entity and relation-pattern extraction v2,unique_nasdaq100_match,public_at_sec_acceptance,candidate_review_required
1b5cb2a5c6a468950068211a4345c419017aaea16d18b428579ab1a588a2d4cb,NASDAQ100:MSFT,NASDAQ100:AMD,MSFT,AMD,supplier,"With respect to our graphics products, we depend in part on Microsoft to design and develop its operating system to run on or support our graphics products.",10-K,2023-02-27,2023-02-27T21:20:39.000Z,0000002488-23-000047,amd-20221231.htm,0.96,high,0.95,0.912000,0.279622,2023-02-27T21:20:39.000Z,,1,SEC EDGAR,0000002488-23-000047,https://www.sec.gov/Archives/edgar/data/2488/000000248823000047/amd-20221231.htm,deterministic explicit-entity and relation-pattern extraction v2,unique_nasdaq100_match,public_at_sec_acceptance,accepted
4127540114544b05cf83621dba6f6231c86172aedf2fc815a66573a5e021d468,NASDAQ100:MSFT,NASDAQ100:AMD,MSFT,AMD,supplier,"If Microsoft does not continue to design and develop its operating systems so that they work with our x86 instruction sets or does not continue to develop and maintain their operating systems to support our graphics products, independent software providers may forego designing their software applications to take advantage of our innovations and customers may not purchase PCs with our products.",10-K,2023-02-27,2023-02-27T21:20:39.000Z,0000002488-23-000047,amd-20221231.htm,0.60,low,0.95,0.570000,0.174764,2023-02-27T21:20:39.000Z,,1,SEC EDGAR,0000002488-23-000047,https://www.sec.gov/Archives/edgar/data/2488/000000248823000047/amd-20221231.htm,deterministic explicit-entity and relation-pattern extraction v2,unique_nasdaq100_match,public_at_sec_acceptance,candidate_review_required
a3b273a40597700e7711e48f7c97d6186b1de417ea3f9c0180cd09431bf6e883,NASDAQ100:MSFT,NASDAQ100:AMD,MSFT,AMD,supplier,"If Microsoft did not certify a driver, or if we otherwise fail to retain the support of Microsoft or other software vendors, our ability to market our products would be materially adversely affected.Our reliance on third-party distributors and AIB partners subjects us to certain risks.We market and sell our products directly and through third-party distributors and AIB partners pursuant to agreements that can generally be terminated for convenience by either party upon prior notice to the other party.",10-K,2023-02-27,2023-02-27T21:20:39.000Z,0000002488-23-000047,amd-20221231.htm,0.60,low,0.95,0.570000,0.174764,2023-02-27T21:20:39.000Z,,1,SEC EDGAR,0000002488-23-000047,https://www.sec.gov/Archives/edgar/data/2488/000000248823000047/amd-20221231.htm,deterministic explicit-entity and relation-pattern extraction v2,unique_nasdaq100_match,public_at_sec_acceptance,candidate_review_required
b84d301629dfe0c9db665bb16d492e9b1784f968193f36145d52df9b1c2f2fbc,NASDAQ100:MSFT,NASDAQ100:ROP,MSFT,ROP,supplier,"We increasingly rely on third-party data centers and cloud platforms, such as Amazon Web Services, Google Cloud Platform, and Microsoft Azure to host enterprise and customer systems.",10-K,2023-02-27,2023-02-27T21:48:06.000Z,0000882835-23-000016,rop-20221231.htm,0.60,low,0.95,0.570000,0.174764,2023-02-27T21:48:06.000Z,,1,SEC EDGAR,0000882835-23-000016,https://www.sec.gov/Archives/edgar/data/882835/000088283523000016/rop-20221231.htm,deterministic explicit-entity and relation-pattern extraction v2,unique_nasdaq100_match,public_at_sec_acceptance,candidate_review_required
daac6af9d0b3897ddf50afa603b44f3e9eae01303bc15d131a0544bae6181080,NASDAQ100:MSFT,NASDAQ100:WDAY,MSFT,WDAY,supplier,"These vendors include, without limitation: UKG Inc., Automatic Data Processing, Inc., Infor, Inc., Ceridian HCM Holding Inc., Microsoft Corporation, Anaplan, Inc., and Coupa Software Inc.",10-K,2023-02-27,2023-02-27T21:10:12.000Z,0001327811-23-000024,wday-20230131.htm,0.60,low,0.95,0.570000,0.174764,2023-02-27T21:10:12.000Z,,1,SEC EDGAR,0001327811-23-000024,https://www.sec.gov/Archives/edgar/data/1327811/000132781123000024/wday-20230131.htm,deterministic explicit-entity and relation-pattern extraction v2,unique_nasdaq100_match,public_at_sec_acceptance,candidate_review_required
5654cef3034b854ee6c0d82196cb65cac7d8bedcb600321015900e9da9737404,NASDAQ100:MSFT,NASDAQ100:WDAY,MSFT,WDAY,supplier,"Even with these procedures for disaster recovery in place, our cloud applications could be significantly interrupted during the implementation of the procedures to restore services.64Table of ContentsIn addition, we rely upon third-party hosted infrastructure partners globally, including AWS, Google LLC, and Microsoft Corporation, to serve customers and operate certain aspects of our services.",10-K,2023-02-27,2023-02-27T21:10:12.000Z,0001327811-23-000024,wday-20230131.htm,0.60,low,0.95,0.570000,0.174764,2023-02-27T21:10:12.000Z,,1,SEC EDGAR,0001327811-23-000024,https://www.sec.gov/Archives/edgar/data/1327811/000132781123000024/wday-20230131.htm,deterministic explicit-entity and relation-pattern extraction v2,unique_nasdaq100_match,public_at_sec_acceptance,candidate_review_required
d4ceb9a9f8998244dfc09672eedffda15aa3ff0ba259d2518734e40ef72c7b6f,NASDAQ100:PYPL,NASDAQ100:DASH,PYPL,DASH,supplier,"However, we do not believe that such transfer to, or the addition of, new cloud infrastructure service providers would cause substantial harm to our business, financial condition, or results of operations over the longer term.We primarily rely on a third-party payment processor to process payments made to merchants and Dashers and a small number of third-party payment processors to process payments made by consumers, and if we cannot manage our relationship with such third parties and other payment-related risks, our business, financial condition, and results of operations could be adversely affected.We primarily rely on a third-party payment processor, Stripe, to process payments made to merchants and Dashers and a small number of third-party payment processors to process payments made by consumers, primarily PayPal and Stripe.",10-K,2023-02-27,2023-02-25T02:46:28.000Z,0001628280-23-005131,dash-20221231.htm,0.60,low,0.95,0.570000,0.173423,2023-02-25T02:46:28.000Z,,1,SEC EDGAR,0001628280-23-005131,https://www.sec.gov/Archives/edgar/data/1792789/000162828023005131/dash-20221231.htm,deterministic explicit-entity and relation-pattern extraction v2,unique_nasdaq100_match,public_at_sec_acceptance,candidate_review_required
1d2ddbce0d9f35b234937662a863f4bb9cf08694c6dbe63925baa24f81f1606f,NASDAQ100:PYPL,NASDAQ100:DASH,PYPL,DASH,supplier,"If the third parties we rely upon cease to provide access to the third-party software that we and Dashers use, whether in connection with disputes or otherwise, do not provide access to such software on terms that we believe to be attractive or reasonable, or do not provide us with the most current version of such software, we may be required to seek comparable software from other sources, which may be more expensive or inferior, or may not be available at all, any of which would adversely affect our business.We depend on the interoperability of our platform across third-party applications and services that we do not control.We have integrations with PayPal, Stripe, Twilio, Olo, Google Maps, AWS, and a variety of other vendors.",10-K,2023-02-27,2023-02-25T02:46:28.000Z,0001628280-23-005131,dash-20221231.htm,0.60,low,0.95,0.570000,0.173423,2023-02-25T02:46:28.000Z,,1,SEC EDGAR,0001628280-23-005131,https://www.sec.gov/Archives/edgar/data/1792789/000162828023005131/dash-20221231.htm,deterministic explicit-entity and relation-pattern extraction v2,unique_nasdaq100_match,public_at_sec_acceptance,candidate_review_required
1b6aa52cfa7b58162aecca79eba613ebe3e2ce5e2ae9e46a84f3629871d16ede,NASDAQ100:WDAY,NASDAQ100:MSFT,WDAY,MSFT,customer,"If we are unable to renew these agreements on commercially reasonable terms, or if any of these data center operators are acquired, cease to do business, or stop providing contracted services, we may be required to transfer our servers and other infrastructure to new data center facilities, and we may incur significant costs and experience possible service interruptions in connection with doing so.In addition, we rely upon third-party hosted infrastructure partners globally, including Amazon Web Services (“AWS”), Google LLC, and Microsoft Corporation, to serve customers and operate certain aspects of our services.",10-K,2023-02-27,2023-02-27T21:10:12.000Z,0001327811-23-000024,wday-20230131.htm,0.60,low,0.95,0.570000,0.174764,2023-02-27T21:10:12.000Z,,1,SEC EDGAR,0001327811-23-000024,https://www.sec.gov/Archives/edgar/data/1327811/000132781123000024/wday-20230131.htm,deterministic explicit-entity and relation-pattern extraction v2,unique_nasdaq100_match,public_at_sec_acceptance,candidate_review_required
c6165e51c62e22683f24d096c241b611838762ff39d24d2fb71ae3d047271868,NASDAQ100:MNST,NASDAQ100:AAPL,MNST,AAPL,customer,"During 2022, we sold the following new products to our customers: ● Java Monster® Cold Brew Latte ● Java Monster® Cold Brew Sweet Black ● Juice Monster® Aussie Style Lemonade TM ● Live+® Watermelon ● Monster® (stylized) Reserve Orange Dreamsicle ● Monster Energy® Lewis Hamilton 44 Zero Sugar ● Monster Energy® Ultra Peachy Keen® ● Mother® Kiwi Sublime ● Mother® Lava Guava ● Nalu® Melon Splash ● Play® Fruit Punch ● Play® Peach ● Predator® Peach ● Predator® Red Apple ● Rehab® Monster® Watermelon ● Reign Total Body Fuel® Reignbow Sherbet ● Reign Total Body Fuel® Tropical Storm ● Relentless® Peach ● Relentless® Raspberry In the normal course of business, we discontinue certain products and/or product lines.",10-K,2023-03-01,2023-03-01T18:56:13.000Z,0001104659-23-027245,mnst-20221231x10k.htm,0.60,low,0.95,0.570000,0.176115,2023-03-01T18:56:13.000Z,,1,SEC EDGAR,0001104659-23-027245,https://www.sec.gov/Archives/edgar/data/865752/000110465923027245/mnst-20221231x10k.htm,deterministic explicit-entity and relation-pattern extraction v2,unique_nasdaq100_match,public_at_sec_acceptance,candidate_review_required
149720a7e500a1dd45885960825f1f5882ecd9e24a7b7bc0c9b850426a2ab596,NASDAQ100:MNST,NASDAQ100:CCEP,MNST,CCEP,customer,"We limit our description of our customer types to include only our sales to our full service bottlers/distributors without reference to such bottlers/distributors’ sales to their own customers. ​ ​ ​ ​ ​ ​ ​ ​ 2022 2021 2020 U.S. full service bottlers/distributors 48% ​ 51% ​ 56% International full service bottlers/distributors 39% ​ 39% ​ 34% Club stores and e-commerce retailers 9% ​ 8% ​ 8% Retail grocery, direct convenience, specialty chains and wholesalers 2% ​ 1% ​ 1% Alcohol, direct value stores and other 2% ​ 1% ​ 1% ​ Our non-alcohol customers include Coca-Cola Canada Bottling Limited, Coca-Cola Consolidated, Inc., Coca-Cola Bottling Company United, Inc., Reyes Coca-Cola Bottling, LLC, Coca-Cola Southwest Beverages LLC, The Coca-Cola Bottling Company of Northern New England, Inc., Swire Pacific Holdings, Inc. (USA), Liberty Coca-Cola Beverages, LLC, Coca-Cola Europacific Partners, Coca-Cola Hellenic, Coca-Cola FEMSA, Swire Coca-Cola (China), COFCO Coca-Cola, Coca-Cola Beverages Africa, Coca-Cola İçecek and certain other TCCC network bottlers, Asahi Soft Drinks, Co., Ltd., Wal-Mart, Inc. (including Sam’s Club), Costco Wholesale Corporation and Amazon.com, Inc.",10-K,2023-03-01,2023-03-01T18:56:13.000Z,0001104659-23-027245,mnst-20221231x10k.htm,0.60,low,0.95,0.570000,0.176115,2023-03-01T18:56:13.000Z,,1,SEC EDGAR,0001104659-23-027245,https://www.sec.gov/Archives/edgar/data/865752/000110465923027245/mnst-20221231x10k.htm,deterministic explicit-entity and relation-pattern extraction v2,unique_nasdaq100_match,public_at_sec_acceptance,candidate_review_required
f8b198e39f3d2586cf83b03fac3dd24fd81ccc4ba0dde179c6d58e155e136b7d,NASDAQ100:MNST,NASDAQ100:CCEP,MNST,CCEP,customer,"We limit our description of our customer types to include only our sales to our full service bottlers/distributors without reference to such bottlers/distributors’ sales to their own customers. ​ ​ ​ ​ ​ ​ ​ ​ 2022 2021 2020 U.S. full service bottlers/distributors 48% ​ 51% ​ 56% International full service bottlers/distributors 39% ​ 39% ​ 34% Club stores and e-commerce retailers 9% ​ 8% ​ 8% Retail grocery, direct convenience, specialty chains and wholesalers 2% ​ 1% ​ 1% Alcohol, direct value stores and other 2% ​ 1% ​ 1% ​ Our non-alcohol customers include Coca-Cola Canada Bottling Limited, Coca-Cola Consolidated, Inc., Coca-Cola Bottling Company United, Inc., Reyes Coca-Cola Bottling, LLC, Coca-Cola Southwest Beverages LLC, The Coca-Cola Bottling Company of Northern New England, Inc., Swire Pacific Holdings, Inc. (USA), Liberty Coca-Cola Beverages, LLC, Coca-Cola Europacific Partners (formerly Coca-Cola European Partners and Coca-Cola Amatil), Coca-Cola Hellenic, Coca-Cola FEMSA, Swire Coca-Cola (China), COFCO Coca-Cola, Coca-Cola Beverages Africa, Coca-Cola İçecek and certain other TCCC network bottlers, Asahi Soft Drinks, Co., Ltd., Wal-Mart, Inc. (including Sam’s Club), Costco Wholesale Corporation and Amazon.com, Inc.",10-K,2023-03-01,2023-03-01T18:56:13.000Z,0001104659-23-027245,mnst-20221231x10k.htm,0.60,low,0.95,0.570000,0.176115,2023-03-01T18:56:13.000Z,,1,SEC EDGAR,0001104659-23-027245,https://www.sec.gov/Archives/edgar/data/865752/000110465923027245/mnst-20221231x10k.htm,deterministic explicit-entity and relation-pattern extraction v2,unique_nasdaq100_match,public_at_sec_acceptance,candidate_review_required
0d20c12590c9657ae66aa35f99ed09024af70d3d88a3a638786bd5786dac5d92,NASDAQ100:NXPI,NASDAQ100:AAPL,NXPI,AAPL,customer,"Our 10 largest OEM end customers, some of whom are supplied by distributors, in alphabetical order, are Apple, Aptiv, Bosch, Continental, Denso, Harman Auto, Hyundai, Samsung, Visteon, and Vitesco.",10-K,2023-03-01,2023-03-01T21:07:30.000Z,0001413447-23-000006,nxpi-20221231.htm,0.60,low,0.95,0.570000,0.176115,2023-03-01T21:07:30.000Z,,1,SEC EDGAR,0001413447-23-000006,https://www.sec.gov/Archives/edgar/data/1413447/000141344723000006/nxpi-20221231.htm,deterministic explicit-entity and relation-pattern extraction v2,unique_nasdaq100_match,public_at_sec_acceptance,candidate_review_required
04709112c87b933918abddc297b95e5ce2d008fc1a73105e53772dd0798918fc,NASDAQ100:MRVL,NASDAQ100:AMD,MRVL,AMD,customer,"We believe that our ability to compete successfully in the rapidly evolving markets for our products depends on multiple factors, including, but not limited to:•the performance, features, quality and price of our products;•the development execution, timing and success of enhanced and new product introductions by us, our customers and our competitors;•the emergence, rate of adoption and acceptance of new industry standards;•market demand trends;10 •competitive tactics;•our ability to obtain adequate foundry capacity with the appropriate technological capability; and•the number and nature of our competitors in a given market.Companies that compete directly with our businesses include, but are not limited to, Advanced Micro Devices, Inc.(“AMD”), Astera Labs, Inc., Broadcom Inc.(“Broadcom”), Cisco Systems, Inc.(“Cisco”), Credo Technology Group Holding Ltd, Intel Corporation, MACOM Technology Solutions Holdings, Inc., MediaTek Inc., Microchip Technology Inc., Montage Technology, Nvidia Corporation, NXP Semiconductors N.V., Phison Electronics Corporation, Qualcomm Incorporated (“Qualcomm”), Rambus, Inc., Realtek Semiconductor Corporation, Semtech Corporation, Silicon Motion Technology Corporation, and Socionext Inc.",10-K,2023-03-09,2023-03-09T21:03:34.000Z,0001835632-23-000013,mrvl-20230128.htm,0.60,low,0.95,0.570000,0.181625,2023-03-09T21:03:34.000Z,,1,SEC EDGAR,0001835632-23-000013,https://www.sec.gov/Archives/edgar/data/1835632/000183563223000013/mrvl-20230128.htm,deterministic explicit-entity and relation-pattern extraction v2,unique_nasdaq100_match,public_at_sec_acceptance,candidate_review_required
45348ca645610c4ce4a5b71820987570865de29ca77f193691e1c7ae67051d32,NASDAQ100:MRVL,NASDAQ100:AVGO,MRVL,AVGO,customer,"We believe that our ability to compete successfully in the rapidly evolving markets for our products depends on multiple factors, including, but not limited to:•the performance, features, quality and price of our products;•the development execution, timing and success of enhanced and new product introductions by us, our customers and our competitors;•the emergence, rate of adoption and acceptance of new industry standards;•market demand trends;10 •competitive tactics;•our ability to obtain adequate foundry capacity with the appropriate technological capability; and•the number and nature of our competitors in a given market.Companies that compete directly with our businesses include, but are not limited to, Advanced Micro Devices, Inc.(“AMD”), Astera Labs, Inc., Broadcom Inc.(“Broadcom”), Cisco Systems, Inc.(“Cisco”), Credo Technology Group Holding Ltd, Intel Corporation, MACOM Technology Solutions Holdings, Inc., MediaTek Inc., Microchip Technology Inc., Montage Technology, Nvidia Corporation, NXP Semiconductors N.V., Phison Electronics Corporation, Qualcomm Incorporated (“Qualcomm”), Rambus, Inc., Realtek Semiconductor Corporation, Semtech Corporation, Silicon Motion Technology Corporation, and Socionext Inc.",10-K,2023-03-09,2023-03-09T21:03:34.000Z,0001835632-23-000013,mrvl-20230128.htm,0.60,low,0.95,0.570000,0.181625,2023-03-09T21:03:34.000Z,,1,SEC EDGAR,0001835632-23-000013,https://www.sec.gov/Archives/edgar/data/1835632/000183563223000013/mrvl-20230128.htm,deterministic explicit-entity and relation-pattern extraction v2,unique_nasdaq100_match,public_at_sec_acceptance,candidate_review_required
24036a8b7455516b4bf582baf6028b46e3f70ce05bb4c9ea169caadb8df61f12,NASDAQ100:MRVL,NASDAQ100:CSCO,MRVL,CSCO,customer,"We believe that our ability to compete successfully in the rapidly evolving markets for our products depends on multiple factors, including, but not limited to:•the performance, features, quality and price of our products;•the development execution, timing and success of enhanced and new product introductions by us, our customers and our competitors;•the emergence, rate of adoption and acceptance of new industry standards;•market demand trends;10 •competitive tactics;•our ability to obtain adequate foundry capacity with the appropriate technological capability; and•the number and nature of our competitors in a given market.Companies that compete directly with our businesses include, but are not limited to, Advanced Micro Devices, Inc.(“AMD”), Astera Labs, Inc., Broadcom Inc.(“Broadcom”), Cisco Systems, Inc.(“Cisco”), Credo Technology Group Holding Ltd, Intel Corporation, MACOM Technology Solutions Holdings, Inc., MediaTek Inc., Microchip Technology Inc., Montage Technology, Nvidia Corporation, NXP Semiconductors N.V., Phison Electronics Corporation, Qualcomm Incorporated (“Qualcomm”), Rambus, Inc., Realtek Semiconductor Corporation, Semtech Corporation, Silicon Motion Technology Corporation, and Socionext Inc.",10-K,2023-03-09,2023-03-09T21:03:34.000Z,0001835632-23-000013,mrvl-20230128.htm,0.60,low,0.95,0.570000,0.181625,2023-03-09T21:03:34.000Z,,1,SEC EDGAR,0001835632-23-000013,https://www.sec.gov/Archives/edgar/data/1835632/000183563223000013/mrvl-20230128.htm,deterministic explicit-entity and relation-pattern extraction v2,unique_nasdaq100_match,public_at_sec_acceptance,candidate_review_required
9f8c079b7632e03fb3144bd0fa785a9657856c719dd28e4960a2aabdffcdf706,NASDAQ100:MRVL,NASDAQ100:MCHP,MRVL,MCHP,customer,"We believe that our ability to compete successfully in the rapidly evolving markets for our products depends on multiple factors, including, but not limited to:•the performance, features, quality and price of our products;•the development execution, timing and success of enhanced and new product introductions by us, our customers and our competitors;•the emergence, rate of adoption and acceptance of new industry standards;•market demand trends;10 •competitive tactics;•our ability to obtain adequate foundry capacity with the appropriate technological capability; and•the number and nature of our competitors in a given market.Companies that compete directly with our businesses include, but are not limited to, Advanced Micro Devices, Inc.(“AMD”), Astera Labs, Inc., Broadcom Inc.(“Broadcom”), Cisco Systems, Inc.(“Cisco”), Credo Technology Group Holding Ltd, Intel Corporation, MACOM Technology Solutions Holdings, Inc., MediaTek Inc., Microchip Technology Inc., Montage Technology, Nvidia Corporation, NXP Semiconductors N.V., Phison Electronics Corporation, Qualcomm Incorporated (“Qualcomm”), Rambus, Inc., Realtek Semiconductor Corporation, Semtech Corporation, Silicon Motion Technology Corporation, and Socionext Inc.",10-K,2023-03-09,2023-03-09T21:03:34.000Z,0001835632-23-000013,mrvl-20230128.htm,0.60,low,0.95,0.570000,0.181625,2023-03-09T21:03:34.000Z,,1,SEC EDGAR,0001835632-23-000013,https://www.sec.gov/Archives/edgar/data/1835632/000183563223000013/mrvl-20230128.htm,deterministic explicit-entity and relation-pattern extraction v2,unique_nasdaq100_match,public_at_sec_acceptance,candidate_review_required
80cb39d8c8d06f0b875233aa4d96efd9bc48e96119e7cc8a85dc97a22885a505,NASDAQ100:MRVL,NASDAQ100:NVDA,MRVL,NVDA,customer,"We believe that our ability to compete successfully in the rapidly evolving markets for our products depends on multiple factors, including, but not limited to:•the performance, features, quality and price of our products;•the development execution, timing and success of enhanced and new product introductions by us, our customers and our competitors;•the emergence, rate of adoption and acceptance of new industry standards;•market demand trends;10 •competitive tactics;•our ability to obtain adequate foundry capacity with the appropriate technological capability; and•the number and nature of our competitors in a given market.Companies that compete directly with our businesses include, but are not limited to, Advanced Micro Devices, Inc.(“AMD”), Astera Labs, Inc., Broadcom Inc.(“Broadcom”), Cisco Systems, Inc.(“Cisco”), Credo Technology Group Holding Ltd, Intel Corporation, MACOM Technology Solutions Holdings, Inc., MediaTek Inc., Microchip Technology Inc., Montage Technology, Nvidia Corporation, NXP Semiconductors N.V., Phison Electronics Corporation, Qualcomm Incorporated (“Qualcomm”), Rambus, Inc., Realtek Semiconductor Corporation, Semtech Corporation, Silicon Motion Technology Corporation, and Socionext Inc.",10-K,2023-03-09,2023-03-09T21:03:34.000Z,0001835632-23-000013,mrvl-20230128.htm,0.60,low,0.95,0.570000,0.181625,2023-03-09T21:03:34.000Z,,1,SEC EDGAR,0001835632-23-000013,https://www.sec.gov/Archives/edgar/data/1835632/000183563223000013/mrvl-20230128.htm,deterministic explicit-entity and relation-pattern extraction v2,unique_nasdaq100_match,public_at_sec_acceptance,candidate_review_required
44854c30dcbc0b054fe95fb79855bc9820816bb6064528c7fe71420ba06c2bea,NASDAQ100:MRVL,NASDAQ100:NXPI,MRVL,NXPI,customer,"We believe that our ability to compete successfully in the rapidly evolving markets for our products depends on multiple factors, including, but not limited to:•the performance, features, quality and price of our products;•the development execution, timing and success of enhanced and new product introductions by us, our customers and our competitors;•the emergence, rate of adoption and acceptance of new industry standards;•market demand trends;10 •competitive tactics;•our ability to obtain adequate foundry capacity with the appropriate technological capability; and•the number and nature of our competitors in a given market.Companies that compete directly with our businesses include, but are not limited to, Advanced Micro Devices, Inc.(“AMD”), Astera Labs, Inc., Broadcom Inc.(“Broadcom”), Cisco Systems, Inc.(“Cisco”), Credo Technology Group Holding Ltd, Intel Corporation, MACOM Technology Solutions Holdings, Inc., MediaTek Inc., Microchip Technology Inc., Montage Technology, Nvidia Corporation, NXP Semiconductors N.V., Phison Electronics Corporation, Qualcomm Incorporated (“Qualcomm”), Rambus, Inc., Realtek Semiconductor Corporation, Semtech Corporation, Silicon Motion Technology Corporation, and Socionext Inc.",10-K,2023-03-09,2023-03-09T21:03:34.000Z,0001835632-23-000013,mrvl-20230128.htm,0.60,low,0.95,0.570000,0.181625,2023-03-09T21:03:34.000Z,,1,SEC EDGAR,0001835632-23-000013,https://www.sec.gov/Archives/edgar/data/1835632/000183563223000013/mrvl-20230128.htm,deterministic explicit-entity and relation-pattern extraction v2,unique_nasdaq100_match,public_at_sec_acceptance,candidate_review_required
eee61aa7dbf471763dfb2f842537d4771f749f5dc4d4cbf0277cf1a3eb7f7729,NASDAQ100:MDB,NASDAQ100:MSFT,MDB,MSFT,customer,"For example, we have expanded our business partnerships with all three major cloud providers (AWS, GCP and Microsoft Azure) to enhance our joint marketing initiatives, deliver technology integrations that benefit customers and align with our sales strategy.",10-K,2023-03-17,2023-03-17T20:12:05.000Z,0001441816-23-000027,mdb-20230131.htm,0.60,low,0.95,0.570000,0.187307,2023-03-17T20:12:05.000Z,,1,SEC EDGAR,0001441816-23-000027,https://www.sec.gov/Archives/edgar/data/1441816/000144181623000027/mdb-20230131.htm,deterministic explicit-entity and relation-pattern extraction v2,unique_nasdaq100_match,public_at_sec_acceptance,candidate_review_required
84c07e2dbe1766fa0f0a8e18c8432e29299baa69584908e5c161bb0b2da8ecc2,NASDAQ100:MDB,NASDAQ100:MSFT,MDB,MSFT,customer,"We believe that the principal competitive factors in our market are:•mindshare with software developers and IT executives;•product capabilities, including flexibility, scalability, performance, security and reliability;•flexible deployment options, including fully managed as a service or self-managed in the cloud, on-premises or in a hybrid environment;•ease of deployment;•breadth of use cases supported;•ease of integration with existing IT infrastructure;•robustness of professional services and customer support;•price and total cost of ownership;•adherence to industry standards and certifications;•size of customer base and level of user adoption;•strength of sales and marketing efforts; and•brand awareness and reputation.We believe that we compete favorably on the basis of the factors listed above.We primarily compete with established legacy database software providers such as IBM, Microsoft, Oracle and other similar companies.",10-K,2023-03-17,2023-03-17T20:12:05.000Z,0001441816-23-000027,mdb-20230131.htm,0.60,low,0.95,0.570000,0.187307,2023-03-17T20:12:05.000Z,,1,SEC EDGAR,0001441816-23-000027,https://www.sec.gov/Archives/edgar/data/1441816/000144181623000027/mdb-20230131.htm,deterministic explicit-entity and relation-pattern extraction v2,unique_nasdaq100_match,public_at_sec_acceptance,candidate_review_required
ce7be19e8776be019c58cae36e2d830b26ae518a7d6038307ae25f183912a15d,NASDAQ100:MDB,NASDAQ100:MSFT,MDB,MSFT,customer,"We also compete with public cloud providers such as AWS, GCP and Microsoft Azure that offer database functionality and non-relational database software providers.Some of our actual and potential competitors, in particular the legacy database providers and large cloud providers, have advantages over us, such as longer operating histories, more established relationships with current or potential customers and commercial partners, significantly greater financial, technical, marketing or other resources, stronger brand recognition, larger intellectual property portfolios and broader global distribution and presence.",10-K,2023-03-17,2023-03-17T20:12:05.000Z,0001441816-23-000027,mdb-20230131.htm,0.60,low,0.95,0.570000,0.187307,2023-03-17T20:12:05.000Z,,1,SEC EDGAR,0001441816-23-000027,https://www.sec.gov/Archives/edgar/data/1441816/000144181623000027/mdb-20230131.htm,deterministic explicit-entity and relation-pattern extraction v2,unique_nasdaq100_match,public_at_sec_acceptance,candidate_review_required
3140ef44e971af544e52c3a7ceb24b1d9a6c127ccb70f7c94f2520f4805f95b4,NASDAQ100:MDB,NASDAQ100:MSFT,MDB,MSFT,customer,"If we fail to compete effectively with respect to any of these competitive factors, we may fail to attract new customers or lose or fail to renew existing customers, which would cause our business and results of operations to suffer.We primarily compete with established legacy database software providers such as IBM, Microsoft, Oracle and other similar companies.",10-K,2023-03-17,2023-03-17T20:12:05.000Z,0001441816-23-000027,mdb-20230131.htm,0.60,low,0.95,0.570000,0.187307,2023-03-17T20:12:05.000Z,,1,SEC EDGAR,0001441816-23-000027,https://www.sec.gov/Archives/edgar/data/1441816/000144181623000027/mdb-20230131.htm,deterministic explicit-entity and relation-pattern extraction v2,unique_nasdaq100_match,public_at_sec_acceptance,candidate_review_required
06d6020fef2e5034a60c543394e988fc5df49e033bdc54d2d1b085d443b7f218,NASDAQ100:MSFT,NASDAQ100:MDB,MSFT,MDB,supplier,"Built for resilience, scale, and security, MongoDB Atlas is available in more than 100 regions worldwide across all three major cloud providers (Amazon Web Services (‘‘AWS’’), Google Cloud Platform (‘‘GCP’’) and Microsoft Azure), enabling our customers to leverage the benefits of different cloud platforms for different use cases and helping them avoid 5Table of Contentsinfrastructure vendor lock-in.",10-K,2023-03-17,2023-03-17T20:12:05.000Z,0001441816-23-000027,mdb-20230131.htm,0.60,low,0.95,0.570000,0.187307,2023-03-17T20:12:05.000Z,,1,SEC EDGAR,0001441816-23-000027,https://www.sec.gov/Archives/edgar/data/1441816/000144181623000027/mdb-20230131.htm,deterministic explicit-entity and relation-pattern extraction v2,unique_nasdaq100_match,public_at_sec_acceptance,candidate_review_required
891a50e7ed7845cdac700e404a8cd6a638715349f0a279a0ce184fdd6a927d23,NASDAQ100:MSFT,NASDAQ100:MDB,MSFT,MDB,supplier,"The loss of a substantial number of our partners, our possible inability to replace them, or the failure to recruit additional partners could harm our growth objectives and results of operations.We rely upon third-party cloud providers to host our cloud offering; any disruption of or interference with our use of third-party cloud providers would adversely affect our business, results of operations and financial condition.We outsource substantially all of the infrastructure relating to MongoDB Atlas across AWS, Microsoft Azure and GCP to host our cloud offering.",10-K,2023-03-17,2023-03-17T20:12:05.000Z,0001441816-23-000027,mdb-20230131.htm,0.60,low,0.95,0.570000,0.187307,2023-03-17T20:12:05.000Z,,1,SEC EDGAR,0001441816-23-000027,https://www.sec.gov/Archives/edgar/data/1441816/000144181623000027/mdb-20230131.htm,deterministic explicit-entity and relation-pattern extraction v2,unique_nasdaq100_match,public_at_sec_acceptance,candidate_review_required
2cf62d248bf95c97d0b1810e189b1b6a7bd8c0a2beb14151fa7025e25e490c49,NASDAQ100:MSFT,NASDAQ100:SPLK,MSFT,SPLK,supplier,"Nevertheless, the attack on on-premise Microsoft Exchange services and the Log4j vulnerability, which could be exploited to allow unauthorized actors to execute code remotely, highlight the risk that third-party products and open-source software we use may contain vulnerabilities that can be exploited by adversaries.",10-K,2023-03-23,2023-03-23T16:13:18.000Z,0001353283-23-000011,splk-20230131.htm,0.60,low,0.95,0.570000,0.191685,2023-03-23T16:13:18.000Z,,1,SEC EDGAR,0001353283-23-000011,https://www.sec.gov/Archives/edgar/data/1353283/000135328323000011/splk-20230131.htm,deterministic explicit-entity and relation-pattern extraction v2,unique_nasdaq100_match,public_at_sec_acceptance,candidate_review_required
95ddb37d2eac9afe62cc45061dcc586cf66d92ce5714ca7ddf048e7c4012c1f4,NASDAQ100:GFS,NASDAQ100:AMD,GFS,AMD,customer,"For the year 2022, our top ten customers, based on wafer shipment volume, included some of the largest semiconductor companies in the world: Advanced Micro Devices, Inc. (“AMD”), Cirrus Logic, Inc. (“Cirrus Logic”), Infineon Technologies AG (“Infineon”), Marvell Technology Inc., MediaTek Inc. (“MediaTek”), NXP Semiconductors N.V. (“NXP”), Qorvo, Inc. (“Qorvo”), Qualcomm Inc. (“Qualcomm”), Samsung Electronics Co., Ltd. (“Samsung”), and Skyworks Solutions, Inc. (“Skyworks”).",20-F,2023-04-14,2023-04-14T20:40:05.000Z,0001709048-23-000013,gfs-20221231.htm,0.60,low,0.95,0.570000,0.208632,2023-04-14T20:40:05.000Z,,1,SEC EDGAR,0001709048-23-000013,https://www.sec.gov/Archives/edgar/data/1709048/000170904823000013/gfs-20221231.htm,deterministic explicit-entity and relation-pattern extraction v2,unique_nasdaq100_match,public_at_sec_acceptance,candidate_review_required
7e9bc7adba6647ad1144594e8e452459d52c49f307b3d56241f12b1ec738ec51,NASDAQ100:GFS,NASDAQ100:MRVL,GFS,MRVL,customer,"For the year 2022, our top ten customers, based on wafer shipment volume, included some of the largest semiconductor companies in the world: Advanced Micro Devices, Inc. (“AMD”), Cirrus Logic, Inc. (“Cirrus Logic”), Infineon Technologies AG (“Infineon”), Marvell Technology Inc., MediaTek Inc. (“MediaTek”), NXP Semiconductors N.V. (“NXP”), Qorvo, Inc. (“Qorvo”), Qualcomm Inc. (“Qualcomm”), Samsung Electronics Co., Ltd. (“Samsung”), and Skyworks Solutions, Inc. (“Skyworks”).",20-F,2023-04-14,2023-04-14T20:40:05.000Z,0001709048-23-000013,gfs-20221231.htm,0.60,low,0.95,0.570000,0.208632,2023-04-14T20:40:05.000Z,,1,SEC EDGAR,0001709048-23-000013,https://www.sec.gov/Archives/edgar/data/1709048/000170904823000013/gfs-20221231.htm,deterministic explicit-entity and relation-pattern extraction v2,unique_nasdaq100_match,public_at_sec_acceptance,candidate_review_required
ff1a910d2024da326ed2e1845dddf618edcdd585fe3133f061f55ff630acb84d,NASDAQ100:GFS,NASDAQ100:NXPI,GFS,NXPI,customer,"For the year 2022, our top ten customers, based on wafer shipment volume, included some of the largest semiconductor companies in the world: Advanced Micro Devices, Inc. (“AMD”), Cirrus Logic, Inc. (“Cirrus Logic”), Infineon Technologies AG (“Infineon”), Marvell Technology Inc., MediaTek Inc. (“MediaTek”), NXP Semiconductors N.V. (“NXP”), Qorvo, Inc. (“Qorvo”), Qualcomm Inc. (“Qualcomm”), Samsung Electronics Co., Ltd. (“Samsung”), and Skyworks Solutions, Inc. (“Skyworks”).",20-F,2023-04-14,2023-04-14T20:40:05.000Z,0001709048-23-000013,gfs-20221231.htm,0.60,low,0.95,0.570000,0.208632,2023-04-14T20:40:05.000Z,,1,SEC EDGAR,0001709048-23-000013,https://www.sec.gov/Archives/edgar/data/1709048/000170904823000013/gfs-20221231.htm,deterministic explicit-entity and relation-pattern extraction v2,unique_nasdaq100_match,public_at_sec_acceptance,candidate_review_required
9799f162c0bc4c09ff8260f3ec99ded2047a92248db7680a6ce641fb41a23a0a,NASDAQ100:ON,NASDAQ100:GFS,ON,GFS,supplier,"The Company expects to complete the restructuring initiative over the next twelve months.9.Finance Expenses(in millions)202220212020Interest on long-term debt$69 $72 $98 Interest on lease obligations23 27 35 Commitment fees and amortization of debt issuance costs13 12 18 Accretion costs and other6 3 3 Total finance expenses$111 $114 $154 10.Gain on Sale of a BusinessIn April 2019, the Company entered into an Asset Purchase Agreement with Semiconductor Components Industries, LLC (“ON Semiconductor”) pursuant to which the Company agreed to transfer substantially all the assets and employees related to our East Fishkill (“EFK”) business.",20-F,2023-04-14,2023-04-14T20:40:05.000Z,0001709048-23-000013,gfs-20221231.htm,0.60,low,0.95,0.570000,0.208632,2023-04-14T20:40:05.000Z,,1,SEC EDGAR,0001709048-23-000013,https://www.sec.gov/Archives/edgar/data/1709048/000170904823000013/gfs-20221231.htm,deterministic explicit-entity and relation-pattern extraction v2,unique_nasdaq100_match,public_at_sec_acceptance,candidate_review_required
fed3bd6ec9da5d170b453ad0a8c0bd527d2c03f84406ed22d44922b1ec7877ea,NASDAQ100:AAPL,NASDAQ100:EA,AAPL,EA,supplier,"If significant employee populations were to unionize, we could experience operational changes that may materially impact our business.We rely on the consoles, systems and devices of partners who have significant influence over the products and services that we offer in the marketplace.A significant percentage of our digital net revenue is attributable to sales of products and services through our significant partners, including Sony, Microsoft, Apple and Google.",10-K,2023-05-24,2023-05-24T20:19:51.000Z,0000712515-23-000028,ea-20230331.htm,0.60,low,0.95,0.570000,0.243376,2023-05-24T20:19:51.000Z,,1,SEC EDGAR,0000712515-23-000028,https://www.sec.gov/Archives/edgar/data/712515/000071251523000028/ea-20230331.htm,deterministic explicit-entity and relation-pattern extraction v2,unique_nasdaq100_match,public_at_sec_acceptance,candidate_review_required
d5e6084147e89bb5a547ad6a74111068d9e55dbc242ab47c304225a468d4450e,NASDAQ100:EA,NASDAQ100:AAPL,EA,AAPL,customer,"During the fiscal year ended March 31, 2022, this increase to our Estimated Offering Period resulted in decreases in net revenue of $131 million, net income of $100 million, and diluted earnings per share of $0.35.25Table of ContentsPrincipal Agent ConsiderationsWe evaluate sales to end customers of our full games and related content via third-party storefronts, including digital storefronts such as Microsoft’s Xbox Store, Sony’s PlayStation Store, Apple App Store, and Google Play Store, in order to determine whether or not we are acting as the principal in the sale to the end customer, which we consider in determining if revenue should be reported gross or net of fees retained by the third-party storefront.",10-K,2023-05-24,2023-05-24T20:19:51.000Z,0000712515-23-000028,ea-20230331.htm,0.60,low,0.95,0.570000,0.243376,2023-05-24T20:19:51.000Z,,1,SEC EDGAR,0000712515-23-000028,https://www.sec.gov/Archives/edgar/data/712515/000071251523000028/ea-20230331.htm,deterministic explicit-entity and relation-pattern extraction v2,unique_nasdaq100_match,public_at_sec_acceptance,candidate_review_required
734394c514bd0255e0b2c78d61eecab2d60a2b1517283a35f6c1f23606293a50,NASDAQ100:EA,NASDAQ100:AAPL,EA,AAPL,customer,"However, for sales arrangements via Apple App Store and Google Play Store, EA is considered the principal to the end customer and thus, we report revenue on a gross basis and mobile platform fees are reported within cost of revenue.Income TaxesWe recognize deferred tax assets and liabilities for both (1) the expected impact of differences between the financial statement amount and the tax basis of assets and liabilities and (2) the expected future tax benefit to be derived from tax losses and tax credit carryforwards.",10-K,2023-05-24,2023-05-24T20:19:51.000Z,0000712515-23-000028,ea-20230331.htm,0.60,low,0.95,0.570000,0.243376,2023-05-24T20:19:51.000Z,,1,SEC EDGAR,0000712515-23-000028,https://www.sec.gov/Archives/edgar/data/712515/000071251523000028/ea-20230331.htm,deterministic explicit-entity and relation-pattern extraction v2,unique_nasdaq100_match,public_at_sec_acceptance,candidate_review_required
3045bb6a468d2713901b3d903116a8f0d621006be17ec6ac9368fc54c48f9f2c,NASDAQ100:EA,NASDAQ100:AAPL,EA,AAPL,customer,"Generally, revenue is recognized as the services are provided.Principal Agent ConsiderationsWe evaluate sales to end customers of our full games and related content via third-party storefronts, including digital storefronts such as Microsoft’s Xbox Store, Sony’s PlayStation Store, Apple App Store, and Google Play Store, in order to determine whether or not we are acting as the principal in the sale to the end customer, which we consider in determining if revenue should be reported gross or net of fees retained by the third-party storefront.",10-K,2023-05-24,2023-05-24T20:19:51.000Z,0000712515-23-000028,ea-20230331.htm,0.60,low,0.95,0.570000,0.243376,2023-05-24T20:19:51.000Z,,1,SEC EDGAR,0000712515-23-000028,https://www.sec.gov/Archives/edgar/data/712515/000071251523000028/ea-20230331.htm,deterministic explicit-entity and relation-pattern extraction v2,unique_nasdaq100_match,public_at_sec_acceptance,candidate_review_required
12d1d5c8945b255826e9ba87c4c28abe5cb9e35269562c4fc78ae94c8f4f9f90,NASDAQ100:EA,NASDAQ100:AAPL,EA,AAPL,customer,"However, for sales arrangements via Apple App Store and Google Play Store, EA is considered the principal to the end customer and thus, we report revenue on a gross basis and mobile platform fees are reported within cost of revenue.Payment TermsSubstantially all of our transactions have payment terms, whether customary or on an extended basis, of less than one year; therefore, we generally do not adjust the transaction price for the effects of any potential financing components that may exist.Sales and Value-Added TaxesRevenue is recorded net of taxes assessed by governmental authorities that are imposed at the time of the specific revenue-producing transaction between us and our customer, such as sales and value-added taxes.Sales Returns and Price Protection ReservesSales returns and price protection are considered variable consideration under ASC 606.",10-K,2023-05-24,2023-05-24T20:19:51.000Z,0000712515-23-000028,ea-20230331.htm,0.60,low,0.95,0.570000,0.243376,2023-05-24T20:19:51.000Z,,1,SEC EDGAR,0000712515-23-000028,https://www.sec.gov/Archives/edgar/data/712515/000071251523000028/ea-20230331.htm,deterministic explicit-entity and relation-pattern extraction v2,unique_nasdaq100_match,public_at_sec_acceptance,candidate_review_required
4c014983a61d5e9d31d370e79f068863d83e56e742debe05d8358970bfd74a7c,NASDAQ100:EA,NASDAQ100:MSFT,EA,MSFT,customer,"Our direct sales to Sony and Microsoft represented approximately 32 percent and 16 percent of total net revenue, respectively, in fiscal year 2023.",10-K,2023-05-24,2023-05-24T20:19:51.000Z,0000712515-23-000028,ea-20230331.htm,0.97,high,0.95,0.921500,0.393457,2023-05-24T20:19:51.000Z,,1,SEC EDGAR,0000712515-23-000028,https://www.sec.gov/Archives/edgar/data/712515/000071251523000028/ea-20230331.htm,deterministic explicit-entity and relation-pattern extraction v2,unique_nasdaq100_match,public_at_sec_acceptance,accepted
d202e092e3d97c8b470270c026b5955c3c024f406c6d4389b99032521465216a,NASDAQ100:EA,NASDAQ100:MSFT,EA,MSFT,customer,"During the fiscal year ended March 31, 2022, this increase to our Estimated Offering Period resulted in decreases in net revenue of $131 million, net income of $100 million, and diluted earnings per share of $0.35.25Table of ContentsPrincipal Agent ConsiderationsWe evaluate sales to end customers of our full games and related content via third-party storefronts, including digital storefronts such as Microsoft’s Xbox Store, Sony’s PlayStation Store, Apple App Store, and Google Play Store, in order to determine whether or not we are acting as the principal in the sale to the end customer, which we consider in determining if revenue should be reported gross or net of fees retained by the third-party storefront.",10-K,2023-05-24,2023-05-24T20:19:51.000Z,0000712515-23-000028,ea-20230331.htm,0.60,low,0.95,0.570000,0.243376,2023-05-24T20:19:51.000Z,,1,SEC EDGAR,0000712515-23-000028,https://www.sec.gov/Archives/edgar/data/712515/000071251523000028/ea-20230331.htm,deterministic explicit-entity and relation-pattern extraction v2,unique_nasdaq100_match,public_at_sec_acceptance,candidate_review_required
97c9e6b945633661368bb8bca9487e7d611c28732e3a90285a8a0ab072cb418d,NASDAQ100:EA,NASDAQ100:MSFT,EA,MSFT,customer,"Generally, revenue is recognized as the services are provided.Principal Agent ConsiderationsWe evaluate sales to end customers of our full games and related content via third-party storefronts, including digital storefronts such as Microsoft’s Xbox Store, Sony’s PlayStation Store, Apple App Store, and Google Play Store, in order to determine whether or not we are acting as the principal in the sale to the end customer, which we consider in determining if revenue should be reported gross or net of fees retained by the third-party storefront.",10-K,2023-05-24,2023-05-24T20:19:51.000Z,0000712515-23-000028,ea-20230331.htm,0.60,low,0.95,0.570000,0.243376,2023-05-24T20:19:51.000Z,,1,SEC EDGAR,0000712515-23-000028,https://www.sec.gov/Archives/edgar/data/712515/000071251523000028/ea-20230331.htm,deterministic explicit-entity and relation-pattern extraction v2,unique_nasdaq100_match,public_at_sec_acceptance,candidate_review_required
9a773e23206d16ac70ff6fc212c00777b373d791b3f045f53d67521b1be4828c,NASDAQ100:EA,NASDAQ100:MSFT,EA,MSFT,customer,"During the fiscal years 2023, 2022, and 2021, approximately 81 percent, 77 percent, and 78 percent, respectively, of our net revenue was derived from our top ten customers and/or platform partners.48Table of ContentsCurrently, a majority of our revenue is derived through sales of products and services playable on hardware consoles from Sony and Microsoft.",10-K,2023-05-24,2023-05-24T20:19:51.000Z,0000712515-23-000028,ea-20230331.htm,0.60,low,0.95,0.570000,0.243376,2023-05-24T20:19:51.000Z,,1,SEC EDGAR,0000712515-23-000028,https://www.sec.gov/Archives/edgar/data/712515/000071251523000028/ea-20230331.htm,deterministic explicit-entity and relation-pattern extraction v2,unique_nasdaq100_match,public_at_sec_acceptance,candidate_review_required
f44d179349a0593c1167ca5108f510495b84d241d4392c86df352f9a555797a1,NASDAQ100:EA,NASDAQ100:MSFT,EA,MSFT,customer,"There were no other countries with net revenue greater than 10 percent.In fiscal year 2023, our direct sales to Sony and Microsoft represented approximately 32 percent and 16 percent of total net revenue, respectively.",10-K,2023-05-24,2023-05-24T20:19:51.000Z,0000712515-23-000028,ea-20230331.htm,0.97,high,0.95,0.921500,0.393457,2023-05-24T20:19:51.000Z,,1,SEC EDGAR,0000712515-23-000028,https://www.sec.gov/Archives/edgar/data/712515/000071251523000028/ea-20230331.htm,deterministic explicit-entity and relation-pattern extraction v2,unique_nasdaq100_match,public_at_sec_acceptance,accepted
bb32234a2b1772dc65deb903a8a4bbbad98d1ddb234f3bdf81a40d71c8cce168,NASDAQ100:EA,NASDAQ100:MSFT,EA,MSFT,customer,"In fiscal year 2022, our direct sales to Sony and Microsoft represented approximately 33 percent and 16 percent of total net revenue, respectively.",10-K,2023-05-24,2023-05-24T20:19:51.000Z,0000712515-23-000028,ea-20230331.htm,0.97,high,0.95,0.921500,0.393457,2023-05-24T20:19:51.000Z,,1,SEC EDGAR,0000712515-23-000028,https://www.sec.gov/Archives/edgar/data/712515/000071251523000028/ea-20230331.htm,deterministic explicit-entity and relation-pattern extraction v2,unique_nasdaq100_match,public_at_sec_acceptance,accepted
b306af0a1ca7d9cdaf8ec20cbf1cd1787e88049fcf1477141418af00b033e943,NASDAQ100:EA,NASDAQ100:MSFT,EA,MSFT,customer,"In fiscal year 2021, our direct sales to Sony and Microsoft represented approximately 36 percent and 18 percent of total net revenue, respectively.80Table of ContentsReport of Independent Registered Public Accounting FirmTo the Stockholders and Board of DirectorsElectronic Arts Inc.:Opinions on the Consolidated Financial Statements and Internal Control Over Financial ReportingWe have audited the accompanying consolidated balance sheets of Electronic Arts Inc. and subsidiaries (the Company) as of April 1, 2023 and April 2, 2022, the related consolidated statements of operations, comprehensive income, stockholders’ equity, and cash flows for each of the fiscal years in the three fiscal year period ended April 1, 2023, and the related notes (collectively, the consolidated financial statements).",10-K,2023-05-24,2023-05-24T20:19:51.000Z,0000712515-23-000028,ea-20230331.htm,0.97,high,0.95,0.921500,0.393457,2023-05-24T20:19:51.000Z,,1,SEC EDGAR,0000712515-23-000028,https://www.sec.gov/Archives/edgar/data/712515/000071251523000028/ea-20230331.htm,deterministic explicit-entity and relation-pattern extraction v2,unique_nasdaq100_match,public_at_sec_acceptance,accepted
1602c3d95054edaa9f507f1fd9eb73bf7675e2ac82dd7b9c5511045e487ec356,NASDAQ100:MSFT,NASDAQ100:EA,MSFT,EA,supplier,"Our transactions for packaged goods products are made pursuant to individual purchase orders, which are accepted on a case-by case basis by Sony or Microsoft (or their designated replicators), as the case may be.",10-K,2023-05-24,2023-05-24T20:19:51.000Z,0000712515-23-000028,ea-20230331.htm,0.60,low,0.95,0.570000,0.243376,2023-05-24T20:19:51.000Z,,1,SEC EDGAR,0000712515-23-000028,https://www.sec.gov/Archives/edgar/data/712515/000071251523000028/ea-20230331.htm,deterministic explicit-entity and relation-pattern extraction v2,unique_nasdaq100_match,public_at_sec_acceptance,candidate_review_required
c8e62f89c4a325470f2b864781dd085519ed6a68e228b1205f0e05a090f2ceb3,NASDAQ100:MSFT,NASDAQ100:EA,MSFT,EA,supplier,"If significant employee populations were to unionize, we could experience operational changes that may materially impact our business.We rely on the consoles, systems and devices of partners who have significant influence over the products and services that we offer in the marketplace.A significant percentage of our digital net revenue is attributable to sales of products and services through our significant partners, including Sony, Microsoft, Apple and Google.",10-K,2023-05-24,2023-05-24T20:19:51.000Z,0000712515-23-000028,ea-20230331.htm,0.60,low,0.95,0.570000,0.243376,2023-05-24T20:19:51.000Z,,1,SEC EDGAR,0000712515-23-000028,https://www.sec.gov/Archives/edgar/data/712515/000071251523000028/ea-20230331.htm,deterministic explicit-entity and relation-pattern extraction v2,unique_nasdaq100_match,public_at_sec_acceptance,candidate_review_required
eb60e4a69240c03e2d6b4ec1ce25cdedb3b0d07e26b07492ffdd31a42cfa35a9,NASDAQ100:AAPL,NASDAQ100:TTWO,AAPL,TTWO,supplier,"As a result, our business and operating results may be more volatile and difficult to predict during console transitions than during other times.Additionally, we derive a significant portion of our revenue from distribution of our games on the Apple App Store and the Google Play Store, and the virtual items we sell in our games are purchased using the payment processing systems of these platform providers.",10-K,2023-05-26,2023-05-26T00:05:25.000Z,0001628280-23-019851,ttwo-20230331.htm,0.60,low,0.95,0.570000,0.245257,2023-05-26T00:05:25.000Z,,1,SEC EDGAR,0001628280-23-019851,https://www.sec.gov/Archives/edgar/data/946581/000162828023019851/ttwo-20230331.htm,deterministic explicit-entity and relation-pattern extraction v2,unique_nasdaq100_match,public_at_sec_acceptance,candidate_review_required
2fe59eac8397cfdbfdea1ebcbb7dbb67324d4e08160d698d1d61f59bd89be439,NASDAQ100:AAPL,NASDAQ100:TTWO,AAPL,TTWO,supplier,"For example, in December 2017, Apple revised its App Store Guidelines to require the disclosure of the odds of receiving certain types of virtual items from “loot boxes” (or similar mechanisms that offer a paid license to randomized virtual items) before customers purchase a license for the virtual items, and in May 2019 Google revised its Play Store policies to require similar disclosures.",10-K,2023-05-26,2023-05-26T00:05:25.000Z,0001628280-23-019851,ttwo-20230331.htm,0.60,low,0.95,0.570000,0.245257,2023-05-26T00:05:25.000Z,,1,SEC EDGAR,0001628280-23-019851,https://www.sec.gov/Archives/edgar/data/946581/000162828023019851/ttwo-20230331.htm,deterministic explicit-entity and relation-pattern extraction v2,unique_nasdaq100_match,public_at_sec_acceptance,candidate_review_required
190cd6be8ecc035fd4c9e33c4fb8808e7901e0bb624abf5e3d9774835e97aef9,NASDAQ100:MSFT,NASDAQ100:TTWO,MSFT,TTWO,supplier,"We place a purchase order for the manufacture of our products with Sony, Nintendo, or Microsoft's approved replicator and then send software code to the manufacturer, together with related artwork, user instructions, warranty information, brochures and packaging designs for approval, defect testing and manufacture.",10-K,2023-05-26,2023-05-26T00:05:25.000Z,0001628280-23-019851,ttwo-20230331.htm,0.60,low,0.95,0.570000,0.245257,2023-05-26T00:05:25.000Z,,1,SEC EDGAR,0001628280-23-019851,https://www.sec.gov/Archives/edgar/data/946581/000162828023019851/ttwo-20230331.htm,deterministic explicit-entity and relation-pattern extraction v2,unique_nasdaq100_match,public_at_sec_acceptance,candidate_review_required
74b5e1b352cc2a99f5a561f955122ac79517592b2bece88becdb7f16e5859af5,NASDAQ100:MSFT,NASDAQ100:TTWO,MSFT,TTWO,supplier,"Failure to enter into any such agreement could also seriously hurt our business.In addition, platform providers, such as Sony and Microsoft, control the networks over which consumers purchase digital products and services for their platforms and through which we provide online game capabilities for our products.",10-K,2023-05-26,2023-05-26T00:05:25.000Z,0001628280-23-019851,ttwo-20230331.htm,0.60,low,0.95,0.570000,0.245257,2023-05-26T00:05:25.000Z,,1,SEC EDGAR,0001628280-23-019851,https://www.sec.gov/Archives/edgar/data/946581/000162828023019851/ttwo-20230331.htm,deterministic explicit-entity and relation-pattern extraction v2,unique_nasdaq100_match,public_at_sec_acceptance,candidate_review_required
91021afa91241310b06cd05bb97d47843a67d455079d1c4311b27b6b422d3493,NASDAQ100:MSFT,NASDAQ100:TTWO,MSFT,TTWO,supplier,"We rely upon third-party digital delivery platforms, such as Microsoft's Xbox Live, PlayStation Network, Steam, Epic, and other third-party service providers, to provide connectivity from the consumer to our digital products and our online services.",10-K,2023-05-26,2023-05-26T00:05:25.000Z,0001628280-23-019851,ttwo-20230331.htm,0.96,high,0.95,0.912000,0.392411,2023-05-26T00:05:25.000Z,,1,SEC EDGAR,0001628280-23-019851,https://www.sec.gov/Archives/edgar/data/946581/000162828023019851/ttwo-20230331.htm,deterministic explicit-entity and relation-pattern extraction v2,unique_nasdaq100_match,public_at_sec_acceptance,accepted
f22a2622d95299c2786dd30f91553c25a8854c47859c3b351806c82d56d25e3e,NASDAQ100:TTWO,NASDAQ100:AAPL,TTWO,AAPL,customer,"Sales to our five largest customers during the fiscal year ended March 31, 2023, accounted for 79.6% of our net revenue, with Sony, Google, Apple, and Microsoft each accounting for more than 10.0% of our net revenue.",10-K,2023-05-26,2023-05-26T00:05:25.000Z,0001628280-23-019851,ttwo-20230331.htm,0.60,low,0.95,0.570000,0.245257,2023-05-26T00:05:25.000Z,,1,SEC EDGAR,0001628280-23-019851,https://www.sec.gov/Archives/edgar/data/946581/000162828023019851/ttwo-20230331.htm,deterministic explicit-entity and relation-pattern extraction v2,unique_nasdaq100_match,public_at_sec_acceptance,candidate_review_required
3c0c6265c9eeb26dfb6f2569b9e6870f281fa4100cb5bcb024103a6d20a7c4dc,NASDAQ100:TTWO,NASDAQ100:AAPL,TTWO,AAPL,supplier,"Increased competition for digital “shelf space” has put channel partners in more favorable bargaining positions in relation to such terms of distribution.We also derive significant revenues from distribution on third‑party mobile and web platforms, such as the Apple App Store, the Google Play Store, and Facebook, which are also our direct competitors and, in some cases, the exclusive means through which our content reaches gamers on those platforms, and most of the virtual currency we sell is purchased using these platform providers’ payment processing systems.",10-K,2023-05-26,2023-05-26T00:05:25.000Z,0001628280-23-019851,ttwo-20230331.htm,0.60,low,0.95,0.570000,0.245257,2023-05-26T00:05:25.000Z,,1,SEC EDGAR,0001628280-23-019851,https://www.sec.gov/Archives/edgar/data/946581/000162828023019851/ttwo-20230331.htm,deterministic explicit-entity and relation-pattern extraction v2,unique_nasdaq100_match,public_at_sec_acceptance,candidate_review_required
95d9e5725d2ff941280844846553c9ef9a5d7973253950e14ce5d7506cd2bbaa,NASDAQ100:TTWO,NASDAQ100:AAPL,TTWO,AAPL,customer,"Sales to our five largest customers during the fiscal year ended March 31, 2023 accounted for 79.6% of our net revenue, with Sony, Google, Apple, and Microsoft each accounting for more than 10.0%.",10-K,2023-05-26,2023-05-26T00:05:25.000Z,0001628280-23-019851,ttwo-20230331.htm,0.60,low,0.95,0.570000,0.245257,2023-05-26T00:05:25.000Z,,1,SEC EDGAR,0001628280-23-019851,https://www.sec.gov/Archives/edgar/data/946581/000162828023019851/ttwo-20230331.htm,deterministic explicit-entity and relation-pattern extraction v2,unique_nasdaq100_match,public_at_sec_acceptance,candidate_review_required
dfcf09d4a4d87ad0ecbcdf907c20b3196732b6c199c9a0ece7f614feb9f2f413,NASDAQ100:TTWO,NASDAQ100:AAPL,TTWO,AAPL,customer,"Refer to Note 2 - Revenue from Contracts with Customers for further information, including changes in deferred revenue during the period.Principal Agent Considerations We offer certain software products via third-party digital storefronts, such as Microsoft’s Xbox Live, Sony’s PlayStation Network, Valve's Steam, Epic Games Store, Apple's App Store, and the Google Play Store.",10-K,2023-05-26,2023-05-26T00:05:25.000Z,0001628280-23-019851,ttwo-20230331.htm,0.60,low,0.95,0.570000,0.245257,2023-05-26T00:05:25.000Z,,1,SEC EDGAR,0001628280-23-019851,https://www.sec.gov/Archives/edgar/data/946581/000162828023019851/ttwo-20230331.htm,deterministic explicit-entity and relation-pattern extraction v2,unique_nasdaq100_match,public_at_sec_acceptance,candidate_review_required
80014080642b138eac7395f65872367e22391cdefc1d05b367353d7ad3883b76,NASDAQ100:TTWO,NASDAQ100:AAPL,TTWO,AAPL,customer,"For sales arrangements via Apple's App Store and the Google Play Store, we have determined that we are the principal to the end user and thus report 70revenue on a gross basis and mobile platform fees charged by these digital storefronts are expensed as incurred and reported within Cost of revenue.Shipping and Handling Shipping and handling costs are incurred to move physical software products to customers.",10-K,2023-05-26,2023-05-26T00:05:25.000Z,0001628280-23-019851,ttwo-20230331.htm,0.60,low,0.95,0.570000,0.245257,2023-05-26T00:05:25.000Z,,1,SEC EDGAR,0001628280-23-019851,https://www.sec.gov/Archives/edgar/data/946581/000162828023019851/ttwo-20230331.htm,deterministic explicit-entity and relation-pattern extraction v2,unique_nasdaq100_match,public_at_sec_acceptance,candidate_review_required
66002a4aa8715bbfb6722e032195ff9efe0a691a8cc74a105d4b8b4e8264902e,NASDAQ100:TTWO,NASDAQ100:MSFT,TTWO,MSFT,customer,The agreements require us to submit products to Microsoft for approval and to make royalty 4payments to Microsoft based on the number of units manufactured or revenue from digitally downloaded content.,10-K,2023-05-26,2023-05-26T00:05:25.000Z,0001628280-23-019851,ttwo-20230331.htm,0.60,low,0.95,0.570000,0.245257,2023-05-26T00:05:25.000Z,,1,SEC EDGAR,0001628280-23-019851,https://www.sec.gov/Archives/edgar/data/946581/000162828023019851/ttwo-20230331.htm,deterministic explicit-entity and relation-pattern extraction v2,unique_nasdaq100_match,public_at_sec_acceptance,candidate_review_required
bbfcc61f7e8fdd3393a6c470c1424c322c860e952fc71e20b0683c276b39462c,NASDAQ100:TTWO,NASDAQ100:MSFT,TTWO,MSFT,customer,"Sales to our five largest customers during the fiscal year ended March 31, 2023, accounted for 79.6% of our net revenue, with Sony, Google, Apple, and Microsoft each accounting for more than 10.0% of our net revenue.",10-K,2023-05-26,2023-05-26T00:05:25.000Z,0001628280-23-019851,ttwo-20230331.htm,0.60,low,0.95,0.570000,0.245257,2023-05-26T00:05:25.000Z,,1,SEC EDGAR,0001628280-23-019851,https://www.sec.gov/Archives/edgar/data/946581/000162828023019851/ttwo-20230331.htm,deterministic explicit-entity and relation-pattern extraction v2,unique_nasdaq100_match,public_at_sec_acceptance,candidate_review_required
daf430f8238c88b43bf0e58118077db4ad75c46ec4f2b74a5323a969b768645e,NASDAQ100:TTWO,NASDAQ100:MSFT,TTWO,MSFT,customer,"We derive a significant portion of our revenue from the sale of products made for video game platforms manufactured by third parties, such as Sony's PlayStation consoles and Microsoft's Xbox consoles, which comprised 43.1% of our net revenue 11by product platform for the fiscal year ended March 31, 2023.",10-K,2023-05-26,2023-05-26T00:05:25.000Z,0001628280-23-019851,ttwo-20230331.htm,0.60,low,0.95,0.570000,0.245257,2023-05-26T00:05:25.000Z,,1,SEC EDGAR,0001628280-23-019851,https://www.sec.gov/Archives/edgar/data/946581/000162828023019851/ttwo-20230331.htm,deterministic explicit-entity and relation-pattern extraction v2,unique_nasdaq100_match,public_at_sec_acceptance,candidate_review_required
9636168a2b7966f51893f50271be5883ea82dfd68feb51abbd8743e44b24a571,NASDAQ100:TTWO,NASDAQ100:MSFT,TTWO,MSFT,customer,"Sales to our five largest customers during the fiscal year ended March 31, 2023 accounted for 79.6% of our net revenue, with Sony, Google, Apple, and Microsoft each accounting for more than 10.0%.",10-K,2023-05-26,2023-05-26T00:05:25.000Z,0001628280-23-019851,ttwo-20230331.htm,0.60,low,0.95,0.570000,0.245257,2023-05-26T00:05:25.000Z,,1,SEC EDGAR,0001628280-23-019851,https://www.sec.gov/Archives/edgar/data/946581/000162828023019851/ttwo-20230331.htm,deterministic explicit-entity and relation-pattern extraction v2,unique_nasdaq100_match,public_at_sec_acceptance,candidate_review_required
23af217a9578d8544ee282969589a5cac505b54ce9cf59d0fe5c96e61a1b9e3a,NASDAQ100:TTWO,NASDAQ100:MSFT,TTWO,MSFT,customer,"Accordingly, console manufacturers like Sony or Microsoft could cause unanticipated delays in the release of our products, as well as increases to projected development, manufacturing, marketing, or distribution costs, any of which could negatively impact our business.Furthermore, our customers may also be placed into bankruptcy, become insolvent, or be liquidated due to economic downturns, global credit contractions, or other factors, for example, as a result of COVID-19.",10-K,2023-05-26,2023-05-26T00:05:25.000Z,0001628280-23-019851,ttwo-20230331.htm,0.60,low,0.95,0.570000,0.245257,2023-05-26T00:05:25.000Z,,1,SEC EDGAR,0001628280-23-019851,https://www.sec.gov/Archives/edgar/data/946581/000162828023019851/ttwo-20230331.htm,deterministic explicit-entity and relation-pattern extraction v2,unique_nasdaq100_match,public_at_sec_acceptance,candidate_review_required
6138be5ac5ee90e82f80309859c7f02cdad5f0ba32c7af6de7ecaa2aabf951cf,NASDAQ100:TTWO,NASDAQ100:MSFT,TTWO,MSFT,customer,"Refer to Note 2 - Revenue from Contracts with Customers for further information, including changes in deferred revenue during the period.Principal Agent Considerations We offer certain software products via third-party digital storefronts, such as Microsoft’s Xbox Live, Sony’s PlayStation Network, Valve's Steam, Epic Games Store, Apple's App Store, and the Google Play Store.",10-K,2023-05-26,2023-05-26T00:05:25.000Z,0001628280-23-019851,ttwo-20230331.htm,0.60,low,0.95,0.570000,0.245257,2023-05-26T00:05:25.000Z,,1,SEC EDGAR,0001628280-23-019851,https://www.sec.gov/Archives/edgar/data/946581/000162828023019851/ttwo-20230331.htm,deterministic explicit-entity and relation-pattern extraction v2,unique_nasdaq100_match,public_at_sec_acceptance,candidate_review_required
7d9601ee40fd208b88d808fa50e213458f37393b901e47b62d92becfd2af847a,NASDAQ100:CTAS,NASDAQ100:WDAY,CTAS,WDAY,customer,"With products and services including uniforms, mats, mops, restroom supplies, first aid and safety products, fire extinguishers and testing, and safety training, Cintas helps customers get Ready for the Workday®.",10-K,2023-07-27,2023-07-27T17:14:03.000Z,0000723254-23-000025,ctas-20230531.htm,0.60,low,0.95,0.570000,0.311394,2023-07-27T17:14:03.000Z,,1,SEC EDGAR,0000723254-23-000025,https://www.sec.gov/Archives/edgar/data/723254/000072325423000025/ctas-20230531.htm,deterministic explicit-entity and relation-pattern extraction v2,unique_nasdaq100_match,public_at_sec_acceptance,candidate_review_required
b78e9ab7e573c29264627172cfb6c34e0b30cc3871ebf8f31eb8c937ae295e87,NASDAQ100:MSFT,NASDAQ100:AAPL,MSFT,AAPL,supplier,"Competition Competitors to Office include software and global application vendors, such as Apple, Cisco Systems, Meta, Google, Okta, Proofpoint, Slack, Symantec, Zoom, and numerous web-based and mobile application competitors as well as local application developers.",10-K,2023-07-27,2023-07-27T20:01:56.000Z,0000950170-23-035122,msft-20230630.htm,0.60,low,0.95,0.570000,0.311394,2023-07-27T20:01:56.000Z,,1,SEC EDGAR,0000950170-23-035122,https://www.sec.gov/Archives/edgar/data/789019/000095017023035122/msft-20230630.htm,deterministic explicit-entity and relation-pattern extraction v2,unique_nasdaq100_match,public_at_sec_acceptance,candidate_review_required
46501b1fbb3e16b5049332cf8d6c0c0654ea64514cdd5276bde93c401426db3c,NASDAQ100:MSFT,NASDAQ100:AAPL,MSFT,AAPL,customer,"These manufacturers, many of which are also current or potential partners and customers, include Apple and our Windows OEMs.",10-K,2023-07-27,2023-07-27T20:01:56.000Z,0000950170-23-035122,msft-20230630.htm,0.60,low,0.95,0.570000,0.311394,2023-07-27T20:01:56.000Z,,1,SEC EDGAR,0000950170-23-035122,https://www.sec.gov/Archives/edgar/data/789019/000095017023035122/msft-20230630.htm,deterministic explicit-entity and relation-pattern extraction v2,unique_nasdaq100_match,public_at_sec_acceptance,candidate_review_required
5cb4181d1bee9060d40505de59f4ecf980185496555732ad989aa110b0d941ed,NASDAQ100:MSFT,NASDAQ100:CSCO,MSFT,CSCO,supplier,"Competition Competitors to Office include software and global application vendors, such as Apple, Cisco Systems, Meta, Google, Okta, Proofpoint, Slack, Symantec, Zoom, and numerous web-based and mobile application competitors as well as local application developers.",10-K,2023-07-27,2023-07-27T20:01:56.000Z,0000950170-23-035122,msft-20230630.htm,0.60,low,0.95,0.570000,0.311394,2023-07-27T20:01:56.000Z,,1,SEC EDGAR,0000950170-23-035122,https://www.sec.gov/Archives/edgar/data/789019/000095017023035122/msft-20230630.htm,deterministic explicit-entity and relation-pattern extraction v2,unique_nasdaq100_match,public_at_sec_acceptance,candidate_review_required
188e4db0041e99a22b1bd1c14790fda4b5a3b0793795da6097ec9070bfb515d2,NASDAQ100:KLAC,NASDAQ100:AMD,KLAC,AMD,supplier,"The information related to the offsetting arrangements for the periods indicated was as follows:As of June 30, 2023Gross Amounts of Derivatives Not Offset in the Consolidated Balance Sheets(In thousands)Gross Amounts of DerivativesGross Amounts of Derivatives Offset in the Consolidated Balance SheetsNet Amount of Derivatives Presented in the Consolidated Balance SheetsFinancial InstrumentsCash Collateral ReceivedNet AmountDerivatives - assets$35,712 $— $35,712 $(8,968)$— $26,744 Derivatives - liabilities$(12,106)$— $(12,106)$8,968 $— $(3,138)97Table of ContentsAs of June 30, 2022Gross Amounts of Derivatives Not Offset in the Consolidated Balance Sheets(In thousands)Gross Amounts of DerivativesGross Amounts of Derivatives Offset in the Consolidated Balance SheetsNet Amount of Derivatives Presented in the Consolidated Balance SheetsFinancial InstrumentsCash Collateral ReceivedNet AmountDerivatives - assets$40,311 $— $40,311 $(12,291)$— $28,020 Derivatives - liabilities$(34,315)$— $(34,315)$12,291 $— $(22,024)NOTE 18 — RELATED PARTY TRANSACTIONSDuring the fiscal years ended June 30, 2023, 2022 and 2021, we purchased from, or sold to, several entities where one or more of our executive officers or members of our Board of Directors, or their immediate family members were, during the periods presented, an executive officer or a board member of a subsidiary, including Advanced Micro Devices, Inc., Ansys, Inc., HP Inc., Keysight Technologies, Microchip Technology Incorporated and Splunk Inc.",10-K,2023-08-04,2023-08-04T20:09:10.000Z,0000319201-23-000031,klac-20230630.htm,0.60,low,0.95,0.570000,0.321136,2023-08-04T20:09:10.000Z,,1,SEC EDGAR,0000319201-23-000031,https://www.sec.gov/Archives/edgar/data/319201/000031920123000031/klac-20230630.htm,deterministic explicit-entity and relation-pattern extraction v2,unique_nasdaq100_match,public_at_sec_acceptance,candidate_review_required
d5869ba38c85f31fdbf37beef45a669006d235a63f2e852108f558b56ccab54f,NASDAQ100:KLAC,NASDAQ100:ANSS,KLAC,ANSS,supplier,"The information related to the offsetting arrangements for the periods indicated was as follows:As of June 30, 2023Gross Amounts of Derivatives Not Offset in the Consolidated Balance Sheets(In thousands)Gross Amounts of DerivativesGross Amounts of Derivatives Offset in the Consolidated Balance SheetsNet Amount of Derivatives Presented in the Consolidated Balance SheetsFinancial InstrumentsCash Collateral ReceivedNet AmountDerivatives - assets$35,712 $— $35,712 $(8,968)$— $26,744 Derivatives - liabilities$(12,106)$— $(12,106)$8,968 $— $(3,138)97Table of ContentsAs of June 30, 2022Gross Amounts of Derivatives Not Offset in the Consolidated Balance Sheets(In thousands)Gross Amounts of DerivativesGross Amounts of Derivatives Offset in the Consolidated Balance SheetsNet Amount of Derivatives Presented in the Consolidated Balance SheetsFinancial InstrumentsCash Collateral ReceivedNet AmountDerivatives - assets$40,311 $— $40,311 $(12,291)$— $28,020 Derivatives - liabilities$(34,315)$— $(34,315)$12,291 $— $(22,024)NOTE 18 — RELATED PARTY TRANSACTIONSDuring the fiscal years ended June 30, 2023, 2022 and 2021, we purchased from, or sold to, several entities where one or more of our executive officers or members of our Board of Directors, or their immediate family members were, during the periods presented, an executive officer or a board member of a subsidiary, including Advanced Micro Devices, Inc., Ansys, Inc., HP Inc., Keysight Technologies, Microchip Technology Incorporated and Splunk Inc.",10-K,2023-08-04,2023-08-04T20:09:10.000Z,0000319201-23-000031,klac-20230630.htm,0.60,low,0.95,0.570000,0.321136,2023-08-04T20:09:10.000Z,,1,SEC EDGAR,0000319201-23-000031,https://www.sec.gov/Archives/edgar/data/319201/000031920123000031/klac-20230630.htm,deterministic explicit-entity and relation-pattern extraction v2,unique_nasdaq100_match,public_at_sec_acceptance,candidate_review_required
a5e2bfda13be24b3287ba6de22933060eafea68ee7fc4240a6ecd976970161c9,NASDAQ100:KLAC,NASDAQ100:MCHP,KLAC,MCHP,supplier,"The information related to the offsetting arrangements for the periods indicated was as follows:As of June 30, 2023Gross Amounts of Derivatives Not Offset in the Consolidated Balance Sheets(In thousands)Gross Amounts of DerivativesGross Amounts of Derivatives Offset in the Consolidated Balance SheetsNet Amount of Derivatives Presented in the Consolidated Balance SheetsFinancial InstrumentsCash Collateral ReceivedNet AmountDerivatives - assets$35,712 $— $35,712 $(8,968)$— $26,744 Derivatives - liabilities$(12,106)$— $(12,106)$8,968 $— $(3,138)97Table of ContentsAs of June 30, 2022Gross Amounts of Derivatives Not Offset in the Consolidated Balance Sheets(In thousands)Gross Amounts of DerivativesGross Amounts of Derivatives Offset in the Consolidated Balance SheetsNet Amount of Derivatives Presented in the Consolidated Balance SheetsFinancial InstrumentsCash Collateral ReceivedNet AmountDerivatives - assets$40,311 $— $40,311 $(12,291)$— $28,020 Derivatives - liabilities$(34,315)$— $(34,315)$12,291 $— $(22,024)NOTE 18 — RELATED PARTY TRANSACTIONSDuring the fiscal years ended June 30, 2023, 2022 and 2021, we purchased from, or sold to, several entities where one or more of our executive officers or members of our Board of Directors, or their immediate family members were, during the periods presented, an executive officer or a board member of a subsidiary, including Advanced Micro Devices, Inc., Ansys, Inc., HP Inc., Keysight Technologies, Microchip Technology Incorporated and Splunk Inc.",10-K,2023-08-04,2023-08-04T20:09:10.000Z,0000319201-23-000031,klac-20230630.htm,0.60,low,0.95,0.570000,0.321136,2023-08-04T20:09:10.000Z,,1,SEC EDGAR,0000319201-23-000031,https://www.sec.gov/Archives/edgar/data/319201/000031920123000031/klac-20230630.htm,deterministic explicit-entity and relation-pattern extraction v2,unique_nasdaq100_match,public_at_sec_acceptance,candidate_review_required
e4624644ce40a62b5da19d33aa41d363caabc8c530b8753fed4e413635106f34,NASDAQ100:KLAC,NASDAQ100:SPLK,KLAC,SPLK,supplier,"The information related to the offsetting arrangements for the periods indicated was as follows:As of June 30, 2023Gross Amounts of Derivatives Not Offset in the Consolidated Balance Sheets(In thousands)Gross Amounts of DerivativesGross Amounts of Derivatives Offset in the Consolidated Balance SheetsNet Amount of Derivatives Presented in the Consolidated Balance SheetsFinancial InstrumentsCash Collateral ReceivedNet AmountDerivatives - assets$35,712 $— $35,712 $(8,968)$— $26,744 Derivatives - liabilities$(12,106)$— $(12,106)$8,968 $— $(3,138)97Table of ContentsAs of June 30, 2022Gross Amounts of Derivatives Not Offset in the Consolidated Balance Sheets(In thousands)Gross Amounts of DerivativesGross Amounts of Derivatives Offset in the Consolidated Balance SheetsNet Amount of Derivatives Presented in the Consolidated Balance SheetsFinancial InstrumentsCash Collateral ReceivedNet AmountDerivatives - assets$40,311 $— $40,311 $(12,291)$— $28,020 Derivatives - liabilities$(34,315)$— $(34,315)$12,291 $— $(22,024)NOTE 18 — RELATED PARTY TRANSACTIONSDuring the fiscal years ended June 30, 2023, 2022 and 2021, we purchased from, or sold to, several entities where one or more of our executive officers or members of our Board of Directors, or their immediate family members were, during the periods presented, an executive officer or a board member of a subsidiary, including Advanced Micro Devices, Inc., Ansys, Inc., HP Inc., Keysight Technologies, Microchip Technology Incorporated and Splunk Inc.",10-K,2023-08-04,2023-08-04T20:09:10.000Z,0000319201-23-000031,klac-20230630.htm,0.60,low,0.95,0.570000,0.321136,2023-08-04T20:09:10.000Z,,1,SEC EDGAR,0000319201-23-000031,https://www.sec.gov/Archives/edgar/data/319201/000031920123000031/klac-20230630.htm,deterministic explicit-entity and relation-pattern extraction v2,unique_nasdaq100_match,public_at_sec_acceptance,candidate_review_required
a166fce355a3acd25fd7077610e1262753b316740da8df776c51ac9959c1bfa4,NASDAQ100:LRCX,NASDAQ100:ON,LRCX,ON,customer,"In addition, our products are well-suited for related markets that rely on semiconductor processes and require production-proven manufacturing capability, such as complementary metal-oxide-semiconductor image sensors (“CIS”) and micro-electromechanical systems (“MEMS”).Our Customer Support Business Group (“CSBG”) provides products and services to maximize installed equipment performance, predictability, and operational efficiency.",10-K,2023-08-15,2023-08-15T20:04:08.000Z,0000707549-23-000102,lrcx-20230625.htm,0.60,low,0.95,0.570000,0.335031,2023-08-15T20:04:08.000Z,,1,SEC EDGAR,0000707549-23-000102,https://www.sec.gov/Archives/edgar/data/707549/000070754923000102/lrcx-20230625.htm,deterministic explicit-entity and relation-pattern extraction v2,unique_nasdaq100_match,public_at_sec_acceptance,candidate_review_required
667058631ae0c039d53f8bc2f422c3d30ab42d7eaa017fb1e49ccdb2cf14cb16,NASDAQ100:TEAM,NASDAQ100:GOOG,TEAM,GOOG,customer,"Data-driven marketing is an important part of our business model, which focuses on continuous product improvement and automation in customer engagement and service.Our Competition10Our products serve teams of all shapes and sizes in every industry, from software and technical teams to IT and service teams, to a broad array of business teams.Our competitors range from large technology vendors to new and emerging businesses in each of the markets we serve:•Software Teams - Our competitors include large technology vendors, including Microsoft (including GitHub) and IBM, and smaller companies like Gitlab that offer project management, collaboration and developer tools.•IT Teams - Our competitors range from cloud vendors, including ServiceNow, PagerDuty, and Freshworks, to legacy vendors such as BMC Software (Remedy) that offer service desk solutions.•Business Teams - Our competitors range from large technology vendors, including Microsoft and Alphabet, that offer a suite of products, to smaller companies like Asana, Monday.com, Notion and Smartsheet, which offer point solutions for team collaboration.In most cases, due to the flexibility and breadth of our products, we co-exist within our own customer base alongside many of our competitors’ products, such as Microsoft, Gitlab, ServiceNow and Asana.The principal competitive factors in our markets include product capabilities, flexibility, total cost of ownership, ease of access and use, performance and scalability, integration, customer satisfaction and global reach.",10-K,2023-08-18,2023-08-18T20:06:59.000Z,0001650372-23-000040,team-20230630.htm,0.60,low,0.95,0.570000,0.338924,2023-08-18T20:06:59.000Z,,1,SEC EDGAR,0001650372-23-000040,https://www.sec.gov/Archives/edgar/data/1650372/000165037223000040/team-20230630.htm,deterministic explicit-entity and relation-pattern extraction v2,unique_nasdaq100_match,public_at_sec_acceptance,candidate_review_required
b97c21da4116ba540f93261c745755f1a27052adb3a20c61ed016f00c240409e,NASDAQ100:TEAM,NASDAQ100:GOOG,TEAM,GOOG,supplier,"Our principal competitors vary depending on the product category and include Microsoft (including GitHub), IBM, Alphabet, ServiceNow, PagerDuty, Gitlab, Freshworks, Asana, Monday.com, Notion and Smartsheet.",10-K,2023-08-18,2023-08-18T20:06:59.000Z,0001650372-23-000040,team-20230630.htm,0.60,low,0.95,0.570000,0.338924,2023-08-18T20:06:59.000Z,,1,SEC EDGAR,0001650372-23-000040,https://www.sec.gov/Archives/edgar/data/1650372/000165037223000040/team-20230630.htm,deterministic explicit-entity and relation-pattern extraction v2,unique_nasdaq100_match,public_at_sec_acceptance,candidate_review_required
11174e7331a167ca419ad4b25b79eb5efe52a69dd3987405fb8ad5d8ee21767f,NASDAQ100:TEAM,NASDAQ100:GOOGL,TEAM,GOOGL,customer,"Data-driven marketing is an important part of our business model, which focuses on continuous product improvement and automation in customer engagement and service.Our Competition10Our products serve teams of all shapes and sizes in every industry, from software and technical teams to IT and service teams, to a broad array of business teams.Our competitors range from large technology vendors to new and emerging businesses in each of the markets we serve:•Software Teams - Our competitors include large technology vendors, including Microsoft (including GitHub) and IBM, and smaller companies like Gitlab that offer project management, collaboration and developer tools.•IT Teams - Our competitors range from cloud vendors, including ServiceNow, PagerDuty, and Freshworks, to legacy vendors such as BMC Software (Remedy) that offer service desk solutions.•Business Teams - Our competitors range from large technology vendors, including Microsoft and Alphabet, that offer a suite of products, to smaller companies like Asana, Monday.com, Notion and Smartsheet, which offer point solutions for team collaboration.In most cases, due to the flexibility and breadth of our products, we co-exist within our own customer base alongside many of our competitors’ products, such as Microsoft, Gitlab, ServiceNow and Asana.The principal competitive factors in our markets include product capabilities, flexibility, total cost of ownership, ease of access and use, performance and scalability, integration, customer satisfaction and global reach.",10-K,2023-08-18,2023-08-18T20:06:59.000Z,0001650372-23-000040,team-20230630.htm,0.60,low,0.95,0.570000,0.338924,2023-08-18T20:06:59.000Z,,1,SEC EDGAR,0001650372-23-000040,https://www.sec.gov/Archives/edgar/data/1650372/000165037223000040/team-20230630.htm,deterministic explicit-entity and relation-pattern extraction v2,unique_nasdaq100_match,public_at_sec_acceptance,candidate_review_required
e1471a0cda1880ce4a728894aa5d5f6d2f005f35d11eb309881b92a8da5aaddc,NASDAQ100:TEAM,NASDAQ100:GOOGL,TEAM,GOOGL,supplier,"Our principal competitors vary depending on the product category and include Microsoft (including GitHub), IBM, Alphabet, ServiceNow, PagerDuty, Gitlab, Freshworks, Asana, Monday.com, Notion and Smartsheet.",10-K,2023-08-18,2023-08-18T20:06:59.000Z,0001650372-23-000040,team-20230630.htm,0.60,low,0.95,0.570000,0.338924,2023-08-18T20:06:59.000Z,,1,SEC EDGAR,0001650372-23-000040,https://www.sec.gov/Archives/edgar/data/1650372/000165037223000040/team-20230630.htm,deterministic explicit-entity and relation-pattern extraction v2,unique_nasdaq100_match,public_at_sec_acceptance,candidate_review_required
f7002c5946806aaaa6d9235121729c6cf5f70ee031abeb739f11242ff7b7b90c,NASDAQ100:TEAM,NASDAQ100:MSFT,TEAM,MSFT,customer,"Data-driven marketing is an important part of our business model, which focuses on continuous product improvement and automation in customer engagement and service.Our Competition10Our products serve teams of all shapes and sizes in every industry, from software and technical teams to IT and service teams, to a broad array of business teams.Our competitors range from large technology vendors to new and emerging businesses in each of the markets we serve:•Software Teams - Our competitors include large technology vendors, including Microsoft (including GitHub) and IBM, and smaller companies like Gitlab that offer project management, collaboration and developer tools.•IT Teams - Our competitors range from cloud vendors, including ServiceNow, PagerDuty, and Freshworks, to legacy vendors such as BMC Software (Remedy) that offer service desk solutions.•Business Teams - Our competitors range from large technology vendors, including Microsoft and Alphabet, that offer a suite of products, to smaller companies like Asana, Monday.com, Notion and Smartsheet, which offer point solutions for team collaboration.In most cases, due to the flexibility and breadth of our products, we co-exist within our own customer base alongside many of our competitors’ products, such as Microsoft, Gitlab, ServiceNow and Asana.The principal competitive factors in our markets include product capabilities, flexibility, total cost of ownership, ease of access and use, performance and scalability, integration, customer satisfaction and global reach.",10-K,2023-08-18,2023-08-18T20:06:59.000Z,0001650372-23-000040,team-20230630.htm,0.60,low,0.95,0.570000,0.338924,2023-08-18T20:06:59.000Z,,1,SEC EDGAR,0001650372-23-000040,https://www.sec.gov/Archives/edgar/data/1650372/000165037223000040/team-20230630.htm,deterministic explicit-entity and relation-pattern extraction v2,unique_nasdaq100_match,public_at_sec_acceptance,candidate_review_required
d3cef629bdaf15040c6ad3b4fa406178ed1f540572ca97bbc3be66482e1da00e,NASDAQ100:TEAM,NASDAQ100:MSFT,TEAM,MSFT,supplier,"Our principal competitors vary depending on the product category and include Microsoft (including GitHub), IBM, Alphabet, ServiceNow, PagerDuty, Gitlab, Freshworks, Asana, Monday.com, Notion and Smartsheet.",10-K,2023-08-18,2023-08-18T20:06:59.000Z,0001650372-23-000040,team-20230630.htm,0.60,low,0.95,0.570000,0.338924,2023-08-18T20:06:59.000Z,,1,SEC EDGAR,0001650372-23-000040,https://www.sec.gov/Archives/edgar/data/1650372/000165037223000040/team-20230630.htm,deterministic explicit-entity and relation-pattern extraction v2,unique_nasdaq100_match,public_at_sec_acceptance,candidate_review_required
670067d16c95bd6267022a98d270651b96fe637b4eaa3b9f0eebb83706672e85,NASDAQ100:PANW,NASDAQ100:CRWD,PANW,CRWD,supplier,"Our main competitors fall into four categories:•large companies that incorporate security features in their products, such as Cisco Systems, Inc. (“Cisco”), Microsoft, or those that have acquired, or may acquire, security vendors and have the technical and financial resources to bring competitive solutions to the market;•independent security vendors, such as Check Point Software Technologies Ltd. (“Check Point”), Fortinet, Inc. (“Fortinet”), Crowdstrike, Inc. (“Crowdstrike”), and Zscaler, Inc. (“Zscaler”), that offer a mix of security products;- 9 -Table of Contents•startups and point-product vendors that offer independent or emerging solutions across various areas of security; and•public cloud vendors and startups that offer solutions for cloud security (private, public, and hybrid cloud).As our market grows, it will attract more highly specialized vendors, as well as larger vendors that may continue to acquire or bundle their products more effectively.The principal competitive factors in our market include:•product features, reliability, performance, and effectiveness;•product line breadth, diversity, and applicability;•product extensibility and ability to integrate with other technology infrastructures;•price and total cost of ownership;•adherence to industry standards and certifications;•strength of sales and marketing efforts; and•brand awareness and reputation.We believe we generally compete favorably with our competitors on the basis of these factors as a result of the features and performance of our portfolio, the ease of integration of our security solutions with technological infrastructures, and the relatively low total cost of ownership of our products.",10-K,2023-09-01,2023-09-01T20:15:43.000Z,0001327567-23-000024,panw-20230731.htm,0.60,low,0.95,0.570000,0.357697,2023-09-01T20:15:43.000Z,,1,SEC EDGAR,0001327567-23-000024,https://www.sec.gov/Archives/edgar/data/1327567/000132756723000024/panw-20230731.htm,deterministic explicit-entity and relation-pattern extraction v2,unique_nasdaq100_match,public_at_sec_acceptance,candidate_review_required
b0a728ce51c036222e7e05146dbac6b4222ec8b35f856347477f86175d21af9e,NASDAQ100:PANW,NASDAQ100:CRWD,PANW,CRWD,customer,"Our main competitors fall into four categories:•large companies that incorporate security features in their products, such as Cisco, Microsoft, or those that have acquired, or may acquire, security vendors and have the technical and financial resources to bring competitive solutions to the market;•independent security vendors, such as Check Point, Fortinet, Crowdstrike, and Zscaler, that offer a mix of security products;•startups and point-product vendors that offer independent or emerging solutions across various areas of security; and•public cloud vendors and startups that offer solutions for cloud security (private, public, and hybrid cloud).- 19 -Table of ContentsMany of our competitors have greater financial, technical, marketing, sales, and other resources, greater name recognition, longer operating histories, and a larger base of customers than we do.",10-K,2023-09-01,2023-09-01T20:15:43.000Z,0001327567-23-000024,panw-20230731.htm,0.60,low,0.95,0.570000,0.357697,2023-09-01T20:15:43.000Z,,1,SEC EDGAR,0001327567-23-000024,https://www.sec.gov/Archives/edgar/data/1327567/000132756723000024/panw-20230731.htm,deterministic explicit-entity and relation-pattern extraction v2,unique_nasdaq100_match,public_at_sec_acceptance,candidate_review_required
a087bc1f14ed5503bfeea6ece89dd464a3cdca26752c8235654b1de93dda844e,NASDAQ100:PANW,NASDAQ100:CSCO,PANW,CSCO,supplier,"Our main competitors fall into four categories:•large companies that incorporate security features in their products, such as Cisco Systems, Inc. (“Cisco”), Microsoft, or those that have acquired, or may acquire, security vendors and have the technical and financial resources to bring competitive solutions to the market;•independent security vendors, such as Check Point Software Technologies Ltd. (“Check Point”), Fortinet, Inc. (“Fortinet”), Crowdstrike, Inc. (“Crowdstrike”), and Zscaler, Inc. (“Zscaler”), that offer a mix of security products;- 9 -Table of Contents•startups and point-product vendors that offer independent or emerging solutions across various areas of security; and•public cloud vendors and startups that offer solutions for cloud security (private, public, and hybrid cloud).As our market grows, it will attract more highly specialized vendors, as well as larger vendors that may continue to acquire or bundle their products more effectively.The principal competitive factors in our market include:•product features, reliability, performance, and effectiveness;•product line breadth, diversity, and applicability;•product extensibility and ability to integrate with other technology infrastructures;•price and total cost of ownership;•adherence to industry standards and certifications;•strength of sales and marketing efforts; and•brand awareness and reputation.We believe we generally compete favorably with our competitors on the basis of these factors as a result of the features and performance of our portfolio, the ease of integration of our security solutions with technological infrastructures, and the relatively low total cost of ownership of our products.",10-K,2023-09-01,2023-09-01T20:15:43.000Z,0001327567-23-000024,panw-20230731.htm,0.60,low,0.95,0.570000,0.357697,2023-09-01T20:15:43.000Z,,1,SEC EDGAR,0001327567-23-000024,https://www.sec.gov/Archives/edgar/data/1327567/000132756723000024/panw-20230731.htm,deterministic explicit-entity and relation-pattern extraction v2,unique_nasdaq100_match,public_at_sec_acceptance,candidate_review_required
935e0e3b6edefad9e58a2163a922c568ff101347d0d5634e6d3a20836211fe8e,NASDAQ100:PANW,NASDAQ100:FTNT,PANW,FTNT,supplier,"Our main competitors fall into four categories:•large companies that incorporate security features in their products, such as Cisco Systems, Inc. (“Cisco”), Microsoft, or those that have acquired, or may acquire, security vendors and have the technical and financial resources to bring competitive solutions to the market;•independent security vendors, such as Check Point Software Technologies Ltd. (“Check Point”), Fortinet, Inc. (“Fortinet”), Crowdstrike, Inc. (“Crowdstrike”), and Zscaler, Inc. (“Zscaler”), that offer a mix of security products;- 9 -Table of Contents•startups and point-product vendors that offer independent or emerging solutions across various areas of security; and•public cloud vendors and startups that offer solutions for cloud security (private, public, and hybrid cloud).As our market grows, it will attract more highly specialized vendors, as well as larger vendors that may continue to acquire or bundle their products more effectively.The principal competitive factors in our market include:•product features, reliability, performance, and effectiveness;•product line breadth, diversity, and applicability;•product extensibility and ability to integrate with other technology infrastructures;•price and total cost of ownership;•adherence to industry standards and certifications;•strength of sales and marketing efforts; and•brand awareness and reputation.We believe we generally compete favorably with our competitors on the basis of these factors as a result of the features and performance of our portfolio, the ease of integration of our security solutions with technological infrastructures, and the relatively low total cost of ownership of our products.",10-K,2023-09-01,2023-09-01T20:15:43.000Z,0001327567-23-000024,panw-20230731.htm,0.60,low,0.95,0.570000,0.357697,2023-09-01T20:15:43.000Z,,1,SEC EDGAR,0001327567-23-000024,https://www.sec.gov/Archives/edgar/data/1327567/000132756723000024/panw-20230731.htm,deterministic explicit-entity and relation-pattern extraction v2,unique_nasdaq100_match,public_at_sec_acceptance,candidate_review_required
afd3905b696c548bf202a7c9937edec11c6376294321a08ce066d72644ef020e,NASDAQ100:PANW,NASDAQ100:FTNT,PANW,FTNT,customer,"Our main competitors fall into four categories:•large companies that incorporate security features in their products, such as Cisco, Microsoft, or those that have acquired, or may acquire, security vendors and have the technical and financial resources to bring competitive solutions to the market;•independent security vendors, such as Check Point, Fortinet, Crowdstrike, and Zscaler, that offer a mix of security products;•startups and point-product vendors that offer independent or emerging solutions across various areas of security; and•public cloud vendors and startups that offer solutions for cloud security (private, public, and hybrid cloud).- 19 -Table of ContentsMany of our competitors have greater financial, technical, marketing, sales, and other resources, greater name recognition, longer operating histories, and a larger base of customers than we do.",10-K,2023-09-01,2023-09-01T20:15:43.000Z,0001327567-23-000024,panw-20230731.htm,0.60,low,0.95,0.570000,0.357697,2023-09-01T20:15:43.000Z,,1,SEC EDGAR,0001327567-23-000024,https://www.sec.gov/Archives/edgar/data/1327567/000132756723000024/panw-20230731.htm,deterministic explicit-entity and relation-pattern extraction v2,unique_nasdaq100_match,public_at_sec_acceptance,candidate_review_required
0011395deb537ba072516aeeb5ddb099ede301f13ec4fe7d9caf978ec2984529,NASDAQ100:PANW,NASDAQ100:MSFT,PANW,MSFT,customer,"We also offer Cloud NGFW, a managed next-generation firewall (“NGFW”) offering, to secure customers’ applications on Amazon Web Services (“AWS”) and Microsoft Azure (“Azure”).SD-WAN.",10-K,2023-09-01,2023-09-01T20:15:43.000Z,0001327567-23-000024,panw-20230731.htm,0.60,low,0.95,0.570000,0.357697,2023-09-01T20:15:43.000Z,,1,SEC EDGAR,0001327567-23-000024,https://www.sec.gov/Archives/edgar/data/1327567/000132756723000024/panw-20230731.htm,deterministic explicit-entity and relation-pattern extraction v2,unique_nasdaq100_match,public_at_sec_acceptance,candidate_review_required
e2057ccc3b98543b8d95b96b4ca5a369c04b43912dbac98eca71fcbc215142d3,NASDAQ100:PANW,NASDAQ100:MSFT,PANW,MSFT,supplier,"Our main competitors fall into four categories:•large companies that incorporate security features in their products, such as Cisco Systems, Inc. (“Cisco”), Microsoft, or those that have acquired, or may acquire, security vendors and have the technical and financial resources to bring competitive solutions to the market;•independent security vendors, such as Check Point Software Technologies Ltd. (“Check Point”), Fortinet, Inc. (“Fortinet”), Crowdstrike, Inc. (“Crowdstrike”), and Zscaler, Inc. (“Zscaler”), that offer a mix of security products;- 9 -Table of Contents•startups and point-product vendors that offer independent or emerging solutions across various areas of security; and•public cloud vendors and startups that offer solutions for cloud security (private, public, and hybrid cloud).As our market grows, it will attract more highly specialized vendors, as well as larger vendors that may continue to acquire or bundle their products more effectively.The principal competitive factors in our market include:•product features, reliability, performance, and effectiveness;•product line breadth, diversity, and applicability;•product extensibility and ability to integrate with other technology infrastructures;•price and total cost of ownership;•adherence to industry standards and certifications;•strength of sales and marketing efforts; and•brand awareness and reputation.We believe we generally compete favorably with our competitors on the basis of these factors as a result of the features and performance of our portfolio, the ease of integration of our security solutions with technological infrastructures, and the relatively low total cost of ownership of our products.",10-K,2023-09-01,2023-09-01T20:15:43.000Z,0001327567-23-000024,panw-20230731.htm,0.60,low,0.95,0.570000,0.357697,2023-09-01T20:15:43.000Z,,1,SEC EDGAR,0001327567-23-000024,https://www.sec.gov/Archives/edgar/data/1327567/000132756723000024/panw-20230731.htm,deterministic explicit-entity and relation-pattern extraction v2,unique_nasdaq100_match,public_at_sec_acceptance,candidate_review_required
c79429f0c471b570155d30dcab6d80cbbec4bf669dc5e990b75dc935e295b688,NASDAQ100:PANW,NASDAQ100:MSFT,PANW,MSFT,customer,"For fiscal 2023, 49.7% of our total revenue was derived from sales to three distributors.We also sell our VM-Series virtual firewalls directly to end-customers through Amazon’s AWS Marketplace, Microsoft’s Azure Marketplace, and Google’s Cloud Platform Marketplace under a usage-based licensing model.Sales.",10-K,2023-09-01,2023-09-01T20:15:43.000Z,0001327567-23-000024,panw-20230731.htm,0.60,low,0.95,0.570000,0.357697,2023-09-01T20:15:43.000Z,,1,SEC EDGAR,0001327567-23-000024,https://www.sec.gov/Archives/edgar/data/1327567/000132756723000024/panw-20230731.htm,deterministic explicit-entity and relation-pattern extraction v2,unique_nasdaq100_match,public_at_sec_acceptance,candidate_review_required
a4f3333ea6f8719a4308ed7d56315f393588c766c6cd992525bc0774d017e2ac,NASDAQ100:PANW,NASDAQ100:MSFT,PANW,MSFT,customer,"Our main competitors fall into four categories:•large companies that incorporate security features in their products, such as Cisco, Microsoft, or those that have acquired, or may acquire, security vendors and have the technical and financial resources to bring competitive solutions to the market;•independent security vendors, such as Check Point, Fortinet, Crowdstrike, and Zscaler, that offer a mix of security products;•startups and point-product vendors that offer independent or emerging solutions across various areas of security; and•public cloud vendors and startups that offer solutions for cloud security (private, public, and hybrid cloud).- 19 -Table of ContentsMany of our competitors have greater financial, technical, marketing, sales, and other resources, greater name recognition, longer operating histories, and a larger base of customers than we do.",10-K,2023-09-01,2023-09-01T20:15:43.000Z,0001327567-23-000024,panw-20230731.htm,0.60,low,0.95,0.570000,0.357697,2023-09-01T20:15:43.000Z,,1,SEC EDGAR,0001327567-23-000024,https://www.sec.gov/Archives/edgar/data/1327567/000132756723000024/panw-20230731.htm,deterministic explicit-entity and relation-pattern extraction v2,unique_nasdaq100_match,public_at_sec_acceptance,candidate_review_required
e4e9b1365add6355f1ec02c2840e3c1b402be18997997abe23bec14c7e9b8999,NASDAQ100:PANW,NASDAQ100:ZS,PANW,ZS,supplier,"Our main competitors fall into four categories:•large companies that incorporate security features in their products, such as Cisco Systems, Inc. (“Cisco”), Microsoft, or those that have acquired, or may acquire, security vendors and have the technical and financial resources to bring competitive solutions to the market;•independent security vendors, such as Check Point Software Technologies Ltd. (“Check Point”), Fortinet, Inc. (“Fortinet”), Crowdstrike, Inc. (“Crowdstrike”), and Zscaler, Inc. (“Zscaler”), that offer a mix of security products;- 9 -Table of Contents•startups and point-product vendors that offer independent or emerging solutions across various areas of security; and•public cloud vendors and startups that offer solutions for cloud security (private, public, and hybrid cloud).As our market grows, it will attract more highly specialized vendors, as well as larger vendors that may continue to acquire or bundle their products more effectively.The principal competitive factors in our market include:•product features, reliability, performance, and effectiveness;•product line breadth, diversity, and applicability;•product extensibility and ability to integrate with other technology infrastructures;•price and total cost of ownership;•adherence to industry standards and certifications;•strength of sales and marketing efforts; and•brand awareness and reputation.We believe we generally compete favorably with our competitors on the basis of these factors as a result of the features and performance of our portfolio, the ease of integration of our security solutions with technological infrastructures, and the relatively low total cost of ownership of our products.",10-K,2023-09-01,2023-09-01T20:15:43.000Z,0001327567-23-000024,panw-20230731.htm,0.60,low,0.95,0.570000,0.357697,2023-09-01T20:15:43.000Z,,1,SEC EDGAR,0001327567-23-000024,https://www.sec.gov/Archives/edgar/data/1327567/000132756723000024/panw-20230731.htm,deterministic explicit-entity and relation-pattern extraction v2,unique_nasdaq100_match,public_at_sec_acceptance,candidate_review_required
f156355c602c463473cd8930154bc4d7960c30f029d92acadfbffa25a8103d54,NASDAQ100:PANW,NASDAQ100:ZS,PANW,ZS,customer,"Our main competitors fall into four categories:•large companies that incorporate security features in their products, such as Cisco, Microsoft, or those that have acquired, or may acquire, security vendors and have the technical and financial resources to bring competitive solutions to the market;•independent security vendors, such as Check Point, Fortinet, Crowdstrike, and Zscaler, that offer a mix of security products;•startups and point-product vendors that offer independent or emerging solutions across various areas of security; and•public cloud vendors and startups that offer solutions for cloud security (private, public, and hybrid cloud).- 19 -Table of ContentsMany of our competitors have greater financial, technical, marketing, sales, and other resources, greater name recognition, longer operating histories, and a larger base of customers than we do.",10-K,2023-09-01,2023-09-01T20:15:43.000Z,0001327567-23-000024,panw-20230731.htm,0.60,low,0.95,0.570000,0.357697,2023-09-01T20:15:43.000Z,,1,SEC EDGAR,0001327567-23-000024,https://www.sec.gov/Archives/edgar/data/1327567/000132756723000024/panw-20230731.htm,deterministic explicit-entity and relation-pattern extraction v2,unique_nasdaq100_match,public_at_sec_acceptance,candidate_review_required
5fcf08381d11a90d96de2a015cb74d88cbc2b0f7e736c00c734b081c458d402f,NASDAQ100:ZS,NASDAQ100:AVGO,ZS,AVGO,supplier,"Our competitors and potential competitors include legacy on-premises appliance vendors across a number of categories: •independent IT security vendors, such as Check Point Software Technologies Ltd., Fortinet, Inc., Palo Alto Networks, Inc. and Broadcom, which offer a broad mix of network and endpoint security products; •large networking and other vendors, such as Cisco Systems, Inc., Microsoft Corporation and Juniper Networks, Inc., which offer security appliances and/or incorporate security capabilities in their networking products and other services;•companies such as SkyHigh Security (previously McAfee Enterprise), Trellix (a combination of McAfee Enterprise and FireEye, Inc.), Forcepoint Inc. (previously, Websense, Inc.), Netskope, Inc. and Pulse Secure, LLC with point solutions that compete with some of the features of our cloud platform, such as proxy, firewall, CASB, sandboxing and advanced threat protection, data loss prevention, encryption, load balancing and VPN; and •other providers of IT security services that offer, or may leverage related technologies to introduce, products that compete with or are alternatives to our cloud platform.",10-K,2023-09-14,2023-09-14T20:20:27.000Z,0001713683-23-000113,zs-20230731.htm,0.60,low,0.95,0.570000,0.376060,2023-09-14T20:20:27.000Z,,1,SEC EDGAR,0001713683-23-000113,https://www.sec.gov/Archives/edgar/data/1713683/000171368323000113/zs-20230731.htm,deterministic explicit-entity and relation-pattern extraction v2,unique_nasdaq100_match,public_at_sec_acceptance,candidate_review_required
fb448a2ae4dfe220c547773f92a4c4d639c20dcda0b7e19601d9838b53c85686,NASDAQ100:ZS,NASDAQ100:AVGO,ZS,AVGO,supplier,"If we are unable to anticipate or effectively react to these competitive challenges, our competitive position could weaken, and we could experience a decline in revenue or our growth rate that could materially and adversely affect our business and results of operations.Our competitors and potential competitors include:•independent IT security vendors, such as Check Point Software Technologies Ltd., Fortinet, Inc., Palo Alto Networks, Inc. and Broadcom Inc., which offer a broad mix of network and endpoint security products;•large networking and other vendors, such as Cisco Systems, Inc., Microsoft Corporation and Juniper Networks, Inc., which offer security appliances and/or incorporate security capabilities in their networking products and other services;•companies such as Skyhigh Security (previously McAfee Enterprise), Trellix (a combination of McAfee Enterprise and FireEye, Inc.), Forcepoint Inc. (previously, Websense, Inc.), Netskope, Inc. and Pulse Secure, LLC with point solutions that compete with some of the features of our cloud platform, such as proxy, firewall, CASB, sandboxing and advanced threat protection, data loss prevention, encryption, load balancing and VPN; and •other providers of IT security services that offer, or may leverage related technologies to introduce, products that compete with or are alternatives to our cloud platform.",10-K,2023-09-14,2023-09-14T20:20:27.000Z,0001713683-23-000113,zs-20230731.htm,0.60,low,0.95,0.570000,0.376060,2023-09-14T20:20:27.000Z,,1,SEC EDGAR,0001713683-23-000113,https://www.sec.gov/Archives/edgar/data/1713683/000171368323000113/zs-20230731.htm,deterministic explicit-entity and relation-pattern extraction v2,unique_nasdaq100_match,public_at_sec_acceptance,candidate_review_required
5809f7e3d7c5b0019901fa7e3a8c1b2851ef6db46c08cc7c3554485d7e124b1b,NASDAQ100:ZS,NASDAQ100:CSCO,ZS,CSCO,supplier,"Our competitors and potential competitors include legacy on-premises appliance vendors across a number of categories: •independent IT security vendors, such as Check Point Software Technologies Ltd., Fortinet, Inc., Palo Alto Networks, Inc. and Broadcom, which offer a broad mix of network and endpoint security products; •large networking and other vendors, such as Cisco Systems, Inc., Microsoft Corporation and Juniper Networks, Inc., which offer security appliances and/or incorporate security capabilities in their networking products and other services;•companies such as SkyHigh Security (previously McAfee Enterprise), Trellix (a combination of McAfee Enterprise and FireEye, Inc.), Forcepoint Inc. (previously, Websense, Inc.), Netskope, Inc. and Pulse Secure, LLC with point solutions that compete with some of the features of our cloud platform, such as proxy, firewall, CASB, sandboxing and advanced threat protection, data loss prevention, encryption, load balancing and VPN; and •other providers of IT security services that offer, or may leverage related technologies to introduce, products that compete with or are alternatives to our cloud platform.",10-K,2023-09-14,2023-09-14T20:20:27.000Z,0001713683-23-000113,zs-20230731.htm,0.60,low,0.95,0.570000,0.376060,2023-09-14T20:20:27.000Z,,1,SEC EDGAR,0001713683-23-000113,https://www.sec.gov/Archives/edgar/data/1713683/000171368323000113/zs-20230731.htm,deterministic explicit-entity and relation-pattern extraction v2,unique_nasdaq100_match,public_at_sec_acceptance,candidate_review_required
310c64eb3eaec6838529d2a8dbc29690624a71ffe9f49b517c3faf17305b5f21,NASDAQ100:ZS,NASDAQ100:CSCO,ZS,CSCO,supplier,"If we are unable to anticipate or effectively react to these competitive challenges, our competitive position could weaken, and we could experience a decline in revenue or our growth rate that could materially and adversely affect our business and results of operations.Our competitors and potential competitors include:•independent IT security vendors, such as Check Point Software Technologies Ltd., Fortinet, Inc., Palo Alto Networks, Inc. and Broadcom Inc., which offer a broad mix of network and endpoint security products;•large networking and other vendors, such as Cisco Systems, Inc., Microsoft Corporation and Juniper Networks, Inc., which offer security appliances and/or incorporate security capabilities in their networking products and other services;•companies such as Skyhigh Security (previously McAfee Enterprise), Trellix (a combination of McAfee Enterprise and FireEye, Inc.), Forcepoint Inc. (previously, Websense, Inc.), Netskope, Inc. and Pulse Secure, LLC with point solutions that compete with some of the features of our cloud platform, such as proxy, firewall, CASB, sandboxing and advanced threat protection, data loss prevention, encryption, load balancing and VPN; and •other providers of IT security services that offer, or may leverage related technologies to introduce, products that compete with or are alternatives to our cloud platform.",10-K,2023-09-14,2023-09-14T20:20:27.000Z,0001713683-23-000113,zs-20230731.htm,0.60,low,0.95,0.570000,0.376060,2023-09-14T20:20:27.000Z,,1,SEC EDGAR,0001713683-23-000113,https://www.sec.gov/Archives/edgar/data/1713683/000171368323000113/zs-20230731.htm,deterministic explicit-entity and relation-pattern extraction v2,unique_nasdaq100_match,public_at_sec_acceptance,candidate_review_required
78884b0997f9a2143129f80fa3ea588420748eb8fcc7bdb92b48fca10a8e11f5,NASDAQ100:ZS,NASDAQ100:FTNT,ZS,FTNT,supplier,"Our competitors and potential competitors include legacy on-premises appliance vendors across a number of categories: •independent IT security vendors, such as Check Point Software Technologies Ltd., Fortinet, Inc., Palo Alto Networks, Inc. and Broadcom, which offer a broad mix of network and endpoint security products; •large networking and other vendors, such as Cisco Systems, Inc., Microsoft Corporation and Juniper Networks, Inc., which offer security appliances and/or incorporate security capabilities in their networking products and other services;•companies such as SkyHigh Security (previously McAfee Enterprise), Trellix (a combination of McAfee Enterprise and FireEye, Inc.), Forcepoint Inc. (previously, Websense, Inc.), Netskope, Inc. and Pulse Secure, LLC with point solutions that compete with some of the features of our cloud platform, such as proxy, firewall, CASB, sandboxing and advanced threat protection, data loss prevention, encryption, load balancing and VPN; and •other providers of IT security services that offer, or may leverage related technologies to introduce, products that compete with or are alternatives to our cloud platform.",10-K,2023-09-14,2023-09-14T20:20:27.000Z,0001713683-23-000113,zs-20230731.htm,0.60,low,0.95,0.570000,0.376060,2023-09-14T20:20:27.000Z,,1,SEC EDGAR,0001713683-23-000113,https://www.sec.gov/Archives/edgar/data/1713683/000171368323000113/zs-20230731.htm,deterministic explicit-entity and relation-pattern extraction v2,unique_nasdaq100_match,public_at_sec_acceptance,candidate_review_required
7de4f853086616d800d128cd80e26dd25b69eecfeff531f9014e1e5fc4a07cfa,NASDAQ100:ZS,NASDAQ100:FTNT,ZS,FTNT,supplier,"If we are unable to anticipate or effectively react to these competitive challenges, our competitive position could weaken, and we could experience a decline in revenue or our growth rate that could materially and adversely affect our business and results of operations.Our competitors and potential competitors include:•independent IT security vendors, such as Check Point Software Technologies Ltd., Fortinet, Inc., Palo Alto Networks, Inc. and Broadcom Inc., which offer a broad mix of network and endpoint security products;•large networking and other vendors, such as Cisco Systems, Inc., Microsoft Corporation and Juniper Networks, Inc., which offer security appliances and/or incorporate security capabilities in their networking products and other services;•companies such as Skyhigh Security (previously McAfee Enterprise), Trellix (a combination of McAfee Enterprise and FireEye, Inc.), Forcepoint Inc. (previously, Websense, Inc.), Netskope, Inc. and Pulse Secure, LLC with point solutions that compete with some of the features of our cloud platform, such as proxy, firewall, CASB, sandboxing and advanced threat protection, data loss prevention, encryption, load balancing and VPN; and •other providers of IT security services that offer, or may leverage related technologies to introduce, products that compete with or are alternatives to our cloud platform.",10-K,2023-09-14,2023-09-14T20:20:27.000Z,0001713683-23-000113,zs-20230731.htm,0.60,low,0.95,0.570000,0.376060,2023-09-14T20:20:27.000Z,,1,SEC EDGAR,0001713683-23-000113,https://www.sec.gov/Archives/edgar/data/1713683/000171368323000113/zs-20230731.htm,deterministic explicit-entity and relation-pattern extraction v2,unique_nasdaq100_match,public_at_sec_acceptance,candidate_review_required
6e1ab3de0238b5c45207110821354ec43ef957c63caaa505a543867ece33c617,NASDAQ100:ZS,NASDAQ100:MSFT,ZS,MSFT,customer,"7Table of ContentsThe primary use cases for our ZPA solution include: •remote workforce access to private applications without legacy VPN, providing zero trust from office to data center; •providing non-employees with secure access to internal applications; •securely connecting business-to-business, or B2B, customers, service providers and supplier access to applications typically deployed as business to business portals in an extranet; •direct-to-cloud access to internally managed applications hosted in public cloud environments, such as Microsoft Azure, Amazon Web Services, or AWS, and Google Cloud Platform, or GCP; and •access to applications following a merger or acquisition by providing named users with access to named applications, without the need to merge networks.",10-K,2023-09-14,2023-09-14T20:20:27.000Z,0001713683-23-000113,zs-20230731.htm,0.60,low,0.95,0.570000,0.376060,2023-09-14T20:20:27.000Z,,1,SEC EDGAR,0001713683-23-000113,https://www.sec.gov/Archives/edgar/data/1713683/000171368323000113/zs-20230731.htm,deterministic explicit-entity and relation-pattern extraction v2,unique_nasdaq100_match,public_at_sec_acceptance,candidate_review_required
d543accf93d34b89a2980c23eab2d8edcf1bb508526554b51c3d186e7a5578db,NASDAQ100:ZS,NASDAQ100:MSFT,ZS,MSFT,supplier,"Our competitors and potential competitors include legacy on-premises appliance vendors across a number of categories: •independent IT security vendors, such as Check Point Software Technologies Ltd., Fortinet, Inc., Palo Alto Networks, Inc. and Broadcom, which offer a broad mix of network and endpoint security products; •large networking and other vendors, such as Cisco Systems, Inc., Microsoft Corporation and Juniper Networks, Inc., which offer security appliances and/or incorporate security capabilities in their networking products and other services;•companies such as SkyHigh Security (previously McAfee Enterprise), Trellix (a combination of McAfee Enterprise and FireEye, Inc.), Forcepoint Inc. (previously, Websense, Inc.), Netskope, Inc. and Pulse Secure, LLC with point solutions that compete with some of the features of our cloud platform, such as proxy, firewall, CASB, sandboxing and advanced threat protection, data loss prevention, encryption, load balancing and VPN; and •other providers of IT security services that offer, or may leverage related technologies to introduce, products that compete with or are alternatives to our cloud platform.",10-K,2023-09-14,2023-09-14T20:20:27.000Z,0001713683-23-000113,zs-20230731.htm,0.60,low,0.95,0.570000,0.376060,2023-09-14T20:20:27.000Z,,1,SEC EDGAR,0001713683-23-000113,https://www.sec.gov/Archives/edgar/data/1713683/000171368323000113/zs-20230731.htm,deterministic explicit-entity and relation-pattern extraction v2,unique_nasdaq100_match,public_at_sec_acceptance,candidate_review_required
d4472e27ea67d72168584346191ffc7d185213e8f4f43507877be7df14343677,NASDAQ100:ZS,NASDAQ100:MSFT,ZS,MSFT,supplier,"If we are unable to anticipate or effectively react to these competitive challenges, our competitive position could weaken, and we could experience a decline in revenue or our growth rate that could materially and adversely affect our business and results of operations.Our competitors and potential competitors include:•independent IT security vendors, such as Check Point Software Technologies Ltd., Fortinet, Inc., Palo Alto Networks, Inc. and Broadcom Inc., which offer a broad mix of network and endpoint security products;•large networking and other vendors, such as Cisco Systems, Inc., Microsoft Corporation and Juniper Networks, Inc., which offer security appliances and/or incorporate security capabilities in their networking products and other services;•companies such as Skyhigh Security (previously McAfee Enterprise), Trellix (a combination of McAfee Enterprise and FireEye, Inc.), Forcepoint Inc. (previously, Websense, Inc.), Netskope, Inc. and Pulse Secure, LLC with point solutions that compete with some of the features of our cloud platform, such as proxy, firewall, CASB, sandboxing and advanced threat protection, data loss prevention, encryption, load balancing and VPN; and •other providers of IT security services that offer, or may leverage related technologies to introduce, products that compete with or are alternatives to our cloud platform.",10-K,2023-09-14,2023-09-14T20:20:27.000Z,0001713683-23-000113,zs-20230731.htm,0.60,low,0.95,0.570000,0.376060,2023-09-14T20:20:27.000Z,,1,SEC EDGAR,0001713683-23-000113,https://www.sec.gov/Archives/edgar/data/1713683/000171368323000113/zs-20230731.htm,deterministic explicit-entity and relation-pattern extraction v2,unique_nasdaq100_match,public_at_sec_acceptance,candidate_review_required
420527c2e43c4395b48836bc666b5035b1ec7435d7b3347c160f5e3d7688366c,NASDAQ100:ZS,NASDAQ100:PANW,ZS,PANW,supplier,"Our competitors and potential competitors include legacy on-premises appliance vendors across a number of categories: •independent IT security vendors, such as Check Point Software Technologies Ltd., Fortinet, Inc., Palo Alto Networks, Inc. and Broadcom, which offer a broad mix of network and endpoint security products; •large networking and other vendors, such as Cisco Systems, Inc., Microsoft Corporation and Juniper Networks, Inc., which offer security appliances and/or incorporate security capabilities in their networking products and other services;•companies such as SkyHigh Security (previously McAfee Enterprise), Trellix (a combination of McAfee Enterprise and FireEye, Inc.), Forcepoint Inc. (previously, Websense, Inc.), Netskope, Inc. and Pulse Secure, LLC with point solutions that compete with some of the features of our cloud platform, such as proxy, firewall, CASB, sandboxing and advanced threat protection, data loss prevention, encryption, load balancing and VPN; and •other providers of IT security services that offer, or may leverage related technologies to introduce, products that compete with or are alternatives to our cloud platform.",10-K,2023-09-14,2023-09-14T20:20:27.000Z,0001713683-23-000113,zs-20230731.htm,0.60,low,0.95,0.570000,0.376060,2023-09-14T20:20:27.000Z,,1,SEC EDGAR,0001713683-23-000113,https://www.sec.gov/Archives/edgar/data/1713683/000171368323000113/zs-20230731.htm,deterministic explicit-entity and relation-pattern extraction v2,unique_nasdaq100_match,public_at_sec_acceptance,candidate_review_required
fddf88e310f422043db85230e97db676b7fb4e3825c58ca900cc793f4945a97d,NASDAQ100:ZS,NASDAQ100:PANW,ZS,PANW,supplier,"If we are unable to anticipate or effectively react to these competitive challenges, our competitive position could weaken, and we could experience a decline in revenue or our growth rate that could materially and adversely affect our business and results of operations.Our competitors and potential competitors include:•independent IT security vendors, such as Check Point Software Technologies Ltd., Fortinet, Inc., Palo Alto Networks, Inc. and Broadcom Inc., which offer a broad mix of network and endpoint security products;•large networking and other vendors, such as Cisco Systems, Inc., Microsoft Corporation and Juniper Networks, Inc., which offer security appliances and/or incorporate security capabilities in their networking products and other services;•companies such as Skyhigh Security (previously McAfee Enterprise), Trellix (a combination of McAfee Enterprise and FireEye, Inc.), Forcepoint Inc. (previously, Websense, Inc.), Netskope, Inc. and Pulse Secure, LLC with point solutions that compete with some of the features of our cloud platform, such as proxy, firewall, CASB, sandboxing and advanced threat protection, data loss prevention, encryption, load balancing and VPN; and •other providers of IT security services that offer, or may leverage related technologies to introduce, products that compete with or are alternatives to our cloud platform.",10-K,2023-09-14,2023-09-14T20:20:27.000Z,0001713683-23-000113,zs-20230731.htm,0.60,low,0.95,0.570000,0.376060,2023-09-14T20:20:27.000Z,,1,SEC EDGAR,0001713683-23-000113,https://www.sec.gov/Archives/edgar/data/1713683/000171368323000113/zs-20230731.htm,deterministic explicit-entity and relation-pattern extraction v2,unique_nasdaq100_match,public_at_sec_acceptance,candidate_review_required
6823a89382b925e0e65c6a4d1be0c276eb6b0a87305ed3fc5b45b60b20b579cb,NASDAQ100:AAPL,NASDAQ100:QCOM,AAPL,QCOM,supplier,"Apple purchases our MDM (or thin modem) products, which do not include our integrated application processor technology, and which have lower revenue and margin contributions than our combined modem and application processor products.",10-K,2023-11-01,2023-11-01T20:10:50.000Z,0000804328-23-000055,qcom-20230924.htm,0.60,low,0.95,0.570000,0.452409,2023-11-01T20:10:50.000Z,,1,SEC EDGAR,0000804328-23-000055,https://www.sec.gov/Archives/edgar/data/804328/000080432823000055/qcom-20230924.htm,deterministic explicit-entity and relation-pattern extraction v2,unique_nasdaq100_match,public_at_sec_acceptance,candidate_review_required
f2130ec394c250871b2425f73579cee178104001e404a8f64f1736a2a1530731,NASDAQ100:QCOM,NASDAQ100:AAPL,QCOM,AAPL,supplier,"The automotive industry is subject to long design-in time frames, long product life cycles and a high degree of regulatory and safety requirements, necessitating suppliers to the industry to comply with stringent qualification processes, very low defect rates and high reliability standards, all of which results in a significant barrier to entry and may result in increased costs.QCT’s current competitors include, but are not limited to, companies such as Apple, Broadcom, HiSilicon, MediaTek, Mobileye, Nvidia, NXP Semiconductors, Qorvo, Samsung, Skyworks, Texas Instruments and UNISOC.",10-K,2023-11-01,2023-11-01T20:10:50.000Z,0000804328-23-000055,qcom-20230924.htm,0.60,low,0.95,0.570000,0.452409,2023-11-01T20:10:50.000Z,,1,SEC EDGAR,0000804328-23-000055,https://www.sec.gov/Archives/edgar/data/804328/000080432823000055/qcom-20230924.htm,deterministic explicit-entity and relation-pattern extraction v2,unique_nasdaq100_match,public_at_sec_acceptance,candidate_review_required
c4ac7c9ee9fca252091710d4672e23d6c28f5c0519150bb1d1a50b58e7ff85b1,NASDAQ100:QCOM,NASDAQ100:AAPL,QCOM,AAPL,customer,"Consequently, to the extent Apple takes device share from our customers who purchase our integrated modem and application processor products, our revenues and margins may be negatively impacted.The mobile industry has also experienced slowing growth in the premium-tier device segment due to, among other factors, a maturing premium-tier smartphone industry in which demand is increasingly driven by new product launches and innovation cycles.",10-K,2023-11-01,2023-11-01T20:10:50.000Z,0000804328-23-000055,qcom-20230924.htm,0.60,low,0.95,0.570000,0.452409,2023-11-01T20:10:50.000Z,,1,SEC EDGAR,0000804328-23-000055,https://www.sec.gov/Archives/edgar/data/804328/000080432823000055/qcom-20230924.htm,deterministic explicit-entity and relation-pattern extraction v2,unique_nasdaq100_match,public_at_sec_acceptance,candidate_review_required
f189b979ec17be8010350cec283a505734b9f6844e08d56db491ac68ca64cd38,NASDAQ100:QCOM,NASDAQ100:AVGO,QCOM,AVGO,supplier,"The automotive industry is subject to long design-in time frames, long product life cycles and a high degree of regulatory and safety requirements, necessitating suppliers to the industry to comply with stringent qualification processes, very low defect rates and high reliability standards, all of which results in a significant barrier to entry and may result in increased costs.QCT’s current competitors include, but are not limited to, companies such as Apple, Broadcom, HiSilicon, MediaTek, Mobileye, Nvidia, NXP Semiconductors, Qorvo, Samsung, Skyworks, Texas Instruments and UNISOC.",10-K,2023-11-01,2023-11-01T20:10:50.000Z,0000804328-23-000055,qcom-20230924.htm,0.60,low,0.95,0.570000,0.452409,2023-11-01T20:10:50.000Z,,1,SEC EDGAR,0000804328-23-000055,https://www.sec.gov/Archives/edgar/data/804328/000080432823000055/qcom-20230924.htm,deterministic explicit-entity and relation-pattern extraction v2,unique_nasdaq100_match,public_at_sec_acceptance,candidate_review_required
3432e5fc3ff0bed735b7477ec61eef7746239b779dc66bb91905de075affb30e,NASDAQ100:QCOM,NASDAQ100:NVDA,QCOM,NVDA,supplier,"The automotive industry is subject to long design-in time frames, long product life cycles and a high degree of regulatory and safety requirements, necessitating suppliers to the industry to comply with stringent qualification processes, very low defect rates and high reliability standards, all of which results in a significant barrier to entry and may result in increased costs.QCT’s current competitors include, but are not limited to, companies such as Apple, Broadcom, HiSilicon, MediaTek, Mobileye, Nvidia, NXP Semiconductors, Qorvo, Samsung, Skyworks, Texas Instruments and UNISOC.",10-K,2023-11-01,2023-11-01T20:10:50.000Z,0000804328-23-000055,qcom-20230924.htm,0.60,low,0.95,0.570000,0.452409,2023-11-01T20:10:50.000Z,,1,SEC EDGAR,0000804328-23-000055,https://www.sec.gov/Archives/edgar/data/804328/000080432823000055/qcom-20230924.htm,deterministic explicit-entity and relation-pattern extraction v2,unique_nasdaq100_match,public_at_sec_acceptance,candidate_review_required
2265f1a53360a01e445f22e4057ba9bb381f1b8ad8646147269b1213102df2ac,NASDAQ100:QCOM,NASDAQ100:NXPI,QCOM,NXPI,supplier,"The automotive industry is subject to long design-in time frames, long product life cycles and a high degree of regulatory and safety requirements, necessitating suppliers to the industry to comply with stringent qualification processes, very low defect rates and high reliability standards, all of which results in a significant barrier to entry and may result in increased costs.QCT’s current competitors include, but are not limited to, companies such as Apple, Broadcom, HiSilicon, MediaTek, Mobileye, Nvidia, NXP Semiconductors, Qorvo, Samsung, Skyworks, Texas Instruments and UNISOC.",10-K,2023-11-01,2023-11-01T20:10:50.000Z,0000804328-23-000055,qcom-20230924.htm,0.60,low,0.95,0.570000,0.452409,2023-11-01T20:10:50.000Z,,1,SEC EDGAR,0000804328-23-000055,https://www.sec.gov/Archives/edgar/data/804328/000080432823000055/qcom-20230924.htm,deterministic explicit-entity and relation-pattern extraction v2,unique_nasdaq100_match,public_at_sec_acceptance,candidate_review_required
e842b50131b25018fcde6842556805a15a49faab9d69e5db6d95e7ae49f7b32b,NASDAQ100:QCOM,NASDAQ100:TXN,QCOM,TXN,supplier,"The automotive industry is subject to long design-in time frames, long product life cycles and a high degree of regulatory and safety requirements, necessitating suppliers to the industry to comply with stringent qualification processes, very low defect rates and high reliability standards, all of which results in a significant barrier to entry and may result in increased costs.QCT’s current competitors include, but are not limited to, companies such as Apple, Broadcom, HiSilicon, MediaTek, Mobileye, Nvidia, NXP Semiconductors, Qorvo, Samsung, Skyworks, Texas Instruments and UNISOC.",10-K,2023-11-01,2023-11-01T20:10:50.000Z,0000804328-23-000055,qcom-20230924.htm,0.60,low,0.95,0.570000,0.452409,2023-11-01T20:10:50.000Z,,1,SEC EDGAR,0000804328-23-000055,https://www.sec.gov/Archives/edgar/data/804328/000080432823000055/qcom-20230924.htm,deterministic explicit-entity and relation-pattern extraction v2,unique_nasdaq100_match,public_at_sec_acceptance,candidate_review_required
f1efdcc60b765e31719866630865ed18ab80dbb00237fc83d9365b857ef90aeb,NASDAQ100:SBUX,NASDAQ100:PEP,SBUX,PEP,strategic_partner,"A large portion of our Channel Development business operates under a licensed model of the Global Coffee Alliance with Nestlé, while our global ready-to-drink businesses operate under collaborative relationships with PepsiCo, Inc., Tingyi-Ashi Beverages Holding Co., Ltd., Arla Foods amba, Nestlé and others.6Table of ContentsRevenue ComponentsWe generate the majority of our revenues through company-operated stores and licensed stores.",10-K,2023-11-17,2023-11-17T22:31:27.000Z,0000829224-23-000058,sbux-20231001.htm,0.82,medium,0.95,0.779000,0.657586,2023-11-17T22:31:27.000Z,,0,SEC EDGAR,0000829224-23-000058,https://www.sec.gov/Archives/edgar/data/829224/000082922423000058/sbux-20231001.htm,deterministic explicit-entity and relation-pattern extraction v2,unique_nasdaq100_match,public_at_sec_acceptance,accepted
32fb5c7620ca86be76f37b32bbc67c59052a00e1bd6a8c009c7bb66cc8264ee9,NASDAQ100:SNPS,NASDAQ100:ANSS,SNPS,ANSS,customer,"Mahoney held several senior management positions with Ansys, Inc. from 2016 to 2022, including most recently as Senior Vice President of Worldwide Sales, Marketing and Customer Excellence from December 2016 to May 2022.",10-K,2023-12-12,2023-12-12T22:22:32.000Z,0000883241-23-000019,snps-20231031.htm,0.60,low,0.95,0.570000,0.529785,2023-12-12T22:22:32.000Z,,1,SEC EDGAR,0000883241-23-000019,https://www.sec.gov/Archives/edgar/data/883241/000088324123000019/snps-20231031.htm,deterministic explicit-entity and relation-pattern extraction v2,unique_nasdaq100_match,public_at_sec_acceptance,candidate_review_required
559dcec294d38c5b9552d117552d9437f96ff2def99797b5474be56a72bbd101,NASDAQ100:SNPS,NASDAQ100:CDNS,SNPS,CDNS,supplier,"Our competitors include EDA vendors that offer varying ranges of products and services, such as Cadence Design Systems, Inc. and Siemens EDA.",10-K,2023-12-12,2023-12-12T22:22:32.000Z,0000883241-23-000019,snps-20231031.htm,0.60,low,0.95,0.570000,0.529785,2023-12-12T22:22:32.000Z,,1,SEC EDGAR,0000883241-23-000019,https://www.sec.gov/Archives/edgar/data/883241/000088324123000019/snps-20231031.htm,deterministic explicit-entity and relation-pattern extraction v2,unique_nasdaq100_match,public_at_sec_acceptance,candidate_review_required
5b83082e6433758e0545503c78086acdfe385fd3995830dcae17599140329058,NASDAQ100:SNPS,NASDAQ100:CDNS,SNPS,CDNS,customer,"We also compete with other EDA vendors, including new entrants to the marketplace, that offer products focused on one or more discrete phases of the IC design process, as well as with customers’ internally developed design tools and capabilities.Within our Design IP segment, Synopsys competes against numerous other IP providers, including Cadence Design Systems, Inc., and our customers' internally developed IP.",10-K,2023-12-12,2023-12-12T22:22:32.000Z,0000883241-23-000019,snps-20231031.htm,0.60,low,0.95,0.570000,0.529785,2023-12-12T22:22:32.000Z,,1,SEC EDGAR,0000883241-23-000019,https://www.sec.gov/Archives/edgar/data/883241/000088324123000019/snps-20231031.htm,deterministic explicit-entity and relation-pattern extraction v2,unique_nasdaq100_match,public_at_sec_acceptance,candidate_review_required
7ee4a17da2f1b05d0436c9d298484aa4b8ca865cd30b7c317fefcbc34b6ad3f3,NASDAQ100:SNPS,NASDAQ100:CDNS,SNPS,CDNS,customer,"If we fail to optimize our EDA and IP solutions for use with major foundries’ manufacturing processes or major IP providers’ products, or if our access to such foundry processes or third-party IP products is hampered, then our solutions may become less desirable to our customers, resulting in an adverse effect on our business and financial condition.We operate in highly competitive industries, and if we do not continue to meet our customers’ demand for innovative technology at lower costs, our products may not be competitive or may become obsolete.In our Design Automation segment, we compete against EDA vendors that offer a variety of products and services, such as Cadence Design Systems, Inc. and Siemens EDA.",10-K,2023-12-12,2023-12-12T22:22:32.000Z,0000883241-23-000019,snps-20231031.htm,0.60,low,0.95,0.570000,0.529785,2023-12-12T22:22:32.000Z,,1,SEC EDGAR,0000883241-23-000019,https://www.sec.gov/Archives/edgar/data/883241/000088324123000019/snps-20231031.htm,deterministic explicit-entity and relation-pattern extraction v2,unique_nasdaq100_match,public_at_sec_acceptance,candidate_review_required
97f8957a26c6a0aa716bf74408c4be91b84c56bb2e24d3038e68a5a6addb3e33,NASDAQ100:SNPS,NASDAQ100:MSFT,SNPS,MSFT,customer,"While many of our solutions have been used in cloud-based environments for years, such as in a customer’s own server and/or cloud environment, in fiscal 2022 we launched a Synopsys Cloud 4Table of Contentsoffering that provides customers additional options for accessing our EDA products in their own cloud environments and in the industry’s first EDA Software-as-a-Service solution developed in partnership with Microsoft Azure.Our solutions comprehensively address the design process, featuring a large number of EDA products that generally fall into the following categories:•Digital and custom IC design and field programmable gate array (FPGA) design, which includes software tools to design, verify, implement and prepare an IC for manufacturing; •Verification, which includes technology to verify that an IC design behaves as intended; •Manufacturing, which includes products that both enable early manufacturing process development and convert IC design layouts into the masks used to manufacture the chips; and•AI driven EDA solutions, which include AI and machine learning tools to complement our EDA software stack.Digital and Custom IC DesignOur Digital Design Family provides customers with a comprehensive digital design implementation solution that includes industry-leading products and redefines conventional design tool boundaries to deliver a more integrated flow than ever before, with better quality and time to results.",10-K,2023-12-12,2023-12-12T22:22:32.000Z,0000883241-23-000019,snps-20231031.htm,0.60,low,0.95,0.570000,0.529785,2023-12-12T22:22:32.000Z,,1,SEC EDGAR,0000883241-23-000019,https://www.sec.gov/Archives/edgar/data/883241/000088324123000019/snps-20231031.htm,deterministic explicit-entity and relation-pattern extraction v2,unique_nasdaq100_match,public_at_sec_acceptance,candidate_review_required
d7b0e594f35367f4c22b1561671555cc292ec3c08d25df95451c351b3c7ca924,NASDAQ100:AVGO,NASDAQ100:AAPL,AVGO,AAPL,customer,"We believe aggregate sales to Apple Inc., through all channels, accounted for approximately 20% of our net revenue for each of fiscal years 2023 and 2022.",10-K,2023-12-14,2023-12-14T21:54:05.000Z,0001730168-23-000096,avgo-20231029.htm,0.97,high,0.95,0.921500,0.863107,2023-12-14T21:54:05.000Z,,1,SEC EDGAR,0001730168-23-000096,https://www.sec.gov/Archives/edgar/data/1730168/000173016823000096/avgo-20231029.htm,deterministic explicit-entity and relation-pattern extraction v2,unique_nasdaq100_match,public_at_sec_acceptance,accepted
4f00beeca4c154ef26a8d120bc15cb6968eca886138a80bab616b60a72ce3859,NASDAQ100:AVGO,NASDAQ100:AAPL,AVGO,AAPL,customer,"We believe aggregate sales, through all channels, to Apple and our top five end customers, accounted for approximately 20% and 35% of our net revenue for fiscal year 2023, respectively.",10-K,2023-12-14,2023-12-14T21:54:05.000Z,0001730168-23-000096,avgo-20231029.htm,0.97,high,0.95,0.921500,0.863107,2023-12-14T21:54:05.000Z,,1,SEC EDGAR,0001730168-23-000096,https://www.sec.gov/Archives/edgar/data/1730168/000173016823000096/avgo-20231029.htm,deterministic explicit-entity and relation-pattern extraction v2,unique_nasdaq100_match,public_at_sec_acceptance,accepted
