date,ticker,company_name,gics_sector,gics_industry_group,gics_industry,gics_sub_industry,revision_id,revision_date,source,record_status
2018-03-31,AAPL,Apple Inc.,Information Technology,Technology Hardware & Equipment,"Technology Hardware, Storage & Peripherals","Technology Hardware, Storage & Peripherals",833052312,2018-03-29T12:07:46Z,https://en.wikipedia.org/w/index.php?oldid=833052312,matched_gics
2018-03-31,ABBV,AbbVie Inc.,Health Care,"Pharmaceuticals, Biotechnology & Life Sciences",Pharmaceuticals,Pharmaceuticals,833052312,2018-03-29T12:07:46Z,https://en.wikipedia.org/w/index.php?oldid=833052312,matched_gics
2018-03-31,ABT,Abbott Laboratories,Health Care,Health Care Equipment & Services,Health Care Equipment & Supplies,Health Care Equipment,833052312,2018-03-29T12:07:46Z,https://en.wikipedia.org/w/index.php?oldid=833052312,matched_gics
2018-03-31,ACN,Accenture plc,Information Technology,Software & Services,IT Services,IT Consulting & Other Services,833052312,2018-03-29T12:07:46Z,https://en.wikipedia.org/w/index.php?oldid=833052312,matched_gics
2018-03-31,ADBE,Adobe Systems Inc,Information Technology,Software & Services,Software,Application Software,833052312,2018-03-29T12:07:46Z,https://en.wikipedia.org/w/index.php?oldid=833052312,matched_gics
2018-03-31,ADP,Automatic Data Processing,Information Technology,Software & Services,Internet Software & Services,Internet Software & Services,833052312,2018-03-29T12:07:46Z,https://en.wikipedia.org/w/index.php?oldid=833052312,matched_gics
2018-03-31,AEP,American Electric Power,Utilities,Utilities,Electric Utilities,Electric Utilities,833052312,2018-03-29T12:07:46Z,https://en.wikipedia.org/w/index.php?oldid=833052312,matched_gics
2018-03-31,AMT,American Tower Corp A,Real Estate,Real Estate,Equity Real Estate Investment Trusts (REITs),Specialized REITs,833052312,2018-03-29T12:07:46Z,https://en.wikipedia.org/w/index.php?oldid=833052312,matched_gics
2018-03-31,AMZN,Amazon.com Inc.,Consumer Discretionary,Retailing,Internet & Direct Marketing Retail,Internet & Direct Marketing Retail,833052312,2018-03-29T12:07:46Z,https://en.wikipedia.org/w/index.php?oldid=833052312,matched_gics
2018-03-31,APD,Air Products & Chemicals Inc,Materials,Materials,Chemicals,Industrial Gases,833052312,2018-03-29T12:07:46Z,https://en.wikipedia.org/w/index.php?oldid=833052312,matched_gics
2018-03-31,ASML,ASML Holding N.V.,,,,,,,,missing_gics
2018-03-31,AVGO,Broadcom,Information Technology,Semiconductors & Semiconductor Equipment,Semiconductors & Semiconductor Equipment,Semiconductors,833052312,2018-03-29T12:07:46Z,https://en.wikipedia.org/w/index.php?oldid=833052312,matched_gics
2018-03-31,AWK,American Water Works Company Inc,Utilities,Utilities,Water Utilities,Water Utilities,833052312,2018-03-29T12:07:46Z,https://en.wikipedia.org/w/index.php?oldid=833052312,matched_gics
2018-03-31,BA,Boeing Company,Industrials,Capital Goods,Aerospace & Defense,Aerospace & Defense,833052312,2018-03-29T12:07:46Z,https://en.wikipedia.org/w/index.php?oldid=833052312,matched_gics
2018-03-31,BABA,Alibaba Group Holding Limited,,,,,,,,missing_gics
2018-03-31,BAC,Bank of America Corp,Financials,Banks,Banks,Diversified Banks,833052312,2018-03-29T12:07:46Z,https://en.wikipedia.org/w/index.php?oldid=833052312,matched_gics
2018-03-31,BBL,BHP Group,,,,,,,,missing_gics
2018-03-31,BHP,BHP Group,,,,,,,,missing_gics
2018-03-31,BP,BP p.l.c.,,,,,,,,missing_gics
2018-03-31,BRK-A,Berkshire Hathaway Inc.,,,,,,,,missing_gics
2018-03-31,C-PJ,Citigroup Inc.,,,,,,,,missing_gics
2018-03-31,CAT,Caterpillar Inc.,Industrials,Capital Goods,Machinery,Construction Machinery & Heavy Trucks,833052312,2018-03-29T12:07:46Z,https://en.wikipedia.org/w/index.php?oldid=833052312,matched_gics
2018-03-31,CCI,Crown Castle International Corp.,Real Estate,Real Estate,Equity Real Estate Investment Trusts (REITs),Specialized REITs,833052312,2018-03-29T12:07:46Z,https://en.wikipedia.org/w/index.php?oldid=833052312,matched_gics
2018-03-31,CHTR,Charter Communications,Consumer Discretionary,Media,Media,Cable & Satellite,833052312,2018-03-29T12:07:46Z,https://en.wikipedia.org/w/index.php?oldid=833052312,matched_gics
2018-03-31,CMCSA,Comcast Corp.,Consumer Discretionary,Media,Media,Cable & Satellite,833052312,2018-03-29T12:07:46Z,https://en.wikipedia.org/w/index.php?oldid=833052312,matched_gics
2018-03-31,COP,ConocoPhillips,Energy,Energy,"Oil, Gas & Consumable Fuels",Oil & Gas Exploration & Production,833052312,2018-03-29T12:07:46Z,https://en.wikipedia.org/w/index.php?oldid=833052312,matched_gics
2018-03-31,COST,Costco Wholesale Corp.,Consumer Staples,Food & Staples Retailing,Food & Staples Retailing,Hypermarkets & Super Centers,833052312,2018-03-29T12:07:46Z,https://en.wikipedia.org/w/index.php?oldid=833052312,matched_gics
2018-03-31,CSCO,Cisco Systems,Information Technology,Technology Hardware & Equipment,Communications Equipment,Communications Equipment,833052312,2018-03-29T12:07:46Z,https://en.wikipedia.org/w/index.php?oldid=833052312,matched_gics
2018-03-31,CTA-PB,E. I. du Pont de Nemours and Company,,,,,,,,missing_gics
2018-03-31,CVX,Chevron Corp.,Energy,Energy,"Oil, Gas & Consumable Fuels",Integrated Oil & Gas,833052312,2018-03-29T12:07:46Z,https://en.wikipedia.org/w/index.php?oldid=833052312,matched_gics
2018-03-31,D,Dominion Energy,Utilities,Utilities,Electric Utilities,Electric Utilities,833052312,2018-03-29T12:07:46Z,https://en.wikipedia.org/w/index.php?oldid=833052312,matched_gics
2018-03-31,DE,Deere & Co.,Industrials,Capital Goods,Machinery,Agricultural & Farm Machinery,833052312,2018-03-29T12:07:46Z,https://en.wikipedia.org/w/index.php?oldid=833052312,matched_gics
2018-03-31,DEO,Diageo plc,,,,,,,,missing_gics
2018-03-31,DHR,Danaher Corp.,Health Care,Health Care Equipment & Services,Health Care Equipment & Supplies,Health Care Equipment,833052312,2018-03-29T12:07:46Z,https://en.wikipedia.org/w/index.php?oldid=833052312,matched_gics
2018-03-31,DIS,The Walt Disney Company,Consumer Discretionary,Media,Media,Cable & Satellite,833052312,2018-03-29T12:07:46Z,https://en.wikipedia.org/w/index.php?oldid=833052312,matched_gics
2018-03-31,DLR,Digital Realty Trust Inc,Real Estate,Real Estate,Equity Real Estate Investment Trusts (REITs),Specialized REITs,833052312,2018-03-29T12:07:46Z,https://en.wikipedia.org/w/index.php?oldid=833052312,matched_gics
2018-03-31,DUK,Duke Energy,Utilities,Utilities,Electric Utilities,Electric Utilities,833052312,2018-03-29T12:07:46Z,https://en.wikipedia.org/w/index.php?oldid=833052312,matched_gics
2018-03-31,ECL,Ecolab Inc.,Materials,Materials,Chemicals,Specialty Chemicals,833052312,2018-03-29T12:07:46Z,https://en.wikipedia.org/w/index.php?oldid=833052312,matched_gics
2018-03-31,EL,Estee Lauder Cos.,Consumer Staples,Household & Personal Products,Personal Products,Personal Products,833052312,2018-03-29T12:07:46Z,https://en.wikipedia.org/w/index.php?oldid=833052312,matched_gics
2018-03-31,ENB,Enbridge Inc.,,,,,,,,missing_gics
2018-03-31,EQIX,Equinix,Real Estate,Real Estate,Equity Real Estate Investment Trusts (REITs),Specialized REITs,833052312,2018-03-29T12:07:46Z,https://en.wikipedia.org/w/index.php?oldid=833052312,matched_gics
2018-03-31,EQNR,Equinor ASA,,,,,,,,missing_gics
2018-03-31,EXC,Exelon Corp.,Utilities,Utilities,Multi-Utilities,Multi-Utilities,833052312,2018-03-29T12:07:46Z,https://en.wikipedia.org/w/index.php?oldid=833052312,matched_gics
2018-03-31,FB,"Facebook, Inc.",Information Technology,Software & Services,Internet Software & Services,Internet Software & Services,833052312,2018-03-29T12:07:46Z,https://en.wikipedia.org/w/index.php?oldid=833052312,matched_gics
2018-03-31,FCX,Freeport-McMoRan Inc.,Materials,Materials,Metals & Mining,Copper,833052312,2018-03-29T12:07:46Z,https://en.wikipedia.org/w/index.php?oldid=833052312,matched_gics
2018-03-31,GE,General Electric,Industrials,Capital Goods,Industrial Conglomerates,Industrial Conglomerates,833052312,2018-03-29T12:07:46Z,https://en.wikipedia.org/w/index.php?oldid=833052312,matched_gics
2018-03-31,GOOG,Alphabet Inc Class C,Information Technology,Software & Services,Internet Software & Services,Internet Software & Services,833052312,2018-03-29T12:07:46Z,https://en.wikipedia.org/w/index.php?oldid=833052312,matched_gics
2018-03-31,HD,Home Depot,Consumer Discretionary,Retailing,Specialty Retail,Home Improvement Retail,833052312,2018-03-29T12:07:46Z,https://en.wikipedia.org/w/index.php?oldid=833052312,matched_gics
2018-03-31,HON,Honeywell Int'l Inc.,Industrials,Capital Goods,Industrial Conglomerates,Industrial Conglomerates,833052312,2018-03-29T12:07:46Z,https://en.wikipedia.org/w/index.php?oldid=833052312,matched_gics
2018-03-31,JD,"JD.com, Inc.",,,,,,,,missing_gics
2018-03-31,JNJ,Johnson & Johnson,Health Care,Health Care Equipment & Services,Health Care Equipment & Supplies,Health Care Equipment,833052312,2018-03-29T12:07:46Z,https://en.wikipedia.org/w/index.php?oldid=833052312,matched_gics
2018-03-31,JPM,JPMorgan Chase & Co.,Financials,Banks,Banks,Diversified Banks,833052312,2018-03-29T12:07:46Z,https://en.wikipedia.org/w/index.php?oldid=833052312,matched_gics
2018-03-31,KO,Coca-Cola Company (The),Consumer Staples,"Food, Beverage & Tobacco",Beverages,Soft Drinks,833052312,2018-03-29T12:07:46Z,https://en.wikipedia.org/w/index.php?oldid=833052312,matched_gics
2018-03-31,LLY,Lilly (Eli) & Co.,Health Care,"Pharmaceuticals, Biotechnology & Life Sciences",Pharmaceuticals,Pharmaceuticals,833052312,2018-03-29T12:07:46Z,https://en.wikipedia.org/w/index.php?oldid=833052312,matched_gics
2018-03-31,LOW,Lowe's Cos.,Consumer Discretionary,Retailing,Specialty Retail,Home Improvement Retail,833052312,2018-03-29T12:07:46Z,https://en.wikipedia.org/w/index.php?oldid=833052312,matched_gics
2018-03-31,MA,Mastercard Inc.,Information Technology,Software & Services,Internet Software & Services,Internet Software & Services,833052312,2018-03-29T12:07:46Z,https://en.wikipedia.org/w/index.php?oldid=833052312,matched_gics
2018-03-31,MCD,McDonald's Corp.,Consumer Discretionary,Consumer Services,"Hotels, Restaurants & Leisure",Restaurants,833052312,2018-03-29T12:07:46Z,https://en.wikipedia.org/w/index.php?oldid=833052312,matched_gics
2018-03-31,MMM,3M Company,Industrials,Capital Goods,Industrial Conglomerates,Industrial Conglomerates,833052312,2018-03-29T12:07:46Z,https://en.wikipedia.org/w/index.php?oldid=833052312,matched_gics
2018-03-31,MS,Morgan Stanley,Financials,Diversified Financials,Capital Markets,Investment Banking & Brokerage,833052312,2018-03-29T12:07:46Z,https://en.wikipedia.org/w/index.php?oldid=833052312,matched_gics
2018-03-31,MSFT,Microsoft Corp.,Information Technology,Software & Services,Software,Systems Software,833052312,2018-03-29T12:07:46Z,https://en.wikipedia.org/w/index.php?oldid=833052312,matched_gics
2018-03-31,NEE,NextEra Energy,Utilities,Utilities,Multi-Utilities,Multi-Utilities,833052312,2018-03-29T12:07:46Z,https://en.wikipedia.org/w/index.php?oldid=833052312,matched_gics
2018-03-31,NEM,Newmont Mining Corporation,Materials,Materials,Metals & Mining,Gold,833052312,2018-03-29T12:07:46Z,https://en.wikipedia.org/w/index.php?oldid=833052312,matched_gics
2018-03-31,NFLX,Netflix Inc.,Information Technology,Software & Services,Internet Software & Services,Internet Software & Services,833052312,2018-03-29T12:07:46Z,https://en.wikipedia.org/w/index.php?oldid=833052312,matched_gics
2018-03-31,NGG,National Grid plc,,,,,,,,missing_gics
2018-03-31,NKE,Nike,Consumer Discretionary,Consumer Durables & Apparel,"Textiles, Apparel & Luxury Goods","Apparel, Accessories & Luxury Goods",833052312,2018-03-29T12:07:46Z,https://en.wikipedia.org/w/index.php?oldid=833052312,matched_gics
2018-03-31,NVDA,Nvidia Corporation,Information Technology,Semiconductors & Semiconductor Equipment,Semiconductors & Semiconductor Equipment,Semiconductors,833052312,2018-03-29T12:07:46Z,https://en.wikipedia.org/w/index.php?oldid=833052312,matched_gics
2018-03-31,NVO,Novo Nordisk A/S,,,,,,,,missing_gics
2018-03-31,NVS,Novartis AG,,,,,,,,missing_gics
2018-03-31,O,Realty Income Corporation,Real Estate,Real Estate,Equity Real Estate Investment Trusts (REITs),Retail REITs,833052312,2018-03-29T12:07:46Z,https://en.wikipedia.org/w/index.php?oldid=833052312,matched_gics
2018-03-31,ORCL,Oracle Corp.,Information Technology,Software & Services,Software,Application Software,833052312,2018-03-29T12:07:46Z,https://en.wikipedia.org/w/index.php?oldid=833052312,matched_gics
2018-03-31,PEP,PepsiCo Inc.,Consumer Staples,"Food, Beverage & Tobacco",Beverages,Soft Drinks,833052312,2018-03-29T12:07:46Z,https://en.wikipedia.org/w/index.php?oldid=833052312,matched_gics
2018-03-31,PFE,Pfizer Inc.,Health Care,"Pharmaceuticals, Biotechnology & Life Sciences",Pharmaceuticals,Pharmaceuticals,833052312,2018-03-29T12:07:46Z,https://en.wikipedia.org/w/index.php?oldid=833052312,matched_gics
2018-03-31,PG,Procter & Gamble,Consumer Staples,Household & Personal Products,Personal Products,Personal Products,833052312,2018-03-29T12:07:46Z,https://en.wikipedia.org/w/index.php?oldid=833052312,matched_gics
2018-03-31,PLD,Prologis,Real Estate,Real Estate,Equity Real Estate Investment Trusts (REITs),Industrial REITs,833052312,2018-03-29T12:07:46Z,https://en.wikipedia.org/w/index.php?oldid=833052312,matched_gics
2018-03-31,PM,Philip Morris International,Consumer Staples,"Food, Beverage & Tobacco",Tobacco,Tobacco,833052312,2018-03-29T12:07:46Z,https://en.wikipedia.org/w/index.php?oldid=833052312,matched_gics
2018-03-31,PSA,Public Storage,Real Estate,Real Estate,Equity Real Estate Investment Trusts (REITs),Specialized REITs,833052312,2018-03-29T12:07:46Z,https://en.wikipedia.org/w/index.php?oldid=833052312,matched_gics
2018-03-31,PTR,PetroChina Company Limited,,,,,,,,missing_gics
2018-03-31,PYPL,PayPal,Information Technology,Software & Services,IT Services,Data Processing & Outsourced Services,833052312,2018-03-29T12:07:46Z,https://en.wikipedia.org/w/index.php?oldid=833052312,matched_gics
2018-03-31,RDS-B,Royal Dutch Shell plc,,,,,,,,missing_gics
2018-03-31,RIO,Rio Tinto Group,,,,,,,,missing_gics
2018-03-31,RTX,Raytheon Technologies Corporation,,,,,,,,missing_gics
2018-03-31,SBAC,SBA Communications,Real Estate,Real Estate,Equity Real Estate Investment Trusts (REITs),Specialized REITs,833052312,2018-03-29T12:07:46Z,https://en.wikipedia.org/w/index.php?oldid=833052312,matched_gics
2018-03-31,SBUX,Starbucks Corp.,Consumer Discretionary,Consumer Services,"Hotels, Restaurants & Leisure",Restaurants,833052312,2018-03-29T12:07:46Z,https://en.wikipedia.org/w/index.php?oldid=833052312,matched_gics
2018-03-31,SCHW,Charles Schwab Corporation,Financials,Diversified Financials,Capital Markets,Investment Banking & Brokerage,833052312,2018-03-29T12:07:46Z,https://en.wikipedia.org/w/index.php?oldid=833052312,matched_gics
2018-03-31,SHW,Sherwin-Williams,Materials,Materials,Chemicals,Specialty Chemicals,833052312,2018-03-29T12:07:46Z,https://en.wikipedia.org/w/index.php?oldid=833052312,matched_gics
2018-03-31,SNAP,Snap Inc.,,,,,,,,missing_gics
2018-03-31,SNP,China Petroleum & Chemical Corporation,,,,,,,,missing_gics
2018-03-31,SO,Southern Co.,Utilities,Utilities,Electric Utilities,Electric Utilities,833052312,2018-03-29T12:07:46Z,https://en.wikipedia.org/w/index.php?oldid=833052312,matched_gics
2018-03-31,SPG-PJ,"Simon Property Group, Inc.",,,,,,,,missing_gics
2018-03-31,SRE,Sempra Energy,Utilities,Utilities,Multi-Utilities,Multi-Utilities,833052312,2018-03-29T12:07:46Z,https://en.wikipedia.org/w/index.php?oldid=833052312,matched_gics
2018-03-31,T,AT&T Inc.,Telecommunication Services,Telecommunication Services,Diversified Telecommunication Services,Integrated Telecommunication Services,833052312,2018-03-29T12:07:46Z,https://en.wikipedia.org/w/index.php?oldid=833052312,matched_gics
2018-03-31,TGT,Target Corp.,Consumer Discretionary,Retailing,Multiline Retail,General Merchandise Stores,833052312,2018-03-29T12:07:46Z,https://en.wikipedia.org/w/index.php?oldid=833052312,matched_gics
2018-03-31,TM,Toyota Motor Corporation,,,,,,,,missing_gics
2018-03-31,TMO,Thermo Fisher Scientific,Health Care,Health Care Equipment & Services,Health Care Equipment & Supplies,Health Care Equipment,833052312,2018-03-29T12:07:46Z,https://en.wikipedia.org/w/index.php?oldid=833052312,matched_gics
2018-03-31,TMUS,"T-Mobile US, Inc.",,,,,,,,missing_gics
2018-03-31,TSLA,"Tesla, Inc.",,,,,,,,missing_gics
2018-03-31,TSM,Taiwan Semiconductor Manufacturing Company Limited,,,,,,,,missing_gics
2018-03-31,TTE,TotalEnergies SE,,,,,,,,missing_gics
2018-03-31,UL,Unilever PLC,,,,,,,,missing_gics
2018-03-31,UNH,United Health Group Inc.,Health Care,Health Care Equipment & Services,Health Care Providers & Services,Managed Health Care,833052312,2018-03-29T12:07:46Z,https://en.wikipedia.org/w/index.php?oldid=833052312,matched_gics
2018-03-31,UNP,Union Pacific,Industrials,Transportation,Road & Rail,Railroads,833052312,2018-03-29T12:07:46Z,https://en.wikipedia.org/w/index.php?oldid=833052312,matched_gics
2018-03-31,UPS,United Parcel Service,Industrials,Transportation,Air Freight & Logistics,Air Freight & Logistics,833052312,2018-03-29T12:07:46Z,https://en.wikipedia.org/w/index.php?oldid=833052312,matched_gics
2018-03-31,V,Visa Inc.,Information Technology,Software & Services,Internet Software & Services,Internet Software & Services,833052312,2018-03-29T12:07:46Z,https://en.wikipedia.org/w/index.php?oldid=833052312,matched_gics
2018-03-31,VALE,Vale S.A.,,,,,,,,missing_gics
2018-03-31,VZ,Verizon Communications,Telecommunication Services,Telecommunication Services,Diversified Telecommunication Services,Integrated Telecommunication Services,833052312,2018-03-29T12:07:46Z,https://en.wikipedia.org/w/index.php?oldid=833052312,matched_gics
2018-03-31,WELL,Welltower Inc.,Real Estate,Real Estate,Equity Real Estate Investment Trusts (REITs),Health Care REITs,833052312,2018-03-29T12:07:46Z,https://en.wikipedia.org/w/index.php?oldid=833052312,matched_gics
2018-03-31,WFC-PL,Wells Fargo & Company,,,,,,,,missing_gics
2018-03-31,WMT,Wal-Mart Stores,Consumer Staples,Food & Staples Retailing,Food & Staples Retailing,Hypermarkets & Super Centers,833052312,2018-03-29T12:07:46Z,https://en.wikipedia.org/w/index.php?oldid=833052312,matched_gics
2018-03-31,XEL,Xcel Energy Inc,Utilities,Utilities,Multi-Utilities,Multi-Utilities,833052312,2018-03-29T12:07:46Z,https://en.wikipedia.org/w/index.php?oldid=833052312,matched_gics
2018-03-31,XOM,Exxon Mobil Corp.,Energy,Energy,"Oil, Gas & Consumable Fuels",Integrated Oil & Gas,833052312,2018-03-29T12:07:46Z,https://en.wikipedia.org/w/index.php?oldid=833052312,matched_gics
2018-04-30,AAPL,Apple Inc.,Information Technology,Technology Hardware & Equipment,"Technology Hardware, Storage & Peripherals","Technology Hardware, Storage & Peripherals",838979851,2018-04-30T14:18:07Z,https://en.wikipedia.org/w/index.php?oldid=838979851,matched_gics
2018-04-30,ABBV,AbbVie Inc.,Health Care,"Pharmaceuticals, Biotechnology & Life Sciences",Pharmaceuticals,Pharmaceuticals,838979851,2018-04-30T14:18:07Z,https://en.wikipedia.org/w/index.php?oldid=838979851,matched_gics
2018-04-30,ABT,Abbott Laboratories,Health Care,Health Care Equipment & Services,Health Care Equipment & Supplies,Health Care Equipment,838979851,2018-04-30T14:18:07Z,https://en.wikipedia.org/w/index.php?oldid=838979851,matched_gics
2018-04-30,ACN,Accenture plc,Information Technology,Software & Services,IT Services,IT Consulting & Other Services,838979851,2018-04-30T14:18:07Z,https://en.wikipedia.org/w/index.php?oldid=838979851,matched_gics
2018-04-30,ADBE,Adobe Systems Inc,Information Technology,Software & Services,Software,Application Software,838979851,2018-04-30T14:18:07Z,https://en.wikipedia.org/w/index.php?oldid=838979851,matched_gics
2018-04-30,ADP,Automatic Data Processing,Information Technology,Software & Services,Internet Software & Services,Internet Software & Services,838979851,2018-04-30T14:18:07Z,https://en.wikipedia.org/w/index.php?oldid=838979851,matched_gics
2018-04-30,AEP,American Electric Power,Utilities,Utilities,Electric Utilities,Electric Utilities,838979851,2018-04-30T14:18:07Z,https://en.wikipedia.org/w/index.php?oldid=838979851,matched_gics
2018-04-30,AMT,American Tower Corp A,Real Estate,Real Estate,Equity Real Estate Investment Trusts (REITs),Specialized REITs,838979851,2018-04-30T14:18:07Z,https://en.wikipedia.org/w/index.php?oldid=838979851,matched_gics
2018-04-30,AMZN,Amazon.com Inc.,Consumer Discretionary,Retailing,Internet & Direct Marketing Retail,Internet & Direct Marketing Retail,838979851,2018-04-30T14:18:07Z,https://en.wikipedia.org/w/index.php?oldid=838979851,matched_gics
2018-04-30,APD,Air Products & Chemicals Inc,Materials,Materials,Chemicals,Industrial Gases,838979851,2018-04-30T14:18:07Z,https://en.wikipedia.org/w/index.php?oldid=838979851,matched_gics
2018-04-30,ASML,ASML Holding N.V.,,,,,,,,missing_gics
2018-04-30,AVGO,Broadcom,Information Technology,Semiconductors & Semiconductor Equipment,Semiconductors & Semiconductor Equipment,Semiconductors,838979851,2018-04-30T14:18:07Z,https://en.wikipedia.org/w/index.php?oldid=838979851,matched_gics
2018-04-30,AWK,American Water Works Company Inc,Utilities,Utilities,Water Utilities,Water Utilities,838979851,2018-04-30T14:18:07Z,https://en.wikipedia.org/w/index.php?oldid=838979851,matched_gics
2018-04-30,BA,Boeing Company,Industrials,Capital Goods,Aerospace & Defense,Aerospace & Defense,838979851,2018-04-30T14:18:07Z,https://en.wikipedia.org/w/index.php?oldid=838979851,matched_gics
2018-04-30,BABA,Alibaba Group Holding Limited,,,,,,,,missing_gics
2018-04-30,BAC,Bank of America Corp,Financials,Banks,Banks,Diversified Banks,838979851,2018-04-30T14:18:07Z,https://en.wikipedia.org/w/index.php?oldid=838979851,matched_gics
2018-04-30,BBL,BHP Group,,,,,,,,missing_gics
2018-04-30,BHP,BHP Group,,,,,,,,missing_gics
2018-04-30,BP,BP p.l.c.,,,,,,,,missing_gics
2018-04-30,BRK-A,Berkshire Hathaway Inc.,,,,,,,,missing_gics
2018-04-30,C-PJ,Citigroup Inc.,,,,,,,,missing_gics
2018-04-30,CAT,Caterpillar Inc.,Industrials,Capital Goods,Machinery,Construction Machinery & Heavy Trucks,838979851,2018-04-30T14:18:07Z,https://en.wikipedia.org/w/index.php?oldid=838979851,matched_gics
2018-04-30,CCI,Crown Castle International Corp.,Real Estate,Real Estate,Equity Real Estate Investment Trusts (REITs),Specialized REITs,838979851,2018-04-30T14:18:07Z,https://en.wikipedia.org/w/index.php?oldid=838979851,matched_gics
2018-04-30,CHTR,Charter Communications,Consumer Discretionary,Media,Media,Cable & Satellite,838979851,2018-04-30T14:18:07Z,https://en.wikipedia.org/w/index.php?oldid=838979851,matched_gics
2018-04-30,CMCSA,Comcast Corp.,Consumer Discretionary,Media,Media,Cable & Satellite,838979851,2018-04-30T14:18:07Z,https://en.wikipedia.org/w/index.php?oldid=838979851,matched_gics
2018-04-30,COP,ConocoPhillips,Energy,Energy,"Oil, Gas & Consumable Fuels",Oil & Gas Exploration & Production,838979851,2018-04-30T14:18:07Z,https://en.wikipedia.org/w/index.php?oldid=838979851,matched_gics
2018-04-30,COST,Costco Wholesale Corp.,Consumer Staples,Food & Staples Retailing,Food & Staples Retailing,Hypermarkets & Super Centers,838979851,2018-04-30T14:18:07Z,https://en.wikipedia.org/w/index.php?oldid=838979851,matched_gics
2018-04-30,CSCO,Cisco Systems,Information Technology,Technology Hardware & Equipment,Communications Equipment,Communications Equipment,838979851,2018-04-30T14:18:07Z,https://en.wikipedia.org/w/index.php?oldid=838979851,matched_gics
2018-04-30,CTA-PB,E. I. du Pont de Nemours and Company,,,,,,,,missing_gics
2018-04-30,CVX,Chevron Corp.,Energy,Energy,"Oil, Gas & Consumable Fuels",Integrated Oil & Gas,838979851,2018-04-30T14:18:07Z,https://en.wikipedia.org/w/index.php?oldid=838979851,matched_gics
2018-04-30,D,Dominion Energy,Utilities,Utilities,Electric Utilities,Electric Utilities,838979851,2018-04-30T14:18:07Z,https://en.wikipedia.org/w/index.php?oldid=838979851,matched_gics
2018-04-30,DE,Deere & Co.,Industrials,Capital Goods,Machinery,Agricultural & Farm Machinery,838979851,2018-04-30T14:18:07Z,https://en.wikipedia.org/w/index.php?oldid=838979851,matched_gics
2018-04-30,DEO,Diageo plc,,,,,,,,missing_gics
2018-04-30,DHR,Danaher Corp.,Health Care,Health Care Equipment & Services,Health Care Equipment & Supplies,Health Care Equipment,838979851,2018-04-30T14:18:07Z,https://en.wikipedia.org/w/index.php?oldid=838979851,matched_gics
2018-04-30,DIS,The Walt Disney Company,Consumer Discretionary,Media,Media,Cable & Satellite,838979851,2018-04-30T14:18:07Z,https://en.wikipedia.org/w/index.php?oldid=838979851,matched_gics
2018-04-30,DLR,Digital Realty Trust Inc,Real Estate,Real Estate,Equity Real Estate Investment Trusts (REITs),Specialized REITs,838979851,2018-04-30T14:18:07Z,https://en.wikipedia.org/w/index.php?oldid=838979851,matched_gics
2018-04-30,DUK,Duke Energy,Utilities,Utilities,Electric Utilities,Electric Utilities,838979851,2018-04-30T14:18:07Z,https://en.wikipedia.org/w/index.php?oldid=838979851,matched_gics
2018-04-30,ECL,Ecolab Inc.,Materials,Materials,Chemicals,Specialty Chemicals,838979851,2018-04-30T14:18:07Z,https://en.wikipedia.org/w/index.php?oldid=838979851,matched_gics
2018-04-30,EL,Estee Lauder Cos.,Consumer Staples,Household & Personal Products,Personal Products,Personal Products,838979851,2018-04-30T14:18:07Z,https://en.wikipedia.org/w/index.php?oldid=838979851,matched_gics
2018-04-30,ENB,Enbridge Inc.,,,,,,,,missing_gics
2018-04-30,EQIX,Equinix,Real Estate,Real Estate,Equity Real Estate Investment Trusts (REITs),Specialized REITs,838979851,2018-04-30T14:18:07Z,https://en.wikipedia.org/w/index.php?oldid=838979851,matched_gics
2018-04-30,EQNR,Equinor ASA,,,,,,,,missing_gics
2018-04-30,EXC,Exelon Corp.,Utilities,Utilities,Multi-Utilities,Multi-Utilities,838979851,2018-04-30T14:18:07Z,https://en.wikipedia.org/w/index.php?oldid=838979851,matched_gics
2018-04-30,FB,"Facebook, Inc.",Information Technology,Software & Services,Internet Software & Services,Internet Software & Services,838979851,2018-04-30T14:18:07Z,https://en.wikipedia.org/w/index.php?oldid=838979851,matched_gics
2018-04-30,FCX,Freeport-McMoRan Inc.,Materials,Materials,Metals & Mining,Copper,838979851,2018-04-30T14:18:07Z,https://en.wikipedia.org/w/index.php?oldid=838979851,matched_gics
2018-04-30,GE,General Electric,Industrials,Capital Goods,Industrial Conglomerates,Industrial Conglomerates,838979851,2018-04-30T14:18:07Z,https://en.wikipedia.org/w/index.php?oldid=838979851,matched_gics
2018-04-30,GOOG,Alphabet Inc Class C,Information Technology,Software & Services,Internet Software & Services,Internet Software & Services,838979851,2018-04-30T14:18:07Z,https://en.wikipedia.org/w/index.php?oldid=838979851,matched_gics
2018-04-30,HD,Home Depot,Consumer Discretionary,Retailing,Specialty Retail,Home Improvement Retail,838979851,2018-04-30T14:18:07Z,https://en.wikipedia.org/w/index.php?oldid=838979851,matched_gics
2018-04-30,HON,Honeywell Int'l Inc.,Industrials,Capital Goods,Industrial Conglomerates,Industrial Conglomerates,838979851,2018-04-30T14:18:07Z,https://en.wikipedia.org/w/index.php?oldid=838979851,matched_gics
2018-04-30,JD,"JD.com, Inc.",,,,,,,,missing_gics
2018-04-30,JNJ,Johnson & Johnson,Health Care,Health Care Equipment & Services,Health Care Equipment & Supplies,Health Care Equipment,838979851,2018-04-30T14:18:07Z,https://en.wikipedia.org/w/index.php?oldid=838979851,matched_gics
2018-04-30,JPM,JPMorgan Chase & Co.,Financials,Banks,Banks,Diversified Banks,838979851,2018-04-30T14:18:07Z,https://en.wikipedia.org/w/index.php?oldid=838979851,matched_gics
2018-04-30,KO,Coca-Cola Company (The),Consumer Staples,"Food, Beverage & Tobacco",Beverages,Soft Drinks,838979851,2018-04-30T14:18:07Z,https://en.wikipedia.org/w/index.php?oldid=838979851,matched_gics
2018-04-30,LLY,Lilly (Eli) & Co.,Health Care,"Pharmaceuticals, Biotechnology & Life Sciences",Pharmaceuticals,Pharmaceuticals,838979851,2018-04-30T14:18:07Z,https://en.wikipedia.org/w/index.php?oldid=838979851,matched_gics
2018-04-30,LOW,Lowe's Cos.,Consumer Discretionary,Retailing,Specialty Retail,Home Improvement Retail,838979851,2018-04-30T14:18:07Z,https://en.wikipedia.org/w/index.php?oldid=838979851,matched_gics
2018-04-30,MA,Mastercard Inc.,Information Technology,Software & Services,Internet Software & Services,Internet Software & Services,838979851,2018-04-30T14:18:07Z,https://en.wikipedia.org/w/index.php?oldid=838979851,matched_gics
2018-04-30,MCD,McDonald's Corp.,Consumer Discretionary,Consumer Services,"Hotels, Restaurants & Leisure",Restaurants,838979851,2018-04-30T14:18:07Z,https://en.wikipedia.org/w/index.php?oldid=838979851,matched_gics
2018-04-30,MMM,3M Company,Industrials,Capital Goods,Industrial Conglomerates,Industrial Conglomerates,838979851,2018-04-30T14:18:07Z,https://en.wikipedia.org/w/index.php?oldid=838979851,matched_gics
2018-04-30,MS,Morgan Stanley,Financials,Diversified Financials,Capital Markets,Investment Banking & Brokerage,838979851,2018-04-30T14:18:07Z,https://en.wikipedia.org/w/index.php?oldid=838979851,matched_gics
2018-04-30,MSFT,Microsoft Corp.,Information Technology,Software & Services,Software,Systems Software,838979851,2018-04-30T14:18:07Z,https://en.wikipedia.org/w/index.php?oldid=838979851,matched_gics
2018-04-30,NEE,NextEra Energy,Utilities,Utilities,Multi-Utilities,Multi-Utilities,838979851,2018-04-30T14:18:07Z,https://en.wikipedia.org/w/index.php?oldid=838979851,matched_gics
2018-04-30,NEM,Newmont Mining Corporation,Materials,Materials,Metals & Mining,Gold,838979851,2018-04-30T14:18:07Z,https://en.wikipedia.org/w/index.php?oldid=838979851,matched_gics
2018-04-30,NFLX,Netflix Inc.,Information Technology,Software & Services,Internet Software & Services,Internet Software & Services,838979851,2018-04-30T14:18:07Z,https://en.wikipedia.org/w/index.php?oldid=838979851,matched_gics
2018-04-30,NGG,National Grid plc,,,,,,,,missing_gics
2018-04-30,NKE,Nike,Consumer Discretionary,Consumer Durables & Apparel,"Textiles, Apparel & Luxury Goods","Apparel, Accessories & Luxury Goods",838979851,2018-04-30T14:18:07Z,https://en.wikipedia.org/w/index.php?oldid=838979851,matched_gics
2018-04-30,NVDA,Nvidia Corporation,Information Technology,Semiconductors & Semiconductor Equipment,Semiconductors & Semiconductor Equipment,Semiconductors,838979851,2018-04-30T14:18:07Z,https://en.wikipedia.org/w/index.php?oldid=838979851,matched_gics
2018-04-30,NVO,Novo Nordisk A/S,,,,,,,,missing_gics
2018-04-30,NVS,Novartis AG,,,,,,,,missing_gics
2018-04-30,O,Realty Income Corporation,Real Estate,Real Estate,Equity Real Estate Investment Trusts (REITs),Retail REITs,838979851,2018-04-30T14:18:07Z,https://en.wikipedia.org/w/index.php?oldid=838979851,matched_gics
2018-04-30,ORCL,Oracle Corp.,Information Technology,Software & Services,Software,Application Software,838979851,2018-04-30T14:18:07Z,https://en.wikipedia.org/w/index.php?oldid=838979851,matched_gics
2018-04-30,PEP,PepsiCo Inc.,Consumer Staples,"Food, Beverage & Tobacco",Beverages,Soft Drinks,838979851,2018-04-30T14:18:07Z,https://en.wikipedia.org/w/index.php?oldid=838979851,matched_gics
2018-04-30,PFE,Pfizer Inc.,Health Care,"Pharmaceuticals, Biotechnology & Life Sciences",Pharmaceuticals,Pharmaceuticals,838979851,2018-04-30T14:18:07Z,https://en.wikipedia.org/w/index.php?oldid=838979851,matched_gics
2018-04-30,PG,Procter & Gamble,Consumer Staples,Household & Personal Products,Personal Products,Personal Products,838979851,2018-04-30T14:18:07Z,https://en.wikipedia.org/w/index.php?oldid=838979851,matched_gics
2018-04-30,PLD,Prologis,Real Estate,Real Estate,Equity Real Estate Investment Trusts (REITs),Industrial REITs,838979851,2018-04-30T14:18:07Z,https://en.wikipedia.org/w/index.php?oldid=838979851,matched_gics
2018-04-30,PM,Philip Morris International,Consumer Staples,"Food, Beverage & Tobacco",Tobacco,Tobacco,838979851,2018-04-30T14:18:07Z,https://en.wikipedia.org/w/index.php?oldid=838979851,matched_gics
2018-04-30,PSA,Public Storage,Real Estate,Real Estate,Equity Real Estate Investment Trusts (REITs),Specialized REITs,838979851,2018-04-30T14:18:07Z,https://en.wikipedia.org/w/index.php?oldid=838979851,matched_gics
2018-04-30,PTR,PetroChina Company Limited,,,,,,,,missing_gics
2018-04-30,PYPL,PayPal,Information Technology,Software & Services,IT Services,Data Processing & Outsourced Services,838979851,2018-04-30T14:18:07Z,https://en.wikipedia.org/w/index.php?oldid=838979851,matched_gics
2018-04-30,RDS-B,Royal Dutch Shell plc,,,,,,,,missing_gics
2018-04-30,RIO,Rio Tinto Group,,,,,,,,missing_gics
2018-04-30,RTX,Raytheon Technologies Corporation,,,,,,,,missing_gics
2018-04-30,SBAC,SBA Communications,Real Estate,Real Estate,Equity Real Estate Investment Trusts (REITs),Specialized REITs,838979851,2018-04-30T14:18:07Z,https://en.wikipedia.org/w/index.php?oldid=838979851,matched_gics
2018-04-30,SBUX,Starbucks Corp.,Consumer Discretionary,Consumer Services,"Hotels, Restaurants & Leisure",Restaurants,838979851,2018-04-30T14:18:07Z,https://en.wikipedia.org/w/index.php?oldid=838979851,matched_gics
2018-04-30,SCHW,Charles Schwab Corporation,Financials,Diversified Financials,Capital Markets,Investment Banking & Brokerage,838979851,2018-04-30T14:18:07Z,https://en.wikipedia.org/w/index.php?oldid=838979851,matched_gics
2018-04-30,SHW,Sherwin-Williams,Materials,Materials,Chemicals,Specialty Chemicals,838979851,2018-04-30T14:18:07Z,https://en.wikipedia.org/w/index.php?oldid=838979851,matched_gics
2018-04-30,SNAP,Snap Inc.,,,,,,,,missing_gics
2018-04-30,SNP,China Petroleum & Chemical Corporation,,,,,,,,missing_gics
2018-04-30,SO,Southern Co.,Utilities,Utilities,Electric Utilities,Electric Utilities,838979851,2018-04-30T14:18:07Z,https://en.wikipedia.org/w/index.php?oldid=838979851,matched_gics
2018-04-30,SPG-PJ,"Simon Property Group, Inc.",,,,,,,,missing_gics
2018-04-30,SRE,Sempra Energy,Utilities,Utilities,Multi-Utilities,Multi-Utilities,838979851,2018-04-30T14:18:07Z,https://en.wikipedia.org/w/index.php?oldid=838979851,matched_gics
2018-04-30,T,AT&T Inc.,Telecommunication Services,Telecommunication Services,Diversified Telecommunication Services,Integrated Telecommunication Services,838979851,2018-04-30T14:18:07Z,https://en.wikipedia.org/w/index.php?oldid=838979851,matched_gics
2018-04-30,TGT,Target Corp.,Consumer Discretionary,Retailing,Multiline Retail,General Merchandise Stores,838979851,2018-04-30T14:18:07Z,https://en.wikipedia.org/w/index.php?oldid=838979851,matched_gics
2018-04-30,TM,Toyota Motor Corporation,,,,,,,,missing_gics
2018-04-30,TMO,Thermo Fisher Scientific,Health Care,Health Care Equipment & Services,Health Care Equipment & Supplies,Health Care Equipment,838979851,2018-04-30T14:18:07Z,https://en.wikipedia.org/w/index.php?oldid=838979851,matched_gics
2018-04-30,TMUS,"T-Mobile US, Inc.",,,,,,,,missing_gics
2018-04-30,TSLA,"Tesla, Inc.",,,,,,,,missing_gics
2018-04-30,TSM,Taiwan Semiconductor Manufacturing Company Limited,,,,,,,,missing_gics
2018-04-30,TTE,TotalEnergies SE,,,,,,,,missing_gics
2018-04-30,UL,Unilever PLC,,,,,,,,missing_gics
2018-04-30,UNH,United Health Group Inc.,Health Care,Health Care Equipment & Services,Health Care Providers & Services,Managed Health Care,838979851,2018-04-30T14:18:07Z,https://en.wikipedia.org/w/index.php?oldid=838979851,matched_gics
2018-04-30,UNP,Union Pacific,Industrials,Transportation,Road & Rail,Railroads,838979851,2018-04-30T14:18:07Z,https://en.wikipedia.org/w/index.php?oldid=838979851,matched_gics
2018-04-30,UPS,United Parcel Service,Industrials,Transportation,Air Freight & Logistics,Air Freight & Logistics,838979851,2018-04-30T14:18:07Z,https://en.wikipedia.org/w/index.php?oldid=838979851,matched_gics
2018-04-30,V,Visa Inc.,Information Technology,Software & Services,Internet Software & Services,Internet Software & Services,838979851,2018-04-30T14:18:07Z,https://en.wikipedia.org/w/index.php?oldid=838979851,matched_gics
2018-04-30,VALE,Vale S.A.,,,,,,,,missing_gics
2018-04-30,VZ,Verizon Communications,Telecommunication Services,Telecommunication Services,Diversified Telecommunication Services,Integrated Telecommunication Services,838979851,2018-04-30T14:18:07Z,https://en.wikipedia.org/w/index.php?oldid=838979851,matched_gics
2018-04-30,WELL,Welltower Inc.,Real Estate,Real Estate,Equity Real Estate Investment Trusts (REITs),Health Care REITs,838979851,2018-04-30T14:18:07Z,https://en.wikipedia.org/w/index.php?oldid=838979851,matched_gics
2018-04-30,WFC-PL,Wells Fargo & Company,,,,,,,,missing_gics
2018-04-30,WMT,Wal-Mart Stores,Consumer Staples,Food & Staples Retailing,Food & Staples Retailing,Hypermarkets & Super Centers,838979851,2018-04-30T14:18:07Z,https://en.wikipedia.org/w/index.php?oldid=838979851,matched_gics
2018-04-30,XEL,Xcel Energy Inc,Utilities,Utilities,Multi-Utilities,Multi-Utilities,838979851,2018-04-30T14:18:07Z,https://en.wikipedia.org/w/index.php?oldid=838979851,matched_gics
2018-04-30,XOM,Exxon Mobil Corp.,Energy,Energy,"Oil, Gas & Consumable Fuels",Integrated Oil & Gas,838979851,2018-04-30T14:18:07Z,https://en.wikipedia.org/w/index.php?oldid=838979851,matched_gics
2018-05-31,AAPL,Apple Inc.,Information Technology,Technology Hardware & Equipment,"Technology Hardware, Storage & Peripherals","Technology Hardware, Storage & Peripherals",843790751,2018-05-31T14:01:17Z,https://en.wikipedia.org/w/index.php?oldid=843790751,matched_gics
2018-05-31,ABBV,AbbVie Inc.,Health Care,"Pharmaceuticals, Biotechnology & Life Sciences",Pharmaceuticals,Pharmaceuticals,843790751,2018-05-31T14:01:17Z,https://en.wikipedia.org/w/index.php?oldid=843790751,matched_gics
2018-05-31,ABT,Abbott Laboratories,Health Care,Health Care Equipment & Services,Health Care Equipment & Supplies,Health Care Equipment,843790751,2018-05-31T14:01:17Z,https://en.wikipedia.org/w/index.php?oldid=843790751,matched_gics
2018-05-31,ACN,Accenture plc,Information Technology,Software & Services,IT Services,IT Consulting & Other Services,843790751,2018-05-31T14:01:17Z,https://en.wikipedia.org/w/index.php?oldid=843790751,matched_gics
2018-05-31,ADBE,Adobe Systems Inc,Information Technology,Software & Services,Software,Application Software,843790751,2018-05-31T14:01:17Z,https://en.wikipedia.org/w/index.php?oldid=843790751,matched_gics
2018-05-31,ADP,Automatic Data Processing,Information Technology,Software & Services,Internet Software & Services,Internet Software & Services,843790751,2018-05-31T14:01:17Z,https://en.wikipedia.org/w/index.php?oldid=843790751,matched_gics
2018-05-31,AEP,American Electric Power,Utilities,Utilities,Electric Utilities,Electric Utilities,843790751,2018-05-31T14:01:17Z,https://en.wikipedia.org/w/index.php?oldid=843790751,matched_gics
2018-05-31,AMT,American Tower Corp A,Real Estate,Real Estate,Equity Real Estate Investment Trusts (REITs),Specialized REITs,843790751,2018-05-31T14:01:17Z,https://en.wikipedia.org/w/index.php?oldid=843790751,matched_gics
2018-05-31,AMZN,Amazon.com Inc.,Consumer Discretionary,Retailing,Internet & Direct Marketing Retail,Internet & Direct Marketing Retail,843790751,2018-05-31T14:01:17Z,https://en.wikipedia.org/w/index.php?oldid=843790751,matched_gics
2018-05-31,APD,Air Products & Chemicals Inc,Materials,Materials,Chemicals,Industrial Gases,843790751,2018-05-31T14:01:17Z,https://en.wikipedia.org/w/index.php?oldid=843790751,matched_gics
2018-05-31,ASML,ASML Holding N.V.,,,,,,,,missing_gics
2018-05-31,AVGO,Broadcom,Information Technology,Semiconductors & Semiconductor Equipment,Semiconductors & Semiconductor Equipment,Semiconductors,843790751,2018-05-31T14:01:17Z,https://en.wikipedia.org/w/index.php?oldid=843790751,matched_gics
2018-05-31,AWK,American Water Works Company Inc,Utilities,Utilities,Water Utilities,Water Utilities,843790751,2018-05-31T14:01:17Z,https://en.wikipedia.org/w/index.php?oldid=843790751,matched_gics
2018-05-31,BA,Boeing Company,Industrials,Capital Goods,Aerospace & Defense,Aerospace & Defense,843790751,2018-05-31T14:01:17Z,https://en.wikipedia.org/w/index.php?oldid=843790751,matched_gics
2018-05-31,BABA,Alibaba Group Holding Limited,,,,,,,,missing_gics
2018-05-31,BAC,Bank of America Corp,Financials,Banks,Banks,Diversified Banks,843790751,2018-05-31T14:01:17Z,https://en.wikipedia.org/w/index.php?oldid=843790751,matched_gics
2018-05-31,BBL,BHP Group,,,,,,,,missing_gics
2018-05-31,BHP,BHP Group,,,,,,,,missing_gics
2018-05-31,BP,BP p.l.c.,,,,,,,,missing_gics
2018-05-31,BRK-A,Berkshire Hathaway Inc.,,,,,,,,missing_gics
2018-05-31,C-PJ,Citigroup Inc.,,,,,,,,missing_gics
2018-05-31,CAT,Caterpillar Inc.,Industrials,Capital Goods,Machinery,Construction Machinery & Heavy Trucks,843790751,2018-05-31T14:01:17Z,https://en.wikipedia.org/w/index.php?oldid=843790751,matched_gics
2018-05-31,CCI,Crown Castle International Corp.,Real Estate,Real Estate,Equity Real Estate Investment Trusts (REITs),Specialized REITs,843790751,2018-05-31T14:01:17Z,https://en.wikipedia.org/w/index.php?oldid=843790751,matched_gics
2018-05-31,CHTR,Charter Communications,Consumer Discretionary,Media,Media,Cable & Satellite,843790751,2018-05-31T14:01:17Z,https://en.wikipedia.org/w/index.php?oldid=843790751,matched_gics
2018-05-31,CMCSA,Comcast Corp.,Consumer Discretionary,Media,Media,Cable & Satellite,843790751,2018-05-31T14:01:17Z,https://en.wikipedia.org/w/index.php?oldid=843790751,matched_gics
2018-05-31,COP,ConocoPhillips,Energy,Energy,"Oil, Gas & Consumable Fuels",Oil & Gas Exploration & Production,843790751,2018-05-31T14:01:17Z,https://en.wikipedia.org/w/index.php?oldid=843790751,matched_gics
2018-05-31,COST,Costco Wholesale Corp.,Consumer Staples,Food & Staples Retailing,Food & Staples Retailing,Hypermarkets & Super Centers,843790751,2018-05-31T14:01:17Z,https://en.wikipedia.org/w/index.php?oldid=843790751,matched_gics
2018-05-31,CSCO,Cisco Systems,Information Technology,Technology Hardware & Equipment,Communications Equipment,Communications Equipment,843790751,2018-05-31T14:01:17Z,https://en.wikipedia.org/w/index.php?oldid=843790751,matched_gics
2018-05-31,CTA-PB,E. I. du Pont de Nemours and Company,,,,,,,,missing_gics
2018-05-31,CVX,Chevron Corp.,Energy,Energy,"Oil, Gas & Consumable Fuels",Integrated Oil & Gas,843790751,2018-05-31T14:01:17Z,https://en.wikipedia.org/w/index.php?oldid=843790751,matched_gics
2018-05-31,D,Dominion Energy,Utilities,Utilities,Electric Utilities,Electric Utilities,843790751,2018-05-31T14:01:17Z,https://en.wikipedia.org/w/index.php?oldid=843790751,matched_gics
2018-05-31,DE,Deere & Co.,Industrials,Capital Goods,Machinery,Agricultural & Farm Machinery,843790751,2018-05-31T14:01:17Z,https://en.wikipedia.org/w/index.php?oldid=843790751,matched_gics
2018-05-31,DEO,Diageo plc,,,,,,,,missing_gics
2018-05-31,DHR,Danaher Corp.,Health Care,Health Care Equipment & Services,Health Care Equipment & Supplies,Health Care Equipment,843790751,2018-05-31T14:01:17Z,https://en.wikipedia.org/w/index.php?oldid=843790751,matched_gics
2018-05-31,DIS,The Walt Disney Company,Consumer Discretionary,Media,Media,Cable & Satellite,843790751,2018-05-31T14:01:17Z,https://en.wikipedia.org/w/index.php?oldid=843790751,matched_gics
2018-05-31,DLR,Digital Realty Trust Inc,Real Estate,Real Estate,Equity Real Estate Investment Trusts (REITs),Specialized REITs,843790751,2018-05-31T14:01:17Z,https://en.wikipedia.org/w/index.php?oldid=843790751,matched_gics
2018-05-31,DUK,Duke Energy,Utilities,Utilities,Electric Utilities,Electric Utilities,843790751,2018-05-31T14:01:17Z,https://en.wikipedia.org/w/index.php?oldid=843790751,matched_gics
2018-05-31,ECL,Ecolab Inc.,Materials,Materials,Chemicals,Specialty Chemicals,843790751,2018-05-31T14:01:17Z,https://en.wikipedia.org/w/index.php?oldid=843790751,matched_gics
2018-05-31,EL,Estee Lauder Cos.,Consumer Staples,Household & Personal Products,Personal Products,Personal Products,843790751,2018-05-31T14:01:17Z,https://en.wikipedia.org/w/index.php?oldid=843790751,matched_gics
2018-05-31,ENB,Enbridge Inc.,,,,,,,,missing_gics
2018-05-31,EQIX,Equinix,Real Estate,Real Estate,Equity Real Estate Investment Trusts (REITs),Specialized REITs,843790751,2018-05-31T14:01:17Z,https://en.wikipedia.org/w/index.php?oldid=843790751,matched_gics
2018-05-31,EQNR,Equinor ASA,,,,,,,,missing_gics
2018-05-31,EXC,Exelon Corp.,Utilities,Utilities,Multi-Utilities,Multi-Utilities,843790751,2018-05-31T14:01:17Z,https://en.wikipedia.org/w/index.php?oldid=843790751,matched_gics
2018-05-31,FB,"Facebook, Inc.",Information Technology,Software & Services,Internet Software & Services,Internet Software & Services,843790751,2018-05-31T14:01:17Z,https://en.wikipedia.org/w/index.php?oldid=843790751,matched_gics
2018-05-31,FCX,Freeport-McMoRan Inc.,Materials,Materials,Metals & Mining,Copper,843790751,2018-05-31T14:01:17Z,https://en.wikipedia.org/w/index.php?oldid=843790751,matched_gics
2018-05-31,GE,General Electric,Industrials,Capital Goods,Industrial Conglomerates,Industrial Conglomerates,843790751,2018-05-31T14:01:17Z,https://en.wikipedia.org/w/index.php?oldid=843790751,matched_gics
2018-05-31,GOOG,Alphabet Inc Class C,Information Technology,Software & Services,Internet Software & Services,Internet Software & Services,843790751,2018-05-31T14:01:17Z,https://en.wikipedia.org/w/index.php?oldid=843790751,matched_gics
2018-05-31,HD,Home Depot,Consumer Discretionary,Retailing,Specialty Retail,Home Improvement Retail,843790751,2018-05-31T14:01:17Z,https://en.wikipedia.org/w/index.php?oldid=843790751,matched_gics
2018-05-31,HON,Honeywell Int'l Inc.,Industrials,Capital Goods,Industrial Conglomerates,Industrial Conglomerates,843790751,2018-05-31T14:01:17Z,https://en.wikipedia.org/w/index.php?oldid=843790751,matched_gics
2018-05-31,JD,"JD.com, Inc.",,,,,,,,missing_gics
2018-05-31,JNJ,Johnson & Johnson,Health Care,Health Care Equipment & Services,Health Care Equipment & Supplies,Health Care Equipment,843790751,2018-05-31T14:01:17Z,https://en.wikipedia.org/w/index.php?oldid=843790751,matched_gics
2018-05-31,JPM,JPMorgan Chase & Co.,Financials,Banks,Banks,Diversified Banks,843790751,2018-05-31T14:01:17Z,https://en.wikipedia.org/w/index.php?oldid=843790751,matched_gics
2018-05-31,KO,Coca-Cola Company (The),Consumer Staples,"Food, Beverage & Tobacco",Beverages,Soft Drinks,843790751,2018-05-31T14:01:17Z,https://en.wikipedia.org/w/index.php?oldid=843790751,matched_gics
2018-05-31,LLY,Lilly (Eli) & Co.,Health Care,"Pharmaceuticals, Biotechnology & Life Sciences",Pharmaceuticals,Pharmaceuticals,843790751,2018-05-31T14:01:17Z,https://en.wikipedia.org/w/index.php?oldid=843790751,matched_gics
2018-05-31,LOW,Lowe's Cos.,Consumer Discretionary,Retailing,Specialty Retail,Home Improvement Retail,843790751,2018-05-31T14:01:17Z,https://en.wikipedia.org/w/index.php?oldid=843790751,matched_gics
2018-05-31,MA,Mastercard Inc.,Information Technology,Software & Services,Internet Software & Services,Internet Software & Services,843790751,2018-05-31T14:01:17Z,https://en.wikipedia.org/w/index.php?oldid=843790751,matched_gics
2018-05-31,MCD,McDonald's Corp.,Consumer Discretionary,Consumer Services,"Hotels, Restaurants & Leisure",Restaurants,843790751,2018-05-31T14:01:17Z,https://en.wikipedia.org/w/index.php?oldid=843790751,matched_gics
2018-05-31,MMM,3M Company,Industrials,Capital Goods,Industrial Conglomerates,Industrial Conglomerates,843790751,2018-05-31T14:01:17Z,https://en.wikipedia.org/w/index.php?oldid=843790751,matched_gics
2018-05-31,MS,Morgan Stanley,Financials,Diversified Financials,Capital Markets,Investment Banking & Brokerage,843790751,2018-05-31T14:01:17Z,https://en.wikipedia.org/w/index.php?oldid=843790751,matched_gics
2018-05-31,MSFT,Microsoft Corp.,Information Technology,Software & Services,Software,Systems Software,843790751,2018-05-31T14:01:17Z,https://en.wikipedia.org/w/index.php?oldid=843790751,matched_gics
2018-05-31,NEE,NextEra Energy,Utilities,Utilities,Multi-Utilities,Multi-Utilities,843790751,2018-05-31T14:01:17Z,https://en.wikipedia.org/w/index.php?oldid=843790751,matched_gics
2018-05-31,NEM,Newmont Mining Corporation,Materials,Materials,Metals & Mining,Gold,843790751,2018-05-31T14:01:17Z,https://en.wikipedia.org/w/index.php?oldid=843790751,matched_gics
2018-05-31,NFLX,Netflix Inc.,Information Technology,Software & Services,Internet Software & Services,Internet Software & Services,843790751,2018-05-31T14:01:17Z,https://en.wikipedia.org/w/index.php?oldid=843790751,matched_gics
2018-05-31,NGG,National Grid plc,,,,,,,,missing_gics
2018-05-31,NKE,Nike,Consumer Discretionary,Consumer Durables & Apparel,"Textiles, Apparel & Luxury Goods","Apparel, Accessories & Luxury Goods",843790751,2018-05-31T14:01:17Z,https://en.wikipedia.org/w/index.php?oldid=843790751,matched_gics
2018-05-31,NVDA,Nvidia Corporation,Information Technology,Semiconductors & Semiconductor Equipment,Semiconductors & Semiconductor Equipment,Semiconductors,843790751,2018-05-31T14:01:17Z,https://en.wikipedia.org/w/index.php?oldid=843790751,matched_gics
2018-05-31,NVO,Novo Nordisk A/S,,,,,,,,missing_gics
2018-05-31,NVS,Novartis AG,,,,,,,,missing_gics
2018-05-31,O,Realty Income Corporation,Real Estate,Real Estate,Equity Real Estate Investment Trusts (REITs),Retail REITs,843790751,2018-05-31T14:01:17Z,https://en.wikipedia.org/w/index.php?oldid=843790751,matched_gics
2018-05-31,ORCL,Oracle Corp.,Information Technology,Software & Services,Software,Application Software,843790751,2018-05-31T14:01:17Z,https://en.wikipedia.org/w/index.php?oldid=843790751,matched_gics
2018-05-31,PEP,PepsiCo Inc.,Consumer Staples,"Food, Beverage & Tobacco",Beverages,Soft Drinks,843790751,2018-05-31T14:01:17Z,https://en.wikipedia.org/w/index.php?oldid=843790751,matched_gics
2018-05-31,PFE,Pfizer Inc.,Health Care,"Pharmaceuticals, Biotechnology & Life Sciences",Pharmaceuticals,Pharmaceuticals,843790751,2018-05-31T14:01:17Z,https://en.wikipedia.org/w/index.php?oldid=843790751,matched_gics
2018-05-31,PG,Procter & Gamble,Consumer Staples,Household & Personal Products,Personal Products,Personal Products,843790751,2018-05-31T14:01:17Z,https://en.wikipedia.org/w/index.php?oldid=843790751,matched_gics
2018-05-31,PLD,Prologis,Real Estate,Real Estate,Equity Real Estate Investment Trusts (REITs),Industrial REITs,843790751,2018-05-31T14:01:17Z,https://en.wikipedia.org/w/index.php?oldid=843790751,matched_gics
2018-05-31,PM,Philip Morris International,Consumer Staples,"Food, Beverage & Tobacco",Tobacco,Tobacco,843790751,2018-05-31T14:01:17Z,https://en.wikipedia.org/w/index.php?oldid=843790751,matched_gics
2018-05-31,PSA,Public Storage,Real Estate,Real Estate,Equity Real Estate Investment Trusts (REITs),Specialized REITs,843790751,2018-05-31T14:01:17Z,https://en.wikipedia.org/w/index.php?oldid=843790751,matched_gics
2018-05-31,PTR,PetroChina Company Limited,,,,,,,,missing_gics
2018-05-31,PYPL,PayPal,Information Technology,Software & Services,IT Services,Data Processing & Outsourced Services,843790751,2018-05-31T14:01:17Z,https://en.wikipedia.org/w/index.php?oldid=843790751,matched_gics
2018-05-31,RDS-B,Royal Dutch Shell plc,,,,,,,,missing_gics
2018-05-31,RIO,Rio Tinto Group,,,,,,,,missing_gics
2018-05-31,RTX,Raytheon Technologies Corporation,,,,,,,,missing_gics
2018-05-31,SBAC,SBA Communications,Real Estate,Real Estate,Equity Real Estate Investment Trusts (REITs),Specialized REITs,843790751,2018-05-31T14:01:17Z,https://en.wikipedia.org/w/index.php?oldid=843790751,matched_gics
2018-05-31,SBUX,Starbucks Corp.,Consumer Discretionary,Consumer Services,"Hotels, Restaurants & Leisure",Restaurants,843790751,2018-05-31T14:01:17Z,https://en.wikipedia.org/w/index.php?oldid=843790751,matched_gics
2018-05-31,SCHW,Charles Schwab Corporation,Financials,Diversified Financials,Capital Markets,Investment Banking & Brokerage,843790751,2018-05-31T14:01:17Z,https://en.wikipedia.org/w/index.php?oldid=843790751,matched_gics
2018-05-31,SHW,Sherwin-Williams,Materials,Materials,Chemicals,Specialty Chemicals,843790751,2018-05-31T14:01:17Z,https://en.wikipedia.org/w/index.php?oldid=843790751,matched_gics
2018-05-31,SNAP,Snap Inc.,,,,,,,,missing_gics
2018-05-31,SNP,China Petroleum & Chemical Corporation,,,,,,,,missing_gics
2018-05-31,SO,Southern Co.,Utilities,Utilities,Electric Utilities,Electric Utilities,843790751,2018-05-31T14:01:17Z,https://en.wikipedia.org/w/index.php?oldid=843790751,matched_gics
2018-05-31,SPG-PJ,"Simon Property Group, Inc.",,,,,,,,missing_gics
2018-05-31,SRE,Sempra Energy,Utilities,Utilities,Multi-Utilities,Multi-Utilities,843790751,2018-05-31T14:01:17Z,https://en.wikipedia.org/w/index.php?oldid=843790751,matched_gics
2018-05-31,T,AT&T Inc.,Telecommunication Services,Telecommunication Services,Diversified Telecommunication Services,Integrated Telecommunication Services,843790751,2018-05-31T14:01:17Z,https://en.wikipedia.org/w/index.php?oldid=843790751,matched_gics
2018-05-31,TGT,Target Corp.,Consumer Discretionary,Retailing,Multiline Retail,General Merchandise Stores,843790751,2018-05-31T14:01:17Z,https://en.wikipedia.org/w/index.php?oldid=843790751,matched_gics
2018-05-31,TM,Toyota Motor Corporation,,,,,,,,missing_gics
2018-05-31,TMO,Thermo Fisher Scientific,Health Care,Health Care Equipment & Services,Health Care Equipment & Supplies,Health Care Equipment,843790751,2018-05-31T14:01:17Z,https://en.wikipedia.org/w/index.php?oldid=843790751,matched_gics
2018-05-31,TMUS,"T-Mobile US, Inc.",,,,,,,,missing_gics
2018-05-31,TSLA,"Tesla, Inc.",,,,,,,,missing_gics
2018-05-31,TSM,Taiwan Semiconductor Manufacturing Company Limited,,,,,,,,missing_gics
2018-05-31,TTE,TotalEnergies SE,,,,,,,,missing_gics
2018-05-31,UL,Unilever PLC,,,,,,,,missing_gics
2018-05-31,UNH,United Health Group Inc.,Health Care,Health Care Equipment & Services,Health Care Providers & Services,Managed Health Care,843790751,2018-05-31T14:01:17Z,https://en.wikipedia.org/w/index.php?oldid=843790751,matched_gics
2018-05-31,UNP,Union Pacific,Industrials,Transportation,Road & Rail,Railroads,843790751,2018-05-31T14:01:17Z,https://en.wikipedia.org/w/index.php?oldid=843790751,matched_gics
2018-05-31,UPS,United Parcel Service,Industrials,Transportation,Air Freight & Logistics,Air Freight & Logistics,843790751,2018-05-31T14:01:17Z,https://en.wikipedia.org/w/index.php?oldid=843790751,matched_gics
2018-05-31,V,Visa Inc.,Information Technology,Software & Services,Internet Software & Services,Internet Software & Services,843790751,2018-05-31T14:01:17Z,https://en.wikipedia.org/w/index.php?oldid=843790751,matched_gics
2018-05-31,VALE,Vale S.A.,,,,,,,,missing_gics
2018-05-31,VZ,Verizon Communications,Telecommunication Services,Telecommunication Services,Diversified Telecommunication Services,Integrated Telecommunication Services,843790751,2018-05-31T14:01:17Z,https://en.wikipedia.org/w/index.php?oldid=843790751,matched_gics
2018-05-31,WELL,Welltower Inc.,Real Estate,Real Estate,Equity Real Estate Investment Trusts (REITs),Health Care REITs,843790751,2018-05-31T14:01:17Z,https://en.wikipedia.org/w/index.php?oldid=843790751,matched_gics
2018-05-31,WFC-PL,Wells Fargo & Company,,,,,,,,missing_gics
2018-05-31,WMT,Wal-Mart Stores,Consumer Staples,Food & Staples Retailing,Food & Staples Retailing,Hypermarkets & Super Centers,843790751,2018-05-31T14:01:17Z,https://en.wikipedia.org/w/index.php?oldid=843790751,matched_gics
2018-05-31,XEL,Xcel Energy Inc,Utilities,Utilities,Multi-Utilities,Multi-Utilities,843790751,2018-05-31T14:01:17Z,https://en.wikipedia.org/w/index.php?oldid=843790751,matched_gics
2018-05-31,XOM,Exxon Mobil Corp.,Energy,Energy,"Oil, Gas & Consumable Fuels",Integrated Oil & Gas,843790751,2018-05-31T14:01:17Z,https://en.wikipedia.org/w/index.php?oldid=843790751,matched_gics
2018-06-30,AAPL,Apple Inc.,Information Technology,Technology Hardware & Equipment,"Technology Hardware, Storage & Peripherals","Technology Hardware, Storage & Peripherals",848091676,2018-06-29T18:49:21Z,https://en.wikipedia.org/w/index.php?oldid=848091676,matched_gics
2018-06-30,ABBV,AbbVie Inc.,Health Care,"Pharmaceuticals, Biotechnology & Life Sciences",Pharmaceuticals,Pharmaceuticals,848091676,2018-06-29T18:49:21Z,https://en.wikipedia.org/w/index.php?oldid=848091676,matched_gics
2018-06-30,ABT,Abbott Laboratories,Health Care,Health Care Equipment & Services,Health Care Equipment & Supplies,Health Care Equipment,848091676,2018-06-29T18:49:21Z,https://en.wikipedia.org/w/index.php?oldid=848091676,matched_gics
2018-06-30,ACN,Accenture plc,Information Technology,Software & Services,IT Services,IT Consulting & Other Services,848091676,2018-06-29T18:49:21Z,https://en.wikipedia.org/w/index.php?oldid=848091676,matched_gics
2018-06-30,ADBE,Adobe Systems Inc,Information Technology,Software & Services,Software,Application Software,848091676,2018-06-29T18:49:21Z,https://en.wikipedia.org/w/index.php?oldid=848091676,matched_gics
2018-06-30,ADP,Automatic Data Processing,Information Technology,Software & Services,Internet Software & Services,Internet Software & Services,848091676,2018-06-29T18:49:21Z,https://en.wikipedia.org/w/index.php?oldid=848091676,matched_gics
2018-06-30,AEP,American Electric Power,Utilities,Utilities,Electric Utilities,Electric Utilities,848091676,2018-06-29T18:49:21Z,https://en.wikipedia.org/w/index.php?oldid=848091676,matched_gics
2018-06-30,AMT,American Tower Corp A,Real Estate,Real Estate,Equity Real Estate Investment Trusts (REITs),Specialized REITs,848091676,2018-06-29T18:49:21Z,https://en.wikipedia.org/w/index.php?oldid=848091676,matched_gics
2018-06-30,AMZN,Amazon.com Inc.,Consumer Discretionary,Retailing,Internet & Direct Marketing Retail,Internet & Direct Marketing Retail,848091676,2018-06-29T18:49:21Z,https://en.wikipedia.org/w/index.php?oldid=848091676,matched_gics
2018-06-30,APD,Air Products & Chemicals Inc,Materials,Materials,Chemicals,Industrial Gases,848091676,2018-06-29T18:49:21Z,https://en.wikipedia.org/w/index.php?oldid=848091676,matched_gics
2018-06-30,ASML,ASML Holding N.V.,,,,,,,,missing_gics
2018-06-30,AVGO,Broadcom,Information Technology,Semiconductors & Semiconductor Equipment,Semiconductors & Semiconductor Equipment,Semiconductors,848091676,2018-06-29T18:49:21Z,https://en.wikipedia.org/w/index.php?oldid=848091676,matched_gics
2018-06-30,AWK,American Water Works Company Inc,Utilities,Utilities,Water Utilities,Water Utilities,848091676,2018-06-29T18:49:21Z,https://en.wikipedia.org/w/index.php?oldid=848091676,matched_gics
2018-06-30,BA,Boeing Company,Industrials,Capital Goods,Aerospace & Defense,Aerospace & Defense,848091676,2018-06-29T18:49:21Z,https://en.wikipedia.org/w/index.php?oldid=848091676,matched_gics
2018-06-30,BABA,Alibaba Group Holding Limited,,,,,,,,missing_gics
2018-06-30,BAC,Bank of America Corp,Financials,Banks,Banks,Diversified Banks,848091676,2018-06-29T18:49:21Z,https://en.wikipedia.org/w/index.php?oldid=848091676,matched_gics
2018-06-30,BBL,BHP Group,,,,,,,,missing_gics
2018-06-30,BHP,BHP Group,,,,,,,,missing_gics
2018-06-30,BP,BP p.l.c.,,,,,,,,missing_gics
2018-06-30,BRK-A,Berkshire Hathaway Inc.,,,,,,,,missing_gics
2018-06-30,C-PJ,Citigroup Inc.,,,,,,,,missing_gics
2018-06-30,CAT,Caterpillar Inc.,Industrials,Capital Goods,Machinery,Construction Machinery & Heavy Trucks,848091676,2018-06-29T18:49:21Z,https://en.wikipedia.org/w/index.php?oldid=848091676,matched_gics
2018-06-30,CCI,Crown Castle International Corp.,Real Estate,Real Estate,Equity Real Estate Investment Trusts (REITs),Specialized REITs,848091676,2018-06-29T18:49:21Z,https://en.wikipedia.org/w/index.php?oldid=848091676,matched_gics
2018-06-30,CHTR,Charter Communications,Consumer Discretionary,Media,Media,Cable & Satellite,848091676,2018-06-29T18:49:21Z,https://en.wikipedia.org/w/index.php?oldid=848091676,matched_gics
2018-06-30,CMCSA,Comcast Corp.,Consumer Discretionary,Media,Media,Cable & Satellite,848091676,2018-06-29T18:49:21Z,https://en.wikipedia.org/w/index.php?oldid=848091676,matched_gics
2018-06-30,COP,ConocoPhillips,Energy,Energy,"Oil, Gas & Consumable Fuels",Oil & Gas Exploration & Production,848091676,2018-06-29T18:49:21Z,https://en.wikipedia.org/w/index.php?oldid=848091676,matched_gics
2018-06-30,COST,Costco Wholesale Corp.,Consumer Staples,Food & Staples Retailing,Food & Staples Retailing,Hypermarkets & Super Centers,848091676,2018-06-29T18:49:21Z,https://en.wikipedia.org/w/index.php?oldid=848091676,matched_gics
2018-06-30,CSCO,Cisco Systems,Information Technology,Technology Hardware & Equipment,Communications Equipment,Communications Equipment,848091676,2018-06-29T18:49:21Z,https://en.wikipedia.org/w/index.php?oldid=848091676,matched_gics
2018-06-30,CTA-PB,E. I. du Pont de Nemours and Company,,,,,,,,missing_gics
2018-06-30,CVX,Chevron Corp.,Energy,Energy,"Oil, Gas & Consumable Fuels",Integrated Oil & Gas,848091676,2018-06-29T18:49:21Z,https://en.wikipedia.org/w/index.php?oldid=848091676,matched_gics
2018-06-30,D,Dominion Energy,Utilities,Utilities,Electric Utilities,Electric Utilities,848091676,2018-06-29T18:49:21Z,https://en.wikipedia.org/w/index.php?oldid=848091676,matched_gics
2018-06-30,DE,Deere & Co.,Industrials,Capital Goods,Machinery,Agricultural & Farm Machinery,848091676,2018-06-29T18:49:21Z,https://en.wikipedia.org/w/index.php?oldid=848091676,matched_gics
2018-06-30,DEO,Diageo plc,,,,,,,,missing_gics
2018-06-30,DHR,Danaher Corp.,Health Care,Health Care Equipment & Services,Health Care Equipment & Supplies,Health Care Equipment,848091676,2018-06-29T18:49:21Z,https://en.wikipedia.org/w/index.php?oldid=848091676,matched_gics
2018-06-30,DIS,The Walt Disney Company,Consumer Discretionary,Media,Media,Cable & Satellite,848091676,2018-06-29T18:49:21Z,https://en.wikipedia.org/w/index.php?oldid=848091676,matched_gics
2018-06-30,DLR,Digital Realty Trust Inc,Real Estate,Real Estate,Equity Real Estate Investment Trusts (REITs),Specialized REITs,848091676,2018-06-29T18:49:21Z,https://en.wikipedia.org/w/index.php?oldid=848091676,matched_gics
2018-06-30,DUK,Duke Energy,Utilities,Utilities,Electric Utilities,Electric Utilities,848091676,2018-06-29T18:49:21Z,https://en.wikipedia.org/w/index.php?oldid=848091676,matched_gics
2018-06-30,ECL,Ecolab Inc.,Materials,Materials,Chemicals,Specialty Chemicals,848091676,2018-06-29T18:49:21Z,https://en.wikipedia.org/w/index.php?oldid=848091676,matched_gics
2018-06-30,EL,Estee Lauder Cos.,Consumer Staples,Household & Personal Products,Personal Products,Personal Products,848091676,2018-06-29T18:49:21Z,https://en.wikipedia.org/w/index.php?oldid=848091676,matched_gics
2018-06-30,ENB,Enbridge Inc.,,,,,,,,missing_gics
2018-06-30,EQIX,Equinix,Real Estate,Real Estate,Equity Real Estate Investment Trusts (REITs),Specialized REITs,848091676,2018-06-29T18:49:21Z,https://en.wikipedia.org/w/index.php?oldid=848091676,matched_gics
2018-06-30,EQNR,Equinor ASA,,,,,,,,missing_gics
2018-06-30,EXC,Exelon Corp.,Utilities,Utilities,Multi-Utilities,Multi-Utilities,848091676,2018-06-29T18:49:21Z,https://en.wikipedia.org/w/index.php?oldid=848091676,matched_gics
2018-06-30,FB,"Facebook, Inc.",Information Technology,Software & Services,Internet Software & Services,Internet Software & Services,848091676,2018-06-29T18:49:21Z,https://en.wikipedia.org/w/index.php?oldid=848091676,matched_gics
2018-06-30,FCX,Freeport-McMoRan Inc.,Materials,Materials,Metals & Mining,Copper,848091676,2018-06-29T18:49:21Z,https://en.wikipedia.org/w/index.php?oldid=848091676,matched_gics
2018-06-30,GE,General Electric,Industrials,Capital Goods,Industrial Conglomerates,Industrial Conglomerates,848091676,2018-06-29T18:49:21Z,https://en.wikipedia.org/w/index.php?oldid=848091676,matched_gics
2018-06-30,GOOG,Alphabet Inc Class C,Information Technology,Software & Services,Internet Software & Services,Internet Software & Services,848091676,2018-06-29T18:49:21Z,https://en.wikipedia.org/w/index.php?oldid=848091676,matched_gics
2018-06-30,HD,Home Depot,Consumer Discretionary,Retailing,Specialty Retail,Home Improvement Retail,848091676,2018-06-29T18:49:21Z,https://en.wikipedia.org/w/index.php?oldid=848091676,matched_gics
2018-06-30,HON,Honeywell Int'l Inc.,Industrials,Capital Goods,Industrial Conglomerates,Industrial Conglomerates,848091676,2018-06-29T18:49:21Z,https://en.wikipedia.org/w/index.php?oldid=848091676,matched_gics
2018-06-30,JD,"JD.com, Inc.",,,,,,,,missing_gics
2018-06-30,JNJ,Johnson & Johnson,Health Care,Health Care Equipment & Services,Health Care Equipment & Supplies,Health Care Equipment,848091676,2018-06-29T18:49:21Z,https://en.wikipedia.org/w/index.php?oldid=848091676,matched_gics
2018-06-30,JPM,JPMorgan Chase & Co.,Financials,Banks,Banks,Diversified Banks,848091676,2018-06-29T18:49:21Z,https://en.wikipedia.org/w/index.php?oldid=848091676,matched_gics
2018-06-30,KO,Coca-Cola Company (The),Consumer Staples,"Food, Beverage & Tobacco",Beverages,Soft Drinks,848091676,2018-06-29T18:49:21Z,https://en.wikipedia.org/w/index.php?oldid=848091676,matched_gics
2018-06-30,LLY,Lilly (Eli) & Co.,Health Care,"Pharmaceuticals, Biotechnology & Life Sciences",Pharmaceuticals,Pharmaceuticals,848091676,2018-06-29T18:49:21Z,https://en.wikipedia.org/w/index.php?oldid=848091676,matched_gics
2018-06-30,LOW,Lowe's Cos.,Consumer Discretionary,Retailing,Specialty Retail,Home Improvement Retail,848091676,2018-06-29T18:49:21Z,https://en.wikipedia.org/w/index.php?oldid=848091676,matched_gics
2018-06-30,MA,Mastercard Inc.,Information Technology,Software & Services,Internet Software & Services,Internet Software & Services,848091676,2018-06-29T18:49:21Z,https://en.wikipedia.org/w/index.php?oldid=848091676,matched_gics
2018-06-30,MCD,McDonald's Corp.,Consumer Discretionary,Consumer Services,"Hotels, Restaurants & Leisure",Restaurants,848091676,2018-06-29T18:49:21Z,https://en.wikipedia.org/w/index.php?oldid=848091676,matched_gics
2018-06-30,MMM,3M Company,Industrials,Capital Goods,Industrial Conglomerates,Industrial Conglomerates,848091676,2018-06-29T18:49:21Z,https://en.wikipedia.org/w/index.php?oldid=848091676,matched_gics
2018-06-30,MS,Morgan Stanley,Financials,Diversified Financials,Capital Markets,Investment Banking & Brokerage,848091676,2018-06-29T18:49:21Z,https://en.wikipedia.org/w/index.php?oldid=848091676,matched_gics
2018-06-30,MSFT,Microsoft Corp.,Information Technology,Software & Services,Software,Systems Software,848091676,2018-06-29T18:49:21Z,https://en.wikipedia.org/w/index.php?oldid=848091676,matched_gics
2018-06-30,NEE,NextEra Energy,Utilities,Utilities,Multi-Utilities,Multi-Utilities,848091676,2018-06-29T18:49:21Z,https://en.wikipedia.org/w/index.php?oldid=848091676,matched_gics
2018-06-30,NEM,Newmont Mining Corporation,Materials,Materials,Metals & Mining,Gold,848091676,2018-06-29T18:49:21Z,https://en.wikipedia.org/w/index.php?oldid=848091676,matched_gics
2018-06-30,NFLX,Netflix Inc.,Information Technology,Software & Services,Internet Software & Services,Internet Software & Services,848091676,2018-06-29T18:49:21Z,https://en.wikipedia.org/w/index.php?oldid=848091676,matched_gics
2018-06-30,NGG,National Grid plc,,,,,,,,missing_gics
2018-06-30,NKE,Nike,Consumer Discretionary,Consumer Durables & Apparel,"Textiles, Apparel & Luxury Goods","Apparel, Accessories & Luxury Goods",848091676,2018-06-29T18:49:21Z,https://en.wikipedia.org/w/index.php?oldid=848091676,matched_gics
2018-06-30,NVDA,Nvidia Corporation,Information Technology,Semiconductors & Semiconductor Equipment,Semiconductors & Semiconductor Equipment,Semiconductors,848091676,2018-06-29T18:49:21Z,https://en.wikipedia.org/w/index.php?oldid=848091676,matched_gics
2018-06-30,NVO,Novo Nordisk A/S,,,,,,,,missing_gics
2018-06-30,NVS,Novartis AG,,,,,,,,missing_gics
2018-06-30,O,Realty Income Corporation,Real Estate,Real Estate,Equity Real Estate Investment Trusts (REITs),Retail REITs,848091676,2018-06-29T18:49:21Z,https://en.wikipedia.org/w/index.php?oldid=848091676,matched_gics
2018-06-30,ORCL,Oracle Corp.,Information Technology,Software & Services,Software,Application Software,848091676,2018-06-29T18:49:21Z,https://en.wikipedia.org/w/index.php?oldid=848091676,matched_gics
2018-06-30,PEP,PepsiCo Inc.,Consumer Staples,"Food, Beverage & Tobacco",Beverages,Soft Drinks,848091676,2018-06-29T18:49:21Z,https://en.wikipedia.org/w/index.php?oldid=848091676,matched_gics
2018-06-30,PFE,Pfizer Inc.,Health Care,"Pharmaceuticals, Biotechnology & Life Sciences",Pharmaceuticals,Pharmaceuticals,848091676,2018-06-29T18:49:21Z,https://en.wikipedia.org/w/index.php?oldid=848091676,matched_gics
2018-06-30,PG,Procter & Gamble,Consumer Staples,Household & Personal Products,Personal Products,Personal Products,848091676,2018-06-29T18:49:21Z,https://en.wikipedia.org/w/index.php?oldid=848091676,matched_gics
2018-06-30,PLD,Prologis,Real Estate,Real Estate,Equity Real Estate Investment Trusts (REITs),Industrial REITs,848091676,2018-06-29T18:49:21Z,https://en.wikipedia.org/w/index.php?oldid=848091676,matched_gics
2018-06-30,PM,Philip Morris International,Consumer Staples,"Food, Beverage & Tobacco",Tobacco,Tobacco,848091676,2018-06-29T18:49:21Z,https://en.wikipedia.org/w/index.php?oldid=848091676,matched_gics
2018-06-30,PSA,Public Storage,Real Estate,Real Estate,Equity Real Estate Investment Trusts (REITs),Specialized REITs,848091676,2018-06-29T18:49:21Z,https://en.wikipedia.org/w/index.php?oldid=848091676,matched_gics
2018-06-30,PTR,PetroChina Company Limited,,,,,,,,missing_gics
2018-06-30,PYPL,PayPal,Information Technology,Software & Services,IT Services,Data Processing & Outsourced Services,848091676,2018-06-29T18:49:21Z,https://en.wikipedia.org/w/index.php?oldid=848091676,matched_gics
2018-06-30,RDS-B,Royal Dutch Shell plc,,,,,,,,missing_gics
2018-06-30,RIO,Rio Tinto Group,,,,,,,,missing_gics
2018-06-30,RTX,Raytheon Technologies Corporation,,,,,,,,missing_gics
2018-06-30,SBAC,SBA Communications,Real Estate,Real Estate,Equity Real Estate Investment Trusts (REITs),Specialized REITs,848091676,2018-06-29T18:49:21Z,https://en.wikipedia.org/w/index.php?oldid=848091676,matched_gics
2018-06-30,SBUX,Starbucks Corp.,Consumer Discretionary,Consumer Services,"Hotels, Restaurants & Leisure",Restaurants,848091676,2018-06-29T18:49:21Z,https://en.wikipedia.org/w/index.php?oldid=848091676,matched_gics
2018-06-30,SCHW,Charles Schwab Corporation,Financials,Diversified Financials,Capital Markets,Investment Banking & Brokerage,848091676,2018-06-29T18:49:21Z,https://en.wikipedia.org/w/index.php?oldid=848091676,matched_gics
2018-06-30,SHW,Sherwin-Williams,Materials,Materials,Chemicals,Specialty Chemicals,848091676,2018-06-29T18:49:21Z,https://en.wikipedia.org/w/index.php?oldid=848091676,matched_gics
2018-06-30,SNAP,Snap Inc.,,,,,,,,missing_gics
2018-06-30,SNP,China Petroleum & Chemical Corporation,,,,,,,,missing_gics
2018-06-30,SO,Southern Co.,Utilities,Utilities,Electric Utilities,Electric Utilities,848091676,2018-06-29T18:49:21Z,https://en.wikipedia.org/w/index.php?oldid=848091676,matched_gics
2018-06-30,SPG-PJ,"Simon Property Group, Inc.",,,,,,,,missing_gics
2018-06-30,SRE,Sempra Energy,Utilities,Utilities,Multi-Utilities,Multi-Utilities,848091676,2018-06-29T18:49:21Z,https://en.wikipedia.org/w/index.php?oldid=848091676,matched_gics
2018-06-30,T,AT&T Inc.,Telecommunication Services,Telecommunication Services,Diversified Telecommunication Services,Integrated Telecommunication Services,848091676,2018-06-29T18:49:21Z,https://en.wikipedia.org/w/index.php?oldid=848091676,matched_gics
2018-06-30,TGT,Target Corp.,Consumer Discretionary,Retailing,Multiline Retail,General Merchandise Stores,848091676,2018-06-29T18:49:21Z,https://en.wikipedia.org/w/index.php?oldid=848091676,matched_gics
2018-06-30,TM,Toyota Motor Corporation,,,,,,,,missing_gics
2018-06-30,TMO,Thermo Fisher Scientific,Health Care,Health Care Equipment & Services,Health Care Equipment & Supplies,Health Care Equipment,848091676,2018-06-29T18:49:21Z,https://en.wikipedia.org/w/index.php?oldid=848091676,matched_gics
2018-06-30,TMUS,"T-Mobile US, Inc.",,,,,,,,missing_gics
2018-06-30,TSLA,"Tesla, Inc.",,,,,,,,missing_gics
2018-06-30,TSM,Taiwan Semiconductor Manufacturing Company Limited,,,,,,,,missing_gics
2018-06-30,TTE,TotalEnergies SE,,,,,,,,missing_gics
2018-06-30,UL,Unilever PLC,,,,,,,,missing_gics
2018-06-30,UNH,United Health Group Inc.,Health Care,Health Care Equipment & Services,Health Care Providers & Services,Managed Health Care,848091676,2018-06-29T18:49:21Z,https://en.wikipedia.org/w/index.php?oldid=848091676,matched_gics
2018-06-30,UNP,Union Pacific,Industrials,Transportation,Road & Rail,Railroads,848091676,2018-06-29T18:49:21Z,https://en.wikipedia.org/w/index.php?oldid=848091676,matched_gics
2018-06-30,UPS,United Parcel Service,Industrials,Transportation,Air Freight & Logistics,Air Freight & Logistics,848091676,2018-06-29T18:49:21Z,https://en.wikipedia.org/w/index.php?oldid=848091676,matched_gics
2018-06-30,V,Visa Inc.,Information Technology,Software & Services,Internet Software & Services,Internet Software & Services,848091676,2018-06-29T18:49:21Z,https://en.wikipedia.org/w/index.php?oldid=848091676,matched_gics
2018-06-30,VALE,Vale S.A.,,,,,,,,missing_gics
2018-06-30,VZ,Verizon Communications,Telecommunication Services,Telecommunication Services,Diversified Telecommunication Services,Integrated Telecommunication Services,848091676,2018-06-29T18:49:21Z,https://en.wikipedia.org/w/index.php?oldid=848091676,matched_gics
2018-06-30,WELL,Welltower Inc.,Real Estate,Real Estate,Equity Real Estate Investment Trusts (REITs),Health Care REITs,848091676,2018-06-29T18:49:21Z,https://en.wikipedia.org/w/index.php?oldid=848091676,matched_gics
2018-06-30,WFC-PL,Wells Fargo & Company,,,,,,,,missing_gics
2018-06-30,WMT,Wal-Mart Stores,Consumer Staples,Food & Staples Retailing,Food & Staples Retailing,Hypermarkets & Super Centers,848091676,2018-06-29T18:49:21Z,https://en.wikipedia.org/w/index.php?oldid=848091676,matched_gics
2018-06-30,XEL,Xcel Energy Inc,Utilities,Utilities,Multi-Utilities,Multi-Utilities,848091676,2018-06-29T18:49:21Z,https://en.wikipedia.org/w/index.php?oldid=848091676,matched_gics
2018-06-30,XOM,Exxon Mobil Corp.,Energy,Energy,"Oil, Gas & Consumable Fuels",Integrated Oil & Gas,848091676,2018-06-29T18:49:21Z,https://en.wikipedia.org/w/index.php?oldid=848091676,matched_gics
2018-07-31,AAPL,Apple Inc.,Information Technology,Technology Hardware & Equipment,"Technology Hardware, Storage & Peripherals","Technology Hardware, Storage & Peripherals",851252056,2018-07-21T02:15:43Z,https://en.wikipedia.org/w/index.php?oldid=851252056,matched_gics
2018-07-31,ABBV,AbbVie Inc.,Health Care,"Pharmaceuticals, Biotechnology & Life Sciences",Pharmaceuticals,Pharmaceuticals,851252056,2018-07-21T02:15:43Z,https://en.wikipedia.org/w/index.php?oldid=851252056,matched_gics
2018-07-31,ABT,Abbott Laboratories,Health Care,Health Care Equipment & Services,Health Care Equipment & Supplies,Health Care Equipment,851252056,2018-07-21T02:15:43Z,https://en.wikipedia.org/w/index.php?oldid=851252056,matched_gics
2018-07-31,ACN,Accenture plc,Information Technology,Software & Services,IT Services,IT Consulting & Other Services,851252056,2018-07-21T02:15:43Z,https://en.wikipedia.org/w/index.php?oldid=851252056,matched_gics
2018-07-31,ADBE,Adobe Systems Inc,Information Technology,Software & Services,Software,Application Software,851252056,2018-07-21T02:15:43Z,https://en.wikipedia.org/w/index.php?oldid=851252056,matched_gics
2018-07-31,ADP,Automatic Data Processing,Information Technology,Software & Services,Internet Software & Services,Internet Software & Services,851252056,2018-07-21T02:15:43Z,https://en.wikipedia.org/w/index.php?oldid=851252056,matched_gics
2018-07-31,AEP,American Electric Power,Utilities,Utilities,Electric Utilities,Electric Utilities,851252056,2018-07-21T02:15:43Z,https://en.wikipedia.org/w/index.php?oldid=851252056,matched_gics
2018-07-31,AMT,American Tower Corp A,Real Estate,Real Estate,Equity Real Estate Investment Trusts (REITs),Specialized REITs,851252056,2018-07-21T02:15:43Z,https://en.wikipedia.org/w/index.php?oldid=851252056,matched_gics
2018-07-31,AMZN,Amazon.com Inc.,Consumer Discretionary,Retailing,Internet & Direct Marketing Retail,Internet & Direct Marketing Retail,851252056,2018-07-21T02:15:43Z,https://en.wikipedia.org/w/index.php?oldid=851252056,matched_gics
2018-07-31,APD,Air Products & Chemicals Inc,Materials,Materials,Chemicals,Industrial Gases,851252056,2018-07-21T02:15:43Z,https://en.wikipedia.org/w/index.php?oldid=851252056,matched_gics
2018-07-31,ASML,ASML Holding N.V.,,,,,,,,missing_gics
2018-07-31,AVGO,Broadcom,Information Technology,Semiconductors & Semiconductor Equipment,Semiconductors & Semiconductor Equipment,Semiconductors,851252056,2018-07-21T02:15:43Z,https://en.wikipedia.org/w/index.php?oldid=851252056,matched_gics
2018-07-31,AWK,American Water Works Company Inc,Utilities,Utilities,Water Utilities,Water Utilities,851252056,2018-07-21T02:15:43Z,https://en.wikipedia.org/w/index.php?oldid=851252056,matched_gics
2018-07-31,BA,Boeing Company,Industrials,Capital Goods,Aerospace & Defense,Aerospace & Defense,851252056,2018-07-21T02:15:43Z,https://en.wikipedia.org/w/index.php?oldid=851252056,matched_gics
2018-07-31,BABA,Alibaba Group Holding Limited,,,,,,,,missing_gics
2018-07-31,BAC,Bank of America Corp,Financials,Banks,Banks,Diversified Banks,851252056,2018-07-21T02:15:43Z,https://en.wikipedia.org/w/index.php?oldid=851252056,matched_gics
2018-07-31,BBL,BHP Group,,,,,,,,missing_gics
2018-07-31,BHP,BHP Group,,,,,,,,missing_gics
2018-07-31,BP,BP p.l.c.,,,,,,,,missing_gics
2018-07-31,BRK-A,Berkshire Hathaway Inc.,,,,,,,,missing_gics
2018-07-31,C-PJ,Citigroup Inc.,,,,,,,,missing_gics
2018-07-31,CAT,Caterpillar Inc.,Industrials,Capital Goods,Machinery,Construction Machinery & Heavy Trucks,851252056,2018-07-21T02:15:43Z,https://en.wikipedia.org/w/index.php?oldid=851252056,matched_gics
2018-07-31,CCI,Crown Castle International Corp.,Real Estate,Real Estate,Equity Real Estate Investment Trusts (REITs),Specialized REITs,851252056,2018-07-21T02:15:43Z,https://en.wikipedia.org/w/index.php?oldid=851252056,matched_gics
2018-07-31,CHTR,Charter Communications,Consumer Discretionary,Media,Media,Cable & Satellite,851252056,2018-07-21T02:15:43Z,https://en.wikipedia.org/w/index.php?oldid=851252056,matched_gics
2018-07-31,CMCSA,Comcast Corp.,Consumer Discretionary,Media,Media,Cable & Satellite,851252056,2018-07-21T02:15:43Z,https://en.wikipedia.org/w/index.php?oldid=851252056,matched_gics
2018-07-31,COP,ConocoPhillips,Energy,Energy,"Oil, Gas & Consumable Fuels",Oil & Gas Exploration & Production,851252056,2018-07-21T02:15:43Z,https://en.wikipedia.org/w/index.php?oldid=851252056,matched_gics
2018-07-31,COST,Costco Wholesale Corp.,Consumer Staples,Food & Staples Retailing,Food & Staples Retailing,Hypermarkets & Super Centers,851252056,2018-07-21T02:15:43Z,https://en.wikipedia.org/w/index.php?oldid=851252056,matched_gics
2018-07-31,CSCO,Cisco Systems,Information Technology,Technology Hardware & Equipment,Communications Equipment,Communications Equipment,851252056,2018-07-21T02:15:43Z,https://en.wikipedia.org/w/index.php?oldid=851252056,matched_gics
2018-07-31,CTA-PB,E. I. du Pont de Nemours and Company,,,,,,,,missing_gics
2018-07-31,CVX,Chevron Corp.,Energy,Energy,"Oil, Gas & Consumable Fuels",Integrated Oil & Gas,851252056,2018-07-21T02:15:43Z,https://en.wikipedia.org/w/index.php?oldid=851252056,matched_gics
2018-07-31,D,Dominion Energy,Utilities,Utilities,Electric Utilities,Electric Utilities,851252056,2018-07-21T02:15:43Z,https://en.wikipedia.org/w/index.php?oldid=851252056,matched_gics
2018-07-31,DE,Deere & Co.,Industrials,Capital Goods,Machinery,Agricultural & Farm Machinery,851252056,2018-07-21T02:15:43Z,https://en.wikipedia.org/w/index.php?oldid=851252056,matched_gics
2018-07-31,DEO,Diageo plc,,,,,,,,missing_gics
2018-07-31,DHR,Danaher Corp.,Health Care,Health Care Equipment & Services,Health Care Equipment & Supplies,Health Care Equipment,851252056,2018-07-21T02:15:43Z,https://en.wikipedia.org/w/index.php?oldid=851252056,matched_gics
2018-07-31,DIS,The Walt Disney Company,Consumer Discretionary,Media,Media,Cable & Satellite,851252056,2018-07-21T02:15:43Z,https://en.wikipedia.org/w/index.php?oldid=851252056,matched_gics
2018-07-31,DLR,Digital Realty Trust Inc,Real Estate,Real Estate,Equity Real Estate Investment Trusts (REITs),Specialized REITs,851252056,2018-07-21T02:15:43Z,https://en.wikipedia.org/w/index.php?oldid=851252056,matched_gics
2018-07-31,DUK,Duke Energy,Utilities,Utilities,Electric Utilities,Electric Utilities,851252056,2018-07-21T02:15:43Z,https://en.wikipedia.org/w/index.php?oldid=851252056,matched_gics
2018-07-31,ECL,Ecolab Inc.,Materials,Materials,Chemicals,Specialty Chemicals,851252056,2018-07-21T02:15:43Z,https://en.wikipedia.org/w/index.php?oldid=851252056,matched_gics
2018-07-31,EL,Estee Lauder Cos.,Consumer Staples,Household & Personal Products,Personal Products,Personal Products,851252056,2018-07-21T02:15:43Z,https://en.wikipedia.org/w/index.php?oldid=851252056,matched_gics
2018-07-31,ENB,Enbridge Inc.,,,,,,,,missing_gics
2018-07-31,EQIX,Equinix,Real Estate,Real Estate,Equity Real Estate Investment Trusts (REITs),Specialized REITs,851252056,2018-07-21T02:15:43Z,https://en.wikipedia.org/w/index.php?oldid=851252056,matched_gics
2018-07-31,EQNR,Equinor ASA,,,,,,,,missing_gics
2018-07-31,EXC,Exelon Corp.,Utilities,Utilities,Multi-Utilities,Multi-Utilities,851252056,2018-07-21T02:15:43Z,https://en.wikipedia.org/w/index.php?oldid=851252056,matched_gics
2018-07-31,FB,"Facebook, Inc.",Information Technology,Software & Services,Internet Software & Services,Internet Software & Services,851252056,2018-07-21T02:15:43Z,https://en.wikipedia.org/w/index.php?oldid=851252056,matched_gics
2018-07-31,FCX,Freeport-McMoRan Inc.,Materials,Materials,Metals & Mining,Copper,851252056,2018-07-21T02:15:43Z,https://en.wikipedia.org/w/index.php?oldid=851252056,matched_gics
2018-07-31,GE,General Electric,Industrials,Capital Goods,Industrial Conglomerates,Industrial Conglomerates,851252056,2018-07-21T02:15:43Z,https://en.wikipedia.org/w/index.php?oldid=851252056,matched_gics
2018-07-31,GOOG,Alphabet Inc Class C,Information Technology,Software & Services,Internet Software & Services,Internet Software & Services,851252056,2018-07-21T02:15:43Z,https://en.wikipedia.org/w/index.php?oldid=851252056,matched_gics
2018-07-31,HD,Home Depot,Consumer Discretionary,Retailing,Specialty Retail,Home Improvement Retail,851252056,2018-07-21T02:15:43Z,https://en.wikipedia.org/w/index.php?oldid=851252056,matched_gics
2018-07-31,HON,Honeywell Int'l Inc.,Industrials,Capital Goods,Industrial Conglomerates,Industrial Conglomerates,851252056,2018-07-21T02:15:43Z,https://en.wikipedia.org/w/index.php?oldid=851252056,matched_gics
2018-07-31,JD,"JD.com, Inc.",,,,,,,,missing_gics
2018-07-31,JNJ,Johnson & Johnson,Health Care,Health Care Equipment & Services,Health Care Equipment & Supplies,Health Care Equipment,851252056,2018-07-21T02:15:43Z,https://en.wikipedia.org/w/index.php?oldid=851252056,matched_gics
2018-07-31,JPM,JPMorgan Chase & Co.,Financials,Banks,Banks,Diversified Banks,851252056,2018-07-21T02:15:43Z,https://en.wikipedia.org/w/index.php?oldid=851252056,matched_gics
2018-07-31,KO,Coca-Cola Company (The),Consumer Staples,"Food, Beverage & Tobacco",Beverages,Soft Drinks,851252056,2018-07-21T02:15:43Z,https://en.wikipedia.org/w/index.php?oldid=851252056,matched_gics
2018-07-31,LLY,Lilly (Eli) & Co.,Health Care,"Pharmaceuticals, Biotechnology & Life Sciences",Pharmaceuticals,Pharmaceuticals,851252056,2018-07-21T02:15:43Z,https://en.wikipedia.org/w/index.php?oldid=851252056,matched_gics
2018-07-31,LOW,Lowe's Cos.,Consumer Discretionary,Retailing,Specialty Retail,Home Improvement Retail,851252056,2018-07-21T02:15:43Z,https://en.wikipedia.org/w/index.php?oldid=851252056,matched_gics
2018-07-31,MA,Mastercard Inc.,Information Technology,Software & Services,Internet Software & Services,Internet Software & Services,851252056,2018-07-21T02:15:43Z,https://en.wikipedia.org/w/index.php?oldid=851252056,matched_gics
2018-07-31,MCD,McDonald's Corp.,Consumer Discretionary,Consumer Services,"Hotels, Restaurants & Leisure",Restaurants,851252056,2018-07-21T02:15:43Z,https://en.wikipedia.org/w/index.php?oldid=851252056,matched_gics
2018-07-31,MMM,3M Company,Industrials,Capital Goods,Industrial Conglomerates,Industrial Conglomerates,851252056,2018-07-21T02:15:43Z,https://en.wikipedia.org/w/index.php?oldid=851252056,matched_gics
2018-07-31,MS,Morgan Stanley,Financials,Diversified Financials,Capital Markets,Investment Banking & Brokerage,851252056,2018-07-21T02:15:43Z,https://en.wikipedia.org/w/index.php?oldid=851252056,matched_gics
2018-07-31,MSFT,Microsoft Corp.,Information Technology,Software & Services,Software,Systems Software,851252056,2018-07-21T02:15:43Z,https://en.wikipedia.org/w/index.php?oldid=851252056,matched_gics
2018-07-31,NEE,NextEra Energy,Utilities,Utilities,Multi-Utilities,Multi-Utilities,851252056,2018-07-21T02:15:43Z,https://en.wikipedia.org/w/index.php?oldid=851252056,matched_gics
2018-07-31,NEM,Newmont Mining Corporation,Materials,Materials,Metals & Mining,Gold,851252056,2018-07-21T02:15:43Z,https://en.wikipedia.org/w/index.php?oldid=851252056,matched_gics
2018-07-31,NFLX,Netflix Inc.,Information Technology,Software & Services,Internet Software & Services,Internet Software & Services,851252056,2018-07-21T02:15:43Z,https://en.wikipedia.org/w/index.php?oldid=851252056,matched_gics
2018-07-31,NGG,National Grid plc,,,,,,,,missing_gics
2018-07-31,NKE,Nike,Consumer Discretionary,Consumer Durables & Apparel,"Textiles, Apparel & Luxury Goods","Apparel, Accessories & Luxury Goods",851252056,2018-07-21T02:15:43Z,https://en.wikipedia.org/w/index.php?oldid=851252056,matched_gics
2018-07-31,NVDA,Nvidia Corporation,Information Technology,Semiconductors & Semiconductor Equipment,Semiconductors & Semiconductor Equipment,Semiconductors,851252056,2018-07-21T02:15:43Z,https://en.wikipedia.org/w/index.php?oldid=851252056,matched_gics
2018-07-31,NVO,Novo Nordisk A/S,,,,,,,,missing_gics
2018-07-31,NVS,Novartis AG,,,,,,,,missing_gics
2018-07-31,O,Realty Income Corporation,Real Estate,Real Estate,Equity Real Estate Investment Trusts (REITs),Retail REITs,851252056,2018-07-21T02:15:43Z,https://en.wikipedia.org/w/index.php?oldid=851252056,matched_gics
2018-07-31,ORCL,Oracle Corp.,Information Technology,Software & Services,Software,Application Software,851252056,2018-07-21T02:15:43Z,https://en.wikipedia.org/w/index.php?oldid=851252056,matched_gics
2018-07-31,PEP,PepsiCo Inc.,Consumer Staples,"Food, Beverage & Tobacco",Beverages,Soft Drinks,851252056,2018-07-21T02:15:43Z,https://en.wikipedia.org/w/index.php?oldid=851252056,matched_gics
2018-07-31,PFE,Pfizer Inc.,Health Care,"Pharmaceuticals, Biotechnology & Life Sciences",Pharmaceuticals,Pharmaceuticals,851252056,2018-07-21T02:15:43Z,https://en.wikipedia.org/w/index.php?oldid=851252056,matched_gics
2018-07-31,PG,Procter & Gamble,Consumer Staples,Household & Personal Products,Personal Products,Personal Products,851252056,2018-07-21T02:15:43Z,https://en.wikipedia.org/w/index.php?oldid=851252056,matched_gics
2018-07-31,PLD,Prologis,Real Estate,Real Estate,Equity Real Estate Investment Trusts (REITs),Industrial REITs,851252056,2018-07-21T02:15:43Z,https://en.wikipedia.org/w/index.php?oldid=851252056,matched_gics
2018-07-31,PM,Philip Morris International,Consumer Staples,"Food, Beverage & Tobacco",Tobacco,Tobacco,851252056,2018-07-21T02:15:43Z,https://en.wikipedia.org/w/index.php?oldid=851252056,matched_gics
2018-07-31,PSA,Public Storage,Real Estate,Real Estate,Equity Real Estate Investment Trusts (REITs),Specialized REITs,851252056,2018-07-21T02:15:43Z,https://en.wikipedia.org/w/index.php?oldid=851252056,matched_gics
2018-07-31,PTR,PetroChina Company Limited,,,,,,,,missing_gics
2018-07-31,PYPL,PayPal,Information Technology,Software & Services,IT Services,Data Processing & Outsourced Services,851252056,2018-07-21T02:15:43Z,https://en.wikipedia.org/w/index.php?oldid=851252056,matched_gics
2018-07-31,RDS-B,Royal Dutch Shell plc,,,,,,,,missing_gics
2018-07-31,RIO,Rio Tinto Group,,,,,,,,missing_gics
2018-07-31,RTX,Raytheon Technologies Corporation,,,,,,,,missing_gics
2018-07-31,SBAC,SBA Communications,Real Estate,Real Estate,Equity Real Estate Investment Trusts (REITs),Specialized REITs,851252056,2018-07-21T02:15:43Z,https://en.wikipedia.org/w/index.php?oldid=851252056,matched_gics
2018-07-31,SBUX,Starbucks Corp.,Consumer Discretionary,Consumer Services,"Hotels, Restaurants & Leisure",Restaurants,851252056,2018-07-21T02:15:43Z,https://en.wikipedia.org/w/index.php?oldid=851252056,matched_gics
2018-07-31,SCHW,Charles Schwab Corporation,Financials,Diversified Financials,Capital Markets,Investment Banking & Brokerage,851252056,2018-07-21T02:15:43Z,https://en.wikipedia.org/w/index.php?oldid=851252056,matched_gics
2018-07-31,SHW,Sherwin-Williams,Materials,Materials,Chemicals,Specialty Chemicals,851252056,2018-07-21T02:15:43Z,https://en.wikipedia.org/w/index.php?oldid=851252056,matched_gics
2018-07-31,SNAP,Snap Inc.,,,,,,,,missing_gics
2018-07-31,SNP,China Petroleum & Chemical Corporation,,,,,,,,missing_gics
2018-07-31,SO,Southern Co.,Utilities,Utilities,Electric Utilities,Electric Utilities,851252056,2018-07-21T02:15:43Z,https://en.wikipedia.org/w/index.php?oldid=851252056,matched_gics
2018-07-31,SPG-PJ,"Simon Property Group, Inc.",,,,,,,,missing_gics
2018-07-31,SRE,Sempra Energy,Utilities,Utilities,Multi-Utilities,Multi-Utilities,851252056,2018-07-21T02:15:43Z,https://en.wikipedia.org/w/index.php?oldid=851252056,matched_gics
2018-07-31,T,AT&T Inc.,Telecommunication Services,Telecommunication Services,Diversified Telecommunication Services,Integrated Telecommunication Services,851252056,2018-07-21T02:15:43Z,https://en.wikipedia.org/w/index.php?oldid=851252056,matched_gics
2018-07-31,TGT,Target Corp.,Consumer Discretionary,Retailing,Multiline Retail,General Merchandise Stores,851252056,2018-07-21T02:15:43Z,https://en.wikipedia.org/w/index.php?oldid=851252056,matched_gics
2018-07-31,TM,Toyota Motor Corporation,,,,,,,,missing_gics
2018-07-31,TMO,Thermo Fisher Scientific,Health Care,Health Care Equipment & Services,Health Care Equipment & Supplies,Health Care Equipment,851252056,2018-07-21T02:15:43Z,https://en.wikipedia.org/w/index.php?oldid=851252056,matched_gics
2018-07-31,TMUS,"T-Mobile US, Inc.",,,,,,,,missing_gics
2018-07-31,TSLA,"Tesla, Inc.",,,,,,,,missing_gics
2018-07-31,TSM,Taiwan Semiconductor Manufacturing Company Limited,,,,,,,,missing_gics
2018-07-31,TTE,TotalEnergies SE,,,,,,,,missing_gics
2018-07-31,UL,Unilever PLC,,,,,,,,missing_gics
2018-07-31,UNH,United Health Group Inc.,Health Care,Health Care Equipment & Services,Health Care Providers & Services,Managed Health Care,851252056,2018-07-21T02:15:43Z,https://en.wikipedia.org/w/index.php?oldid=851252056,matched_gics
2018-07-31,UNP,Union Pacific,Industrials,Transportation,Road & Rail,Railroads,851252056,2018-07-21T02:15:43Z,https://en.wikipedia.org/w/index.php?oldid=851252056,matched_gics
2018-07-31,UPS,United Parcel Service,Industrials,Transportation,Air Freight & Logistics,Air Freight & Logistics,851252056,2018-07-21T02:15:43Z,https://en.wikipedia.org/w/index.php?oldid=851252056,matched_gics
2018-07-31,V,Visa Inc.,Information Technology,Software & Services,Internet Software & Services,Internet Software & Services,851252056,2018-07-21T02:15:43Z,https://en.wikipedia.org/w/index.php?oldid=851252056,matched_gics
2018-07-31,VALE,Vale S.A.,,,,,,,,missing_gics
2018-07-31,VZ,Verizon Communications,Telecommunication Services,Telecommunication Services,Diversified Telecommunication Services,Integrated Telecommunication Services,851252056,2018-07-21T02:15:43Z,https://en.wikipedia.org/w/index.php?oldid=851252056,matched_gics
2018-07-31,WELL,Welltower Inc.,Real Estate,Real Estate,Equity Real Estate Investment Trusts (REITs),Health Care REITs,851252056,2018-07-21T02:15:43Z,https://en.wikipedia.org/w/index.php?oldid=851252056,matched_gics
2018-07-31,WFC-PL,Wells Fargo & Company,,,,,,,,missing_gics
2018-07-31,WMT,Walmart,Consumer Staples,Food & Staples Retailing,Food & Staples Retailing,Hypermarkets & Super Centers,851252056,2018-07-21T02:15:43Z,https://en.wikipedia.org/w/index.php?oldid=851252056,matched_gics
2018-07-31,XEL,Xcel Energy Inc,Utilities,Utilities,Multi-Utilities,Multi-Utilities,851252056,2018-07-21T02:15:43Z,https://en.wikipedia.org/w/index.php?oldid=851252056,matched_gics
2018-07-31,XOM,Exxon Mobil Corp.,Energy,Energy,"Oil, Gas & Consumable Fuels",Integrated Oil & Gas,851252056,2018-07-21T02:15:43Z,https://en.wikipedia.org/w/index.php?oldid=851252056,matched_gics
2018-08-31,AAPL,Apple Inc.,Information Technology,Technology Hardware & Equipment,"Technology Hardware, Storage & Peripherals","Technology Hardware, Storage & Peripherals",857297425,2018-08-30T20:31:33Z,https://en.wikipedia.org/w/index.php?oldid=857297425,matched_gics
2018-08-31,ABBV,AbbVie Inc.,Health Care,"Pharmaceuticals, Biotechnology & Life Sciences",Pharmaceuticals,Pharmaceuticals,857297425,2018-08-30T20:31:33Z,https://en.wikipedia.org/w/index.php?oldid=857297425,matched_gics
2018-08-31,ABT,Abbott Laboratories,Health Care,Health Care Equipment & Services,Health Care Equipment & Supplies,Health Care Equipment,857297425,2018-08-30T20:31:33Z,https://en.wikipedia.org/w/index.php?oldid=857297425,matched_gics
2018-08-31,ACN,Accenture plc,Information Technology,Software & Services,IT Services,IT Consulting & Other Services,857297425,2018-08-30T20:31:33Z,https://en.wikipedia.org/w/index.php?oldid=857297425,matched_gics
2018-08-31,ADBE,Adobe Systems Inc,Information Technology,Software & Services,Software,Application Software,857297425,2018-08-30T20:31:33Z,https://en.wikipedia.org/w/index.php?oldid=857297425,matched_gics
2018-08-31,ADP,Automatic Data Processing,Information Technology,Software & Services,Internet Software & Services,Internet Software & Services,857297425,2018-08-30T20:31:33Z,https://en.wikipedia.org/w/index.php?oldid=857297425,matched_gics
2018-08-31,AEP,American Electric Power,Utilities,Utilities,Electric Utilities,Electric Utilities,857297425,2018-08-30T20:31:33Z,https://en.wikipedia.org/w/index.php?oldid=857297425,matched_gics
2018-08-31,AMT,American Tower Corp A,Real Estate,Real Estate,Equity Real Estate Investment Trusts (REITs),Specialized REITs,857297425,2018-08-30T20:31:33Z,https://en.wikipedia.org/w/index.php?oldid=857297425,matched_gics
2018-08-31,AMZN,Amazon.com Inc.,Consumer Discretionary,Retailing,Internet & Direct Marketing Retail,Internet & Direct Marketing Retail,857297425,2018-08-30T20:31:33Z,https://en.wikipedia.org/w/index.php?oldid=857297425,matched_gics
2018-08-31,APD,Air Products & Chemicals Inc,Materials,Materials,Chemicals,Industrial Gases,857297425,2018-08-30T20:31:33Z,https://en.wikipedia.org/w/index.php?oldid=857297425,matched_gics
2018-08-31,ASML,ASML Holding N.V.,,,,,,,,missing_gics
2018-08-31,AVGO,Broadcom,Information Technology,Semiconductors & Semiconductor Equipment,Semiconductors & Semiconductor Equipment,Semiconductors,857297425,2018-08-30T20:31:33Z,https://en.wikipedia.org/w/index.php?oldid=857297425,matched_gics
2018-08-31,AWK,American Water Works Company Inc,Utilities,Utilities,Water Utilities,Water Utilities,857297425,2018-08-30T20:31:33Z,https://en.wikipedia.org/w/index.php?oldid=857297425,matched_gics
2018-08-31,BA,Boeing Company,Industrials,Capital Goods,Aerospace & Defense,Aerospace & Defense,857297425,2018-08-30T20:31:33Z,https://en.wikipedia.org/w/index.php?oldid=857297425,matched_gics
2018-08-31,BABA,Alibaba Group Holding Limited,,,,,,,,missing_gics
2018-08-31,BAC,Bank of America Corp,Financials,Banks,Banks,Diversified Banks,857297425,2018-08-30T20:31:33Z,https://en.wikipedia.org/w/index.php?oldid=857297425,matched_gics
2018-08-31,BBL,BHP Group,,,,,,,,missing_gics
2018-08-31,BHP,BHP Group,,,,,,,,missing_gics
2018-08-31,BP,BP p.l.c.,,,,,,,,missing_gics
2018-08-31,BRK-A,Berkshire Hathaway Inc.,,,,,,,,missing_gics
2018-08-31,C-PJ,Citigroup Inc.,,,,,,,,missing_gics
2018-08-31,CAT,Caterpillar Inc.,Industrials,Capital Goods,Machinery,Construction Machinery & Heavy Trucks,857297425,2018-08-30T20:31:33Z,https://en.wikipedia.org/w/index.php?oldid=857297425,matched_gics
2018-08-31,CCI,Crown Castle International Corp.,Real Estate,Real Estate,Equity Real Estate Investment Trusts (REITs),Specialized REITs,857297425,2018-08-30T20:31:33Z,https://en.wikipedia.org/w/index.php?oldid=857297425,matched_gics
2018-08-31,CHTR,Charter Communications,Consumer Discretionary,Media,Media,Cable & Satellite,857297425,2018-08-30T20:31:33Z,https://en.wikipedia.org/w/index.php?oldid=857297425,matched_gics
2018-08-31,CMCSA,Comcast Corp.,Consumer Discretionary,Media,Media,Cable & Satellite,857297425,2018-08-30T20:31:33Z,https://en.wikipedia.org/w/index.php?oldid=857297425,matched_gics
2018-08-31,COP,ConocoPhillips,Energy,Energy,"Oil, Gas & Consumable Fuels",Oil & Gas Exploration & Production,857297425,2018-08-30T20:31:33Z,https://en.wikipedia.org/w/index.php?oldid=857297425,matched_gics
2018-08-31,COST,Costco Wholesale Corp.,Consumer Staples,Food & Staples Retailing,Food & Staples Retailing,Hypermarkets & Super Centers,857297425,2018-08-30T20:31:33Z,https://en.wikipedia.org/w/index.php?oldid=857297425,matched_gics
2018-08-31,CSCO,Cisco Systems,Information Technology,Technology Hardware & Equipment,Communications Equipment,Communications Equipment,857297425,2018-08-30T20:31:33Z,https://en.wikipedia.org/w/index.php?oldid=857297425,matched_gics
2018-08-31,CTA-PB,E. I. du Pont de Nemours and Company,,,,,,,,missing_gics
2018-08-31,CVX,Chevron Corp.,Energy,Energy,"Oil, Gas & Consumable Fuels",Integrated Oil & Gas,857297425,2018-08-30T20:31:33Z,https://en.wikipedia.org/w/index.php?oldid=857297425,matched_gics
2018-08-31,D,Dominion Energy,Utilities,Utilities,Electric Utilities,Electric Utilities,857297425,2018-08-30T20:31:33Z,https://en.wikipedia.org/w/index.php?oldid=857297425,matched_gics
2018-08-31,DE,Deere & Co.,Industrials,Capital Goods,Machinery,Agricultural & Farm Machinery,857297425,2018-08-30T20:31:33Z,https://en.wikipedia.org/w/index.php?oldid=857297425,matched_gics
2018-08-31,DEO,Diageo plc,,,,,,,,missing_gics
2018-08-31,DHR,Danaher Corp.,Health Care,Health Care Equipment & Services,Health Care Equipment & Supplies,Health Care Equipment,857297425,2018-08-30T20:31:33Z,https://en.wikipedia.org/w/index.php?oldid=857297425,matched_gics
2018-08-31,DIS,The Walt Disney Company,Consumer Discretionary,Media,Media,Cable & Satellite,857297425,2018-08-30T20:31:33Z,https://en.wikipedia.org/w/index.php?oldid=857297425,matched_gics
2018-08-31,DLR,Digital Realty Trust Inc,Real Estate,Real Estate,Equity Real Estate Investment Trusts (REITs),Specialized REITs,857297425,2018-08-30T20:31:33Z,https://en.wikipedia.org/w/index.php?oldid=857297425,matched_gics
2018-08-31,DUK,Duke Energy,Utilities,Utilities,Electric Utilities,Electric Utilities,857297425,2018-08-30T20:31:33Z,https://en.wikipedia.org/w/index.php?oldid=857297425,matched_gics
2018-08-31,ECL,Ecolab Inc.,Materials,Materials,Chemicals,Specialty Chemicals,857297425,2018-08-30T20:31:33Z,https://en.wikipedia.org/w/index.php?oldid=857297425,matched_gics
2018-08-31,EL,Estee Lauder Cos.,Consumer Staples,Household & Personal Products,Personal Products,Personal Products,857297425,2018-08-30T20:31:33Z,https://en.wikipedia.org/w/index.php?oldid=857297425,matched_gics
2018-08-31,ENB,Enbridge Inc.,,,,,,,,missing_gics
2018-08-31,EQIX,Equinix,Real Estate,Real Estate,Equity Real Estate Investment Trusts (REITs),Specialized REITs,857297425,2018-08-30T20:31:33Z,https://en.wikipedia.org/w/index.php?oldid=857297425,matched_gics
2018-08-31,EQNR,Equinor ASA,,,,,,,,missing_gics
2018-08-31,EXC,Exelon Corp.,Utilities,Utilities,Multi-Utilities,Multi-Utilities,857297425,2018-08-30T20:31:33Z,https://en.wikipedia.org/w/index.php?oldid=857297425,matched_gics
2018-08-31,FB,"Facebook, Inc.",Information Technology,Software & Services,Internet Software & Services,Internet Software & Services,857297425,2018-08-30T20:31:33Z,https://en.wikipedia.org/w/index.php?oldid=857297425,matched_gics
2018-08-31,FCX,Freeport-McMoRan Inc.,Materials,Materials,Metals & Mining,Copper,857297425,2018-08-30T20:31:33Z,https://en.wikipedia.org/w/index.php?oldid=857297425,matched_gics
2018-08-31,GE,General Electric,Industrials,Capital Goods,Industrial Conglomerates,Industrial Conglomerates,857297425,2018-08-30T20:31:33Z,https://en.wikipedia.org/w/index.php?oldid=857297425,matched_gics
2018-08-31,GOOG,Alphabet Inc Class C,Information Technology,Software & Services,Internet Software & Services,Internet Software & Services,857297425,2018-08-30T20:31:33Z,https://en.wikipedia.org/w/index.php?oldid=857297425,matched_gics
2018-08-31,HD,Home Depot,Consumer Discretionary,Retailing,Specialty Retail,Home Improvement Retail,857297425,2018-08-30T20:31:33Z,https://en.wikipedia.org/w/index.php?oldid=857297425,matched_gics
2018-08-31,HON,Honeywell Int'l Inc.,Industrials,Capital Goods,Industrial Conglomerates,Industrial Conglomerates,857297425,2018-08-30T20:31:33Z,https://en.wikipedia.org/w/index.php?oldid=857297425,matched_gics
2018-08-31,JD,"JD.com, Inc.",,,,,,,,missing_gics
2018-08-31,JNJ,Johnson & Johnson,Health Care,Health Care Equipment & Services,Health Care Equipment & Supplies,Health Care Equipment,857297425,2018-08-30T20:31:33Z,https://en.wikipedia.org/w/index.php?oldid=857297425,matched_gics
2018-08-31,JPM,JPMorgan Chase & Co.,Financials,Banks,Banks,Diversified Banks,857297425,2018-08-30T20:31:33Z,https://en.wikipedia.org/w/index.php?oldid=857297425,matched_gics
2018-08-31,KO,Coca-Cola Company (The),Consumer Staples,"Food, Beverage & Tobacco",Beverages,Soft Drinks,857297425,2018-08-30T20:31:33Z,https://en.wikipedia.org/w/index.php?oldid=857297425,matched_gics
2018-08-31,LLY,Lilly (Eli) & Co.,Health Care,"Pharmaceuticals, Biotechnology & Life Sciences",Pharmaceuticals,Pharmaceuticals,857297425,2018-08-30T20:31:33Z,https://en.wikipedia.org/w/index.php?oldid=857297425,matched_gics
2018-08-31,LOW,Lowe's Cos.,Consumer Discretionary,Retailing,Specialty Retail,Home Improvement Retail,857297425,2018-08-30T20:31:33Z,https://en.wikipedia.org/w/index.php?oldid=857297425,matched_gics
2018-08-31,MA,Mastercard Inc.,Information Technology,Software & Services,Internet Software & Services,Internet Software & Services,857297425,2018-08-30T20:31:33Z,https://en.wikipedia.org/w/index.php?oldid=857297425,matched_gics
2018-08-31,MCD,McDonald's Corp.,Consumer Discretionary,Consumer Services,"Hotels, Restaurants & Leisure",Restaurants,857297425,2018-08-30T20:31:33Z,https://en.wikipedia.org/w/index.php?oldid=857297425,matched_gics
2018-08-31,MMM,3M Company,Industrials,Capital Goods,Industrial Conglomerates,Industrial Conglomerates,857297425,2018-08-30T20:31:33Z,https://en.wikipedia.org/w/index.php?oldid=857297425,matched_gics
2018-08-31,MS,Morgan Stanley,Financials,Diversified Financials,Capital Markets,Investment Banking & Brokerage,857297425,2018-08-30T20:31:33Z,https://en.wikipedia.org/w/index.php?oldid=857297425,matched_gics
2018-08-31,MSFT,Microsoft Corp.,Information Technology,Software & Services,Software,Systems Software,857297425,2018-08-30T20:31:33Z,https://en.wikipedia.org/w/index.php?oldid=857297425,matched_gics
2018-08-31,NEE,NextEra Energy,Utilities,Utilities,Multi-Utilities,Multi-Utilities,857297425,2018-08-30T20:31:33Z,https://en.wikipedia.org/w/index.php?oldid=857297425,matched_gics
2018-08-31,NEM,Newmont Mining Corporation,Materials,Materials,Metals & Mining,Gold,857297425,2018-08-30T20:31:33Z,https://en.wikipedia.org/w/index.php?oldid=857297425,matched_gics
2018-08-31,NFLX,Netflix Inc.,Information Technology,Software & Services,Internet Software & Services,Internet Software & Services,857297425,2018-08-30T20:31:33Z,https://en.wikipedia.org/w/index.php?oldid=857297425,matched_gics
2018-08-31,NGG,National Grid plc,,,,,,,,missing_gics
2018-08-31,NKE,Nike,Consumer Discretionary,Consumer Durables & Apparel,"Textiles, Apparel & Luxury Goods","Apparel, Accessories & Luxury Goods",857297425,2018-08-30T20:31:33Z,https://en.wikipedia.org/w/index.php?oldid=857297425,matched_gics
2018-08-31,NVDA,Nvidia Corporation,Information Technology,Semiconductors & Semiconductor Equipment,Semiconductors & Semiconductor Equipment,Semiconductors,857297425,2018-08-30T20:31:33Z,https://en.wikipedia.org/w/index.php?oldid=857297425,matched_gics
2018-08-31,NVO,Novo Nordisk A/S,,,,,,,,missing_gics
2018-08-31,NVS,Novartis AG,,,,,,,,missing_gics
2018-08-31,O,Realty Income Corporation,Real Estate,Real Estate,Equity Real Estate Investment Trusts (REITs),Retail REITs,857297425,2018-08-30T20:31:33Z,https://en.wikipedia.org/w/index.php?oldid=857297425,matched_gics
2018-08-31,ORCL,Oracle Corp.,Information Technology,Software & Services,Software,Application Software,857297425,2018-08-30T20:31:33Z,https://en.wikipedia.org/w/index.php?oldid=857297425,matched_gics
2018-08-31,PEP,PepsiCo Inc.,Consumer Staples,"Food, Beverage & Tobacco",Beverages,Soft Drinks,857297425,2018-08-30T20:31:33Z,https://en.wikipedia.org/w/index.php?oldid=857297425,matched_gics
2018-08-31,PFE,Pfizer Inc.,Health Care,"Pharmaceuticals, Biotechnology & Life Sciences",Pharmaceuticals,Pharmaceuticals,857297425,2018-08-30T20:31:33Z,https://en.wikipedia.org/w/index.php?oldid=857297425,matched_gics
2018-08-31,PG,Procter & Gamble,Consumer Staples,Household & Personal Products,Personal Products,Personal Products,857297425,2018-08-30T20:31:33Z,https://en.wikipedia.org/w/index.php?oldid=857297425,matched_gics
2018-08-31,PLD,Prologis,Real Estate,Real Estate,Equity Real Estate Investment Trusts (REITs),Industrial REITs,857297425,2018-08-30T20:31:33Z,https://en.wikipedia.org/w/index.php?oldid=857297425,matched_gics
2018-08-31,PM,Philip Morris International,Consumer Staples,"Food, Beverage & Tobacco",Tobacco,Tobacco,857297425,2018-08-30T20:31:33Z,https://en.wikipedia.org/w/index.php?oldid=857297425,matched_gics
2018-08-31,PSA,Public Storage,Real Estate,Real Estate,Equity Real Estate Investment Trusts (REITs),Specialized REITs,857297425,2018-08-30T20:31:33Z,https://en.wikipedia.org/w/index.php?oldid=857297425,matched_gics
2018-08-31,PTR,PetroChina Company Limited,,,,,,,,missing_gics
2018-08-31,PYPL,PayPal,Information Technology,Software & Services,IT Services,Data Processing & Outsourced Services,857297425,2018-08-30T20:31:33Z,https://en.wikipedia.org/w/index.php?oldid=857297425,matched_gics
2018-08-31,RDS-B,Royal Dutch Shell plc,,,,,,,,missing_gics
2018-08-31,RIO,Rio Tinto Group,,,,,,,,missing_gics
2018-08-31,RTX,Raytheon Technologies Corporation,,,,,,,,missing_gics
2018-08-31,SBAC,SBA Communications,Real Estate,Real Estate,Equity Real Estate Investment Trusts (REITs),Specialized REITs,857297425,2018-08-30T20:31:33Z,https://en.wikipedia.org/w/index.php?oldid=857297425,matched_gics
2018-08-31,SBUX,Starbucks Corp.,Consumer Discretionary,Consumer Services,"Hotels, Restaurants & Leisure",Restaurants,857297425,2018-08-30T20:31:33Z,https://en.wikipedia.org/w/index.php?oldid=857297425,matched_gics
2018-08-31,SCHW,Charles Schwab Corporation,Financials,Diversified Financials,Capital Markets,Investment Banking & Brokerage,857297425,2018-08-30T20:31:33Z,https://en.wikipedia.org/w/index.php?oldid=857297425,matched_gics
2018-08-31,SHW,Sherwin-Williams,Materials,Materials,Chemicals,Specialty Chemicals,857297425,2018-08-30T20:31:33Z,https://en.wikipedia.org/w/index.php?oldid=857297425,matched_gics
2018-08-31,SNAP,Snap Inc.,,,,,,,,missing_gics
2018-08-31,SNP,China Petroleum & Chemical Corporation,,,,,,,,missing_gics
2018-08-31,SO,Southern Co.,Utilities,Utilities,Electric Utilities,Electric Utilities,857297425,2018-08-30T20:31:33Z,https://en.wikipedia.org/w/index.php?oldid=857297425,matched_gics
2018-08-31,SPG-PJ,"Simon Property Group, Inc.",,,,,,,,missing_gics
2018-08-31,SRE,Sempra Energy,Utilities,Utilities,Multi-Utilities,Multi-Utilities,857297425,2018-08-30T20:31:33Z,https://en.wikipedia.org/w/index.php?oldid=857297425,matched_gics
2018-08-31,T,AT&T Inc.,Telecommunication Services,Telecommunication Services,Diversified Telecommunication Services,Integrated Telecommunication Services,857297425,2018-08-30T20:31:33Z,https://en.wikipedia.org/w/index.php?oldid=857297425,matched_gics
2018-08-31,TGT,Target Corp.,Consumer Discretionary,Retailing,Multiline Retail,General Merchandise Stores,857297425,2018-08-30T20:31:33Z,https://en.wikipedia.org/w/index.php?oldid=857297425,matched_gics
2018-08-31,TM,Toyota Motor Corporation,,,,,,,,missing_gics
2018-08-31,TMO,Thermo Fisher Scientific,Health Care,Health Care Equipment & Services,Health Care Equipment & Supplies,Health Care Equipment,857297425,2018-08-30T20:31:33Z,https://en.wikipedia.org/w/index.php?oldid=857297425,matched_gics
2018-08-31,TMUS,"T-Mobile US, Inc.",,,,,,,,missing_gics
2018-08-31,TSLA,"Tesla, Inc.",,,,,,,,missing_gics
2018-08-31,TSM,Taiwan Semiconductor Manufacturing Company Limited,,,,,,,,missing_gics
2018-08-31,TTE,TotalEnergies SE,,,,,,,,missing_gics
2018-08-31,UL,Unilever PLC,,,,,,,,missing_gics
2018-08-31,UNH,United Health Group Inc.,Health Care,Health Care Equipment & Services,Health Care Providers & Services,Managed Health Care,857297425,2018-08-30T20:31:33Z,https://en.wikipedia.org/w/index.php?oldid=857297425,matched_gics
2018-08-31,UNP,Union Pacific,Industrials,Transportation,Road & Rail,Railroads,857297425,2018-08-30T20:31:33Z,https://en.wikipedia.org/w/index.php?oldid=857297425,matched_gics
2018-08-31,UPS,United Parcel Service,Industrials,Transportation,Air Freight & Logistics,Air Freight & Logistics,857297425,2018-08-30T20:31:33Z,https://en.wikipedia.org/w/index.php?oldid=857297425,matched_gics
2018-08-31,V,Visa Inc.,Information Technology,Software & Services,Internet Software & Services,Internet Software & Services,857297425,2018-08-30T20:31:33Z,https://en.wikipedia.org/w/index.php?oldid=857297425,matched_gics
2018-08-31,VALE,Vale S.A.,,,,,,,,missing_gics
2018-08-31,VZ,Verizon Communications,Telecommunication Services,Telecommunication Services,Diversified Telecommunication Services,Integrated Telecommunication Services,857297425,2018-08-30T20:31:33Z,https://en.wikipedia.org/w/index.php?oldid=857297425,matched_gics
2018-08-31,WELL,Welltower Inc.,Real Estate,Real Estate,Equity Real Estate Investment Trusts (REITs),Health Care REITs,857297425,2018-08-30T20:31:33Z,https://en.wikipedia.org/w/index.php?oldid=857297425,matched_gics
2018-08-31,WFC-PL,Wells Fargo & Company,,,,,,,,missing_gics
2018-08-31,WMT,Walmart,Consumer Staples,Food & Staples Retailing,Food & Staples Retailing,Hypermarkets & Super Centers,857297425,2018-08-30T20:31:33Z,https://en.wikipedia.org/w/index.php?oldid=857297425,matched_gics
2018-08-31,XEL,Xcel Energy Inc,Utilities,Utilities,Multi-Utilities,Multi-Utilities,857297425,2018-08-30T20:31:33Z,https://en.wikipedia.org/w/index.php?oldid=857297425,matched_gics
2018-08-31,XOM,Exxon Mobil Corp.,Energy,Energy,"Oil, Gas & Consumable Fuels",Integrated Oil & Gas,857297425,2018-08-30T20:31:33Z,https://en.wikipedia.org/w/index.php?oldid=857297425,matched_gics
2018-09-30,AAPL,Apple Inc.,Information Technology,Technology Hardware & Equipment,"Technology Hardware, Storage & Peripherals","Technology Hardware, Storage & Peripherals",861235961,2018-09-26T01:50:19Z,https://en.wikipedia.org/w/index.php?oldid=861235961,matched_gics
2018-09-30,ABBV,AbbVie Inc.,Health Care,"Pharmaceuticals, Biotechnology & Life Sciences",Pharmaceuticals,Pharmaceuticals,861235961,2018-09-26T01:50:19Z,https://en.wikipedia.org/w/index.php?oldid=861235961,matched_gics
2018-09-30,ABT,Abbott Laboratories,Health Care,Health Care Equipment & Services,Health Care Equipment & Supplies,Health Care Equipment,861235961,2018-09-26T01:50:19Z,https://en.wikipedia.org/w/index.php?oldid=861235961,matched_gics
2018-09-30,ACN,Accenture plc,Information Technology,Software & Services,IT Services,IT Consulting & Other Services,861235961,2018-09-26T01:50:19Z,https://en.wikipedia.org/w/index.php?oldid=861235961,matched_gics
2018-09-30,ADBE,Adobe Systems Inc,Information Technology,Software & Services,Software,Application Software,861235961,2018-09-26T01:50:19Z,https://en.wikipedia.org/w/index.php?oldid=861235961,matched_gics
2018-09-30,ADP,Automatic Data Processing,Information Technology,Software & Services,Internet Software & Services,Internet Software & Services,861235961,2018-09-26T01:50:19Z,https://en.wikipedia.org/w/index.php?oldid=861235961,matched_gics
2018-09-30,AEP,American Electric Power,Utilities,Utilities,Electric Utilities,Electric Utilities,861235961,2018-09-26T01:50:19Z,https://en.wikipedia.org/w/index.php?oldid=861235961,matched_gics
2018-09-30,AMT,American Tower Corp.,Real Estate,Real Estate,Equity Real Estate Investment Trusts (REITs),Specialized REITs,861235961,2018-09-26T01:50:19Z,https://en.wikipedia.org/w/index.php?oldid=861235961,matched_gics
2018-09-30,AMZN,Amazon.com Inc.,Consumer Discretionary,Retailing,Internet & Direct Marketing Retail,Internet & Direct Marketing Retail,861235961,2018-09-26T01:50:19Z,https://en.wikipedia.org/w/index.php?oldid=861235961,matched_gics
2018-09-30,APD,Air Products & Chemicals Inc,Materials,Materials,Chemicals,Industrial Gases,861235961,2018-09-26T01:50:19Z,https://en.wikipedia.org/w/index.php?oldid=861235961,matched_gics
2018-09-30,ASML,ASML Holding N.V.,,,,,,,,missing_gics
2018-09-30,AVGO,Broadcom,Information Technology,Semiconductors & Semiconductor Equipment,Semiconductors & Semiconductor Equipment,Semiconductors,861235961,2018-09-26T01:50:19Z,https://en.wikipedia.org/w/index.php?oldid=861235961,matched_gics
2018-09-30,AWK,American Water Works Company Inc,Utilities,Utilities,Water Utilities,Water Utilities,861235961,2018-09-26T01:50:19Z,https://en.wikipedia.org/w/index.php?oldid=861235961,matched_gics
2018-09-30,BA,Boeing Company,Industrials,Capital Goods,Aerospace & Defense,Aerospace & Defense,861235961,2018-09-26T01:50:19Z,https://en.wikipedia.org/w/index.php?oldid=861235961,matched_gics
2018-09-30,BABA,Alibaba Group Holding Limited,,,,,,,,missing_gics
2018-09-30,BAC,Bank of America Corp,Financials,Banks,Banks,Diversified Banks,861235961,2018-09-26T01:50:19Z,https://en.wikipedia.org/w/index.php?oldid=861235961,matched_gics
2018-09-30,BBL,BHP Group,,,,,,,,missing_gics
2018-09-30,BHP,BHP Group,,,,,,,,missing_gics
2018-09-30,BP,BP p.l.c.,,,,,,,,missing_gics
2018-09-30,BRK-A,Berkshire Hathaway Inc.,,,,,,,,missing_gics
2018-09-30,C-PJ,Citigroup Inc.,,,,,,,,missing_gics
2018-09-30,CAT,Caterpillar Inc.,Industrials,Capital Goods,Machinery,Construction Machinery & Heavy Trucks,861235961,2018-09-26T01:50:19Z,https://en.wikipedia.org/w/index.php?oldid=861235961,matched_gics
2018-09-30,CCI,Crown Castle International Corp.,Real Estate,Real Estate,Equity Real Estate Investment Trusts (REITs),Specialized REITs,861235961,2018-09-26T01:50:19Z,https://en.wikipedia.org/w/index.php?oldid=861235961,matched_gics
2018-09-30,CHTR,Charter Communications,Communication Services,Media,Media,Cable & Satellite,861235961,2018-09-26T01:50:19Z,https://en.wikipedia.org/w/index.php?oldid=861235961,matched_gics
2018-09-30,CMCSA,Comcast Corp.,Communication Services,Media,Media,Cable & Satellite,861235961,2018-09-26T01:50:19Z,https://en.wikipedia.org/w/index.php?oldid=861235961,matched_gics
2018-09-30,COP,ConocoPhillips,Energy,Energy,"Oil, Gas & Consumable Fuels",Oil & Gas Exploration & Production,861235961,2018-09-26T01:50:19Z,https://en.wikipedia.org/w/index.php?oldid=861235961,matched_gics
2018-09-30,COST,Costco Wholesale Corp.,Consumer Staples,Food & Staples Retailing,Food & Staples Retailing,Hypermarkets & Super Centers,861235961,2018-09-26T01:50:19Z,https://en.wikipedia.org/w/index.php?oldid=861235961,matched_gics
2018-09-30,CSCO,Cisco Systems,Information Technology,Technology Hardware & Equipment,Communications Equipment,Communications Equipment,861235961,2018-09-26T01:50:19Z,https://en.wikipedia.org/w/index.php?oldid=861235961,matched_gics
2018-09-30,CTA-PB,E. I. du Pont de Nemours and Company,,,,,,,,missing_gics
2018-09-30,CVX,Chevron Corp.,Energy,Energy,"Oil, Gas & Consumable Fuels",Integrated Oil & Gas,861235961,2018-09-26T01:50:19Z,https://en.wikipedia.org/w/index.php?oldid=861235961,matched_gics
2018-09-30,D,Dominion Energy,Utilities,Utilities,Electric Utilities,Electric Utilities,861235961,2018-09-26T01:50:19Z,https://en.wikipedia.org/w/index.php?oldid=861235961,matched_gics
2018-09-30,DE,Deere & Co.,Industrials,Capital Goods,Machinery,Agricultural & Farm Machinery,861235961,2018-09-26T01:50:19Z,https://en.wikipedia.org/w/index.php?oldid=861235961,matched_gics
2018-09-30,DEO,Diageo plc,,,,,,,,missing_gics
2018-09-30,DHR,Danaher Corp.,Health Care,Health Care Equipment & Services,Health Care Equipment & Supplies,Health Care Equipment,861235961,2018-09-26T01:50:19Z,https://en.wikipedia.org/w/index.php?oldid=861235961,matched_gics
2018-09-30,DIS,The Walt Disney Company,Communication Services,Media & Entertainment,Entertainment,Movies & Entertainment,861235961,2018-09-26T01:50:19Z,https://en.wikipedia.org/w/index.php?oldid=861235961,matched_gics
2018-09-30,DLR,Digital Realty Trust Inc,Real Estate,Real Estate,Equity Real Estate Investment Trusts (REITs),Specialized REITs,861235961,2018-09-26T01:50:19Z,https://en.wikipedia.org/w/index.php?oldid=861235961,matched_gics
2018-09-30,DUK,Duke Energy,Utilities,Utilities,Electric Utilities,Electric Utilities,861235961,2018-09-26T01:50:19Z,https://en.wikipedia.org/w/index.php?oldid=861235961,matched_gics
2018-09-30,ECL,Ecolab Inc.,Materials,Materials,Chemicals,Specialty Chemicals,861235961,2018-09-26T01:50:19Z,https://en.wikipedia.org/w/index.php?oldid=861235961,matched_gics
2018-09-30,EL,Estee Lauder Cos.,Consumer Staples,Household & Personal Products,Personal Products,Personal Products,861235961,2018-09-26T01:50:19Z,https://en.wikipedia.org/w/index.php?oldid=861235961,matched_gics
2018-09-30,ENB,Enbridge Inc.,,,,,,,,missing_gics
2018-09-30,EQIX,Equinix,Real Estate,Real Estate,Equity Real Estate Investment Trusts (REITs),Specialized REITs,861235961,2018-09-26T01:50:19Z,https://en.wikipedia.org/w/index.php?oldid=861235961,matched_gics
2018-09-30,EQNR,Equinor ASA,,,,,,,,missing_gics
2018-09-30,EXC,Exelon Corp.,Utilities,Utilities,Multi-Utilities,Multi-Utilities,861235961,2018-09-26T01:50:19Z,https://en.wikipedia.org/w/index.php?oldid=861235961,matched_gics
2018-09-30,FB,"Facebook, Inc.",Communication Services,Media & Entertainment,Interactive Media & Services,Interactive Media & Services,861235961,2018-09-26T01:50:19Z,https://en.wikipedia.org/w/index.php?oldid=861235961,matched_gics
2018-09-30,FCX,Freeport-McMoRan Inc.,Materials,Materials,Metals & Mining,Copper,861235961,2018-09-26T01:50:19Z,https://en.wikipedia.org/w/index.php?oldid=861235961,matched_gics
2018-09-30,GE,General Electric,Industrials,Capital Goods,Industrial Conglomerates,Industrial Conglomerates,861235961,2018-09-26T01:50:19Z,https://en.wikipedia.org/w/index.php?oldid=861235961,matched_gics
2018-09-30,GOOG,Alphabet Inc Class C,Communication Services,Media & Entertainment,Interactive Media & Services,Interactive Media & Services,861235961,2018-09-26T01:50:19Z,https://en.wikipedia.org/w/index.php?oldid=861235961,matched_gics
2018-09-30,HD,Home Depot,Consumer Discretionary,Retailing,Specialty Retail,Home Improvement Retail,861235961,2018-09-26T01:50:19Z,https://en.wikipedia.org/w/index.php?oldid=861235961,matched_gics
2018-09-30,HON,Honeywell Int'l Inc.,Industrials,Capital Goods,Industrial Conglomerates,Industrial Conglomerates,861235961,2018-09-26T01:50:19Z,https://en.wikipedia.org/w/index.php?oldid=861235961,matched_gics
2018-09-30,JD,"JD.com, Inc.",,,,,,,,missing_gics
2018-09-30,JNJ,Johnson & Johnson,Health Care,Health Care Equipment & Services,Health Care Equipment & Supplies,Health Care Equipment,861235961,2018-09-26T01:50:19Z,https://en.wikipedia.org/w/index.php?oldid=861235961,matched_gics
2018-09-30,JPM,JPMorgan Chase & Co.,Financials,Banks,Banks,Diversified Banks,861235961,2018-09-26T01:50:19Z,https://en.wikipedia.org/w/index.php?oldid=861235961,matched_gics
2018-09-30,KO,Coca-Cola Company (The),Consumer Staples,"Food, Beverage & Tobacco",Beverages,Soft Drinks,861235961,2018-09-26T01:50:19Z,https://en.wikipedia.org/w/index.php?oldid=861235961,matched_gics
2018-09-30,LLY,Lilly (Eli) & Co.,Health Care,"Pharmaceuticals, Biotechnology & Life Sciences",Pharmaceuticals,Pharmaceuticals,861235961,2018-09-26T01:50:19Z,https://en.wikipedia.org/w/index.php?oldid=861235961,matched_gics
2018-09-30,LOW,Lowe's Cos.,Consumer Discretionary,Retailing,Specialty Retail,Home Improvement Retail,861235961,2018-09-26T01:50:19Z,https://en.wikipedia.org/w/index.php?oldid=861235961,matched_gics
2018-09-30,MA,Mastercard Inc.,Information Technology,Software & Services,Internet Software & Services,Internet Software & Services,861235961,2018-09-26T01:50:19Z,https://en.wikipedia.org/w/index.php?oldid=861235961,matched_gics
2018-09-30,MCD,McDonald's Corp.,Consumer Discretionary,Consumer Services,"Hotels, Restaurants & Leisure",Restaurants,861235961,2018-09-26T01:50:19Z,https://en.wikipedia.org/w/index.php?oldid=861235961,matched_gics
2018-09-30,MMM,3M Company,Industrials,Capital Goods,Industrial Conglomerates,Industrial Conglomerates,861235961,2018-09-26T01:50:19Z,https://en.wikipedia.org/w/index.php?oldid=861235961,matched_gics
2018-09-30,MS,Morgan Stanley,Financials,Diversified Financials,Capital Markets,Investment Banking & Brokerage,861235961,2018-09-26T01:50:19Z,https://en.wikipedia.org/w/index.php?oldid=861235961,matched_gics
2018-09-30,MSFT,Microsoft Corp.,Information Technology,Software & Services,Software,Systems Software,861235961,2018-09-26T01:50:19Z,https://en.wikipedia.org/w/index.php?oldid=861235961,matched_gics
2018-09-30,NEE,NextEra Energy,Utilities,Utilities,Multi-Utilities,Multi-Utilities,861235961,2018-09-26T01:50:19Z,https://en.wikipedia.org/w/index.php?oldid=861235961,matched_gics
2018-09-30,NEM,Newmont Mining Corporation,Materials,Materials,Metals & Mining,Gold,861235961,2018-09-26T01:50:19Z,https://en.wikipedia.org/w/index.php?oldid=861235961,matched_gics
2018-09-30,NFLX,Netflix Inc.,Communication Services,Media & Entertainment,Entertainment,Movies & Entertainment,861235961,2018-09-26T01:50:19Z,https://en.wikipedia.org/w/index.php?oldid=861235961,matched_gics
2018-09-30,NGG,National Grid plc,,,,,,,,missing_gics
2018-09-30,NKE,Nike,Consumer Discretionary,Consumer Durables & Apparel,"Textiles, Apparel & Luxury Goods","Apparel, Accessories & Luxury Goods",861235961,2018-09-26T01:50:19Z,https://en.wikipedia.org/w/index.php?oldid=861235961,matched_gics
2018-09-30,NVDA,Nvidia Corporation,Information Technology,Semiconductors & Semiconductor Equipment,Semiconductors & Semiconductor Equipment,Semiconductors,861235961,2018-09-26T01:50:19Z,https://en.wikipedia.org/w/index.php?oldid=861235961,matched_gics
2018-09-30,NVO,Novo Nordisk A/S,,,,,,,,missing_gics
2018-09-30,NVS,Novartis AG,,,,,,,,missing_gics
2018-09-30,O,Realty Income Corporation,Real Estate,Real Estate,Equity Real Estate Investment Trusts (REITs),Retail REITs,861235961,2018-09-26T01:50:19Z,https://en.wikipedia.org/w/index.php?oldid=861235961,matched_gics
2018-09-30,ORCL,Oracle Corp.,Information Technology,Software & Services,Software,Application Software,861235961,2018-09-26T01:50:19Z,https://en.wikipedia.org/w/index.php?oldid=861235961,matched_gics
2018-09-30,PEP,PepsiCo Inc.,Consumer Staples,"Food, Beverage & Tobacco",Beverages,Soft Drinks,861235961,2018-09-26T01:50:19Z,https://en.wikipedia.org/w/index.php?oldid=861235961,matched_gics
2018-09-30,PFE,Pfizer Inc.,Health Care,"Pharmaceuticals, Biotechnology & Life Sciences",Pharmaceuticals,Pharmaceuticals,861235961,2018-09-26T01:50:19Z,https://en.wikipedia.org/w/index.php?oldid=861235961,matched_gics
2018-09-30,PG,Procter & Gamble,Consumer Staples,Household & Personal Products,Personal Products,Personal Products,861235961,2018-09-26T01:50:19Z,https://en.wikipedia.org/w/index.php?oldid=861235961,matched_gics
2018-09-30,PLD,Prologis,Real Estate,Real Estate,Equity Real Estate Investment Trusts (REITs),Industrial REITs,861235961,2018-09-26T01:50:19Z,https://en.wikipedia.org/w/index.php?oldid=861235961,matched_gics
2018-09-30,PM,Philip Morris International,Consumer Staples,"Food, Beverage & Tobacco",Tobacco,Tobacco,861235961,2018-09-26T01:50:19Z,https://en.wikipedia.org/w/index.php?oldid=861235961,matched_gics
2018-09-30,PSA,Public Storage,Real Estate,Real Estate,Equity Real Estate Investment Trusts (REITs),Specialized REITs,861235961,2018-09-26T01:50:19Z,https://en.wikipedia.org/w/index.php?oldid=861235961,matched_gics
2018-09-30,PTR,PetroChina Company Limited,,,,,,,,missing_gics
2018-09-30,PYPL,PayPal,Information Technology,Software & Services,IT Services,Data Processing & Outsourced Services,861235961,2018-09-26T01:50:19Z,https://en.wikipedia.org/w/index.php?oldid=861235961,matched_gics
2018-09-30,RDS-B,Royal Dutch Shell plc,,,,,,,,missing_gics
2018-09-30,RIO,Rio Tinto Group,,,,,,,,missing_gics
2018-09-30,RTX,Raytheon Technologies Corporation,,,,,,,,missing_gics
2018-09-30,SBAC,SBA Communications,Real Estate,Real Estate,Equity Real Estate Investment Trusts (REITs),Specialized REITs,861235961,2018-09-26T01:50:19Z,https://en.wikipedia.org/w/index.php?oldid=861235961,matched_gics
2018-09-30,SBUX,Starbucks Corp.,Consumer Discretionary,Consumer Services,"Hotels, Restaurants & Leisure",Restaurants,861235961,2018-09-26T01:50:19Z,https://en.wikipedia.org/w/index.php?oldid=861235961,matched_gics
2018-09-30,SCHW,Charles Schwab Corporation,Financials,Diversified Financials,Capital Markets,Investment Banking & Brokerage,861235961,2018-09-26T01:50:19Z,https://en.wikipedia.org/w/index.php?oldid=861235961,matched_gics
2018-09-30,SHW,Sherwin-Williams,Materials,Materials,Chemicals,Specialty Chemicals,861235961,2018-09-26T01:50:19Z,https://en.wikipedia.org/w/index.php?oldid=861235961,matched_gics
2018-09-30,SNAP,Snap Inc.,,,,,,,,missing_gics
2018-09-30,SNP,China Petroleum & Chemical Corporation,,,,,,,,missing_gics
2018-09-30,SO,Southern Co.,Utilities,Utilities,Electric Utilities,Electric Utilities,861235961,2018-09-26T01:50:19Z,https://en.wikipedia.org/w/index.php?oldid=861235961,matched_gics
2018-09-30,SPG-PJ,"Simon Property Group, Inc.",,,,,,,,missing_gics
2018-09-30,SRE,Sempra Energy,Utilities,Utilities,Multi-Utilities,Multi-Utilities,861235961,2018-09-26T01:50:19Z,https://en.wikipedia.org/w/index.php?oldid=861235961,matched_gics
2018-09-30,T,AT&T Inc.,Communication Services,Telecommunication Services,Diversified Telecommunication Services,Integrated Telecommunication Services,861235961,2018-09-26T01:50:19Z,https://en.wikipedia.org/w/index.php?oldid=861235961,matched_gics
2018-09-30,TGT,Target Corp.,Consumer Discretionary,Retailing,Multiline Retail,General Merchandise Stores,861235961,2018-09-26T01:50:19Z,https://en.wikipedia.org/w/index.php?oldid=861235961,matched_gics
2018-09-30,TM,Toyota Motor Corporation,,,,,,,,missing_gics
2018-09-30,TMO,Thermo Fisher Scientific,Health Care,Health Care Equipment & Services,Health Care Equipment & Supplies,Health Care Equipment,861235961,2018-09-26T01:50:19Z,https://en.wikipedia.org/w/index.php?oldid=861235961,matched_gics
2018-09-30,TMUS,"T-Mobile US, Inc.",,,,,,,,missing_gics
2018-09-30,TSLA,"Tesla, Inc.",,,,,,,,missing_gics
2018-09-30,TSM,Taiwan Semiconductor Manufacturing Company Limited,,,,,,,,missing_gics
2018-09-30,TTE,TotalEnergies SE,,,,,,,,missing_gics
2018-09-30,UL,Unilever PLC,,,,,,,,missing_gics
2018-09-30,UNH,United Health Group Inc.,Health Care,Health Care Equipment & Services,Health Care Providers & Services,Managed Health Care,861235961,2018-09-26T01:50:19Z,https://en.wikipedia.org/w/index.php?oldid=861235961,matched_gics
2018-09-30,UNP,Union Pacific,Industrials,Transportation,Road & Rail,Railroads,861235961,2018-09-26T01:50:19Z,https://en.wikipedia.org/w/index.php?oldid=861235961,matched_gics
2018-09-30,UPS,United Parcel Service,Industrials,Transportation,Air Freight & Logistics,Air Freight & Logistics,861235961,2018-09-26T01:50:19Z,https://en.wikipedia.org/w/index.php?oldid=861235961,matched_gics
2018-09-30,V,Visa Inc.,Information Technology,Software & Services,Internet Software & Services,Internet Software & Services,861235961,2018-09-26T01:50:19Z,https://en.wikipedia.org/w/index.php?oldid=861235961,matched_gics
2018-09-30,VALE,Vale S.A.,,,,,,,,missing_gics
2018-09-30,VZ,Verizon Communications,Communication Services,Telecommunication Services,Diversified Telecommunication Services,Integrated Telecommunication Services,861235961,2018-09-26T01:50:19Z,https://en.wikipedia.org/w/index.php?oldid=861235961,matched_gics
2018-09-30,WELL,Welltower Inc.,Real Estate,Real Estate,Equity Real Estate Investment Trusts (REITs),Health Care REITs,861235961,2018-09-26T01:50:19Z,https://en.wikipedia.org/w/index.php?oldid=861235961,matched_gics
2018-09-30,WFC-PL,Wells Fargo & Company,,,,,,,,missing_gics
2018-09-30,WMT,Walmart,Consumer Staples,Food & Staples Retailing,Food & Staples Retailing,Hypermarkets & Super Centers,861235961,2018-09-26T01:50:19Z,https://en.wikipedia.org/w/index.php?oldid=861235961,matched_gics
2018-09-30,XEL,Xcel Energy Inc,Utilities,Utilities,Multi-Utilities,Multi-Utilities,861235961,2018-09-26T01:50:19Z,https://en.wikipedia.org/w/index.php?oldid=861235961,matched_gics
2018-09-30,XOM,Exxon Mobil Corp.,Energy,Energy,"Oil, Gas & Consumable Fuels",Integrated Oil & Gas,861235961,2018-09-26T01:50:19Z,https://en.wikipedia.org/w/index.php?oldid=861235961,matched_gics
2018-10-31,AAPL,Apple Inc.,Information Technology,Technology Hardware & Equipment,"Technology Hardware, Storage & Peripherals","Technology Hardware, Storage & Peripherals",866568340,2018-10-31T04:00:18Z,https://en.wikipedia.org/w/index.php?oldid=866568340,matched_gics
2018-10-31,ABBV,AbbVie Inc.,Health Care,"Pharmaceuticals, Biotechnology & Life Sciences",Pharmaceuticals,Pharmaceuticals,866568340,2018-10-31T04:00:18Z,https://en.wikipedia.org/w/index.php?oldid=866568340,matched_gics
2018-10-31,ABT,Abbott Laboratories,Health Care,Health Care Equipment & Services,Health Care Equipment & Supplies,Health Care Equipment,866568340,2018-10-31T04:00:18Z,https://en.wikipedia.org/w/index.php?oldid=866568340,matched_gics
2018-10-31,ACN,Accenture plc,Information Technology,Software & Services,IT Services,IT Consulting & Other Services,866568340,2018-10-31T04:00:18Z,https://en.wikipedia.org/w/index.php?oldid=866568340,matched_gics
2018-10-31,ADBE,Adobe Systems Inc,Information Technology,Software & Services,Software,Application Software,866568340,2018-10-31T04:00:18Z,https://en.wikipedia.org/w/index.php?oldid=866568340,matched_gics
2018-10-31,ADP,Automatic Data Processing,Information Technology,Software & Services,Internet Software & Services,Internet Software & Services,866568340,2018-10-31T04:00:18Z,https://en.wikipedia.org/w/index.php?oldid=866568340,matched_gics
2018-10-31,AEP,American Electric Power,Utilities,Utilities,Electric Utilities,Electric Utilities,866568340,2018-10-31T04:00:18Z,https://en.wikipedia.org/w/index.php?oldid=866568340,matched_gics
2018-10-31,AMT,American Tower Corp.,Real Estate,Real Estate,Equity Real Estate Investment Trusts (REITs),Specialized REITs,866568340,2018-10-31T04:00:18Z,https://en.wikipedia.org/w/index.php?oldid=866568340,matched_gics
2018-10-31,AMZN,Amazon.com Inc.,Consumer Discretionary,Retailing,Internet & Direct Marketing Retail,Internet & Direct Marketing Retail,866568340,2018-10-31T04:00:18Z,https://en.wikipedia.org/w/index.php?oldid=866568340,matched_gics
2018-10-31,APD,Air Products & Chemicals Inc,Materials,Materials,Chemicals,Industrial Gases,866568340,2018-10-31T04:00:18Z,https://en.wikipedia.org/w/index.php?oldid=866568340,matched_gics
2018-10-31,ASML,ASML Holding N.V.,,,,,,,,missing_gics
2018-10-31,AVGO,Broadcom,Information Technology,Semiconductors & Semiconductor Equipment,Semiconductors & Semiconductor Equipment,Semiconductors,866568340,2018-10-31T04:00:18Z,https://en.wikipedia.org/w/index.php?oldid=866568340,matched_gics
2018-10-31,AWK,American Water Works Company Inc,Utilities,Utilities,Water Utilities,Water Utilities,866568340,2018-10-31T04:00:18Z,https://en.wikipedia.org/w/index.php?oldid=866568340,matched_gics
2018-10-31,BA,Boeing Company,Industrials,Capital Goods,Aerospace & Defense,Aerospace & Defense,866568340,2018-10-31T04:00:18Z,https://en.wikipedia.org/w/index.php?oldid=866568340,matched_gics
2018-10-31,BABA,Alibaba Group Holding Limited,,,,,,,,missing_gics
2018-10-31,BAC,Bank of America Corp,Financials,Banks,Banks,Diversified Banks,866568340,2018-10-31T04:00:18Z,https://en.wikipedia.org/w/index.php?oldid=866568340,matched_gics
2018-10-31,BBL,BHP Group,,,,,,,,missing_gics
2018-10-31,BHP,BHP Group,,,,,,,,missing_gics
2018-10-31,BP,BP p.l.c.,,,,,,,,missing_gics
2018-10-31,BRK-A,Berkshire Hathaway Inc.,,,,,,,,missing_gics
2018-10-31,C-PJ,Citigroup Inc.,,,,,,,,missing_gics
2018-10-31,CAT,Caterpillar Inc.,Industrials,Capital Goods,Machinery,Construction Machinery & Heavy Trucks,866568340,2018-10-31T04:00:18Z,https://en.wikipedia.org/w/index.php?oldid=866568340,matched_gics
2018-10-31,CCI,Crown Castle International Corp.,Real Estate,Real Estate,Equity Real Estate Investment Trusts (REITs),Specialized REITs,866568340,2018-10-31T04:00:18Z,https://en.wikipedia.org/w/index.php?oldid=866568340,matched_gics
2018-10-31,CHTR,Charter Communications,Communication Services,Media,Media,Cable & Satellite,866568340,2018-10-31T04:00:18Z,https://en.wikipedia.org/w/index.php?oldid=866568340,matched_gics
2018-10-31,CMCSA,Comcast Corp.,Communication Services,Media,Media,Cable & Satellite,866568340,2018-10-31T04:00:18Z,https://en.wikipedia.org/w/index.php?oldid=866568340,matched_gics
2018-10-31,COP,ConocoPhillips,Energy,Energy,"Oil, Gas & Consumable Fuels",Oil & Gas Exploration & Production,866568340,2018-10-31T04:00:18Z,https://en.wikipedia.org/w/index.php?oldid=866568340,matched_gics
2018-10-31,COST,Costco Wholesale Corp.,Consumer Staples,Food & Staples Retailing,Food & Staples Retailing,Hypermarkets & Super Centers,866568340,2018-10-31T04:00:18Z,https://en.wikipedia.org/w/index.php?oldid=866568340,matched_gics
2018-10-31,CSCO,Cisco Systems,Information Technology,Technology Hardware & Equipment,Communications Equipment,Communications Equipment,866568340,2018-10-31T04:00:18Z,https://en.wikipedia.org/w/index.php?oldid=866568340,matched_gics
2018-10-31,CTA-PB,E. I. du Pont de Nemours and Company,,,,,,,,missing_gics
2018-10-31,CVX,Chevron Corp.,Energy,Energy,"Oil, Gas & Consumable Fuels",Integrated Oil & Gas,866568340,2018-10-31T04:00:18Z,https://en.wikipedia.org/w/index.php?oldid=866568340,matched_gics
2018-10-31,D,Dominion Energy,Utilities,Utilities,Electric Utilities,Electric Utilities,866568340,2018-10-31T04:00:18Z,https://en.wikipedia.org/w/index.php?oldid=866568340,matched_gics
2018-10-31,DE,Deere & Co.,Industrials,Capital Goods,Machinery,Agricultural & Farm Machinery,866568340,2018-10-31T04:00:18Z,https://en.wikipedia.org/w/index.php?oldid=866568340,matched_gics
2018-10-31,DEO,Diageo plc,,,,,,,,missing_gics
2018-10-31,DHR,Danaher Corp.,Health Care,Health Care Equipment & Services,Health Care Equipment & Supplies,Health Care Equipment,866568340,2018-10-31T04:00:18Z,https://en.wikipedia.org/w/index.php?oldid=866568340,matched_gics
2018-10-31,DIS,The Walt Disney Company,Communication Services,Media & Entertainment,Entertainment,Movies & Entertainment,866568340,2018-10-31T04:00:18Z,https://en.wikipedia.org/w/index.php?oldid=866568340,matched_gics
2018-10-31,DLR,Digital Realty Trust Inc,Real Estate,Real Estate,Equity Real Estate Investment Trusts (REITs),Specialized REITs,866568340,2018-10-31T04:00:18Z,https://en.wikipedia.org/w/index.php?oldid=866568340,matched_gics
2018-10-31,DUK,Duke Energy,Utilities,Utilities,Electric Utilities,Electric Utilities,866568340,2018-10-31T04:00:18Z,https://en.wikipedia.org/w/index.php?oldid=866568340,matched_gics
2018-10-31,ECL,Ecolab Inc.,Materials,Materials,Chemicals,Specialty Chemicals,866568340,2018-10-31T04:00:18Z,https://en.wikipedia.org/w/index.php?oldid=866568340,matched_gics
2018-10-31,EL,Estee Lauder Cos.,Consumer Staples,Household & Personal Products,Personal Products,Personal Products,866568340,2018-10-31T04:00:18Z,https://en.wikipedia.org/w/index.php?oldid=866568340,matched_gics
2018-10-31,ENB,Enbridge Inc.,,,,,,,,missing_gics
2018-10-31,EQIX,Equinix,Real Estate,Real Estate,Equity Real Estate Investment Trusts (REITs),Specialized REITs,866568340,2018-10-31T04:00:18Z,https://en.wikipedia.org/w/index.php?oldid=866568340,matched_gics
2018-10-31,EQNR,Equinor ASA,,,,,,,,missing_gics
2018-10-31,EXC,Exelon Corp.,Utilities,Utilities,Multi-Utilities,Multi-Utilities,866568340,2018-10-31T04:00:18Z,https://en.wikipedia.org/w/index.php?oldid=866568340,matched_gics
2018-10-31,FB,"Facebook, Inc.",Communication Services,Media & Entertainment,Interactive Media & Services,Interactive Media & Services,866568340,2018-10-31T04:00:18Z,https://en.wikipedia.org/w/index.php?oldid=866568340,matched_gics
2018-10-31,FCX,Freeport-McMoRan Inc.,Materials,Materials,Metals & Mining,Copper,866568340,2018-10-31T04:00:18Z,https://en.wikipedia.org/w/index.php?oldid=866568340,matched_gics
2018-10-31,GE,General Electric,Industrials,Capital Goods,Industrial Conglomerates,Industrial Conglomerates,866568340,2018-10-31T04:00:18Z,https://en.wikipedia.org/w/index.php?oldid=866568340,matched_gics
2018-10-31,GOOG,Alphabet Inc Class C,Communication Services,Media & Entertainment,Interactive Media & Services,Interactive Media & Services,866568340,2018-10-31T04:00:18Z,https://en.wikipedia.org/w/index.php?oldid=866568340,matched_gics
2018-10-31,HD,Home Depot,Consumer Discretionary,Retailing,Specialty Retail,Home Improvement Retail,866568340,2018-10-31T04:00:18Z,https://en.wikipedia.org/w/index.php?oldid=866568340,matched_gics
2018-10-31,HON,Honeywell Int'l Inc.,Industrials,Capital Goods,Industrial Conglomerates,Industrial Conglomerates,866568340,2018-10-31T04:00:18Z,https://en.wikipedia.org/w/index.php?oldid=866568340,matched_gics
2018-10-31,JD,"JD.com, Inc.",,,,,,,,missing_gics
2018-10-31,JNJ,Johnson & Johnson,Health Care,Health Care Equipment & Services,Health Care Equipment & Supplies,Health Care Equipment,866568340,2018-10-31T04:00:18Z,https://en.wikipedia.org/w/index.php?oldid=866568340,matched_gics
2018-10-31,JPM,JPMorgan Chase & Co.,Financials,Banks,Banks,Diversified Banks,866568340,2018-10-31T04:00:18Z,https://en.wikipedia.org/w/index.php?oldid=866568340,matched_gics
2018-10-31,KO,Coca-Cola Company (The),Consumer Staples,"Food, Beverage & Tobacco",Beverages,Soft Drinks,866568340,2018-10-31T04:00:18Z,https://en.wikipedia.org/w/index.php?oldid=866568340,matched_gics
2018-10-31,LLY,Lilly (Eli) & Co.,Health Care,"Pharmaceuticals, Biotechnology & Life Sciences",Pharmaceuticals,Pharmaceuticals,866568340,2018-10-31T04:00:18Z,https://en.wikipedia.org/w/index.php?oldid=866568340,matched_gics
2018-10-31,LOW,Lowe's Cos.,Consumer Discretionary,Retailing,Specialty Retail,Home Improvement Retail,866568340,2018-10-31T04:00:18Z,https://en.wikipedia.org/w/index.php?oldid=866568340,matched_gics
2018-10-31,MA,Mastercard Inc.,Information Technology,Software & Services,Internet Software & Services,Internet Software & Services,866568340,2018-10-31T04:00:18Z,https://en.wikipedia.org/w/index.php?oldid=866568340,matched_gics
2018-10-31,MCD,McDonald's Corp.,Consumer Discretionary,Consumer Services,"Hotels, Restaurants & Leisure",Restaurants,866568340,2018-10-31T04:00:18Z,https://en.wikipedia.org/w/index.php?oldid=866568340,matched_gics
2018-10-31,MMM,3M Company,Industrials,Capital Goods,Industrial Conglomerates,Industrial Conglomerates,866568340,2018-10-31T04:00:18Z,https://en.wikipedia.org/w/index.php?oldid=866568340,matched_gics
2018-10-31,MS,Morgan Stanley,Financials,Diversified Financials,Capital Markets,Investment Banking & Brokerage,866568340,2018-10-31T04:00:18Z,https://en.wikipedia.org/w/index.php?oldid=866568340,matched_gics
2018-10-31,MSFT,Microsoft Corp.,Information Technology,Software & Services,Software,Systems Software,866568340,2018-10-31T04:00:18Z,https://en.wikipedia.org/w/index.php?oldid=866568340,matched_gics
2018-10-31,NEE,NextEra Energy,Utilities,Utilities,Multi-Utilities,Multi-Utilities,866568340,2018-10-31T04:00:18Z,https://en.wikipedia.org/w/index.php?oldid=866568340,matched_gics
2018-10-31,NEM,Newmont Mining Corporation,Materials,Materials,Metals & Mining,Gold,866568340,2018-10-31T04:00:18Z,https://en.wikipedia.org/w/index.php?oldid=866568340,matched_gics
2018-10-31,NFLX,Netflix Inc.,Communication Services,Media & Entertainment,Entertainment,Movies & Entertainment,866568340,2018-10-31T04:00:18Z,https://en.wikipedia.org/w/index.php?oldid=866568340,matched_gics
2018-10-31,NGG,National Grid plc,,,,,,,,missing_gics
2018-10-31,NKE,Nike,Consumer Discretionary,Consumer Durables & Apparel,"Textiles, Apparel & Luxury Goods","Apparel, Accessories & Luxury Goods",866568340,2018-10-31T04:00:18Z,https://en.wikipedia.org/w/index.php?oldid=866568340,matched_gics
2018-10-31,NVDA,Nvidia Corporation,Information Technology,Semiconductors & Semiconductor Equipment,Semiconductors & Semiconductor Equipment,Semiconductors,866568340,2018-10-31T04:00:18Z,https://en.wikipedia.org/w/index.php?oldid=866568340,matched_gics
2018-10-31,NVO,Novo Nordisk A/S,,,,,,,,missing_gics
2018-10-31,NVS,Novartis AG,,,,,,,,missing_gics
2018-10-31,O,Realty Income Corporation,Real Estate,Real Estate,Equity Real Estate Investment Trusts (REITs),Retail REITs,866568340,2018-10-31T04:00:18Z,https://en.wikipedia.org/w/index.php?oldid=866568340,matched_gics
2018-10-31,ORCL,Oracle Corp.,Information Technology,Software & Services,Software,Application Software,866568340,2018-10-31T04:00:18Z,https://en.wikipedia.org/w/index.php?oldid=866568340,matched_gics
2018-10-31,PEP,PepsiCo Inc.,Consumer Staples,"Food, Beverage & Tobacco",Beverages,Soft Drinks,866568340,2018-10-31T04:00:18Z,https://en.wikipedia.org/w/index.php?oldid=866568340,matched_gics
2018-10-31,PFE,Pfizer Inc.,Health Care,"Pharmaceuticals, Biotechnology & Life Sciences",Pharmaceuticals,Pharmaceuticals,866568340,2018-10-31T04:00:18Z,https://en.wikipedia.org/w/index.php?oldid=866568340,matched_gics
2018-10-31,PG,Procter & Gamble,Consumer Staples,Household & Personal Products,Personal Products,Personal Products,866568340,2018-10-31T04:00:18Z,https://en.wikipedia.org/w/index.php?oldid=866568340,matched_gics
2018-10-31,PLD,Prologis,Real Estate,Real Estate,Equity Real Estate Investment Trusts (REITs),Industrial REITs,866568340,2018-10-31T04:00:18Z,https://en.wikipedia.org/w/index.php?oldid=866568340,matched_gics
2018-10-31,PM,Philip Morris International,Consumer Staples,"Food, Beverage & Tobacco",Tobacco,Tobacco,866568340,2018-10-31T04:00:18Z,https://en.wikipedia.org/w/index.php?oldid=866568340,matched_gics
2018-10-31,PSA,Public Storage,Real Estate,Real Estate,Equity Real Estate Investment Trusts (REITs),Specialized REITs,866568340,2018-10-31T04:00:18Z,https://en.wikipedia.org/w/index.php?oldid=866568340,matched_gics
2018-10-31,PTR,PetroChina Company Limited,,,,,,,,missing_gics
2018-10-31,PYPL,PayPal,Information Technology,Software & Services,IT Services,Data Processing & Outsourced Services,866568340,2018-10-31T04:00:18Z,https://en.wikipedia.org/w/index.php?oldid=866568340,matched_gics
2018-10-31,RDS-B,Royal Dutch Shell plc,,,,,,,,missing_gics
2018-10-31,RIO,Rio Tinto Group,,,,,,,,missing_gics
2018-10-31,RTX,Raytheon Technologies Corporation,,,,,,,,missing_gics
2018-10-31,SBAC,SBA Communications,Real Estate,Real Estate,Equity Real Estate Investment Trusts (REITs),Specialized REITs,866568340,2018-10-31T04:00:18Z,https://en.wikipedia.org/w/index.php?oldid=866568340,matched_gics
2018-10-31,SBUX,Starbucks Corp.,Consumer Discretionary,Consumer Services,"Hotels, Restaurants & Leisure",Restaurants,866568340,2018-10-31T04:00:18Z,https://en.wikipedia.org/w/index.php?oldid=866568340,matched_gics
2018-10-31,SCHW,Charles Schwab Corporation,Financials,Diversified Financials,Capital Markets,Investment Banking & Brokerage,866568340,2018-10-31T04:00:18Z,https://en.wikipedia.org/w/index.php?oldid=866568340,matched_gics
2018-10-31,SHW,Sherwin-Williams,Materials,Materials,Chemicals,Specialty Chemicals,866568340,2018-10-31T04:00:18Z,https://en.wikipedia.org/w/index.php?oldid=866568340,matched_gics
2018-10-31,SNAP,Snap Inc.,,,,,,,,missing_gics
2018-10-31,SNP,China Petroleum & Chemical Corporation,,,,,,,,missing_gics
2018-10-31,SO,Southern Co.,Utilities,Utilities,Electric Utilities,Electric Utilities,866568340,2018-10-31T04:00:18Z,https://en.wikipedia.org/w/index.php?oldid=866568340,matched_gics
2018-10-31,SPG-PJ,"Simon Property Group, Inc.",,,,,,,,missing_gics
2018-10-31,SRE,Sempra Energy,Utilities,Utilities,Multi-Utilities,Multi-Utilities,866568340,2018-10-31T04:00:18Z,https://en.wikipedia.org/w/index.php?oldid=866568340,matched_gics
2018-10-31,T,AT&T Inc.,Communication Services,Telecommunication Services,Diversified Telecommunication Services,Integrated Telecommunication Services,866568340,2018-10-31T04:00:18Z,https://en.wikipedia.org/w/index.php?oldid=866568340,matched_gics
2018-10-31,TGT,Target Corp.,Consumer Discretionary,Retailing,Multiline Retail,General Merchandise Stores,866568340,2018-10-31T04:00:18Z,https://en.wikipedia.org/w/index.php?oldid=866568340,matched_gics
2018-10-31,TM,Toyota Motor Corporation,,,,,,,,missing_gics
2018-10-31,TMO,Thermo Fisher Scientific,Health Care,Health Care Equipment & Services,Health Care Equipment & Supplies,Health Care Equipment,866568340,2018-10-31T04:00:18Z,https://en.wikipedia.org/w/index.php?oldid=866568340,matched_gics
2018-10-31,TMUS,"T-Mobile US, Inc.",,,,,,,,missing_gics
2018-10-31,TSLA,"Tesla, Inc.",,,,,,,,missing_gics
2018-10-31,TSM,Taiwan Semiconductor Manufacturing Company Limited,,,,,,,,missing_gics
2018-10-31,TTE,TotalEnergies SE,,,,,,,,missing_gics
2018-10-31,UL,Unilever PLC,,,,,,,,missing_gics
2018-10-31,UNH,United Health Group Inc.,Health Care,Health Care Equipment & Services,Health Care Providers & Services,Managed Health Care,866568340,2018-10-31T04:00:18Z,https://en.wikipedia.org/w/index.php?oldid=866568340,matched_gics
2018-10-31,UNP,Union Pacific,Industrials,Transportation,Road & Rail,Railroads,866568340,2018-10-31T04:00:18Z,https://en.wikipedia.org/w/index.php?oldid=866568340,matched_gics
2018-10-31,UPS,United Parcel Service,Industrials,Transportation,Air Freight & Logistics,Air Freight & Logistics,866568340,2018-10-31T04:00:18Z,https://en.wikipedia.org/w/index.php?oldid=866568340,matched_gics
2018-10-31,V,Visa Inc.,Information Technology,Software & Services,Internet Software & Services,Internet Software & Services,866568340,2018-10-31T04:00:18Z,https://en.wikipedia.org/w/index.php?oldid=866568340,matched_gics
2018-10-31,VALE,Vale S.A.,,,,,,,,missing_gics
2018-10-31,VZ,Verizon Communications,Communication Services,Telecommunication Services,Diversified Telecommunication Services,Integrated Telecommunication Services,866568340,2018-10-31T04:00:18Z,https://en.wikipedia.org/w/index.php?oldid=866568340,matched_gics
2018-10-31,WELL,Welltower Inc.,Real Estate,Real Estate,Equity Real Estate Investment Trusts (REITs),Health Care REITs,866568340,2018-10-31T04:00:18Z,https://en.wikipedia.org/w/index.php?oldid=866568340,matched_gics
2018-10-31,WFC-PL,Wells Fargo & Company,,,,,,,,missing_gics
2018-10-31,WMT,Walmart,Consumer Staples,Food & Staples Retailing,Food & Staples Retailing,Hypermarkets & Super Centers,866568340,2018-10-31T04:00:18Z,https://en.wikipedia.org/w/index.php?oldid=866568340,matched_gics
2018-10-31,XEL,Xcel Energy Inc,Utilities,Utilities,Multi-Utilities,Multi-Utilities,866568340,2018-10-31T04:00:18Z,https://en.wikipedia.org/w/index.php?oldid=866568340,matched_gics
2018-10-31,XOM,Exxon Mobil Corp.,Energy,Energy,"Oil, Gas & Consumable Fuels",Integrated Oil & Gas,866568340,2018-10-31T04:00:18Z,https://en.wikipedia.org/w/index.php?oldid=866568340,matched_gics
2018-11-30,AAPL,Apple Inc.,Information Technology,Technology Hardware & Equipment,"Technology Hardware, Storage & Peripherals","Technology Hardware, Storage & Peripherals",870885561,2018-11-27T16:23:10Z,https://en.wikipedia.org/w/index.php?oldid=870885561,matched_gics
2018-11-30,ABBV,AbbVie Inc.,Health Care,"Pharmaceuticals, Biotechnology & Life Sciences",Pharmaceuticals,Pharmaceuticals,870885561,2018-11-27T16:23:10Z,https://en.wikipedia.org/w/index.php?oldid=870885561,matched_gics
2018-11-30,ABT,Abbott Laboratories,Health Care,Health Care Equipment & Services,Health Care Equipment & Supplies,Health Care Equipment,870885561,2018-11-27T16:23:10Z,https://en.wikipedia.org/w/index.php?oldid=870885561,matched_gics
2018-11-30,ACN,Accenture plc,Information Technology,Software & Services,IT Services,IT Consulting & Other Services,870885561,2018-11-27T16:23:10Z,https://en.wikipedia.org/w/index.php?oldid=870885561,matched_gics
2018-11-30,ADBE,Adobe Systems Inc,Information Technology,Software & Services,Software,Application Software,870885561,2018-11-27T16:23:10Z,https://en.wikipedia.org/w/index.php?oldid=870885561,matched_gics
2018-11-30,ADP,Automatic Data Processing,Information Technology,Software & Services,Internet Software & Services,Internet Software & Services,870885561,2018-11-27T16:23:10Z,https://en.wikipedia.org/w/index.php?oldid=870885561,matched_gics
2018-11-30,AEP,American Electric Power,Utilities,Utilities,Electric Utilities,Electric Utilities,870885561,2018-11-27T16:23:10Z,https://en.wikipedia.org/w/index.php?oldid=870885561,matched_gics
2018-11-30,AMT,American Tower Corp.,Real Estate,Real Estate,Equity Real Estate Investment Trusts (REITs),Specialized REITs,870885561,2018-11-27T16:23:10Z,https://en.wikipedia.org/w/index.php?oldid=870885561,matched_gics
2018-11-30,AMZN,Amazon.com Inc.,Consumer Discretionary,Retailing,Internet & Direct Marketing Retail,Internet & Direct Marketing Retail,870885561,2018-11-27T16:23:10Z,https://en.wikipedia.org/w/index.php?oldid=870885561,matched_gics
2018-11-30,APD,Air Products & Chemicals Inc,Materials,Materials,Chemicals,Industrial Gases,870885561,2018-11-27T16:23:10Z,https://en.wikipedia.org/w/index.php?oldid=870885561,matched_gics
2018-11-30,ASML,ASML Holding N.V.,,,,,,,,missing_gics
2018-11-30,AVGO,Broadcom,Information Technology,Semiconductors & Semiconductor Equipment,Semiconductors & Semiconductor Equipment,Semiconductors,870885561,2018-11-27T16:23:10Z,https://en.wikipedia.org/w/index.php?oldid=870885561,matched_gics
2018-11-30,AWK,American Water Works Company Inc,Utilities,Utilities,Water Utilities,Water Utilities,870885561,2018-11-27T16:23:10Z,https://en.wikipedia.org/w/index.php?oldid=870885561,matched_gics
2018-11-30,BA,Boeing Company,Industrials,Capital Goods,Aerospace & Defense,Aerospace & Defense,870885561,2018-11-27T16:23:10Z,https://en.wikipedia.org/w/index.php?oldid=870885561,matched_gics
2018-11-30,BABA,Alibaba Group Holding Limited,,,,,,,,missing_gics
2018-11-30,BAC,Bank of America Corp,Financials,Banks,Banks,Diversified Banks,870885561,2018-11-27T16:23:10Z,https://en.wikipedia.org/w/index.php?oldid=870885561,matched_gics
2018-11-30,BBL,BHP Group,,,,,,,,missing_gics
2018-11-30,BHP,BHP Group,,,,,,,,missing_gics
2018-11-30,BP,BP p.l.c.,,,,,,,,missing_gics
2018-11-30,BRK-A,Berkshire Hathaway Inc.,,,,,,,,missing_gics
2018-11-30,C-PJ,Citigroup Inc.,,,,,,,,missing_gics
2018-11-30,CAT,Caterpillar Inc.,Industrials,Capital Goods,Machinery,Construction Machinery & Heavy Trucks,870885561,2018-11-27T16:23:10Z,https://en.wikipedia.org/w/index.php?oldid=870885561,matched_gics
2018-11-30,CCI,Crown Castle International Corp.,Real Estate,Real Estate,Equity Real Estate Investment Trusts (REITs),Specialized REITs,870885561,2018-11-27T16:23:10Z,https://en.wikipedia.org/w/index.php?oldid=870885561,matched_gics
2018-11-30,CHTR,Charter Communications,Communication Services,Media,Media,Cable & Satellite,870885561,2018-11-27T16:23:10Z,https://en.wikipedia.org/w/index.php?oldid=870885561,matched_gics
2018-11-30,CMCSA,Comcast Corp.,Communication Services,Media,Media,Cable & Satellite,870885561,2018-11-27T16:23:10Z,https://en.wikipedia.org/w/index.php?oldid=870885561,matched_gics
2018-11-30,COP,ConocoPhillips,Energy,Energy,"Oil, Gas & Consumable Fuels",Oil & Gas Exploration & Production,870885561,2018-11-27T16:23:10Z,https://en.wikipedia.org/w/index.php?oldid=870885561,matched_gics
2018-11-30,COST,Costco Wholesale Corp.,Consumer Staples,Food & Staples Retailing,Food & Staples Retailing,Hypermarkets & Super Centers,870885561,2018-11-27T16:23:10Z,https://en.wikipedia.org/w/index.php?oldid=870885561,matched_gics
2018-11-30,CSCO,Cisco Systems,Information Technology,Technology Hardware & Equipment,Communications Equipment,Communications Equipment,870885561,2018-11-27T16:23:10Z,https://en.wikipedia.org/w/index.php?oldid=870885561,matched_gics
2018-11-30,CTA-PB,E. I. du Pont de Nemours and Company,,,,,,,,missing_gics
2018-11-30,CVX,Chevron Corp.,Energy,Energy,"Oil, Gas & Consumable Fuels",Integrated Oil & Gas,870885561,2018-11-27T16:23:10Z,https://en.wikipedia.org/w/index.php?oldid=870885561,matched_gics
2018-11-30,D,Dominion Energy,Utilities,Utilities,Electric Utilities,Electric Utilities,870885561,2018-11-27T16:23:10Z,https://en.wikipedia.org/w/index.php?oldid=870885561,matched_gics
2018-11-30,DE,Deere & Co.,Industrials,Capital Goods,Machinery,Agricultural & Farm Machinery,870885561,2018-11-27T16:23:10Z,https://en.wikipedia.org/w/index.php?oldid=870885561,matched_gics
2018-11-30,DEO,Diageo plc,,,,,,,,missing_gics
2018-11-30,DHR,Danaher Corp.,Health Care,Health Care Equipment & Services,Health Care Equipment & Supplies,Health Care Equipment,870885561,2018-11-27T16:23:10Z,https://en.wikipedia.org/w/index.php?oldid=870885561,matched_gics
2018-11-30,DIS,The Walt Disney Company,Communication Services,Media & Entertainment,Entertainment,Movies & Entertainment,870885561,2018-11-27T16:23:10Z,https://en.wikipedia.org/w/index.php?oldid=870885561,matched_gics
2018-11-30,DLR,Digital Realty Trust Inc,Real Estate,Real Estate,Equity Real Estate Investment Trusts (REITs),Specialized REITs,870885561,2018-11-27T16:23:10Z,https://en.wikipedia.org/w/index.php?oldid=870885561,matched_gics
2018-11-30,DUK,Duke Energy,Utilities,Utilities,Electric Utilities,Electric Utilities,870885561,2018-11-27T16:23:10Z,https://en.wikipedia.org/w/index.php?oldid=870885561,matched_gics
2018-11-30,ECL,Ecolab Inc.,Materials,Materials,Chemicals,Specialty Chemicals,870885561,2018-11-27T16:23:10Z,https://en.wikipedia.org/w/index.php?oldid=870885561,matched_gics
2018-11-30,EL,Estee Lauder Cos.,Consumer Staples,Household & Personal Products,Personal Products,Personal Products,870885561,2018-11-27T16:23:10Z,https://en.wikipedia.org/w/index.php?oldid=870885561,matched_gics
2018-11-30,ENB,Enbridge Inc.,,,,,,,,missing_gics
2018-11-30,EQIX,Equinix,Real Estate,Real Estate,Equity Real Estate Investment Trusts (REITs),Specialized REITs,870885561,2018-11-27T16:23:10Z,https://en.wikipedia.org/w/index.php?oldid=870885561,matched_gics
2018-11-30,EQNR,Equinor ASA,,,,,,,,missing_gics
2018-11-30,EXC,Exelon Corp.,Utilities,Utilities,Multi-Utilities,Multi-Utilities,870885561,2018-11-27T16:23:10Z,https://en.wikipedia.org/w/index.php?oldid=870885561,matched_gics
2018-11-30,FB,"Facebook, Inc.",Communication Services,Media & Entertainment,Interactive Media & Services,Interactive Media & Services,870885561,2018-11-27T16:23:10Z,https://en.wikipedia.org/w/index.php?oldid=870885561,matched_gics
2018-11-30,FCX,Freeport-McMoRan Inc.,Materials,Materials,Metals & Mining,Copper,870885561,2018-11-27T16:23:10Z,https://en.wikipedia.org/w/index.php?oldid=870885561,matched_gics
2018-11-30,GE,General Electric,Industrials,Capital Goods,Industrial Conglomerates,Industrial Conglomerates,870885561,2018-11-27T16:23:10Z,https://en.wikipedia.org/w/index.php?oldid=870885561,matched_gics
2018-11-30,GOOG,Alphabet Inc Class C,Communication Services,Media & Entertainment,Interactive Media & Services,Interactive Media & Services,870885561,2018-11-27T16:23:10Z,https://en.wikipedia.org/w/index.php?oldid=870885561,matched_gics
2018-11-30,HD,Home Depot,Consumer Discretionary,Retailing,Specialty Retail,Home Improvement Retail,870885561,2018-11-27T16:23:10Z,https://en.wikipedia.org/w/index.php?oldid=870885561,matched_gics
2018-11-30,HON,Honeywell Int'l Inc.,Industrials,Capital Goods,Industrial Conglomerates,Industrial Conglomerates,870885561,2018-11-27T16:23:10Z,https://en.wikipedia.org/w/index.php?oldid=870885561,matched_gics
2018-11-30,JD,"JD.com, Inc.",,,,,,,,missing_gics
2018-11-30,JNJ,Johnson & Johnson,Health Care,Health Care Equipment & Services,Health Care Equipment & Supplies,Health Care Equipment,870885561,2018-11-27T16:23:10Z,https://en.wikipedia.org/w/index.php?oldid=870885561,matched_gics
2018-11-30,JPM,JPMorgan Chase & Co.,Financials,Banks,Banks,Diversified Banks,870885561,2018-11-27T16:23:10Z,https://en.wikipedia.org/w/index.php?oldid=870885561,matched_gics
2018-11-30,KO,Coca-Cola Company (The),Consumer Staples,"Food, Beverage & Tobacco",Beverages,Soft Drinks,870885561,2018-11-27T16:23:10Z,https://en.wikipedia.org/w/index.php?oldid=870885561,matched_gics
2018-11-30,LLY,Lilly (Eli) & Co.,Health Care,"Pharmaceuticals, Biotechnology & Life Sciences",Pharmaceuticals,Pharmaceuticals,870885561,2018-11-27T16:23:10Z,https://en.wikipedia.org/w/index.php?oldid=870885561,matched_gics
2018-11-30,LOW,Lowe's Cos.,Consumer Discretionary,Retailing,Specialty Retail,Home Improvement Retail,870885561,2018-11-27T16:23:10Z,https://en.wikipedia.org/w/index.php?oldid=870885561,matched_gics
2018-11-30,MA,Mastercard Inc.,Information Technology,Software & Services,Internet Software & Services,Internet Software & Services,870885561,2018-11-27T16:23:10Z,https://en.wikipedia.org/w/index.php?oldid=870885561,matched_gics
2018-11-30,MCD,McDonald's Corp.,Consumer Discretionary,Consumer Services,"Hotels, Restaurants & Leisure",Restaurants,870885561,2018-11-27T16:23:10Z,https://en.wikipedia.org/w/index.php?oldid=870885561,matched_gics
2018-11-30,MMM,3M Company,Industrials,Capital Goods,Industrial Conglomerates,Industrial Conglomerates,870885561,2018-11-27T16:23:10Z,https://en.wikipedia.org/w/index.php?oldid=870885561,matched_gics
2018-11-30,MS,Morgan Stanley,Financials,Diversified Financials,Capital Markets,Investment Banking & Brokerage,870885561,2018-11-27T16:23:10Z,https://en.wikipedia.org/w/index.php?oldid=870885561,matched_gics
2018-11-30,MSFT,Microsoft Corp.,Information Technology,Software & Services,Software,Systems Software,870885561,2018-11-27T16:23:10Z,https://en.wikipedia.org/w/index.php?oldid=870885561,matched_gics
2018-11-30,NEE,NextEra Energy,Utilities,Utilities,Multi-Utilities,Multi-Utilities,870885561,2018-11-27T16:23:10Z,https://en.wikipedia.org/w/index.php?oldid=870885561,matched_gics
2018-11-30,NEM,Newmont Mining Corporation,Materials,Materials,Metals & Mining,Gold,870885561,2018-11-27T16:23:10Z,https://en.wikipedia.org/w/index.php?oldid=870885561,matched_gics
2018-11-30,NFLX,Netflix Inc.,Communication Services,Media & Entertainment,Entertainment,Movies & Entertainment,870885561,2018-11-27T16:23:10Z,https://en.wikipedia.org/w/index.php?oldid=870885561,matched_gics
2018-11-30,NGG,National Grid plc,,,,,,,,missing_gics
2018-11-30,NKE,Nike,Consumer Discretionary,Consumer Durables & Apparel,"Textiles, Apparel & Luxury Goods","Apparel, Accessories & Luxury Goods",870885561,2018-11-27T16:23:10Z,https://en.wikipedia.org/w/index.php?oldid=870885561,matched_gics
2018-11-30,NVDA,Nvidia Corporation,Information Technology,Semiconductors & Semiconductor Equipment,Semiconductors & Semiconductor Equipment,Semiconductors,870885561,2018-11-27T16:23:10Z,https://en.wikipedia.org/w/index.php?oldid=870885561,matched_gics
2018-11-30,NVO,Novo Nordisk A/S,,,,,,,,missing_gics
2018-11-30,NVS,Novartis AG,,,,,,,,missing_gics
2018-11-30,O,Realty Income Corporation,Real Estate,Real Estate,Equity Real Estate Investment Trusts (REITs),Retail REITs,870885561,2018-11-27T16:23:10Z,https://en.wikipedia.org/w/index.php?oldid=870885561,matched_gics
2018-11-30,ORCL,Oracle Corp.,Information Technology,Software & Services,Software,Application Software,870885561,2018-11-27T16:23:10Z,https://en.wikipedia.org/w/index.php?oldid=870885561,matched_gics
2018-11-30,PEP,PepsiCo Inc.,Consumer Staples,"Food, Beverage & Tobacco",Beverages,Soft Drinks,870885561,2018-11-27T16:23:10Z,https://en.wikipedia.org/w/index.php?oldid=870885561,matched_gics
2018-11-30,PFE,Pfizer Inc.,Health Care,"Pharmaceuticals, Biotechnology & Life Sciences",Pharmaceuticals,Pharmaceuticals,870885561,2018-11-27T16:23:10Z,https://en.wikipedia.org/w/index.php?oldid=870885561,matched_gics
2018-11-30,PG,Procter & Gamble,Consumer Staples,Household & Personal Products,Personal Products,Personal Products,870885561,2018-11-27T16:23:10Z,https://en.wikipedia.org/w/index.php?oldid=870885561,matched_gics
2018-11-30,PLD,Prologis,Real Estate,Real Estate,Equity Real Estate Investment Trusts (REITs),Industrial REITs,870885561,2018-11-27T16:23:10Z,https://en.wikipedia.org/w/index.php?oldid=870885561,matched_gics
2018-11-30,PM,Philip Morris International,Consumer Staples,"Food, Beverage & Tobacco",Tobacco,Tobacco,870885561,2018-11-27T16:23:10Z,https://en.wikipedia.org/w/index.php?oldid=870885561,matched_gics
2018-11-30,PSA,Public Storage,Real Estate,Real Estate,Equity Real Estate Investment Trusts (REITs),Specialized REITs,870885561,2018-11-27T16:23:10Z,https://en.wikipedia.org/w/index.php?oldid=870885561,matched_gics
2018-11-30,PTR,PetroChina Company Limited,,,,,,,,missing_gics
2018-11-30,PYPL,PayPal,Information Technology,Software & Services,IT Services,Data Processing & Outsourced Services,870885561,2018-11-27T16:23:10Z,https://en.wikipedia.org/w/index.php?oldid=870885561,matched_gics
2018-11-30,RDS-B,Royal Dutch Shell plc,,,,,,,,missing_gics
2018-11-30,RIO,Rio Tinto Group,,,,,,,,missing_gics
2018-11-30,RTX,Raytheon Technologies Corporation,,,,,,,,missing_gics
2018-11-30,SBAC,SBA Communications,Real Estate,Real Estate,Equity Real Estate Investment Trusts (REITs),Specialized REITs,870885561,2018-11-27T16:23:10Z,https://en.wikipedia.org/w/index.php?oldid=870885561,matched_gics
2018-11-30,SBUX,Starbucks Corp.,Consumer Discretionary,Consumer Services,"Hotels, Restaurants & Leisure",Restaurants,870885561,2018-11-27T16:23:10Z,https://en.wikipedia.org/w/index.php?oldid=870885561,matched_gics
2018-11-30,SCHW,Charles Schwab Corporation,Financials,Diversified Financials,Capital Markets,Investment Banking & Brokerage,870885561,2018-11-27T16:23:10Z,https://en.wikipedia.org/w/index.php?oldid=870885561,matched_gics
2018-11-30,SHW,Sherwin-Williams,Materials,Materials,Chemicals,Specialty Chemicals,870885561,2018-11-27T16:23:10Z,https://en.wikipedia.org/w/index.php?oldid=870885561,matched_gics
2018-11-30,SNAP,Snap Inc.,,,,,,,,missing_gics
2018-11-30,SNP,China Petroleum & Chemical Corporation,,,,,,,,missing_gics
2018-11-30,SO,Southern Co.,Utilities,Utilities,Electric Utilities,Electric Utilities,870885561,2018-11-27T16:23:10Z,https://en.wikipedia.org/w/index.php?oldid=870885561,matched_gics
2018-11-30,SPG-PJ,"Simon Property Group, Inc.",,,,,,,,missing_gics
2018-11-30,SRE,Sempra Energy,Utilities,Utilities,Multi-Utilities,Multi-Utilities,870885561,2018-11-27T16:23:10Z,https://en.wikipedia.org/w/index.php?oldid=870885561,matched_gics
2018-11-30,T,AT&T Inc.,Communication Services,Telecommunication Services,Diversified Telecommunication Services,Integrated Telecommunication Services,870885561,2018-11-27T16:23:10Z,https://en.wikipedia.org/w/index.php?oldid=870885561,matched_gics
2018-11-30,TGT,Target Corp.,Consumer Discretionary,Retailing,Multiline Retail,General Merchandise Stores,870885561,2018-11-27T16:23:10Z,https://en.wikipedia.org/w/index.php?oldid=870885561,matched_gics
2018-11-30,TM,Toyota Motor Corporation,,,,,,,,missing_gics
2018-11-30,TMO,Thermo Fisher Scientific,Health Care,Health Care Equipment & Services,Health Care Equipment & Supplies,Health Care Equipment,870885561,2018-11-27T16:23:10Z,https://en.wikipedia.org/w/index.php?oldid=870885561,matched_gics
2018-11-30,TMUS,"T-Mobile US, Inc.",,,,,,,,missing_gics
2018-11-30,TSLA,"Tesla, Inc.",,,,,,,,missing_gics
2018-11-30,TSM,Taiwan Semiconductor Manufacturing Company Limited,,,,,,,,missing_gics
2018-11-30,TTE,TotalEnergies SE,,,,,,,,missing_gics
2018-11-30,UL,Unilever PLC,,,,,,,,missing_gics
2018-11-30,UNH,United Health Group Inc.,Health Care,Health Care Equipment & Services,Health Care Providers & Services,Managed Health Care,870885561,2018-11-27T16:23:10Z,https://en.wikipedia.org/w/index.php?oldid=870885561,matched_gics
2018-11-30,UNP,Union Pacific,Industrials,Transportation,Road & Rail,Railroads,870885561,2018-11-27T16:23:10Z,https://en.wikipedia.org/w/index.php?oldid=870885561,matched_gics
2018-11-30,UPS,United Parcel Service,Industrials,Transportation,Air Freight & Logistics,Air Freight & Logistics,870885561,2018-11-27T16:23:10Z,https://en.wikipedia.org/w/index.php?oldid=870885561,matched_gics
2018-11-30,V,Visa Inc.,Information Technology,Software & Services,Internet Software & Services,Internet Software & Services,870885561,2018-11-27T16:23:10Z,https://en.wikipedia.org/w/index.php?oldid=870885561,matched_gics
2018-11-30,VALE,Vale S.A.,,,,,,,,missing_gics
2018-11-30,VZ,Verizon Communications,Communication Services,Telecommunication Services,Diversified Telecommunication Services,Integrated Telecommunication Services,870885561,2018-11-27T16:23:10Z,https://en.wikipedia.org/w/index.php?oldid=870885561,matched_gics
2018-11-30,WELL,Welltower Inc.,Real Estate,Real Estate,Equity Real Estate Investment Trusts (REITs),Health Care REITs,870885561,2018-11-27T16:23:10Z,https://en.wikipedia.org/w/index.php?oldid=870885561,matched_gics
2018-11-30,WFC-PL,Wells Fargo & Company,,,,,,,,missing_gics
2018-11-30,WMT,Walmart,Consumer Staples,Food & Staples Retailing,Food & Staples Retailing,Hypermarkets & Super Centers,870885561,2018-11-27T16:23:10Z,https://en.wikipedia.org/w/index.php?oldid=870885561,matched_gics
2018-11-30,XEL,Xcel Energy Inc,Utilities,Utilities,Multi-Utilities,Multi-Utilities,870885561,2018-11-27T16:23:10Z,https://en.wikipedia.org/w/index.php?oldid=870885561,matched_gics
2018-11-30,XOM,Exxon Mobil Corp.,Energy,Energy,"Oil, Gas & Consumable Fuels",Integrated Oil & Gas,870885561,2018-11-27T16:23:10Z,https://en.wikipedia.org/w/index.php?oldid=870885561,matched_gics
2018-12-31,AAPL,Apple Inc.,Information Technology,Technology Hardware & Equipment,"Technology Hardware, Storage & Peripherals","Technology Hardware, Storage & Peripherals",876091698,2018-12-31T03:12:41Z,https://en.wikipedia.org/w/index.php?oldid=876091698,matched_gics
2018-12-31,ABBV,AbbVie Inc.,Health Care,"Pharmaceuticals, Biotechnology & Life Sciences",Pharmaceuticals,Pharmaceuticals,876091698,2018-12-31T03:12:41Z,https://en.wikipedia.org/w/index.php?oldid=876091698,matched_gics
2018-12-31,ABT,Abbott Laboratories,Health Care,Health Care Equipment & Services,Health Care Equipment & Supplies,Health Care Equipment,876091698,2018-12-31T03:12:41Z,https://en.wikipedia.org/w/index.php?oldid=876091698,matched_gics
2018-12-31,ACN,Accenture plc,Information Technology,Software & Services,IT Services,IT Consulting & Other Services,876091698,2018-12-31T03:12:41Z,https://en.wikipedia.org/w/index.php?oldid=876091698,matched_gics
2018-12-31,ADBE,Adobe Systems Inc,Information Technology,Software & Services,Software,Application Software,876091698,2018-12-31T03:12:41Z,https://en.wikipedia.org/w/index.php?oldid=876091698,matched_gics
2018-12-31,ADP,Automatic Data Processing,Information Technology,Software & Services,Internet Software & Services,Internet Software & Services,876091698,2018-12-31T03:12:41Z,https://en.wikipedia.org/w/index.php?oldid=876091698,matched_gics
2018-12-31,AEP,American Electric Power,Utilities,Utilities,Electric Utilities,Electric Utilities,876091698,2018-12-31T03:12:41Z,https://en.wikipedia.org/w/index.php?oldid=876091698,matched_gics
2018-12-31,AMT,American Tower Corp.,Real Estate,Real Estate,Equity Real Estate Investment Trusts (REITs),Specialized REITs,876091698,2018-12-31T03:12:41Z,https://en.wikipedia.org/w/index.php?oldid=876091698,matched_gics
2018-12-31,AMZN,Amazon.com Inc.,Consumer Discretionary,Retailing,Internet & Direct Marketing Retail,Internet & Direct Marketing Retail,876091698,2018-12-31T03:12:41Z,https://en.wikipedia.org/w/index.php?oldid=876091698,matched_gics
2018-12-31,APD,Air Products & Chemicals Inc,Materials,Materials,Chemicals,Industrial Gases,876091698,2018-12-31T03:12:41Z,https://en.wikipedia.org/w/index.php?oldid=876091698,matched_gics
2018-12-31,ASML,ASML Holding N.V.,,,,,,,,missing_gics
2018-12-31,AVGO,Broadcom,Information Technology,Semiconductors & Semiconductor Equipment,Semiconductors & Semiconductor Equipment,Semiconductors,876091698,2018-12-31T03:12:41Z,https://en.wikipedia.org/w/index.php?oldid=876091698,matched_gics
2018-12-31,AWK,American Water Works Company Inc,Utilities,Utilities,Water Utilities,Water Utilities,876091698,2018-12-31T03:12:41Z,https://en.wikipedia.org/w/index.php?oldid=876091698,matched_gics
2018-12-31,BA,Boeing Company,Industrials,Capital Goods,Aerospace & Defense,Aerospace & Defense,876091698,2018-12-31T03:12:41Z,https://en.wikipedia.org/w/index.php?oldid=876091698,matched_gics
2018-12-31,BABA,Alibaba Group Holding Limited,,,,,,,,missing_gics
2018-12-31,BAC,Bank of America Corp,Financials,Banks,Banks,Diversified Banks,876091698,2018-12-31T03:12:41Z,https://en.wikipedia.org/w/index.php?oldid=876091698,matched_gics
2018-12-31,BBL,BHP Group,,,,,,,,missing_gics
2018-12-31,BHP,BHP Group,,,,,,,,missing_gics
2018-12-31,BP,BP p.l.c.,,,,,,,,missing_gics
2018-12-31,BRK-A,Berkshire Hathaway Inc.,,,,,,,,missing_gics
2018-12-31,C-PJ,Citigroup Inc.,,,,,,,,missing_gics
2018-12-31,CAT,Caterpillar Inc.,Industrials,Capital Goods,Machinery,Construction Machinery & Heavy Trucks,876091698,2018-12-31T03:12:41Z,https://en.wikipedia.org/w/index.php?oldid=876091698,matched_gics
2018-12-31,CCI,Crown Castle International Corp.,Real Estate,Real Estate,Equity Real Estate Investment Trusts (REITs),Specialized REITs,876091698,2018-12-31T03:12:41Z,https://en.wikipedia.org/w/index.php?oldid=876091698,matched_gics
2018-12-31,CHTR,Charter Communications,Communication Services,Media,Media,Cable & Satellite,876091698,2018-12-31T03:12:41Z,https://en.wikipedia.org/w/index.php?oldid=876091698,matched_gics
2018-12-31,CMCSA,Comcast Corp.,Communication Services,Media,Media,Cable & Satellite,876091698,2018-12-31T03:12:41Z,https://en.wikipedia.org/w/index.php?oldid=876091698,matched_gics
2018-12-31,COP,ConocoPhillips,Energy,Energy,"Oil, Gas & Consumable Fuels",Oil & Gas Exploration & Production,876091698,2018-12-31T03:12:41Z,https://en.wikipedia.org/w/index.php?oldid=876091698,matched_gics
2018-12-31,COST,Costco Wholesale Corp.,Consumer Staples,Food & Staples Retailing,Food & Staples Retailing,Hypermarkets & Super Centers,876091698,2018-12-31T03:12:41Z,https://en.wikipedia.org/w/index.php?oldid=876091698,matched_gics
2018-12-31,CSCO,Cisco Systems,Information Technology,Technology Hardware & Equipment,Communications Equipment,Communications Equipment,876091698,2018-12-31T03:12:41Z,https://en.wikipedia.org/w/index.php?oldid=876091698,matched_gics
2018-12-31,CTA-PB,E. I. du Pont de Nemours and Company,,,,,,,,missing_gics
2018-12-31,CVX,Chevron Corp.,Energy,Energy,"Oil, Gas & Consumable Fuels",Integrated Oil & Gas,876091698,2018-12-31T03:12:41Z,https://en.wikipedia.org/w/index.php?oldid=876091698,matched_gics
2018-12-31,D,Dominion Energy,Utilities,Utilities,Electric Utilities,Electric Utilities,876091698,2018-12-31T03:12:41Z,https://en.wikipedia.org/w/index.php?oldid=876091698,matched_gics
2018-12-31,DE,Deere & Co.,Industrials,Capital Goods,Machinery,Agricultural & Farm Machinery,876091698,2018-12-31T03:12:41Z,https://en.wikipedia.org/w/index.php?oldid=876091698,matched_gics
2018-12-31,DEO,Diageo plc,,,,,,,,missing_gics
2018-12-31,DHR,Danaher Corp.,Health Care,Health Care Equipment & Services,Health Care Equipment & Supplies,Health Care Equipment,876091698,2018-12-31T03:12:41Z,https://en.wikipedia.org/w/index.php?oldid=876091698,matched_gics
2018-12-31,DIS,The Walt Disney Company,Communication Services,Media & Entertainment,Entertainment,Movies & Entertainment,876091698,2018-12-31T03:12:41Z,https://en.wikipedia.org/w/index.php?oldid=876091698,matched_gics
2018-12-31,DLR,Digital Realty Trust Inc,Real Estate,Real Estate,Equity Real Estate Investment Trusts (REITs),Specialized REITs,876091698,2018-12-31T03:12:41Z,https://en.wikipedia.org/w/index.php?oldid=876091698,matched_gics
2018-12-31,DUK,Duke Energy,Utilities,Utilities,Electric Utilities,Electric Utilities,876091698,2018-12-31T03:12:41Z,https://en.wikipedia.org/w/index.php?oldid=876091698,matched_gics
2018-12-31,ECL,Ecolab Inc.,Materials,Materials,Chemicals,Specialty Chemicals,876091698,2018-12-31T03:12:41Z,https://en.wikipedia.org/w/index.php?oldid=876091698,matched_gics
2018-12-31,EL,Estee Lauder Cos.,Consumer Staples,Household & Personal Products,Personal Products,Personal Products,876091698,2018-12-31T03:12:41Z,https://en.wikipedia.org/w/index.php?oldid=876091698,matched_gics
2018-12-31,ENB,Enbridge Inc.,,,,,,,,missing_gics
2018-12-31,EQIX,Equinix,Real Estate,Real Estate,Equity Real Estate Investment Trusts (REITs),Specialized REITs,876091698,2018-12-31T03:12:41Z,https://en.wikipedia.org/w/index.php?oldid=876091698,matched_gics
2018-12-31,EQNR,Equinor ASA,,,,,,,,missing_gics
2018-12-31,EXC,Exelon Corp.,Utilities,Utilities,Multi-Utilities,Multi-Utilities,876091698,2018-12-31T03:12:41Z,https://en.wikipedia.org/w/index.php?oldid=876091698,matched_gics
2018-12-31,FB,"Facebook, Inc.",Communication Services,Media & Entertainment,Interactive Media & Services,Interactive Media & Services,876091698,2018-12-31T03:12:41Z,https://en.wikipedia.org/w/index.php?oldid=876091698,matched_gics
2018-12-31,FCX,Freeport-McMoRan Inc.,Materials,Materials,Metals & Mining,Copper,876091698,2018-12-31T03:12:41Z,https://en.wikipedia.org/w/index.php?oldid=876091698,matched_gics
2018-12-31,GE,General Electric,Industrials,Capital Goods,Industrial Conglomerates,Industrial Conglomerates,876091698,2018-12-31T03:12:41Z,https://en.wikipedia.org/w/index.php?oldid=876091698,matched_gics
2018-12-31,GOOG,Alphabet Inc Class C,Communication Services,Media & Entertainment,Interactive Media & Services,Interactive Media & Services,876091698,2018-12-31T03:12:41Z,https://en.wikipedia.org/w/index.php?oldid=876091698,matched_gics
2018-12-31,HD,Home Depot,Consumer Discretionary,Retailing,Specialty Retail,Home Improvement Retail,876091698,2018-12-31T03:12:41Z,https://en.wikipedia.org/w/index.php?oldid=876091698,matched_gics
2018-12-31,HON,Honeywell Int'l Inc.,Industrials,Capital Goods,Industrial Conglomerates,Industrial Conglomerates,876091698,2018-12-31T03:12:41Z,https://en.wikipedia.org/w/index.php?oldid=876091698,matched_gics
2018-12-31,JD,"JD.com, Inc.",,,,,,,,missing_gics
2018-12-31,JNJ,Johnson & Johnson,Health Care,Health Care Equipment & Services,Health Care Equipment & Supplies,Health Care Equipment,876091698,2018-12-31T03:12:41Z,https://en.wikipedia.org/w/index.php?oldid=876091698,matched_gics
2018-12-31,JPM,JPMorgan Chase & Co.,Financials,Banks,Banks,Diversified Banks,876091698,2018-12-31T03:12:41Z,https://en.wikipedia.org/w/index.php?oldid=876091698,matched_gics
2018-12-31,KO,Coca-Cola Company (The),Consumer Staples,"Food, Beverage & Tobacco",Beverages,Soft Drinks,876091698,2018-12-31T03:12:41Z,https://en.wikipedia.org/w/index.php?oldid=876091698,matched_gics
2018-12-31,LLY,Lilly (Eli) & Co.,Health Care,"Pharmaceuticals, Biotechnology & Life Sciences",Pharmaceuticals,Pharmaceuticals,876091698,2018-12-31T03:12:41Z,https://en.wikipedia.org/w/index.php?oldid=876091698,matched_gics
2018-12-31,LOW,Lowe's Cos.,Consumer Discretionary,Retailing,Specialty Retail,Home Improvement Retail,876091698,2018-12-31T03:12:41Z,https://en.wikipedia.org/w/index.php?oldid=876091698,matched_gics
2018-12-31,MA,Mastercard Inc.,Information Technology,Software & Services,Internet Software & Services,Internet Software & Services,876091698,2018-12-31T03:12:41Z,https://en.wikipedia.org/w/index.php?oldid=876091698,matched_gics
2018-12-31,MCD,McDonald's Corp.,Consumer Discretionary,Consumer Services,"Hotels, Restaurants & Leisure",Restaurants,876091698,2018-12-31T03:12:41Z,https://en.wikipedia.org/w/index.php?oldid=876091698,matched_gics
2018-12-31,MMM,3M Company,Industrials,Capital Goods,Industrial Conglomerates,Industrial Conglomerates,876091698,2018-12-31T03:12:41Z,https://en.wikipedia.org/w/index.php?oldid=876091698,matched_gics
2018-12-31,MS,Morgan Stanley,Financials,Diversified Financials,Capital Markets,Investment Banking & Brokerage,876091698,2018-12-31T03:12:41Z,https://en.wikipedia.org/w/index.php?oldid=876091698,matched_gics
2018-12-31,MSFT,Microsoft Corp.,Information Technology,Software & Services,Software,Systems Software,876091698,2018-12-31T03:12:41Z,https://en.wikipedia.org/w/index.php?oldid=876091698,matched_gics
2018-12-31,NEE,NextEra Energy,Utilities,Utilities,Multi-Utilities,Multi-Utilities,876091698,2018-12-31T03:12:41Z,https://en.wikipedia.org/w/index.php?oldid=876091698,matched_gics
2018-12-31,NEM,Newmont Mining Corporation,Materials,Materials,Metals & Mining,Gold,876091698,2018-12-31T03:12:41Z,https://en.wikipedia.org/w/index.php?oldid=876091698,matched_gics
2018-12-31,NFLX,Netflix Inc.,Communication Services,Media & Entertainment,Entertainment,Movies & Entertainment,876091698,2018-12-31T03:12:41Z,https://en.wikipedia.org/w/index.php?oldid=876091698,matched_gics
2018-12-31,NGG,National Grid plc,,,,,,,,missing_gics
2018-12-31,NKE,Nike,Consumer Discretionary,Consumer Durables & Apparel,"Textiles, Apparel & Luxury Goods","Apparel, Accessories & Luxury Goods",876091698,2018-12-31T03:12:41Z,https://en.wikipedia.org/w/index.php?oldid=876091698,matched_gics
2018-12-31,NVDA,Nvidia Corporation,Information Technology,Semiconductors & Semiconductor Equipment,Semiconductors & Semiconductor Equipment,Semiconductors,876091698,2018-12-31T03:12:41Z,https://en.wikipedia.org/w/index.php?oldid=876091698,matched_gics
2018-12-31,NVO,Novo Nordisk A/S,,,,,,,,missing_gics
2018-12-31,NVS,Novartis AG,,,,,,,,missing_gics
2018-12-31,O,Realty Income Corporation,Real Estate,Real Estate,Equity Real Estate Investment Trusts (REITs),Retail REITs,876091698,2018-12-31T03:12:41Z,https://en.wikipedia.org/w/index.php?oldid=876091698,matched_gics
2018-12-31,ORCL,Oracle Corp.,Information Technology,Software & Services,Software,Application Software,876091698,2018-12-31T03:12:41Z,https://en.wikipedia.org/w/index.php?oldid=876091698,matched_gics
2018-12-31,PEP,PepsiCo Inc.,Consumer Staples,"Food, Beverage & Tobacco",Beverages,Soft Drinks,876091698,2018-12-31T03:12:41Z,https://en.wikipedia.org/w/index.php?oldid=876091698,matched_gics
2018-12-31,PFE,Pfizer Inc.,Health Care,"Pharmaceuticals, Biotechnology & Life Sciences",Pharmaceuticals,Pharmaceuticals,876091698,2018-12-31T03:12:41Z,https://en.wikipedia.org/w/index.php?oldid=876091698,matched_gics
2018-12-31,PG,Procter & Gamble,Consumer Staples,Household & Personal Products,Personal Products,Personal Products,876091698,2018-12-31T03:12:41Z,https://en.wikipedia.org/w/index.php?oldid=876091698,matched_gics
2018-12-31,PLD,Prologis,Real Estate,Real Estate,Equity Real Estate Investment Trusts (REITs),Industrial REITs,876091698,2018-12-31T03:12:41Z,https://en.wikipedia.org/w/index.php?oldid=876091698,matched_gics
2018-12-31,PM,Philip Morris International,Consumer Staples,"Food, Beverage & Tobacco",Tobacco,Tobacco,876091698,2018-12-31T03:12:41Z,https://en.wikipedia.org/w/index.php?oldid=876091698,matched_gics
2018-12-31,PSA,Public Storage,Real Estate,Real Estate,Equity Real Estate Investment Trusts (REITs),Specialized REITs,876091698,2018-12-31T03:12:41Z,https://en.wikipedia.org/w/index.php?oldid=876091698,matched_gics
2018-12-31,PTR,PetroChina Company Limited,,,,,,,,missing_gics
2018-12-31,PYPL,PayPal,Information Technology,Software & Services,IT Services,Data Processing & Outsourced Services,876091698,2018-12-31T03:12:41Z,https://en.wikipedia.org/w/index.php?oldid=876091698,matched_gics
2018-12-31,RDS-B,Royal Dutch Shell plc,,,,,,,,missing_gics
2018-12-31,RIO,Rio Tinto Group,,,,,,,,missing_gics
2018-12-31,RTX,Raytheon Technologies Corporation,,,,,,,,missing_gics
2018-12-31,SBAC,SBA Communications,Real Estate,Real Estate,Equity Real Estate Investment Trusts (REITs),Specialized REITs,876091698,2018-12-31T03:12:41Z,https://en.wikipedia.org/w/index.php?oldid=876091698,matched_gics
2018-12-31,SBUX,Starbucks Corp.,Consumer Discretionary,Consumer Services,"Hotels, Restaurants & Leisure",Restaurants,876091698,2018-12-31T03:12:41Z,https://en.wikipedia.org/w/index.php?oldid=876091698,matched_gics
2018-12-31,SCHW,Charles Schwab Corporation,Financials,Diversified Financials,Capital Markets,Investment Banking & Brokerage,876091698,2018-12-31T03:12:41Z,https://en.wikipedia.org/w/index.php?oldid=876091698,matched_gics
2018-12-31,SHW,Sherwin-Williams,Materials,Materials,Chemicals,Specialty Chemicals,876091698,2018-12-31T03:12:41Z,https://en.wikipedia.org/w/index.php?oldid=876091698,matched_gics
2018-12-31,SNAP,Snap Inc.,,,,,,,,missing_gics
2018-12-31,SNP,China Petroleum & Chemical Corporation,,,,,,,,missing_gics
2018-12-31,SO,Southern Co.,Utilities,Utilities,Electric Utilities,Electric Utilities,876091698,2018-12-31T03:12:41Z,https://en.wikipedia.org/w/index.php?oldid=876091698,matched_gics
2018-12-31,SPG-PJ,"Simon Property Group, Inc.",,,,,,,,missing_gics
2018-12-31,SRE,Sempra Energy,Utilities,Utilities,Multi-Utilities,Multi-Utilities,876091698,2018-12-31T03:12:41Z,https://en.wikipedia.org/w/index.php?oldid=876091698,matched_gics
2018-12-31,T,AT&T Inc.,Communication Services,Telecommunication Services,Diversified Telecommunication Services,Integrated Telecommunication Services,876091698,2018-12-31T03:12:41Z,https://en.wikipedia.org/w/index.php?oldid=876091698,matched_gics
2018-12-31,TGT,Target Corp.,Consumer Discretionary,Retailing,Multiline Retail,General Merchandise Stores,876091698,2018-12-31T03:12:41Z,https://en.wikipedia.org/w/index.php?oldid=876091698,matched_gics
2018-12-31,TM,Toyota Motor Corporation,,,,,,,,missing_gics
2018-12-31,TMO,Thermo Fisher Scientific,Health Care,Health Care Equipment & Services,Health Care Equipment & Supplies,Health Care Equipment,876091698,2018-12-31T03:12:41Z,https://en.wikipedia.org/w/index.php?oldid=876091698,matched_gics
2018-12-31,TMUS,"T-Mobile US, Inc.",,,,,,,,missing_gics
2018-12-31,TSLA,"Tesla, Inc.",,,,,,,,missing_gics
2018-12-31,TSM,Taiwan Semiconductor Manufacturing Company Limited,,,,,,,,missing_gics
2018-12-31,TTE,TotalEnergies SE,,,,,,,,missing_gics
2018-12-31,UL,Unilever PLC,,,,,,,,missing_gics
2018-12-31,UNH,United Health Group Inc.,Health Care,Health Care Equipment & Services,Health Care Providers & Services,Managed Health Care,876091698,2018-12-31T03:12:41Z,https://en.wikipedia.org/w/index.php?oldid=876091698,matched_gics
2018-12-31,UNP,Union Pacific,Industrials,Transportation,Road & Rail,Railroads,876091698,2018-12-31T03:12:41Z,https://en.wikipedia.org/w/index.php?oldid=876091698,matched_gics
2018-12-31,UPS,United Parcel Service,Industrials,Transportation,Air Freight & Logistics,Air Freight & Logistics,876091698,2018-12-31T03:12:41Z,https://en.wikipedia.org/w/index.php?oldid=876091698,matched_gics
2018-12-31,V,Visa Inc.,Information Technology,Software & Services,Internet Software & Services,Internet Software & Services,876091698,2018-12-31T03:12:41Z,https://en.wikipedia.org/w/index.php?oldid=876091698,matched_gics
2018-12-31,VALE,Vale S.A.,,,,,,,,missing_gics
2018-12-31,VZ,Verizon Communications,Communication Services,Telecommunication Services,Diversified Telecommunication Services,Integrated Telecommunication Services,876091698,2018-12-31T03:12:41Z,https://en.wikipedia.org/w/index.php?oldid=876091698,matched_gics
2018-12-31,WELL,Welltower Inc.,Real Estate,Real Estate,Equity Real Estate Investment Trusts (REITs),Health Care REITs,876091698,2018-12-31T03:12:41Z,https://en.wikipedia.org/w/index.php?oldid=876091698,matched_gics
2018-12-31,WFC-PL,Wells Fargo & Company,,,,,,,,missing_gics
2018-12-31,WMT,Walmart,Consumer Staples,Food & Staples Retailing,Food & Staples Retailing,Hypermarkets & Super Centers,876091698,2018-12-31T03:12:41Z,https://en.wikipedia.org/w/index.php?oldid=876091698,matched_gics
2018-12-31,XEL,Xcel Energy Inc,Utilities,Utilities,Multi-Utilities,Multi-Utilities,876091698,2018-12-31T03:12:41Z,https://en.wikipedia.org/w/index.php?oldid=876091698,matched_gics
2018-12-31,XOM,Exxon Mobil Corp.,Energy,Energy,"Oil, Gas & Consumable Fuels",Integrated Oil & Gas,876091698,2018-12-31T03:12:41Z,https://en.wikipedia.org/w/index.php?oldid=876091698,matched_gics
2019-01-31,AAPL,Apple Inc.,Information Technology,Technology Hardware & Equipment,"Technology Hardware, Storage & Peripherals","Technology Hardware, Storage & Peripherals",881155440,2019-01-31T20:10:24Z,https://en.wikipedia.org/w/index.php?oldid=881155440,matched_gics
2019-01-31,ABBV,AbbVie Inc.,Health Care,"Pharmaceuticals, Biotechnology & Life Sciences",Pharmaceuticals,Pharmaceuticals,881155440,2019-01-31T20:10:24Z,https://en.wikipedia.org/w/index.php?oldid=881155440,matched_gics
2019-01-31,ABT,Abbott Laboratories,Health Care,Health Care Equipment & Services,Health Care Equipment & Supplies,Health Care Equipment,881155440,2019-01-31T20:10:24Z,https://en.wikipedia.org/w/index.php?oldid=881155440,matched_gics
2019-01-31,ACN,Accenture plc,Information Technology,Software & Services,IT Services,IT Consulting & Other Services,881155440,2019-01-31T20:10:24Z,https://en.wikipedia.org/w/index.php?oldid=881155440,matched_gics
2019-01-31,ADBE,Adobe Systems Inc,Information Technology,Software & Services,Software,Application Software,881155440,2019-01-31T20:10:24Z,https://en.wikipedia.org/w/index.php?oldid=881155440,matched_gics
2019-01-31,ADP,Automatic Data Processing,Information Technology,Software & Services,Internet Software & Services,Internet Software & Services,881155440,2019-01-31T20:10:24Z,https://en.wikipedia.org/w/index.php?oldid=881155440,matched_gics
2019-01-31,AEP,American Electric Power,Utilities,Utilities,Electric Utilities,Electric Utilities,881155440,2019-01-31T20:10:24Z,https://en.wikipedia.org/w/index.php?oldid=881155440,matched_gics
2019-01-31,AMT,American Tower Corp.,Real Estate,Real Estate,Equity Real Estate Investment Trusts (REITs),Specialized REITs,881155440,2019-01-31T20:10:24Z,https://en.wikipedia.org/w/index.php?oldid=881155440,matched_gics
2019-01-31,AMZN,Amazon.com Inc.,Consumer Discretionary,Retailing,Internet & Direct Marketing Retail,Internet & Direct Marketing Retail,881155440,2019-01-31T20:10:24Z,https://en.wikipedia.org/w/index.php?oldid=881155440,matched_gics
2019-01-31,APD,Air Products & Chemicals Inc,Materials,Materials,Chemicals,Industrial Gases,881155440,2019-01-31T20:10:24Z,https://en.wikipedia.org/w/index.php?oldid=881155440,matched_gics
2019-01-31,ASML,ASML Holding N.V.,,,,,,,,missing_gics
2019-01-31,AVGO,Broadcom,Information Technology,Semiconductors & Semiconductor Equipment,Semiconductors & Semiconductor Equipment,Semiconductors,881155440,2019-01-31T20:10:24Z,https://en.wikipedia.org/w/index.php?oldid=881155440,matched_gics
2019-01-31,AWK,American Water Works Company Inc,Utilities,Utilities,Water Utilities,Water Utilities,881155440,2019-01-31T20:10:24Z,https://en.wikipedia.org/w/index.php?oldid=881155440,matched_gics
2019-01-31,BA,Boeing Company,Industrials,Capital Goods,Aerospace & Defense,Aerospace & Defense,881155440,2019-01-31T20:10:24Z,https://en.wikipedia.org/w/index.php?oldid=881155440,matched_gics
2019-01-31,BABA,Alibaba Group Holding Limited,,,,,,,,missing_gics
2019-01-31,BAC,Bank of America Corp,Financials,Banks,Banks,Diversified Banks,881155440,2019-01-31T20:10:24Z,https://en.wikipedia.org/w/index.php?oldid=881155440,matched_gics
2019-01-31,BBL,BHP Group,,,,,,,,missing_gics
2019-01-31,BHP,BHP Group,,,,,,,,missing_gics
2019-01-31,BP,BP p.l.c.,,,,,,,,missing_gics
2019-01-31,BRK-A,Berkshire Hathaway Inc.,,,,,,,,missing_gics
2019-01-31,C-PJ,Citigroup Inc.,,,,,,,,missing_gics
2019-01-31,CAT,Caterpillar Inc.,Industrials,Capital Goods,Machinery,Construction Machinery & Heavy Trucks,881155440,2019-01-31T20:10:24Z,https://en.wikipedia.org/w/index.php?oldid=881155440,matched_gics
2019-01-31,CCI,Crown Castle International Corp.,Real Estate,Real Estate,Equity Real Estate Investment Trusts (REITs),Specialized REITs,881155440,2019-01-31T20:10:24Z,https://en.wikipedia.org/w/index.php?oldid=881155440,matched_gics
2019-01-31,CHTR,Charter Communications,Communication Services,Media,Media,Cable & Satellite,881155440,2019-01-31T20:10:24Z,https://en.wikipedia.org/w/index.php?oldid=881155440,matched_gics
2019-01-31,CMCSA,Comcast Corp.,Communication Services,Media,Media,Cable & Satellite,881155440,2019-01-31T20:10:24Z,https://en.wikipedia.org/w/index.php?oldid=881155440,matched_gics
2019-01-31,COP,ConocoPhillips,Energy,Energy,"Oil, Gas & Consumable Fuels",Oil & Gas Exploration & Production,881155440,2019-01-31T20:10:24Z,https://en.wikipedia.org/w/index.php?oldid=881155440,matched_gics
2019-01-31,COST,Costco Wholesale Corp.,Consumer Staples,Food & Staples Retailing,Food & Staples Retailing,Hypermarkets & Super Centers,881155440,2019-01-31T20:10:24Z,https://en.wikipedia.org/w/index.php?oldid=881155440,matched_gics
2019-01-31,CSCO,Cisco Systems,Information Technology,Technology Hardware & Equipment,Communications Equipment,Communications Equipment,881155440,2019-01-31T20:10:24Z,https://en.wikipedia.org/w/index.php?oldid=881155440,matched_gics
2019-01-31,CTA-PB,E. I. du Pont de Nemours and Company,,,,,,,,missing_gics
2019-01-31,CVX,Chevron Corp.,Energy,Energy,"Oil, Gas & Consumable Fuels",Integrated Oil & Gas,881155440,2019-01-31T20:10:24Z,https://en.wikipedia.org/w/index.php?oldid=881155440,matched_gics
2019-01-31,D,Dominion Energy,Utilities,Utilities,Electric Utilities,Electric Utilities,881155440,2019-01-31T20:10:24Z,https://en.wikipedia.org/w/index.php?oldid=881155440,matched_gics
2019-01-31,DE,Deere & Co.,Industrials,Capital Goods,Machinery,Agricultural & Farm Machinery,881155440,2019-01-31T20:10:24Z,https://en.wikipedia.org/w/index.php?oldid=881155440,matched_gics
2019-01-31,DEO,Diageo plc,,,,,,,,missing_gics
2019-01-31,DHR,Danaher Corp.,Health Care,Health Care Equipment & Services,Health Care Equipment & Supplies,Health Care Equipment,881155440,2019-01-31T20:10:24Z,https://en.wikipedia.org/w/index.php?oldid=881155440,matched_gics
2019-01-31,DIS,The Walt Disney Company,Communication Services,Media & Entertainment,Entertainment,Movies & Entertainment,881155440,2019-01-31T20:10:24Z,https://en.wikipedia.org/w/index.php?oldid=881155440,matched_gics
2019-01-31,DLR,Digital Realty Trust Inc,Real Estate,Real Estate,Equity Real Estate Investment Trusts (REITs),Specialized REITs,881155440,2019-01-31T20:10:24Z,https://en.wikipedia.org/w/index.php?oldid=881155440,matched_gics
2019-01-31,DUK,Duke Energy,Utilities,Utilities,Electric Utilities,Electric Utilities,881155440,2019-01-31T20:10:24Z,https://en.wikipedia.org/w/index.php?oldid=881155440,matched_gics
2019-01-31,ECL,Ecolab Inc.,Materials,Materials,Chemicals,Specialty Chemicals,881155440,2019-01-31T20:10:24Z,https://en.wikipedia.org/w/index.php?oldid=881155440,matched_gics
2019-01-31,EL,Estee Lauder Cos.,Consumer Staples,Household & Personal Products,Personal Products,Personal Products,881155440,2019-01-31T20:10:24Z,https://en.wikipedia.org/w/index.php?oldid=881155440,matched_gics
2019-01-31,ENB,Enbridge Inc.,,,,,,,,missing_gics
2019-01-31,EQIX,Equinix,Real Estate,Real Estate,Equity Real Estate Investment Trusts (REITs),Specialized REITs,881155440,2019-01-31T20:10:24Z,https://en.wikipedia.org/w/index.php?oldid=881155440,matched_gics
2019-01-31,EQNR,Equinor ASA,,,,,,,,missing_gics
2019-01-31,EXC,Exelon Corp.,Utilities,Utilities,Multi-Utilities,Multi-Utilities,881155440,2019-01-31T20:10:24Z,https://en.wikipedia.org/w/index.php?oldid=881155440,matched_gics
2019-01-31,FB,"Facebook, Inc.",Communication Services,Media & Entertainment,Interactive Media & Services,Interactive Media & Services,881155440,2019-01-31T20:10:24Z,https://en.wikipedia.org/w/index.php?oldid=881155440,matched_gics
2019-01-31,FCX,Freeport-McMoRan Inc.,Materials,Materials,Metals & Mining,Copper,881155440,2019-01-31T20:10:24Z,https://en.wikipedia.org/w/index.php?oldid=881155440,matched_gics
2019-01-31,GE,General Electric,Industrials,Capital Goods,Industrial Conglomerates,Industrial Conglomerates,881155440,2019-01-31T20:10:24Z,https://en.wikipedia.org/w/index.php?oldid=881155440,matched_gics
2019-01-31,GOOG,Alphabet Inc Class C,Communication Services,Media & Entertainment,Interactive Media & Services,Interactive Media & Services,881155440,2019-01-31T20:10:24Z,https://en.wikipedia.org/w/index.php?oldid=881155440,matched_gics
2019-01-31,HD,Home Depot,Consumer Discretionary,Retailing,Specialty Retail,Home Improvement Retail,881155440,2019-01-31T20:10:24Z,https://en.wikipedia.org/w/index.php?oldid=881155440,matched_gics
2019-01-31,HON,Honeywell Int'l Inc.,Industrials,Capital Goods,Industrial Conglomerates,Industrial Conglomerates,881155440,2019-01-31T20:10:24Z,https://en.wikipedia.org/w/index.php?oldid=881155440,matched_gics
2019-01-31,JD,"JD.com, Inc.",,,,,,,,missing_gics
2019-01-31,JNJ,Johnson & Johnson,Health Care,Health Care Equipment & Services,Health Care Equipment & Supplies,Health Care Equipment,881155440,2019-01-31T20:10:24Z,https://en.wikipedia.org/w/index.php?oldid=881155440,matched_gics
2019-01-31,JPM,JPMorgan Chase & Co.,Financials,Banks,Banks,Diversified Banks,881155440,2019-01-31T20:10:24Z,https://en.wikipedia.org/w/index.php?oldid=881155440,matched_gics
2019-01-31,KO,Coca-Cola Company (The),Consumer Staples,"Food, Beverage & Tobacco",Beverages,Soft Drinks,881155440,2019-01-31T20:10:24Z,https://en.wikipedia.org/w/index.php?oldid=881155440,matched_gics
2019-01-31,LLY,Lilly (Eli) & Co.,Health Care,"Pharmaceuticals, Biotechnology & Life Sciences",Pharmaceuticals,Pharmaceuticals,881155440,2019-01-31T20:10:24Z,https://en.wikipedia.org/w/index.php?oldid=881155440,matched_gics
2019-01-31,LOW,Lowe's Cos.,Consumer Discretionary,Retailing,Specialty Retail,Home Improvement Retail,881155440,2019-01-31T20:10:24Z,https://en.wikipedia.org/w/index.php?oldid=881155440,matched_gics
2019-01-31,MA,Mastercard Inc.,Information Technology,Software & Services,Internet Software & Services,Internet Software & Services,881155440,2019-01-31T20:10:24Z,https://en.wikipedia.org/w/index.php?oldid=881155440,matched_gics
2019-01-31,MCD,McDonald's Corp.,Consumer Discretionary,Consumer Services,"Hotels, Restaurants & Leisure",Restaurants,881155440,2019-01-31T20:10:24Z,https://en.wikipedia.org/w/index.php?oldid=881155440,matched_gics
2019-01-31,MMM,3M Company,Industrials,Capital Goods,Industrial Conglomerates,Industrial Conglomerates,881155440,2019-01-31T20:10:24Z,https://en.wikipedia.org/w/index.php?oldid=881155440,matched_gics
2019-01-31,MS,Morgan Stanley,Financials,Diversified Financials,Capital Markets,Investment Banking & Brokerage,881155440,2019-01-31T20:10:24Z,https://en.wikipedia.org/w/index.php?oldid=881155440,matched_gics
2019-01-31,MSFT,Microsoft Corp.,Information Technology,Software & Services,Software,Systems Software,881155440,2019-01-31T20:10:24Z,https://en.wikipedia.org/w/index.php?oldid=881155440,matched_gics
2019-01-31,NEE,NextEra Energy,Utilities,Utilities,Multi-Utilities,Multi-Utilities,881155440,2019-01-31T20:10:24Z,https://en.wikipedia.org/w/index.php?oldid=881155440,matched_gics
2019-01-31,NEM,Newmont Mining Corporation,Materials,Materials,Metals & Mining,Gold,881155440,2019-01-31T20:10:24Z,https://en.wikipedia.org/w/index.php?oldid=881155440,matched_gics
2019-01-31,NFLX,Netflix Inc.,Communication Services,Media & Entertainment,Entertainment,Movies & Entertainment,881155440,2019-01-31T20:10:24Z,https://en.wikipedia.org/w/index.php?oldid=881155440,matched_gics
2019-01-31,NGG,National Grid plc,,,,,,,,missing_gics
2019-01-31,NKE,Nike,Consumer Discretionary,Consumer Durables & Apparel,"Textiles, Apparel & Luxury Goods","Apparel, Accessories & Luxury Goods",881155440,2019-01-31T20:10:24Z,https://en.wikipedia.org/w/index.php?oldid=881155440,matched_gics
2019-01-31,NVDA,Nvidia Corporation,Information Technology,Semiconductors & Semiconductor Equipment,Semiconductors & Semiconductor Equipment,Semiconductors,881155440,2019-01-31T20:10:24Z,https://en.wikipedia.org/w/index.php?oldid=881155440,matched_gics
2019-01-31,NVO,Novo Nordisk A/S,,,,,,,,missing_gics
2019-01-31,NVS,Novartis AG,,,,,,,,missing_gics
2019-01-31,O,Realty Income Corporation,Real Estate,Real Estate,Equity Real Estate Investment Trusts (REITs),Retail REITs,881155440,2019-01-31T20:10:24Z,https://en.wikipedia.org/w/index.php?oldid=881155440,matched_gics
2019-01-31,ORCL,Oracle Corp.,Information Technology,Software & Services,Software,Application Software,881155440,2019-01-31T20:10:24Z,https://en.wikipedia.org/w/index.php?oldid=881155440,matched_gics
2019-01-31,PEP,PepsiCo Inc.,Consumer Staples,"Food, Beverage & Tobacco",Beverages,Soft Drinks,881155440,2019-01-31T20:10:24Z,https://en.wikipedia.org/w/index.php?oldid=881155440,matched_gics
2019-01-31,PFE,Pfizer Inc.,Health Care,"Pharmaceuticals, Biotechnology & Life Sciences",Pharmaceuticals,Pharmaceuticals,881155440,2019-01-31T20:10:24Z,https://en.wikipedia.org/w/index.php?oldid=881155440,matched_gics
2019-01-31,PG,Procter & Gamble,Consumer Staples,Household & Personal Products,Personal Products,Personal Products,881155440,2019-01-31T20:10:24Z,https://en.wikipedia.org/w/index.php?oldid=881155440,matched_gics
2019-01-31,PLD,Prologis,Real Estate,Real Estate,Equity Real Estate Investment Trusts (REITs),Industrial REITs,881155440,2019-01-31T20:10:24Z,https://en.wikipedia.org/w/index.php?oldid=881155440,matched_gics
2019-01-31,PM,Philip Morris International,Consumer Staples,"Food, Beverage & Tobacco",Tobacco,Tobacco,881155440,2019-01-31T20:10:24Z,https://en.wikipedia.org/w/index.php?oldid=881155440,matched_gics
2019-01-31,PSA,Public Storage,Real Estate,Real Estate,Equity Real Estate Investment Trusts (REITs),Specialized REITs,881155440,2019-01-31T20:10:24Z,https://en.wikipedia.org/w/index.php?oldid=881155440,matched_gics
2019-01-31,PTR,PetroChina Company Limited,,,,,,,,missing_gics
2019-01-31,PYPL,PayPal,Information Technology,Software & Services,IT Services,Data Processing & Outsourced Services,881155440,2019-01-31T20:10:24Z,https://en.wikipedia.org/w/index.php?oldid=881155440,matched_gics
2019-01-31,RDS-B,Royal Dutch Shell plc,,,,,,,,missing_gics
2019-01-31,RIO,Rio Tinto Group,,,,,,,,missing_gics
2019-01-31,RTX,Raytheon Technologies Corporation,,,,,,,,missing_gics
2019-01-31,SBAC,SBA Communications,Real Estate,Real Estate,Equity Real Estate Investment Trusts (REITs),Specialized REITs,881155440,2019-01-31T20:10:24Z,https://en.wikipedia.org/w/index.php?oldid=881155440,matched_gics
2019-01-31,SBUX,Starbucks Corp.,Consumer Discretionary,Consumer Services,"Hotels, Restaurants & Leisure",Restaurants,881155440,2019-01-31T20:10:24Z,https://en.wikipedia.org/w/index.php?oldid=881155440,matched_gics
2019-01-31,SCHW,Charles Schwab Corporation,Financials,Diversified Financials,Capital Markets,Investment Banking & Brokerage,881155440,2019-01-31T20:10:24Z,https://en.wikipedia.org/w/index.php?oldid=881155440,matched_gics
2019-01-31,SHW,Sherwin-Williams,Materials,Materials,Chemicals,Specialty Chemicals,881155440,2019-01-31T20:10:24Z,https://en.wikipedia.org/w/index.php?oldid=881155440,matched_gics
2019-01-31,SNAP,Snap Inc.,,,,,,,,missing_gics
2019-01-31,SNP,China Petroleum & Chemical Corporation,,,,,,,,missing_gics
2019-01-31,SO,Southern Co.,Utilities,Utilities,Electric Utilities,Electric Utilities,881155440,2019-01-31T20:10:24Z,https://en.wikipedia.org/w/index.php?oldid=881155440,matched_gics
2019-01-31,SPG-PJ,"Simon Property Group, Inc.",,,,,,,,missing_gics
2019-01-31,SRE,Sempra Energy,Utilities,Utilities,Multi-Utilities,Multi-Utilities,881155440,2019-01-31T20:10:24Z,https://en.wikipedia.org/w/index.php?oldid=881155440,matched_gics
2019-01-31,T,AT&T Inc.,Communication Services,Telecommunication Services,Diversified Telecommunication Services,Integrated Telecommunication Services,881155440,2019-01-31T20:10:24Z,https://en.wikipedia.org/w/index.php?oldid=881155440,matched_gics
2019-01-31,TGT,Target Corp.,Consumer Discretionary,Retailing,Multiline Retail,General Merchandise Stores,881155440,2019-01-31T20:10:24Z,https://en.wikipedia.org/w/index.php?oldid=881155440,matched_gics
2019-01-31,TM,Toyota Motor Corporation,,,,,,,,missing_gics
2019-01-31,TMO,Thermo Fisher Scientific,Health Care,Health Care Equipment & Services,Health Care Equipment & Supplies,Health Care Equipment,881155440,2019-01-31T20:10:24Z,https://en.wikipedia.org/w/index.php?oldid=881155440,matched_gics
2019-01-31,TMUS,"T-Mobile US, Inc.",,,,,,,,missing_gics
2019-01-31,TSLA,"Tesla, Inc.",,,,,,,,missing_gics
2019-01-31,TSM,Taiwan Semiconductor Manufacturing Company Limited,,,,,,,,missing_gics
2019-01-31,TTE,TotalEnergies SE,,,,,,,,missing_gics
2019-01-31,UL,Unilever PLC,,,,,,,,missing_gics
2019-01-31,UNH,United Health Group Inc.,Health Care,Health Care Equipment & Services,Health Care Providers & Services,Managed Health Care,881155440,2019-01-31T20:10:24Z,https://en.wikipedia.org/w/index.php?oldid=881155440,matched_gics
2019-01-31,UNP,Union Pacific,Industrials,Transportation,Road & Rail,Railroads,881155440,2019-01-31T20:10:24Z,https://en.wikipedia.org/w/index.php?oldid=881155440,matched_gics
2019-01-31,UPS,United Parcel Service,Industrials,Transportation,Air Freight & Logistics,Air Freight & Logistics,881155440,2019-01-31T20:10:24Z,https://en.wikipedia.org/w/index.php?oldid=881155440,matched_gics
2019-01-31,V,Visa Inc.,Information Technology,Software & Services,Internet Software & Services,Internet Software & Services,881155440,2019-01-31T20:10:24Z,https://en.wikipedia.org/w/index.php?oldid=881155440,matched_gics
2019-01-31,VALE,Vale S.A.,,,,,,,,missing_gics
2019-01-31,VZ,Verizon Communications,Communication Services,Telecommunication Services,Diversified Telecommunication Services,Integrated Telecommunication Services,881155440,2019-01-31T20:10:24Z,https://en.wikipedia.org/w/index.php?oldid=881155440,matched_gics
2019-01-31,WELL,Welltower Inc.,Real Estate,Real Estate,Equity Real Estate Investment Trusts (REITs),Health Care REITs,881155440,2019-01-31T20:10:24Z,https://en.wikipedia.org/w/index.php?oldid=881155440,matched_gics
2019-01-31,WFC-PL,Wells Fargo & Company,,,,,,,,missing_gics
2019-01-31,WMT,Walmart,Consumer Staples,Food & Staples Retailing,Food & Staples Retailing,Hypermarkets & Super Centers,881155440,2019-01-31T20:10:24Z,https://en.wikipedia.org/w/index.php?oldid=881155440,matched_gics
2019-01-31,XEL,Xcel Energy Inc,Utilities,Utilities,Multi-Utilities,Multi-Utilities,881155440,2019-01-31T20:10:24Z,https://en.wikipedia.org/w/index.php?oldid=881155440,matched_gics
2019-01-31,XOM,Exxon Mobil Corp.,Energy,Energy,"Oil, Gas & Consumable Fuels",Integrated Oil & Gas,881155440,2019-01-31T20:10:24Z,https://en.wikipedia.org/w/index.php?oldid=881155440,matched_gics
2019-02-28,AAPL,Apple Inc.,Information Technology,Technology Hardware & Equipment,"Technology Hardware, Storage & Peripherals","Technology Hardware, Storage & Peripherals",885359982,2019-02-27T15:09:47Z,https://en.wikipedia.org/w/index.php?oldid=885359982,matched_gics
2019-02-28,ABBV,AbbVie Inc.,Health Care,"Pharmaceuticals, Biotechnology & Life Sciences",Pharmaceuticals,Pharmaceuticals,885359982,2019-02-27T15:09:47Z,https://en.wikipedia.org/w/index.php?oldid=885359982,matched_gics
2019-02-28,ABT,Abbott Laboratories,Health Care,Health Care Equipment & Services,Health Care Equipment & Supplies,Health Care Equipment,885359982,2019-02-27T15:09:47Z,https://en.wikipedia.org/w/index.php?oldid=885359982,matched_gics
2019-02-28,ACN,Accenture plc,Information Technology,Software & Services,IT Services,IT Consulting & Other Services,885359982,2019-02-27T15:09:47Z,https://en.wikipedia.org/w/index.php?oldid=885359982,matched_gics
2019-02-28,ADBE,Adobe Systems Inc,Information Technology,Software & Services,Software,Application Software,885359982,2019-02-27T15:09:47Z,https://en.wikipedia.org/w/index.php?oldid=885359982,matched_gics
2019-02-28,ADP,Automatic Data Processing,Information Technology,Software & Services,Internet Software & Services,Internet Software & Services,885359982,2019-02-27T15:09:47Z,https://en.wikipedia.org/w/index.php?oldid=885359982,matched_gics
2019-02-28,AEP,American Electric Power,Utilities,Utilities,Electric Utilities,Electric Utilities,885359982,2019-02-27T15:09:47Z,https://en.wikipedia.org/w/index.php?oldid=885359982,matched_gics
2019-02-28,AMT,American Tower Corp.,Real Estate,Real Estate,Equity Real Estate Investment Trusts (REITs),Specialized REITs,885359982,2019-02-27T15:09:47Z,https://en.wikipedia.org/w/index.php?oldid=885359982,matched_gics
2019-02-28,AMZN,Amazon.com Inc.,Consumer Discretionary,Retailing,Internet & Direct Marketing Retail,Internet & Direct Marketing Retail,885359982,2019-02-27T15:09:47Z,https://en.wikipedia.org/w/index.php?oldid=885359982,matched_gics
2019-02-28,APD,Air Products & Chemicals Inc,Materials,Materials,Chemicals,Industrial Gases,885359982,2019-02-27T15:09:47Z,https://en.wikipedia.org/w/index.php?oldid=885359982,matched_gics
2019-02-28,ASML,ASML Holding N.V.,,,,,,,,missing_gics
2019-02-28,AVGO,Broadcom,Information Technology,Semiconductors & Semiconductor Equipment,Semiconductors & Semiconductor Equipment,Semiconductors,885359982,2019-02-27T15:09:47Z,https://en.wikipedia.org/w/index.php?oldid=885359982,matched_gics
2019-02-28,AWK,American Water Works Company Inc,Utilities,Utilities,Water Utilities,Water Utilities,885359982,2019-02-27T15:09:47Z,https://en.wikipedia.org/w/index.php?oldid=885359982,matched_gics
2019-02-28,BA,Boeing Company,Industrials,Capital Goods,Aerospace & Defense,Aerospace & Defense,885359982,2019-02-27T15:09:47Z,https://en.wikipedia.org/w/index.php?oldid=885359982,matched_gics
2019-02-28,BABA,Alibaba Group Holding Limited,,,,,,,,missing_gics
2019-02-28,BAC,Bank of America Corp,Financials,Banks,Banks,Diversified Banks,885359982,2019-02-27T15:09:47Z,https://en.wikipedia.org/w/index.php?oldid=885359982,matched_gics
2019-02-28,BBL,BHP Group,,,,,,,,missing_gics
2019-02-28,BHP,BHP Group,,,,,,,,missing_gics
2019-02-28,BP,BP p.l.c.,,,,,,,,missing_gics
2019-02-28,BRK-A,Berkshire Hathaway Inc.,,,,,,,,missing_gics
2019-02-28,C-PJ,Citigroup Inc.,,,,,,,,missing_gics
2019-02-28,CAT,Caterpillar Inc.,Industrials,Capital Goods,Machinery,Construction Machinery & Heavy Trucks,885359982,2019-02-27T15:09:47Z,https://en.wikipedia.org/w/index.php?oldid=885359982,matched_gics
2019-02-28,CCI,Crown Castle International Corp.,Real Estate,Real Estate,Equity Real Estate Investment Trusts (REITs),Specialized REITs,885359982,2019-02-27T15:09:47Z,https://en.wikipedia.org/w/index.php?oldid=885359982,matched_gics
2019-02-28,CHTR,Charter Communications,Communication Services,Media,Media,Cable & Satellite,885359982,2019-02-27T15:09:47Z,https://en.wikipedia.org/w/index.php?oldid=885359982,matched_gics
2019-02-28,CMCSA,Comcast Corp.,Communication Services,Media,Media,Cable & Satellite,885359982,2019-02-27T15:09:47Z,https://en.wikipedia.org/w/index.php?oldid=885359982,matched_gics
2019-02-28,COP,ConocoPhillips,Energy,Energy,"Oil, Gas & Consumable Fuels",Oil & Gas Exploration & Production,885359982,2019-02-27T15:09:47Z,https://en.wikipedia.org/w/index.php?oldid=885359982,matched_gics
2019-02-28,COST,Costco Wholesale Corp.,Consumer Staples,Food & Staples Retailing,Food & Staples Retailing,Hypermarkets & Super Centers,885359982,2019-02-27T15:09:47Z,https://en.wikipedia.org/w/index.php?oldid=885359982,matched_gics
2019-02-28,CSCO,Cisco Systems,Information Technology,Technology Hardware & Equipment,Communications Equipment,Communications Equipment,885359982,2019-02-27T15:09:47Z,https://en.wikipedia.org/w/index.php?oldid=885359982,matched_gics
2019-02-28,CTA-PB,E. I. du Pont de Nemours and Company,,,,,,,,missing_gics
2019-02-28,CVX,Chevron Corp.,Energy,Energy,"Oil, Gas & Consumable Fuels",Integrated Oil & Gas,885359982,2019-02-27T15:09:47Z,https://en.wikipedia.org/w/index.php?oldid=885359982,matched_gics
2019-02-28,D,Dominion Energy,Utilities,Utilities,Electric Utilities,Electric Utilities,885359982,2019-02-27T15:09:47Z,https://en.wikipedia.org/w/index.php?oldid=885359982,matched_gics
2019-02-28,DE,Deere & Co.,Industrials,Capital Goods,Machinery,Agricultural & Farm Machinery,885359982,2019-02-27T15:09:47Z,https://en.wikipedia.org/w/index.php?oldid=885359982,matched_gics
2019-02-28,DEO,Diageo plc,,,,,,,,missing_gics
2019-02-28,DHR,Danaher Corp.,Health Care,Health Care Equipment & Services,Health Care Equipment & Supplies,Health Care Equipment,885359982,2019-02-27T15:09:47Z,https://en.wikipedia.org/w/index.php?oldid=885359982,matched_gics
2019-02-28,DIS,The Walt Disney Company,Communication Services,Media & Entertainment,Entertainment,Movies & Entertainment,885359982,2019-02-27T15:09:47Z,https://en.wikipedia.org/w/index.php?oldid=885359982,matched_gics
2019-02-28,DLR,Digital Realty Trust Inc,Real Estate,Real Estate,Equity Real Estate Investment Trusts (REITs),Specialized REITs,885359982,2019-02-27T15:09:47Z,https://en.wikipedia.org/w/index.php?oldid=885359982,matched_gics
2019-02-28,DUK,Duke Energy,Utilities,Utilities,Electric Utilities,Electric Utilities,885359982,2019-02-27T15:09:47Z,https://en.wikipedia.org/w/index.php?oldid=885359982,matched_gics
2019-02-28,ECL,Ecolab Inc.,Materials,Materials,Chemicals,Specialty Chemicals,885359982,2019-02-27T15:09:47Z,https://en.wikipedia.org/w/index.php?oldid=885359982,matched_gics
2019-02-28,EL,Estee Lauder Cos.,Consumer Staples,Household & Personal Products,Personal Products,Personal Products,885359982,2019-02-27T15:09:47Z,https://en.wikipedia.org/w/index.php?oldid=885359982,matched_gics
2019-02-28,ENB,Enbridge Inc.,,,,,,,,missing_gics
2019-02-28,EQIX,Equinix,Real Estate,Real Estate,Equity Real Estate Investment Trusts (REITs),Specialized REITs,885359982,2019-02-27T15:09:47Z,https://en.wikipedia.org/w/index.php?oldid=885359982,matched_gics
2019-02-28,EQNR,Equinor ASA,,,,,,,,missing_gics
2019-02-28,EXC,Exelon Corp.,Utilities,Utilities,Multi-Utilities,Multi-Utilities,885359982,2019-02-27T15:09:47Z,https://en.wikipedia.org/w/index.php?oldid=885359982,matched_gics
2019-02-28,FB,"Facebook, Inc.",Communication Services,Media & Entertainment,Interactive Media & Services,Interactive Media & Services,885359982,2019-02-27T15:09:47Z,https://en.wikipedia.org/w/index.php?oldid=885359982,matched_gics
2019-02-28,FCX,Freeport-McMoRan Inc.,Materials,Materials,Metals & Mining,Copper,885359982,2019-02-27T15:09:47Z,https://en.wikipedia.org/w/index.php?oldid=885359982,matched_gics
2019-02-28,GE,General Electric,Industrials,Capital Goods,Industrial Conglomerates,Industrial Conglomerates,885359982,2019-02-27T15:09:47Z,https://en.wikipedia.org/w/index.php?oldid=885359982,matched_gics
2019-02-28,GOOG,Alphabet Inc Class C,Communication Services,Media & Entertainment,Interactive Media & Services,Interactive Media & Services,885359982,2019-02-27T15:09:47Z,https://en.wikipedia.org/w/index.php?oldid=885359982,matched_gics
2019-02-28,HD,Home Depot,Consumer Discretionary,Retailing,Specialty Retail,Home Improvement Retail,885359982,2019-02-27T15:09:47Z,https://en.wikipedia.org/w/index.php?oldid=885359982,matched_gics
2019-02-28,HON,Honeywell Int'l Inc.,Industrials,Capital Goods,Industrial Conglomerates,Industrial Conglomerates,885359982,2019-02-27T15:09:47Z,https://en.wikipedia.org/w/index.php?oldid=885359982,matched_gics
2019-02-28,JD,"JD.com, Inc.",,,,,,,,missing_gics
2019-02-28,JNJ,Johnson & Johnson,Health Care,"Pharmaceuticals, Biotechnology & Life Sciences",Pharmaceuticals,Pharmaceuticals,885359982,2019-02-27T15:09:47Z,https://en.wikipedia.org/w/index.php?oldid=885359982,matched_gics
2019-02-28,JPM,JPMorgan Chase & Co.,Financials,Banks,Banks,Diversified Banks,885359982,2019-02-27T15:09:47Z,https://en.wikipedia.org/w/index.php?oldid=885359982,matched_gics
2019-02-28,KO,Coca-Cola Company,Consumer Staples,"Food, Beverage & Tobacco",Beverages,Soft Drinks,885359982,2019-02-27T15:09:47Z,https://en.wikipedia.org/w/index.php?oldid=885359982,matched_gics
2019-02-28,LLY,Lilly (Eli) & Co.,Health Care,"Pharmaceuticals, Biotechnology & Life Sciences",Pharmaceuticals,Pharmaceuticals,885359982,2019-02-27T15:09:47Z,https://en.wikipedia.org/w/index.php?oldid=885359982,matched_gics
2019-02-28,LOW,Lowe's Cos.,Consumer Discretionary,Retailing,Specialty Retail,Home Improvement Retail,885359982,2019-02-27T15:09:47Z,https://en.wikipedia.org/w/index.php?oldid=885359982,matched_gics
2019-02-28,MA,Mastercard Inc.,Information Technology,Software & Services,Internet Software & Services,Internet Software & Services,885359982,2019-02-27T15:09:47Z,https://en.wikipedia.org/w/index.php?oldid=885359982,matched_gics
2019-02-28,MCD,McDonald's Corp.,Consumer Discretionary,Consumer Services,"Hotels, Restaurants & Leisure",Restaurants,885359982,2019-02-27T15:09:47Z,https://en.wikipedia.org/w/index.php?oldid=885359982,matched_gics
2019-02-28,MMM,3M Company,Industrials,Capital Goods,Industrial Conglomerates,Industrial Conglomerates,885359982,2019-02-27T15:09:47Z,https://en.wikipedia.org/w/index.php?oldid=885359982,matched_gics
2019-02-28,MS,Morgan Stanley,Financials,Diversified Financials,Capital Markets,Investment Banking & Brokerage,885359982,2019-02-27T15:09:47Z,https://en.wikipedia.org/w/index.php?oldid=885359982,matched_gics
2019-02-28,MSFT,Microsoft Corp.,Information Technology,Software & Services,Software,Systems Software,885359982,2019-02-27T15:09:47Z,https://en.wikipedia.org/w/index.php?oldid=885359982,matched_gics
2019-02-28,NEE,NextEra Energy,Utilities,Utilities,Multi-Utilities,Multi-Utilities,885359982,2019-02-27T15:09:47Z,https://en.wikipedia.org/w/index.php?oldid=885359982,matched_gics
2019-02-28,NEM,Newmont Mining Corporation,Materials,Materials,Metals & Mining,Gold,885359982,2019-02-27T15:09:47Z,https://en.wikipedia.org/w/index.php?oldid=885359982,matched_gics
2019-02-28,NFLX,Netflix Inc.,Communication Services,Media & Entertainment,Entertainment,Movies & Entertainment,885359982,2019-02-27T15:09:47Z,https://en.wikipedia.org/w/index.php?oldid=885359982,matched_gics
2019-02-28,NGG,National Grid plc,,,,,,,,missing_gics
2019-02-28,NKE,Nike,Consumer Discretionary,Consumer Durables & Apparel,"Textiles, Apparel & Luxury Goods","Apparel, Accessories & Luxury Goods",885359982,2019-02-27T15:09:47Z,https://en.wikipedia.org/w/index.php?oldid=885359982,matched_gics
2019-02-28,NVDA,Nvidia Corporation,Information Technology,Semiconductors & Semiconductor Equipment,Semiconductors & Semiconductor Equipment,Semiconductors,885359982,2019-02-27T15:09:47Z,https://en.wikipedia.org/w/index.php?oldid=885359982,matched_gics
2019-02-28,NVO,Novo Nordisk A/S,,,,,,,,missing_gics
2019-02-28,NVS,Novartis AG,,,,,,,,missing_gics
2019-02-28,O,Realty Income Corporation,Real Estate,Real Estate,Equity Real Estate Investment Trusts (REITs),Retail REITs,885359982,2019-02-27T15:09:47Z,https://en.wikipedia.org/w/index.php?oldid=885359982,matched_gics
2019-02-28,ORCL,Oracle Corp.,Information Technology,Software & Services,Software,Application Software,885359982,2019-02-27T15:09:47Z,https://en.wikipedia.org/w/index.php?oldid=885359982,matched_gics
2019-02-28,PEP,PepsiCo Inc.,Consumer Staples,"Food, Beverage & Tobacco",Beverages,Soft Drinks,885359982,2019-02-27T15:09:47Z,https://en.wikipedia.org/w/index.php?oldid=885359982,matched_gics
2019-02-28,PFE,Pfizer Inc.,Health Care,"Pharmaceuticals, Biotechnology & Life Sciences",Pharmaceuticals,Pharmaceuticals,885359982,2019-02-27T15:09:47Z,https://en.wikipedia.org/w/index.php?oldid=885359982,matched_gics
2019-02-28,PG,Procter & Gamble,Consumer Staples,Household & Personal Products,Personal Products,Personal Products,885359982,2019-02-27T15:09:47Z,https://en.wikipedia.org/w/index.php?oldid=885359982,matched_gics
2019-02-28,PLD,Prologis,Real Estate,Real Estate,Equity Real Estate Investment Trusts (REITs),Industrial REITs,885359982,2019-02-27T15:09:47Z,https://en.wikipedia.org/w/index.php?oldid=885359982,matched_gics
2019-02-28,PM,Philip Morris International,Consumer Staples,"Food, Beverage & Tobacco",Tobacco,Tobacco,885359982,2019-02-27T15:09:47Z,https://en.wikipedia.org/w/index.php?oldid=885359982,matched_gics
2019-02-28,PSA,Public Storage,Real Estate,Real Estate,Equity Real Estate Investment Trusts (REITs),Specialized REITs,885359982,2019-02-27T15:09:47Z,https://en.wikipedia.org/w/index.php?oldid=885359982,matched_gics
2019-02-28,PTR,PetroChina Company Limited,,,,,,,,missing_gics
2019-02-28,PYPL,PayPal,Information Technology,Software & Services,IT Services,Data Processing & Outsourced Services,885359982,2019-02-27T15:09:47Z,https://en.wikipedia.org/w/index.php?oldid=885359982,matched_gics
2019-02-28,RDS-B,Royal Dutch Shell plc,,,,,,,,missing_gics
2019-02-28,RIO,Rio Tinto Group,,,,,,,,missing_gics
2019-02-28,RTX,Raytheon Technologies Corporation,,,,,,,,missing_gics
2019-02-28,SBAC,SBA Communications,Real Estate,Real Estate,Equity Real Estate Investment Trusts (REITs),Specialized REITs,885359982,2019-02-27T15:09:47Z,https://en.wikipedia.org/w/index.php?oldid=885359982,matched_gics
2019-02-28,SBUX,Starbucks Corp.,Consumer Discretionary,Consumer Services,"Hotels, Restaurants & Leisure",Restaurants,885359982,2019-02-27T15:09:47Z,https://en.wikipedia.org/w/index.php?oldid=885359982,matched_gics
2019-02-28,SCHW,Charles Schwab Corporation,Financials,Diversified Financials,Capital Markets,Investment Banking & Brokerage,885359982,2019-02-27T15:09:47Z,https://en.wikipedia.org/w/index.php?oldid=885359982,matched_gics
2019-02-28,SHW,Sherwin-Williams,Materials,Materials,Chemicals,Specialty Chemicals,885359982,2019-02-27T15:09:47Z,https://en.wikipedia.org/w/index.php?oldid=885359982,matched_gics
2019-02-28,SNAP,Snap Inc.,,,,,,,,missing_gics
2019-02-28,SNP,China Petroleum & Chemical Corporation,,,,,,,,missing_gics
2019-02-28,SO,Southern Co.,Utilities,Utilities,Electric Utilities,Electric Utilities,885359982,2019-02-27T15:09:47Z,https://en.wikipedia.org/w/index.php?oldid=885359982,matched_gics
2019-02-28,SPG-PJ,"Simon Property Group, Inc.",,,,,,,,missing_gics
2019-02-28,SRE,Sempra Energy,Utilities,Utilities,Multi-Utilities,Multi-Utilities,885359982,2019-02-27T15:09:47Z,https://en.wikipedia.org/w/index.php?oldid=885359982,matched_gics
2019-02-28,T,AT&T Inc.,Communication Services,Telecommunication Services,Diversified Telecommunication Services,Integrated Telecommunication Services,885359982,2019-02-27T15:09:47Z,https://en.wikipedia.org/w/index.php?oldid=885359982,matched_gics
2019-02-28,TGT,Target Corp.,Consumer Discretionary,Retailing,Multiline Retail,General Merchandise Stores,885359982,2019-02-27T15:09:47Z,https://en.wikipedia.org/w/index.php?oldid=885359982,matched_gics
2019-02-28,TM,Toyota Motor Corporation,,,,,,,,missing_gics
2019-02-28,TMO,Thermo Fisher Scientific,Health Care,Health Care Equipment & Services,Health Care Equipment & Supplies,Health Care Equipment,885359982,2019-02-27T15:09:47Z,https://en.wikipedia.org/w/index.php?oldid=885359982,matched_gics
2019-02-28,TMUS,"T-Mobile US, Inc.",,,,,,,,missing_gics
2019-02-28,TSLA,"Tesla, Inc.",,,,,,,,missing_gics
2019-02-28,TSM,Taiwan Semiconductor Manufacturing Company Limited,,,,,,,,missing_gics
2019-02-28,TTE,TotalEnergies SE,,,,,,,,missing_gics
2019-02-28,UL,Unilever PLC,,,,,,,,missing_gics
2019-02-28,UNH,United Health Group Inc.,Health Care,Health Care Equipment & Services,Health Care Providers & Services,Managed Health Care,885359982,2019-02-27T15:09:47Z,https://en.wikipedia.org/w/index.php?oldid=885359982,matched_gics
2019-02-28,UNP,Union Pacific,Industrials,Transportation,Road & Rail,Railroads,885359982,2019-02-27T15:09:47Z,https://en.wikipedia.org/w/index.php?oldid=885359982,matched_gics
2019-02-28,UPS,United Parcel Service,Industrials,Transportation,Air Freight & Logistics,Air Freight & Logistics,885359982,2019-02-27T15:09:47Z,https://en.wikipedia.org/w/index.php?oldid=885359982,matched_gics
2019-02-28,V,Visa Inc.,Information Technology,Software & Services,Internet Software & Services,Internet Software & Services,885359982,2019-02-27T15:09:47Z,https://en.wikipedia.org/w/index.php?oldid=885359982,matched_gics
2019-02-28,VALE,Vale S.A.,,,,,,,,missing_gics
2019-02-28,VZ,Verizon Communications,Communication Services,Telecommunication Services,Diversified Telecommunication Services,Integrated Telecommunication Services,885359982,2019-02-27T15:09:47Z,https://en.wikipedia.org/w/index.php?oldid=885359982,matched_gics
2019-02-28,WELL,Welltower Inc.,Real Estate,Real Estate,Equity Real Estate Investment Trusts (REITs),Health Care REITs,885359982,2019-02-27T15:09:47Z,https://en.wikipedia.org/w/index.php?oldid=885359982,matched_gics
2019-02-28,WFC-PL,Wells Fargo & Company,,,,,,,,missing_gics
2019-02-28,WMT,Walmart,Consumer Staples,Food & Staples Retailing,Food & Staples Retailing,Hypermarkets & Super Centers,885359982,2019-02-27T15:09:47Z,https://en.wikipedia.org/w/index.php?oldid=885359982,matched_gics
2019-02-28,XEL,Xcel Energy Inc,Utilities,Utilities,Multi-Utilities,Multi-Utilities,885359982,2019-02-27T15:09:47Z,https://en.wikipedia.org/w/index.php?oldid=885359982,matched_gics
2019-02-28,XOM,Exxon Mobil Corp.,Energy,Energy,"Oil, Gas & Consumable Fuels",Integrated Oil & Gas,885359982,2019-02-27T15:09:47Z,https://en.wikipedia.org/w/index.php?oldid=885359982,matched_gics
2019-03-31,AAPL,Apple Inc.,Information Technology,Technology Hardware & Equipment,"Technology Hardware, Storage & Peripherals","Technology Hardware, Storage & Peripherals",889061070,2019-03-23T04:55:08Z,https://en.wikipedia.org/w/index.php?oldid=889061070,matched_gics
2019-03-31,ABBV,AbbVie Inc.,Health Care,"Pharmaceuticals, Biotechnology & Life Sciences",Pharmaceuticals,Pharmaceuticals,889061070,2019-03-23T04:55:08Z,https://en.wikipedia.org/w/index.php?oldid=889061070,matched_gics
2019-03-31,ABT,Abbott Laboratories,Health Care,Health Care Equipment & Services,Health Care Equipment & Supplies,Health Care Equipment,889061070,2019-03-23T04:55:08Z,https://en.wikipedia.org/w/index.php?oldid=889061070,matched_gics
2019-03-31,ACN,Accenture plc,Information Technology,Software & Services,IT Services,IT Consulting & Other Services,889061070,2019-03-23T04:55:08Z,https://en.wikipedia.org/w/index.php?oldid=889061070,matched_gics
2019-03-31,ADBE,Adobe Systems Inc,Information Technology,Software & Services,Software,Application Software,889061070,2019-03-23T04:55:08Z,https://en.wikipedia.org/w/index.php?oldid=889061070,matched_gics
2019-03-31,ADP,Automatic Data Processing,Information Technology,Software & Services,Internet Software & Services,Internet Software & Services,889061070,2019-03-23T04:55:08Z,https://en.wikipedia.org/w/index.php?oldid=889061070,matched_gics
2019-03-31,AEP,American Electric Power,Utilities,Utilities,Electric Utilities,Electric Utilities,889061070,2019-03-23T04:55:08Z,https://en.wikipedia.org/w/index.php?oldid=889061070,matched_gics
2019-03-31,AMT,American Tower Corp.,Real Estate,Real Estate,Equity Real Estate Investment Trusts (REITs),Specialized REITs,889061070,2019-03-23T04:55:08Z,https://en.wikipedia.org/w/index.php?oldid=889061070,matched_gics
2019-03-31,AMZN,Amazon.com Inc.,Consumer Discretionary,Retailing,Internet & Direct Marketing Retail,Internet & Direct Marketing Retail,889061070,2019-03-23T04:55:08Z,https://en.wikipedia.org/w/index.php?oldid=889061070,matched_gics
2019-03-31,APD,Air Products & Chemicals Inc,Materials,Materials,Chemicals,Industrial Gases,889061070,2019-03-23T04:55:08Z,https://en.wikipedia.org/w/index.php?oldid=889061070,matched_gics
2019-03-31,ASML,ASML Holding N.V.,,,,,,,,missing_gics
2019-03-31,AVGO,Broadcom,Information Technology,Semiconductors & Semiconductor Equipment,Semiconductors & Semiconductor Equipment,Semiconductors,889061070,2019-03-23T04:55:08Z,https://en.wikipedia.org/w/index.php?oldid=889061070,matched_gics
2019-03-31,AWK,American Water Works Company Inc,Utilities,Utilities,Water Utilities,Water Utilities,889061070,2019-03-23T04:55:08Z,https://en.wikipedia.org/w/index.php?oldid=889061070,matched_gics
2019-03-31,BA,Boeing Company,Industrials,Capital Goods,Aerospace & Defense,Aerospace & Defense,889061070,2019-03-23T04:55:08Z,https://en.wikipedia.org/w/index.php?oldid=889061070,matched_gics
2019-03-31,BABA,Alibaba Group Holding Limited,,,,,,,,missing_gics
2019-03-31,BAC,Bank of America Corp,Financials,Banks,Banks,Diversified Banks,889061070,2019-03-23T04:55:08Z,https://en.wikipedia.org/w/index.php?oldid=889061070,matched_gics
2019-03-31,BBL,BHP Group,,,,,,,,missing_gics
2019-03-31,BHP,BHP Group,,,,,,,,missing_gics
2019-03-31,BP,BP p.l.c.,,,,,,,,missing_gics
2019-03-31,BRK-A,Berkshire Hathaway Inc.,,,,,,,,missing_gics
2019-03-31,C-PJ,Citigroup Inc.,,,,,,,,missing_gics
2019-03-31,CAT,Caterpillar Inc.,Industrials,Capital Goods,Machinery,Construction Machinery & Heavy Trucks,889061070,2019-03-23T04:55:08Z,https://en.wikipedia.org/w/index.php?oldid=889061070,matched_gics
2019-03-31,CCI,Crown Castle International Corp.,Real Estate,Real Estate,Equity Real Estate Investment Trusts (REITs),Specialized REITs,889061070,2019-03-23T04:55:08Z,https://en.wikipedia.org/w/index.php?oldid=889061070,matched_gics
2019-03-31,CHTR,Charter Communications,Communication Services,Media,Media,Cable & Satellite,889061070,2019-03-23T04:55:08Z,https://en.wikipedia.org/w/index.php?oldid=889061070,matched_gics
2019-03-31,CMCSA,Comcast Corp.,Communication Services,Media,Media,Cable & Satellite,889061070,2019-03-23T04:55:08Z,https://en.wikipedia.org/w/index.php?oldid=889061070,matched_gics
2019-03-31,COP,ConocoPhillips,Energy,Energy,"Oil, Gas & Consumable Fuels",Oil & Gas Exploration & Production,889061070,2019-03-23T04:55:08Z,https://en.wikipedia.org/w/index.php?oldid=889061070,matched_gics
2019-03-31,COST,Costco Wholesale Corp.,Consumer Staples,Food & Staples Retailing,Food & Staples Retailing,Hypermarkets & Super Centers,889061070,2019-03-23T04:55:08Z,https://en.wikipedia.org/w/index.php?oldid=889061070,matched_gics
2019-03-31,CSCO,Cisco Systems,Information Technology,Technology Hardware & Equipment,Communications Equipment,Communications Equipment,889061070,2019-03-23T04:55:08Z,https://en.wikipedia.org/w/index.php?oldid=889061070,matched_gics
2019-03-31,CTA-PB,E. I. du Pont de Nemours and Company,,,,,,,,missing_gics
2019-03-31,CVX,Chevron Corp.,Energy,Energy,"Oil, Gas & Consumable Fuels",Integrated Oil & Gas,889061070,2019-03-23T04:55:08Z,https://en.wikipedia.org/w/index.php?oldid=889061070,matched_gics
2019-03-31,D,Dominion Energy,Utilities,Utilities,Electric Utilities,Electric Utilities,889061070,2019-03-23T04:55:08Z,https://en.wikipedia.org/w/index.php?oldid=889061070,matched_gics
2019-03-31,DE,Deere & Co.,Industrials,Capital Goods,Machinery,Agricultural & Farm Machinery,889061070,2019-03-23T04:55:08Z,https://en.wikipedia.org/w/index.php?oldid=889061070,matched_gics
2019-03-31,DEO,Diageo plc,,,,,,,,missing_gics
2019-03-31,DHR,Danaher Corp.,Health Care,Health Care Equipment & Services,Health Care Equipment & Supplies,Health Care Equipment,889061070,2019-03-23T04:55:08Z,https://en.wikipedia.org/w/index.php?oldid=889061070,matched_gics
2019-03-31,DIS,The Walt Disney Company,Communication Services,Media & Entertainment,Entertainment,Movies & Entertainment,889061070,2019-03-23T04:55:08Z,https://en.wikipedia.org/w/index.php?oldid=889061070,matched_gics
2019-03-31,DLR,Digital Realty Trust Inc,Real Estate,Real Estate,Equity Real Estate Investment Trusts (REITs),Specialized REITs,889061070,2019-03-23T04:55:08Z,https://en.wikipedia.org/w/index.php?oldid=889061070,matched_gics
2019-03-31,DUK,Duke Energy,Utilities,Utilities,Electric Utilities,Electric Utilities,889061070,2019-03-23T04:55:08Z,https://en.wikipedia.org/w/index.php?oldid=889061070,matched_gics
2019-03-31,ECL,Ecolab Inc.,Materials,Materials,Chemicals,Specialty Chemicals,889061070,2019-03-23T04:55:08Z,https://en.wikipedia.org/w/index.php?oldid=889061070,matched_gics
2019-03-31,EL,Estee Lauder Cos.,Consumer Staples,Household & Personal Products,Personal Products,Personal Products,889061070,2019-03-23T04:55:08Z,https://en.wikipedia.org/w/index.php?oldid=889061070,matched_gics
2019-03-31,ENB,Enbridge Inc.,,,,,,,,missing_gics
2019-03-31,EQIX,Equinix,Real Estate,Real Estate,Equity Real Estate Investment Trusts (REITs),Specialized REITs,889061070,2019-03-23T04:55:08Z,https://en.wikipedia.org/w/index.php?oldid=889061070,matched_gics
2019-03-31,EQNR,Equinor ASA,,,,,,,,missing_gics
2019-03-31,EXC,Exelon Corp.,Utilities,Utilities,Multi-Utilities,Multi-Utilities,889061070,2019-03-23T04:55:08Z,https://en.wikipedia.org/w/index.php?oldid=889061070,matched_gics
2019-03-31,FB,"Facebook, Inc.",Communication Services,Media & Entertainment,Interactive Media & Services,Interactive Media & Services,889061070,2019-03-23T04:55:08Z,https://en.wikipedia.org/w/index.php?oldid=889061070,matched_gics
2019-03-31,FCX,Freeport-McMoRan Inc.,Materials,Materials,Metals & Mining,Copper,889061070,2019-03-23T04:55:08Z,https://en.wikipedia.org/w/index.php?oldid=889061070,matched_gics
2019-03-31,GE,General Electric,Industrials,Capital Goods,Industrial Conglomerates,Industrial Conglomerates,889061070,2019-03-23T04:55:08Z,https://en.wikipedia.org/w/index.php?oldid=889061070,matched_gics
2019-03-31,GOOG,Alphabet Inc Class C,Communication Services,Media & Entertainment,Interactive Media & Services,Interactive Media & Services,889061070,2019-03-23T04:55:08Z,https://en.wikipedia.org/w/index.php?oldid=889061070,matched_gics
2019-03-31,HD,Home Depot,Consumer Discretionary,Retailing,Specialty Retail,Home Improvement Retail,889061070,2019-03-23T04:55:08Z,https://en.wikipedia.org/w/index.php?oldid=889061070,matched_gics
2019-03-31,HON,Honeywell Int'l Inc.,Industrials,Capital Goods,Industrial Conglomerates,Industrial Conglomerates,889061070,2019-03-23T04:55:08Z,https://en.wikipedia.org/w/index.php?oldid=889061070,matched_gics
2019-03-31,JD,"JD.com, Inc.",,,,,,,,missing_gics
2019-03-31,JNJ,Johnson & Johnson,Health Care,"Pharmaceuticals, Biotechnology & Life Sciences",Pharmaceuticals,Pharmaceuticals,889061070,2019-03-23T04:55:08Z,https://en.wikipedia.org/w/index.php?oldid=889061070,matched_gics
2019-03-31,JPM,JPMorgan Chase & Co.,Financials,Banks,Banks,Diversified Banks,889061070,2019-03-23T04:55:08Z,https://en.wikipedia.org/w/index.php?oldid=889061070,matched_gics
2019-03-31,KO,Coca-Cola Company,Consumer Staples,"Food, Beverage & Tobacco",Beverages,Soft Drinks,889061070,2019-03-23T04:55:08Z,https://en.wikipedia.org/w/index.php?oldid=889061070,matched_gics
2019-03-31,LLY,Lilly (Eli) & Co.,Health Care,"Pharmaceuticals, Biotechnology & Life Sciences",Pharmaceuticals,Pharmaceuticals,889061070,2019-03-23T04:55:08Z,https://en.wikipedia.org/w/index.php?oldid=889061070,matched_gics
2019-03-31,LOW,Lowe's Cos.,Consumer Discretionary,Retailing,Specialty Retail,Home Improvement Retail,889061070,2019-03-23T04:55:08Z,https://en.wikipedia.org/w/index.php?oldid=889061070,matched_gics
2019-03-31,MA,Mastercard Inc.,Financials,Diversified Financials,Consumer Finance,Credit Card Services,889061070,2019-03-23T04:55:08Z,https://en.wikipedia.org/w/index.php?oldid=889061070,matched_gics
2019-03-31,MCD,McDonald's Corp.,Consumer Discretionary,Consumer Services,"Hotels, Restaurants & Leisure",Restaurants,889061070,2019-03-23T04:55:08Z,https://en.wikipedia.org/w/index.php?oldid=889061070,matched_gics
2019-03-31,MMM,3M Company,Industrials,Capital Goods,Industrial Conglomerates,Industrial Conglomerates,889061070,2019-03-23T04:55:08Z,https://en.wikipedia.org/w/index.php?oldid=889061070,matched_gics
2019-03-31,MS,Morgan Stanley,Financials,Diversified Financials,Capital Markets,Investment Banking & Brokerage,889061070,2019-03-23T04:55:08Z,https://en.wikipedia.org/w/index.php?oldid=889061070,matched_gics
2019-03-31,MSFT,Microsoft Corp.,Information Technology,Software & Services,Software,Systems Software,889061070,2019-03-23T04:55:08Z,https://en.wikipedia.org/w/index.php?oldid=889061070,matched_gics
2019-03-31,NEE,NextEra Energy,Utilities,Utilities,Multi-Utilities,Multi-Utilities,889061070,2019-03-23T04:55:08Z,https://en.wikipedia.org/w/index.php?oldid=889061070,matched_gics
2019-03-31,NEM,Newmont Mining Corporation,Materials,Materials,Metals & Mining,Gold,889061070,2019-03-23T04:55:08Z,https://en.wikipedia.org/w/index.php?oldid=889061070,matched_gics
2019-03-31,NFLX,Netflix Inc.,Communication Services,Media & Entertainment,Entertainment,Movies & Entertainment,889061070,2019-03-23T04:55:08Z,https://en.wikipedia.org/w/index.php?oldid=889061070,matched_gics
2019-03-31,NGG,National Grid plc,,,,,,,,missing_gics
2019-03-31,NKE,Nike,Consumer Discretionary,Consumer Durables & Apparel,"Textiles, Apparel & Luxury Goods","Apparel, Accessories & Luxury Goods",889061070,2019-03-23T04:55:08Z,https://en.wikipedia.org/w/index.php?oldid=889061070,matched_gics
2019-03-31,NVDA,Nvidia Corporation,Information Technology,Semiconductors & Semiconductor Equipment,Semiconductors & Semiconductor Equipment,Semiconductors,889061070,2019-03-23T04:55:08Z,https://en.wikipedia.org/w/index.php?oldid=889061070,matched_gics
2019-03-31,NVO,Novo Nordisk A/S,,,,,,,,missing_gics
2019-03-31,NVS,Novartis AG,,,,,,,,missing_gics
2019-03-31,O,Realty Income Corporation,Real Estate,Real Estate,Equity Real Estate Investment Trusts (REITs),Retail REITs,889061070,2019-03-23T04:55:08Z,https://en.wikipedia.org/w/index.php?oldid=889061070,matched_gics
2019-03-31,ORCL,Oracle Corp.,Information Technology,Software & Services,Software,Application Software,889061070,2019-03-23T04:55:08Z,https://en.wikipedia.org/w/index.php?oldid=889061070,matched_gics
2019-03-31,PEP,PepsiCo Inc.,Consumer Staples,"Food, Beverage & Tobacco",Beverages,Soft Drinks,889061070,2019-03-23T04:55:08Z,https://en.wikipedia.org/w/index.php?oldid=889061070,matched_gics
2019-03-31,PFE,Pfizer Inc.,Health Care,"Pharmaceuticals, Biotechnology & Life Sciences",Pharmaceuticals,Pharmaceuticals,889061070,2019-03-23T04:55:08Z,https://en.wikipedia.org/w/index.php?oldid=889061070,matched_gics
2019-03-31,PG,Procter & Gamble,Consumer Staples,Household & Personal Products,Personal Products,Personal Products,889061070,2019-03-23T04:55:08Z,https://en.wikipedia.org/w/index.php?oldid=889061070,matched_gics
2019-03-31,PLD,Prologis,Real Estate,Real Estate,Equity Real Estate Investment Trusts (REITs),Industrial REITs,889061070,2019-03-23T04:55:08Z,https://en.wikipedia.org/w/index.php?oldid=889061070,matched_gics
2019-03-31,PM,Philip Morris International,Consumer Staples,"Food, Beverage & Tobacco",Tobacco,Tobacco,889061070,2019-03-23T04:55:08Z,https://en.wikipedia.org/w/index.php?oldid=889061070,matched_gics
2019-03-31,PSA,Public Storage,Real Estate,Real Estate,Equity Real Estate Investment Trusts (REITs),Specialized REITs,889061070,2019-03-23T04:55:08Z,https://en.wikipedia.org/w/index.php?oldid=889061070,matched_gics
2019-03-31,PTR,PetroChina Company Limited,,,,,,,,missing_gics
2019-03-31,PYPL,PayPal,Information Technology,Software & Services,IT Services,Data Processing & Outsourced Services,889061070,2019-03-23T04:55:08Z,https://en.wikipedia.org/w/index.php?oldid=889061070,matched_gics
2019-03-31,RDS-B,Royal Dutch Shell plc,,,,,,,,missing_gics
2019-03-31,RIO,Rio Tinto Group,,,,,,,,missing_gics
2019-03-31,RTX,Raytheon Technologies Corporation,,,,,,,,missing_gics
2019-03-31,SBAC,SBA Communications,Real Estate,Real Estate,Equity Real Estate Investment Trusts (REITs),Specialized REITs,889061070,2019-03-23T04:55:08Z,https://en.wikipedia.org/w/index.php?oldid=889061070,matched_gics
2019-03-31,SBUX,Starbucks Corp.,Consumer Discretionary,Consumer Services,"Hotels, Restaurants & Leisure",Restaurants,889061070,2019-03-23T04:55:08Z,https://en.wikipedia.org/w/index.php?oldid=889061070,matched_gics
2019-03-31,SCHW,Charles Schwab Corporation,Financials,Diversified Financials,Capital Markets,Investment Banking & Brokerage,889061070,2019-03-23T04:55:08Z,https://en.wikipedia.org/w/index.php?oldid=889061070,matched_gics
2019-03-31,SHW,Sherwin-Williams,Materials,Materials,Chemicals,Specialty Chemicals,889061070,2019-03-23T04:55:08Z,https://en.wikipedia.org/w/index.php?oldid=889061070,matched_gics
2019-03-31,SNAP,Snap Inc.,,,,,,,,missing_gics
2019-03-31,SNP,China Petroleum & Chemical Corporation,,,,,,,,missing_gics
2019-03-31,SO,Southern Co.,Utilities,Utilities,Electric Utilities,Electric Utilities,889061070,2019-03-23T04:55:08Z,https://en.wikipedia.org/w/index.php?oldid=889061070,matched_gics
2019-03-31,SPG-PJ,"Simon Property Group, Inc.",,,,,,,,missing_gics
2019-03-31,SRE,Sempra Energy,Utilities,Utilities,Multi-Utilities,Multi-Utilities,889061070,2019-03-23T04:55:08Z,https://en.wikipedia.org/w/index.php?oldid=889061070,matched_gics
2019-03-31,T,AT&T Inc.,Communication Services,Telecommunication Services,Diversified Telecommunication Services,Integrated Telecommunication Services,889061070,2019-03-23T04:55:08Z,https://en.wikipedia.org/w/index.php?oldid=889061070,matched_gics
2019-03-31,TGT,Target Corp.,Consumer Discretionary,Retailing,Multiline Retail,General Merchandise Stores,889061070,2019-03-23T04:55:08Z,https://en.wikipedia.org/w/index.php?oldid=889061070,matched_gics
2019-03-31,TM,Toyota Motor Corporation,,,,,,,,missing_gics
2019-03-31,TMO,Thermo Fisher Scientific,Health Care,Health Care Equipment & Services,Health Care Equipment & Supplies,Health Care Equipment,889061070,2019-03-23T04:55:08Z,https://en.wikipedia.org/w/index.php?oldid=889061070,matched_gics
2019-03-31,TMUS,"T-Mobile US, Inc.",,,,,,,,missing_gics
2019-03-31,TSLA,"Tesla, Inc.",,,,,,,,missing_gics
2019-03-31,TSM,Taiwan Semiconductor Manufacturing Company Limited,,,,,,,,missing_gics
2019-03-31,TTE,TotalEnergies SE,,,,,,,,missing_gics
2019-03-31,UL,Unilever PLC,,,,,,,,missing_gics
2019-03-31,UNH,United Health Group Inc.,Health Care,Health Care Equipment & Services,Health Care Providers & Services,Managed Health Care,889061070,2019-03-23T04:55:08Z,https://en.wikipedia.org/w/index.php?oldid=889061070,matched_gics
2019-03-31,UNP,Union Pacific,Industrials,Transportation,Road & Rail,Railroads,889061070,2019-03-23T04:55:08Z,https://en.wikipedia.org/w/index.php?oldid=889061070,matched_gics
2019-03-31,UPS,United Parcel Service,Industrials,Transportation,Air Freight & Logistics,Air Freight & Logistics,889061070,2019-03-23T04:55:08Z,https://en.wikipedia.org/w/index.php?oldid=889061070,matched_gics
2019-03-31,V,Visa Inc.,Financials,Diversified Financials,Consumer Finance,Credit Card Services,889061070,2019-03-23T04:55:08Z,https://en.wikipedia.org/w/index.php?oldid=889061070,matched_gics
2019-03-31,VALE,Vale S.A.,,,,,,,,missing_gics
2019-03-31,VZ,Verizon Communications,Communication Services,Telecommunication Services,Diversified Telecommunication Services,Integrated Telecommunication Services,889061070,2019-03-23T04:55:08Z,https://en.wikipedia.org/w/index.php?oldid=889061070,matched_gics
2019-03-31,WELL,Welltower Inc.,Real Estate,Real Estate,Equity Real Estate Investment Trusts (REITs),Health Care REITs,889061070,2019-03-23T04:55:08Z,https://en.wikipedia.org/w/index.php?oldid=889061070,matched_gics
2019-03-31,WFC-PL,Wells Fargo & Company,,,,,,,,missing_gics
2019-03-31,WMT,Walmart,Consumer Staples,Food & Staples Retailing,Food & Staples Retailing,Hypermarkets & Super Centers,889061070,2019-03-23T04:55:08Z,https://en.wikipedia.org/w/index.php?oldid=889061070,matched_gics
2019-03-31,XEL,Xcel Energy Inc,Utilities,Utilities,Multi-Utilities,Multi-Utilities,889061070,2019-03-23T04:55:08Z,https://en.wikipedia.org/w/index.php?oldid=889061070,matched_gics
2019-03-31,XOM,Exxon Mobil Corp.,Energy,Energy,"Oil, Gas & Consumable Fuels",Integrated Oil & Gas,889061070,2019-03-23T04:55:08Z,https://en.wikipedia.org/w/index.php?oldid=889061070,matched_gics
2019-04-30,AAPL,Apple Inc.,Information Technology,Technology Hardware & Equipment,"Technology Hardware, Storage & Peripherals","Technology Hardware, Storage & Peripherals",894904201,2019-04-30T18:58:07Z,https://en.wikipedia.org/w/index.php?oldid=894904201,matched_gics
2019-04-30,ABBV,AbbVie Inc.,Health Care,"Pharmaceuticals, Biotechnology & Life Sciences",Pharmaceuticals,Pharmaceuticals,894904201,2019-04-30T18:58:07Z,https://en.wikipedia.org/w/index.php?oldid=894904201,matched_gics
2019-04-30,ABT,Abbott Laboratories,Health Care,Health Care Equipment & Services,Health Care Equipment & Supplies,Health Care Equipment,894904201,2019-04-30T18:58:07Z,https://en.wikipedia.org/w/index.php?oldid=894904201,matched_gics
2019-04-30,ACN,Accenture plc,Information Technology,Software & Services,IT Services,IT Consulting & Other Services,894904201,2019-04-30T18:58:07Z,https://en.wikipedia.org/w/index.php?oldid=894904201,matched_gics
2019-04-30,ADBE,Adobe Systems Inc,Information Technology,Software & Services,Software,Application Software,894904201,2019-04-30T18:58:07Z,https://en.wikipedia.org/w/index.php?oldid=894904201,matched_gics
2019-04-30,ADP,Automatic Data Processing,Information Technology,Software & Services,IT Services,Internet Services & Infrastructure,894904201,2019-04-30T18:58:07Z,https://en.wikipedia.org/w/index.php?oldid=894904201,matched_gics
2019-04-30,AEP,American Electric Power,Utilities,Utilities,Electric Utilities,Electric Utilities,894904201,2019-04-30T18:58:07Z,https://en.wikipedia.org/w/index.php?oldid=894904201,matched_gics
2019-04-30,AMT,American Tower Corp.,Real Estate,Real Estate,Equity Real Estate Investment Trusts (REITs),Specialized REITs,894904201,2019-04-30T18:58:07Z,https://en.wikipedia.org/w/index.php?oldid=894904201,matched_gics
2019-04-30,AMZN,Amazon.com Inc.,Consumer Discretionary,Retailing,Internet & Direct Marketing Retail,Internet & Direct Marketing Retail,894904201,2019-04-30T18:58:07Z,https://en.wikipedia.org/w/index.php?oldid=894904201,matched_gics
2019-04-30,APD,Air Products & Chemicals Inc,Materials,Materials,Chemicals,Industrial Gases,894904201,2019-04-30T18:58:07Z,https://en.wikipedia.org/w/index.php?oldid=894904201,matched_gics
2019-04-30,ASML,ASML Holding N.V.,,,,,,,,missing_gics
2019-04-30,AVGO,Broadcom,Information Technology,Semiconductors & Semiconductor Equipment,Semiconductors & Semiconductor Equipment,Semiconductors,894904201,2019-04-30T18:58:07Z,https://en.wikipedia.org/w/index.php?oldid=894904201,matched_gics
2019-04-30,AWK,American Water Works Company Inc,Utilities,Utilities,Water Utilities,Water Utilities,894904201,2019-04-30T18:58:07Z,https://en.wikipedia.org/w/index.php?oldid=894904201,matched_gics
2019-04-30,BA,Boeing Company,Industrials,Capital Goods,Aerospace & Defense,Aerospace & Defense,894904201,2019-04-30T18:58:07Z,https://en.wikipedia.org/w/index.php?oldid=894904201,matched_gics
2019-04-30,BABA,Alibaba Group Holding Limited,,,,,,,,missing_gics
2019-04-30,BAC,Bank of America Corp,Financials,Banks,Banks,Diversified Banks,894904201,2019-04-30T18:58:07Z,https://en.wikipedia.org/w/index.php?oldid=894904201,matched_gics
2019-04-30,BBL,BHP Group,,,,,,,,missing_gics
2019-04-30,BHP,BHP Group,,,,,,,,missing_gics
2019-04-30,BP,BP p.l.c.,,,,,,,,missing_gics
2019-04-30,BRK-A,Berkshire Hathaway Inc.,,,,,,,,missing_gics
2019-04-30,C-PJ,Citigroup Inc.,,,,,,,,missing_gics
2019-04-30,CAT,Caterpillar Inc.,Industrials,Capital Goods,Machinery,Construction Machinery & Heavy Trucks,894904201,2019-04-30T18:58:07Z,https://en.wikipedia.org/w/index.php?oldid=894904201,matched_gics
2019-04-30,CCI,Crown Castle International Corp.,Real Estate,Real Estate,Equity Real Estate Investment Trusts (REITs),Specialized REITs,894904201,2019-04-30T18:58:07Z,https://en.wikipedia.org/w/index.php?oldid=894904201,matched_gics
2019-04-30,CHTR,Charter Communications,Communication Services,Media,Media,Cable & Satellite,894904201,2019-04-30T18:58:07Z,https://en.wikipedia.org/w/index.php?oldid=894904201,matched_gics
2019-04-30,CMCSA,Comcast Corp.,Communication Services,Media,Media,Cable & Satellite,894904201,2019-04-30T18:58:07Z,https://en.wikipedia.org/w/index.php?oldid=894904201,matched_gics
2019-04-30,COP,ConocoPhillips,Energy,Energy,"Oil, Gas & Consumable Fuels",Oil & Gas Exploration & Production,894904201,2019-04-30T18:58:07Z,https://en.wikipedia.org/w/index.php?oldid=894904201,matched_gics
2019-04-30,COST,Costco Wholesale Corp.,Consumer Staples,Food & Staples Retailing,Food & Staples Retailing,Hypermarkets & Super Centers,894904201,2019-04-30T18:58:07Z,https://en.wikipedia.org/w/index.php?oldid=894904201,matched_gics
2019-04-30,CSCO,Cisco Systems,Information Technology,Technology Hardware & Equipment,Communications Equipment,Communications Equipment,894904201,2019-04-30T18:58:07Z,https://en.wikipedia.org/w/index.php?oldid=894904201,matched_gics
2019-04-30,CTA-PB,E. I. du Pont de Nemours and Company,,,,,,,,missing_gics
2019-04-30,CVX,Chevron Corp.,Energy,Energy,"Oil, Gas & Consumable Fuels",Integrated Oil & Gas,894904201,2019-04-30T18:58:07Z,https://en.wikipedia.org/w/index.php?oldid=894904201,matched_gics
2019-04-30,D,Dominion Energy,Utilities,Utilities,Electric Utilities,Electric Utilities,894904201,2019-04-30T18:58:07Z,https://en.wikipedia.org/w/index.php?oldid=894904201,matched_gics
2019-04-30,DE,Deere & Co.,Industrials,Capital Goods,Machinery,Agricultural & Farm Machinery,894904201,2019-04-30T18:58:07Z,https://en.wikipedia.org/w/index.php?oldid=894904201,matched_gics
2019-04-30,DEO,Diageo plc,,,,,,,,missing_gics
2019-04-30,DHR,Danaher Corp.,Health Care,Health Care Equipment & Services,Health Care Equipment & Supplies,Health Care Equipment,894904201,2019-04-30T18:58:07Z,https://en.wikipedia.org/w/index.php?oldid=894904201,matched_gics
2019-04-30,DIS,The Walt Disney Company,Communication Services,Media & Entertainment,Entertainment,Movies & Entertainment,894904201,2019-04-30T18:58:07Z,https://en.wikipedia.org/w/index.php?oldid=894904201,matched_gics
2019-04-30,DLR,Digital Realty Trust Inc,Real Estate,Real Estate,Equity Real Estate Investment Trusts (REITs),Specialized REITs,894904201,2019-04-30T18:58:07Z,https://en.wikipedia.org/w/index.php?oldid=894904201,matched_gics
2019-04-30,DUK,Duke Energy,Utilities,Utilities,Electric Utilities,Electric Utilities,894904201,2019-04-30T18:58:07Z,https://en.wikipedia.org/w/index.php?oldid=894904201,matched_gics
2019-04-30,ECL,Ecolab Inc.,Materials,Materials,Chemicals,Specialty Chemicals,894904201,2019-04-30T18:58:07Z,https://en.wikipedia.org/w/index.php?oldid=894904201,matched_gics
2019-04-30,EL,Estee Lauder Cos.,Consumer Staples,Household & Personal Products,Personal Products,Personal Products,894904201,2019-04-30T18:58:07Z,https://en.wikipedia.org/w/index.php?oldid=894904201,matched_gics
2019-04-30,ENB,Enbridge Inc.,,,,,,,,missing_gics
2019-04-30,EQIX,Equinix,Real Estate,Real Estate,Equity Real Estate Investment Trusts (REITs),Specialized REITs,894904201,2019-04-30T18:58:07Z,https://en.wikipedia.org/w/index.php?oldid=894904201,matched_gics
2019-04-30,EQNR,Equinor ASA,,,,,,,,missing_gics
2019-04-30,EXC,Exelon Corp.,Utilities,Utilities,Multi-Utilities,Multi-Utilities,894904201,2019-04-30T18:58:07Z,https://en.wikipedia.org/w/index.php?oldid=894904201,matched_gics
2019-04-30,FB,"Facebook, Inc.",Communication Services,Media & Entertainment,Interactive Media & Services,Interactive Media & Services,894904201,2019-04-30T18:58:07Z,https://en.wikipedia.org/w/index.php?oldid=894904201,matched_gics
2019-04-30,FCX,Freeport-McMoRan Inc.,Materials,Materials,Metals & Mining,Copper,894904201,2019-04-30T18:58:07Z,https://en.wikipedia.org/w/index.php?oldid=894904201,matched_gics
2019-04-30,GE,General Electric,Industrials,Capital Goods,Industrial Conglomerates,Industrial Conglomerates,894904201,2019-04-30T18:58:07Z,https://en.wikipedia.org/w/index.php?oldid=894904201,matched_gics
2019-04-30,GOOG,Alphabet Inc Class C,Communication Services,Media & Entertainment,Interactive Media & Services,Interactive Media & Services,894904201,2019-04-30T18:58:07Z,https://en.wikipedia.org/w/index.php?oldid=894904201,matched_gics
2019-04-30,HD,Home Depot,Consumer Discretionary,Retailing,Specialty Retail,Home Improvement Retail,894904201,2019-04-30T18:58:07Z,https://en.wikipedia.org/w/index.php?oldid=894904201,matched_gics
2019-04-30,HON,Honeywell Int'l Inc.,Industrials,Capital Goods,Industrial Conglomerates,Industrial Conglomerates,894904201,2019-04-30T18:58:07Z,https://en.wikipedia.org/w/index.php?oldid=894904201,matched_gics
2019-04-30,JD,"JD.com, Inc.",,,,,,,,missing_gics
2019-04-30,JNJ,Johnson & Johnson,Health Care,"Pharmaceuticals, Biotechnology & Life Sciences",Pharmaceuticals,Pharmaceuticals,894904201,2019-04-30T18:58:07Z,https://en.wikipedia.org/w/index.php?oldid=894904201,matched_gics
2019-04-30,JPM,JPMorgan Chase & Co.,Financials,Banks,Banks,Diversified Banks,894904201,2019-04-30T18:58:07Z,https://en.wikipedia.org/w/index.php?oldid=894904201,matched_gics
2019-04-30,KO,Coca-Cola Company,Consumer Staples,"Food, Beverage & Tobacco",Beverages,Soft Drinks,894904201,2019-04-30T18:58:07Z,https://en.wikipedia.org/w/index.php?oldid=894904201,matched_gics
2019-04-30,LLY,Lilly (Eli) & Co.,Health Care,"Pharmaceuticals, Biotechnology & Life Sciences",Pharmaceuticals,Pharmaceuticals,894904201,2019-04-30T18:58:07Z,https://en.wikipedia.org/w/index.php?oldid=894904201,matched_gics
2019-04-30,LOW,Lowe's Cos.,Consumer Discretionary,Retailing,Specialty Retail,Home Improvement Retail,894904201,2019-04-30T18:58:07Z,https://en.wikipedia.org/w/index.php?oldid=894904201,matched_gics
2019-04-30,MA,Mastercard Inc.,Information Technology,Software & Services,IT Services,IT Services,894904201,2019-04-30T18:58:07Z,https://en.wikipedia.org/w/index.php?oldid=894904201,matched_gics
2019-04-30,MCD,McDonald's Corp.,Consumer Discretionary,Consumer Services,"Hotels, Restaurants & Leisure",Restaurants,894904201,2019-04-30T18:58:07Z,https://en.wikipedia.org/w/index.php?oldid=894904201,matched_gics
2019-04-30,MMM,3M Company,Industrials,Capital Goods,Industrial Conglomerates,Industrial Conglomerates,894904201,2019-04-30T18:58:07Z,https://en.wikipedia.org/w/index.php?oldid=894904201,matched_gics
2019-04-30,MS,Morgan Stanley,Financials,Diversified Financials,Capital Markets,Investment Banking & Brokerage,894904201,2019-04-30T18:58:07Z,https://en.wikipedia.org/w/index.php?oldid=894904201,matched_gics
2019-04-30,MSFT,Microsoft Corp.,Information Technology,Software & Services,Software,Systems Software,894904201,2019-04-30T18:58:07Z,https://en.wikipedia.org/w/index.php?oldid=894904201,matched_gics
2019-04-30,NEE,NextEra Energy,Utilities,Utilities,Multi-Utilities,Multi-Utilities,894904201,2019-04-30T18:58:07Z,https://en.wikipedia.org/w/index.php?oldid=894904201,matched_gics
2019-04-30,NEM,Newmont Mining Corporation,Materials,Materials,Metals & Mining,Gold,894904201,2019-04-30T18:58:07Z,https://en.wikipedia.org/w/index.php?oldid=894904201,matched_gics
2019-04-30,NFLX,Netflix Inc.,Communication Services,Media & Entertainment,Entertainment,Movies & Entertainment,894904201,2019-04-30T18:58:07Z,https://en.wikipedia.org/w/index.php?oldid=894904201,matched_gics
2019-04-30,NGG,National Grid plc,,,,,,,,missing_gics
2019-04-30,NKE,Nike,Consumer Discretionary,Consumer Durables & Apparel,"Textiles, Apparel & Luxury Goods","Apparel, Accessories & Luxury Goods",894904201,2019-04-30T18:58:07Z,https://en.wikipedia.org/w/index.php?oldid=894904201,matched_gics
2019-04-30,NVDA,Nvidia Corporation,Information Technology,Semiconductors & Semiconductor Equipment,Semiconductors & Semiconductor Equipment,Semiconductors,894904201,2019-04-30T18:58:07Z,https://en.wikipedia.org/w/index.php?oldid=894904201,matched_gics
2019-04-30,NVO,Novo Nordisk A/S,,,,,,,,missing_gics
2019-04-30,NVS,Novartis AG,,,,,,,,missing_gics
2019-04-30,O,Realty Income Corporation,Real Estate,Real Estate,Equity Real Estate Investment Trusts (REITs),Retail REITs,894904201,2019-04-30T18:58:07Z,https://en.wikipedia.org/w/index.php?oldid=894904201,matched_gics
2019-04-30,ORCL,Oracle Corp.,Information Technology,Software & Services,Software,Application Software,894904201,2019-04-30T18:58:07Z,https://en.wikipedia.org/w/index.php?oldid=894904201,matched_gics
2019-04-30,PEP,PepsiCo Inc.,Consumer Staples,"Food, Beverage & Tobacco",Beverages,Soft Drinks,894904201,2019-04-30T18:58:07Z,https://en.wikipedia.org/w/index.php?oldid=894904201,matched_gics
2019-04-30,PFE,Pfizer Inc.,Health Care,"Pharmaceuticals, Biotechnology & Life Sciences",Pharmaceuticals,Pharmaceuticals,894904201,2019-04-30T18:58:07Z,https://en.wikipedia.org/w/index.php?oldid=894904201,matched_gics
2019-04-30,PG,Procter & Gamble,Consumer Staples,Household & Personal Products,Personal Products,Personal Products,894904201,2019-04-30T18:58:07Z,https://en.wikipedia.org/w/index.php?oldid=894904201,matched_gics
2019-04-30,PLD,Prologis,Real Estate,Real Estate,Equity Real Estate Investment Trusts (REITs),Industrial REITs,894904201,2019-04-30T18:58:07Z,https://en.wikipedia.org/w/index.php?oldid=894904201,matched_gics
2019-04-30,PM,Philip Morris International,Consumer Staples,"Food, Beverage & Tobacco",Tobacco,Tobacco,894904201,2019-04-30T18:58:07Z,https://en.wikipedia.org/w/index.php?oldid=894904201,matched_gics
2019-04-30,PSA,Public Storage,Real Estate,Real Estate,Equity Real Estate Investment Trusts (REITs),Specialized REITs,894904201,2019-04-30T18:58:07Z,https://en.wikipedia.org/w/index.php?oldid=894904201,matched_gics
2019-04-30,PTR,PetroChina Company Limited,,,,,,,,missing_gics
2019-04-30,PYPL,PayPal,Information Technology,Software & Services,IT Services,Data Processing & Outsourced Services,894904201,2019-04-30T18:58:07Z,https://en.wikipedia.org/w/index.php?oldid=894904201,matched_gics
2019-04-30,RDS-B,Royal Dutch Shell plc,,,,,,,,missing_gics
2019-04-30,RIO,Rio Tinto Group,,,,,,,,missing_gics
2019-04-30,RTX,Raytheon Technologies Corporation,,,,,,,,missing_gics
2019-04-30,SBAC,SBA Communications,Real Estate,Real Estate,Equity Real Estate Investment Trusts (REITs),Specialized REITs,894904201,2019-04-30T18:58:07Z,https://en.wikipedia.org/w/index.php?oldid=894904201,matched_gics
2019-04-30,SBUX,Starbucks Corp.,Consumer Discretionary,Consumer Services,"Hotels, Restaurants & Leisure",Restaurants,894904201,2019-04-30T18:58:07Z,https://en.wikipedia.org/w/index.php?oldid=894904201,matched_gics
2019-04-30,SCHW,Charles Schwab Corporation,Financials,Diversified Financials,Capital Markets,Investment Banking & Brokerage,894904201,2019-04-30T18:58:07Z,https://en.wikipedia.org/w/index.php?oldid=894904201,matched_gics
2019-04-30,SHW,Sherwin-Williams,Materials,Materials,Chemicals,Specialty Chemicals,894904201,2019-04-30T18:58:07Z,https://en.wikipedia.org/w/index.php?oldid=894904201,matched_gics
2019-04-30,SNAP,Snap Inc.,,,,,,,,missing_gics
2019-04-30,SNP,China Petroleum & Chemical Corporation,,,,,,,,missing_gics
2019-04-30,SO,Southern Co.,Utilities,Utilities,Electric Utilities,Electric Utilities,894904201,2019-04-30T18:58:07Z,https://en.wikipedia.org/w/index.php?oldid=894904201,matched_gics
2019-04-30,SPG-PJ,"Simon Property Group, Inc.",,,,,,,,missing_gics
2019-04-30,SRE,Sempra Energy,Utilities,Utilities,Multi-Utilities,Multi-Utilities,894904201,2019-04-30T18:58:07Z,https://en.wikipedia.org/w/index.php?oldid=894904201,matched_gics
2019-04-30,T,AT&T Inc.,Communication Services,Telecommunication Services,Diversified Telecommunication Services,Integrated Telecommunication Services,894904201,2019-04-30T18:58:07Z,https://en.wikipedia.org/w/index.php?oldid=894904201,matched_gics
2019-04-30,TGT,Target Corp.,Consumer Discretionary,Retailing,Multiline Retail,General Merchandise Stores,894904201,2019-04-30T18:58:07Z,https://en.wikipedia.org/w/index.php?oldid=894904201,matched_gics
2019-04-30,TM,Toyota Motor Corporation,,,,,,,,missing_gics
2019-04-30,TMO,Thermo Fisher Scientific,Health Care,Health Care Equipment & Services,Health Care Equipment & Supplies,Health Care Equipment,894904201,2019-04-30T18:58:07Z,https://en.wikipedia.org/w/index.php?oldid=894904201,matched_gics
2019-04-30,TMUS,"T-Mobile US, Inc.",,,,,,,,missing_gics
2019-04-30,TSLA,"Tesla, Inc.",,,,,,,,missing_gics
2019-04-30,TSM,Taiwan Semiconductor Manufacturing Company Limited,,,,,,,,missing_gics
2019-04-30,TTE,TotalEnergies SE,,,,,,,,missing_gics
2019-04-30,UL,Unilever PLC,,,,,,,,missing_gics
2019-04-30,UNH,United Health Group Inc.,Health Care,Health Care Equipment & Services,Health Care Providers & Services,Managed Health Care,894904201,2019-04-30T18:58:07Z,https://en.wikipedia.org/w/index.php?oldid=894904201,matched_gics
2019-04-30,UNP,Union Pacific,Industrials,Transportation,Road & Rail,Railroads,894904201,2019-04-30T18:58:07Z,https://en.wikipedia.org/w/index.php?oldid=894904201,matched_gics
2019-04-30,UPS,United Parcel Service,Industrials,Transportation,Air Freight & Logistics,Air Freight & Logistics,894904201,2019-04-30T18:58:07Z,https://en.wikipedia.org/w/index.php?oldid=894904201,matched_gics
2019-04-30,V,Visa Inc.,Information Technology,Software & Services,IT Services,IT Services,894904201,2019-04-30T18:58:07Z,https://en.wikipedia.org/w/index.php?oldid=894904201,matched_gics
2019-04-30,VALE,Vale S.A.,,,,,,,,missing_gics
2019-04-30,VZ,Verizon Communications,Communication Services,Telecommunication Services,Diversified Telecommunication Services,Integrated Telecommunication Services,894904201,2019-04-30T18:58:07Z,https://en.wikipedia.org/w/index.php?oldid=894904201,matched_gics
2019-04-30,WELL,Welltower Inc.,Real Estate,Real Estate,Equity Real Estate Investment Trusts (REITs),Health Care REITs,894904201,2019-04-30T18:58:07Z,https://en.wikipedia.org/w/index.php?oldid=894904201,matched_gics
2019-04-30,WFC-PL,Wells Fargo & Company,,,,,,,,missing_gics
2019-04-30,WMT,Walmart,Consumer Staples,Food & Staples Retailing,Food & Staples Retailing,Hypermarkets & Super Centers,894904201,2019-04-30T18:58:07Z,https://en.wikipedia.org/w/index.php?oldid=894904201,matched_gics
2019-04-30,XEL,Xcel Energy Inc,Utilities,Utilities,Multi-Utilities,Multi-Utilities,894904201,2019-04-30T18:58:07Z,https://en.wikipedia.org/w/index.php?oldid=894904201,matched_gics
2019-04-30,XOM,Exxon Mobil Corp.,Energy,Energy,"Oil, Gas & Consumable Fuels",Integrated Oil & Gas,894904201,2019-04-30T18:58:07Z,https://en.wikipedia.org/w/index.php?oldid=894904201,matched_gics
2019-05-31,AAPL,Apple Inc.,Information Technology,Technology Hardware & Equipment,"Technology Hardware, Storage & Peripherals","Technology Hardware, Storage & Peripherals",899412784,2019-05-29T21:38:48Z,https://en.wikipedia.org/w/index.php?oldid=899412784,matched_gics
2019-05-31,ABBV,AbbVie Inc.,Health Care,"Pharmaceuticals, Biotechnology & Life Sciences",Pharmaceuticals,Pharmaceuticals,899412784,2019-05-29T21:38:48Z,https://en.wikipedia.org/w/index.php?oldid=899412784,matched_gics
2019-05-31,ABT,Abbott Laboratories,Health Care,Health Care Equipment & Services,Health Care Equipment & Supplies,Health Care Equipment,899412784,2019-05-29T21:38:48Z,https://en.wikipedia.org/w/index.php?oldid=899412784,matched_gics
2019-05-31,ACN,Accenture plc,Information Technology,Software & Services,IT Services,IT Consulting & Other Services,899412784,2019-05-29T21:38:48Z,https://en.wikipedia.org/w/index.php?oldid=899412784,matched_gics
2019-05-31,ADBE,Adobe Systems Inc,Information Technology,Software & Services,Software,Application Software,899412784,2019-05-29T21:38:48Z,https://en.wikipedia.org/w/index.php?oldid=899412784,matched_gics
2019-05-31,ADP,Automatic Data Processing,Information Technology,Software & Services,IT Services,Internet Services & Infrastructure,899412784,2019-05-29T21:38:48Z,https://en.wikipedia.org/w/index.php?oldid=899412784,matched_gics
2019-05-31,AEP,American Electric Power,Utilities,Utilities,Electric Utilities,Electric Utilities,899412784,2019-05-29T21:38:48Z,https://en.wikipedia.org/w/index.php?oldid=899412784,matched_gics
2019-05-31,AMT,American Tower Corp.,Real Estate,Real Estate,Equity Real Estate Investment Trusts (REITs),Specialized REITs,899412784,2019-05-29T21:38:48Z,https://en.wikipedia.org/w/index.php?oldid=899412784,matched_gics
2019-05-31,AMZN,Amazon.com Inc.,Consumer Discretionary,Retailing,Internet & Direct Marketing Retail,Internet & Direct Marketing Retail,899412784,2019-05-29T21:38:48Z,https://en.wikipedia.org/w/index.php?oldid=899412784,matched_gics
2019-05-31,APD,Air Products & Chemicals Inc,Materials,Materials,Chemicals,Industrial Gases,899412784,2019-05-29T21:38:48Z,https://en.wikipedia.org/w/index.php?oldid=899412784,matched_gics
2019-05-31,ASML,ASML Holding N.V.,,,,,,,,missing_gics
2019-05-31,AVGO,Broadcom Inc.,Information Technology,Semiconductors & Semiconductor Equipment,Semiconductors & Semiconductor Equipment,Semiconductors,899412784,2019-05-29T21:38:48Z,https://en.wikipedia.org/w/index.php?oldid=899412784,matched_gics
2019-05-31,AWK,American Water Works Company Inc,Utilities,Utilities,Water Utilities,Water Utilities,899412784,2019-05-29T21:38:48Z,https://en.wikipedia.org/w/index.php?oldid=899412784,matched_gics
2019-05-31,BA,Boeing Company,Industrials,Capital Goods,Aerospace & Defense,Aerospace & Defense,899412784,2019-05-29T21:38:48Z,https://en.wikipedia.org/w/index.php?oldid=899412784,matched_gics
2019-05-31,BABA,Alibaba Group Holding Limited,,,,,,,,missing_gics
2019-05-31,BAC,Bank of America Corp,Financials,Banks,Banks,Diversified Banks,899412784,2019-05-29T21:38:48Z,https://en.wikipedia.org/w/index.php?oldid=899412784,matched_gics
2019-05-31,BBL,BHP Group,,,,,,,,missing_gics
2019-05-31,BHP,BHP Group,,,,,,,,missing_gics
2019-05-31,BP,BP p.l.c.,,,,,,,,missing_gics
2019-05-31,BRK-A,Berkshire Hathaway Inc.,,,,,,,,missing_gics
2019-05-31,C-PJ,Citigroup Inc.,,,,,,,,missing_gics
2019-05-31,CAT,Caterpillar Inc.,Industrials,Capital Goods,Machinery,Construction Machinery & Heavy Trucks,899412784,2019-05-29T21:38:48Z,https://en.wikipedia.org/w/index.php?oldid=899412784,matched_gics
2019-05-31,CCI,Crown Castle International Corp.,Real Estate,Real Estate,Equity Real Estate Investment Trusts (REITs),Specialized REITs,899412784,2019-05-29T21:38:48Z,https://en.wikipedia.org/w/index.php?oldid=899412784,matched_gics
2019-05-31,CHTR,Charter Communications,Communication Services,Media,Media,Cable & Satellite,899412784,2019-05-29T21:38:48Z,https://en.wikipedia.org/w/index.php?oldid=899412784,matched_gics
2019-05-31,CMCSA,Comcast Corp.,Communication Services,Media,Media,Cable & Satellite,899412784,2019-05-29T21:38:48Z,https://en.wikipedia.org/w/index.php?oldid=899412784,matched_gics
2019-05-31,COP,ConocoPhillips,Energy,Energy,"Oil, Gas & Consumable Fuels",Oil & Gas Exploration & Production,899412784,2019-05-29T21:38:48Z,https://en.wikipedia.org/w/index.php?oldid=899412784,matched_gics
2019-05-31,COST,Costco Wholesale Corp.,Consumer Staples,Food & Staples Retailing,Food & Staples Retailing,Hypermarkets & Super Centers,899412784,2019-05-29T21:38:48Z,https://en.wikipedia.org/w/index.php?oldid=899412784,matched_gics
2019-05-31,CSCO,Cisco Systems,Information Technology,Technology Hardware & Equipment,Communications Equipment,Communications Equipment,899412784,2019-05-29T21:38:48Z,https://en.wikipedia.org/w/index.php?oldid=899412784,matched_gics
2019-05-31,CTA-PB,E. I. du Pont de Nemours and Company,,,,,,,,missing_gics
2019-05-31,CVX,Chevron Corp.,Energy,Energy,"Oil, Gas & Consumable Fuels",Integrated Oil & Gas,899412784,2019-05-29T21:38:48Z,https://en.wikipedia.org/w/index.php?oldid=899412784,matched_gics
2019-05-31,D,Dominion Energy,Utilities,Utilities,Electric Utilities,Electric Utilities,899412784,2019-05-29T21:38:48Z,https://en.wikipedia.org/w/index.php?oldid=899412784,matched_gics
2019-05-31,DE,Deere & Co.,Industrials,Capital Goods,Machinery,Agricultural & Farm Machinery,899412784,2019-05-29T21:38:48Z,https://en.wikipedia.org/w/index.php?oldid=899412784,matched_gics
2019-05-31,DEO,Diageo plc,,,,,,,,missing_gics
2019-05-31,DHR,Danaher Corp.,Health Care,Health Care Equipment & Services,Health Care Equipment & Supplies,Health Care Equipment,899412784,2019-05-29T21:38:48Z,https://en.wikipedia.org/w/index.php?oldid=899412784,matched_gics
2019-05-31,DIS,The Walt Disney Company,Communication Services,Media & Entertainment,Entertainment,Movies & Entertainment,899412784,2019-05-29T21:38:48Z,https://en.wikipedia.org/w/index.php?oldid=899412784,matched_gics
2019-05-31,DLR,Digital Realty Trust Inc,Real Estate,Real Estate,Equity Real Estate Investment Trusts (REITs),Specialized REITs,899412784,2019-05-29T21:38:48Z,https://en.wikipedia.org/w/index.php?oldid=899412784,matched_gics
2019-05-31,DUK,Duke Energy,Utilities,Utilities,Electric Utilities,Electric Utilities,899412784,2019-05-29T21:38:48Z,https://en.wikipedia.org/w/index.php?oldid=899412784,matched_gics
2019-05-31,ECL,Ecolab Inc.,Materials,Materials,Chemicals,Specialty Chemicals,899412784,2019-05-29T21:38:48Z,https://en.wikipedia.org/w/index.php?oldid=899412784,matched_gics
2019-05-31,EL,Estee Lauder Cos.,Consumer Staples,Household & Personal Products,Personal Products,Personal Products,899412784,2019-05-29T21:38:48Z,https://en.wikipedia.org/w/index.php?oldid=899412784,matched_gics
2019-05-31,ENB,Enbridge Inc.,,,,,,,,missing_gics
2019-05-31,EQIX,Equinix,Real Estate,Real Estate,Equity Real Estate Investment Trusts (REITs),Specialized REITs,899412784,2019-05-29T21:38:48Z,https://en.wikipedia.org/w/index.php?oldid=899412784,matched_gics
2019-05-31,EQNR,Equinor ASA,,,,,,,,missing_gics
2019-05-31,EXC,Exelon Corp.,Utilities,Utilities,Multi-Utilities,Multi-Utilities,899412784,2019-05-29T21:38:48Z,https://en.wikipedia.org/w/index.php?oldid=899412784,matched_gics
2019-05-31,FB,"Facebook, Inc.",Communication Services,Media & Entertainment,Interactive Media & Services,Interactive Media & Services,899412784,2019-05-29T21:38:48Z,https://en.wikipedia.org/w/index.php?oldid=899412784,matched_gics
2019-05-31,FCX,Freeport-McMoRan Inc.,Materials,Materials,Metals & Mining,Copper,899412784,2019-05-29T21:38:48Z,https://en.wikipedia.org/w/index.php?oldid=899412784,matched_gics
2019-05-31,GE,General Electric,Industrials,Capital Goods,Industrial Conglomerates,Industrial Conglomerates,899412784,2019-05-29T21:38:48Z,https://en.wikipedia.org/w/index.php?oldid=899412784,matched_gics
2019-05-31,GOOG,Alphabet Inc Class C,Communication Services,Media & Entertainment,Interactive Media & Services,Interactive Media & Services,899412784,2019-05-29T21:38:48Z,https://en.wikipedia.org/w/index.php?oldid=899412784,matched_gics
2019-05-31,HD,Home Depot,Consumer Discretionary,Retailing,Specialty Retail,Home Improvement Retail,899412784,2019-05-29T21:38:48Z,https://en.wikipedia.org/w/index.php?oldid=899412784,matched_gics
2019-05-31,HON,Honeywell Int'l Inc.,Industrials,Capital Goods,Industrial Conglomerates,Industrial Conglomerates,899412784,2019-05-29T21:38:48Z,https://en.wikipedia.org/w/index.php?oldid=899412784,matched_gics
2019-05-31,JD,"JD.com, Inc.",,,,,,,,missing_gics
2019-05-31,JNJ,Johnson & Johnson,Health Care,"Pharmaceuticals, Biotechnology & Life Sciences",Pharmaceuticals,Pharmaceuticals,899412784,2019-05-29T21:38:48Z,https://en.wikipedia.org/w/index.php?oldid=899412784,matched_gics
2019-05-31,JPM,JPMorgan Chase & Co.,Financials,Banks,Banks,Diversified Banks,899412784,2019-05-29T21:38:48Z,https://en.wikipedia.org/w/index.php?oldid=899412784,matched_gics
2019-05-31,KO,Coca-Cola Company,Consumer Staples,"Food, Beverage & Tobacco",Beverages,Soft Drinks,899412784,2019-05-29T21:38:48Z,https://en.wikipedia.org/w/index.php?oldid=899412784,matched_gics
2019-05-31,LLY,Lilly (Eli) & Co.,Health Care,"Pharmaceuticals, Biotechnology & Life Sciences",Pharmaceuticals,Pharmaceuticals,899412784,2019-05-29T21:38:48Z,https://en.wikipedia.org/w/index.php?oldid=899412784,matched_gics
2019-05-31,LOW,Lowe's Cos.,Consumer Discretionary,Retailing,Specialty Retail,Home Improvement Retail,899412784,2019-05-29T21:38:48Z,https://en.wikipedia.org/w/index.php?oldid=899412784,matched_gics
2019-05-31,MA,Mastercard Inc.,Information Technology,Software & Services,IT Services,IT Services,899412784,2019-05-29T21:38:48Z,https://en.wikipedia.org/w/index.php?oldid=899412784,matched_gics
2019-05-31,MCD,McDonald's Corp.,Consumer Discretionary,Consumer Services,"Hotels, Restaurants & Leisure",Restaurants,899412784,2019-05-29T21:38:48Z,https://en.wikipedia.org/w/index.php?oldid=899412784,matched_gics
2019-05-31,MMM,3M Company,Industrials,Capital Goods,Industrial Conglomerates,Industrial Conglomerates,899412784,2019-05-29T21:38:48Z,https://en.wikipedia.org/w/index.php?oldid=899412784,matched_gics
2019-05-31,MS,Morgan Stanley,Financials,Diversified Financials,Capital Markets,Investment Banking & Brokerage,899412784,2019-05-29T21:38:48Z,https://en.wikipedia.org/w/index.php?oldid=899412784,matched_gics
2019-05-31,MSFT,Microsoft Corp.,Information Technology,Software & Services,Software,Systems Software,899412784,2019-05-29T21:38:48Z,https://en.wikipedia.org/w/index.php?oldid=899412784,matched_gics
2019-05-31,NEE,NextEra Energy,Utilities,Utilities,Multi-Utilities,Multi-Utilities,899412784,2019-05-29T21:38:48Z,https://en.wikipedia.org/w/index.php?oldid=899412784,matched_gics
2019-05-31,NEM,Newmont Goldcorp,Materials,Materials,Metals & Mining,Gold,899412784,2019-05-29T21:38:48Z,https://en.wikipedia.org/w/index.php?oldid=899412784,matched_gics
2019-05-31,NFLX,Netflix Inc.,Communication Services,Media & Entertainment,Entertainment,Movies & Entertainment,899412784,2019-05-29T21:38:48Z,https://en.wikipedia.org/w/index.php?oldid=899412784,matched_gics
2019-05-31,NGG,National Grid plc,,,,,,,,missing_gics
2019-05-31,NKE,Nike,Consumer Discretionary,Consumer Durables & Apparel,"Textiles, Apparel & Luxury Goods","Apparel, Accessories & Luxury Goods",899412784,2019-05-29T21:38:48Z,https://en.wikipedia.org/w/index.php?oldid=899412784,matched_gics
2019-05-31,NVDA,Nvidia Corporation,Information Technology,Semiconductors & Semiconductor Equipment,Semiconductors & Semiconductor Equipment,Semiconductors,899412784,2019-05-29T21:38:48Z,https://en.wikipedia.org/w/index.php?oldid=899412784,matched_gics
2019-05-31,NVO,Novo Nordisk A/S,,,,,,,,missing_gics
2019-05-31,NVS,Novartis AG,,,,,,,,missing_gics
2019-05-31,O,Realty Income Corporation,Real Estate,Real Estate,Equity Real Estate Investment Trusts (REITs),Retail REITs,899412784,2019-05-29T21:38:48Z,https://en.wikipedia.org/w/index.php?oldid=899412784,matched_gics
2019-05-31,ORCL,Oracle Corp.,Information Technology,Software & Services,Software,Application Software,899412784,2019-05-29T21:38:48Z,https://en.wikipedia.org/w/index.php?oldid=899412784,matched_gics
2019-05-31,PEP,PepsiCo Inc.,Consumer Staples,"Food, Beverage & Tobacco",Beverages,Soft Drinks,899412784,2019-05-29T21:38:48Z,https://en.wikipedia.org/w/index.php?oldid=899412784,matched_gics
2019-05-31,PFE,Pfizer Inc.,Health Care,"Pharmaceuticals, Biotechnology & Life Sciences",Pharmaceuticals,Pharmaceuticals,899412784,2019-05-29T21:38:48Z,https://en.wikipedia.org/w/index.php?oldid=899412784,matched_gics
2019-05-31,PG,Procter & Gamble,Consumer Staples,Household & Personal Products,Personal Products,Personal Products,899412784,2019-05-29T21:38:48Z,https://en.wikipedia.org/w/index.php?oldid=899412784,matched_gics
2019-05-31,PLD,Prologis,Real Estate,Real Estate,Equity Real Estate Investment Trusts (REITs),Industrial REITs,899412784,2019-05-29T21:38:48Z,https://en.wikipedia.org/w/index.php?oldid=899412784,matched_gics
2019-05-31,PM,Philip Morris International,Consumer Staples,"Food, Beverage & Tobacco",Tobacco,Tobacco,899412784,2019-05-29T21:38:48Z,https://en.wikipedia.org/w/index.php?oldid=899412784,matched_gics
2019-05-31,PSA,Public Storage,Real Estate,Real Estate,Equity Real Estate Investment Trusts (REITs),Specialized REITs,899412784,2019-05-29T21:38:48Z,https://en.wikipedia.org/w/index.php?oldid=899412784,matched_gics
2019-05-31,PTR,PetroChina Company Limited,,,,,,,,missing_gics
2019-05-31,PYPL,PayPal,Information Technology,Software & Services,IT Services,Data Processing & Outsourced Services,899412784,2019-05-29T21:38:48Z,https://en.wikipedia.org/w/index.php?oldid=899412784,matched_gics
2019-05-31,RDS-B,Royal Dutch Shell plc,,,,,,,,missing_gics
2019-05-31,RIO,Rio Tinto Group,,,,,,,,missing_gics
2019-05-31,RTX,Raytheon Technologies Corporation,,,,,,,,missing_gics
2019-05-31,SBAC,SBA Communications,Real Estate,Real Estate,Equity Real Estate Investment Trusts (REITs),Specialized REITs,899412784,2019-05-29T21:38:48Z,https://en.wikipedia.org/w/index.php?oldid=899412784,matched_gics
2019-05-31,SBUX,Starbucks Corp.,Consumer Discretionary,Consumer Services,"Hotels, Restaurants & Leisure",Restaurants,899412784,2019-05-29T21:38:48Z,https://en.wikipedia.org/w/index.php?oldid=899412784,matched_gics
2019-05-31,SCHW,Charles Schwab Corporation,Financials,Diversified Financials,Capital Markets,Investment Banking & Brokerage,899412784,2019-05-29T21:38:48Z,https://en.wikipedia.org/w/index.php?oldid=899412784,matched_gics
2019-05-31,SHW,Sherwin-Williams,Materials,Materials,Chemicals,Specialty Chemicals,899412784,2019-05-29T21:38:48Z,https://en.wikipedia.org/w/index.php?oldid=899412784,matched_gics
2019-05-31,SNAP,Snap Inc.,,,,,,,,missing_gics
2019-05-31,SNP,China Petroleum & Chemical Corporation,,,,,,,,missing_gics
2019-05-31,SO,Southern Co.,Utilities,Utilities,Electric Utilities,Electric Utilities,899412784,2019-05-29T21:38:48Z,https://en.wikipedia.org/w/index.php?oldid=899412784,matched_gics
2019-05-31,SPG-PJ,"Simon Property Group, Inc.",,,,,,,,missing_gics
2019-05-31,SRE,Sempra Energy,Utilities,Utilities,Multi-Utilities,Multi-Utilities,899412784,2019-05-29T21:38:48Z,https://en.wikipedia.org/w/index.php?oldid=899412784,matched_gics
2019-05-31,T,AT&T Inc.,Communication Services,Telecommunication Services,Diversified Telecommunication Services,Integrated Telecommunication Services,899412784,2019-05-29T21:38:48Z,https://en.wikipedia.org/w/index.php?oldid=899412784,matched_gics
2019-05-31,TGT,Target Corp.,Consumer Discretionary,Retailing,Multiline Retail,General Merchandise Stores,899412784,2019-05-29T21:38:48Z,https://en.wikipedia.org/w/index.php?oldid=899412784,matched_gics
2019-05-31,TM,Toyota Motor Corporation,,,,,,,,missing_gics
2019-05-31,TMO,Thermo Fisher Scientific,Health Care,Health Care Equipment & Services,Health Care Equipment & Supplies,Health Care Equipment,899412784,2019-05-29T21:38:48Z,https://en.wikipedia.org/w/index.php?oldid=899412784,matched_gics
2019-05-31,TMUS,"T-Mobile US, Inc.",,,,,,,,missing_gics
2019-05-31,TSLA,"Tesla, Inc.",,,,,,,,missing_gics
2019-05-31,TSM,Taiwan Semiconductor Manufacturing Company Limited,,,,,,,,missing_gics
2019-05-31,TTE,TotalEnergies SE,,,,,,,,missing_gics
2019-05-31,UL,Unilever PLC,,,,,,,,missing_gics
2019-05-31,UNH,United Health Group Inc.,Health Care,Health Care Equipment & Services,Health Care Providers & Services,Managed Health Care,899412784,2019-05-29T21:38:48Z,https://en.wikipedia.org/w/index.php?oldid=899412784,matched_gics
2019-05-31,UNP,Union Pacific,Industrials,Transportation,Road & Rail,Railroads,899412784,2019-05-29T21:38:48Z,https://en.wikipedia.org/w/index.php?oldid=899412784,matched_gics
2019-05-31,UPS,United Parcel Service,Industrials,Transportation,Air Freight & Logistics,Air Freight & Logistics,899412784,2019-05-29T21:38:48Z,https://en.wikipedia.org/w/index.php?oldid=899412784,matched_gics
2019-05-31,V,Visa Inc.,Information Technology,Software & Services,IT Services,IT Services,899412784,2019-05-29T21:38:48Z,https://en.wikipedia.org/w/index.php?oldid=899412784,matched_gics
2019-05-31,VALE,Vale S.A.,,,,,,,,missing_gics
2019-05-31,VZ,Verizon Communications,Communication Services,Telecommunication Services,Diversified Telecommunication Services,Integrated Telecommunication Services,899412784,2019-05-29T21:38:48Z,https://en.wikipedia.org/w/index.php?oldid=899412784,matched_gics
2019-05-31,WELL,Welltower Inc.,Real Estate,Real Estate,Equity Real Estate Investment Trusts (REITs),Health Care REITs,899412784,2019-05-29T21:38:48Z,https://en.wikipedia.org/w/index.php?oldid=899412784,matched_gics
2019-05-31,WFC-PL,Wells Fargo & Company,,,,,,,,missing_gics
2019-05-31,WMT,Walmart,Consumer Staples,Food & Staples Retailing,Food & Staples Retailing,Hypermarkets & Super Centers,899412784,2019-05-29T21:38:48Z,https://en.wikipedia.org/w/index.php?oldid=899412784,matched_gics
2019-05-31,XEL,Xcel Energy Inc,Utilities,Utilities,Multi-Utilities,Multi-Utilities,899412784,2019-05-29T21:38:48Z,https://en.wikipedia.org/w/index.php?oldid=899412784,matched_gics
2019-05-31,XOM,Exxon Mobil Corp.,Energy,Energy,"Oil, Gas & Consumable Fuels",Integrated Oil & Gas,899412784,2019-05-29T21:38:48Z,https://en.wikipedia.org/w/index.php?oldid=899412784,matched_gics
2019-06-30,AAPL,Apple Inc.,Information Technology,Technology Hardware & Equipment,"Technology Hardware, Storage & Peripherals","Technology Hardware, Storage & Peripherals",903160297,2019-06-24T00:05:15Z,https://en.wikipedia.org/w/index.php?oldid=903160297,matched_gics
2019-06-30,ABBV,AbbVie Inc.,Health Care,"Pharmaceuticals, Biotechnology & Life Sciences",Pharmaceuticals,Pharmaceuticals,903160297,2019-06-24T00:05:15Z,https://en.wikipedia.org/w/index.php?oldid=903160297,matched_gics
2019-06-30,ABT,Abbott Laboratories,Health Care,Health Care Equipment & Services,Health Care Equipment & Supplies,Health Care Equipment,903160297,2019-06-24T00:05:15Z,https://en.wikipedia.org/w/index.php?oldid=903160297,matched_gics
2019-06-30,ACN,Accenture plc,Information Technology,Software & Services,IT Services,IT Consulting & Other Services,903160297,2019-06-24T00:05:15Z,https://en.wikipedia.org/w/index.php?oldid=903160297,matched_gics
2019-06-30,ADBE,Adobe Systems Inc,Information Technology,Software & Services,Software,Application Software,903160297,2019-06-24T00:05:15Z,https://en.wikipedia.org/w/index.php?oldid=903160297,matched_gics
2019-06-30,ADP,Automatic Data Processing,Information Technology,Software & Services,IT Services,Internet Services & Infrastructure,903160297,2019-06-24T00:05:15Z,https://en.wikipedia.org/w/index.php?oldid=903160297,matched_gics
2019-06-30,AEP,American Electric Power,Utilities,Utilities,Electric Utilities,Electric Utilities,903160297,2019-06-24T00:05:15Z,https://en.wikipedia.org/w/index.php?oldid=903160297,matched_gics
2019-06-30,AMT,American Tower Corp.,Real Estate,Real Estate,Equity Real Estate Investment Trusts (REITs),Specialized REITs,903160297,2019-06-24T00:05:15Z,https://en.wikipedia.org/w/index.php?oldid=903160297,matched_gics
2019-06-30,AMZN,Amazon.com Inc.,Consumer Discretionary,Retailing,Internet & Direct Marketing Retail,Internet & Direct Marketing Retail,903160297,2019-06-24T00:05:15Z,https://en.wikipedia.org/w/index.php?oldid=903160297,matched_gics
2019-06-30,APD,Air Products & Chemicals Inc,Materials,Materials,Chemicals,Industrial Gases,903160297,2019-06-24T00:05:15Z,https://en.wikipedia.org/w/index.php?oldid=903160297,matched_gics
2019-06-30,ASML,ASML Holding N.V.,,,,,,,,missing_gics
2019-06-30,AVGO,Broadcom Inc.,Information Technology,Semiconductors & Semiconductor Equipment,Semiconductors & Semiconductor Equipment,Semiconductors,903160297,2019-06-24T00:05:15Z,https://en.wikipedia.org/w/index.php?oldid=903160297,matched_gics
2019-06-30,AWK,American Water Works Company Inc,Utilities,Utilities,Water Utilities,Water Utilities,903160297,2019-06-24T00:05:15Z,https://en.wikipedia.org/w/index.php?oldid=903160297,matched_gics
2019-06-30,BA,Boeing Company,Industrials,Capital Goods,Aerospace & Defense,Aerospace & Defense,903160297,2019-06-24T00:05:15Z,https://en.wikipedia.org/w/index.php?oldid=903160297,matched_gics
2019-06-30,BABA,Alibaba Group Holding Limited,,,,,,,,missing_gics
2019-06-30,BAC,Bank of America Corp,Financials,Banks,Banks,Diversified Banks,903160297,2019-06-24T00:05:15Z,https://en.wikipedia.org/w/index.php?oldid=903160297,matched_gics
2019-06-30,BBL,BHP Group,,,,,,,,missing_gics
2019-06-30,BHP,BHP Group,,,,,,,,missing_gics
2019-06-30,BP,BP p.l.c.,,,,,,,,missing_gics
2019-06-30,BRK-A,Berkshire Hathaway Inc.,,,,,,,,missing_gics
2019-06-30,C-PJ,Citigroup Inc.,,,,,,,,missing_gics
2019-06-30,CAT,Caterpillar Inc.,Industrials,Capital Goods,Machinery,Construction Machinery & Heavy Trucks,903160297,2019-06-24T00:05:15Z,https://en.wikipedia.org/w/index.php?oldid=903160297,matched_gics
2019-06-30,CCI,Crown Castle International Corp.,Real Estate,Real Estate,Equity Real Estate Investment Trusts (REITs),Specialized REITs,903160297,2019-06-24T00:05:15Z,https://en.wikipedia.org/w/index.php?oldid=903160297,matched_gics
2019-06-30,CHTR,Charter Communications,Communication Services,Media,Media,Cable & Satellite,903160297,2019-06-24T00:05:15Z,https://en.wikipedia.org/w/index.php?oldid=903160297,matched_gics
2019-06-30,CMCSA,Comcast Corp.,Communication Services,Media,Media,Cable & Satellite,903160297,2019-06-24T00:05:15Z,https://en.wikipedia.org/w/index.php?oldid=903160297,matched_gics
2019-06-30,COP,ConocoPhillips,Energy,Energy,"Oil, Gas & Consumable Fuels",Oil & Gas Exploration & Production,903160297,2019-06-24T00:05:15Z,https://en.wikipedia.org/w/index.php?oldid=903160297,matched_gics
2019-06-30,COST,Costco Wholesale Corp.,Consumer Staples,Food & Staples Retailing,Food & Staples Retailing,Hypermarkets & Super Centers,903160297,2019-06-24T00:05:15Z,https://en.wikipedia.org/w/index.php?oldid=903160297,matched_gics
2019-06-30,CSCO,Cisco Systems,Information Technology,Technology Hardware & Equipment,Communications Equipment,Communications Equipment,903160297,2019-06-24T00:05:15Z,https://en.wikipedia.org/w/index.php?oldid=903160297,matched_gics
2019-06-30,CTA-PB,E. I. du Pont de Nemours and Company,,,,,,,,missing_gics
2019-06-30,CVX,Chevron Corp.,Energy,Energy,"Oil, Gas & Consumable Fuels",Integrated Oil & Gas,903160297,2019-06-24T00:05:15Z,https://en.wikipedia.org/w/index.php?oldid=903160297,matched_gics
2019-06-30,D,Dominion Energy,Utilities,Utilities,Electric Utilities,Electric Utilities,903160297,2019-06-24T00:05:15Z,https://en.wikipedia.org/w/index.php?oldid=903160297,matched_gics
2019-06-30,DE,Deere & Co.,Industrials,Capital Goods,Machinery,Agricultural & Farm Machinery,903160297,2019-06-24T00:05:15Z,https://en.wikipedia.org/w/index.php?oldid=903160297,matched_gics
2019-06-30,DEO,Diageo plc,,,,,,,,missing_gics
2019-06-30,DHR,Danaher Corp.,Health Care,Health Care Equipment & Services,Health Care Equipment & Supplies,Health Care Equipment,903160297,2019-06-24T00:05:15Z,https://en.wikipedia.org/w/index.php?oldid=903160297,matched_gics
2019-06-30,DIS,The Walt Disney Company,Communication Services,Media & Entertainment,Entertainment,Movies & Entertainment,903160297,2019-06-24T00:05:15Z,https://en.wikipedia.org/w/index.php?oldid=903160297,matched_gics
2019-06-30,DLR,Digital Realty Trust Inc,Real Estate,Real Estate,Equity Real Estate Investment Trusts (REITs),Specialized REITs,903160297,2019-06-24T00:05:15Z,https://en.wikipedia.org/w/index.php?oldid=903160297,matched_gics
2019-06-30,DUK,Duke Energy,Utilities,Utilities,Electric Utilities,Electric Utilities,903160297,2019-06-24T00:05:15Z,https://en.wikipedia.org/w/index.php?oldid=903160297,matched_gics
2019-06-30,ECL,Ecolab Inc.,Materials,Materials,Chemicals,Specialty Chemicals,903160297,2019-06-24T00:05:15Z,https://en.wikipedia.org/w/index.php?oldid=903160297,matched_gics
2019-06-30,EL,Estee Lauder Cos.,Consumer Staples,Household & Personal Products,Personal Products,Personal Products,903160297,2019-06-24T00:05:15Z,https://en.wikipedia.org/w/index.php?oldid=903160297,matched_gics
2019-06-30,ENB,Enbridge Inc.,,,,,,,,missing_gics
2019-06-30,EQIX,Equinix,Real Estate,Real Estate,Equity Real Estate Investment Trusts (REITs),Specialized REITs,903160297,2019-06-24T00:05:15Z,https://en.wikipedia.org/w/index.php?oldid=903160297,matched_gics
2019-06-30,EQNR,Equinor ASA,,,,,,,,missing_gics
2019-06-30,EXC,Exelon Corp.,Utilities,Utilities,Multi-Utilities,Multi-Utilities,903160297,2019-06-24T00:05:15Z,https://en.wikipedia.org/w/index.php?oldid=903160297,matched_gics
2019-06-30,FB,"Facebook, Inc.",Communication Services,Media & Entertainment,Interactive Media & Services,Interactive Media & Services,903160297,2019-06-24T00:05:15Z,https://en.wikipedia.org/w/index.php?oldid=903160297,matched_gics
2019-06-30,FCX,Freeport-McMoRan Inc.,Materials,Materials,Metals & Mining,Copper,903160297,2019-06-24T00:05:15Z,https://en.wikipedia.org/w/index.php?oldid=903160297,matched_gics
2019-06-30,GE,General Electric,Industrials,Capital Goods,Industrial Conglomerates,Industrial Conglomerates,903160297,2019-06-24T00:05:15Z,https://en.wikipedia.org/w/index.php?oldid=903160297,matched_gics
2019-06-30,GOOG,Alphabet Inc Class C,Communication Services,Media & Entertainment,Interactive Media & Services,Interactive Media & Services,903160297,2019-06-24T00:05:15Z,https://en.wikipedia.org/w/index.php?oldid=903160297,matched_gics
2019-06-30,HD,Home Depot,Consumer Discretionary,Retailing,Specialty Retail,Home Improvement Retail,903160297,2019-06-24T00:05:15Z,https://en.wikipedia.org/w/index.php?oldid=903160297,matched_gics
2019-06-30,HON,Honeywell Int'l Inc.,Industrials,Capital Goods,Industrial Conglomerates,Industrial Conglomerates,903160297,2019-06-24T00:05:15Z,https://en.wikipedia.org/w/index.php?oldid=903160297,matched_gics
2019-06-30,JD,"JD.com, Inc.",,,,,,,,missing_gics
2019-06-30,JNJ,Johnson & Johnson,Health Care,"Pharmaceuticals, Biotechnology & Life Sciences",Pharmaceuticals,Pharmaceuticals,903160297,2019-06-24T00:05:15Z,https://en.wikipedia.org/w/index.php?oldid=903160297,matched_gics
2019-06-30,JPM,JPMorgan Chase & Co.,Financials,Banks,Banks,Diversified Banks,903160297,2019-06-24T00:05:15Z,https://en.wikipedia.org/w/index.php?oldid=903160297,matched_gics
2019-06-30,KO,Coca-Cola Company,Consumer Staples,"Food, Beverage & Tobacco",Beverages,Soft Drinks,903160297,2019-06-24T00:05:15Z,https://en.wikipedia.org/w/index.php?oldid=903160297,matched_gics
2019-06-30,LLY,Lilly (Eli) & Co.,Health Care,"Pharmaceuticals, Biotechnology & Life Sciences",Pharmaceuticals,Pharmaceuticals,903160297,2019-06-24T00:05:15Z,https://en.wikipedia.org/w/index.php?oldid=903160297,matched_gics
2019-06-30,LOW,Lowe's Cos.,Consumer Discretionary,Retailing,Specialty Retail,Home Improvement Retail,903160297,2019-06-24T00:05:15Z,https://en.wikipedia.org/w/index.php?oldid=903160297,matched_gics
2019-06-30,MA,Mastercard Inc.,Information Technology,Software & Services,IT Services,IT Services,903160297,2019-06-24T00:05:15Z,https://en.wikipedia.org/w/index.php?oldid=903160297,matched_gics
2019-06-30,MCD,McDonald's Corp.,Consumer Discretionary,Consumer Services,"Hotels, Restaurants & Leisure",Restaurants,903160297,2019-06-24T00:05:15Z,https://en.wikipedia.org/w/index.php?oldid=903160297,matched_gics
2019-06-30,MMM,3M Company,Industrials,Capital Goods,Industrial Conglomerates,Industrial Conglomerates,903160297,2019-06-24T00:05:15Z,https://en.wikipedia.org/w/index.php?oldid=903160297,matched_gics
2019-06-30,MS,Morgan Stanley,Financials,Diversified Financials,Capital Markets,Investment Banking & Brokerage,903160297,2019-06-24T00:05:15Z,https://en.wikipedia.org/w/index.php?oldid=903160297,matched_gics
2019-06-30,MSFT,Microsoft Corp.,Information Technology,Software & Services,Software,Systems Software,903160297,2019-06-24T00:05:15Z,https://en.wikipedia.org/w/index.php?oldid=903160297,matched_gics
2019-06-30,NEE,NextEra Energy,Utilities,Utilities,Multi-Utilities,Multi-Utilities,903160297,2019-06-24T00:05:15Z,https://en.wikipedia.org/w/index.php?oldid=903160297,matched_gics
2019-06-30,NEM,Newmont Goldcorp,Materials,Materials,Metals & Mining,Gold,903160297,2019-06-24T00:05:15Z,https://en.wikipedia.org/w/index.php?oldid=903160297,matched_gics
2019-06-30,NFLX,Netflix Inc.,Communication Services,Media & Entertainment,Entertainment,Movies & Entertainment,903160297,2019-06-24T00:05:15Z,https://en.wikipedia.org/w/index.php?oldid=903160297,matched_gics
2019-06-30,NGG,National Grid plc,,,,,,,,missing_gics
2019-06-30,NKE,Nike,Consumer Discretionary,Consumer Durables & Apparel,"Textiles, Apparel & Luxury Goods","Apparel, Accessories & Luxury Goods",903160297,2019-06-24T00:05:15Z,https://en.wikipedia.org/w/index.php?oldid=903160297,matched_gics
2019-06-30,NVDA,Nvidia Corporation,Information Technology,Semiconductors & Semiconductor Equipment,Semiconductors & Semiconductor Equipment,Semiconductors,903160297,2019-06-24T00:05:15Z,https://en.wikipedia.org/w/index.php?oldid=903160297,matched_gics
2019-06-30,NVO,Novo Nordisk A/S,,,,,,,,missing_gics
2019-06-30,NVS,Novartis AG,,,,,,,,missing_gics
2019-06-30,O,Realty Income Corporation,Real Estate,Real Estate,Equity Real Estate Investment Trusts (REITs),Retail REITs,903160297,2019-06-24T00:05:15Z,https://en.wikipedia.org/w/index.php?oldid=903160297,matched_gics
2019-06-30,ORCL,Oracle Corp.,Information Technology,Software & Services,Software,Application Software,903160297,2019-06-24T00:05:15Z,https://en.wikipedia.org/w/index.php?oldid=903160297,matched_gics
2019-06-30,PEP,PepsiCo Inc.,Consumer Staples,"Food, Beverage & Tobacco",Beverages,Soft Drinks,903160297,2019-06-24T00:05:15Z,https://en.wikipedia.org/w/index.php?oldid=903160297,matched_gics
2019-06-30,PFE,Pfizer Inc.,Health Care,"Pharmaceuticals, Biotechnology & Life Sciences",Pharmaceuticals,Pharmaceuticals,903160297,2019-06-24T00:05:15Z,https://en.wikipedia.org/w/index.php?oldid=903160297,matched_gics
2019-06-30,PG,Procter & Gamble,Consumer Staples,Household & Personal Products,Personal Products,Personal Products,903160297,2019-06-24T00:05:15Z,https://en.wikipedia.org/w/index.php?oldid=903160297,matched_gics
2019-06-30,PLD,Prologis,Real Estate,Real Estate,Equity Real Estate Investment Trusts (REITs),Industrial REITs,903160297,2019-06-24T00:05:15Z,https://en.wikipedia.org/w/index.php?oldid=903160297,matched_gics
2019-06-30,PM,Philip Morris International,Consumer Staples,"Food, Beverage & Tobacco",Tobacco,Tobacco,903160297,2019-06-24T00:05:15Z,https://en.wikipedia.org/w/index.php?oldid=903160297,matched_gics
2019-06-30,PSA,Public Storage,Real Estate,Real Estate,Equity Real Estate Investment Trusts (REITs),Specialized REITs,903160297,2019-06-24T00:05:15Z,https://en.wikipedia.org/w/index.php?oldid=903160297,matched_gics
2019-06-30,PTR,PetroChina Company Limited,,,,,,,,missing_gics
2019-06-30,PYPL,PayPal,Information Technology,Software & Services,IT Services,Data Processing & Outsourced Services,903160297,2019-06-24T00:05:15Z,https://en.wikipedia.org/w/index.php?oldid=903160297,matched_gics
2019-06-30,RDS-B,Royal Dutch Shell plc,,,,,,,,missing_gics
2019-06-30,RIO,Rio Tinto Group,,,,,,,,missing_gics
2019-06-30,RTX,Raytheon Technologies Corporation,,,,,,,,missing_gics
2019-06-30,SBAC,SBA Communications,Real Estate,Real Estate,Equity Real Estate Investment Trusts (REITs),Specialized REITs,903160297,2019-06-24T00:05:15Z,https://en.wikipedia.org/w/index.php?oldid=903160297,matched_gics
2019-06-30,SBUX,Starbucks Corp.,Consumer Discretionary,Consumer Services,"Hotels, Restaurants & Leisure",Restaurants,903160297,2019-06-24T00:05:15Z,https://en.wikipedia.org/w/index.php?oldid=903160297,matched_gics
2019-06-30,SCHW,Charles Schwab Corporation,Financials,Diversified Financials,Capital Markets,Investment Banking & Brokerage,903160297,2019-06-24T00:05:15Z,https://en.wikipedia.org/w/index.php?oldid=903160297,matched_gics
2019-06-30,SHW,Sherwin-Williams,Materials,Materials,Chemicals,Specialty Chemicals,903160297,2019-06-24T00:05:15Z,https://en.wikipedia.org/w/index.php?oldid=903160297,matched_gics
2019-06-30,SNAP,Snap Inc.,,,,,,,,missing_gics
2019-06-30,SNP,China Petroleum & Chemical Corporation,,,,,,,,missing_gics
2019-06-30,SO,Southern Co.,Utilities,Utilities,Electric Utilities,Electric Utilities,903160297,2019-06-24T00:05:15Z,https://en.wikipedia.org/w/index.php?oldid=903160297,matched_gics
2019-06-30,SPG-PJ,"Simon Property Group, Inc.",,,,,,,,missing_gics
2019-06-30,SRE,Sempra Energy,Utilities,Utilities,Multi-Utilities,Multi-Utilities,903160297,2019-06-24T00:05:15Z,https://en.wikipedia.org/w/index.php?oldid=903160297,matched_gics
2019-06-30,T,AT&T Inc.,Communication Services,Telecommunication Services,Diversified Telecommunication Services,Integrated Telecommunication Services,903160297,2019-06-24T00:05:15Z,https://en.wikipedia.org/w/index.php?oldid=903160297,matched_gics
2019-06-30,TGT,Target Corp.,Consumer Discretionary,Retailing,Multiline Retail,General Merchandise Stores,903160297,2019-06-24T00:05:15Z,https://en.wikipedia.org/w/index.php?oldid=903160297,matched_gics
2019-06-30,TM,Toyota Motor Corporation,,,,,,,,missing_gics
2019-06-30,TMO,Thermo Fisher Scientific,Health Care,Health Care Equipment & Services,Health Care Equipment & Supplies,Health Care Equipment,903160297,2019-06-24T00:05:15Z,https://en.wikipedia.org/w/index.php?oldid=903160297,matched_gics
2019-06-30,TMUS,"T-Mobile US, Inc.",,,,,,,,missing_gics
2019-06-30,TSLA,"Tesla, Inc.",,,,,,,,missing_gics
2019-06-30,TSM,Taiwan Semiconductor Manufacturing Company Limited,,,,,,,,missing_gics
2019-06-30,TTE,TotalEnergies SE,,,,,,,,missing_gics
2019-06-30,UL,Unilever PLC,,,,,,,,missing_gics
2019-06-30,UNH,United Health Group Inc.,Health Care,Health Care Equipment & Services,Health Care Providers & Services,Managed Health Care,903160297,2019-06-24T00:05:15Z,https://en.wikipedia.org/w/index.php?oldid=903160297,matched_gics
2019-06-30,UNP,Union Pacific Corp,Industrials,Transportation,Road & Rail,Railroads,903160297,2019-06-24T00:05:15Z,https://en.wikipedia.org/w/index.php?oldid=903160297,matched_gics
2019-06-30,UPS,United Parcel Service,Industrials,Transportation,Air Freight & Logistics,Air Freight & Logistics,903160297,2019-06-24T00:05:15Z,https://en.wikipedia.org/w/index.php?oldid=903160297,matched_gics
2019-06-30,V,Visa Inc.,Information Technology,Software & Services,IT Services,IT Services,903160297,2019-06-24T00:05:15Z,https://en.wikipedia.org/w/index.php?oldid=903160297,matched_gics
2019-06-30,VALE,Vale S.A.,,,,,,,,missing_gics
2019-06-30,VZ,Verizon Communications,Communication Services,Telecommunication Services,Diversified Telecommunication Services,Integrated Telecommunication Services,903160297,2019-06-24T00:05:15Z,https://en.wikipedia.org/w/index.php?oldid=903160297,matched_gics
2019-06-30,WELL,Welltower Inc.,Real Estate,Real Estate,Equity Real Estate Investment Trusts (REITs),Health Care REITs,903160297,2019-06-24T00:05:15Z,https://en.wikipedia.org/w/index.php?oldid=903160297,matched_gics
2019-06-30,WFC-PL,Wells Fargo & Company,,,,,,,,missing_gics
2019-06-30,WMT,Walmart,Consumer Staples,Food & Staples Retailing,Food & Staples Retailing,Hypermarkets & Super Centers,903160297,2019-06-24T00:05:15Z,https://en.wikipedia.org/w/index.php?oldid=903160297,matched_gics
2019-06-30,XEL,Xcel Energy Inc,Utilities,Utilities,Multi-Utilities,Multi-Utilities,903160297,2019-06-24T00:05:15Z,https://en.wikipedia.org/w/index.php?oldid=903160297,matched_gics
2019-06-30,XOM,Exxon Mobil Corp.,Energy,Energy,"Oil, Gas & Consumable Fuels",Integrated Oil & Gas,903160297,2019-06-24T00:05:15Z,https://en.wikipedia.org/w/index.php?oldid=903160297,matched_gics
2019-07-31,AAPL,Apple Inc.,Information Technology,Technology Hardware & Equipment,"Technology Hardware, Storage & Peripherals","Technology Hardware, Storage & Peripherals",906900594,2019-07-19T01:54:02Z,https://en.wikipedia.org/w/index.php?oldid=906900594,matched_gics
2019-07-31,ABBV,AbbVie Inc.,Health Care,"Pharmaceuticals, Biotechnology & Life Sciences",Pharmaceuticals,Pharmaceuticals,906900594,2019-07-19T01:54:02Z,https://en.wikipedia.org/w/index.php?oldid=906900594,matched_gics
2019-07-31,ABT,Abbott Laboratories,Health Care,Health Care Equipment & Services,Health Care Equipment & Supplies,Health Care Equipment,906900594,2019-07-19T01:54:02Z,https://en.wikipedia.org/w/index.php?oldid=906900594,matched_gics
2019-07-31,ACN,Accenture plc,Information Technology,Software & Services,IT Services,IT Consulting & Other Services,906900594,2019-07-19T01:54:02Z,https://en.wikipedia.org/w/index.php?oldid=906900594,matched_gics
2019-07-31,ADBE,Adobe Systems Inc,Information Technology,Software & Services,Software,Application Software,906900594,2019-07-19T01:54:02Z,https://en.wikipedia.org/w/index.php?oldid=906900594,matched_gics
2019-07-31,ADP,Automatic Data Processing,Information Technology,Software & Services,IT Services,Internet Services & Infrastructure,906900594,2019-07-19T01:54:02Z,https://en.wikipedia.org/w/index.php?oldid=906900594,matched_gics
2019-07-31,AEP,American Electric Power,Utilities,Utilities,Electric Utilities,Electric Utilities,906900594,2019-07-19T01:54:02Z,https://en.wikipedia.org/w/index.php?oldid=906900594,matched_gics
2019-07-31,AMT,American Tower Corp.,Real Estate,Real Estate,Equity Real Estate Investment Trusts (REITs),Specialized REITs,906900594,2019-07-19T01:54:02Z,https://en.wikipedia.org/w/index.php?oldid=906900594,matched_gics
2019-07-31,AMZN,Amazon.com Inc.,Consumer Discretionary,Retailing,Internet & Direct Marketing Retail,Internet & Direct Marketing Retail,906900594,2019-07-19T01:54:02Z,https://en.wikipedia.org/w/index.php?oldid=906900594,matched_gics
2019-07-31,APD,Air Products & Chemicals Inc,Materials,Materials,Chemicals,Industrial Gases,906900594,2019-07-19T01:54:02Z,https://en.wikipedia.org/w/index.php?oldid=906900594,matched_gics
2019-07-31,ASML,ASML Holding N.V.,,,,,,,,missing_gics
2019-07-31,AVGO,Broadcom Inc.,Information Technology,Semiconductors & Semiconductor Equipment,Semiconductors & Semiconductor Equipment,Semiconductors,906900594,2019-07-19T01:54:02Z,https://en.wikipedia.org/w/index.php?oldid=906900594,matched_gics
2019-07-31,AWK,American Water Works Company Inc,Utilities,Utilities,Water Utilities,Water Utilities,906900594,2019-07-19T01:54:02Z,https://en.wikipedia.org/w/index.php?oldid=906900594,matched_gics
2019-07-31,BA,Boeing Company,Industrials,Capital Goods,Aerospace & Defense,Aerospace & Defense,906900594,2019-07-19T01:54:02Z,https://en.wikipedia.org/w/index.php?oldid=906900594,matched_gics
2019-07-31,BABA,Alibaba Group Holding Limited,,,,,,,,missing_gics
2019-07-31,BAC,Bank of America Corp,Financials,Banks,Banks,Diversified Banks,906900594,2019-07-19T01:54:02Z,https://en.wikipedia.org/w/index.php?oldid=906900594,matched_gics
2019-07-31,BBL,BHP Group,,,,,,,,missing_gics
2019-07-31,BHP,BHP Group,,,,,,,,missing_gics
2019-07-31,BP,BP p.l.c.,,,,,,,,missing_gics
2019-07-31,BRK-A,Berkshire Hathaway Inc.,,,,,,,,missing_gics
2019-07-31,C-PJ,Citigroup Inc.,,,,,,,,missing_gics
2019-07-31,CAT,Caterpillar Inc.,Industrials,Capital Goods,Machinery,Construction Machinery & Heavy Trucks,906900594,2019-07-19T01:54:02Z,https://en.wikipedia.org/w/index.php?oldid=906900594,matched_gics
2019-07-31,CCI,Crown Castle International Corp.,Real Estate,Real Estate,Equity Real Estate Investment Trusts (REITs),Specialized REITs,906900594,2019-07-19T01:54:02Z,https://en.wikipedia.org/w/index.php?oldid=906900594,matched_gics
2019-07-31,CHTR,Charter Communications,Communication Services,Media,Media,Cable & Satellite,906900594,2019-07-19T01:54:02Z,https://en.wikipedia.org/w/index.php?oldid=906900594,matched_gics
2019-07-31,CMCSA,Comcast Corp.,Communication Services,Media,Media,Cable & Satellite,906900594,2019-07-19T01:54:02Z,https://en.wikipedia.org/w/index.php?oldid=906900594,matched_gics
2019-07-31,COP,ConocoPhillips,Energy,Energy,"Oil, Gas & Consumable Fuels",Oil & Gas Exploration & Production,906900594,2019-07-19T01:54:02Z,https://en.wikipedia.org/w/index.php?oldid=906900594,matched_gics
2019-07-31,COST,Costco Wholesale Corp.,Consumer Staples,Food & Staples Retailing,Food & Staples Retailing,Hypermarkets & Super Centers,906900594,2019-07-19T01:54:02Z,https://en.wikipedia.org/w/index.php?oldid=906900594,matched_gics
2019-07-31,CSCO,Cisco Systems,Information Technology,Technology Hardware & Equipment,Communications Equipment,Communications Equipment,906900594,2019-07-19T01:54:02Z,https://en.wikipedia.org/w/index.php?oldid=906900594,matched_gics
2019-07-31,CTA-PB,E. I. du Pont de Nemours and Company,,,,,,,,missing_gics
2019-07-31,CVX,Chevron Corp.,Energy,Energy,"Oil, Gas & Consumable Fuels",Integrated Oil & Gas,906900594,2019-07-19T01:54:02Z,https://en.wikipedia.org/w/index.php?oldid=906900594,matched_gics
2019-07-31,D,Dominion Energy,Utilities,Utilities,Electric Utilities,Electric Utilities,906900594,2019-07-19T01:54:02Z,https://en.wikipedia.org/w/index.php?oldid=906900594,matched_gics
2019-07-31,DE,Deere & Co.,Industrials,Capital Goods,Machinery,Agricultural & Farm Machinery,906900594,2019-07-19T01:54:02Z,https://en.wikipedia.org/w/index.php?oldid=906900594,matched_gics
2019-07-31,DEO,Diageo plc,,,,,,,,missing_gics
2019-07-31,DHR,Danaher Corp.,Health Care,Health Care Equipment & Services,Health Care Equipment & Supplies,Health Care Equipment,906900594,2019-07-19T01:54:02Z,https://en.wikipedia.org/w/index.php?oldid=906900594,matched_gics
2019-07-31,DIS,The Walt Disney Company,Communication Services,Media & Entertainment,Entertainment,Movies & Entertainment,906900594,2019-07-19T01:54:02Z,https://en.wikipedia.org/w/index.php?oldid=906900594,matched_gics
2019-07-31,DLR,Digital Realty Trust Inc,Real Estate,Real Estate,Equity Real Estate Investment Trusts (REITs),Specialized REITs,906900594,2019-07-19T01:54:02Z,https://en.wikipedia.org/w/index.php?oldid=906900594,matched_gics
2019-07-31,DUK,Duke Energy,Utilities,Utilities,Electric Utilities,Electric Utilities,906900594,2019-07-19T01:54:02Z,https://en.wikipedia.org/w/index.php?oldid=906900594,matched_gics
2019-07-31,ECL,Ecolab Inc.,Materials,Materials,Chemicals,Specialty Chemicals,906900594,2019-07-19T01:54:02Z,https://en.wikipedia.org/w/index.php?oldid=906900594,matched_gics
2019-07-31,EL,Estee Lauder Cos.,Consumer Staples,Household & Personal Products,Personal Products,Personal Products,906900594,2019-07-19T01:54:02Z,https://en.wikipedia.org/w/index.php?oldid=906900594,matched_gics
2019-07-31,ENB,Enbridge Inc.,,,,,,,,missing_gics
2019-07-31,EQIX,Equinix,Real Estate,Real Estate,Equity Real Estate Investment Trusts (REITs),Specialized REITs,906900594,2019-07-19T01:54:02Z,https://en.wikipedia.org/w/index.php?oldid=906900594,matched_gics
2019-07-31,EQNR,Equinor ASA,,,,,,,,missing_gics
2019-07-31,EXC,Exelon Corp.,Utilities,Utilities,Multi-Utilities,Multi-Utilities,906900594,2019-07-19T01:54:02Z,https://en.wikipedia.org/w/index.php?oldid=906900594,matched_gics
2019-07-31,FB,"Facebook, Inc.",Communication Services,Media & Entertainment,Interactive Media & Services,Interactive Media & Services,906900594,2019-07-19T01:54:02Z,https://en.wikipedia.org/w/index.php?oldid=906900594,matched_gics
2019-07-31,FCX,Freeport-McMoRan Inc.,Materials,Materials,Metals & Mining,Copper,906900594,2019-07-19T01:54:02Z,https://en.wikipedia.org/w/index.php?oldid=906900594,matched_gics
2019-07-31,GE,General Electric,Industrials,Capital Goods,Industrial Conglomerates,Industrial Conglomerates,906900594,2019-07-19T01:54:02Z,https://en.wikipedia.org/w/index.php?oldid=906900594,matched_gics
2019-07-31,GOOG,Alphabet Inc Class C,Communication Services,Media & Entertainment,Interactive Media & Services,Interactive Media & Services,906900594,2019-07-19T01:54:02Z,https://en.wikipedia.org/w/index.php?oldid=906900594,matched_gics
2019-07-31,HD,Home Depot,Consumer Discretionary,Retailing,Specialty Retail,Home Improvement Retail,906900594,2019-07-19T01:54:02Z,https://en.wikipedia.org/w/index.php?oldid=906900594,matched_gics
2019-07-31,HON,Honeywell Int'l Inc.,Industrials,Capital Goods,Industrial Conglomerates,Industrial Conglomerates,906900594,2019-07-19T01:54:02Z,https://en.wikipedia.org/w/index.php?oldid=906900594,matched_gics
2019-07-31,JD,"JD.com, Inc.",,,,,,,,missing_gics
2019-07-31,JNJ,Johnson & Johnson,Health Care,"Pharmaceuticals, Biotechnology & Life Sciences",Pharmaceuticals,Pharmaceuticals,906900594,2019-07-19T01:54:02Z,https://en.wikipedia.org/w/index.php?oldid=906900594,matched_gics
2019-07-31,JPM,JPMorgan Chase & Co.,Financials,Banks,Banks,Diversified Banks,906900594,2019-07-19T01:54:02Z,https://en.wikipedia.org/w/index.php?oldid=906900594,matched_gics
2019-07-31,KO,Coca-Cola Company,Consumer Staples,"Food, Beverage & Tobacco",Beverages,Soft Drinks,906900594,2019-07-19T01:54:02Z,https://en.wikipedia.org/w/index.php?oldid=906900594,matched_gics
2019-07-31,LLY,Lilly (Eli) & Co.,Health Care,"Pharmaceuticals, Biotechnology & Life Sciences",Pharmaceuticals,Pharmaceuticals,906900594,2019-07-19T01:54:02Z,https://en.wikipedia.org/w/index.php?oldid=906900594,matched_gics
2019-07-31,LOW,Lowe's Cos.,Consumer Discretionary,Retailing,Specialty Retail,Home Improvement Retail,906900594,2019-07-19T01:54:02Z,https://en.wikipedia.org/w/index.php?oldid=906900594,matched_gics
2019-07-31,MA,Mastercard Inc.,Information Technology,Software & Services,IT Services,IT Services,906900594,2019-07-19T01:54:02Z,https://en.wikipedia.org/w/index.php?oldid=906900594,matched_gics
2019-07-31,MCD,McDonald's Corp.,Consumer Discretionary,Consumer Services,"Hotels, Restaurants & Leisure",Restaurants,906900594,2019-07-19T01:54:02Z,https://en.wikipedia.org/w/index.php?oldid=906900594,matched_gics
2019-07-31,MMM,3M Company,Industrials,Capital Goods,Industrial Conglomerates,Industrial Conglomerates,906900594,2019-07-19T01:54:02Z,https://en.wikipedia.org/w/index.php?oldid=906900594,matched_gics
2019-07-31,MS,Morgan Stanley,Financials,Diversified Financials,Capital Markets,Investment Banking & Brokerage,906900594,2019-07-19T01:54:02Z,https://en.wikipedia.org/w/index.php?oldid=906900594,matched_gics
2019-07-31,MSFT,Microsoft Corp.,Information Technology,Software & Services,Software,Systems Software,906900594,2019-07-19T01:54:02Z,https://en.wikipedia.org/w/index.php?oldid=906900594,matched_gics
2019-07-31,NEE,NextEra Energy,Utilities,Utilities,Multi-Utilities,Multi-Utilities,906900594,2019-07-19T01:54:02Z,https://en.wikipedia.org/w/index.php?oldid=906900594,matched_gics
2019-07-31,NEM,Newmont Goldcorp,Materials,Materials,Metals & Mining,Gold,906900594,2019-07-19T01:54:02Z,https://en.wikipedia.org/w/index.php?oldid=906900594,matched_gics
2019-07-31,NFLX,Netflix Inc.,Communication Services,Media & Entertainment,Entertainment,Movies & Entertainment,906900594,2019-07-19T01:54:02Z,https://en.wikipedia.org/w/index.php?oldid=906900594,matched_gics
2019-07-31,NGG,National Grid plc,,,,,,,,missing_gics
2019-07-31,NKE,Nike,Consumer Discretionary,Consumer Durables & Apparel,"Textiles, Apparel & Luxury Goods","Apparel, Accessories & Luxury Goods",906900594,2019-07-19T01:54:02Z,https://en.wikipedia.org/w/index.php?oldid=906900594,matched_gics
2019-07-31,NVDA,Nvidia Corporation,Information Technology,Semiconductors & Semiconductor Equipment,Semiconductors & Semiconductor Equipment,Semiconductors,906900594,2019-07-19T01:54:02Z,https://en.wikipedia.org/w/index.php?oldid=906900594,matched_gics
2019-07-31,NVO,Novo Nordisk A/S,,,,,,,,missing_gics
2019-07-31,NVS,Novartis AG,,,,,,,,missing_gics
2019-07-31,O,Realty Income Corporation,Real Estate,Real Estate,Equity Real Estate Investment Trusts (REITs),Retail REITs,906900594,2019-07-19T01:54:02Z,https://en.wikipedia.org/w/index.php?oldid=906900594,matched_gics
2019-07-31,ORCL,Oracle Corp.,Information Technology,Software & Services,Software,Application Software,906900594,2019-07-19T01:54:02Z,https://en.wikipedia.org/w/index.php?oldid=906900594,matched_gics
2019-07-31,PEP,PepsiCo Inc.,Consumer Staples,"Food, Beverage & Tobacco",Beverages,Soft Drinks,906900594,2019-07-19T01:54:02Z,https://en.wikipedia.org/w/index.php?oldid=906900594,matched_gics
2019-07-31,PFE,Pfizer Inc.,Health Care,"Pharmaceuticals, Biotechnology & Life Sciences",Pharmaceuticals,Pharmaceuticals,906900594,2019-07-19T01:54:02Z,https://en.wikipedia.org/w/index.php?oldid=906900594,matched_gics
2019-07-31,PG,Procter & Gamble,Consumer Staples,Household & Personal Products,Personal Products,Personal Products,906900594,2019-07-19T01:54:02Z,https://en.wikipedia.org/w/index.php?oldid=906900594,matched_gics
2019-07-31,PLD,Prologis,Real Estate,Real Estate,Equity Real Estate Investment Trusts (REITs),Industrial REITs,906900594,2019-07-19T01:54:02Z,https://en.wikipedia.org/w/index.php?oldid=906900594,matched_gics
2019-07-31,PM,Philip Morris International,Consumer Staples,"Food, Beverage & Tobacco",Tobacco,Tobacco,906900594,2019-07-19T01:54:02Z,https://en.wikipedia.org/w/index.php?oldid=906900594,matched_gics
2019-07-31,PSA,Public Storage,Real Estate,Real Estate,Equity Real Estate Investment Trusts (REITs),Specialized REITs,906900594,2019-07-19T01:54:02Z,https://en.wikipedia.org/w/index.php?oldid=906900594,matched_gics
2019-07-31,PTR,PetroChina Company Limited,,,,,,,,missing_gics
2019-07-31,PYPL,PayPal,Information Technology,Software & Services,IT Services,Data Processing & Outsourced Services,906900594,2019-07-19T01:54:02Z,https://en.wikipedia.org/w/index.php?oldid=906900594,matched_gics
2019-07-31,RDS-B,Royal Dutch Shell plc,,,,,,,,missing_gics
2019-07-31,RIO,Rio Tinto Group,,,,,,,,missing_gics
2019-07-31,RTX,Raytheon Technologies Corporation,,,,,,,,missing_gics
2019-07-31,SBAC,SBA Communications,Real Estate,Real Estate,Equity Real Estate Investment Trusts (REITs),Specialized REITs,906900594,2019-07-19T01:54:02Z,https://en.wikipedia.org/w/index.php?oldid=906900594,matched_gics
2019-07-31,SBUX,Starbucks Corp.,Consumer Discretionary,Consumer Services,"Hotels, Restaurants & Leisure",Restaurants,906900594,2019-07-19T01:54:02Z,https://en.wikipedia.org/w/index.php?oldid=906900594,matched_gics
2019-07-31,SCHW,Charles Schwab Corporation,Financials,Diversified Financials,Capital Markets,Investment Banking & Brokerage,906900594,2019-07-19T01:54:02Z,https://en.wikipedia.org/w/index.php?oldid=906900594,matched_gics
2019-07-31,SHW,Sherwin-Williams,Materials,Materials,Chemicals,Specialty Chemicals,906900594,2019-07-19T01:54:02Z,https://en.wikipedia.org/w/index.php?oldid=906900594,matched_gics
2019-07-31,SNAP,Snap Inc.,,,,,,,,missing_gics
2019-07-31,SNP,China Petroleum & Chemical Corporation,,,,,,,,missing_gics
2019-07-31,SO,Southern Co.,Utilities,Utilities,Electric Utilities,Electric Utilities,906900594,2019-07-19T01:54:02Z,https://en.wikipedia.org/w/index.php?oldid=906900594,matched_gics
2019-07-31,SPG-PJ,"Simon Property Group, Inc.",,,,,,,,missing_gics
2019-07-31,SRE,Sempra Energy,Utilities,Utilities,Multi-Utilities,Multi-Utilities,906900594,2019-07-19T01:54:02Z,https://en.wikipedia.org/w/index.php?oldid=906900594,matched_gics
2019-07-31,T,AT&T Inc.,Communication Services,Telecommunication Services,Diversified Telecommunication Services,Integrated Telecommunication Services,906900594,2019-07-19T01:54:02Z,https://en.wikipedia.org/w/index.php?oldid=906900594,matched_gics
2019-07-31,TGT,Target Corp.,Consumer Discretionary,Retailing,Multiline Retail,General Merchandise Stores,906900594,2019-07-19T01:54:02Z,https://en.wikipedia.org/w/index.php?oldid=906900594,matched_gics
2019-07-31,TM,Toyota Motor Corporation,,,,,,,,missing_gics
2019-07-31,TMO,Thermo Fisher Scientific,Health Care,Health Care Equipment & Services,Health Care Equipment & Supplies,Health Care Equipment,906900594,2019-07-19T01:54:02Z,https://en.wikipedia.org/w/index.php?oldid=906900594,matched_gics
2019-07-31,TMUS,T-Mobile US,Communication Services,Telecommunication Services,Wireless Telecommunication Services,Wireless Telecommunication Services,906900594,2019-07-19T01:54:02Z,https://en.wikipedia.org/w/index.php?oldid=906900594,matched_gics
2019-07-31,TSLA,"Tesla, Inc.",,,,,,,,missing_gics
2019-07-31,TSM,Taiwan Semiconductor Manufacturing Company Limited,,,,,,,,missing_gics
2019-07-31,TTE,TotalEnergies SE,,,,,,,,missing_gics
2019-07-31,UL,Unilever PLC,,,,,,,,missing_gics
2019-07-31,UNH,United Health Group Inc.,Health Care,Health Care Equipment & Services,Health Care Providers & Services,Managed Health Care,906900594,2019-07-19T01:54:02Z,https://en.wikipedia.org/w/index.php?oldid=906900594,matched_gics
2019-07-31,UNP,Union Pacific Corp,Industrials,Transportation,Road & Rail,Railroads,906900594,2019-07-19T01:54:02Z,https://en.wikipedia.org/w/index.php?oldid=906900594,matched_gics
2019-07-31,UPS,United Parcel Service,Industrials,Transportation,Air Freight & Logistics,Air Freight & Logistics,906900594,2019-07-19T01:54:02Z,https://en.wikipedia.org/w/index.php?oldid=906900594,matched_gics
2019-07-31,V,Visa Inc.,Information Technology,Software & Services,IT Services,IT Services,906900594,2019-07-19T01:54:02Z,https://en.wikipedia.org/w/index.php?oldid=906900594,matched_gics
2019-07-31,VALE,Vale S.A.,,,,,,,,missing_gics
2019-07-31,VZ,Verizon Communications,Communication Services,Telecommunication Services,Diversified Telecommunication Services,Integrated Telecommunication Services,906900594,2019-07-19T01:54:02Z,https://en.wikipedia.org/w/index.php?oldid=906900594,matched_gics
2019-07-31,WELL,Welltower Inc.,Real Estate,Real Estate,Equity Real Estate Investment Trusts (REITs),Health Care REITs,906900594,2019-07-19T01:54:02Z,https://en.wikipedia.org/w/index.php?oldid=906900594,matched_gics
2019-07-31,WFC-PL,Wells Fargo & Company,,,,,,,,missing_gics
2019-07-31,WMT,Walmart,Consumer Staples,Food & Staples Retailing,Food & Staples Retailing,Hypermarkets & Super Centers,906900594,2019-07-19T01:54:02Z,https://en.wikipedia.org/w/index.php?oldid=906900594,matched_gics
2019-07-31,XEL,Xcel Energy Inc,Utilities,Utilities,Multi-Utilities,Multi-Utilities,906900594,2019-07-19T01:54:02Z,https://en.wikipedia.org/w/index.php?oldid=906900594,matched_gics
2019-07-31,XOM,Exxon Mobil Corp.,Energy,Energy,"Oil, Gas & Consumable Fuels",Integrated Oil & Gas,906900594,2019-07-19T01:54:02Z,https://en.wikipedia.org/w/index.php?oldid=906900594,matched_gics
2019-08-31,AAPL,Apple Inc.,Information Technology,Technology Hardware & Equipment,"Technology Hardware, Storage & Peripherals","Technology Hardware, Storage & Peripherals",912848421,2019-08-28T07:56:01Z,https://en.wikipedia.org/w/index.php?oldid=912848421,matched_gics
2019-08-31,ABBV,AbbVie Inc.,Health Care,"Pharmaceuticals, Biotechnology & Life Sciences",Pharmaceuticals,Pharmaceuticals,912848421,2019-08-28T07:56:01Z,https://en.wikipedia.org/w/index.php?oldid=912848421,matched_gics
2019-08-31,ABT,Abbott Laboratories,Health Care,Health Care Equipment & Services,Health Care Equipment & Supplies,Health Care Equipment,912848421,2019-08-28T07:56:01Z,https://en.wikipedia.org/w/index.php?oldid=912848421,matched_gics
2019-08-31,ACN,Accenture plc,Information Technology,Software & Services,IT Services,IT Consulting & Other Services,912848421,2019-08-28T07:56:01Z,https://en.wikipedia.org/w/index.php?oldid=912848421,matched_gics
2019-08-31,ADBE,Adobe Systems Inc,Information Technology,Software & Services,Software,Application Software,912848421,2019-08-28T07:56:01Z,https://en.wikipedia.org/w/index.php?oldid=912848421,matched_gics
2019-08-31,ADP,Automatic Data Processing,Information Technology,Software & Services,IT Services,Internet Services & Infrastructure,912848421,2019-08-28T07:56:01Z,https://en.wikipedia.org/w/index.php?oldid=912848421,matched_gics
2019-08-31,AEP,American Electric Power,Utilities,Utilities,Electric Utilities,Electric Utilities,912848421,2019-08-28T07:56:01Z,https://en.wikipedia.org/w/index.php?oldid=912848421,matched_gics
2019-08-31,AMT,American Tower Corp.,Real Estate,Real Estate,Equity Real Estate Investment Trusts (REITs),Specialized REITs,912848421,2019-08-28T07:56:01Z,https://en.wikipedia.org/w/index.php?oldid=912848421,matched_gics
2019-08-31,AMZN,Amazon.com Inc.,Consumer Discretionary,Retailing,Internet & Direct Marketing Retail,Internet & Direct Marketing Retail,912848421,2019-08-28T07:56:01Z,https://en.wikipedia.org/w/index.php?oldid=912848421,matched_gics
2019-08-31,APD,Air Products & Chemicals Inc,Materials,Materials,Chemicals,Industrial Gases,912848421,2019-08-28T07:56:01Z,https://en.wikipedia.org/w/index.php?oldid=912848421,matched_gics
2019-08-31,ASML,ASML Holding N.V.,,,,,,,,missing_gics
2019-08-31,AVGO,Broadcom Inc.,Information Technology,Semiconductors & Semiconductor Equipment,Semiconductors & Semiconductor Equipment,Semiconductors,912848421,2019-08-28T07:56:01Z,https://en.wikipedia.org/w/index.php?oldid=912848421,matched_gics
2019-08-31,AWK,American Water Works Company Inc,Utilities,Utilities,Water Utilities,Water Utilities,912848421,2019-08-28T07:56:01Z,https://en.wikipedia.org/w/index.php?oldid=912848421,matched_gics
2019-08-31,BA,Boeing Company,Industrials,Capital Goods,Aerospace & Defense,Aerospace & Defense,912848421,2019-08-28T07:56:01Z,https://en.wikipedia.org/w/index.php?oldid=912848421,matched_gics
2019-08-31,BABA,Alibaba Group Holding Limited,,,,,,,,missing_gics
2019-08-31,BAC,Bank of America Corp,Financials,Banks,Banks,Diversified Banks,912848421,2019-08-28T07:56:01Z,https://en.wikipedia.org/w/index.php?oldid=912848421,matched_gics
2019-08-31,BBL,BHP Group,,,,,,,,missing_gics
2019-08-31,BHP,BHP Group,,,,,,,,missing_gics
2019-08-31,BP,BP p.l.c.,,,,,,,,missing_gics
2019-08-31,BRK-A,Berkshire Hathaway Inc.,,,,,,,,missing_gics
2019-08-31,C-PJ,Citigroup Inc.,,,,,,,,missing_gics
2019-08-31,CAT,Caterpillar Inc.,Industrials,Capital Goods,Machinery,Construction Machinery & Heavy Trucks,912848421,2019-08-28T07:56:01Z,https://en.wikipedia.org/w/index.php?oldid=912848421,matched_gics
2019-08-31,CCI,Crown Castle International Corp.,Real Estate,Real Estate,Equity Real Estate Investment Trusts (REITs),Specialized REITs,912848421,2019-08-28T07:56:01Z,https://en.wikipedia.org/w/index.php?oldid=912848421,matched_gics
2019-08-31,CHTR,Charter Communications,Communication Services,Media,Media,Cable & Satellite,912848421,2019-08-28T07:56:01Z,https://en.wikipedia.org/w/index.php?oldid=912848421,matched_gics
2019-08-31,CMCSA,Comcast Corp.,Communication Services,Media,Media,Cable & Satellite,912848421,2019-08-28T07:56:01Z,https://en.wikipedia.org/w/index.php?oldid=912848421,matched_gics
2019-08-31,COP,ConocoPhillips,Energy,Energy,"Oil, Gas & Consumable Fuels",Oil & Gas Exploration & Production,912848421,2019-08-28T07:56:01Z,https://en.wikipedia.org/w/index.php?oldid=912848421,matched_gics
2019-08-31,COST,Costco Wholesale Corp.,Consumer Staples,Food & Staples Retailing,Food & Staples Retailing,Hypermarkets & Super Centers,912848421,2019-08-28T07:56:01Z,https://en.wikipedia.org/w/index.php?oldid=912848421,matched_gics
2019-08-31,CSCO,Cisco Systems,Information Technology,Technology Hardware & Equipment,Communications Equipment,Communications Equipment,912848421,2019-08-28T07:56:01Z,https://en.wikipedia.org/w/index.php?oldid=912848421,matched_gics
2019-08-31,CTA-PB,E. I. du Pont de Nemours and Company,,,,,,,,missing_gics
2019-08-31,CVX,Chevron Corp.,Energy,Energy,"Oil, Gas & Consumable Fuels",Integrated Oil & Gas,912848421,2019-08-28T07:56:01Z,https://en.wikipedia.org/w/index.php?oldid=912848421,matched_gics
2019-08-31,D,Dominion Energy,Utilities,Utilities,Electric Utilities,Electric Utilities,912848421,2019-08-28T07:56:01Z,https://en.wikipedia.org/w/index.php?oldid=912848421,matched_gics
2019-08-31,DE,Deere & Co.,Industrials,Capital Goods,Machinery,Agricultural & Farm Machinery,912848421,2019-08-28T07:56:01Z,https://en.wikipedia.org/w/index.php?oldid=912848421,matched_gics
2019-08-31,DEO,Diageo plc,,,,,,,,missing_gics
2019-08-31,DHR,Danaher Corp.,Health Care,Health Care Equipment & Services,Health Care Equipment & Supplies,Health Care Equipment,912848421,2019-08-28T07:56:01Z,https://en.wikipedia.org/w/index.php?oldid=912848421,matched_gics
2019-08-31,DIS,The Walt Disney Company,Communication Services,Media & Entertainment,Entertainment,Movies & Entertainment,912848421,2019-08-28T07:56:01Z,https://en.wikipedia.org/w/index.php?oldid=912848421,matched_gics
2019-08-31,DLR,Digital Realty Trust Inc,Real Estate,Real Estate,Equity Real Estate Investment Trusts (REITs),Specialized REITs,912848421,2019-08-28T07:56:01Z,https://en.wikipedia.org/w/index.php?oldid=912848421,matched_gics
2019-08-31,DUK,Duke Energy,Utilities,Utilities,Electric Utilities,Electric Utilities,912848421,2019-08-28T07:56:01Z,https://en.wikipedia.org/w/index.php?oldid=912848421,matched_gics
2019-08-31,ECL,Ecolab Inc.,Materials,Materials,Chemicals,Specialty Chemicals,912848421,2019-08-28T07:56:01Z,https://en.wikipedia.org/w/index.php?oldid=912848421,matched_gics
2019-08-31,EL,Estee Lauder Cos.,Consumer Staples,Household & Personal Products,Personal Products,Personal Products,912848421,2019-08-28T07:56:01Z,https://en.wikipedia.org/w/index.php?oldid=912848421,matched_gics
2019-08-31,ENB,Enbridge Inc.,,,,,,,,missing_gics
2019-08-31,EQIX,Equinix,Real Estate,Real Estate,Equity Real Estate Investment Trusts (REITs),Specialized REITs,912848421,2019-08-28T07:56:01Z,https://en.wikipedia.org/w/index.php?oldid=912848421,matched_gics
2019-08-31,EQNR,Equinor ASA,,,,,,,,missing_gics
2019-08-31,EXC,Exelon Corp.,Utilities,Utilities,Multi-Utilities,Multi-Utilities,912848421,2019-08-28T07:56:01Z,https://en.wikipedia.org/w/index.php?oldid=912848421,matched_gics
2019-08-31,FB,"Facebook, Inc.",Communication Services,Media & Entertainment,Interactive Media & Services,Interactive Media & Services,912848421,2019-08-28T07:56:01Z,https://en.wikipedia.org/w/index.php?oldid=912848421,matched_gics
2019-08-31,FCX,Freeport-McMoRan Inc.,Materials,Materials,Metals & Mining,Copper,912848421,2019-08-28T07:56:01Z,https://en.wikipedia.org/w/index.php?oldid=912848421,matched_gics
2019-08-31,GE,General Electric,Industrials,Capital Goods,Industrial Conglomerates,Industrial Conglomerates,912848421,2019-08-28T07:56:01Z,https://en.wikipedia.org/w/index.php?oldid=912848421,matched_gics
2019-08-31,GOOG,Alphabet Inc Class C,Communication Services,Media & Entertainment,Interactive Media & Services,Interactive Media & Services,912848421,2019-08-28T07:56:01Z,https://en.wikipedia.org/w/index.php?oldid=912848421,matched_gics
2019-08-31,HD,Home Depot,Consumer Discretionary,Retailing,Specialty Retail,Home Improvement Retail,912848421,2019-08-28T07:56:01Z,https://en.wikipedia.org/w/index.php?oldid=912848421,matched_gics
2019-08-31,HON,Honeywell Int'l Inc.,Industrials,Capital Goods,Industrial Conglomerates,Industrial Conglomerates,912848421,2019-08-28T07:56:01Z,https://en.wikipedia.org/w/index.php?oldid=912848421,matched_gics
2019-08-31,JD,"JD.com, Inc.",,,,,,,,missing_gics
2019-08-31,JNJ,Johnson & Johnson,Health Care,"Pharmaceuticals, Biotechnology & Life Sciences",Pharmaceuticals,Pharmaceuticals,912848421,2019-08-28T07:56:01Z,https://en.wikipedia.org/w/index.php?oldid=912848421,matched_gics
2019-08-31,JPM,JPMorgan Chase & Co.,Financials,Banks,Banks,Diversified Banks,912848421,2019-08-28T07:56:01Z,https://en.wikipedia.org/w/index.php?oldid=912848421,matched_gics
2019-08-31,KO,Coca-Cola Company,Consumer Staples,"Food, Beverage & Tobacco",Beverages,Soft Drinks,912848421,2019-08-28T07:56:01Z,https://en.wikipedia.org/w/index.php?oldid=912848421,matched_gics
2019-08-31,LLY,Lilly (Eli) & Co.,Health Care,"Pharmaceuticals, Biotechnology & Life Sciences",Pharmaceuticals,Pharmaceuticals,912848421,2019-08-28T07:56:01Z,https://en.wikipedia.org/w/index.php?oldid=912848421,matched_gics
2019-08-31,LOW,Lowe's Cos.,Consumer Discretionary,Retailing,Specialty Retail,Home Improvement Retail,912848421,2019-08-28T07:56:01Z,https://en.wikipedia.org/w/index.php?oldid=912848421,matched_gics
2019-08-31,MA,Mastercard Inc.,Information Technology,Software & Services,IT Services,Data Processing & Outsourced Services,912848421,2019-08-28T07:56:01Z,https://en.wikipedia.org/w/index.php?oldid=912848421,matched_gics
2019-08-31,MCD,McDonald's Corp.,Consumer Discretionary,Consumer Services,"Hotels, Restaurants & Leisure",Restaurants,912848421,2019-08-28T07:56:01Z,https://en.wikipedia.org/w/index.php?oldid=912848421,matched_gics
2019-08-31,MMM,3M Company,Industrials,Capital Goods,Industrial Conglomerates,Industrial Conglomerates,912848421,2019-08-28T07:56:01Z,https://en.wikipedia.org/w/index.php?oldid=912848421,matched_gics
2019-08-31,MS,Morgan Stanley,Financials,Diversified Financials,Capital Markets,Investment Banking & Brokerage,912848421,2019-08-28T07:56:01Z,https://en.wikipedia.org/w/index.php?oldid=912848421,matched_gics
2019-08-31,MSFT,Microsoft Corp.,Information Technology,Software & Services,Software,Systems Software,912848421,2019-08-28T07:56:01Z,https://en.wikipedia.org/w/index.php?oldid=912848421,matched_gics
2019-08-31,NEE,NextEra Energy,Utilities,Utilities,Multi-Utilities,Multi-Utilities,912848421,2019-08-28T07:56:01Z,https://en.wikipedia.org/w/index.php?oldid=912848421,matched_gics
2019-08-31,NEM,Newmont Goldcorp,Materials,Materials,Metals & Mining,Gold,912848421,2019-08-28T07:56:01Z,https://en.wikipedia.org/w/index.php?oldid=912848421,matched_gics
2019-08-31,NFLX,Netflix Inc.,Communication Services,Media & Entertainment,Entertainment,Movies & Entertainment,912848421,2019-08-28T07:56:01Z,https://en.wikipedia.org/w/index.php?oldid=912848421,matched_gics
2019-08-31,NGG,National Grid plc,,,,,,,,missing_gics
2019-08-31,NKE,Nike,Consumer Discretionary,Consumer Durables & Apparel,"Textiles, Apparel & Luxury Goods","Apparel, Accessories & Luxury Goods",912848421,2019-08-28T07:56:01Z,https://en.wikipedia.org/w/index.php?oldid=912848421,matched_gics
2019-08-31,NVDA,Nvidia Corporation,Information Technology,Semiconductors & Semiconductor Equipment,Semiconductors & Semiconductor Equipment,Semiconductors,912848421,2019-08-28T07:56:01Z,https://en.wikipedia.org/w/index.php?oldid=912848421,matched_gics
2019-08-31,NVO,Novo Nordisk A/S,,,,,,,,missing_gics
2019-08-31,NVS,Novartis AG,,,,,,,,missing_gics
2019-08-31,O,Realty Income Corporation,Real Estate,Real Estate,Equity Real Estate Investment Trusts (REITs),Retail REITs,912848421,2019-08-28T07:56:01Z,https://en.wikipedia.org/w/index.php?oldid=912848421,matched_gics
2019-08-31,ORCL,Oracle Corp.,Information Technology,Software & Services,Software,Application Software,912848421,2019-08-28T07:56:01Z,https://en.wikipedia.org/w/index.php?oldid=912848421,matched_gics
2019-08-31,PEP,PepsiCo Inc.,Consumer Staples,"Food, Beverage & Tobacco",Beverages,Soft Drinks,912848421,2019-08-28T07:56:01Z,https://en.wikipedia.org/w/index.php?oldid=912848421,matched_gics
2019-08-31,PFE,Pfizer Inc.,Health Care,"Pharmaceuticals, Biotechnology & Life Sciences",Pharmaceuticals,Pharmaceuticals,912848421,2019-08-28T07:56:01Z,https://en.wikipedia.org/w/index.php?oldid=912848421,matched_gics
2019-08-31,PG,Procter & Gamble,Consumer Staples,Household & Personal Products,Personal Products,Personal Products,912848421,2019-08-28T07:56:01Z,https://en.wikipedia.org/w/index.php?oldid=912848421,matched_gics
2019-08-31,PLD,Prologis,Real Estate,Real Estate,Equity Real Estate Investment Trusts (REITs),Industrial REITs,912848421,2019-08-28T07:56:01Z,https://en.wikipedia.org/w/index.php?oldid=912848421,matched_gics
2019-08-31,PM,Philip Morris International,Consumer Staples,"Food, Beverage & Tobacco",Tobacco,Tobacco,912848421,2019-08-28T07:56:01Z,https://en.wikipedia.org/w/index.php?oldid=912848421,matched_gics
2019-08-31,PSA,Public Storage,Real Estate,Real Estate,Equity Real Estate Investment Trusts (REITs),Specialized REITs,912848421,2019-08-28T07:56:01Z,https://en.wikipedia.org/w/index.php?oldid=912848421,matched_gics
2019-08-31,PTR,PetroChina Company Limited,,,,,,,,missing_gics
2019-08-31,PYPL,PayPal,Information Technology,Software & Services,IT Services,Data Processing & Outsourced Services,912848421,2019-08-28T07:56:01Z,https://en.wikipedia.org/w/index.php?oldid=912848421,matched_gics
2019-08-31,RDS-B,Royal Dutch Shell plc,,,,,,,,missing_gics
2019-08-31,RIO,Rio Tinto Group,,,,,,,,missing_gics
2019-08-31,RTX,Raytheon Technologies Corporation,,,,,,,,missing_gics
2019-08-31,SBAC,SBA Communications,Real Estate,Real Estate,Equity Real Estate Investment Trusts (REITs),Specialized REITs,912848421,2019-08-28T07:56:01Z,https://en.wikipedia.org/w/index.php?oldid=912848421,matched_gics
2019-08-31,SBUX,Starbucks Corp.,Consumer Discretionary,Consumer Services,"Hotels, Restaurants & Leisure",Restaurants,912848421,2019-08-28T07:56:01Z,https://en.wikipedia.org/w/index.php?oldid=912848421,matched_gics
2019-08-31,SCHW,Charles Schwab Corporation,Financials,Diversified Financials,Capital Markets,Investment Banking & Brokerage,912848421,2019-08-28T07:56:01Z,https://en.wikipedia.org/w/index.php?oldid=912848421,matched_gics
2019-08-31,SHW,Sherwin-Williams,Materials,Materials,Chemicals,Specialty Chemicals,912848421,2019-08-28T07:56:01Z,https://en.wikipedia.org/w/index.php?oldid=912848421,matched_gics
2019-08-31,SNAP,Snap Inc.,,,,,,,,missing_gics
2019-08-31,SNP,China Petroleum & Chemical Corporation,,,,,,,,missing_gics
2019-08-31,SO,Southern Co.,Utilities,Utilities,Electric Utilities,Electric Utilities,912848421,2019-08-28T07:56:01Z,https://en.wikipedia.org/w/index.php?oldid=912848421,matched_gics
2019-08-31,SPG-PJ,"Simon Property Group, Inc.",,,,,,,,missing_gics
2019-08-31,SRE,Sempra Energy,Utilities,Utilities,Multi-Utilities,Multi-Utilities,912848421,2019-08-28T07:56:01Z,https://en.wikipedia.org/w/index.php?oldid=912848421,matched_gics
2019-08-31,T,AT&T Inc.,Communication Services,Telecommunication Services,Diversified Telecommunication Services,Integrated Telecommunication Services,912848421,2019-08-28T07:56:01Z,https://en.wikipedia.org/w/index.php?oldid=912848421,matched_gics
2019-08-31,TGT,Target Corp.,Consumer Discretionary,Retailing,Multiline Retail,General Merchandise Stores,912848421,2019-08-28T07:56:01Z,https://en.wikipedia.org/w/index.php?oldid=912848421,matched_gics
2019-08-31,TM,Toyota Motor Corporation,,,,,,,,missing_gics
2019-08-31,TMO,Thermo Fisher Scientific,Health Care,Health Care Equipment & Services,Health Care Equipment & Supplies,Health Care Equipment,912848421,2019-08-28T07:56:01Z,https://en.wikipedia.org/w/index.php?oldid=912848421,matched_gics
2019-08-31,TMUS,T-Mobile US,Communication Services,Telecommunication Services,Wireless Telecommunication Services,Wireless Telecommunication Services,912848421,2019-08-28T07:56:01Z,https://en.wikipedia.org/w/index.php?oldid=912848421,matched_gics
2019-08-31,TSLA,"Tesla, Inc.",,,,,,,,missing_gics
2019-08-31,TSM,Taiwan Semiconductor Manufacturing Company Limited,,,,,,,,missing_gics
2019-08-31,TTE,TotalEnergies SE,,,,,,,,missing_gics
2019-08-31,UL,Unilever PLC,,,,,,,,missing_gics
2019-08-31,UNH,United Health Group Inc.,Health Care,Health Care Equipment & Services,Health Care Providers & Services,Managed Health Care,912848421,2019-08-28T07:56:01Z,https://en.wikipedia.org/w/index.php?oldid=912848421,matched_gics
2019-08-31,UNP,Union Pacific Corp,Industrials,Transportation,Road & Rail,Railroads,912848421,2019-08-28T07:56:01Z,https://en.wikipedia.org/w/index.php?oldid=912848421,matched_gics
2019-08-31,UPS,United Parcel Service,Industrials,Transportation,Air Freight & Logistics,Air Freight & Logistics,912848421,2019-08-28T07:56:01Z,https://en.wikipedia.org/w/index.php?oldid=912848421,matched_gics
2019-08-31,V,Visa Inc.,Information Technology,Software & Services,IT Services,Data Processing & Outsourced Services,912848421,2019-08-28T07:56:01Z,https://en.wikipedia.org/w/index.php?oldid=912848421,matched_gics
2019-08-31,VALE,Vale S.A.,,,,,,,,missing_gics
2019-08-31,VZ,Verizon Communications,Communication Services,Telecommunication Services,Diversified Telecommunication Services,Integrated Telecommunication Services,912848421,2019-08-28T07:56:01Z,https://en.wikipedia.org/w/index.php?oldid=912848421,matched_gics
2019-08-31,WELL,Welltower Inc.,Real Estate,Real Estate,Equity Real Estate Investment Trusts (REITs),Health Care REITs,912848421,2019-08-28T07:56:01Z,https://en.wikipedia.org/w/index.php?oldid=912848421,matched_gics
2019-08-31,WFC-PL,Wells Fargo & Company,,,,,,,,missing_gics
2019-08-31,WMT,Walmart,Consumer Staples,Food & Staples Retailing,Food & Staples Retailing,Hypermarkets & Super Centers,912848421,2019-08-28T07:56:01Z,https://en.wikipedia.org/w/index.php?oldid=912848421,matched_gics
2019-08-31,XEL,Xcel Energy Inc,Utilities,Utilities,Multi-Utilities,Multi-Utilities,912848421,2019-08-28T07:56:01Z,https://en.wikipedia.org/w/index.php?oldid=912848421,matched_gics
2019-08-31,XOM,Exxon Mobil Corp.,Energy,Energy,"Oil, Gas & Consumable Fuels",Integrated Oil & Gas,912848421,2019-08-28T07:56:01Z,https://en.wikipedia.org/w/index.php?oldid=912848421,matched_gics
2019-09-30,AAPL,Apple Inc.,Information Technology,Technology Hardware & Equipment,"Technology Hardware, Storage & Peripherals","Technology Hardware, Storage & Peripherals",918683707,2019-09-29T21:23:54Z,https://en.wikipedia.org/w/index.php?oldid=918683707,matched_gics
2019-09-30,ABBV,AbbVie Inc.,Health Care,"Pharmaceuticals, Biotechnology & Life Sciences",Pharmaceuticals,Pharmaceuticals,918683707,2019-09-29T21:23:54Z,https://en.wikipedia.org/w/index.php?oldid=918683707,matched_gics
2019-09-30,ABT,Abbott Laboratories,Health Care,Health Care Equipment & Services,Health Care Equipment & Supplies,Health Care Equipment,918683707,2019-09-29T21:23:54Z,https://en.wikipedia.org/w/index.php?oldid=918683707,matched_gics
2019-09-30,ACN,Accenture plc,Information Technology,Software & Services,IT Services,IT Consulting & Other Services,918683707,2019-09-29T21:23:54Z,https://en.wikipedia.org/w/index.php?oldid=918683707,matched_gics
2019-09-30,ADBE,Adobe Systems Inc,Information Technology,Software & Services,Software,Application Software,918683707,2019-09-29T21:23:54Z,https://en.wikipedia.org/w/index.php?oldid=918683707,matched_gics
2019-09-30,ADP,Automatic Data Processing,Information Technology,Software & Services,IT Services,Internet Services & Infrastructure,918683707,2019-09-29T21:23:54Z,https://en.wikipedia.org/w/index.php?oldid=918683707,matched_gics
2019-09-30,AEP,American Electric Power,Utilities,Utilities,Electric Utilities,Electric Utilities,918683707,2019-09-29T21:23:54Z,https://en.wikipedia.org/w/index.php?oldid=918683707,matched_gics
2019-09-30,AMT,American Tower Corp.,Real Estate,Real Estate,Equity Real Estate Investment Trusts (REITs),Specialized REITs,918683707,2019-09-29T21:23:54Z,https://en.wikipedia.org/w/index.php?oldid=918683707,matched_gics
2019-09-30,AMZN,Amazon.com Inc.,Consumer Discretionary,Retailing,Internet & Direct Marketing Retail,Internet & Direct Marketing Retail,918683707,2019-09-29T21:23:54Z,https://en.wikipedia.org/w/index.php?oldid=918683707,matched_gics
2019-09-30,APD,Air Products & Chemicals Inc,Materials,Materials,Chemicals,Industrial Gases,918683707,2019-09-29T21:23:54Z,https://en.wikipedia.org/w/index.php?oldid=918683707,matched_gics
2019-09-30,ASML,ASML Holding N.V.,,,,,,,,missing_gics
2019-09-30,AVGO,Broadcom Inc.,Information Technology,Semiconductors & Semiconductor Equipment,Semiconductors & Semiconductor Equipment,Semiconductors,918683707,2019-09-29T21:23:54Z,https://en.wikipedia.org/w/index.php?oldid=918683707,matched_gics
2019-09-30,AWK,American Water Works Company Inc,Utilities,Utilities,Water Utilities,Water Utilities,918683707,2019-09-29T21:23:54Z,https://en.wikipedia.org/w/index.php?oldid=918683707,matched_gics
2019-09-30,BA,Boeing Company,Industrials,Capital Goods,Aerospace & Defense,Aerospace & Defense,918683707,2019-09-29T21:23:54Z,https://en.wikipedia.org/w/index.php?oldid=918683707,matched_gics
2019-09-30,BABA,Alibaba Group Holding Limited,,,,,,,,missing_gics
2019-09-30,BAC,Bank of America Corp,Financials,Banks,Banks,Diversified Banks,918683707,2019-09-29T21:23:54Z,https://en.wikipedia.org/w/index.php?oldid=918683707,matched_gics
2019-09-30,BBL,BHP Group,,,,,,,,missing_gics
2019-09-30,BHP,BHP Group,,,,,,,,missing_gics
2019-09-30,BP,BP p.l.c.,,,,,,,,missing_gics
2019-09-30,BRK-A,Berkshire Hathaway Inc.,,,,,,,,missing_gics
2019-09-30,C-PJ,Citigroup Inc.,,,,,,,,missing_gics
2019-09-30,CAT,Caterpillar Inc.,Industrials,Capital Goods,Machinery,Construction Machinery & Heavy Trucks,918683707,2019-09-29T21:23:54Z,https://en.wikipedia.org/w/index.php?oldid=918683707,matched_gics
2019-09-30,CCI,Crown Castle International Corp.,Real Estate,Real Estate,Equity Real Estate Investment Trusts (REITs),Specialized REITs,918683707,2019-09-29T21:23:54Z,https://en.wikipedia.org/w/index.php?oldid=918683707,matched_gics
2019-09-30,CHTR,Charter Communications,Communication Services,Media,Media,Cable & Satellite,918683707,2019-09-29T21:23:54Z,https://en.wikipedia.org/w/index.php?oldid=918683707,matched_gics
2019-09-30,CMCSA,Comcast Corp.,Communication Services,Media,Media,Cable & Satellite,918683707,2019-09-29T21:23:54Z,https://en.wikipedia.org/w/index.php?oldid=918683707,matched_gics
2019-09-30,COP,ConocoPhillips,Energy,Energy,"Oil, Gas & Consumable Fuels",Oil & Gas Exploration & Production,918683707,2019-09-29T21:23:54Z,https://en.wikipedia.org/w/index.php?oldid=918683707,matched_gics
2019-09-30,COST,Costco Wholesale Corp.,Consumer Staples,Food & Staples Retailing,Food & Staples Retailing,Hypermarkets & Super Centers,918683707,2019-09-29T21:23:54Z,https://en.wikipedia.org/w/index.php?oldid=918683707,matched_gics
2019-09-30,CSCO,Cisco Systems,Information Technology,Technology Hardware & Equipment,Communications Equipment,Communications Equipment,918683707,2019-09-29T21:23:54Z,https://en.wikipedia.org/w/index.php?oldid=918683707,matched_gics
2019-09-30,CTA-PB,E. I. du Pont de Nemours and Company,,,,,,,,missing_gics
2019-09-30,CVX,Chevron Corp.,Energy,Energy,"Oil, Gas & Consumable Fuels",Integrated Oil & Gas,918683707,2019-09-29T21:23:54Z,https://en.wikipedia.org/w/index.php?oldid=918683707,matched_gics
2019-09-30,D,Dominion Energy,Utilities,Utilities,Electric Utilities,Electric Utilities,918683707,2019-09-29T21:23:54Z,https://en.wikipedia.org/w/index.php?oldid=918683707,matched_gics
2019-09-30,DE,Deere & Co.,Industrials,Capital Goods,Machinery,Agricultural & Farm Machinery,918683707,2019-09-29T21:23:54Z,https://en.wikipedia.org/w/index.php?oldid=918683707,matched_gics
2019-09-30,DEO,Diageo plc,,,,,,,,missing_gics
2019-09-30,DHR,Danaher Corp.,Health Care,Health Care Equipment & Services,Health Care Equipment & Supplies,Health Care Equipment,918683707,2019-09-29T21:23:54Z,https://en.wikipedia.org/w/index.php?oldid=918683707,matched_gics
2019-09-30,DIS,The Walt Disney Company,Communication Services,Media & Entertainment,Entertainment,Movies & Entertainment,918683707,2019-09-29T21:23:54Z,https://en.wikipedia.org/w/index.php?oldid=918683707,matched_gics
2019-09-30,DLR,Digital Realty Trust Inc,Real Estate,Real Estate,Equity Real Estate Investment Trusts (REITs),Specialized REITs,918683707,2019-09-29T21:23:54Z,https://en.wikipedia.org/w/index.php?oldid=918683707,matched_gics
2019-09-30,DUK,Duke Energy,Utilities,Utilities,Electric Utilities,Electric Utilities,918683707,2019-09-29T21:23:54Z,https://en.wikipedia.org/w/index.php?oldid=918683707,matched_gics
2019-09-30,ECL,Ecolab Inc.,Materials,Materials,Chemicals,Specialty Chemicals,918683707,2019-09-29T21:23:54Z,https://en.wikipedia.org/w/index.php?oldid=918683707,matched_gics
2019-09-30,EL,Estee Lauder Cos.,Consumer Staples,Household & Personal Products,Personal Products,Personal Products,918683707,2019-09-29T21:23:54Z,https://en.wikipedia.org/w/index.php?oldid=918683707,matched_gics
2019-09-30,ENB,Enbridge Inc.,,,,,,,,missing_gics
2019-09-30,EQIX,Equinix,Real Estate,Real Estate,Equity Real Estate Investment Trusts (REITs),Specialized REITs,918683707,2019-09-29T21:23:54Z,https://en.wikipedia.org/w/index.php?oldid=918683707,matched_gics
2019-09-30,EQNR,Equinor ASA,,,,,,,,missing_gics
2019-09-30,EXC,Exelon Corp.,Utilities,Utilities,Multi-Utilities,Multi-Utilities,918683707,2019-09-29T21:23:54Z,https://en.wikipedia.org/w/index.php?oldid=918683707,matched_gics
2019-09-30,FB,"Facebook, Inc.",Communication Services,Media & Entertainment,Interactive Media & Services,Interactive Media & Services,918683707,2019-09-29T21:23:54Z,https://en.wikipedia.org/w/index.php?oldid=918683707,matched_gics
2019-09-30,FCX,Freeport-McMoRan Inc.,Materials,Materials,Metals & Mining,Copper,918683707,2019-09-29T21:23:54Z,https://en.wikipedia.org/w/index.php?oldid=918683707,matched_gics
2019-09-30,GE,General Electric,Industrials,Capital Goods,Industrial Conglomerates,Industrial Conglomerates,918683707,2019-09-29T21:23:54Z,https://en.wikipedia.org/w/index.php?oldid=918683707,matched_gics
2019-09-30,GOOG,Alphabet Inc Class C,Communication Services,Media & Entertainment,Interactive Media & Services,Interactive Media & Services,918683707,2019-09-29T21:23:54Z,https://en.wikipedia.org/w/index.php?oldid=918683707,matched_gics
2019-09-30,HD,Home Depot,Consumer Discretionary,Retailing,Specialty Retail,Home Improvement Retail,918683707,2019-09-29T21:23:54Z,https://en.wikipedia.org/w/index.php?oldid=918683707,matched_gics
2019-09-30,HON,Honeywell Int'l Inc.,Industrials,Capital Goods,Industrial Conglomerates,Industrial Conglomerates,918683707,2019-09-29T21:23:54Z,https://en.wikipedia.org/w/index.php?oldid=918683707,matched_gics
2019-09-30,JD,"JD.com, Inc.",,,,,,,,missing_gics
2019-09-30,JNJ,Johnson & Johnson,Health Care,"Pharmaceuticals, Biotechnology & Life Sciences",Pharmaceuticals,Pharmaceuticals,918683707,2019-09-29T21:23:54Z,https://en.wikipedia.org/w/index.php?oldid=918683707,matched_gics
2019-09-30,JPM,JPMorgan Chase & Co.,Financials,Banks,Banks,Diversified Banks,918683707,2019-09-29T21:23:54Z,https://en.wikipedia.org/w/index.php?oldid=918683707,matched_gics
2019-09-30,KO,Coca-Cola Company,Consumer Staples,"Food, Beverage & Tobacco",Beverages,Soft Drinks,918683707,2019-09-29T21:23:54Z,https://en.wikipedia.org/w/index.php?oldid=918683707,matched_gics
2019-09-30,LLY,Lilly (Eli) & Co.,Health Care,"Pharmaceuticals, Biotechnology & Life Sciences",Pharmaceuticals,Pharmaceuticals,918683707,2019-09-29T21:23:54Z,https://en.wikipedia.org/w/index.php?oldid=918683707,matched_gics
2019-09-30,LOW,Lowe's Cos.,Consumer Discretionary,Retailing,Specialty Retail,Home Improvement Retail,918683707,2019-09-29T21:23:54Z,https://en.wikipedia.org/w/index.php?oldid=918683707,matched_gics
2019-09-30,MA,Mastercard Inc.,Information Technology,Software & Services,IT Services,Data Processing & Outsourced Services,918683707,2019-09-29T21:23:54Z,https://en.wikipedia.org/w/index.php?oldid=918683707,matched_gics
2019-09-30,MCD,McDonald's Corp.,Consumer Discretionary,Consumer Services,"Hotels, Restaurants & Leisure",Restaurants,918683707,2019-09-29T21:23:54Z,https://en.wikipedia.org/w/index.php?oldid=918683707,matched_gics
2019-09-30,MMM,3M Company,Industrials,Capital Goods,Industrial Conglomerates,Industrial Conglomerates,918683707,2019-09-29T21:23:54Z,https://en.wikipedia.org/w/index.php?oldid=918683707,matched_gics
2019-09-30,MS,Morgan Stanley,Financials,Diversified Financials,Capital Markets,Investment Banking & Brokerage,918683707,2019-09-29T21:23:54Z,https://en.wikipedia.org/w/index.php?oldid=918683707,matched_gics
2019-09-30,MSFT,Microsoft Corp.,Information Technology,Software & Services,Software,Systems Software,918683707,2019-09-29T21:23:54Z,https://en.wikipedia.org/w/index.php?oldid=918683707,matched_gics
2019-09-30,NEE,NextEra Energy,Utilities,Utilities,Multi-Utilities,Multi-Utilities,918683707,2019-09-29T21:23:54Z,https://en.wikipedia.org/w/index.php?oldid=918683707,matched_gics
2019-09-30,NEM,Newmont Goldcorp,Materials,Materials,Metals & Mining,Gold,918683707,2019-09-29T21:23:54Z,https://en.wikipedia.org/w/index.php?oldid=918683707,matched_gics
2019-09-30,NFLX,Netflix Inc.,Communication Services,Media & Entertainment,Entertainment,Movies & Entertainment,918683707,2019-09-29T21:23:54Z,https://en.wikipedia.org/w/index.php?oldid=918683707,matched_gics
2019-09-30,NGG,National Grid plc,,,,,,,,missing_gics
2019-09-30,NKE,Nike,Consumer Discretionary,Consumer Durables & Apparel,"Textiles, Apparel & Luxury Goods","Apparel, Accessories & Luxury Goods",918683707,2019-09-29T21:23:54Z,https://en.wikipedia.org/w/index.php?oldid=918683707,matched_gics
2019-09-30,NVDA,Nvidia Corporation,Information Technology,Semiconductors & Semiconductor Equipment,Semiconductors & Semiconductor Equipment,Semiconductors,918683707,2019-09-29T21:23:54Z,https://en.wikipedia.org/w/index.php?oldid=918683707,matched_gics
2019-09-30,NVO,Novo Nordisk A/S,,,,,,,,missing_gics
2019-09-30,NVS,Novartis AG,,,,,,,,missing_gics
2019-09-30,O,Realty Income Corporation,Real Estate,Real Estate,Equity Real Estate Investment Trusts (REITs),Retail REITs,918683707,2019-09-29T21:23:54Z,https://en.wikipedia.org/w/index.php?oldid=918683707,matched_gics
2019-09-30,ORCL,Oracle Corp.,Information Technology,Software & Services,Software,Application Software,918683707,2019-09-29T21:23:54Z,https://en.wikipedia.org/w/index.php?oldid=918683707,matched_gics
2019-09-30,PEP,PepsiCo Inc.,Consumer Staples,"Food, Beverage & Tobacco",Beverages,Soft Drinks,918683707,2019-09-29T21:23:54Z,https://en.wikipedia.org/w/index.php?oldid=918683707,matched_gics
2019-09-30,PFE,Pfizer Inc.,Health Care,"Pharmaceuticals, Biotechnology & Life Sciences",Pharmaceuticals,Pharmaceuticals,918683707,2019-09-29T21:23:54Z,https://en.wikipedia.org/w/index.php?oldid=918683707,matched_gics
2019-09-30,PG,Procter & Gamble,Consumer Staples,Household & Personal Products,Personal Products,Personal Products,918683707,2019-09-29T21:23:54Z,https://en.wikipedia.org/w/index.php?oldid=918683707,matched_gics
2019-09-30,PLD,Prologis,Real Estate,Real Estate,Equity Real Estate Investment Trusts (REITs),Industrial REITs,918683707,2019-09-29T21:23:54Z,https://en.wikipedia.org/w/index.php?oldid=918683707,matched_gics
2019-09-30,PM,Philip Morris International,Consumer Staples,"Food, Beverage & Tobacco",Tobacco,Tobacco,918683707,2019-09-29T21:23:54Z,https://en.wikipedia.org/w/index.php?oldid=918683707,matched_gics
2019-09-30,PSA,Public Storage,Real Estate,Real Estate,Equity Real Estate Investment Trusts (REITs),Specialized REITs,918683707,2019-09-29T21:23:54Z,https://en.wikipedia.org/w/index.php?oldid=918683707,matched_gics
2019-09-30,PTR,PetroChina Company Limited,,,,,,,,missing_gics
2019-09-30,PYPL,PayPal,Information Technology,Software & Services,IT Services,Data Processing & Outsourced Services,918683707,2019-09-29T21:23:54Z,https://en.wikipedia.org/w/index.php?oldid=918683707,matched_gics
2019-09-30,RDS-B,Royal Dutch Shell plc,,,,,,,,missing_gics
2019-09-30,RIO,Rio Tinto Group,,,,,,,,missing_gics
2019-09-30,RTX,Raytheon Technologies Corporation,,,,,,,,missing_gics
2019-09-30,SBAC,SBA Communications,Real Estate,Real Estate,Equity Real Estate Investment Trusts (REITs),Specialized REITs,918683707,2019-09-29T21:23:54Z,https://en.wikipedia.org/w/index.php?oldid=918683707,matched_gics
2019-09-30,SBUX,Starbucks Corp.,Consumer Discretionary,Consumer Services,"Hotels, Restaurants & Leisure",Restaurants,918683707,2019-09-29T21:23:54Z,https://en.wikipedia.org/w/index.php?oldid=918683707,matched_gics
2019-09-30,SCHW,Charles Schwab Corporation,Financials,Diversified Financials,Capital Markets,Investment Banking & Brokerage,918683707,2019-09-29T21:23:54Z,https://en.wikipedia.org/w/index.php?oldid=918683707,matched_gics
2019-09-30,SHW,Sherwin-Williams,Materials,Materials,Chemicals,Specialty Chemicals,918683707,2019-09-29T21:23:54Z,https://en.wikipedia.org/w/index.php?oldid=918683707,matched_gics
2019-09-30,SNAP,Snap Inc.,,,,,,,,missing_gics
2019-09-30,SNP,China Petroleum & Chemical Corporation,,,,,,,,missing_gics
2019-09-30,SO,Southern Co.,Utilities,Utilities,Electric Utilities,Electric Utilities,918683707,2019-09-29T21:23:54Z,https://en.wikipedia.org/w/index.php?oldid=918683707,matched_gics
2019-09-30,SPG-PJ,"Simon Property Group, Inc.",,,,,,,,missing_gics
2019-09-30,SRE,Sempra Energy,Utilities,Utilities,Multi-Utilities,Multi-Utilities,918683707,2019-09-29T21:23:54Z,https://en.wikipedia.org/w/index.php?oldid=918683707,matched_gics
2019-09-30,T,AT&T Inc.,Communication Services,Telecommunication Services,Diversified Telecommunication Services,Integrated Telecommunication Services,918683707,2019-09-29T21:23:54Z,https://en.wikipedia.org/w/index.php?oldid=918683707,matched_gics
2019-09-30,TGT,Target Corp.,Consumer Discretionary,Retailing,Multiline Retail,General Merchandise Stores,918683707,2019-09-29T21:23:54Z,https://en.wikipedia.org/w/index.php?oldid=918683707,matched_gics
2019-09-30,TM,Toyota Motor Corporation,,,,,,,,missing_gics
2019-09-30,TMO,Thermo Fisher Scientific,Health Care,Health Care Equipment & Services,Health Care Equipment & Supplies,Health Care Equipment,918683707,2019-09-29T21:23:54Z,https://en.wikipedia.org/w/index.php?oldid=918683707,matched_gics
2019-09-30,TMUS,T-Mobile US,Communication Services,Telecommunication Services,Wireless Telecommunication Services,Wireless Telecommunication Services,918683707,2019-09-29T21:23:54Z,https://en.wikipedia.org/w/index.php?oldid=918683707,matched_gics
2019-09-30,TSLA,"Tesla, Inc.",,,,,,,,missing_gics
2019-09-30,TSM,Taiwan Semiconductor Manufacturing Company Limited,,,,,,,,missing_gics
2019-09-30,TTE,TotalEnergies SE,,,,,,,,missing_gics
2019-09-30,UL,Unilever PLC,,,,,,,,missing_gics
2019-09-30,UNH,United Health Group Inc.,Health Care,Health Care Equipment & Services,Health Care Providers & Services,Managed Health Care,918683707,2019-09-29T21:23:54Z,https://en.wikipedia.org/w/index.php?oldid=918683707,matched_gics
2019-09-30,UNP,Union Pacific Corp,Industrials,Transportation,Road & Rail,Railroads,918683707,2019-09-29T21:23:54Z,https://en.wikipedia.org/w/index.php?oldid=918683707,matched_gics
2019-09-30,UPS,United Parcel Service,Industrials,Transportation,Air Freight & Logistics,Air Freight & Logistics,918683707,2019-09-29T21:23:54Z,https://en.wikipedia.org/w/index.php?oldid=918683707,matched_gics
2019-09-30,V,Visa Inc.,Information Technology,Software & Services,IT Services,Data Processing & Outsourced Services,918683707,2019-09-29T21:23:54Z,https://en.wikipedia.org/w/index.php?oldid=918683707,matched_gics
2019-09-30,VALE,Vale S.A.,,,,,,,,missing_gics
2019-09-30,VZ,Verizon Communications,Communication Services,Telecommunication Services,Diversified Telecommunication Services,Integrated Telecommunication Services,918683707,2019-09-29T21:23:54Z,https://en.wikipedia.org/w/index.php?oldid=918683707,matched_gics
2019-09-30,WELL,Welltower Inc.,Real Estate,Real Estate,Equity Real Estate Investment Trusts (REITs),Health Care REITs,918683707,2019-09-29T21:23:54Z,https://en.wikipedia.org/w/index.php?oldid=918683707,matched_gics
2019-09-30,WFC-PL,Wells Fargo & Company,,,,,,,,missing_gics
2019-09-30,WMT,Walmart,Consumer Staples,Food & Staples Retailing,Food & Staples Retailing,Hypermarkets & Super Centers,918683707,2019-09-29T21:23:54Z,https://en.wikipedia.org/w/index.php?oldid=918683707,matched_gics
2019-09-30,XEL,Xcel Energy Inc,Utilities,Utilities,Multi-Utilities,Multi-Utilities,918683707,2019-09-29T21:23:54Z,https://en.wikipedia.org/w/index.php?oldid=918683707,matched_gics
2019-09-30,XOM,Exxon Mobil Corp.,Energy,Energy,"Oil, Gas & Consumable Fuels",Integrated Oil & Gas,918683707,2019-09-29T21:23:54Z,https://en.wikipedia.org/w/index.php?oldid=918683707,matched_gics
2019-10-31,AAPL,Apple Inc.,Information Technology,Technology Hardware & Equipment,"Technology Hardware, Storage & Peripherals","Technology Hardware, Storage & Peripherals",923461473,2019-10-28T18:21:33Z,https://en.wikipedia.org/w/index.php?oldid=923461473,matched_gics
2019-10-31,ABBV,AbbVie Inc.,Health Care,"Pharmaceuticals, Biotechnology & Life Sciences",Pharmaceuticals,Pharmaceuticals,923461473,2019-10-28T18:21:33Z,https://en.wikipedia.org/w/index.php?oldid=923461473,matched_gics
2019-10-31,ABT,Abbott Laboratories,Health Care,Health Care Equipment & Services,Health Care Equipment & Supplies,Health Care Equipment,923461473,2019-10-28T18:21:33Z,https://en.wikipedia.org/w/index.php?oldid=923461473,matched_gics
2019-10-31,ACN,Accenture plc,Information Technology,Software & Services,IT Services,IT Consulting & Other Services,923461473,2019-10-28T18:21:33Z,https://en.wikipedia.org/w/index.php?oldid=923461473,matched_gics
2019-10-31,ADBE,Adobe Systems Inc,Information Technology,Software & Services,Software,Application Software,923461473,2019-10-28T18:21:33Z,https://en.wikipedia.org/w/index.php?oldid=923461473,matched_gics
2019-10-31,ADP,Automatic Data Processing,Information Technology,Software & Services,IT Services,Internet Services & Infrastructure,923461473,2019-10-28T18:21:33Z,https://en.wikipedia.org/w/index.php?oldid=923461473,matched_gics
2019-10-31,AEP,American Electric Power,Utilities,Utilities,Electric Utilities,Electric Utilities,923461473,2019-10-28T18:21:33Z,https://en.wikipedia.org/w/index.php?oldid=923461473,matched_gics
2019-10-31,AMT,American Tower Corp.,Real Estate,Real Estate,Equity Real Estate Investment Trusts (REITs),Specialized REITs,923461473,2019-10-28T18:21:33Z,https://en.wikipedia.org/w/index.php?oldid=923461473,matched_gics
2019-10-31,AMZN,Amazon.com Inc.,Consumer Discretionary,Retailing,Internet & Direct Marketing Retail,Internet & Direct Marketing Retail,923461473,2019-10-28T18:21:33Z,https://en.wikipedia.org/w/index.php?oldid=923461473,matched_gics
2019-10-31,APD,Air Products & Chemicals Inc,Materials,Materials,Chemicals,Industrial Gases,923461473,2019-10-28T18:21:33Z,https://en.wikipedia.org/w/index.php?oldid=923461473,matched_gics
2019-10-31,ASML,ASML Holding N.V.,,,,,,,,missing_gics
2019-10-31,AVGO,Broadcom Inc.,Information Technology,Semiconductors & Semiconductor Equipment,Semiconductors & Semiconductor Equipment,Semiconductors,923461473,2019-10-28T18:21:33Z,https://en.wikipedia.org/w/index.php?oldid=923461473,matched_gics
2019-10-31,AWK,American Water Works Company Inc,Utilities,Utilities,Water Utilities,Water Utilities,923461473,2019-10-28T18:21:33Z,https://en.wikipedia.org/w/index.php?oldid=923461473,matched_gics
2019-10-31,BA,Boeing Company,Industrials,Capital Goods,Aerospace & Defense,Aerospace & Defense,923461473,2019-10-28T18:21:33Z,https://en.wikipedia.org/w/index.php?oldid=923461473,matched_gics
2019-10-31,BABA,Alibaba Group Holding Limited,,,,,,,,missing_gics
2019-10-31,BAC,Bank of America Corp,Financials,Banks,Banks,Diversified Banks,923461473,2019-10-28T18:21:33Z,https://en.wikipedia.org/w/index.php?oldid=923461473,matched_gics
2019-10-31,BBL,BHP Group,,,,,,,,missing_gics
2019-10-31,BHP,BHP Group,,,,,,,,missing_gics
2019-10-31,BP,BP p.l.c.,,,,,,,,missing_gics
2019-10-31,BRK-A,Berkshire Hathaway Inc.,,,,,,,,missing_gics
2019-10-31,C-PJ,Citigroup Inc.,,,,,,,,missing_gics
2019-10-31,CAT,Caterpillar Inc.,Industrials,Capital Goods,Machinery,Construction Machinery & Heavy Trucks,923461473,2019-10-28T18:21:33Z,https://en.wikipedia.org/w/index.php?oldid=923461473,matched_gics
2019-10-31,CCI,Crown Castle International Corp.,Real Estate,Real Estate,Equity Real Estate Investment Trusts (REITs),Specialized REITs,923461473,2019-10-28T18:21:33Z,https://en.wikipedia.org/w/index.php?oldid=923461473,matched_gics
2019-10-31,CHTR,Charter Communications,Communication Services,Media,Media,Cable & Satellite,923461473,2019-10-28T18:21:33Z,https://en.wikipedia.org/w/index.php?oldid=923461473,matched_gics
2019-10-31,CMCSA,Comcast Corp.,Communication Services,Media,Media,Cable & Satellite,923461473,2019-10-28T18:21:33Z,https://en.wikipedia.org/w/index.php?oldid=923461473,matched_gics
2019-10-31,COP,ConocoPhillips,Energy,Energy,"Oil, Gas & Consumable Fuels",Oil & Gas Exploration & Production,923461473,2019-10-28T18:21:33Z,https://en.wikipedia.org/w/index.php?oldid=923461473,matched_gics
2019-10-31,COST,Costco Wholesale Corp.,Consumer Staples,Food & Staples Retailing,Food & Staples Retailing,Hypermarkets & Super Centers,923461473,2019-10-28T18:21:33Z,https://en.wikipedia.org/w/index.php?oldid=923461473,matched_gics
2019-10-31,CSCO,Cisco Systems,Information Technology,Technology Hardware & Equipment,Communications Equipment,Communications Equipment,923461473,2019-10-28T18:21:33Z,https://en.wikipedia.org/w/index.php?oldid=923461473,matched_gics
2019-10-31,CTA-PB,E. I. du Pont de Nemours and Company,,,,,,,,missing_gics
2019-10-31,CVX,Chevron Corp.,Energy,Energy,"Oil, Gas & Consumable Fuels",Integrated Oil & Gas,923461473,2019-10-28T18:21:33Z,https://en.wikipedia.org/w/index.php?oldid=923461473,matched_gics
2019-10-31,D,Dominion Energy,Utilities,Utilities,Electric Utilities,Electric Utilities,923461473,2019-10-28T18:21:33Z,https://en.wikipedia.org/w/index.php?oldid=923461473,matched_gics
2019-10-31,DE,Deere & Co.,Industrials,Capital Goods,Machinery,Agricultural & Farm Machinery,923461473,2019-10-28T18:21:33Z,https://en.wikipedia.org/w/index.php?oldid=923461473,matched_gics
2019-10-31,DEO,Diageo plc,,,,,,,,missing_gics
2019-10-31,DHR,Danaher Corp.,Health Care,Health Care Equipment & Services,Health Care Equipment & Supplies,Health Care Equipment,923461473,2019-10-28T18:21:33Z,https://en.wikipedia.org/w/index.php?oldid=923461473,matched_gics
2019-10-31,DIS,The Walt Disney Company,Communication Services,Media & Entertainment,Entertainment,Movies & Entertainment,923461473,2019-10-28T18:21:33Z,https://en.wikipedia.org/w/index.php?oldid=923461473,matched_gics
2019-10-31,DLR,Digital Realty Trust Inc,Real Estate,Real Estate,Equity Real Estate Investment Trusts (REITs),Specialized REITs,923461473,2019-10-28T18:21:33Z,https://en.wikipedia.org/w/index.php?oldid=923461473,matched_gics
2019-10-31,DUK,Duke Energy,Utilities,Utilities,Electric Utilities,Electric Utilities,923461473,2019-10-28T18:21:33Z,https://en.wikipedia.org/w/index.php?oldid=923461473,matched_gics
2019-10-31,ECL,Ecolab Inc.,Materials,Materials,Chemicals,Specialty Chemicals,923461473,2019-10-28T18:21:33Z,https://en.wikipedia.org/w/index.php?oldid=923461473,matched_gics
2019-10-31,EL,Estee Lauder Cos.,Consumer Staples,Household & Personal Products,Personal Products,Personal Products,923461473,2019-10-28T18:21:33Z,https://en.wikipedia.org/w/index.php?oldid=923461473,matched_gics
2019-10-31,ENB,Enbridge Inc.,,,,,,,,missing_gics
2019-10-31,EQIX,Equinix,Real Estate,Real Estate,Equity Real Estate Investment Trusts (REITs),Specialized REITs,923461473,2019-10-28T18:21:33Z,https://en.wikipedia.org/w/index.php?oldid=923461473,matched_gics
2019-10-31,EQNR,Equinor ASA,,,,,,,,missing_gics
2019-10-31,EXC,Exelon Corp.,Utilities,Utilities,Multi-Utilities,Multi-Utilities,923461473,2019-10-28T18:21:33Z,https://en.wikipedia.org/w/index.php?oldid=923461473,matched_gics
2019-10-31,FB,"Facebook, Inc.",Communication Services,Media & Entertainment,Interactive Media & Services,Interactive Media & Services,923461473,2019-10-28T18:21:33Z,https://en.wikipedia.org/w/index.php?oldid=923461473,matched_gics
2019-10-31,FCX,Freeport-McMoRan Inc.,Materials,Materials,Metals & Mining,Copper,923461473,2019-10-28T18:21:33Z,https://en.wikipedia.org/w/index.php?oldid=923461473,matched_gics
2019-10-31,GE,General Electric,Industrials,Capital Goods,Industrial Conglomerates,Industrial Conglomerates,923461473,2019-10-28T18:21:33Z,https://en.wikipedia.org/w/index.php?oldid=923461473,matched_gics
2019-10-31,GOOG,Alphabet Inc Class C,Communication Services,Media & Entertainment,Interactive Media & Services,Interactive Media & Services,923461473,2019-10-28T18:21:33Z,https://en.wikipedia.org/w/index.php?oldid=923461473,matched_gics
2019-10-31,HD,Home Depot,Consumer Discretionary,Retailing,Specialty Retail,Home Improvement Retail,923461473,2019-10-28T18:21:33Z,https://en.wikipedia.org/w/index.php?oldid=923461473,matched_gics
2019-10-31,HON,Honeywell Int'l Inc.,Industrials,Capital Goods,Industrial Conglomerates,Industrial Conglomerates,923461473,2019-10-28T18:21:33Z,https://en.wikipedia.org/w/index.php?oldid=923461473,matched_gics
2019-10-31,JD,"JD.com, Inc.",,,,,,,,missing_gics
2019-10-31,JNJ,Johnson & Johnson,Health Care,"Pharmaceuticals, Biotechnology & Life Sciences",Pharmaceuticals,Pharmaceuticals,923461473,2019-10-28T18:21:33Z,https://en.wikipedia.org/w/index.php?oldid=923461473,matched_gics
2019-10-31,JPM,JPMorgan Chase & Co.,Financials,Banks,Banks,Diversified Banks,923461473,2019-10-28T18:21:33Z,https://en.wikipedia.org/w/index.php?oldid=923461473,matched_gics
2019-10-31,KO,Coca-Cola Company,Consumer Staples,"Food, Beverage & Tobacco",Beverages,Soft Drinks,923461473,2019-10-28T18:21:33Z,https://en.wikipedia.org/w/index.php?oldid=923461473,matched_gics
2019-10-31,LLY,Lilly (Eli) & Co.,Health Care,"Pharmaceuticals, Biotechnology & Life Sciences",Pharmaceuticals,Pharmaceuticals,923461473,2019-10-28T18:21:33Z,https://en.wikipedia.org/w/index.php?oldid=923461473,matched_gics
2019-10-31,LOW,Lowe's Cos.,Consumer Discretionary,Retailing,Specialty Retail,Home Improvement Retail,923461473,2019-10-28T18:21:33Z,https://en.wikipedia.org/w/index.php?oldid=923461473,matched_gics
2019-10-31,MA,Mastercard Inc.,Information Technology,Software & Services,IT Services,Data Processing & Outsourced Services,923461473,2019-10-28T18:21:33Z,https://en.wikipedia.org/w/index.php?oldid=923461473,matched_gics
2019-10-31,MCD,McDonald's Corp.,Consumer Discretionary,Consumer Services,"Hotels, Restaurants & Leisure",Restaurants,923461473,2019-10-28T18:21:33Z,https://en.wikipedia.org/w/index.php?oldid=923461473,matched_gics
2019-10-31,MMM,3M Company,Industrials,Capital Goods,Industrial Conglomerates,Industrial Conglomerates,923461473,2019-10-28T18:21:33Z,https://en.wikipedia.org/w/index.php?oldid=923461473,matched_gics
2019-10-31,MS,Morgan Stanley,Financials,Diversified Financials,Capital Markets,Investment Banking & Brokerage,923461473,2019-10-28T18:21:33Z,https://en.wikipedia.org/w/index.php?oldid=923461473,matched_gics
2019-10-31,MSFT,Microsoft Corp.,Information Technology,Software & Services,Software,Systems Software,923461473,2019-10-28T18:21:33Z,https://en.wikipedia.org/w/index.php?oldid=923461473,matched_gics
2019-10-31,NEE,NextEra Energy,Utilities,Utilities,Multi-Utilities,Multi-Utilities,923461473,2019-10-28T18:21:33Z,https://en.wikipedia.org/w/index.php?oldid=923461473,matched_gics
2019-10-31,NEM,Newmont Goldcorp,Materials,Materials,Metals & Mining,Gold,923461473,2019-10-28T18:21:33Z,https://en.wikipedia.org/w/index.php?oldid=923461473,matched_gics
2019-10-31,NFLX,Netflix Inc.,Communication Services,Media & Entertainment,Entertainment,Movies & Entertainment,923461473,2019-10-28T18:21:33Z,https://en.wikipedia.org/w/index.php?oldid=923461473,matched_gics
2019-10-31,NGG,National Grid plc,,,,,,,,missing_gics
2019-10-31,NKE,Nike,Consumer Discretionary,Consumer Durables & Apparel,"Textiles, Apparel & Luxury Goods","Apparel, Accessories & Luxury Goods",923461473,2019-10-28T18:21:33Z,https://en.wikipedia.org/w/index.php?oldid=923461473,matched_gics
2019-10-31,NVDA,Nvidia Corporation,Information Technology,Semiconductors & Semiconductor Equipment,Semiconductors & Semiconductor Equipment,Semiconductors,923461473,2019-10-28T18:21:33Z,https://en.wikipedia.org/w/index.php?oldid=923461473,matched_gics
2019-10-31,NVO,Novo Nordisk A/S,,,,,,,,missing_gics
2019-10-31,NVS,Novartis AG,,,,,,,,missing_gics
2019-10-31,O,Realty Income Corporation,Real Estate,Real Estate,Equity Real Estate Investment Trusts (REITs),Retail REITs,923461473,2019-10-28T18:21:33Z,https://en.wikipedia.org/w/index.php?oldid=923461473,matched_gics
2019-10-31,ORCL,Oracle Corp.,Information Technology,Software & Services,Software,Application Software,923461473,2019-10-28T18:21:33Z,https://en.wikipedia.org/w/index.php?oldid=923461473,matched_gics
2019-10-31,PEP,PepsiCo Inc.,Consumer Staples,"Food, Beverage & Tobacco",Beverages,Soft Drinks,923461473,2019-10-28T18:21:33Z,https://en.wikipedia.org/w/index.php?oldid=923461473,matched_gics
2019-10-31,PFE,Pfizer Inc.,Health Care,"Pharmaceuticals, Biotechnology & Life Sciences",Pharmaceuticals,Pharmaceuticals,923461473,2019-10-28T18:21:33Z,https://en.wikipedia.org/w/index.php?oldid=923461473,matched_gics
2019-10-31,PG,Procter & Gamble,Consumer Staples,Household & Personal Products,Personal Products,Personal Products,923461473,2019-10-28T18:21:33Z,https://en.wikipedia.org/w/index.php?oldid=923461473,matched_gics
2019-10-31,PLD,Prologis,Real Estate,Real Estate,Equity Real Estate Investment Trusts (REITs),Industrial REITs,923461473,2019-10-28T18:21:33Z,https://en.wikipedia.org/w/index.php?oldid=923461473,matched_gics
2019-10-31,PM,Philip Morris International,Consumer Staples,"Food, Beverage & Tobacco",Tobacco,Tobacco,923461473,2019-10-28T18:21:33Z,https://en.wikipedia.org/w/index.php?oldid=923461473,matched_gics
2019-10-31,PSA,Public Storage,Real Estate,Real Estate,Equity Real Estate Investment Trusts (REITs),Specialized REITs,923461473,2019-10-28T18:21:33Z,https://en.wikipedia.org/w/index.php?oldid=923461473,matched_gics
2019-10-31,PTR,PetroChina Company Limited,,,,,,,,missing_gics
2019-10-31,PYPL,PayPal,Information Technology,Software & Services,IT Services,Data Processing & Outsourced Services,923461473,2019-10-28T18:21:33Z,https://en.wikipedia.org/w/index.php?oldid=923461473,matched_gics
2019-10-31,RDS-B,Royal Dutch Shell plc,,,,,,,,missing_gics
2019-10-31,RIO,Rio Tinto Group,,,,,,,,missing_gics
2019-10-31,RTX,Raytheon Technologies Corporation,,,,,,,,missing_gics
2019-10-31,SBAC,SBA Communications,Real Estate,Real Estate,Equity Real Estate Investment Trusts (REITs),Specialized REITs,923461473,2019-10-28T18:21:33Z,https://en.wikipedia.org/w/index.php?oldid=923461473,matched_gics
2019-10-31,SBUX,Starbucks Corp.,Consumer Discretionary,Consumer Services,"Hotels, Restaurants & Leisure",Restaurants,923461473,2019-10-28T18:21:33Z,https://en.wikipedia.org/w/index.php?oldid=923461473,matched_gics
2019-10-31,SCHW,Charles Schwab Corporation,Financials,Diversified Financials,Capital Markets,Investment Banking & Brokerage,923461473,2019-10-28T18:21:33Z,https://en.wikipedia.org/w/index.php?oldid=923461473,matched_gics
2019-10-31,SHW,Sherwin-Williams,Materials,Materials,Chemicals,Specialty Chemicals,923461473,2019-10-28T18:21:33Z,https://en.wikipedia.org/w/index.php?oldid=923461473,matched_gics
2019-10-31,SNAP,Snap Inc.,,,,,,,,missing_gics
2019-10-31,SNP,China Petroleum & Chemical Corporation,,,,,,,,missing_gics
2019-10-31,SO,Southern Co.,Utilities,Utilities,Electric Utilities,Electric Utilities,923461473,2019-10-28T18:21:33Z,https://en.wikipedia.org/w/index.php?oldid=923461473,matched_gics
2019-10-31,SPG-PJ,"Simon Property Group, Inc.",,,,,,,,missing_gics
2019-10-31,SRE,Sempra Energy,Utilities,Utilities,Multi-Utilities,Multi-Utilities,923461473,2019-10-28T18:21:33Z,https://en.wikipedia.org/w/index.php?oldid=923461473,matched_gics
2019-10-31,T,AT&T Inc.,Communication Services,Telecommunication Services,Diversified Telecommunication Services,Integrated Telecommunication Services,923461473,2019-10-28T18:21:33Z,https://en.wikipedia.org/w/index.php?oldid=923461473,matched_gics
2019-10-31,TGT,Target Corp.,Consumer Discretionary,Retailing,Multiline Retail,General Merchandise Stores,923461473,2019-10-28T18:21:33Z,https://en.wikipedia.org/w/index.php?oldid=923461473,matched_gics
2019-10-31,TM,Toyota Motor Corporation,,,,,,,,missing_gics
2019-10-31,TMO,Thermo Fisher Scientific,Health Care,Health Care Equipment & Services,Health Care Equipment & Supplies,Health Care Equipment,923461473,2019-10-28T18:21:33Z,https://en.wikipedia.org/w/index.php?oldid=923461473,matched_gics
2019-10-31,TMUS,T-Mobile US,Communication Services,Telecommunication Services,Wireless Telecommunication Services,Wireless Telecommunication Services,923461473,2019-10-28T18:21:33Z,https://en.wikipedia.org/w/index.php?oldid=923461473,matched_gics
2019-10-31,TSLA,"Tesla, Inc.",,,,,,,,missing_gics
2019-10-31,TSM,Taiwan Semiconductor Manufacturing Company Limited,,,,,,,,missing_gics
2019-10-31,TTE,TotalEnergies SE,,,,,,,,missing_gics
2019-10-31,UL,Unilever PLC,,,,,,,,missing_gics
2019-10-31,UNH,United Health Group Inc.,Health Care,Health Care Equipment & Services,Health Care Providers & Services,Managed Health Care,923461473,2019-10-28T18:21:33Z,https://en.wikipedia.org/w/index.php?oldid=923461473,matched_gics
2019-10-31,UNP,Union Pacific Corp,Industrials,Transportation,Road & Rail,Railroads,923461473,2019-10-28T18:21:33Z,https://en.wikipedia.org/w/index.php?oldid=923461473,matched_gics
2019-10-31,UPS,United Parcel Service,Industrials,Transportation,Air Freight & Logistics,Air Freight & Logistics,923461473,2019-10-28T18:21:33Z,https://en.wikipedia.org/w/index.php?oldid=923461473,matched_gics
2019-10-31,V,Visa Inc.,Information Technology,Software & Services,IT Services,Data Processing & Outsourced Services,923461473,2019-10-28T18:21:33Z,https://en.wikipedia.org/w/index.php?oldid=923461473,matched_gics
2019-10-31,VALE,Vale S.A.,,,,,,,,missing_gics
2019-10-31,VZ,Verizon Communications,Communication Services,Telecommunication Services,Diversified Telecommunication Services,Integrated Telecommunication Services,923461473,2019-10-28T18:21:33Z,https://en.wikipedia.org/w/index.php?oldid=923461473,matched_gics
2019-10-31,WELL,Welltower Inc.,Real Estate,Real Estate,Equity Real Estate Investment Trusts (REITs),Health Care REITs,923461473,2019-10-28T18:21:33Z,https://en.wikipedia.org/w/index.php?oldid=923461473,matched_gics
2019-10-31,WFC-PL,Wells Fargo & Company,,,,,,,,missing_gics
2019-10-31,WMT,Walmart,Consumer Staples,Food & Staples Retailing,Food & Staples Retailing,Hypermarkets & Super Centers,923461473,2019-10-28T18:21:33Z,https://en.wikipedia.org/w/index.php?oldid=923461473,matched_gics
2019-10-31,XEL,Xcel Energy Inc,Utilities,Utilities,Multi-Utilities,Multi-Utilities,923461473,2019-10-28T18:21:33Z,https://en.wikipedia.org/w/index.php?oldid=923461473,matched_gics
2019-10-31,XOM,Exxon Mobil Corp.,Energy,Energy,"Oil, Gas & Consumable Fuels",Integrated Oil & Gas,923461473,2019-10-28T18:21:33Z,https://en.wikipedia.org/w/index.php?oldid=923461473,matched_gics
2019-11-30,AAPL,Apple Inc.,Information Technology,Technology Hardware & Equipment,"Technology Hardware, Storage & Peripherals","Technology Hardware, Storage & Peripherals",928477191,2019-11-29T13:37:42Z,https://en.wikipedia.org/w/index.php?oldid=928477191,matched_gics
2019-11-30,ABBV,AbbVie Inc.,Health Care,"Pharmaceuticals, Biotechnology & Life Sciences",Pharmaceuticals,Pharmaceuticals,928477191,2019-11-29T13:37:42Z,https://en.wikipedia.org/w/index.php?oldid=928477191,matched_gics
2019-11-30,ABT,Abbott Laboratories,Health Care,Health Care Equipment & Services,Health Care Equipment & Supplies,Health Care Equipment,928477191,2019-11-29T13:37:42Z,https://en.wikipedia.org/w/index.php?oldid=928477191,matched_gics
2019-11-30,ACN,Accenture plc,Information Technology,Software & Services,IT Services,IT Consulting & Other Services,928477191,2019-11-29T13:37:42Z,https://en.wikipedia.org/w/index.php?oldid=928477191,matched_gics
2019-11-30,ADBE,Adobe Systems Inc,Information Technology,Software & Services,Software,Application Software,928477191,2019-11-29T13:37:42Z,https://en.wikipedia.org/w/index.php?oldid=928477191,matched_gics
2019-11-30,ADP,Automatic Data Processing,Information Technology,Software & Services,IT Services,Internet Services & Infrastructure,928477191,2019-11-29T13:37:42Z,https://en.wikipedia.org/w/index.php?oldid=928477191,matched_gics
2019-11-30,AEP,American Electric Power,Utilities,Utilities,Electric Utilities,Electric Utilities,928477191,2019-11-29T13:37:42Z,https://en.wikipedia.org/w/index.php?oldid=928477191,matched_gics
2019-11-30,AMT,American Tower Corp.,Real Estate,Real Estate,Equity Real Estate Investment Trusts (REITs),Specialized REITs,928477191,2019-11-29T13:37:42Z,https://en.wikipedia.org/w/index.php?oldid=928477191,matched_gics
2019-11-30,AMZN,Amazon.com Inc.,Consumer Discretionary,Retailing,Internet & Direct Marketing Retail,Internet & Direct Marketing Retail,928477191,2019-11-29T13:37:42Z,https://en.wikipedia.org/w/index.php?oldid=928477191,matched_gics
2019-11-30,APD,Air Products & Chemicals Inc,Materials,Materials,Chemicals,Industrial Gases,928477191,2019-11-29T13:37:42Z,https://en.wikipedia.org/w/index.php?oldid=928477191,matched_gics
2019-11-30,ASML,ASML Holding N.V.,,,,,,,,missing_gics
2019-11-30,AVGO,Broadcom Inc.,Information Technology,Semiconductors & Semiconductor Equipment,Semiconductors & Semiconductor Equipment,Semiconductors,928477191,2019-11-29T13:37:42Z,https://en.wikipedia.org/w/index.php?oldid=928477191,matched_gics
2019-11-30,AWK,American Water Works Company Inc,Utilities,Utilities,Water Utilities,Water Utilities,928477191,2019-11-29T13:37:42Z,https://en.wikipedia.org/w/index.php?oldid=928477191,matched_gics
2019-11-30,BA,Boeing Company,Industrials,Capital Goods,Aerospace & Defense,Aerospace & Defense,928477191,2019-11-29T13:37:42Z,https://en.wikipedia.org/w/index.php?oldid=928477191,matched_gics
2019-11-30,BABA,Alibaba Group Holding Limited,,,,,,,,missing_gics
2019-11-30,BAC,Bank of America Corp,Financials,Banks,Banks,Diversified Banks,928477191,2019-11-29T13:37:42Z,https://en.wikipedia.org/w/index.php?oldid=928477191,matched_gics
2019-11-30,BBL,BHP Group,,,,,,,,missing_gics
2019-11-30,BHP,BHP Group,,,,,,,,missing_gics
2019-11-30,BP,BP p.l.c.,,,,,,,,missing_gics
2019-11-30,BRK-A,Berkshire Hathaway Inc.,,,,,,,,missing_gics
2019-11-30,C-PJ,Citigroup Inc.,,,,,,,,missing_gics
2019-11-30,CAT,Caterpillar Inc.,Industrials,Capital Goods,Machinery,Construction Machinery & Heavy Trucks,928477191,2019-11-29T13:37:42Z,https://en.wikipedia.org/w/index.php?oldid=928477191,matched_gics
2019-11-30,CCI,Crown Castle International Corp.,Real Estate,Real Estate,Equity Real Estate Investment Trusts (REITs),Specialized REITs,928477191,2019-11-29T13:37:42Z,https://en.wikipedia.org/w/index.php?oldid=928477191,matched_gics
2019-11-30,CHTR,Charter Communications,Communication Services,Media,Media,Cable & Satellite,928477191,2019-11-29T13:37:42Z,https://en.wikipedia.org/w/index.php?oldid=928477191,matched_gics
2019-11-30,CMCSA,Comcast Corp.,Communication Services,Media,Media,Cable & Satellite,928477191,2019-11-29T13:37:42Z,https://en.wikipedia.org/w/index.php?oldid=928477191,matched_gics
2019-11-30,COP,ConocoPhillips,Energy,Energy,"Oil, Gas & Consumable Fuels",Oil & Gas Exploration & Production,928477191,2019-11-29T13:37:42Z,https://en.wikipedia.org/w/index.php?oldid=928477191,matched_gics
2019-11-30,COST,Costco Wholesale Corp.,Consumer Staples,Food & Staples Retailing,Food & Staples Retailing,Hypermarkets & Super Centers,928477191,2019-11-29T13:37:42Z,https://en.wikipedia.org/w/index.php?oldid=928477191,matched_gics
2019-11-30,CSCO,Cisco Systems,Information Technology,Technology Hardware & Equipment,Communications Equipment,Communications Equipment,928477191,2019-11-29T13:37:42Z,https://en.wikipedia.org/w/index.php?oldid=928477191,matched_gics
2019-11-30,CTA-PB,E. I. du Pont de Nemours and Company,,,,,,,,missing_gics
2019-11-30,CVX,Chevron Corp.,Energy,Energy,"Oil, Gas & Consumable Fuels",Integrated Oil & Gas,928477191,2019-11-29T13:37:42Z,https://en.wikipedia.org/w/index.php?oldid=928477191,matched_gics
2019-11-30,D,Dominion Energy,Utilities,Utilities,Electric Utilities,Electric Utilities,928477191,2019-11-29T13:37:42Z,https://en.wikipedia.org/w/index.php?oldid=928477191,matched_gics
2019-11-30,DE,Deere & Co.,Industrials,Capital Goods,Machinery,Agricultural & Farm Machinery,928477191,2019-11-29T13:37:42Z,https://en.wikipedia.org/w/index.php?oldid=928477191,matched_gics
2019-11-30,DEO,Diageo plc,,,,,,,,missing_gics
2019-11-30,DHR,Danaher Corp.,Health Care,Health Care Equipment & Services,Health Care Equipment & Supplies,Health Care Equipment,928477191,2019-11-29T13:37:42Z,https://en.wikipedia.org/w/index.php?oldid=928477191,matched_gics
2019-11-30,DIS,The Walt Disney Company,Communication Services,Media & Entertainment,Entertainment,Movies & Entertainment,928477191,2019-11-29T13:37:42Z,https://en.wikipedia.org/w/index.php?oldid=928477191,matched_gics
2019-11-30,DLR,Digital Realty Trust Inc,Real Estate,Real Estate,Equity Real Estate Investment Trusts (REITs),Specialized REITs,928477191,2019-11-29T13:37:42Z,https://en.wikipedia.org/w/index.php?oldid=928477191,matched_gics
2019-11-30,DUK,Duke Energy,Utilities,Utilities,Electric Utilities,Electric Utilities,928477191,2019-11-29T13:37:42Z,https://en.wikipedia.org/w/index.php?oldid=928477191,matched_gics
2019-11-30,ECL,Ecolab Inc.,Materials,Materials,Chemicals,Specialty Chemicals,928477191,2019-11-29T13:37:42Z,https://en.wikipedia.org/w/index.php?oldid=928477191,matched_gics
2019-11-30,EL,Estee Lauder Cos.,Consumer Staples,Household & Personal Products,Personal Products,Personal Products,928477191,2019-11-29T13:37:42Z,https://en.wikipedia.org/w/index.php?oldid=928477191,matched_gics
2019-11-30,ENB,Enbridge Inc.,,,,,,,,missing_gics
2019-11-30,EQIX,Equinix,Real Estate,Real Estate,Equity Real Estate Investment Trusts (REITs),Specialized REITs,928477191,2019-11-29T13:37:42Z,https://en.wikipedia.org/w/index.php?oldid=928477191,matched_gics
2019-11-30,EQNR,Equinor ASA,,,,,,,,missing_gics
2019-11-30,EXC,Exelon Corp.,Utilities,Utilities,Multi-Utilities,Multi-Utilities,928477191,2019-11-29T13:37:42Z,https://en.wikipedia.org/w/index.php?oldid=928477191,matched_gics
2019-11-30,FB,"Facebook, Inc.",Communication Services,Media & Entertainment,Interactive Media & Services,Interactive Media & Services,928477191,2019-11-29T13:37:42Z,https://en.wikipedia.org/w/index.php?oldid=928477191,matched_gics
2019-11-30,FCX,Freeport-McMoRan Inc.,Materials,Materials,Metals & Mining,Copper,928477191,2019-11-29T13:37:42Z,https://en.wikipedia.org/w/index.php?oldid=928477191,matched_gics
2019-11-30,GE,General Electric,Industrials,Capital Goods,Industrial Conglomerates,Industrial Conglomerates,928477191,2019-11-29T13:37:42Z,https://en.wikipedia.org/w/index.php?oldid=928477191,matched_gics
2019-11-30,GOOG,Alphabet Inc Class C,Communication Services,Media & Entertainment,Interactive Media & Services,Interactive Media & Services,928477191,2019-11-29T13:37:42Z,https://en.wikipedia.org/w/index.php?oldid=928477191,matched_gics
2019-11-30,HD,Home Depot,Consumer Discretionary,Retailing,Specialty Retail,Home Improvement Retail,928477191,2019-11-29T13:37:42Z,https://en.wikipedia.org/w/index.php?oldid=928477191,matched_gics
2019-11-30,HON,Honeywell Int'l Inc.,Industrials,Capital Goods,Industrial Conglomerates,Industrial Conglomerates,928477191,2019-11-29T13:37:42Z,https://en.wikipedia.org/w/index.php?oldid=928477191,matched_gics
2019-11-30,JD,"JD.com, Inc.",,,,,,,,missing_gics
2019-11-30,JNJ,Johnson & Johnson,Health Care,"Pharmaceuticals, Biotechnology & Life Sciences",Pharmaceuticals,Pharmaceuticals,928477191,2019-11-29T13:37:42Z,https://en.wikipedia.org/w/index.php?oldid=928477191,matched_gics
2019-11-30,JPM,JPMorgan Chase & Co.,Financials,Banks,Banks,Diversified Banks,928477191,2019-11-29T13:37:42Z,https://en.wikipedia.org/w/index.php?oldid=928477191,matched_gics
2019-11-30,KO,Coca-Cola Company,Consumer Staples,"Food, Beverage & Tobacco",Beverages,Soft Drinks,928477191,2019-11-29T13:37:42Z,https://en.wikipedia.org/w/index.php?oldid=928477191,matched_gics
2019-11-30,LLY,Lilly (Eli) & Co.,Health Care,"Pharmaceuticals, Biotechnology & Life Sciences",Pharmaceuticals,Pharmaceuticals,928477191,2019-11-29T13:37:42Z,https://en.wikipedia.org/w/index.php?oldid=928477191,matched_gics
2019-11-30,LOW,Lowe's Cos.,Consumer Discretionary,Retailing,Specialty Retail,Home Improvement Retail,928477191,2019-11-29T13:37:42Z,https://en.wikipedia.org/w/index.php?oldid=928477191,matched_gics
2019-11-30,MA,Mastercard Inc.,Information Technology,Software & Services,IT Services,Data Processing & Outsourced Services,928477191,2019-11-29T13:37:42Z,https://en.wikipedia.org/w/index.php?oldid=928477191,matched_gics
2019-11-30,MCD,McDonald's Corp.,Consumer Discretionary,Consumer Services,"Hotels, Restaurants & Leisure",Restaurants,928477191,2019-11-29T13:37:42Z,https://en.wikipedia.org/w/index.php?oldid=928477191,matched_gics
2019-11-30,MMM,3M Company,Industrials,Capital Goods,Industrial Conglomerates,Industrial Conglomerates,928477191,2019-11-29T13:37:42Z,https://en.wikipedia.org/w/index.php?oldid=928477191,matched_gics
2019-11-30,MS,Morgan Stanley,Financials,Diversified Financials,Capital Markets,Investment Banking & Brokerage,928477191,2019-11-29T13:37:42Z,https://en.wikipedia.org/w/index.php?oldid=928477191,matched_gics
2019-11-30,MSFT,Microsoft Corp.,Information Technology,Software & Services,Software,Systems Software,928477191,2019-11-29T13:37:42Z,https://en.wikipedia.org/w/index.php?oldid=928477191,matched_gics
2019-11-30,NEE,NextEra Energy,Utilities,Utilities,Multi-Utilities,Multi-Utilities,928477191,2019-11-29T13:37:42Z,https://en.wikipedia.org/w/index.php?oldid=928477191,matched_gics
2019-11-30,NEM,Newmont Goldcorp,Materials,Materials,Metals & Mining,Gold,928477191,2019-11-29T13:37:42Z,https://en.wikipedia.org/w/index.php?oldid=928477191,matched_gics
2019-11-30,NFLX,Netflix Inc.,Communication Services,Media & Entertainment,Entertainment,Movies & Entertainment,928477191,2019-11-29T13:37:42Z,https://en.wikipedia.org/w/index.php?oldid=928477191,matched_gics
2019-11-30,NGG,National Grid plc,,,,,,,,missing_gics
2019-11-30,NKE,Nike,Consumer Discretionary,Consumer Durables & Apparel,"Textiles, Apparel & Luxury Goods","Apparel, Accessories & Luxury Goods",928477191,2019-11-29T13:37:42Z,https://en.wikipedia.org/w/index.php?oldid=928477191,matched_gics
2019-11-30,NVDA,Nvidia Corporation,Information Technology,Semiconductors & Semiconductor Equipment,Semiconductors & Semiconductor Equipment,Semiconductors,928477191,2019-11-29T13:37:42Z,https://en.wikipedia.org/w/index.php?oldid=928477191,matched_gics
2019-11-30,NVO,Novo Nordisk A/S,,,,,,,,missing_gics
2019-11-30,NVS,Novartis AG,,,,,,,,missing_gics
2019-11-30,O,Realty Income Corporation,Real Estate,Real Estate,Equity Real Estate Investment Trusts (REITs),Retail REITs,928477191,2019-11-29T13:37:42Z,https://en.wikipedia.org/w/index.php?oldid=928477191,matched_gics
2019-11-30,ORCL,Oracle Corp.,Information Technology,Software & Services,Software,Application Software,928477191,2019-11-29T13:37:42Z,https://en.wikipedia.org/w/index.php?oldid=928477191,matched_gics
2019-11-30,PEP,PepsiCo Inc.,Consumer Staples,"Food, Beverage & Tobacco",Beverages,Soft Drinks,928477191,2019-11-29T13:37:42Z,https://en.wikipedia.org/w/index.php?oldid=928477191,matched_gics
2019-11-30,PFE,Pfizer Inc.,Health Care,"Pharmaceuticals, Biotechnology & Life Sciences",Pharmaceuticals,Pharmaceuticals,928477191,2019-11-29T13:37:42Z,https://en.wikipedia.org/w/index.php?oldid=928477191,matched_gics
2019-11-30,PG,Procter & Gamble,Consumer Staples,Household & Personal Products,Personal Products,Personal Products,928477191,2019-11-29T13:37:42Z,https://en.wikipedia.org/w/index.php?oldid=928477191,matched_gics
2019-11-30,PLD,Prologis,Real Estate,Real Estate,Equity Real Estate Investment Trusts (REITs),Industrial REITs,928477191,2019-11-29T13:37:42Z,https://en.wikipedia.org/w/index.php?oldid=928477191,matched_gics
2019-11-30,PM,Philip Morris International,Consumer Staples,"Food, Beverage & Tobacco",Tobacco,Tobacco,928477191,2019-11-29T13:37:42Z,https://en.wikipedia.org/w/index.php?oldid=928477191,matched_gics
2019-11-30,PSA,Public Storage,Real Estate,Real Estate,Equity Real Estate Investment Trusts (REITs),Specialized REITs,928477191,2019-11-29T13:37:42Z,https://en.wikipedia.org/w/index.php?oldid=928477191,matched_gics
2019-11-30,PTR,PetroChina Company Limited,,,,,,,,missing_gics
2019-11-30,PYPL,PayPal,Information Technology,Software & Services,IT Services,Data Processing & Outsourced Services,928477191,2019-11-29T13:37:42Z,https://en.wikipedia.org/w/index.php?oldid=928477191,matched_gics
2019-11-30,RDS-B,Royal Dutch Shell plc,,,,,,,,missing_gics
2019-11-30,RIO,Rio Tinto Group,,,,,,,,missing_gics
2019-11-30,RTX,Raytheon Technologies Corporation,,,,,,,,missing_gics
2019-11-30,SBAC,SBA Communications,Real Estate,Real Estate,Equity Real Estate Investment Trusts (REITs),Specialized REITs,928477191,2019-11-29T13:37:42Z,https://en.wikipedia.org/w/index.php?oldid=928477191,matched_gics
2019-11-30,SBUX,Starbucks Corp.,Consumer Discretionary,Consumer Services,"Hotels, Restaurants & Leisure",Restaurants,928477191,2019-11-29T13:37:42Z,https://en.wikipedia.org/w/index.php?oldid=928477191,matched_gics
2019-11-30,SCHW,Charles Schwab Corporation,Financials,Diversified Financials,Capital Markets,Investment Banking & Brokerage,928477191,2019-11-29T13:37:42Z,https://en.wikipedia.org/w/index.php?oldid=928477191,matched_gics
2019-11-30,SHW,Sherwin-Williams,Materials,Materials,Chemicals,Specialty Chemicals,928477191,2019-11-29T13:37:42Z,https://en.wikipedia.org/w/index.php?oldid=928477191,matched_gics
2019-11-30,SNAP,Snap Inc.,,,,,,,,missing_gics
2019-11-30,SNP,China Petroleum & Chemical Corporation,,,,,,,,missing_gics
2019-11-30,SO,Southern Co.,Utilities,Utilities,Electric Utilities,Electric Utilities,928477191,2019-11-29T13:37:42Z,https://en.wikipedia.org/w/index.php?oldid=928477191,matched_gics
2019-11-30,SPG-PJ,"Simon Property Group, Inc.",,,,,,,,missing_gics
2019-11-30,SRE,Sempra Energy,Utilities,Utilities,Multi-Utilities,Multi-Utilities,928477191,2019-11-29T13:37:42Z,https://en.wikipedia.org/w/index.php?oldid=928477191,matched_gics
2019-11-30,T,AT&T Inc.,Communication Services,Telecommunication Services,Diversified Telecommunication Services,Integrated Telecommunication Services,928477191,2019-11-29T13:37:42Z,https://en.wikipedia.org/w/index.php?oldid=928477191,matched_gics
2019-11-30,TGT,Target Corp.,Consumer Discretionary,Retailing,Multiline Retail,General Merchandise Stores,928477191,2019-11-29T13:37:42Z,https://en.wikipedia.org/w/index.php?oldid=928477191,matched_gics
2019-11-30,TM,Toyota Motor Corporation,,,,,,,,missing_gics
2019-11-30,TMO,Thermo Fisher Scientific,Health Care,"Pharmaceuticals, Biotechnology & Life Sciences",Life Sciences Tools & Services,Life Sciences Tools & Services,928477191,2019-11-29T13:37:42Z,https://en.wikipedia.org/w/index.php?oldid=928477191,matched_gics
2019-11-30,TMUS,T-Mobile US,Communication Services,Telecommunication Services,Wireless Telecommunication Services,Wireless Telecommunication Services,928477191,2019-11-29T13:37:42Z,https://en.wikipedia.org/w/index.php?oldid=928477191,matched_gics
2019-11-30,TSLA,"Tesla, Inc.",,,,,,,,missing_gics
2019-11-30,TSM,Taiwan Semiconductor Manufacturing Company Limited,,,,,,,,missing_gics
2019-11-30,TTE,TotalEnergies SE,,,,,,,,missing_gics
2019-11-30,UL,Unilever PLC,,,,,,,,missing_gics
2019-11-30,UNH,United Health Group Inc.,Health Care,Health Care Equipment & Services,Health Care Providers & Services,Managed Health Care,928477191,2019-11-29T13:37:42Z,https://en.wikipedia.org/w/index.php?oldid=928477191,matched_gics
2019-11-30,UNP,Union Pacific Corp,Industrials,Transportation,Road & Rail,Railroads,928477191,2019-11-29T13:37:42Z,https://en.wikipedia.org/w/index.php?oldid=928477191,matched_gics
2019-11-30,UPS,United Parcel Service,Industrials,Transportation,Air Freight & Logistics,Air Freight & Logistics,928477191,2019-11-29T13:37:42Z,https://en.wikipedia.org/w/index.php?oldid=928477191,matched_gics
2019-11-30,V,Visa Inc.,Information Technology,Software & Services,IT Services,Data Processing & Outsourced Services,928477191,2019-11-29T13:37:42Z,https://en.wikipedia.org/w/index.php?oldid=928477191,matched_gics
2019-11-30,VALE,Vale S.A.,,,,,,,,missing_gics
2019-11-30,VZ,Verizon Communications,Communication Services,Telecommunication Services,Diversified Telecommunication Services,Integrated Telecommunication Services,928477191,2019-11-29T13:37:42Z,https://en.wikipedia.org/w/index.php?oldid=928477191,matched_gics
2019-11-30,WELL,Welltower Inc.,Real Estate,Real Estate,Equity Real Estate Investment Trusts (REITs),Health Care REITs,928477191,2019-11-29T13:37:42Z,https://en.wikipedia.org/w/index.php?oldid=928477191,matched_gics
2019-11-30,WFC-PL,Wells Fargo & Company,,,,,,,,missing_gics
2019-11-30,WMT,Walmart,Consumer Staples,Food & Staples Retailing,Food & Staples Retailing,Hypermarkets & Super Centers,928477191,2019-11-29T13:37:42Z,https://en.wikipedia.org/w/index.php?oldid=928477191,matched_gics
2019-11-30,XEL,Xcel Energy Inc,Utilities,Utilities,Multi-Utilities,Multi-Utilities,928477191,2019-11-29T13:37:42Z,https://en.wikipedia.org/w/index.php?oldid=928477191,matched_gics
2019-11-30,XOM,Exxon Mobil Corp.,Energy,Energy,"Oil, Gas & Consumable Fuels",Integrated Oil & Gas,928477191,2019-11-29T13:37:42Z,https://en.wikipedia.org/w/index.php?oldid=928477191,matched_gics
2019-12-31,AAPL,Apple Inc.,Information Technology,Technology Hardware & Equipment,"Technology Hardware, Storage & Peripherals","Technology Hardware, Storage & Peripherals",933395471,2019-12-31T17:50:24Z,https://en.wikipedia.org/w/index.php?oldid=933395471,matched_gics
2019-12-31,ABBV,AbbVie Inc.,Health Care,"Pharmaceuticals, Biotechnology & Life Sciences",Pharmaceuticals,Pharmaceuticals,933395471,2019-12-31T17:50:24Z,https://en.wikipedia.org/w/index.php?oldid=933395471,matched_gics
2019-12-31,ABT,Abbott Laboratories,Health Care,Health Care Equipment & Services,Health Care Equipment & Supplies,Health Care Equipment,933395471,2019-12-31T17:50:24Z,https://en.wikipedia.org/w/index.php?oldid=933395471,matched_gics
2019-12-31,ACN,Accenture plc,Information Technology,Software & Services,IT Services,IT Consulting & Other Services,933395471,2019-12-31T17:50:24Z,https://en.wikipedia.org/w/index.php?oldid=933395471,matched_gics
2019-12-31,ADBE,Adobe Systems Inc,Information Technology,Software & Services,Software,Application Software,933395471,2019-12-31T17:50:24Z,https://en.wikipedia.org/w/index.php?oldid=933395471,matched_gics
2019-12-31,ADP,Automatic Data Processing,Information Technology,Software & Services,IT Services,Internet Services & Infrastructure,933395471,2019-12-31T17:50:24Z,https://en.wikipedia.org/w/index.php?oldid=933395471,matched_gics
2019-12-31,AEP,American Electric Power,Utilities,Utilities,Electric Utilities,Electric Utilities,933395471,2019-12-31T17:50:24Z,https://en.wikipedia.org/w/index.php?oldid=933395471,matched_gics
2019-12-31,AMT,American Tower Corp.,Real Estate,Real Estate,Equity Real Estate Investment Trusts (REITs),Specialized REITs,933395471,2019-12-31T17:50:24Z,https://en.wikipedia.org/w/index.php?oldid=933395471,matched_gics
2019-12-31,AMZN,Amazon.com Inc.,Consumer Discretionary,Retailing,Internet & Direct Marketing Retail,Internet & Direct Marketing Retail,933395471,2019-12-31T17:50:24Z,https://en.wikipedia.org/w/index.php?oldid=933395471,matched_gics
2019-12-31,APD,Air Products & Chemicals Inc,Materials,Materials,Chemicals,Industrial Gases,933395471,2019-12-31T17:50:24Z,https://en.wikipedia.org/w/index.php?oldid=933395471,matched_gics
2019-12-31,ASML,ASML Holding N.V.,,,,,,,,missing_gics
2019-12-31,AVGO,Broadcom Inc.,Information Technology,Semiconductors & Semiconductor Equipment,Semiconductors & Semiconductor Equipment,Semiconductors,933395471,2019-12-31T17:50:24Z,https://en.wikipedia.org/w/index.php?oldid=933395471,matched_gics
2019-12-31,AWK,American Water Works Company Inc,Utilities,Utilities,Water Utilities,Water Utilities,933395471,2019-12-31T17:50:24Z,https://en.wikipedia.org/w/index.php?oldid=933395471,matched_gics
2019-12-31,BA,Boeing Company,Industrials,Capital Goods,Aerospace & Defense,Aerospace & Defense,933395471,2019-12-31T17:50:24Z,https://en.wikipedia.org/w/index.php?oldid=933395471,matched_gics
2019-12-31,BABA,Alibaba Group Holding Limited,,,,,,,,missing_gics
2019-12-31,BAC,Bank of America Corp,Financials,Banks,Banks,Diversified Banks,933395471,2019-12-31T17:50:24Z,https://en.wikipedia.org/w/index.php?oldid=933395471,matched_gics
2019-12-31,BBL,BHP Group,,,,,,,,missing_gics
2019-12-31,BHP,BHP Group,,,,,,,,missing_gics
2019-12-31,BP,BP p.l.c.,,,,,,,,missing_gics
2019-12-31,BRK-A,Berkshire Hathaway Inc.,,,,,,,,missing_gics
2019-12-31,C-PJ,Citigroup Inc.,,,,,,,,missing_gics
2019-12-31,CAT,Caterpillar Inc.,Industrials,Capital Goods,Machinery,Construction Machinery & Heavy Trucks,933395471,2019-12-31T17:50:24Z,https://en.wikipedia.org/w/index.php?oldid=933395471,matched_gics
2019-12-31,CCI,Crown Castle International Corp.,Real Estate,Real Estate,Equity Real Estate Investment Trusts (REITs),Specialized REITs,933395471,2019-12-31T17:50:24Z,https://en.wikipedia.org/w/index.php?oldid=933395471,matched_gics
2019-12-31,CHTR,Charter Communications,Communication Services,Media,Media,Cable & Satellite,933395471,2019-12-31T17:50:24Z,https://en.wikipedia.org/w/index.php?oldid=933395471,matched_gics
2019-12-31,CMCSA,Comcast Corp.,Communication Services,Media,Media,Cable & Satellite,933395471,2019-12-31T17:50:24Z,https://en.wikipedia.org/w/index.php?oldid=933395471,matched_gics
2019-12-31,COP,ConocoPhillips,Energy,Energy,"Oil, Gas & Consumable Fuels",Oil & Gas Exploration & Production,933395471,2019-12-31T17:50:24Z,https://en.wikipedia.org/w/index.php?oldid=933395471,matched_gics
2019-12-31,COST,Costco Wholesale Corp.,Consumer Staples,Food & Staples Retailing,Food & Staples Retailing,Hypermarkets & Super Centers,933395471,2019-12-31T17:50:24Z,https://en.wikipedia.org/w/index.php?oldid=933395471,matched_gics
2019-12-31,CSCO,Cisco Systems,Information Technology,Technology Hardware & Equipment,Communications Equipment,Communications Equipment,933395471,2019-12-31T17:50:24Z,https://en.wikipedia.org/w/index.php?oldid=933395471,matched_gics
2019-12-31,CTA-PB,E. I. du Pont de Nemours and Company,,,,,,,,missing_gics
2019-12-31,CVX,Chevron Corp.,Energy,Energy,"Oil, Gas & Consumable Fuels",Integrated Oil & Gas,933395471,2019-12-31T17:50:24Z,https://en.wikipedia.org/w/index.php?oldid=933395471,matched_gics
2019-12-31,D,Dominion Energy,Utilities,Utilities,Electric Utilities,Electric Utilities,933395471,2019-12-31T17:50:24Z,https://en.wikipedia.org/w/index.php?oldid=933395471,matched_gics
2019-12-31,DE,Deere & Co.,Industrials,Capital Goods,Machinery,Agricultural & Farm Machinery,933395471,2019-12-31T17:50:24Z,https://en.wikipedia.org/w/index.php?oldid=933395471,matched_gics
2019-12-31,DEO,Diageo plc,,,,,,,,missing_gics
2019-12-31,DHR,Danaher Corp.,Health Care,Health Care Equipment & Services,Health Care Equipment & Supplies,Health Care Equipment,933395471,2019-12-31T17:50:24Z,https://en.wikipedia.org/w/index.php?oldid=933395471,matched_gics
2019-12-31,DIS,The Walt Disney Company,Communication Services,Media & Entertainment,Entertainment,Movies & Entertainment,933395471,2019-12-31T17:50:24Z,https://en.wikipedia.org/w/index.php?oldid=933395471,matched_gics
2019-12-31,DLR,Digital Realty Trust Inc,Real Estate,Real Estate,Equity Real Estate Investment Trusts (REITs),Specialized REITs,933395471,2019-12-31T17:50:24Z,https://en.wikipedia.org/w/index.php?oldid=933395471,matched_gics
2019-12-31,DUK,Duke Energy,Utilities,Utilities,Electric Utilities,Electric Utilities,933395471,2019-12-31T17:50:24Z,https://en.wikipedia.org/w/index.php?oldid=933395471,matched_gics
2019-12-31,ECL,Ecolab Inc.,Materials,Materials,Chemicals,Specialty Chemicals,933395471,2019-12-31T17:50:24Z,https://en.wikipedia.org/w/index.php?oldid=933395471,matched_gics
2019-12-31,EL,Estee Lauder Cos.,Consumer Staples,Household & Personal Products,Personal Products,Personal Products,933395471,2019-12-31T17:50:24Z,https://en.wikipedia.org/w/index.php?oldid=933395471,matched_gics
2019-12-31,ENB,Enbridge Inc.,,,,,,,,missing_gics
2019-12-31,EQIX,Equinix,Real Estate,Real Estate,Equity Real Estate Investment Trusts (REITs),Specialized REITs,933395471,2019-12-31T17:50:24Z,https://en.wikipedia.org/w/index.php?oldid=933395471,matched_gics
2019-12-31,EQNR,Equinor ASA,,,,,,,,missing_gics
2019-12-31,EXC,Exelon Corp.,Utilities,Utilities,Multi-Utilities,Multi-Utilities,933395471,2019-12-31T17:50:24Z,https://en.wikipedia.org/w/index.php?oldid=933395471,matched_gics
2019-12-31,FB,"Facebook, Inc.",Communication Services,Media & Entertainment,Interactive Media & Services,Interactive Media & Services,933395471,2019-12-31T17:50:24Z,https://en.wikipedia.org/w/index.php?oldid=933395471,matched_gics
2019-12-31,FCX,Freeport-McMoRan Inc.,Materials,Materials,Metals & Mining,Copper,933395471,2019-12-31T17:50:24Z,https://en.wikipedia.org/w/index.php?oldid=933395471,matched_gics
2019-12-31,GE,General Electric,Industrials,Capital Goods,Industrial Conglomerates,Industrial Conglomerates,933395471,2019-12-31T17:50:24Z,https://en.wikipedia.org/w/index.php?oldid=933395471,matched_gics
2019-12-31,GOOG,Alphabet Inc Class C,Communication Services,Media & Entertainment,Interactive Media & Services,Interactive Media & Services,933395471,2019-12-31T17:50:24Z,https://en.wikipedia.org/w/index.php?oldid=933395471,matched_gics
2019-12-31,HD,Home Depot,Consumer Discretionary,Retailing,Specialty Retail,Home Improvement Retail,933395471,2019-12-31T17:50:24Z,https://en.wikipedia.org/w/index.php?oldid=933395471,matched_gics
2019-12-31,HON,Honeywell Int'l Inc.,Industrials,Capital Goods,Industrial Conglomerates,Industrial Conglomerates,933395471,2019-12-31T17:50:24Z,https://en.wikipedia.org/w/index.php?oldid=933395471,matched_gics
2019-12-31,JD,"JD.com, Inc.",,,,,,,,missing_gics
2019-12-31,JNJ,Johnson & Johnson,Health Care,"Pharmaceuticals, Biotechnology & Life Sciences",Pharmaceuticals,Pharmaceuticals,933395471,2019-12-31T17:50:24Z,https://en.wikipedia.org/w/index.php?oldid=933395471,matched_gics
2019-12-31,JPM,JPMorgan Chase & Co.,Financials,Banks,Banks,Diversified Banks,933395471,2019-12-31T17:50:24Z,https://en.wikipedia.org/w/index.php?oldid=933395471,matched_gics
2019-12-31,KO,Coca-Cola Company,Consumer Staples,"Food, Beverage & Tobacco",Beverages,Soft Drinks,933395471,2019-12-31T17:50:24Z,https://en.wikipedia.org/w/index.php?oldid=933395471,matched_gics
2019-12-31,LLY,Lilly (Eli) & Co.,Health Care,"Pharmaceuticals, Biotechnology & Life Sciences",Pharmaceuticals,Pharmaceuticals,933395471,2019-12-31T17:50:24Z,https://en.wikipedia.org/w/index.php?oldid=933395471,matched_gics
2019-12-31,LOW,Lowe's Cos.,Consumer Discretionary,Retailing,Specialty Retail,Home Improvement Retail,933395471,2019-12-31T17:50:24Z,https://en.wikipedia.org/w/index.php?oldid=933395471,matched_gics
2019-12-31,MA,Mastercard Inc.,Information Technology,Software & Services,IT Services,Data Processing & Outsourced Services,933395471,2019-12-31T17:50:24Z,https://en.wikipedia.org/w/index.php?oldid=933395471,matched_gics
2019-12-31,MCD,McDonald's Corp.,Consumer Discretionary,Consumer Services,"Hotels, Restaurants & Leisure",Restaurants,933395471,2019-12-31T17:50:24Z,https://en.wikipedia.org/w/index.php?oldid=933395471,matched_gics
2019-12-31,MMM,3M Company,Industrials,Capital Goods,Industrial Conglomerates,Industrial Conglomerates,933395471,2019-12-31T17:50:24Z,https://en.wikipedia.org/w/index.php?oldid=933395471,matched_gics
2019-12-31,MS,Morgan Stanley,Financials,Diversified Financials,Capital Markets,Investment Banking & Brokerage,933395471,2019-12-31T17:50:24Z,https://en.wikipedia.org/w/index.php?oldid=933395471,matched_gics
2019-12-31,MSFT,Microsoft Corp.,Information Technology,Software & Services,Software,Systems Software,933395471,2019-12-31T17:50:24Z,https://en.wikipedia.org/w/index.php?oldid=933395471,matched_gics
2019-12-31,NEE,NextEra Energy,Utilities,Utilities,Multi-Utilities,Multi-Utilities,933395471,2019-12-31T17:50:24Z,https://en.wikipedia.org/w/index.php?oldid=933395471,matched_gics
2019-12-31,NEM,Newmont Goldcorp,Materials,Materials,Metals & Mining,Gold,933395471,2019-12-31T17:50:24Z,https://en.wikipedia.org/w/index.php?oldid=933395471,matched_gics
2019-12-31,NFLX,Netflix Inc.,Communication Services,Media & Entertainment,Entertainment,Movies & Entertainment,933395471,2019-12-31T17:50:24Z,https://en.wikipedia.org/w/index.php?oldid=933395471,matched_gics
2019-12-31,NGG,National Grid plc,,,,,,,,missing_gics
2019-12-31,NKE,Nike,Consumer Discretionary,Consumer Durables & Apparel,"Textiles, Apparel & Luxury Goods","Apparel, Accessories & Luxury Goods",933395471,2019-12-31T17:50:24Z,https://en.wikipedia.org/w/index.php?oldid=933395471,matched_gics
2019-12-31,NVDA,Nvidia Corporation,Information Technology,Semiconductors & Semiconductor Equipment,Semiconductors & Semiconductor Equipment,Semiconductors,933395471,2019-12-31T17:50:24Z,https://en.wikipedia.org/w/index.php?oldid=933395471,matched_gics
2019-12-31,NVO,Novo Nordisk A/S,,,,,,,,missing_gics
2019-12-31,NVS,Novartis AG,,,,,,,,missing_gics
2019-12-31,O,Realty Income Corporation,Real Estate,Real Estate,Equity Real Estate Investment Trusts (REITs),Retail REITs,933395471,2019-12-31T17:50:24Z,https://en.wikipedia.org/w/index.php?oldid=933395471,matched_gics
2019-12-31,ORCL,Oracle Corp.,Information Technology,Software & Services,Software,Application Software,933395471,2019-12-31T17:50:24Z,https://en.wikipedia.org/w/index.php?oldid=933395471,matched_gics
2019-12-31,PEP,PepsiCo Inc.,Consumer Staples,"Food, Beverage & Tobacco",Beverages,Soft Drinks,933395471,2019-12-31T17:50:24Z,https://en.wikipedia.org/w/index.php?oldid=933395471,matched_gics
2019-12-31,PFE,Pfizer Inc.,Health Care,"Pharmaceuticals, Biotechnology & Life Sciences",Pharmaceuticals,Pharmaceuticals,933395471,2019-12-31T17:50:24Z,https://en.wikipedia.org/w/index.php?oldid=933395471,matched_gics
2019-12-31,PG,Procter & Gamble,Consumer Staples,Household & Personal Products,Personal Products,Personal Products,933395471,2019-12-31T17:50:24Z,https://en.wikipedia.org/w/index.php?oldid=933395471,matched_gics
2019-12-31,PLD,Prologis,Real Estate,Real Estate,Equity Real Estate Investment Trusts (REITs),Industrial REITs,933395471,2019-12-31T17:50:24Z,https://en.wikipedia.org/w/index.php?oldid=933395471,matched_gics
2019-12-31,PM,Philip Morris International,Consumer Staples,"Food, Beverage & Tobacco",Tobacco,Tobacco,933395471,2019-12-31T17:50:24Z,https://en.wikipedia.org/w/index.php?oldid=933395471,matched_gics
2019-12-31,PSA,Public Storage,Real Estate,Real Estate,Equity Real Estate Investment Trusts (REITs),Specialized REITs,933395471,2019-12-31T17:50:24Z,https://en.wikipedia.org/w/index.php?oldid=933395471,matched_gics
2019-12-31,PTR,PetroChina Company Limited,,,,,,,,missing_gics
2019-12-31,PYPL,PayPal,Information Technology,Software & Services,IT Services,Data Processing & Outsourced Services,933395471,2019-12-31T17:50:24Z,https://en.wikipedia.org/w/index.php?oldid=933395471,matched_gics
2019-12-31,RDS-B,Royal Dutch Shell plc,,,,,,,,missing_gics
2019-12-31,RIO,Rio Tinto Group,,,,,,,,missing_gics
2019-12-31,RTX,Raytheon Technologies Corporation,,,,,,,,missing_gics
2019-12-31,SBAC,SBA Communications,Real Estate,Real Estate,Equity Real Estate Investment Trusts (REITs),Specialized REITs,933395471,2019-12-31T17:50:24Z,https://en.wikipedia.org/w/index.php?oldid=933395471,matched_gics
2019-12-31,SBUX,Starbucks Corp.,Consumer Discretionary,Consumer Services,"Hotels, Restaurants & Leisure",Restaurants,933395471,2019-12-31T17:50:24Z,https://en.wikipedia.org/w/index.php?oldid=933395471,matched_gics
2019-12-31,SCHW,Charles Schwab Corporation,Financials,Diversified Financials,Capital Markets,Investment Banking & Brokerage,933395471,2019-12-31T17:50:24Z,https://en.wikipedia.org/w/index.php?oldid=933395471,matched_gics
2019-12-31,SHW,Sherwin-Williams,Materials,Materials,Chemicals,Specialty Chemicals,933395471,2019-12-31T17:50:24Z,https://en.wikipedia.org/w/index.php?oldid=933395471,matched_gics
2019-12-31,SNAP,Snap Inc.,,,,,,,,missing_gics
2019-12-31,SNP,China Petroleum & Chemical Corporation,,,,,,,,missing_gics
2019-12-31,SO,Southern Co.,Utilities,Utilities,Electric Utilities,Electric Utilities,933395471,2019-12-31T17:50:24Z,https://en.wikipedia.org/w/index.php?oldid=933395471,matched_gics
2019-12-31,SPG-PJ,"Simon Property Group, Inc.",,,,,,,,missing_gics
2019-12-31,SRE,Sempra Energy,Utilities,Utilities,Multi-Utilities,Multi-Utilities,933395471,2019-12-31T17:50:24Z,https://en.wikipedia.org/w/index.php?oldid=933395471,matched_gics
2019-12-31,T,AT&T Inc.,Communication Services,Telecommunication Services,Diversified Telecommunication Services,Integrated Telecommunication Services,933395471,2019-12-31T17:50:24Z,https://en.wikipedia.org/w/index.php?oldid=933395471,matched_gics
2019-12-31,TGT,Target Corp.,Consumer Discretionary,Retailing,Multiline Retail,General Merchandise Stores,933395471,2019-12-31T17:50:24Z,https://en.wikipedia.org/w/index.php?oldid=933395471,matched_gics
2019-12-31,TM,Toyota Motor Corporation,,,,,,,,missing_gics
2019-12-31,TMO,Thermo Fisher Scientific,Health Care,"Pharmaceuticals, Biotechnology & Life Sciences",Life Sciences Tools & Services,Life Sciences Tools & Services,933395471,2019-12-31T17:50:24Z,https://en.wikipedia.org/w/index.php?oldid=933395471,matched_gics
2019-12-31,TMUS,T-Mobile US,Communication Services,Telecommunication Services,Wireless Telecommunication Services,Wireless Telecommunication Services,933395471,2019-12-31T17:50:24Z,https://en.wikipedia.org/w/index.php?oldid=933395471,matched_gics
2019-12-31,TSLA,"Tesla, Inc.",,,,,,,,missing_gics
2019-12-31,TSM,Taiwan Semiconductor Manufacturing Company Limited,,,,,,,,missing_gics
2019-12-31,TTE,TotalEnergies SE,,,,,,,,missing_gics
2019-12-31,UL,Unilever PLC,,,,,,,,missing_gics
2019-12-31,UNH,United Health Group Inc.,Health Care,Health Care Equipment & Services,Health Care Providers & Services,Managed Health Care,933395471,2019-12-31T17:50:24Z,https://en.wikipedia.org/w/index.php?oldid=933395471,matched_gics
2019-12-31,UNP,Union Pacific Corp,Industrials,Transportation,Road & Rail,Railroads,933395471,2019-12-31T17:50:24Z,https://en.wikipedia.org/w/index.php?oldid=933395471,matched_gics
2019-12-31,UPS,United Parcel Service,Industrials,Transportation,Air Freight & Logistics,Air Freight & Logistics,933395471,2019-12-31T17:50:24Z,https://en.wikipedia.org/w/index.php?oldid=933395471,matched_gics
2019-12-31,V,Visa Inc.,Information Technology,Software & Services,IT Services,Data Processing & Outsourced Services,933395471,2019-12-31T17:50:24Z,https://en.wikipedia.org/w/index.php?oldid=933395471,matched_gics
2019-12-31,VALE,Vale S.A.,,,,,,,,missing_gics
2019-12-31,VZ,Verizon Communications,Communication Services,Telecommunication Services,Diversified Telecommunication Services,Integrated Telecommunication Services,933395471,2019-12-31T17:50:24Z,https://en.wikipedia.org/w/index.php?oldid=933395471,matched_gics
2019-12-31,WELL,Welltower Inc.,Real Estate,Real Estate,Equity Real Estate Investment Trusts (REITs),Health Care REITs,933395471,2019-12-31T17:50:24Z,https://en.wikipedia.org/w/index.php?oldid=933395471,matched_gics
2019-12-31,WFC-PL,Wells Fargo & Company,,,,,,,,missing_gics
2019-12-31,WMT,Walmart,Consumer Staples,Food & Staples Retailing,Food & Staples Retailing,Hypermarkets & Super Centers,933395471,2019-12-31T17:50:24Z,https://en.wikipedia.org/w/index.php?oldid=933395471,matched_gics
2019-12-31,XEL,Xcel Energy Inc,Utilities,Utilities,Multi-Utilities,Multi-Utilities,933395471,2019-12-31T17:50:24Z,https://en.wikipedia.org/w/index.php?oldid=933395471,matched_gics
2019-12-31,XOM,Exxon Mobil Corp.,Energy,Energy,"Oil, Gas & Consumable Fuels",Integrated Oil & Gas,933395471,2019-12-31T17:50:24Z,https://en.wikipedia.org/w/index.php?oldid=933395471,matched_gics
2020-01-31,AAPL,Apple Inc.,Information Technology,Technology Hardware & Equipment,"Technology Hardware, Storage & Peripherals","Technology Hardware, Storage & Peripherals",938422340,2020-01-31T02:38:19Z,https://en.wikipedia.org/w/index.php?oldid=938422340,matched_gics
2020-01-31,ABBV,AbbVie Inc.,Health Care,"Pharmaceuticals, Biotechnology & Life Sciences",Pharmaceuticals,Pharmaceuticals,938422340,2020-01-31T02:38:19Z,https://en.wikipedia.org/w/index.php?oldid=938422340,matched_gics
2020-01-31,ABT,Abbott Laboratories,Health Care,Health Care Equipment & Services,Health Care Equipment & Supplies,Health Care Equipment,938422340,2020-01-31T02:38:19Z,https://en.wikipedia.org/w/index.php?oldid=938422340,matched_gics
2020-01-31,ACN,Accenture plc,Information Technology,Software & Services,IT Services,IT Consulting & Other Services,938422340,2020-01-31T02:38:19Z,https://en.wikipedia.org/w/index.php?oldid=938422340,matched_gics
2020-01-31,ADBE,Adobe Systems Inc,Information Technology,Software & Services,Software,Application Software,938422340,2020-01-31T02:38:19Z,https://en.wikipedia.org/w/index.php?oldid=938422340,matched_gics
2020-01-31,ADP,Automatic Data Processing,Information Technology,Software & Services,IT Services,Internet Services & Infrastructure,938422340,2020-01-31T02:38:19Z,https://en.wikipedia.org/w/index.php?oldid=938422340,matched_gics
2020-01-31,AEP,American Electric Power,Utilities,Utilities,Electric Utilities,Electric Utilities,938422340,2020-01-31T02:38:19Z,https://en.wikipedia.org/w/index.php?oldid=938422340,matched_gics
2020-01-31,AMT,American Tower Corp.,Real Estate,Real Estate,Equity Real Estate Investment Trusts (REITs),Specialized REITs,938422340,2020-01-31T02:38:19Z,https://en.wikipedia.org/w/index.php?oldid=938422340,matched_gics
2020-01-31,AMZN,Amazon.com Inc.,Consumer Discretionary,Retailing,Internet & Direct Marketing Retail,Internet & Direct Marketing Retail,938422340,2020-01-31T02:38:19Z,https://en.wikipedia.org/w/index.php?oldid=938422340,matched_gics
2020-01-31,APD,Air Products & Chemicals Inc,Materials,Materials,Chemicals,Industrial Gases,938422340,2020-01-31T02:38:19Z,https://en.wikipedia.org/w/index.php?oldid=938422340,matched_gics
2020-01-31,ASML,ASML Holding N.V.,,,,,,,,missing_gics
2020-01-31,AVGO,Broadcom Inc.,Information Technology,Semiconductors & Semiconductor Equipment,Semiconductors & Semiconductor Equipment,Semiconductors,938422340,2020-01-31T02:38:19Z,https://en.wikipedia.org/w/index.php?oldid=938422340,matched_gics
2020-01-31,AWK,American Water Works Company Inc,Utilities,Utilities,Water Utilities,Water Utilities,938422340,2020-01-31T02:38:19Z,https://en.wikipedia.org/w/index.php?oldid=938422340,matched_gics
2020-01-31,BA,Boeing Company,Industrials,Capital Goods,Aerospace & Defense,Aerospace & Defense,938422340,2020-01-31T02:38:19Z,https://en.wikipedia.org/w/index.php?oldid=938422340,matched_gics
2020-01-31,BABA,Alibaba Group Holding Limited,,,,,,,,missing_gics
2020-01-31,BAC,Bank of America Corp,Financials,Banks,Banks,Diversified Banks,938422340,2020-01-31T02:38:19Z,https://en.wikipedia.org/w/index.php?oldid=938422340,matched_gics
2020-01-31,BBL,BHP Group,,,,,,,,missing_gics
2020-01-31,BHP,BHP Group,,,,,,,,missing_gics
2020-01-31,BP,BP p.l.c.,,,,,,,,missing_gics
2020-01-31,BRK-A,Berkshire Hathaway Inc.,,,,,,,,missing_gics
2020-01-31,C-PJ,Citigroup Inc.,,,,,,,,missing_gics
2020-01-31,CAT,Caterpillar Inc.,Industrials,Capital Goods,Machinery,Construction Machinery & Heavy Trucks,938422340,2020-01-31T02:38:19Z,https://en.wikipedia.org/w/index.php?oldid=938422340,matched_gics
2020-01-31,CCI,Crown Castle International Corp.,Real Estate,Real Estate,Equity Real Estate Investment Trusts (REITs),Specialized REITs,938422340,2020-01-31T02:38:19Z,https://en.wikipedia.org/w/index.php?oldid=938422340,matched_gics
2020-01-31,CHTR,Charter Communications,Communication Services,Media,Media,Cable & Satellite,938422340,2020-01-31T02:38:19Z,https://en.wikipedia.org/w/index.php?oldid=938422340,matched_gics
2020-01-31,CMCSA,Comcast Corp.,Communication Services,Media,Media,Cable & Satellite,938422340,2020-01-31T02:38:19Z,https://en.wikipedia.org/w/index.php?oldid=938422340,matched_gics
2020-01-31,COP,ConocoPhillips,Energy,Energy,"Oil, Gas & Consumable Fuels",Oil & Gas Exploration & Production,938422340,2020-01-31T02:38:19Z,https://en.wikipedia.org/w/index.php?oldid=938422340,matched_gics
2020-01-31,COST,Costco Wholesale Corp.,Consumer Staples,Food & Staples Retailing,Food & Staples Retailing,Hypermarkets & Super Centers,938422340,2020-01-31T02:38:19Z,https://en.wikipedia.org/w/index.php?oldid=938422340,matched_gics
2020-01-31,CSCO,Cisco Systems,Information Technology,Technology Hardware & Equipment,Communications Equipment,Communications Equipment,938422340,2020-01-31T02:38:19Z,https://en.wikipedia.org/w/index.php?oldid=938422340,matched_gics
2020-01-31,CTA-PB,E. I. du Pont de Nemours and Company,,,,,,,,missing_gics
2020-01-31,CVX,Chevron Corp.,Energy,Energy,"Oil, Gas & Consumable Fuels",Integrated Oil & Gas,938422340,2020-01-31T02:38:19Z,https://en.wikipedia.org/w/index.php?oldid=938422340,matched_gics
2020-01-31,D,Dominion Energy,Utilities,Utilities,Electric Utilities,Electric Utilities,938422340,2020-01-31T02:38:19Z,https://en.wikipedia.org/w/index.php?oldid=938422340,matched_gics
2020-01-31,DE,Deere & Co.,Industrials,Capital Goods,Machinery,Agricultural & Farm Machinery,938422340,2020-01-31T02:38:19Z,https://en.wikipedia.org/w/index.php?oldid=938422340,matched_gics
2020-01-31,DEO,Diageo plc,,,,,,,,missing_gics
2020-01-31,DHR,Danaher Corp.,Health Care,Health Care Equipment & Services,Health Care Equipment & Supplies,Health Care Equipment,938422340,2020-01-31T02:38:19Z,https://en.wikipedia.org/w/index.php?oldid=938422340,matched_gics
2020-01-31,DIS,The Walt Disney Company,Communication Services,Media & Entertainment,Entertainment,Movies & Entertainment,938422340,2020-01-31T02:38:19Z,https://en.wikipedia.org/w/index.php?oldid=938422340,matched_gics
2020-01-31,DLR,Digital Realty Trust Inc,Real Estate,Real Estate,Equity Real Estate Investment Trusts (REITs),Specialized REITs,938422340,2020-01-31T02:38:19Z,https://en.wikipedia.org/w/index.php?oldid=938422340,matched_gics
2020-01-31,DUK,Duke Energy,Utilities,Utilities,Electric Utilities,Electric Utilities,938422340,2020-01-31T02:38:19Z,https://en.wikipedia.org/w/index.php?oldid=938422340,matched_gics
2020-01-31,ECL,Ecolab Inc.,Materials,Materials,Chemicals,Specialty Chemicals,938422340,2020-01-31T02:38:19Z,https://en.wikipedia.org/w/index.php?oldid=938422340,matched_gics
2020-01-31,EL,Estee Lauder Cos.,Consumer Staples,Household & Personal Products,Personal Products,Personal Products,938422340,2020-01-31T02:38:19Z,https://en.wikipedia.org/w/index.php?oldid=938422340,matched_gics
2020-01-31,ENB,Enbridge Inc.,,,,,,,,missing_gics
2020-01-31,EQIX,Equinix,Real Estate,Real Estate,Equity Real Estate Investment Trusts (REITs),Specialized REITs,938422340,2020-01-31T02:38:19Z,https://en.wikipedia.org/w/index.php?oldid=938422340,matched_gics
2020-01-31,EQNR,Equinor ASA,,,,,,,,missing_gics
2020-01-31,EXC,Exelon Corp.,Utilities,Utilities,Multi-Utilities,Multi-Utilities,938422340,2020-01-31T02:38:19Z,https://en.wikipedia.org/w/index.php?oldid=938422340,matched_gics
2020-01-31,FB,"Facebook, Inc.",Communication Services,Media & Entertainment,Interactive Media & Services,Interactive Media & Services,938422340,2020-01-31T02:38:19Z,https://en.wikipedia.org/w/index.php?oldid=938422340,matched_gics
2020-01-31,FCX,Freeport-McMoRan Inc.,Materials,Materials,Metals & Mining,Copper,938422340,2020-01-31T02:38:19Z,https://en.wikipedia.org/w/index.php?oldid=938422340,matched_gics
2020-01-31,GE,General Electric,Industrials,Capital Goods,Industrial Conglomerates,Industrial Conglomerates,938422340,2020-01-31T02:38:19Z,https://en.wikipedia.org/w/index.php?oldid=938422340,matched_gics
2020-01-31,GOOG,Alphabet Inc Class C,Communication Services,Media & Entertainment,Interactive Media & Services,Interactive Media & Services,938422340,2020-01-31T02:38:19Z,https://en.wikipedia.org/w/index.php?oldid=938422340,matched_gics
2020-01-31,HD,Home Depot,Consumer Discretionary,Retailing,Specialty Retail,Home Improvement Retail,938422340,2020-01-31T02:38:19Z,https://en.wikipedia.org/w/index.php?oldid=938422340,matched_gics
2020-01-31,HON,Honeywell Int'l Inc.,Industrials,Capital Goods,Industrial Conglomerates,Industrial Conglomerates,938422340,2020-01-31T02:38:19Z,https://en.wikipedia.org/w/index.php?oldid=938422340,matched_gics
2020-01-31,JD,"JD.com, Inc.",,,,,,,,missing_gics
2020-01-31,JNJ,Johnson & Johnson,Health Care,"Pharmaceuticals, Biotechnology & Life Sciences",Pharmaceuticals,Pharmaceuticals,938422340,2020-01-31T02:38:19Z,https://en.wikipedia.org/w/index.php?oldid=938422340,matched_gics
2020-01-31,JPM,JPMorgan Chase & Co.,Financials,Banks,Banks,Diversified Banks,938422340,2020-01-31T02:38:19Z,https://en.wikipedia.org/w/index.php?oldid=938422340,matched_gics
2020-01-31,KO,Coca-Cola Company,Consumer Staples,"Food, Beverage & Tobacco",Beverages,Soft Drinks,938422340,2020-01-31T02:38:19Z,https://en.wikipedia.org/w/index.php?oldid=938422340,matched_gics
2020-01-31,LLY,Lilly (Eli) & Co.,Health Care,"Pharmaceuticals, Biotechnology & Life Sciences",Pharmaceuticals,Pharmaceuticals,938422340,2020-01-31T02:38:19Z,https://en.wikipedia.org/w/index.php?oldid=938422340,matched_gics
2020-01-31,LOW,Lowe's Cos.,Consumer Discretionary,Retailing,Specialty Retail,Home Improvement Retail,938422340,2020-01-31T02:38:19Z,https://en.wikipedia.org/w/index.php?oldid=938422340,matched_gics
2020-01-31,MA,Mastercard Inc.,Information Technology,Software & Services,IT Services,Data Processing & Outsourced Services,938422340,2020-01-31T02:38:19Z,https://en.wikipedia.org/w/index.php?oldid=938422340,matched_gics
2020-01-31,MCD,McDonald's Corp.,Consumer Discretionary,Consumer Services,"Hotels, Restaurants & Leisure",Restaurants,938422340,2020-01-31T02:38:19Z,https://en.wikipedia.org/w/index.php?oldid=938422340,matched_gics
2020-01-31,MMM,3M Company,Industrials,Capital Goods,Industrial Conglomerates,Industrial Conglomerates,938422340,2020-01-31T02:38:19Z,https://en.wikipedia.org/w/index.php?oldid=938422340,matched_gics
2020-01-31,MS,Morgan Stanley,Financials,Diversified Financials,Capital Markets,Investment Banking & Brokerage,938422340,2020-01-31T02:38:19Z,https://en.wikipedia.org/w/index.php?oldid=938422340,matched_gics
2020-01-31,MSFT,Microsoft Corp.,Information Technology,Software & Services,Software,Systems Software,938422340,2020-01-31T02:38:19Z,https://en.wikipedia.org/w/index.php?oldid=938422340,matched_gics
2020-01-31,NEE,NextEra Energy,Utilities,Utilities,Multi-Utilities,Multi-Utilities,938422340,2020-01-31T02:38:19Z,https://en.wikipedia.org/w/index.php?oldid=938422340,matched_gics
2020-01-31,NEM,Newmont Corporation,Materials,Materials,Metals & Mining,Gold,938422340,2020-01-31T02:38:19Z,https://en.wikipedia.org/w/index.php?oldid=938422340,matched_gics
2020-01-31,NFLX,Netflix Inc.,Communication Services,Media & Entertainment,Entertainment,Movies & Entertainment,938422340,2020-01-31T02:38:19Z,https://en.wikipedia.org/w/index.php?oldid=938422340,matched_gics
2020-01-31,NGG,National Grid plc,,,,,,,,missing_gics
2020-01-31,NKE,Nike,Consumer Discretionary,Consumer Durables & Apparel,"Textiles, Apparel & Luxury Goods","Apparel, Accessories & Luxury Goods",938422340,2020-01-31T02:38:19Z,https://en.wikipedia.org/w/index.php?oldid=938422340,matched_gics
2020-01-31,NVDA,Nvidia Corporation,Information Technology,Semiconductors & Semiconductor Equipment,Semiconductors & Semiconductor Equipment,Semiconductors,938422340,2020-01-31T02:38:19Z,https://en.wikipedia.org/w/index.php?oldid=938422340,matched_gics
2020-01-31,NVO,Novo Nordisk A/S,,,,,,,,missing_gics
2020-01-31,NVS,Novartis AG,,,,,,,,missing_gics
2020-01-31,O,Realty Income Corporation,Real Estate,Real Estate,Equity Real Estate Investment Trusts (REITs),Retail REITs,938422340,2020-01-31T02:38:19Z,https://en.wikipedia.org/w/index.php?oldid=938422340,matched_gics
2020-01-31,ORCL,Oracle Corp.,Information Technology,Software & Services,Software,Application Software,938422340,2020-01-31T02:38:19Z,https://en.wikipedia.org/w/index.php?oldid=938422340,matched_gics
2020-01-31,PEP,PepsiCo Inc.,Consumer Staples,"Food, Beverage & Tobacco",Beverages,Soft Drinks,938422340,2020-01-31T02:38:19Z,https://en.wikipedia.org/w/index.php?oldid=938422340,matched_gics
2020-01-31,PFE,Pfizer Inc.,Health Care,"Pharmaceuticals, Biotechnology & Life Sciences",Pharmaceuticals,Pharmaceuticals,938422340,2020-01-31T02:38:19Z,https://en.wikipedia.org/w/index.php?oldid=938422340,matched_gics
2020-01-31,PG,Procter & Gamble,Consumer Staples,Household & Personal Products,Personal Products,Personal Products,938422340,2020-01-31T02:38:19Z,https://en.wikipedia.org/w/index.php?oldid=938422340,matched_gics
2020-01-31,PLD,Prologis,Real Estate,Real Estate,Equity Real Estate Investment Trusts (REITs),Industrial REITs,938422340,2020-01-31T02:38:19Z,https://en.wikipedia.org/w/index.php?oldid=938422340,matched_gics
2020-01-31,PM,Philip Morris International,Consumer Staples,"Food, Beverage & Tobacco",Tobacco,Tobacco,938422340,2020-01-31T02:38:19Z,https://en.wikipedia.org/w/index.php?oldid=938422340,matched_gics
2020-01-31,PSA,Public Storage,Real Estate,Real Estate,Equity Real Estate Investment Trusts (REITs),Specialized REITs,938422340,2020-01-31T02:38:19Z,https://en.wikipedia.org/w/index.php?oldid=938422340,matched_gics
2020-01-31,PTR,PetroChina Company Limited,,,,,,,,missing_gics
2020-01-31,PYPL,PayPal,Information Technology,Software & Services,IT Services,Data Processing & Outsourced Services,938422340,2020-01-31T02:38:19Z,https://en.wikipedia.org/w/index.php?oldid=938422340,matched_gics
2020-01-31,RDS-B,Royal Dutch Shell plc,,,,,,,,missing_gics
2020-01-31,RIO,Rio Tinto Group,,,,,,,,missing_gics
2020-01-31,RTX,Raytheon Technologies Corporation,,,,,,,,missing_gics
2020-01-31,SBAC,SBA Communications,Real Estate,Real Estate,Equity Real Estate Investment Trusts (REITs),Specialized REITs,938422340,2020-01-31T02:38:19Z,https://en.wikipedia.org/w/index.php?oldid=938422340,matched_gics
2020-01-31,SBUX,Starbucks Corp.,Consumer Discretionary,Consumer Services,"Hotels, Restaurants & Leisure",Restaurants,938422340,2020-01-31T02:38:19Z,https://en.wikipedia.org/w/index.php?oldid=938422340,matched_gics
2020-01-31,SCHW,Charles Schwab Corporation,Financials,Diversified Financials,Capital Markets,Investment Banking & Brokerage,938422340,2020-01-31T02:38:19Z,https://en.wikipedia.org/w/index.php?oldid=938422340,matched_gics
2020-01-31,SHW,Sherwin-Williams,Materials,Materials,Chemicals,Specialty Chemicals,938422340,2020-01-31T02:38:19Z,https://en.wikipedia.org/w/index.php?oldid=938422340,matched_gics
2020-01-31,SNAP,Snap Inc.,,,,,,,,missing_gics
2020-01-31,SNP,China Petroleum & Chemical Corporation,,,,,,,,missing_gics
2020-01-31,SO,Southern Co.,Utilities,Utilities,Electric Utilities,Electric Utilities,938422340,2020-01-31T02:38:19Z,https://en.wikipedia.org/w/index.php?oldid=938422340,matched_gics
2020-01-31,SPG-PJ,"Simon Property Group, Inc.",,,,,,,,missing_gics
2020-01-31,SRE,Sempra Energy,Utilities,Utilities,Multi-Utilities,Multi-Utilities,938422340,2020-01-31T02:38:19Z,https://en.wikipedia.org/w/index.php?oldid=938422340,matched_gics
2020-01-31,T,AT&T Inc.,Communication Services,Telecommunication Services,Diversified Telecommunication Services,Integrated Telecommunication Services,938422340,2020-01-31T02:38:19Z,https://en.wikipedia.org/w/index.php?oldid=938422340,matched_gics
2020-01-31,TGT,Target Corp.,Consumer Discretionary,Retailing,Multiline Retail,General Merchandise Stores,938422340,2020-01-31T02:38:19Z,https://en.wikipedia.org/w/index.php?oldid=938422340,matched_gics
2020-01-31,TM,Toyota Motor Corporation,,,,,,,,missing_gics
2020-01-31,TMO,Thermo Fisher Scientific,Health Care,"Pharmaceuticals, Biotechnology & Life Sciences",Life Sciences Tools & Services,Life Sciences Tools & Services,938422340,2020-01-31T02:38:19Z,https://en.wikipedia.org/w/index.php?oldid=938422340,matched_gics
2020-01-31,TMUS,T-Mobile US,Communication Services,Telecommunication Services,Wireless Telecommunication Services,Wireless Telecommunication Services,938422340,2020-01-31T02:38:19Z,https://en.wikipedia.org/w/index.php?oldid=938422340,matched_gics
2020-01-31,TSLA,"Tesla, Inc.",,,,,,,,missing_gics
2020-01-31,TSM,Taiwan Semiconductor Manufacturing Company Limited,,,,,,,,missing_gics
2020-01-31,TTE,TotalEnergies SE,,,,,,,,missing_gics
2020-01-31,UL,Unilever PLC,,,,,,,,missing_gics
2020-01-31,UNH,United Health Group Inc.,Health Care,Health Care Equipment & Services,Health Care Providers & Services,Managed Health Care,938422340,2020-01-31T02:38:19Z,https://en.wikipedia.org/w/index.php?oldid=938422340,matched_gics
2020-01-31,UNP,Union Pacific Corp,Industrials,Transportation,Road & Rail,Railroads,938422340,2020-01-31T02:38:19Z,https://en.wikipedia.org/w/index.php?oldid=938422340,matched_gics
2020-01-31,UPS,United Parcel Service,Industrials,Transportation,Air Freight & Logistics,Air Freight & Logistics,938422340,2020-01-31T02:38:19Z,https://en.wikipedia.org/w/index.php?oldid=938422340,matched_gics
2020-01-31,V,Visa Inc.,Information Technology,Software & Services,IT Services,Data Processing & Outsourced Services,938422340,2020-01-31T02:38:19Z,https://en.wikipedia.org/w/index.php?oldid=938422340,matched_gics
2020-01-31,VALE,Vale S.A.,,,,,,,,missing_gics
2020-01-31,VZ,Verizon Communications,Communication Services,Telecommunication Services,Diversified Telecommunication Services,Integrated Telecommunication Services,938422340,2020-01-31T02:38:19Z,https://en.wikipedia.org/w/index.php?oldid=938422340,matched_gics
2020-01-31,WELL,Welltower Inc.,Real Estate,Real Estate,Equity Real Estate Investment Trusts (REITs),Health Care REITs,938422340,2020-01-31T02:38:19Z,https://en.wikipedia.org/w/index.php?oldid=938422340,matched_gics
2020-01-31,WFC-PL,Wells Fargo & Company,,,,,,,,missing_gics
2020-01-31,WMT,Walmart,Consumer Staples,Food & Staples Retailing,Food & Staples Retailing,Hypermarkets & Super Centers,938422340,2020-01-31T02:38:19Z,https://en.wikipedia.org/w/index.php?oldid=938422340,matched_gics
2020-01-31,XEL,Xcel Energy Inc,Utilities,Utilities,Multi-Utilities,Multi-Utilities,938422340,2020-01-31T02:38:19Z,https://en.wikipedia.org/w/index.php?oldid=938422340,matched_gics
2020-01-31,XOM,Exxon Mobil Corp.,Energy,Energy,"Oil, Gas & Consumable Fuels",Integrated Oil & Gas,938422340,2020-01-31T02:38:19Z,https://en.wikipedia.org/w/index.php?oldid=938422340,matched_gics
2020-02-29,AAPL,Apple Inc.,Information Technology,Technology Hardware & Equipment,"Technology Hardware, Storage & Peripherals","Technology Hardware, Storage & Peripherals",942834690,2020-02-27T03:45:05Z,https://en.wikipedia.org/w/index.php?oldid=942834690,matched_gics
2020-02-29,ABBV,AbbVie Inc.,Health Care,"Pharmaceuticals, Biotechnology & Life Sciences",Pharmaceuticals,Pharmaceuticals,942834690,2020-02-27T03:45:05Z,https://en.wikipedia.org/w/index.php?oldid=942834690,matched_gics
2020-02-29,ABT,Abbott Laboratories,Health Care,Health Care Equipment & Services,Health Care Equipment & Supplies,Health Care Equipment,942834690,2020-02-27T03:45:05Z,https://en.wikipedia.org/w/index.php?oldid=942834690,matched_gics
2020-02-29,ACN,Accenture plc,Information Technology,Software & Services,IT Services,IT Consulting & Other Services,942834690,2020-02-27T03:45:05Z,https://en.wikipedia.org/w/index.php?oldid=942834690,matched_gics
2020-02-29,ADBE,Adobe Inc.,Information Technology,Software & Services,Software,Application Software,942834690,2020-02-27T03:45:05Z,https://en.wikipedia.org/w/index.php?oldid=942834690,matched_gics
2020-02-29,ADP,Automatic Data Processing,Information Technology,Software & Services,IT Services,Internet Services & Infrastructure,942834690,2020-02-27T03:45:05Z,https://en.wikipedia.org/w/index.php?oldid=942834690,matched_gics
2020-02-29,AEP,American Electric Power,Utilities,Utilities,Electric Utilities,Electric Utilities,942834690,2020-02-27T03:45:05Z,https://en.wikipedia.org/w/index.php?oldid=942834690,matched_gics
2020-02-29,AMT,American Tower Corp.,Real Estate,Real Estate,Equity Real Estate Investment Trusts (REITs),Specialized REITs,942834690,2020-02-27T03:45:05Z,https://en.wikipedia.org/w/index.php?oldid=942834690,matched_gics
2020-02-29,AMZN,Amazon.com Inc.,Consumer Discretionary,Retailing,Internet & Direct Marketing Retail,Internet & Direct Marketing Retail,942834690,2020-02-27T03:45:05Z,https://en.wikipedia.org/w/index.php?oldid=942834690,matched_gics
2020-02-29,APD,Air Products & Chemicals Inc,Materials,Materials,Chemicals,Industrial Gases,942834690,2020-02-27T03:45:05Z,https://en.wikipedia.org/w/index.php?oldid=942834690,matched_gics
2020-02-29,ASML,ASML Holding N.V.,,,,,,,,missing_gics
2020-02-29,AVGO,Broadcom Inc.,Information Technology,Semiconductors & Semiconductor Equipment,Semiconductors & Semiconductor Equipment,Semiconductors,942834690,2020-02-27T03:45:05Z,https://en.wikipedia.org/w/index.php?oldid=942834690,matched_gics
2020-02-29,AWK,American Water Works Company Inc,Utilities,Utilities,Water Utilities,Water Utilities,942834690,2020-02-27T03:45:05Z,https://en.wikipedia.org/w/index.php?oldid=942834690,matched_gics
2020-02-29,BA,Boeing Company,Industrials,Capital Goods,Aerospace & Defense,Aerospace & Defense,942834690,2020-02-27T03:45:05Z,https://en.wikipedia.org/w/index.php?oldid=942834690,matched_gics
2020-02-29,BABA,Alibaba Group Holding Limited,,,,,,,,missing_gics
2020-02-29,BAC,Bank of America Corp,Financials,Banks,Banks,Diversified Banks,942834690,2020-02-27T03:45:05Z,https://en.wikipedia.org/w/index.php?oldid=942834690,matched_gics
2020-02-29,BBL,BHP Group,,,,,,,,missing_gics
2020-02-29,BHP,BHP Group,,,,,,,,missing_gics
2020-02-29,BP,BP p.l.c.,,,,,,,,missing_gics
2020-02-29,BRK-A,Berkshire Hathaway Inc.,,,,,,,,missing_gics
2020-02-29,C-PJ,Citigroup Inc.,,,,,,,,missing_gics
2020-02-29,CAT,Caterpillar Inc.,Industrials,Capital Goods,Machinery,Construction Machinery & Heavy Trucks,942834690,2020-02-27T03:45:05Z,https://en.wikipedia.org/w/index.php?oldid=942834690,matched_gics
2020-02-29,CCI,Crown Castle International Corp.,Real Estate,Real Estate,Equity Real Estate Investment Trusts (REITs),Specialized REITs,942834690,2020-02-27T03:45:05Z,https://en.wikipedia.org/w/index.php?oldid=942834690,matched_gics
2020-02-29,CHTR,Charter Communications,Communication Services,Media,Media,Cable & Satellite,942834690,2020-02-27T03:45:05Z,https://en.wikipedia.org/w/index.php?oldid=942834690,matched_gics
2020-02-29,CMCSA,Comcast Corp.,Communication Services,Media,Media,Cable & Satellite,942834690,2020-02-27T03:45:05Z,https://en.wikipedia.org/w/index.php?oldid=942834690,matched_gics
2020-02-29,COP,ConocoPhillips,Energy,Energy,"Oil, Gas & Consumable Fuels",Oil & Gas Exploration & Production,942834690,2020-02-27T03:45:05Z,https://en.wikipedia.org/w/index.php?oldid=942834690,matched_gics
2020-02-29,COST,Costco Wholesale Corp.,Consumer Staples,Food & Staples Retailing,Food & Staples Retailing,Hypermarkets & Super Centers,942834690,2020-02-27T03:45:05Z,https://en.wikipedia.org/w/index.php?oldid=942834690,matched_gics
2020-02-29,CSCO,Cisco Systems,Information Technology,Technology Hardware & Equipment,Communications Equipment,Communications Equipment,942834690,2020-02-27T03:45:05Z,https://en.wikipedia.org/w/index.php?oldid=942834690,matched_gics
2020-02-29,CTA-PB,E. I. du Pont de Nemours and Company,,,,,,,,missing_gics
2020-02-29,CVX,Chevron Corp.,Energy,Energy,"Oil, Gas & Consumable Fuels",Integrated Oil & Gas,942834690,2020-02-27T03:45:05Z,https://en.wikipedia.org/w/index.php?oldid=942834690,matched_gics
2020-02-29,D,Dominion Energy,Utilities,Utilities,Electric Utilities,Electric Utilities,942834690,2020-02-27T03:45:05Z,https://en.wikipedia.org/w/index.php?oldid=942834690,matched_gics
2020-02-29,DE,Deere & Co.,Industrials,Capital Goods,Machinery,Agricultural & Farm Machinery,942834690,2020-02-27T03:45:05Z,https://en.wikipedia.org/w/index.php?oldid=942834690,matched_gics
2020-02-29,DEO,Diageo plc,,,,,,,,missing_gics
2020-02-29,DHR,Danaher Corp.,Health Care,Health Care Equipment & Services,Health Care Equipment & Supplies,Health Care Equipment,942834690,2020-02-27T03:45:05Z,https://en.wikipedia.org/w/index.php?oldid=942834690,matched_gics
2020-02-29,DIS,The Walt Disney Company,Communication Services,Media & Entertainment,Entertainment,Movies & Entertainment,942834690,2020-02-27T03:45:05Z,https://en.wikipedia.org/w/index.php?oldid=942834690,matched_gics
2020-02-29,DLR,Digital Realty Trust Inc,Real Estate,Real Estate,Equity Real Estate Investment Trusts (REITs),Specialized REITs,942834690,2020-02-27T03:45:05Z,https://en.wikipedia.org/w/index.php?oldid=942834690,matched_gics
2020-02-29,DUK,Duke Energy,Utilities,Utilities,Electric Utilities,Electric Utilities,942834690,2020-02-27T03:45:05Z,https://en.wikipedia.org/w/index.php?oldid=942834690,matched_gics
2020-02-29,ECL,Ecolab Inc.,Materials,Materials,Chemicals,Specialty Chemicals,942834690,2020-02-27T03:45:05Z,https://en.wikipedia.org/w/index.php?oldid=942834690,matched_gics
2020-02-29,EL,Estee Lauder Cos.,Consumer Staples,Household & Personal Products,Personal Products,Personal Products,942834690,2020-02-27T03:45:05Z,https://en.wikipedia.org/w/index.php?oldid=942834690,matched_gics
2020-02-29,ENB,Enbridge Inc.,,,,,,,,missing_gics
2020-02-29,EQIX,Equinix,Real Estate,Real Estate,Equity Real Estate Investment Trusts (REITs),Specialized REITs,942834690,2020-02-27T03:45:05Z,https://en.wikipedia.org/w/index.php?oldid=942834690,matched_gics
2020-02-29,EQNR,Equinor ASA,,,,,,,,missing_gics
2020-02-29,EXC,Exelon Corp.,Utilities,Utilities,Multi-Utilities,Multi-Utilities,942834690,2020-02-27T03:45:05Z,https://en.wikipedia.org/w/index.php?oldid=942834690,matched_gics
2020-02-29,FB,"Facebook, Inc.",Communication Services,Media & Entertainment,Interactive Media & Services,Interactive Media & Services,942834690,2020-02-27T03:45:05Z,https://en.wikipedia.org/w/index.php?oldid=942834690,matched_gics
2020-02-29,FCX,Freeport-McMoRan Inc.,Materials,Materials,Metals & Mining,Copper,942834690,2020-02-27T03:45:05Z,https://en.wikipedia.org/w/index.php?oldid=942834690,matched_gics
2020-02-29,GE,General Electric,Industrials,Capital Goods,Industrial Conglomerates,Industrial Conglomerates,942834690,2020-02-27T03:45:05Z,https://en.wikipedia.org/w/index.php?oldid=942834690,matched_gics
2020-02-29,GOOG,Alphabet Inc Class C,Communication Services,Media & Entertainment,Interactive Media & Services,Interactive Media & Services,942834690,2020-02-27T03:45:05Z,https://en.wikipedia.org/w/index.php?oldid=942834690,matched_gics
2020-02-29,HD,Home Depot,Consumer Discretionary,Retailing,Specialty Retail,Home Improvement Retail,942834690,2020-02-27T03:45:05Z,https://en.wikipedia.org/w/index.php?oldid=942834690,matched_gics
2020-02-29,HON,Honeywell Int'l Inc.,Industrials,Capital Goods,Industrial Conglomerates,Industrial Conglomerates,942834690,2020-02-27T03:45:05Z,https://en.wikipedia.org/w/index.php?oldid=942834690,matched_gics
2020-02-29,JD,"JD.com, Inc.",,,,,,,,missing_gics
2020-02-29,JNJ,Johnson & Johnson,Health Care,"Pharmaceuticals, Biotechnology & Life Sciences",Pharmaceuticals,Pharmaceuticals,942834690,2020-02-27T03:45:05Z,https://en.wikipedia.org/w/index.php?oldid=942834690,matched_gics
2020-02-29,JPM,JPMorgan Chase & Co.,Financials,Banks,Banks,Diversified Banks,942834690,2020-02-27T03:45:05Z,https://en.wikipedia.org/w/index.php?oldid=942834690,matched_gics
2020-02-29,KO,Coca-Cola Company,Consumer Staples,"Food, Beverage & Tobacco",Beverages,Soft Drinks,942834690,2020-02-27T03:45:05Z,https://en.wikipedia.org/w/index.php?oldid=942834690,matched_gics
2020-02-29,LLY,Lilly (Eli) & Co.,Health Care,"Pharmaceuticals, Biotechnology & Life Sciences",Pharmaceuticals,Pharmaceuticals,942834690,2020-02-27T03:45:05Z,https://en.wikipedia.org/w/index.php?oldid=942834690,matched_gics
2020-02-29,LOW,Lowe's Cos.,Consumer Discretionary,Retailing,Specialty Retail,Home Improvement Retail,942834690,2020-02-27T03:45:05Z,https://en.wikipedia.org/w/index.php?oldid=942834690,matched_gics
2020-02-29,MA,Mastercard Inc.,Information Technology,Software & Services,IT Services,Data Processing & Outsourced Services,942834690,2020-02-27T03:45:05Z,https://en.wikipedia.org/w/index.php?oldid=942834690,matched_gics
2020-02-29,MCD,McDonald's Corp.,Consumer Discretionary,Consumer Services,"Hotels, Restaurants & Leisure",Restaurants,942834690,2020-02-27T03:45:05Z,https://en.wikipedia.org/w/index.php?oldid=942834690,matched_gics
2020-02-29,MMM,3M Company,Industrials,Capital Goods,Industrial Conglomerates,Industrial Conglomerates,942834690,2020-02-27T03:45:05Z,https://en.wikipedia.org/w/index.php?oldid=942834690,matched_gics
2020-02-29,MS,Morgan Stanley,Financials,Diversified Financials,Capital Markets,Investment Banking & Brokerage,942834690,2020-02-27T03:45:05Z,https://en.wikipedia.org/w/index.php?oldid=942834690,matched_gics
2020-02-29,MSFT,Microsoft Corp.,Information Technology,Software & Services,Software,Systems Software,942834690,2020-02-27T03:45:05Z,https://en.wikipedia.org/w/index.php?oldid=942834690,matched_gics
2020-02-29,NEE,NextEra Energy,Utilities,Utilities,Multi-Utilities,Multi-Utilities,942834690,2020-02-27T03:45:05Z,https://en.wikipedia.org/w/index.php?oldid=942834690,matched_gics
2020-02-29,NEM,Newmont Corporation,Materials,Materials,Metals & Mining,Gold,942834690,2020-02-27T03:45:05Z,https://en.wikipedia.org/w/index.php?oldid=942834690,matched_gics
2020-02-29,NFLX,Netflix Inc.,Communication Services,Media & Entertainment,Entertainment,Movies & Entertainment,942834690,2020-02-27T03:45:05Z,https://en.wikipedia.org/w/index.php?oldid=942834690,matched_gics
2020-02-29,NGG,National Grid plc,,,,,,,,missing_gics
2020-02-29,NKE,Nike,Consumer Discretionary,Consumer Durables & Apparel,"Textiles, Apparel & Luxury Goods","Apparel, Accessories & Luxury Goods",942834690,2020-02-27T03:45:05Z,https://en.wikipedia.org/w/index.php?oldid=942834690,matched_gics
2020-02-29,NVDA,Nvidia Corporation,Information Technology,Semiconductors & Semiconductor Equipment,Semiconductors & Semiconductor Equipment,Semiconductors,942834690,2020-02-27T03:45:05Z,https://en.wikipedia.org/w/index.php?oldid=942834690,matched_gics
2020-02-29,NVO,Novo Nordisk A/S,,,,,,,,missing_gics
2020-02-29,NVS,Novartis AG,,,,,,,,missing_gics
2020-02-29,O,Realty Income Corporation,Real Estate,Real Estate,Equity Real Estate Investment Trusts (REITs),Retail REITs,942834690,2020-02-27T03:45:05Z,https://en.wikipedia.org/w/index.php?oldid=942834690,matched_gics
2020-02-29,ORCL,Oracle Corp.,Information Technology,Software & Services,Software,Application Software,942834690,2020-02-27T03:45:05Z,https://en.wikipedia.org/w/index.php?oldid=942834690,matched_gics
2020-02-29,PEP,PepsiCo Inc.,Consumer Staples,"Food, Beverage & Tobacco",Beverages,Soft Drinks,942834690,2020-02-27T03:45:05Z,https://en.wikipedia.org/w/index.php?oldid=942834690,matched_gics
2020-02-29,PFE,Pfizer Inc.,Health Care,"Pharmaceuticals, Biotechnology & Life Sciences",Pharmaceuticals,Pharmaceuticals,942834690,2020-02-27T03:45:05Z,https://en.wikipedia.org/w/index.php?oldid=942834690,matched_gics
2020-02-29,PG,Procter & Gamble,Consumer Staples,Household & Personal Products,Personal Products,Personal Products,942834690,2020-02-27T03:45:05Z,https://en.wikipedia.org/w/index.php?oldid=942834690,matched_gics
2020-02-29,PLD,Prologis,Real Estate,Real Estate,Equity Real Estate Investment Trusts (REITs),Industrial REITs,942834690,2020-02-27T03:45:05Z,https://en.wikipedia.org/w/index.php?oldid=942834690,matched_gics
2020-02-29,PM,Philip Morris International,Consumer Staples,"Food, Beverage & Tobacco",Tobacco,Tobacco,942834690,2020-02-27T03:45:05Z,https://en.wikipedia.org/w/index.php?oldid=942834690,matched_gics
2020-02-29,PSA,Public Storage,Real Estate,Real Estate,Equity Real Estate Investment Trusts (REITs),Specialized REITs,942834690,2020-02-27T03:45:05Z,https://en.wikipedia.org/w/index.php?oldid=942834690,matched_gics
2020-02-29,PTR,PetroChina Company Limited,,,,,,,,missing_gics
2020-02-29,PYPL,PayPal,Information Technology,Software & Services,IT Services,Data Processing & Outsourced Services,942834690,2020-02-27T03:45:05Z,https://en.wikipedia.org/w/index.php?oldid=942834690,matched_gics
2020-02-29,RDS-B,Royal Dutch Shell plc,,,,,,,,missing_gics
2020-02-29,RIO,Rio Tinto Group,,,,,,,,missing_gics
2020-02-29,RTX,Raytheon Technologies Corporation,,,,,,,,missing_gics
2020-02-29,SBAC,SBA Communications,Real Estate,Real Estate,Equity Real Estate Investment Trusts (REITs),Specialized REITs,942834690,2020-02-27T03:45:05Z,https://en.wikipedia.org/w/index.php?oldid=942834690,matched_gics
2020-02-29,SBUX,Starbucks Corp.,Consumer Discretionary,Consumer Services,"Hotels, Restaurants & Leisure",Restaurants,942834690,2020-02-27T03:45:05Z,https://en.wikipedia.org/w/index.php?oldid=942834690,matched_gics
2020-02-29,SCHW,Charles Schwab Corporation,Financials,Diversified Financials,Capital Markets,Investment Banking & Brokerage,942834690,2020-02-27T03:45:05Z,https://en.wikipedia.org/w/index.php?oldid=942834690,matched_gics
2020-02-29,SHW,Sherwin-Williams,Materials,Materials,Chemicals,Specialty Chemicals,942834690,2020-02-27T03:45:05Z,https://en.wikipedia.org/w/index.php?oldid=942834690,matched_gics
2020-02-29,SNAP,Snap Inc.,,,,,,,,missing_gics
2020-02-29,SNP,China Petroleum & Chemical Corporation,,,,,,,,missing_gics
2020-02-29,SO,Southern Co.,Utilities,Utilities,Electric Utilities,Electric Utilities,942834690,2020-02-27T03:45:05Z,https://en.wikipedia.org/w/index.php?oldid=942834690,matched_gics
2020-02-29,SPG-PJ,"Simon Property Group, Inc.",,,,,,,,missing_gics
2020-02-29,SRE,Sempra Energy,Utilities,Utilities,Multi-Utilities,Multi-Utilities,942834690,2020-02-27T03:45:05Z,https://en.wikipedia.org/w/index.php?oldid=942834690,matched_gics
2020-02-29,T,AT&T Inc.,Communication Services,Telecommunication Services,Diversified Telecommunication Services,Integrated Telecommunication Services,942834690,2020-02-27T03:45:05Z,https://en.wikipedia.org/w/index.php?oldid=942834690,matched_gics
2020-02-29,TGT,Target Corp.,Consumer Discretionary,Retailing,Multiline Retail,General Merchandise Stores,942834690,2020-02-27T03:45:05Z,https://en.wikipedia.org/w/index.php?oldid=942834690,matched_gics
2020-02-29,TM,Toyota Motor Corporation,,,,,,,,missing_gics
2020-02-29,TMO,Thermo Fisher Scientific,Health Care,"Pharmaceuticals, Biotechnology & Life Sciences",Life Sciences Tools & Services,Life Sciences Tools & Services,942834690,2020-02-27T03:45:05Z,https://en.wikipedia.org/w/index.php?oldid=942834690,matched_gics
2020-02-29,TMUS,T-Mobile US,Communication Services,Telecommunication Services,Wireless Telecommunication Services,Wireless Telecommunication Services,942834690,2020-02-27T03:45:05Z,https://en.wikipedia.org/w/index.php?oldid=942834690,matched_gics
2020-02-29,TSLA,"Tesla, Inc.",,,,,,,,missing_gics
2020-02-29,TSM,Taiwan Semiconductor Manufacturing Company Limited,,,,,,,,missing_gics
2020-02-29,TTE,TotalEnergies SE,,,,,,,,missing_gics
2020-02-29,UL,Unilever PLC,,,,,,,,missing_gics
2020-02-29,UNH,United Health Group Inc.,Health Care,Health Care Equipment & Services,Health Care Providers & Services,Managed Health Care,942834690,2020-02-27T03:45:05Z,https://en.wikipedia.org/w/index.php?oldid=942834690,matched_gics
2020-02-29,UNP,Union Pacific Corp,Industrials,Transportation,Road & Rail,Railroads,942834690,2020-02-27T03:45:05Z,https://en.wikipedia.org/w/index.php?oldid=942834690,matched_gics
2020-02-29,UPS,United Parcel Service,Industrials,Transportation,Air Freight & Logistics,Air Freight & Logistics,942834690,2020-02-27T03:45:05Z,https://en.wikipedia.org/w/index.php?oldid=942834690,matched_gics
2020-02-29,V,Visa Inc.,Information Technology,Software & Services,IT Services,Data Processing & Outsourced Services,942834690,2020-02-27T03:45:05Z,https://en.wikipedia.org/w/index.php?oldid=942834690,matched_gics
2020-02-29,VALE,Vale S.A.,,,,,,,,missing_gics
2020-02-29,VZ,Verizon Communications,Communication Services,Telecommunication Services,Diversified Telecommunication Services,Integrated Telecommunication Services,942834690,2020-02-27T03:45:05Z,https://en.wikipedia.org/w/index.php?oldid=942834690,matched_gics
2020-02-29,WELL,Welltower Inc.,Real Estate,Real Estate,Equity Real Estate Investment Trusts (REITs),Health Care REITs,942834690,2020-02-27T03:45:05Z,https://en.wikipedia.org/w/index.php?oldid=942834690,matched_gics
2020-02-29,WFC-PL,Wells Fargo & Company,,,,,,,,missing_gics
2020-02-29,WMT,Walmart,Consumer Staples,Food & Staples Retailing,Food & Staples Retailing,Hypermarkets & Super Centers,942834690,2020-02-27T03:45:05Z,https://en.wikipedia.org/w/index.php?oldid=942834690,matched_gics
2020-02-29,XEL,Xcel Energy Inc,Utilities,Utilities,Multi-Utilities,Multi-Utilities,942834690,2020-02-27T03:45:05Z,https://en.wikipedia.org/w/index.php?oldid=942834690,matched_gics
2020-02-29,XOM,Exxon Mobil Corp.,Energy,Energy,"Oil, Gas & Consumable Fuels",Integrated Oil & Gas,942834690,2020-02-27T03:45:05Z,https://en.wikipedia.org/w/index.php?oldid=942834690,matched_gics
2020-03-31,AAPL,Apple Inc.,Information Technology,Technology Hardware & Equipment,"Technology Hardware, Storage & Peripherals","Technology Hardware, Storage & Peripherals",945114809,2020-03-11T22:12:27Z,https://en.wikipedia.org/w/index.php?oldid=945114809,matched_gics
2020-03-31,ABBV,AbbVie Inc.,Health Care,"Pharmaceuticals, Biotechnology & Life Sciences",Pharmaceuticals,Pharmaceuticals,945114809,2020-03-11T22:12:27Z,https://en.wikipedia.org/w/index.php?oldid=945114809,matched_gics
2020-03-31,ABT,Abbott Laboratories,Health Care,Health Care Equipment & Services,Health Care Equipment & Supplies,Health Care Equipment,945114809,2020-03-11T22:12:27Z,https://en.wikipedia.org/w/index.php?oldid=945114809,matched_gics
2020-03-31,ACN,Accenture plc,Information Technology,Software & Services,IT Services,IT Consulting & Other Services,945114809,2020-03-11T22:12:27Z,https://en.wikipedia.org/w/index.php?oldid=945114809,matched_gics
2020-03-31,ADBE,Adobe Inc.,Information Technology,Software & Services,Software,Application Software,945114809,2020-03-11T22:12:27Z,https://en.wikipedia.org/w/index.php?oldid=945114809,matched_gics
2020-03-31,ADP,Automatic Data Processing,Information Technology,Software & Services,IT Services,Internet Services & Infrastructure,945114809,2020-03-11T22:12:27Z,https://en.wikipedia.org/w/index.php?oldid=945114809,matched_gics
2020-03-31,AEP,American Electric Power,Utilities,Utilities,Electric Utilities,Electric Utilities,945114809,2020-03-11T22:12:27Z,https://en.wikipedia.org/w/index.php?oldid=945114809,matched_gics
2020-03-31,AMT,American Tower Corp.,Real Estate,Real Estate,Equity Real Estate Investment Trusts (REITs),Specialized REITs,945114809,2020-03-11T22:12:27Z,https://en.wikipedia.org/w/index.php?oldid=945114809,matched_gics
2020-03-31,AMZN,Amazon.com Inc.,Consumer Discretionary,Retailing,Internet & Direct Marketing Retail,Internet & Direct Marketing Retail,945114809,2020-03-11T22:12:27Z,https://en.wikipedia.org/w/index.php?oldid=945114809,matched_gics
2020-03-31,APD,Air Products & Chemicals Inc,Materials,Materials,Chemicals,Industrial Gases,945114809,2020-03-11T22:12:27Z,https://en.wikipedia.org/w/index.php?oldid=945114809,matched_gics
2020-03-31,ASML,ASML Holding N.V.,,,,,,,,missing_gics
2020-03-31,AVGO,Broadcom Inc.,Information Technology,Semiconductors & Semiconductor Equipment,Semiconductors & Semiconductor Equipment,Semiconductors,945114809,2020-03-11T22:12:27Z,https://en.wikipedia.org/w/index.php?oldid=945114809,matched_gics
2020-03-31,AWK,American Water Works Company Inc,Utilities,Utilities,Water Utilities,Water Utilities,945114809,2020-03-11T22:12:27Z,https://en.wikipedia.org/w/index.php?oldid=945114809,matched_gics
2020-03-31,BA,Boeing Company,Industrials,Capital Goods,Aerospace & Defense,Aerospace & Defense,945114809,2020-03-11T22:12:27Z,https://en.wikipedia.org/w/index.php?oldid=945114809,matched_gics
2020-03-31,BABA,Alibaba Group Holding Limited,,,,,,,,missing_gics
2020-03-31,BAC,Bank of America Corp,Financials,Banks,Banks,Diversified Banks,945114809,2020-03-11T22:12:27Z,https://en.wikipedia.org/w/index.php?oldid=945114809,matched_gics
2020-03-31,BBL,BHP Group,,,,,,,,missing_gics
2020-03-31,BHP,BHP Group,,,,,,,,missing_gics
2020-03-31,BP,BP p.l.c.,,,,,,,,missing_gics
2020-03-31,BRK-A,Berkshire Hathaway Inc.,,,,,,,,missing_gics
2020-03-31,C-PJ,Citigroup Inc.,,,,,,,,missing_gics
2020-03-31,CAT,Caterpillar Inc.,Industrials,Capital Goods,Machinery,Construction Machinery & Heavy Trucks,945114809,2020-03-11T22:12:27Z,https://en.wikipedia.org/w/index.php?oldid=945114809,matched_gics
2020-03-31,CCI,Crown Castle International Corp.,Real Estate,Real Estate,Equity Real Estate Investment Trusts (REITs),Specialized REITs,945114809,2020-03-11T22:12:27Z,https://en.wikipedia.org/w/index.php?oldid=945114809,matched_gics
2020-03-31,CHTR,Charter Communications,Communication Services,Media,Media,Cable & Satellite,945114809,2020-03-11T22:12:27Z,https://en.wikipedia.org/w/index.php?oldid=945114809,matched_gics
2020-03-31,CMCSA,Comcast Corp.,Communication Services,Media,Media,Cable & Satellite,945114809,2020-03-11T22:12:27Z,https://en.wikipedia.org/w/index.php?oldid=945114809,matched_gics
2020-03-31,COP,ConocoPhillips,Energy,Energy,"Oil, Gas & Consumable Fuels",Oil & Gas Exploration & Production,945114809,2020-03-11T22:12:27Z,https://en.wikipedia.org/w/index.php?oldid=945114809,matched_gics
2020-03-31,COST,Costco Wholesale Corp.,Consumer Staples,Food & Staples Retailing,Food & Staples Retailing,Hypermarkets & Super Centers,945114809,2020-03-11T22:12:27Z,https://en.wikipedia.org/w/index.php?oldid=945114809,matched_gics
2020-03-31,CSCO,Cisco Systems,Information Technology,Technology Hardware & Equipment,Communications Equipment,Communications Equipment,945114809,2020-03-11T22:12:27Z,https://en.wikipedia.org/w/index.php?oldid=945114809,matched_gics
2020-03-31,CTA-PB,E. I. du Pont de Nemours and Company,,,,,,,,missing_gics
2020-03-31,CVX,Chevron Corp.,Energy,Energy,"Oil, Gas & Consumable Fuels",Integrated Oil & Gas,945114809,2020-03-11T22:12:27Z,https://en.wikipedia.org/w/index.php?oldid=945114809,matched_gics
2020-03-31,D,Dominion Energy,Utilities,Utilities,Electric Utilities,Electric Utilities,945114809,2020-03-11T22:12:27Z,https://en.wikipedia.org/w/index.php?oldid=945114809,matched_gics
2020-03-31,DE,Deere & Co.,Industrials,Capital Goods,Machinery,Agricultural & Farm Machinery,945114809,2020-03-11T22:12:27Z,https://en.wikipedia.org/w/index.php?oldid=945114809,matched_gics
2020-03-31,DEO,Diageo plc,,,,,,,,missing_gics
2020-03-31,DHR,Danaher Corp.,Health Care,Health Care Equipment & Services,Health Care Equipment & Supplies,Health Care Equipment,945114809,2020-03-11T22:12:27Z,https://en.wikipedia.org/w/index.php?oldid=945114809,matched_gics
2020-03-31,DIS,The Walt Disney Company,Communication Services,Media & Entertainment,Entertainment,Movies & Entertainment,945114809,2020-03-11T22:12:27Z,https://en.wikipedia.org/w/index.php?oldid=945114809,matched_gics
2020-03-31,DLR,Digital Realty Trust Inc,Real Estate,Real Estate,Equity Real Estate Investment Trusts (REITs),Specialized REITs,945114809,2020-03-11T22:12:27Z,https://en.wikipedia.org/w/index.php?oldid=945114809,matched_gics
2020-03-31,DUK,Duke Energy,Utilities,Utilities,Electric Utilities,Electric Utilities,945114809,2020-03-11T22:12:27Z,https://en.wikipedia.org/w/index.php?oldid=945114809,matched_gics
2020-03-31,ECL,Ecolab Inc.,Materials,Materials,Chemicals,Specialty Chemicals,945114809,2020-03-11T22:12:27Z,https://en.wikipedia.org/w/index.php?oldid=945114809,matched_gics
2020-03-31,EL,Estée Lauder Companies,Consumer Staples,Household & Personal Products,Personal Products,Personal Products,945114809,2020-03-11T22:12:27Z,https://en.wikipedia.org/w/index.php?oldid=945114809,matched_gics
2020-03-31,ENB,Enbridge Inc.,,,,,,,,missing_gics
2020-03-31,EQIX,Equinix,Real Estate,Real Estate,Equity Real Estate Investment Trusts (REITs),Specialized REITs,945114809,2020-03-11T22:12:27Z,https://en.wikipedia.org/w/index.php?oldid=945114809,matched_gics
2020-03-31,EQNR,Equinor ASA,,,,,,,,missing_gics
2020-03-31,EXC,Exelon Corp.,Utilities,Utilities,Multi-Utilities,Multi-Utilities,945114809,2020-03-11T22:12:27Z,https://en.wikipedia.org/w/index.php?oldid=945114809,matched_gics
2020-03-31,FB,"Facebook, Inc.",Communication Services,Media & Entertainment,Interactive Media & Services,Interactive Media & Services,945114809,2020-03-11T22:12:27Z,https://en.wikipedia.org/w/index.php?oldid=945114809,matched_gics
2020-03-31,FCX,Freeport-McMoRan Inc.,Materials,Materials,Metals & Mining,Copper,945114809,2020-03-11T22:12:27Z,https://en.wikipedia.org/w/index.php?oldid=945114809,matched_gics
2020-03-31,GE,General Electric,Industrials,Capital Goods,Industrial Conglomerates,Industrial Conglomerates,945114809,2020-03-11T22:12:27Z,https://en.wikipedia.org/w/index.php?oldid=945114809,matched_gics
2020-03-31,GOOG,Alphabet Inc Class C,Communication Services,Media & Entertainment,Interactive Media & Services,Interactive Media & Services,945114809,2020-03-11T22:12:27Z,https://en.wikipedia.org/w/index.php?oldid=945114809,matched_gics
2020-03-31,HD,Home Depot,Consumer Discretionary,Retailing,Specialty Retail,Home Improvement Retail,945114809,2020-03-11T22:12:27Z,https://en.wikipedia.org/w/index.php?oldid=945114809,matched_gics
2020-03-31,HON,Honeywell Int'l Inc.,Industrials,Capital Goods,Industrial Conglomerates,Industrial Conglomerates,945114809,2020-03-11T22:12:27Z,https://en.wikipedia.org/w/index.php?oldid=945114809,matched_gics
2020-03-31,JD,"JD.com, Inc.",,,,,,,,missing_gics
2020-03-31,JNJ,Johnson & Johnson,Health Care,"Pharmaceuticals, Biotechnology & Life Sciences",Pharmaceuticals,Pharmaceuticals,945114809,2020-03-11T22:12:27Z,https://en.wikipedia.org/w/index.php?oldid=945114809,matched_gics
2020-03-31,JPM,JPMorgan Chase & Co.,Financials,Banks,Banks,Diversified Banks,945114809,2020-03-11T22:12:27Z,https://en.wikipedia.org/w/index.php?oldid=945114809,matched_gics
2020-03-31,KO,Coca-Cola Company,Consumer Staples,"Food, Beverage & Tobacco",Beverages,Soft Drinks,945114809,2020-03-11T22:12:27Z,https://en.wikipedia.org/w/index.php?oldid=945114809,matched_gics
2020-03-31,LLY,Lilly (Eli) & Co.,Health Care,"Pharmaceuticals, Biotechnology & Life Sciences",Pharmaceuticals,Pharmaceuticals,945114809,2020-03-11T22:12:27Z,https://en.wikipedia.org/w/index.php?oldid=945114809,matched_gics
2020-03-31,LOW,Lowe's Cos.,Consumer Discretionary,Retailing,Specialty Retail,Home Improvement Retail,945114809,2020-03-11T22:12:27Z,https://en.wikipedia.org/w/index.php?oldid=945114809,matched_gics
2020-03-31,MA,Mastercard Inc.,Information Technology,Software & Services,IT Services,Data Processing & Outsourced Services,945114809,2020-03-11T22:12:27Z,https://en.wikipedia.org/w/index.php?oldid=945114809,matched_gics
2020-03-31,MCD,McDonald's Corp.,Consumer Discretionary,Consumer Services,"Hotels, Restaurants & Leisure",Restaurants,945114809,2020-03-11T22:12:27Z,https://en.wikipedia.org/w/index.php?oldid=945114809,matched_gics
2020-03-31,MMM,3M Company,Industrials,Capital Goods,Industrial Conglomerates,Industrial Conglomerates,945114809,2020-03-11T22:12:27Z,https://en.wikipedia.org/w/index.php?oldid=945114809,matched_gics
2020-03-31,MS,Morgan Stanley,Financials,Diversified Financials,Capital Markets,Investment Banking & Brokerage,945114809,2020-03-11T22:12:27Z,https://en.wikipedia.org/w/index.php?oldid=945114809,matched_gics
2020-03-31,MSFT,Microsoft Corp.,Information Technology,Software & Services,Software,Systems Software,945114809,2020-03-11T22:12:27Z,https://en.wikipedia.org/w/index.php?oldid=945114809,matched_gics
2020-03-31,NEE,NextEra Energy,Utilities,Utilities,Multi-Utilities,Multi-Utilities,945114809,2020-03-11T22:12:27Z,https://en.wikipedia.org/w/index.php?oldid=945114809,matched_gics
2020-03-31,NEM,Newmont Corporation,Materials,Materials,Metals & Mining,Gold,945114809,2020-03-11T22:12:27Z,https://en.wikipedia.org/w/index.php?oldid=945114809,matched_gics
2020-03-31,NFLX,Netflix Inc.,Communication Services,Media & Entertainment,Entertainment,Movies & Entertainment,945114809,2020-03-11T22:12:27Z,https://en.wikipedia.org/w/index.php?oldid=945114809,matched_gics
2020-03-31,NGG,National Grid plc,,,,,,,,missing_gics
2020-03-31,NKE,Nike,Consumer Discretionary,Consumer Durables & Apparel,"Textiles, Apparel & Luxury Goods","Apparel, Accessories & Luxury Goods",945114809,2020-03-11T22:12:27Z,https://en.wikipedia.org/w/index.php?oldid=945114809,matched_gics
2020-03-31,NVDA,Nvidia Corporation,Information Technology,Semiconductors & Semiconductor Equipment,Semiconductors & Semiconductor Equipment,Semiconductors,945114809,2020-03-11T22:12:27Z,https://en.wikipedia.org/w/index.php?oldid=945114809,matched_gics
2020-03-31,NVO,Novo Nordisk A/S,,,,,,,,missing_gics
2020-03-31,NVS,Novartis AG,,,,,,,,missing_gics
2020-03-31,O,Realty Income Corporation,Real Estate,Real Estate,Equity Real Estate Investment Trusts (REITs),Retail REITs,945114809,2020-03-11T22:12:27Z,https://en.wikipedia.org/w/index.php?oldid=945114809,matched_gics
2020-03-31,ORCL,Oracle Corp.,Information Technology,Software & Services,Software,Application Software,945114809,2020-03-11T22:12:27Z,https://en.wikipedia.org/w/index.php?oldid=945114809,matched_gics
2020-03-31,PEP,PepsiCo Inc.,Consumer Staples,"Food, Beverage & Tobacco",Beverages,Soft Drinks,945114809,2020-03-11T22:12:27Z,https://en.wikipedia.org/w/index.php?oldid=945114809,matched_gics
2020-03-31,PFE,Pfizer Inc.,Health Care,"Pharmaceuticals, Biotechnology & Life Sciences",Pharmaceuticals,Pharmaceuticals,945114809,2020-03-11T22:12:27Z,https://en.wikipedia.org/w/index.php?oldid=945114809,matched_gics
2020-03-31,PG,Procter & Gamble,Consumer Staples,Household & Personal Products,Personal Products,Personal Products,945114809,2020-03-11T22:12:27Z,https://en.wikipedia.org/w/index.php?oldid=945114809,matched_gics
2020-03-31,PLD,Prologis,Real Estate,Real Estate,Equity Real Estate Investment Trusts (REITs),Industrial REITs,945114809,2020-03-11T22:12:27Z,https://en.wikipedia.org/w/index.php?oldid=945114809,matched_gics
2020-03-31,PM,Philip Morris International,Consumer Staples,"Food, Beverage & Tobacco",Tobacco,Tobacco,945114809,2020-03-11T22:12:27Z,https://en.wikipedia.org/w/index.php?oldid=945114809,matched_gics
2020-03-31,PSA,Public Storage,Real Estate,Real Estate,Equity Real Estate Investment Trusts (REITs),Specialized REITs,945114809,2020-03-11T22:12:27Z,https://en.wikipedia.org/w/index.php?oldid=945114809,matched_gics
2020-03-31,PTR,PetroChina Company Limited,,,,,,,,missing_gics
2020-03-31,PYPL,PayPal,Information Technology,Software & Services,IT Services,Data Processing & Outsourced Services,945114809,2020-03-11T22:12:27Z,https://en.wikipedia.org/w/index.php?oldid=945114809,matched_gics
2020-03-31,RDS-B,Royal Dutch Shell plc,,,,,,,,missing_gics
2020-03-31,RIO,Rio Tinto Group,,,,,,,,missing_gics
2020-03-31,RTX,Raytheon Technologies Corporation,,,,,,,,missing_gics
2020-03-31,SBAC,SBA Communications,Real Estate,Real Estate,Equity Real Estate Investment Trusts (REITs),Specialized REITs,945114809,2020-03-11T22:12:27Z,https://en.wikipedia.org/w/index.php?oldid=945114809,matched_gics
2020-03-31,SBUX,Starbucks Corp.,Consumer Discretionary,Consumer Services,"Hotels, Restaurants & Leisure",Restaurants,945114809,2020-03-11T22:12:27Z,https://en.wikipedia.org/w/index.php?oldid=945114809,matched_gics
2020-03-31,SCHW,Charles Schwab Corporation,Financials,Diversified Financials,Capital Markets,Investment Banking & Brokerage,945114809,2020-03-11T22:12:27Z,https://en.wikipedia.org/w/index.php?oldid=945114809,matched_gics
2020-03-31,SHW,Sherwin-Williams,Materials,Materials,Chemicals,Specialty Chemicals,945114809,2020-03-11T22:12:27Z,https://en.wikipedia.org/w/index.php?oldid=945114809,matched_gics
2020-03-31,SNAP,Snap Inc.,,,,,,,,missing_gics
2020-03-31,SNP,China Petroleum & Chemical Corporation,,,,,,,,missing_gics
2020-03-31,SO,Southern Co.,Utilities,Utilities,Electric Utilities,Electric Utilities,945114809,2020-03-11T22:12:27Z,https://en.wikipedia.org/w/index.php?oldid=945114809,matched_gics
2020-03-31,SPG-PJ,"Simon Property Group, Inc.",,,,,,,,missing_gics
2020-03-31,SRE,Sempra Energy,Utilities,Utilities,Multi-Utilities,Multi-Utilities,945114809,2020-03-11T22:12:27Z,https://en.wikipedia.org/w/index.php?oldid=945114809,matched_gics
2020-03-31,T,AT&T,Communication Services,Telecommunication Services,Diversified Telecommunication Services,Integrated Telecommunication Services,945114809,2020-03-11T22:12:27Z,https://en.wikipedia.org/w/index.php?oldid=945114809,matched_gics
2020-03-31,TGT,Target Corp.,Consumer Discretionary,Retailing,Multiline Retail,General Merchandise Stores,945114809,2020-03-11T22:12:27Z,https://en.wikipedia.org/w/index.php?oldid=945114809,matched_gics
2020-03-31,TM,Toyota Motor Corporation,,,,,,,,missing_gics
2020-03-31,TMO,Thermo Fisher Scientific,Health Care,"Pharmaceuticals, Biotechnology & Life Sciences",Life Sciences Tools & Services,Life Sciences Tools & Services,945114809,2020-03-11T22:12:27Z,https://en.wikipedia.org/w/index.php?oldid=945114809,matched_gics
2020-03-31,TMUS,T-Mobile US,Communication Services,Telecommunication Services,Wireless Telecommunication Services,Wireless Telecommunication Services,945114809,2020-03-11T22:12:27Z,https://en.wikipedia.org/w/index.php?oldid=945114809,matched_gics
2020-03-31,TSLA,"Tesla, Inc.",,,,,,,,missing_gics
2020-03-31,TSM,Taiwan Semiconductor Manufacturing Company Limited,,,,,,,,missing_gics
2020-03-31,TTE,TotalEnergies SE,,,,,,,,missing_gics
2020-03-31,UL,Unilever PLC,,,,,,,,missing_gics
2020-03-31,UNH,United Health Group Inc.,Health Care,Health Care Equipment & Services,Health Care Providers & Services,Managed Health Care,945114809,2020-03-11T22:12:27Z,https://en.wikipedia.org/w/index.php?oldid=945114809,matched_gics
2020-03-31,UNP,Union Pacific Corp,Industrials,Transportation,Road & Rail,Railroads,945114809,2020-03-11T22:12:27Z,https://en.wikipedia.org/w/index.php?oldid=945114809,matched_gics
2020-03-31,UPS,United Parcel Service,Industrials,Transportation,Air Freight & Logistics,Air Freight & Logistics,945114809,2020-03-11T22:12:27Z,https://en.wikipedia.org/w/index.php?oldid=945114809,matched_gics
2020-03-31,V,Visa Inc.,Information Technology,Software & Services,IT Services,Data Processing & Outsourced Services,945114809,2020-03-11T22:12:27Z,https://en.wikipedia.org/w/index.php?oldid=945114809,matched_gics
2020-03-31,VALE,Vale S.A.,,,,,,,,missing_gics
2020-03-31,VZ,Verizon Communications,Communication Services,Telecommunication Services,Diversified Telecommunication Services,Integrated Telecommunication Services,945114809,2020-03-11T22:12:27Z,https://en.wikipedia.org/w/index.php?oldid=945114809,matched_gics
2020-03-31,WELL,Welltower Inc.,Real Estate,Real Estate,Equity Real Estate Investment Trusts (REITs),Health Care REITs,945114809,2020-03-11T22:12:27Z,https://en.wikipedia.org/w/index.php?oldid=945114809,matched_gics
2020-03-31,WFC-PL,Wells Fargo & Company,,,,,,,,missing_gics
2020-03-31,WMT,Walmart,Consumer Staples,Food & Staples Retailing,Food & Staples Retailing,Hypermarkets & Super Centers,945114809,2020-03-11T22:12:27Z,https://en.wikipedia.org/w/index.php?oldid=945114809,matched_gics
2020-03-31,XEL,Xcel Energy Inc,Utilities,Utilities,Multi-Utilities,Multi-Utilities,945114809,2020-03-11T22:12:27Z,https://en.wikipedia.org/w/index.php?oldid=945114809,matched_gics
2020-03-31,XOM,Exxon Mobil Corp.,Energy,Energy,"Oil, Gas & Consumable Fuels",Integrated Oil & Gas,945114809,2020-03-11T22:12:27Z,https://en.wikipedia.org/w/index.php?oldid=945114809,matched_gics
2020-04-30,AAPL,Apple Inc.,Information Technology,Technology Hardware & Equipment,"Technology Hardware, Storage & Peripherals","Technology Hardware, Storage & Peripherals",951876743,2020-04-19T10:16:03Z,https://en.wikipedia.org/w/index.php?oldid=951876743,matched_gics
2020-04-30,ABBV,AbbVie Inc.,Health Care,"Pharmaceuticals, Biotechnology & Life Sciences",Pharmaceuticals,Pharmaceuticals,951876743,2020-04-19T10:16:03Z,https://en.wikipedia.org/w/index.php?oldid=951876743,matched_gics
2020-04-30,ABT,Abbott Laboratories,Health Care,Health Care Equipment & Services,Health Care Equipment & Supplies,Health Care Equipment,951876743,2020-04-19T10:16:03Z,https://en.wikipedia.org/w/index.php?oldid=951876743,matched_gics
2020-04-30,ACN,Accenture plc,Information Technology,Software & Services,IT Services,IT Consulting & Other Services,951876743,2020-04-19T10:16:03Z,https://en.wikipedia.org/w/index.php?oldid=951876743,matched_gics
2020-04-30,ADBE,Adobe Inc.,Information Technology,Software & Services,Software,Application Software,951876743,2020-04-19T10:16:03Z,https://en.wikipedia.org/w/index.php?oldid=951876743,matched_gics
2020-04-30,ADP,Automatic Data Processing,Information Technology,Software & Services,IT Services,Internet Services & Infrastructure,951876743,2020-04-19T10:16:03Z,https://en.wikipedia.org/w/index.php?oldid=951876743,matched_gics
2020-04-30,AEP,American Electric Power,Utilities,Utilities,Electric Utilities,Electric Utilities,951876743,2020-04-19T10:16:03Z,https://en.wikipedia.org/w/index.php?oldid=951876743,matched_gics
2020-04-30,AMT,American Tower Corp.,Real Estate,Real Estate,Equity Real Estate Investment Trusts (REITs),Specialized REITs,951876743,2020-04-19T10:16:03Z,https://en.wikipedia.org/w/index.php?oldid=951876743,matched_gics
2020-04-30,AMZN,Amazon.com Inc.,Consumer Discretionary,Retailing,Internet & Direct Marketing Retail,Internet & Direct Marketing Retail,951876743,2020-04-19T10:16:03Z,https://en.wikipedia.org/w/index.php?oldid=951876743,matched_gics
2020-04-30,APD,Air Products & Chemicals Inc,Materials,Materials,Chemicals,Industrial Gases,951876743,2020-04-19T10:16:03Z,https://en.wikipedia.org/w/index.php?oldid=951876743,matched_gics
2020-04-30,ASML,ASML Holding N.V.,,,,,,,,missing_gics
2020-04-30,AVGO,Broadcom Inc.,Information Technology,Semiconductors & Semiconductor Equipment,Semiconductors & Semiconductor Equipment,Semiconductors,951876743,2020-04-19T10:16:03Z,https://en.wikipedia.org/w/index.php?oldid=951876743,matched_gics
2020-04-30,AWK,American Water Works Company Inc,Utilities,Utilities,Water Utilities,Water Utilities,951876743,2020-04-19T10:16:03Z,https://en.wikipedia.org/w/index.php?oldid=951876743,matched_gics
2020-04-30,BA,Boeing Company,Industrials,Capital Goods,Aerospace & Defense,Aerospace & Defense,951876743,2020-04-19T10:16:03Z,https://en.wikipedia.org/w/index.php?oldid=951876743,matched_gics
2020-04-30,BABA,Alibaba Group Holding Limited,,,,,,,,missing_gics
2020-04-30,BAC,Bank of America Corp,Financials,Banks,Banks,Diversified Banks,951876743,2020-04-19T10:16:03Z,https://en.wikipedia.org/w/index.php?oldid=951876743,matched_gics
2020-04-30,BBL,BHP Group,,,,,,,,missing_gics
2020-04-30,BHP,BHP Group,,,,,,,,missing_gics
2020-04-30,BP,BP p.l.c.,,,,,,,,missing_gics
2020-04-30,BRK-A,Berkshire Hathaway Inc.,,,,,,,,missing_gics
2020-04-30,C-PJ,Citigroup Inc.,,,,,,,,missing_gics
2020-04-30,CAT,Caterpillar Inc.,Industrials,Capital Goods,Machinery,Construction Machinery & Heavy Trucks,951876743,2020-04-19T10:16:03Z,https://en.wikipedia.org/w/index.php?oldid=951876743,matched_gics
2020-04-30,CCI,Crown Castle International Corp.,Real Estate,Real Estate,Equity Real Estate Investment Trusts (REITs),Specialized REITs,951876743,2020-04-19T10:16:03Z,https://en.wikipedia.org/w/index.php?oldid=951876743,matched_gics
2020-04-30,CHTR,Charter Communications,Communication Services,Media,Media,Cable & Satellite,951876743,2020-04-19T10:16:03Z,https://en.wikipedia.org/w/index.php?oldid=951876743,matched_gics
2020-04-30,CMCSA,Comcast Corp.,Communication Services,Media,Media,Cable & Satellite,951876743,2020-04-19T10:16:03Z,https://en.wikipedia.org/w/index.php?oldid=951876743,matched_gics
2020-04-30,COP,ConocoPhillips,Energy,Energy,"Oil, Gas & Consumable Fuels",Oil & Gas Exploration & Production,951876743,2020-04-19T10:16:03Z,https://en.wikipedia.org/w/index.php?oldid=951876743,matched_gics
2020-04-30,COST,Costco Wholesale Corp.,Consumer Staples,Food & Staples Retailing,Food & Staples Retailing,Hypermarkets & Super Centers,951876743,2020-04-19T10:16:03Z,https://en.wikipedia.org/w/index.php?oldid=951876743,matched_gics
2020-04-30,CSCO,Cisco Systems,Information Technology,Technology Hardware & Equipment,Communications Equipment,Communications Equipment,951876743,2020-04-19T10:16:03Z,https://en.wikipedia.org/w/index.php?oldid=951876743,matched_gics
2020-04-30,CTA-PB,E. I. du Pont de Nemours and Company,,,,,,,,missing_gics
2020-04-30,CVX,Chevron Corp.,Energy,Energy,"Oil, Gas & Consumable Fuels",Integrated Oil & Gas,951876743,2020-04-19T10:16:03Z,https://en.wikipedia.org/w/index.php?oldid=951876743,matched_gics
2020-04-30,D,Dominion Energy,Utilities,Utilities,Electric Utilities,Electric Utilities,951876743,2020-04-19T10:16:03Z,https://en.wikipedia.org/w/index.php?oldid=951876743,matched_gics
2020-04-30,DE,Deere & Co.,Industrials,Capital Goods,Machinery,Agricultural & Farm Machinery,951876743,2020-04-19T10:16:03Z,https://en.wikipedia.org/w/index.php?oldid=951876743,matched_gics
2020-04-30,DEO,Diageo plc,,,,,,,,missing_gics
2020-04-30,DHR,Danaher Corp.,Health Care,Health Care Equipment & Services,Health Care Equipment & Supplies,Health Care Equipment,951876743,2020-04-19T10:16:03Z,https://en.wikipedia.org/w/index.php?oldid=951876743,matched_gics
2020-04-30,DIS,The Walt Disney Company,Communication Services,Media & Entertainment,Entertainment,Movies & Entertainment,951876743,2020-04-19T10:16:03Z,https://en.wikipedia.org/w/index.php?oldid=951876743,matched_gics
2020-04-30,DLR,Digital Realty Trust Inc,Real Estate,Real Estate,Equity Real Estate Investment Trusts (REITs),Specialized REITs,951876743,2020-04-19T10:16:03Z,https://en.wikipedia.org/w/index.php?oldid=951876743,matched_gics
2020-04-30,DUK,Duke Energy,Utilities,Utilities,Electric Utilities,Electric Utilities,951876743,2020-04-19T10:16:03Z,https://en.wikipedia.org/w/index.php?oldid=951876743,matched_gics
2020-04-30,ECL,Ecolab Inc.,Materials,Materials,Chemicals,Specialty Chemicals,951876743,2020-04-19T10:16:03Z,https://en.wikipedia.org/w/index.php?oldid=951876743,matched_gics
2020-04-30,EL,Estée Lauder Companies,Consumer Staples,Household & Personal Products,Personal Products,Personal Products,951876743,2020-04-19T10:16:03Z,https://en.wikipedia.org/w/index.php?oldid=951876743,matched_gics
2020-04-30,ENB,Enbridge Inc.,,,,,,,,missing_gics
2020-04-30,EQIX,Equinix,Real Estate,Real Estate,Equity Real Estate Investment Trusts (REITs),Specialized REITs,951876743,2020-04-19T10:16:03Z,https://en.wikipedia.org/w/index.php?oldid=951876743,matched_gics
2020-04-30,EQNR,Equinor ASA,,,,,,,,missing_gics
2020-04-30,EXC,Exelon Corp.,Utilities,Utilities,Multi-Utilities,Multi-Utilities,951876743,2020-04-19T10:16:03Z,https://en.wikipedia.org/w/index.php?oldid=951876743,matched_gics
2020-04-30,FB,"Facebook, Inc.",Communication Services,Media & Entertainment,Interactive Media & Services,Interactive Media & Services,951876743,2020-04-19T10:16:03Z,https://en.wikipedia.org/w/index.php?oldid=951876743,matched_gics
2020-04-30,FCX,Freeport-McMoRan Inc.,Materials,Materials,Metals & Mining,Copper,951876743,2020-04-19T10:16:03Z,https://en.wikipedia.org/w/index.php?oldid=951876743,matched_gics
2020-04-30,GE,General Electric,Industrials,Capital Goods,Industrial Conglomerates,Industrial Conglomerates,951876743,2020-04-19T10:16:03Z,https://en.wikipedia.org/w/index.php?oldid=951876743,matched_gics
2020-04-30,GOOG,Alphabet Inc Class C,Communication Services,Media & Entertainment,Interactive Media & Services,Interactive Media & Services,951876743,2020-04-19T10:16:03Z,https://en.wikipedia.org/w/index.php?oldid=951876743,matched_gics
2020-04-30,HD,Home Depot,Consumer Discretionary,Retailing,Specialty Retail,Home Improvement Retail,951876743,2020-04-19T10:16:03Z,https://en.wikipedia.org/w/index.php?oldid=951876743,matched_gics
2020-04-30,HON,Honeywell Int'l Inc.,Industrials,Capital Goods,Industrial Conglomerates,Industrial Conglomerates,951876743,2020-04-19T10:16:03Z,https://en.wikipedia.org/w/index.php?oldid=951876743,matched_gics
2020-04-30,JD,"JD.com, Inc.",,,,,,,,missing_gics
2020-04-30,JNJ,Johnson & Johnson,Health Care,"Pharmaceuticals, Biotechnology & Life Sciences",Pharmaceuticals,Pharmaceuticals,951876743,2020-04-19T10:16:03Z,https://en.wikipedia.org/w/index.php?oldid=951876743,matched_gics
2020-04-30,JPM,JPMorgan Chase & Co.,Financials,Banks,Banks,Diversified Banks,951876743,2020-04-19T10:16:03Z,https://en.wikipedia.org/w/index.php?oldid=951876743,matched_gics
2020-04-30,KO,Coca-Cola Company,Consumer Staples,"Food, Beverage & Tobacco",Beverages,Soft Drinks,951876743,2020-04-19T10:16:03Z,https://en.wikipedia.org/w/index.php?oldid=951876743,matched_gics
2020-04-30,LLY,Lilly (Eli) & Co.,Health Care,"Pharmaceuticals, Biotechnology & Life Sciences",Pharmaceuticals,Pharmaceuticals,951876743,2020-04-19T10:16:03Z,https://en.wikipedia.org/w/index.php?oldid=951876743,matched_gics
2020-04-30,LOW,Lowe's Cos.,Consumer Discretionary,Retailing,Specialty Retail,Home Improvement Retail,951876743,2020-04-19T10:16:03Z,https://en.wikipedia.org/w/index.php?oldid=951876743,matched_gics
2020-04-30,MA,Mastercard Inc.,Information Technology,Software & Services,IT Services,Data Processing & Outsourced Services,951876743,2020-04-19T10:16:03Z,https://en.wikipedia.org/w/index.php?oldid=951876743,matched_gics
2020-04-30,MCD,McDonald's Corp.,Consumer Discretionary,Consumer Services,"Hotels, Restaurants & Leisure",Restaurants,951876743,2020-04-19T10:16:03Z,https://en.wikipedia.org/w/index.php?oldid=951876743,matched_gics
2020-04-30,MMM,3M Company,Industrials,Capital Goods,Industrial Conglomerates,Industrial Conglomerates,951876743,2020-04-19T10:16:03Z,https://en.wikipedia.org/w/index.php?oldid=951876743,matched_gics
2020-04-30,MS,Morgan Stanley,Financials,Diversified Financials,Capital Markets,Investment Banking & Brokerage,951876743,2020-04-19T10:16:03Z,https://en.wikipedia.org/w/index.php?oldid=951876743,matched_gics
2020-04-30,MSFT,Microsoft Corp.,Information Technology,Software & Services,Software,Systems Software,951876743,2020-04-19T10:16:03Z,https://en.wikipedia.org/w/index.php?oldid=951876743,matched_gics
2020-04-30,NEE,NextEra Energy,Utilities,Utilities,Multi-Utilities,Multi-Utilities,951876743,2020-04-19T10:16:03Z,https://en.wikipedia.org/w/index.php?oldid=951876743,matched_gics
2020-04-30,NEM,Newmont Corporation,Materials,Materials,Metals & Mining,Gold,951876743,2020-04-19T10:16:03Z,https://en.wikipedia.org/w/index.php?oldid=951876743,matched_gics
2020-04-30,NFLX,Netflix Inc.,Communication Services,Media & Entertainment,Entertainment,Movies & Entertainment,951876743,2020-04-19T10:16:03Z,https://en.wikipedia.org/w/index.php?oldid=951876743,matched_gics
2020-04-30,NGG,National Grid plc,,,,,,,,missing_gics
2020-04-30,NKE,Nike,Consumer Discretionary,Consumer Durables & Apparel,"Textiles, Apparel & Luxury Goods","Apparel, Accessories & Luxury Goods",951876743,2020-04-19T10:16:03Z,https://en.wikipedia.org/w/index.php?oldid=951876743,matched_gics
2020-04-30,NVDA,Nvidia Corporation,Information Technology,Semiconductors & Semiconductor Equipment,Semiconductors & Semiconductor Equipment,Semiconductors,951876743,2020-04-19T10:16:03Z,https://en.wikipedia.org/w/index.php?oldid=951876743,matched_gics
2020-04-30,NVO,Novo Nordisk A/S,,,,,,,,missing_gics
2020-04-30,NVS,Novartis AG,,,,,,,,missing_gics
2020-04-30,O,Realty Income Corporation,Real Estate,Real Estate,Equity Real Estate Investment Trusts (REITs),Retail REITs,951876743,2020-04-19T10:16:03Z,https://en.wikipedia.org/w/index.php?oldid=951876743,matched_gics
2020-04-30,ORCL,Oracle Corp.,Information Technology,Software & Services,Software,Application Software,951876743,2020-04-19T10:16:03Z,https://en.wikipedia.org/w/index.php?oldid=951876743,matched_gics
2020-04-30,PEP,PepsiCo Inc.,Consumer Staples,"Food, Beverage & Tobacco",Beverages,Soft Drinks,951876743,2020-04-19T10:16:03Z,https://en.wikipedia.org/w/index.php?oldid=951876743,matched_gics
2020-04-30,PFE,Pfizer Inc.,Health Care,"Pharmaceuticals, Biotechnology & Life Sciences",Pharmaceuticals,Pharmaceuticals,951876743,2020-04-19T10:16:03Z,https://en.wikipedia.org/w/index.php?oldid=951876743,matched_gics
2020-04-30,PG,Procter & Gamble,Consumer Staples,Household & Personal Products,Personal Products,Personal Products,951876743,2020-04-19T10:16:03Z,https://en.wikipedia.org/w/index.php?oldid=951876743,matched_gics
2020-04-30,PLD,Prologis,Real Estate,Real Estate,Equity Real Estate Investment Trusts (REITs),Industrial REITs,951876743,2020-04-19T10:16:03Z,https://en.wikipedia.org/w/index.php?oldid=951876743,matched_gics
2020-04-30,PM,Philip Morris International,Consumer Staples,"Food, Beverage & Tobacco",Tobacco,Tobacco,951876743,2020-04-19T10:16:03Z,https://en.wikipedia.org/w/index.php?oldid=951876743,matched_gics
2020-04-30,PSA,Public Storage,Real Estate,Real Estate,Equity Real Estate Investment Trusts (REITs),Specialized REITs,951876743,2020-04-19T10:16:03Z,https://en.wikipedia.org/w/index.php?oldid=951876743,matched_gics
2020-04-30,PTR,PetroChina Company Limited,,,,,,,,missing_gics
2020-04-30,PYPL,PayPal,Information Technology,Software & Services,IT Services,Data Processing & Outsourced Services,951876743,2020-04-19T10:16:03Z,https://en.wikipedia.org/w/index.php?oldid=951876743,matched_gics
2020-04-30,RDS-B,Royal Dutch Shell plc,,,,,,,,missing_gics
2020-04-30,RIO,Rio Tinto Group,,,,,,,,missing_gics
2020-04-30,RTX,Raytheon Technologies,Industrials,Capital Goods,Aerospace & Defense,Aerospace & Defense,951876743,2020-04-19T10:16:03Z,https://en.wikipedia.org/w/index.php?oldid=951876743,matched_gics
2020-04-30,SBAC,SBA Communications,Real Estate,Real Estate,Equity Real Estate Investment Trusts (REITs),Specialized REITs,951876743,2020-04-19T10:16:03Z,https://en.wikipedia.org/w/index.php?oldid=951876743,matched_gics
2020-04-30,SBUX,Starbucks Corp.,Consumer Discretionary,Consumer Services,"Hotels, Restaurants & Leisure",Restaurants,951876743,2020-04-19T10:16:03Z,https://en.wikipedia.org/w/index.php?oldid=951876743,matched_gics
2020-04-30,SCHW,Charles Schwab Corporation,Financials,Diversified Financials,Capital Markets,Investment Banking & Brokerage,951876743,2020-04-19T10:16:03Z,https://en.wikipedia.org/w/index.php?oldid=951876743,matched_gics
2020-04-30,SHW,Sherwin-Williams,Materials,Materials,Chemicals,Specialty Chemicals,951876743,2020-04-19T10:16:03Z,https://en.wikipedia.org/w/index.php?oldid=951876743,matched_gics
2020-04-30,SNAP,Snap Inc.,,,,,,,,missing_gics
2020-04-30,SNP,China Petroleum & Chemical Corporation,,,,,,,,missing_gics
2020-04-30,SO,Southern Company,Utilities,Utilities,Electric Utilities,Electric Utilities,951876743,2020-04-19T10:16:03Z,https://en.wikipedia.org/w/index.php?oldid=951876743,matched_gics
2020-04-30,SPG-PJ,"Simon Property Group, Inc.",,,,,,,,missing_gics
2020-04-30,SRE,Sempra Energy,Utilities,Utilities,Multi-Utilities,Multi-Utilities,951876743,2020-04-19T10:16:03Z,https://en.wikipedia.org/w/index.php?oldid=951876743,matched_gics
2020-04-30,T,AT&T Inc.,Communication Services,Telecommunication Services,Diversified Telecommunication Services,Integrated Telecommunication Services,951876743,2020-04-19T10:16:03Z,https://en.wikipedia.org/w/index.php?oldid=951876743,matched_gics
2020-04-30,TGT,Target Corp.,Consumer Discretionary,Retailing,Multiline Retail,General Merchandise Stores,951876743,2020-04-19T10:16:03Z,https://en.wikipedia.org/w/index.php?oldid=951876743,matched_gics
2020-04-30,TM,Toyota Motor Corporation,,,,,,,,missing_gics
2020-04-30,TMO,Thermo Fisher Scientific,Health Care,"Pharmaceuticals, Biotechnology & Life Sciences",Life Sciences Tools & Services,Life Sciences Tools & Services,951876743,2020-04-19T10:16:03Z,https://en.wikipedia.org/w/index.php?oldid=951876743,matched_gics
2020-04-30,TMUS,T-Mobile US,Communication Services,Telecommunication Services,Wireless Telecommunication Services,Wireless Telecommunication Services,951876743,2020-04-19T10:16:03Z,https://en.wikipedia.org/w/index.php?oldid=951876743,matched_gics
2020-04-30,TSLA,"Tesla, Inc.",,,,,,,,missing_gics
2020-04-30,TSM,Taiwan Semiconductor Manufacturing Company Limited,,,,,,,,missing_gics
2020-04-30,TTE,TotalEnergies SE,,,,,,,,missing_gics
2020-04-30,UL,Unilever PLC,,,,,,,,missing_gics
2020-04-30,UNH,United Health Group Inc.,Health Care,Health Care Equipment & Services,Health Care Providers & Services,Managed Health Care,951876743,2020-04-19T10:16:03Z,https://en.wikipedia.org/w/index.php?oldid=951876743,matched_gics
2020-04-30,UNP,Union Pacific Corp,Industrials,Transportation,Road & Rail,Railroads,951876743,2020-04-19T10:16:03Z,https://en.wikipedia.org/w/index.php?oldid=951876743,matched_gics
2020-04-30,UPS,United Parcel Service,Industrials,Transportation,Air Freight & Logistics,Air Freight & Logistics,951876743,2020-04-19T10:16:03Z,https://en.wikipedia.org/w/index.php?oldid=951876743,matched_gics
2020-04-30,V,Visa Inc.,Information Technology,Software & Services,IT Services,Data Processing & Outsourced Services,951876743,2020-04-19T10:16:03Z,https://en.wikipedia.org/w/index.php?oldid=951876743,matched_gics
2020-04-30,VALE,Vale S.A.,,,,,,,,missing_gics
2020-04-30,VZ,Verizon Communications,Communication Services,Telecommunication Services,Diversified Telecommunication Services,Integrated Telecommunication Services,951876743,2020-04-19T10:16:03Z,https://en.wikipedia.org/w/index.php?oldid=951876743,matched_gics
2020-04-30,WELL,Welltower Inc.,Real Estate,Real Estate,Equity Real Estate Investment Trusts (REITs),Health Care REITs,951876743,2020-04-19T10:16:03Z,https://en.wikipedia.org/w/index.php?oldid=951876743,matched_gics
2020-04-30,WFC-PL,Wells Fargo & Company,,,,,,,,missing_gics
2020-04-30,WMT,Walmart,Consumer Staples,Food & Staples Retailing,Food & Staples Retailing,Hypermarkets & Super Centers,951876743,2020-04-19T10:16:03Z,https://en.wikipedia.org/w/index.php?oldid=951876743,matched_gics
2020-04-30,XEL,Xcel Energy Inc,Utilities,Utilities,Multi-Utilities,Multi-Utilities,951876743,2020-04-19T10:16:03Z,https://en.wikipedia.org/w/index.php?oldid=951876743,matched_gics
2020-04-30,XOM,Exxon Mobil Corp.,Energy,Energy,"Oil, Gas & Consumable Fuels",Integrated Oil & Gas,951876743,2020-04-19T10:16:03Z,https://en.wikipedia.org/w/index.php?oldid=951876743,matched_gics
2020-05-31,AAPL,Apple Inc.,Information Technology,Technology Hardware & Equipment,"Technology Hardware, Storage & Peripherals","Technology Hardware, Storage & Peripherals",959337467,2020-05-28T08:43:16Z,https://en.wikipedia.org/w/index.php?oldid=959337467,matched_gics
2020-05-31,ABBV,AbbVie Inc.,Health Care,"Pharmaceuticals, Biotechnology & Life Sciences",Pharmaceuticals,Pharmaceuticals,959337467,2020-05-28T08:43:16Z,https://en.wikipedia.org/w/index.php?oldid=959337467,matched_gics
2020-05-31,ABT,Abbott Laboratories,Health Care,Health Care Equipment & Services,Health Care Equipment & Supplies,Health Care Equipment,959337467,2020-05-28T08:43:16Z,https://en.wikipedia.org/w/index.php?oldid=959337467,matched_gics
2020-05-31,ACN,Accenture plc,Information Technology,Software & Services,IT Services,IT Consulting & Other Services,959337467,2020-05-28T08:43:16Z,https://en.wikipedia.org/w/index.php?oldid=959337467,matched_gics
2020-05-31,ADBE,Adobe Inc.,Information Technology,Software & Services,Software,Application Software,959337467,2020-05-28T08:43:16Z,https://en.wikipedia.org/w/index.php?oldid=959337467,matched_gics
2020-05-31,ADP,Automatic Data Processing,Information Technology,Software & Services,IT Services,Internet Services & Infrastructure,959337467,2020-05-28T08:43:16Z,https://en.wikipedia.org/w/index.php?oldid=959337467,matched_gics
2020-05-31,AEP,American Electric Power,Utilities,Utilities,Electric Utilities,Electric Utilities,959337467,2020-05-28T08:43:16Z,https://en.wikipedia.org/w/index.php?oldid=959337467,matched_gics
2020-05-31,AMT,American Tower Corp.,Real Estate,Real Estate,Equity Real Estate Investment Trusts (REITs),Specialized REITs,959337467,2020-05-28T08:43:16Z,https://en.wikipedia.org/w/index.php?oldid=959337467,matched_gics
2020-05-31,AMZN,Amazon.com Inc.,Consumer Discretionary,Retailing,Internet & Direct Marketing Retail,Internet & Direct Marketing Retail,959337467,2020-05-28T08:43:16Z,https://en.wikipedia.org/w/index.php?oldid=959337467,matched_gics
2020-05-31,APD,Air Products & Chemicals Inc,Materials,Materials,Chemicals,Industrial Gases,959337467,2020-05-28T08:43:16Z,https://en.wikipedia.org/w/index.php?oldid=959337467,matched_gics
2020-05-31,ASML,ASML Holding N.V.,,,,,,,,missing_gics
2020-05-31,AVGO,Broadcom Inc.,Information Technology,Semiconductors & Semiconductor Equipment,Semiconductors & Semiconductor Equipment,Semiconductors,959337467,2020-05-28T08:43:16Z,https://en.wikipedia.org/w/index.php?oldid=959337467,matched_gics
2020-05-31,AWK,American Water Works Company Inc,Utilities,Utilities,Water Utilities,Water Utilities,959337467,2020-05-28T08:43:16Z,https://en.wikipedia.org/w/index.php?oldid=959337467,matched_gics
2020-05-31,BA,Boeing Company,Industrials,Capital Goods,Aerospace & Defense,Aerospace & Defense,959337467,2020-05-28T08:43:16Z,https://en.wikipedia.org/w/index.php?oldid=959337467,matched_gics
2020-05-31,BABA,Alibaba Group Holding Limited,,,,,,,,missing_gics
2020-05-31,BAC,Bank of America Corp,Financials,Banks,Banks,Diversified Banks,959337467,2020-05-28T08:43:16Z,https://en.wikipedia.org/w/index.php?oldid=959337467,matched_gics
2020-05-31,BBL,BHP Group,,,,,,,,missing_gics
2020-05-31,BHP,BHP Group,,,,,,,,missing_gics
2020-05-31,BP,BP p.l.c.,,,,,,,,missing_gics
2020-05-31,BRK-A,Berkshire Hathaway Inc.,,,,,,,,missing_gics
2020-05-31,C-PJ,Citigroup Inc.,,,,,,,,missing_gics
2020-05-31,CAT,Caterpillar Inc.,Industrials,Capital Goods,Machinery,Construction Machinery & Heavy Trucks,959337467,2020-05-28T08:43:16Z,https://en.wikipedia.org/w/index.php?oldid=959337467,matched_gics
2020-05-31,CCI,Crown Castle International Corp.,Real Estate,Real Estate,Equity Real Estate Investment Trusts (REITs),Specialized REITs,959337467,2020-05-28T08:43:16Z,https://en.wikipedia.org/w/index.php?oldid=959337467,matched_gics
2020-05-31,CHTR,Charter Communications,Communication Services,Media,Media,Cable & Satellite,959337467,2020-05-28T08:43:16Z,https://en.wikipedia.org/w/index.php?oldid=959337467,matched_gics
2020-05-31,CMCSA,Comcast Corp.,Communication Services,Media,Media,Cable & Satellite,959337467,2020-05-28T08:43:16Z,https://en.wikipedia.org/w/index.php?oldid=959337467,matched_gics
2020-05-31,COP,ConocoPhillips,Energy,Energy,"Oil, Gas & Consumable Fuels",Oil & Gas Exploration & Production,959337467,2020-05-28T08:43:16Z,https://en.wikipedia.org/w/index.php?oldid=959337467,matched_gics
2020-05-31,COST,Costco Wholesale Corp.,Consumer Staples,Food & Staples Retailing,Food & Staples Retailing,Hypermarkets & Super Centers,959337467,2020-05-28T08:43:16Z,https://en.wikipedia.org/w/index.php?oldid=959337467,matched_gics
2020-05-31,CSCO,Cisco Systems,Information Technology,Technology Hardware & Equipment,Communications Equipment,Communications Equipment,959337467,2020-05-28T08:43:16Z,https://en.wikipedia.org/w/index.php?oldid=959337467,matched_gics
2020-05-31,CTA-PB,E. I. du Pont de Nemours and Company,,,,,,,,missing_gics
2020-05-31,CVX,Chevron Corp.,Energy,Energy,"Oil, Gas & Consumable Fuels",Integrated Oil & Gas,959337467,2020-05-28T08:43:16Z,https://en.wikipedia.org/w/index.php?oldid=959337467,matched_gics
2020-05-31,D,Dominion Energy,Utilities,Utilities,Electric Utilities,Electric Utilities,959337467,2020-05-28T08:43:16Z,https://en.wikipedia.org/w/index.php?oldid=959337467,matched_gics
2020-05-31,DE,Deere & Co.,Industrials,Capital Goods,Machinery,Agricultural & Farm Machinery,959337467,2020-05-28T08:43:16Z,https://en.wikipedia.org/w/index.php?oldid=959337467,matched_gics
2020-05-31,DEO,Diageo plc,,,,,,,,missing_gics
2020-05-31,DHR,Danaher Corp.,Health Care,Health Care Equipment & Services,Health Care Equipment & Supplies,Health Care Equipment,959337467,2020-05-28T08:43:16Z,https://en.wikipedia.org/w/index.php?oldid=959337467,matched_gics
2020-05-31,DIS,The Walt Disney Company,Communication Services,Media & Entertainment,Entertainment,Movies & Entertainment,959337467,2020-05-28T08:43:16Z,https://en.wikipedia.org/w/index.php?oldid=959337467,matched_gics
2020-05-31,DLR,Digital Realty Trust Inc,Real Estate,Real Estate,Equity Real Estate Investment Trusts (REITs),Specialized REITs,959337467,2020-05-28T08:43:16Z,https://en.wikipedia.org/w/index.php?oldid=959337467,matched_gics
2020-05-31,DUK,Duke Energy,Utilities,Utilities,Electric Utilities,Electric Utilities,959337467,2020-05-28T08:43:16Z,https://en.wikipedia.org/w/index.php?oldid=959337467,matched_gics
2020-05-31,ECL,Ecolab Inc.,Materials,Materials,Chemicals,Specialty Chemicals,959337467,2020-05-28T08:43:16Z,https://en.wikipedia.org/w/index.php?oldid=959337467,matched_gics
2020-05-31,EL,Estée Lauder Companies,Consumer Staples,Household & Personal Products,Personal Products,Personal Products,959337467,2020-05-28T08:43:16Z,https://en.wikipedia.org/w/index.php?oldid=959337467,matched_gics
2020-05-31,ENB,Enbridge Inc.,,,,,,,,missing_gics
2020-05-31,EQIX,Equinix,Real Estate,Real Estate,Equity Real Estate Investment Trusts (REITs),Specialized REITs,959337467,2020-05-28T08:43:16Z,https://en.wikipedia.org/w/index.php?oldid=959337467,matched_gics
2020-05-31,EQNR,Equinor ASA,,,,,,,,missing_gics
2020-05-31,EXC,Exelon Corp.,Utilities,Utilities,Multi-Utilities,Multi-Utilities,959337467,2020-05-28T08:43:16Z,https://en.wikipedia.org/w/index.php?oldid=959337467,matched_gics
2020-05-31,FB,"Facebook, Inc.",Communication Services,Media & Entertainment,Interactive Media & Services,Interactive Media & Services,959337467,2020-05-28T08:43:16Z,https://en.wikipedia.org/w/index.php?oldid=959337467,matched_gics
2020-05-31,FCX,Freeport-McMoRan Inc.,Materials,Materials,Metals & Mining,Copper,959337467,2020-05-28T08:43:16Z,https://en.wikipedia.org/w/index.php?oldid=959337467,matched_gics
2020-05-31,GE,General Electric,Industrials,Capital Goods,Industrial Conglomerates,Industrial Conglomerates,959337467,2020-05-28T08:43:16Z,https://en.wikipedia.org/w/index.php?oldid=959337467,matched_gics
2020-05-31,GOOG,Alphabet Inc. (Class C),Communication Services,Media & Entertainment,Interactive Media & Services,Interactive Media & Services,959337467,2020-05-28T08:43:16Z,https://en.wikipedia.org/w/index.php?oldid=959337467,matched_gics
2020-05-31,HD,Home Depot,Consumer Discretionary,Retailing,Specialty Retail,Home Improvement Retail,959337467,2020-05-28T08:43:16Z,https://en.wikipedia.org/w/index.php?oldid=959337467,matched_gics
2020-05-31,HON,Honeywell Int'l Inc.,Industrials,Capital Goods,Industrial Conglomerates,Industrial Conglomerates,959337467,2020-05-28T08:43:16Z,https://en.wikipedia.org/w/index.php?oldid=959337467,matched_gics
2020-05-31,JD,"JD.com, Inc.",,,,,,,,missing_gics
2020-05-31,JNJ,Johnson & Johnson,Health Care,"Pharmaceuticals, Biotechnology & Life Sciences",Pharmaceuticals,Pharmaceuticals,959337467,2020-05-28T08:43:16Z,https://en.wikipedia.org/w/index.php?oldid=959337467,matched_gics
2020-05-31,JPM,JPMorgan Chase & Co.,Financials,Banks,Banks,Diversified Banks,959337467,2020-05-28T08:43:16Z,https://en.wikipedia.org/w/index.php?oldid=959337467,matched_gics
2020-05-31,KO,Coca-Cola Company,Consumer Staples,"Food, Beverage & Tobacco",Beverages,Soft Drinks,959337467,2020-05-28T08:43:16Z,https://en.wikipedia.org/w/index.php?oldid=959337467,matched_gics
2020-05-31,LLY,Lilly (Eli) & Co.,Health Care,"Pharmaceuticals, Biotechnology & Life Sciences",Pharmaceuticals,Pharmaceuticals,959337467,2020-05-28T08:43:16Z,https://en.wikipedia.org/w/index.php?oldid=959337467,matched_gics
2020-05-31,LOW,Lowe's Cos.,Consumer Discretionary,Retailing,Specialty Retail,Home Improvement Retail,959337467,2020-05-28T08:43:16Z,https://en.wikipedia.org/w/index.php?oldid=959337467,matched_gics
2020-05-31,MA,Mastercard Inc.,Information Technology,Software & Services,IT Services,Data Processing & Outsourced Services,959337467,2020-05-28T08:43:16Z,https://en.wikipedia.org/w/index.php?oldid=959337467,matched_gics
2020-05-31,MCD,McDonald's Corp.,Consumer Discretionary,Consumer Services,"Hotels, Restaurants & Leisure",Restaurants,959337467,2020-05-28T08:43:16Z,https://en.wikipedia.org/w/index.php?oldid=959337467,matched_gics
2020-05-31,MMM,3M Company,Industrials,Capital Goods,Industrial Conglomerates,Industrial Conglomerates,959337467,2020-05-28T08:43:16Z,https://en.wikipedia.org/w/index.php?oldid=959337467,matched_gics
2020-05-31,MS,Morgan Stanley,Financials,Diversified Financials,Capital Markets,Investment Banking & Brokerage,959337467,2020-05-28T08:43:16Z,https://en.wikipedia.org/w/index.php?oldid=959337467,matched_gics
2020-05-31,MSFT,Microsoft Corp.,Information Technology,Software & Services,Software,Systems Software,959337467,2020-05-28T08:43:16Z,https://en.wikipedia.org/w/index.php?oldid=959337467,matched_gics
2020-05-31,NEE,NextEra Energy,Utilities,Utilities,Multi-Utilities,Multi-Utilities,959337467,2020-05-28T08:43:16Z,https://en.wikipedia.org/w/index.php?oldid=959337467,matched_gics
2020-05-31,NEM,Newmont Corporation,Materials,Materials,Metals & Mining,Gold,959337467,2020-05-28T08:43:16Z,https://en.wikipedia.org/w/index.php?oldid=959337467,matched_gics
2020-05-31,NFLX,Netflix Inc.,Communication Services,Media & Entertainment,Entertainment,Movies & Entertainment,959337467,2020-05-28T08:43:16Z,https://en.wikipedia.org/w/index.php?oldid=959337467,matched_gics
2020-05-31,NGG,National Grid plc,,,,,,,,missing_gics
2020-05-31,NKE,Nike,Consumer Discretionary,Consumer Durables & Apparel,"Textiles, Apparel & Luxury Goods","Apparel, Accessories & Luxury Goods",959337467,2020-05-28T08:43:16Z,https://en.wikipedia.org/w/index.php?oldid=959337467,matched_gics
2020-05-31,NVDA,Nvidia Corporation,Information Technology,Semiconductors & Semiconductor Equipment,Semiconductors & Semiconductor Equipment,Semiconductors,959337467,2020-05-28T08:43:16Z,https://en.wikipedia.org/w/index.php?oldid=959337467,matched_gics
2020-05-31,NVO,Novo Nordisk A/S,,,,,,,,missing_gics
2020-05-31,NVS,Novartis AG,,,,,,,,missing_gics
2020-05-31,O,Realty Income Corporation,Real Estate,Real Estate,Equity Real Estate Investment Trusts (REITs),Retail REITs,959337467,2020-05-28T08:43:16Z,https://en.wikipedia.org/w/index.php?oldid=959337467,matched_gics
2020-05-31,ORCL,Oracle Corp.,Information Technology,Software & Services,Software,Application Software,959337467,2020-05-28T08:43:16Z,https://en.wikipedia.org/w/index.php?oldid=959337467,matched_gics
2020-05-31,PEP,PepsiCo Inc.,Consumer Staples,"Food, Beverage & Tobacco",Beverages,Soft Drinks,959337467,2020-05-28T08:43:16Z,https://en.wikipedia.org/w/index.php?oldid=959337467,matched_gics
2020-05-31,PFE,Pfizer Inc.,Health Care,"Pharmaceuticals, Biotechnology & Life Sciences",Pharmaceuticals,Pharmaceuticals,959337467,2020-05-28T08:43:16Z,https://en.wikipedia.org/w/index.php?oldid=959337467,matched_gics
2020-05-31,PG,Procter & Gamble,Consumer Staples,Household & Personal Products,Personal Products,Personal Products,959337467,2020-05-28T08:43:16Z,https://en.wikipedia.org/w/index.php?oldid=959337467,matched_gics
2020-05-31,PLD,Prologis,Real Estate,Real Estate,Equity Real Estate Investment Trusts (REITs),Industrial REITs,959337467,2020-05-28T08:43:16Z,https://en.wikipedia.org/w/index.php?oldid=959337467,matched_gics
2020-05-31,PM,Philip Morris International,Consumer Staples,"Food, Beverage & Tobacco",Tobacco,Tobacco,959337467,2020-05-28T08:43:16Z,https://en.wikipedia.org/w/index.php?oldid=959337467,matched_gics
2020-05-31,PSA,Public Storage,Real Estate,Real Estate,Equity Real Estate Investment Trusts (REITs),Specialized REITs,959337467,2020-05-28T08:43:16Z,https://en.wikipedia.org/w/index.php?oldid=959337467,matched_gics
2020-05-31,PTR,PetroChina Company Limited,,,,,,,,missing_gics
2020-05-31,PYPL,PayPal,Information Technology,Software & Services,IT Services,Data Processing & Outsourced Services,959337467,2020-05-28T08:43:16Z,https://en.wikipedia.org/w/index.php?oldid=959337467,matched_gics
2020-05-31,RDS-B,Royal Dutch Shell plc,,,,,,,,missing_gics
2020-05-31,RIO,Rio Tinto Group,,,,,,,,missing_gics
2020-05-31,RTX,Raytheon Technologies,Industrials,Capital Goods,Aerospace & Defense,Aerospace & Defense,959337467,2020-05-28T08:43:16Z,https://en.wikipedia.org/w/index.php?oldid=959337467,matched_gics
2020-05-31,SBAC,SBA Communications,Real Estate,Real Estate,Equity Real Estate Investment Trusts (REITs),Specialized REITs,959337467,2020-05-28T08:43:16Z,https://en.wikipedia.org/w/index.php?oldid=959337467,matched_gics
2020-05-31,SBUX,Starbucks Corp.,Consumer Discretionary,Consumer Services,"Hotels, Restaurants & Leisure",Restaurants,959337467,2020-05-28T08:43:16Z,https://en.wikipedia.org/w/index.php?oldid=959337467,matched_gics
2020-05-31,SCHW,Charles Schwab Corporation,Financials,Diversified Financials,Capital Markets,Investment Banking & Brokerage,959337467,2020-05-28T08:43:16Z,https://en.wikipedia.org/w/index.php?oldid=959337467,matched_gics
2020-05-31,SHW,Sherwin-Williams,Materials,Materials,Chemicals,Specialty Chemicals,959337467,2020-05-28T08:43:16Z,https://en.wikipedia.org/w/index.php?oldid=959337467,matched_gics
2020-05-31,SNAP,Snap Inc.,,,,,,,,missing_gics
2020-05-31,SNP,China Petroleum & Chemical Corporation,,,,,,,,missing_gics
2020-05-31,SO,Southern Company,Utilities,Utilities,Electric Utilities,Electric Utilities,959337467,2020-05-28T08:43:16Z,https://en.wikipedia.org/w/index.php?oldid=959337467,matched_gics
2020-05-31,SPG-PJ,"Simon Property Group, Inc.",,,,,,,,missing_gics
2020-05-31,SRE,Sempra Energy,Utilities,Utilities,Multi-Utilities,Multi-Utilities,959337467,2020-05-28T08:43:16Z,https://en.wikipedia.org/w/index.php?oldid=959337467,matched_gics
2020-05-31,T,AT&T Inc.,Communication Services,Telecommunication Services,Diversified Telecommunication Services,Integrated Telecommunication Services,959337467,2020-05-28T08:43:16Z,https://en.wikipedia.org/w/index.php?oldid=959337467,matched_gics
2020-05-31,TGT,Target Corp.,Consumer Discretionary,Retailing,Multiline Retail,General Merchandise Stores,959337467,2020-05-28T08:43:16Z,https://en.wikipedia.org/w/index.php?oldid=959337467,matched_gics
2020-05-31,TM,Toyota Motor Corporation,,,,,,,,missing_gics
2020-05-31,TMO,Thermo Fisher Scientific,Health Care,"Pharmaceuticals, Biotechnology & Life Sciences",Life Sciences Tools & Services,Life Sciences Tools & Services,959337467,2020-05-28T08:43:16Z,https://en.wikipedia.org/w/index.php?oldid=959337467,matched_gics
2020-05-31,TMUS,T-Mobile US,Communication Services,Telecommunication Services,Wireless Telecommunication Services,Wireless Telecommunication Services,959337467,2020-05-28T08:43:16Z,https://en.wikipedia.org/w/index.php?oldid=959337467,matched_gics
2020-05-31,TSLA,"Tesla, Inc.",,,,,,,,missing_gics
2020-05-31,TSM,Taiwan Semiconductor Manufacturing Company Limited,,,,,,,,missing_gics
2020-05-31,TTE,TotalEnergies SE,,,,,,,,missing_gics
2020-05-31,UL,Unilever PLC,,,,,,,,missing_gics
2020-05-31,UNH,United Health Group Inc.,Health Care,Health Care Equipment & Services,Health Care Providers & Services,Managed Health Care,959337467,2020-05-28T08:43:16Z,https://en.wikipedia.org/w/index.php?oldid=959337467,matched_gics
2020-05-31,UNP,Union Pacific Corp,Industrials,Transportation,Road & Rail,Railroads,959337467,2020-05-28T08:43:16Z,https://en.wikipedia.org/w/index.php?oldid=959337467,matched_gics
2020-05-31,UPS,United Parcel Service,Industrials,Transportation,Air Freight & Logistics,Air Freight & Logistics,959337467,2020-05-28T08:43:16Z,https://en.wikipedia.org/w/index.php?oldid=959337467,matched_gics
2020-05-31,V,Visa Inc.,Information Technology,Software & Services,IT Services,Data Processing & Outsourced Services,959337467,2020-05-28T08:43:16Z,https://en.wikipedia.org/w/index.php?oldid=959337467,matched_gics
2020-05-31,VALE,Vale S.A.,,,,,,,,missing_gics
2020-05-31,VZ,Verizon Communications,Communication Services,Telecommunication Services,Diversified Telecommunication Services,Integrated Telecommunication Services,959337467,2020-05-28T08:43:16Z,https://en.wikipedia.org/w/index.php?oldid=959337467,matched_gics
2020-05-31,WELL,Welltower Inc.,Real Estate,Real Estate,Equity Real Estate Investment Trusts (REITs),Health Care REITs,959337467,2020-05-28T08:43:16Z,https://en.wikipedia.org/w/index.php?oldid=959337467,matched_gics
2020-05-31,WFC-PL,Wells Fargo & Company,,,,,,,,missing_gics
2020-05-31,WMT,Walmart,Consumer Staples,Food & Staples Retailing,Food & Staples Retailing,Hypermarkets & Super Centers,959337467,2020-05-28T08:43:16Z,https://en.wikipedia.org/w/index.php?oldid=959337467,matched_gics
2020-05-31,XEL,Xcel Energy Inc,Utilities,Utilities,Multi-Utilities,Multi-Utilities,959337467,2020-05-28T08:43:16Z,https://en.wikipedia.org/w/index.php?oldid=959337467,matched_gics
2020-05-31,XOM,Exxon Mobil Corp.,Energy,Energy,"Oil, Gas & Consumable Fuels",Integrated Oil & Gas,959337467,2020-05-28T08:43:16Z,https://en.wikipedia.org/w/index.php?oldid=959337467,matched_gics
2020-06-30,AAPL,Apple Inc.,Information Technology,Technology Hardware & Equipment,"Technology Hardware, Storage & Peripherals","Technology Hardware, Storage & Peripherals",964964792,2020-06-28T16:52:01Z,https://en.wikipedia.org/w/index.php?oldid=964964792,matched_gics
2020-06-30,ABBV,AbbVie Inc.,Health Care,"Pharmaceuticals, Biotechnology & Life Sciences",Pharmaceuticals,Pharmaceuticals,964964792,2020-06-28T16:52:01Z,https://en.wikipedia.org/w/index.php?oldid=964964792,matched_gics
2020-06-30,ABT,Abbott Laboratories,Health Care,Health Care Equipment & Services,Health Care Equipment & Supplies,Health Care Equipment,964964792,2020-06-28T16:52:01Z,https://en.wikipedia.org/w/index.php?oldid=964964792,matched_gics
2020-06-30,ACN,Accenture plc,Information Technology,Software & Services,IT Services,IT Consulting & Other Services,964964792,2020-06-28T16:52:01Z,https://en.wikipedia.org/w/index.php?oldid=964964792,matched_gics
2020-06-30,ADBE,Adobe Inc.,Information Technology,Software & Services,Software,Application Software,964964792,2020-06-28T16:52:01Z,https://en.wikipedia.org/w/index.php?oldid=964964792,matched_gics
2020-06-30,ADP,Automatic Data Processing,Information Technology,Software & Services,IT Services,Internet Services & Infrastructure,964964792,2020-06-28T16:52:01Z,https://en.wikipedia.org/w/index.php?oldid=964964792,matched_gics
2020-06-30,AEP,American Electric Power,Utilities,Utilities,Electric Utilities,Electric Utilities,964964792,2020-06-28T16:52:01Z,https://en.wikipedia.org/w/index.php?oldid=964964792,matched_gics
2020-06-30,AMT,American Tower Corp.,Real Estate,Real Estate,Equity Real Estate Investment Trusts (REITs),Specialized REITs,964964792,2020-06-28T16:52:01Z,https://en.wikipedia.org/w/index.php?oldid=964964792,matched_gics
2020-06-30,AMZN,Amazon.com Inc.,Consumer Discretionary,Retailing,Internet & Direct Marketing Retail,Internet & Direct Marketing Retail,964964792,2020-06-28T16:52:01Z,https://en.wikipedia.org/w/index.php?oldid=964964792,matched_gics
2020-06-30,APD,Air Products & Chemicals Inc,Materials,Materials,Chemicals,Industrial Gases,964964792,2020-06-28T16:52:01Z,https://en.wikipedia.org/w/index.php?oldid=964964792,matched_gics
2020-06-30,ASML,ASML Holding N.V.,,,,,,,,missing_gics
2020-06-30,AVGO,Broadcom Inc.,Information Technology,Semiconductors & Semiconductor Equipment,Semiconductors & Semiconductor Equipment,Semiconductors,964964792,2020-06-28T16:52:01Z,https://en.wikipedia.org/w/index.php?oldid=964964792,matched_gics
2020-06-30,AWK,American Water Works Company Inc,Utilities,Utilities,Water Utilities,Water Utilities,964964792,2020-06-28T16:52:01Z,https://en.wikipedia.org/w/index.php?oldid=964964792,matched_gics
2020-06-30,BA,Boeing Company,Industrials,Capital Goods,Aerospace & Defense,Aerospace & Defense,964964792,2020-06-28T16:52:01Z,https://en.wikipedia.org/w/index.php?oldid=964964792,matched_gics
2020-06-30,BABA,Alibaba Group Holding Limited,,,,,,,,missing_gics
2020-06-30,BAC,Bank of America Corp,Financials,Banks,Banks,Diversified Banks,964964792,2020-06-28T16:52:01Z,https://en.wikipedia.org/w/index.php?oldid=964964792,matched_gics
2020-06-30,BBL,BHP Group,,,,,,,,missing_gics
2020-06-30,BHP,BHP Group,,,,,,,,missing_gics
2020-06-30,BP,BP p.l.c.,,,,,,,,missing_gics
2020-06-30,BRK-A,Berkshire Hathaway Inc.,,,,,,,,missing_gics
2020-06-30,C-PJ,Citigroup Inc.,,,,,,,,missing_gics
2020-06-30,CAT,Caterpillar Inc.,Industrials,Capital Goods,Machinery,Construction Machinery & Heavy Trucks,964964792,2020-06-28T16:52:01Z,https://en.wikipedia.org/w/index.php?oldid=964964792,matched_gics
2020-06-30,CCI,Crown Castle International Corp.,Real Estate,Real Estate,Equity Real Estate Investment Trusts (REITs),Specialized REITs,964964792,2020-06-28T16:52:01Z,https://en.wikipedia.org/w/index.php?oldid=964964792,matched_gics
2020-06-30,CHTR,Charter Communications,Communication Services,Media,Media,Cable & Satellite,964964792,2020-06-28T16:52:01Z,https://en.wikipedia.org/w/index.php?oldid=964964792,matched_gics
2020-06-30,CMCSA,Comcast Corp.,Communication Services,Media,Media,Cable & Satellite,964964792,2020-06-28T16:52:01Z,https://en.wikipedia.org/w/index.php?oldid=964964792,matched_gics
2020-06-30,COP,ConocoPhillips,Energy,Energy,"Oil, Gas & Consumable Fuels",Oil & Gas Exploration & Production,964964792,2020-06-28T16:52:01Z,https://en.wikipedia.org/w/index.php?oldid=964964792,matched_gics
2020-06-30,COST,Costco Wholesale Corp.,Consumer Staples,Food & Staples Retailing,Food & Staples Retailing,Hypermarkets & Super Centers,964964792,2020-06-28T16:52:01Z,https://en.wikipedia.org/w/index.php?oldid=964964792,matched_gics
2020-06-30,CSCO,Cisco Systems,Information Technology,Technology Hardware & Equipment,Communications Equipment,Communications Equipment,964964792,2020-06-28T16:52:01Z,https://en.wikipedia.org/w/index.php?oldid=964964792,matched_gics
2020-06-30,CTA-PB,E. I. du Pont de Nemours and Company,,,,,,,,missing_gics
2020-06-30,CVX,Chevron Corp.,Energy,Energy,"Oil, Gas & Consumable Fuels",Integrated Oil & Gas,964964792,2020-06-28T16:52:01Z,https://en.wikipedia.org/w/index.php?oldid=964964792,matched_gics
2020-06-30,D,Dominion Energy,Utilities,Utilities,Electric Utilities,Electric Utilities,964964792,2020-06-28T16:52:01Z,https://en.wikipedia.org/w/index.php?oldid=964964792,matched_gics
2020-06-30,DE,Deere & Co.,Industrials,Capital Goods,Machinery,Agricultural & Farm Machinery,964964792,2020-06-28T16:52:01Z,https://en.wikipedia.org/w/index.php?oldid=964964792,matched_gics
2020-06-30,DEO,Diageo plc,,,,,,,,missing_gics
2020-06-30,DHR,Danaher Corp.,Health Care,Health Care Equipment & Services,Health Care Equipment & Supplies,Health Care Equipment,964964792,2020-06-28T16:52:01Z,https://en.wikipedia.org/w/index.php?oldid=964964792,matched_gics
2020-06-30,DIS,The Walt Disney Company,Communication Services,Media & Entertainment,Entertainment,Movies & Entertainment,964964792,2020-06-28T16:52:01Z,https://en.wikipedia.org/w/index.php?oldid=964964792,matched_gics
2020-06-30,DLR,Digital Realty Trust Inc,Real Estate,Real Estate,Equity Real Estate Investment Trusts (REITs),Specialized REITs,964964792,2020-06-28T16:52:01Z,https://en.wikipedia.org/w/index.php?oldid=964964792,matched_gics
2020-06-30,DUK,Duke Energy,Utilities,Utilities,Electric Utilities,Electric Utilities,964964792,2020-06-28T16:52:01Z,https://en.wikipedia.org/w/index.php?oldid=964964792,matched_gics
2020-06-30,ECL,Ecolab Inc.,Materials,Materials,Chemicals,Specialty Chemicals,964964792,2020-06-28T16:52:01Z,https://en.wikipedia.org/w/index.php?oldid=964964792,matched_gics
2020-06-30,EL,Estée Lauder Companies,Consumer Staples,Household & Personal Products,Personal Products,Personal Products,964964792,2020-06-28T16:52:01Z,https://en.wikipedia.org/w/index.php?oldid=964964792,matched_gics
2020-06-30,ENB,Enbridge Inc.,,,,,,,,missing_gics
2020-06-30,EQIX,Equinix,Real Estate,Real Estate,Equity Real Estate Investment Trusts (REITs),Specialized REITs,964964792,2020-06-28T16:52:01Z,https://en.wikipedia.org/w/index.php?oldid=964964792,matched_gics
2020-06-30,EQNR,Equinor ASA,,,,,,,,missing_gics
2020-06-30,EXC,Exelon Corp.,Utilities,Utilities,Multi-Utilities,Multi-Utilities,964964792,2020-06-28T16:52:01Z,https://en.wikipedia.org/w/index.php?oldid=964964792,matched_gics
2020-06-30,FB,"Facebook, Inc.",Communication Services,Media & Entertainment,Interactive Media & Services,Interactive Media & Services,964964792,2020-06-28T16:52:01Z,https://en.wikipedia.org/w/index.php?oldid=964964792,matched_gics
2020-06-30,FCX,Freeport-McMoRan Inc.,Materials,Materials,Metals & Mining,Copper,964964792,2020-06-28T16:52:01Z,https://en.wikipedia.org/w/index.php?oldid=964964792,matched_gics
2020-06-30,GE,General Electric,Industrials,Capital Goods,Industrial Conglomerates,Industrial Conglomerates,964964792,2020-06-28T16:52:01Z,https://en.wikipedia.org/w/index.php?oldid=964964792,matched_gics
2020-06-30,GOOG,Alphabet Inc. (Class C),Communication Services,Media & Entertainment,Interactive Media & Services,Interactive Media & Services,964964792,2020-06-28T16:52:01Z,https://en.wikipedia.org/w/index.php?oldid=964964792,matched_gics
2020-06-30,HD,Home Depot,Consumer Discretionary,Retailing,Specialty Retail,Home Improvement Retail,964964792,2020-06-28T16:52:01Z,https://en.wikipedia.org/w/index.php?oldid=964964792,matched_gics
2020-06-30,HON,Honeywell Int'l Inc.,Industrials,Capital Goods,Industrial Conglomerates,Industrial Conglomerates,964964792,2020-06-28T16:52:01Z,https://en.wikipedia.org/w/index.php?oldid=964964792,matched_gics
2020-06-30,JD,"JD.com, Inc.",,,,,,,,missing_gics
2020-06-30,JNJ,Johnson & Johnson,Health Care,"Pharmaceuticals, Biotechnology & Life Sciences",Pharmaceuticals,Pharmaceuticals,964964792,2020-06-28T16:52:01Z,https://en.wikipedia.org/w/index.php?oldid=964964792,matched_gics
2020-06-30,JPM,JPMorgan Chase & Co.,Financials,Banks,Banks,Diversified Banks,964964792,2020-06-28T16:52:01Z,https://en.wikipedia.org/w/index.php?oldid=964964792,matched_gics
2020-06-30,KO,Coca-Cola Company,Consumer Staples,"Food, Beverage & Tobacco",Beverages,Soft Drinks,964964792,2020-06-28T16:52:01Z,https://en.wikipedia.org/w/index.php?oldid=964964792,matched_gics
2020-06-30,LLY,Lilly (Eli) & Co.,Health Care,"Pharmaceuticals, Biotechnology & Life Sciences",Pharmaceuticals,Pharmaceuticals,964964792,2020-06-28T16:52:01Z,https://en.wikipedia.org/w/index.php?oldid=964964792,matched_gics
2020-06-30,LOW,Lowe's Cos.,Consumer Discretionary,Retailing,Specialty Retail,Home Improvement Retail,964964792,2020-06-28T16:52:01Z,https://en.wikipedia.org/w/index.php?oldid=964964792,matched_gics
2020-06-30,MA,Mastercard Inc.,Information Technology,Software & Services,IT Services,Data Processing & Outsourced Services,964964792,2020-06-28T16:52:01Z,https://en.wikipedia.org/w/index.php?oldid=964964792,matched_gics
2020-06-30,MCD,McDonald's Corp.,Consumer Discretionary,Consumer Services,"Hotels, Restaurants & Leisure",Restaurants,964964792,2020-06-28T16:52:01Z,https://en.wikipedia.org/w/index.php?oldid=964964792,matched_gics
2020-06-30,MMM,3M Company,Industrials,Capital Goods,Industrial Conglomerates,Industrial Conglomerates,964964792,2020-06-28T16:52:01Z,https://en.wikipedia.org/w/index.php?oldid=964964792,matched_gics
2020-06-30,MS,Morgan Stanley,Financials,Diversified Financials,Capital Markets,Investment Banking & Brokerage,964964792,2020-06-28T16:52:01Z,https://en.wikipedia.org/w/index.php?oldid=964964792,matched_gics
2020-06-30,MSFT,Microsoft Corp.,Information Technology,Software & Services,Software,Systems Software,964964792,2020-06-28T16:52:01Z,https://en.wikipedia.org/w/index.php?oldid=964964792,matched_gics
2020-06-30,NEE,NextEra Energy,Utilities,Utilities,Multi-Utilities,Multi-Utilities,964964792,2020-06-28T16:52:01Z,https://en.wikipedia.org/w/index.php?oldid=964964792,matched_gics
2020-06-30,NEM,Newmont Corporation,Materials,Materials,Metals & Mining,Gold,964964792,2020-06-28T16:52:01Z,https://en.wikipedia.org/w/index.php?oldid=964964792,matched_gics
2020-06-30,NFLX,Netflix Inc.,Communication Services,Media & Entertainment,Entertainment,Movies & Entertainment,964964792,2020-06-28T16:52:01Z,https://en.wikipedia.org/w/index.php?oldid=964964792,matched_gics
2020-06-30,NGG,National Grid plc,,,,,,,,missing_gics
2020-06-30,NKE,Nike,Consumer Discretionary,Consumer Durables & Apparel,"Textiles, Apparel & Luxury Goods","Apparel, Accessories & Luxury Goods",964964792,2020-06-28T16:52:01Z,https://en.wikipedia.org/w/index.php?oldid=964964792,matched_gics
2020-06-30,NVDA,Nvidia Corporation,Information Technology,Semiconductors & Semiconductor Equipment,Semiconductors & Semiconductor Equipment,Semiconductors,964964792,2020-06-28T16:52:01Z,https://en.wikipedia.org/w/index.php?oldid=964964792,matched_gics
2020-06-30,NVO,Novo Nordisk A/S,,,,,,,,missing_gics
2020-06-30,NVS,Novartis AG,,,,,,,,missing_gics
2020-06-30,O,Realty Income Corporation,Real Estate,Real Estate,Equity Real Estate Investment Trusts (REITs),Retail REITs,964964792,2020-06-28T16:52:01Z,https://en.wikipedia.org/w/index.php?oldid=964964792,matched_gics
2020-06-30,ORCL,Oracle Corp.,Information Technology,Software & Services,Software,Application Software,964964792,2020-06-28T16:52:01Z,https://en.wikipedia.org/w/index.php?oldid=964964792,matched_gics
2020-06-30,PEP,PepsiCo Inc.,Consumer Staples,"Food, Beverage & Tobacco",Beverages,Soft Drinks,964964792,2020-06-28T16:52:01Z,https://en.wikipedia.org/w/index.php?oldid=964964792,matched_gics
2020-06-30,PFE,Pfizer Inc.,Health Care,"Pharmaceuticals, Biotechnology & Life Sciences",Pharmaceuticals,Pharmaceuticals,964964792,2020-06-28T16:52:01Z,https://en.wikipedia.org/w/index.php?oldid=964964792,matched_gics
2020-06-30,PG,Procter & Gamble,Consumer Staples,Household & Personal Products,Personal Products,Personal Products,964964792,2020-06-28T16:52:01Z,https://en.wikipedia.org/w/index.php?oldid=964964792,matched_gics
2020-06-30,PLD,Prologis,Real Estate,Real Estate,Equity Real Estate Investment Trusts (REITs),Industrial REITs,964964792,2020-06-28T16:52:01Z,https://en.wikipedia.org/w/index.php?oldid=964964792,matched_gics
2020-06-30,PM,Philip Morris International,Consumer Staples,"Food, Beverage & Tobacco",Tobacco,Tobacco,964964792,2020-06-28T16:52:01Z,https://en.wikipedia.org/w/index.php?oldid=964964792,matched_gics
2020-06-30,PSA,Public Storage,Real Estate,Real Estate,Equity Real Estate Investment Trusts (REITs),Specialized REITs,964964792,2020-06-28T16:52:01Z,https://en.wikipedia.org/w/index.php?oldid=964964792,matched_gics
2020-06-30,PTR,PetroChina Company Limited,,,,,,,,missing_gics
2020-06-30,PYPL,PayPal,Information Technology,Software & Services,IT Services,Data Processing & Outsourced Services,964964792,2020-06-28T16:52:01Z,https://en.wikipedia.org/w/index.php?oldid=964964792,matched_gics
2020-06-30,RDS-B,Royal Dutch Shell plc,,,,,,,,missing_gics
2020-06-30,RIO,Rio Tinto Group,,,,,,,,missing_gics
2020-06-30,RTX,Raytheon Technologies,Industrials,Capital Goods,Aerospace & Defense,Aerospace & Defense,964964792,2020-06-28T16:52:01Z,https://en.wikipedia.org/w/index.php?oldid=964964792,matched_gics
2020-06-30,SBAC,SBA Communications,Real Estate,Real Estate,Equity Real Estate Investment Trusts (REITs),Specialized REITs,964964792,2020-06-28T16:52:01Z,https://en.wikipedia.org/w/index.php?oldid=964964792,matched_gics
2020-06-30,SBUX,Starbucks Corp.,Consumer Discretionary,Consumer Services,"Hotels, Restaurants & Leisure",Restaurants,964964792,2020-06-28T16:52:01Z,https://en.wikipedia.org/w/index.php?oldid=964964792,matched_gics
2020-06-30,SCHW,Charles Schwab Corporation,Financials,Diversified Financials,Capital Markets,Investment Banking & Brokerage,964964792,2020-06-28T16:52:01Z,https://en.wikipedia.org/w/index.php?oldid=964964792,matched_gics
2020-06-30,SHW,Sherwin-Williams,Materials,Materials,Chemicals,Specialty Chemicals,964964792,2020-06-28T16:52:01Z,https://en.wikipedia.org/w/index.php?oldid=964964792,matched_gics
2020-06-30,SNAP,Snap Inc.,,,,,,,,missing_gics
2020-06-30,SNP,China Petroleum & Chemical Corporation,,,,,,,,missing_gics
2020-06-30,SO,Southern Company,Utilities,Utilities,Electric Utilities,Electric Utilities,964964792,2020-06-28T16:52:01Z,https://en.wikipedia.org/w/index.php?oldid=964964792,matched_gics
2020-06-30,SPG-PJ,"Simon Property Group, Inc.",,,,,,,,missing_gics
2020-06-30,SRE,Sempra Energy,Utilities,Utilities,Multi-Utilities,Multi-Utilities,964964792,2020-06-28T16:52:01Z,https://en.wikipedia.org/w/index.php?oldid=964964792,matched_gics
2020-06-30,T,AT&T Inc.,Communication Services,Telecommunication Services,Diversified Telecommunication Services,Integrated Telecommunication Services,964964792,2020-06-28T16:52:01Z,https://en.wikipedia.org/w/index.php?oldid=964964792,matched_gics
2020-06-30,TGT,Target Corp.,Consumer Discretionary,Retailing,Multiline Retail,General Merchandise Stores,964964792,2020-06-28T16:52:01Z,https://en.wikipedia.org/w/index.php?oldid=964964792,matched_gics
2020-06-30,TM,Toyota Motor Corporation,,,,,,,,missing_gics
2020-06-30,TMO,Thermo Fisher Scientific,Health Care,"Pharmaceuticals, Biotechnology & Life Sciences",Life Sciences Tools & Services,Life Sciences Tools & Services,964964792,2020-06-28T16:52:01Z,https://en.wikipedia.org/w/index.php?oldid=964964792,matched_gics
2020-06-30,TMUS,T-Mobile US,Communication Services,Telecommunication Services,Wireless Telecommunication Services,Wireless Telecommunication Services,964964792,2020-06-28T16:52:01Z,https://en.wikipedia.org/w/index.php?oldid=964964792,matched_gics
2020-06-30,TSLA,"Tesla, Inc.",,,,,,,,missing_gics
2020-06-30,TSM,Taiwan Semiconductor Manufacturing Company Limited,,,,,,,,missing_gics
2020-06-30,TTE,TotalEnergies SE,,,,,,,,missing_gics
2020-06-30,UL,Unilever PLC,,,,,,,,missing_gics
2020-06-30,UNH,United Health Group Inc.,Health Care,Health Care Equipment & Services,Health Care Providers & Services,Managed Health Care,964964792,2020-06-28T16:52:01Z,https://en.wikipedia.org/w/index.php?oldid=964964792,matched_gics
2020-06-30,UNP,Union Pacific Corp,Industrials,Transportation,Road & Rail,Railroads,964964792,2020-06-28T16:52:01Z,https://en.wikipedia.org/w/index.php?oldid=964964792,matched_gics
2020-06-30,UPS,United Parcel Service,Industrials,Transportation,Air Freight & Logistics,Air Freight & Logistics,964964792,2020-06-28T16:52:01Z,https://en.wikipedia.org/w/index.php?oldid=964964792,matched_gics
2020-06-30,V,Visa Inc.,Information Technology,Software & Services,IT Services,Data Processing & Outsourced Services,964964792,2020-06-28T16:52:01Z,https://en.wikipedia.org/w/index.php?oldid=964964792,matched_gics
2020-06-30,VALE,Vale S.A.,,,,,,,,missing_gics
2020-06-30,VZ,Verizon Communications,Communication Services,Telecommunication Services,Diversified Telecommunication Services,Integrated Telecommunication Services,964964792,2020-06-28T16:52:01Z,https://en.wikipedia.org/w/index.php?oldid=964964792,matched_gics
2020-06-30,WELL,Welltower Inc.,Real Estate,Real Estate,Equity Real Estate Investment Trusts (REITs),Health Care REITs,964964792,2020-06-28T16:52:01Z,https://en.wikipedia.org/w/index.php?oldid=964964792,matched_gics
2020-06-30,WFC-PL,Wells Fargo & Company,,,,,,,,missing_gics
2020-06-30,WMT,Walmart,Consumer Staples,Food & Staples Retailing,Food & Staples Retailing,Hypermarkets & Super Centers,964964792,2020-06-28T16:52:01Z,https://en.wikipedia.org/w/index.php?oldid=964964792,matched_gics
2020-06-30,XEL,Xcel Energy Inc,Utilities,Utilities,Multi-Utilities,Multi-Utilities,964964792,2020-06-28T16:52:01Z,https://en.wikipedia.org/w/index.php?oldid=964964792,matched_gics
2020-06-30,XOM,Exxon Mobil Corp.,Energy,Energy,"Oil, Gas & Consumable Fuels",Integrated Oil & Gas,964964792,2020-06-28T16:52:01Z,https://en.wikipedia.org/w/index.php?oldid=964964792,matched_gics
2020-07-31,AAPL,Apple Inc.,Information Technology,Technology Hardware & Equipment,"Technology Hardware, Storage & Peripherals","Technology Hardware, Storage & Peripherals",970059090,2020-07-29T00:25:04Z,https://en.wikipedia.org/w/index.php?oldid=970059090,matched_gics
2020-07-31,ABBV,AbbVie Inc.,Health Care,"Pharmaceuticals, Biotechnology & Life Sciences",Pharmaceuticals,Pharmaceuticals,970059090,2020-07-29T00:25:04Z,https://en.wikipedia.org/w/index.php?oldid=970059090,matched_gics
2020-07-31,ABT,Abbott Laboratories,Health Care,Health Care Equipment & Services,Health Care Equipment & Supplies,Health Care Equipment,970059090,2020-07-29T00:25:04Z,https://en.wikipedia.org/w/index.php?oldid=970059090,matched_gics
2020-07-31,ACN,Accenture plc,Information Technology,Software & Services,IT Services,IT Consulting & Other Services,970059090,2020-07-29T00:25:04Z,https://en.wikipedia.org/w/index.php?oldid=970059090,matched_gics
2020-07-31,ADBE,Adobe Inc.,Information Technology,Software & Services,Software,Application Software,970059090,2020-07-29T00:25:04Z,https://en.wikipedia.org/w/index.php?oldid=970059090,matched_gics
2020-07-31,ADP,Automatic Data Processing,Information Technology,Software & Services,IT Services,Internet Services & Infrastructure,970059090,2020-07-29T00:25:04Z,https://en.wikipedia.org/w/index.php?oldid=970059090,matched_gics
2020-07-31,AEP,American Electric Power,Utilities,Utilities,Electric Utilities,Electric Utilities,970059090,2020-07-29T00:25:04Z,https://en.wikipedia.org/w/index.php?oldid=970059090,matched_gics
2020-07-31,AMT,American Tower Corp.,Real Estate,Real Estate,Equity Real Estate Investment Trusts (REITs),Specialized REITs,970059090,2020-07-29T00:25:04Z,https://en.wikipedia.org/w/index.php?oldid=970059090,matched_gics
2020-07-31,AMZN,Amazon.com Inc.,Consumer Discretionary,Retailing,Internet & Direct Marketing Retail,Internet & Direct Marketing Retail,970059090,2020-07-29T00:25:04Z,https://en.wikipedia.org/w/index.php?oldid=970059090,matched_gics
2020-07-31,APD,Air Products & Chemicals Inc,Materials,Materials,Chemicals,Industrial Gases,970059090,2020-07-29T00:25:04Z,https://en.wikipedia.org/w/index.php?oldid=970059090,matched_gics
2020-07-31,ASML,ASML Holding N.V.,,,,,,,,missing_gics
2020-07-31,AVGO,Broadcom Inc.,Information Technology,Semiconductors & Semiconductor Equipment,Semiconductors & Semiconductor Equipment,Semiconductors,970059090,2020-07-29T00:25:04Z,https://en.wikipedia.org/w/index.php?oldid=970059090,matched_gics
2020-07-31,AWK,American Water Works Company Inc,Utilities,Utilities,Water Utilities,Water Utilities,970059090,2020-07-29T00:25:04Z,https://en.wikipedia.org/w/index.php?oldid=970059090,matched_gics
2020-07-31,BA,Boeing Company,Industrials,Capital Goods,Aerospace & Defense,Aerospace & Defense,970059090,2020-07-29T00:25:04Z,https://en.wikipedia.org/w/index.php?oldid=970059090,matched_gics
2020-07-31,BABA,Alibaba Group Holding Limited,,,,,,,,missing_gics
2020-07-31,BAC,Bank of America Corp,Financials,Banks,Banks,Diversified Banks,970059090,2020-07-29T00:25:04Z,https://en.wikipedia.org/w/index.php?oldid=970059090,matched_gics
2020-07-31,BBL,BHP Group,,,,,,,,missing_gics
2020-07-31,BHP,BHP Group,,,,,,,,missing_gics
2020-07-31,BP,BP p.l.c.,,,,,,,,missing_gics
2020-07-31,BRK-A,Berkshire Hathaway Inc.,,,,,,,,missing_gics
2020-07-31,C-PJ,Citigroup Inc.,,,,,,,,missing_gics
2020-07-31,CAT,Caterpillar Inc.,Industrials,Capital Goods,Machinery,Construction Machinery & Heavy Trucks,970059090,2020-07-29T00:25:04Z,https://en.wikipedia.org/w/index.php?oldid=970059090,matched_gics
2020-07-31,CCI,Crown Castle International Corp.,Real Estate,Real Estate,Equity Real Estate Investment Trusts (REITs),Specialized REITs,970059090,2020-07-29T00:25:04Z,https://en.wikipedia.org/w/index.php?oldid=970059090,matched_gics
2020-07-31,CHTR,Charter Communications,Communication Services,Media,Media,Cable & Satellite,970059090,2020-07-29T00:25:04Z,https://en.wikipedia.org/w/index.php?oldid=970059090,matched_gics
2020-07-31,CMCSA,Comcast Corp.,Communication Services,Media,Media,Cable & Satellite,970059090,2020-07-29T00:25:04Z,https://en.wikipedia.org/w/index.php?oldid=970059090,matched_gics
2020-07-31,COP,ConocoPhillips,Energy,Energy,"Oil, Gas & Consumable Fuels",Oil & Gas Exploration & Production,970059090,2020-07-29T00:25:04Z,https://en.wikipedia.org/w/index.php?oldid=970059090,matched_gics
2020-07-31,COST,Costco Wholesale Corp.,Consumer Staples,Food & Staples Retailing,Food & Staples Retailing,Hypermarkets & Super Centers,970059090,2020-07-29T00:25:04Z,https://en.wikipedia.org/w/index.php?oldid=970059090,matched_gics
2020-07-31,CSCO,Cisco Systems,Information Technology,Technology Hardware & Equipment,Communications Equipment,Communications Equipment,970059090,2020-07-29T00:25:04Z,https://en.wikipedia.org/w/index.php?oldid=970059090,matched_gics
2020-07-31,CTA-PB,E. I. du Pont de Nemours and Company,,,,,,,,missing_gics
2020-07-31,CVX,Chevron Corp.,Energy,Energy,"Oil, Gas & Consumable Fuels",Integrated Oil & Gas,970059090,2020-07-29T00:25:04Z,https://en.wikipedia.org/w/index.php?oldid=970059090,matched_gics
2020-07-31,D,Dominion Energy,Utilities,Utilities,Electric Utilities,Electric Utilities,970059090,2020-07-29T00:25:04Z,https://en.wikipedia.org/w/index.php?oldid=970059090,matched_gics
2020-07-31,DE,Deere & Co.,Industrials,Capital Goods,Machinery,Agricultural & Farm Machinery,970059090,2020-07-29T00:25:04Z,https://en.wikipedia.org/w/index.php?oldid=970059090,matched_gics
2020-07-31,DEO,Diageo plc,,,,,,,,missing_gics
2020-07-31,DHR,Danaher Corp.,Health Care,Health Care Equipment & Services,Health Care Equipment & Supplies,Health Care Equipment,970059090,2020-07-29T00:25:04Z,https://en.wikipedia.org/w/index.php?oldid=970059090,matched_gics
2020-07-31,DIS,The Walt Disney Company,Communication Services,Media & Entertainment,Entertainment,Movies & Entertainment,970059090,2020-07-29T00:25:04Z,https://en.wikipedia.org/w/index.php?oldid=970059090,matched_gics
2020-07-31,DLR,Digital Realty Trust Inc,Real Estate,Real Estate,Equity Real Estate Investment Trusts (REITs),Specialized REITs,970059090,2020-07-29T00:25:04Z,https://en.wikipedia.org/w/index.php?oldid=970059090,matched_gics
2020-07-31,DUK,Duke Energy,Utilities,Utilities,Electric Utilities,Electric Utilities,970059090,2020-07-29T00:25:04Z,https://en.wikipedia.org/w/index.php?oldid=970059090,matched_gics
2020-07-31,ECL,Ecolab Inc.,Materials,Materials,Chemicals,Specialty Chemicals,970059090,2020-07-29T00:25:04Z,https://en.wikipedia.org/w/index.php?oldid=970059090,matched_gics
2020-07-31,EL,Estée Lauder Companies,Consumer Staples,Household & Personal Products,Personal Products,Personal Products,970059090,2020-07-29T00:25:04Z,https://en.wikipedia.org/w/index.php?oldid=970059090,matched_gics
2020-07-31,ENB,Enbridge Inc.,,,,,,,,missing_gics
2020-07-31,EQIX,Equinix,Real Estate,Real Estate,Equity Real Estate Investment Trusts (REITs),Specialized REITs,970059090,2020-07-29T00:25:04Z,https://en.wikipedia.org/w/index.php?oldid=970059090,matched_gics
2020-07-31,EQNR,Equinor ASA,,,,,,,,missing_gics
2020-07-31,EXC,Exelon Corp.,Utilities,Utilities,Multi-Utilities,Multi-Utilities,970059090,2020-07-29T00:25:04Z,https://en.wikipedia.org/w/index.php?oldid=970059090,matched_gics
2020-07-31,FB,"Facebook, Inc.",Communication Services,Media & Entertainment,Interactive Media & Services,Interactive Media & Services,970059090,2020-07-29T00:25:04Z,https://en.wikipedia.org/w/index.php?oldid=970059090,matched_gics
2020-07-31,FCX,Freeport-McMoRan Inc.,Materials,Materials,Metals & Mining,Copper,970059090,2020-07-29T00:25:04Z,https://en.wikipedia.org/w/index.php?oldid=970059090,matched_gics
2020-07-31,GE,General Electric,Industrials,Capital Goods,Industrial Conglomerates,Industrial Conglomerates,970059090,2020-07-29T00:25:04Z,https://en.wikipedia.org/w/index.php?oldid=970059090,matched_gics
2020-07-31,GOOG,Alphabet Inc. (Class C),Communication Services,Media & Entertainment,Interactive Media & Services,Interactive Media & Services,970059090,2020-07-29T00:25:04Z,https://en.wikipedia.org/w/index.php?oldid=970059090,matched_gics
2020-07-31,HD,Home Depot,Consumer Discretionary,Retailing,Specialty Retail,Home Improvement Retail,970059090,2020-07-29T00:25:04Z,https://en.wikipedia.org/w/index.php?oldid=970059090,matched_gics
2020-07-31,HON,Honeywell Int'l Inc.,Industrials,Capital Goods,Industrial Conglomerates,Industrial Conglomerates,970059090,2020-07-29T00:25:04Z,https://en.wikipedia.org/w/index.php?oldid=970059090,matched_gics
2020-07-31,JD,"JD.com, Inc.",,,,,,,,missing_gics
2020-07-31,JNJ,Johnson & Johnson,Health Care,"Pharmaceuticals, Biotechnology & Life Sciences",Pharmaceuticals,Pharmaceuticals,970059090,2020-07-29T00:25:04Z,https://en.wikipedia.org/w/index.php?oldid=970059090,matched_gics
2020-07-31,JPM,JPMorgan Chase & Co.,Financials,Banks,Banks,Diversified Banks,970059090,2020-07-29T00:25:04Z,https://en.wikipedia.org/w/index.php?oldid=970059090,matched_gics
2020-07-31,KO,Coca-Cola Company,Consumer Staples,"Food, Beverage & Tobacco",Beverages,Soft Drinks,970059090,2020-07-29T00:25:04Z,https://en.wikipedia.org/w/index.php?oldid=970059090,matched_gics
2020-07-31,LLY,Lilly (Eli) & Co.,Health Care,"Pharmaceuticals, Biotechnology & Life Sciences",Pharmaceuticals,Pharmaceuticals,970059090,2020-07-29T00:25:04Z,https://en.wikipedia.org/w/index.php?oldid=970059090,matched_gics
2020-07-31,LOW,Lowe's Cos.,Consumer Discretionary,Retailing,Specialty Retail,Home Improvement Retail,970059090,2020-07-29T00:25:04Z,https://en.wikipedia.org/w/index.php?oldid=970059090,matched_gics
2020-07-31,MA,Mastercard Inc.,Information Technology,Software & Services,IT Services,Data Processing & Outsourced Services,970059090,2020-07-29T00:25:04Z,https://en.wikipedia.org/w/index.php?oldid=970059090,matched_gics
2020-07-31,MCD,McDonald's Corp.,Consumer Discretionary,Consumer Services,"Hotels, Restaurants & Leisure",Restaurants,970059090,2020-07-29T00:25:04Z,https://en.wikipedia.org/w/index.php?oldid=970059090,matched_gics
2020-07-31,MMM,3M Company,Industrials,Capital Goods,Industrial Conglomerates,Industrial Conglomerates,970059090,2020-07-29T00:25:04Z,https://en.wikipedia.org/w/index.php?oldid=970059090,matched_gics
2020-07-31,MS,Morgan Stanley,Financials,Diversified Financials,Capital Markets,Investment Banking & Brokerage,970059090,2020-07-29T00:25:04Z,https://en.wikipedia.org/w/index.php?oldid=970059090,matched_gics
2020-07-31,MSFT,Microsoft Corp.,Information Technology,Software & Services,Software,Systems Software,970059090,2020-07-29T00:25:04Z,https://en.wikipedia.org/w/index.php?oldid=970059090,matched_gics
2020-07-31,NEE,NextEra Energy,Utilities,Utilities,Multi-Utilities,Multi-Utilities,970059090,2020-07-29T00:25:04Z,https://en.wikipedia.org/w/index.php?oldid=970059090,matched_gics
2020-07-31,NEM,Newmont Corporation,Materials,Materials,Metals & Mining,Gold,970059090,2020-07-29T00:25:04Z,https://en.wikipedia.org/w/index.php?oldid=970059090,matched_gics
2020-07-31,NFLX,Netflix Inc.,Communication Services,Media & Entertainment,Entertainment,Movies & Entertainment,970059090,2020-07-29T00:25:04Z,https://en.wikipedia.org/w/index.php?oldid=970059090,matched_gics
2020-07-31,NGG,National Grid plc,,,,,,,,missing_gics
2020-07-31,NKE,"Nike, Inc.",Consumer Discretionary,Consumer Durables & Apparel,"Textiles, Apparel & Luxury Goods","Apparel, Accessories & Luxury Goods",970059090,2020-07-29T00:25:04Z,https://en.wikipedia.org/w/index.php?oldid=970059090,matched_gics
2020-07-31,NVDA,Nvidia Corporation,Information Technology,Semiconductors & Semiconductor Equipment,Semiconductors & Semiconductor Equipment,Semiconductors,970059090,2020-07-29T00:25:04Z,https://en.wikipedia.org/w/index.php?oldid=970059090,matched_gics
2020-07-31,NVO,Novo Nordisk A/S,,,,,,,,missing_gics
2020-07-31,NVS,Novartis AG,,,,,,,,missing_gics
2020-07-31,O,Realty Income Corporation,Real Estate,Real Estate,Equity Real Estate Investment Trusts (REITs),Retail REITs,970059090,2020-07-29T00:25:04Z,https://en.wikipedia.org/w/index.php?oldid=970059090,matched_gics
2020-07-31,ORCL,Oracle Corp.,Information Technology,Software & Services,Software,Application Software,970059090,2020-07-29T00:25:04Z,https://en.wikipedia.org/w/index.php?oldid=970059090,matched_gics
2020-07-31,PEP,PepsiCo Inc.,Consumer Staples,"Food, Beverage & Tobacco",Beverages,Soft Drinks,970059090,2020-07-29T00:25:04Z,https://en.wikipedia.org/w/index.php?oldid=970059090,matched_gics
2020-07-31,PFE,Pfizer Inc.,Health Care,"Pharmaceuticals, Biotechnology & Life Sciences",Pharmaceuticals,Pharmaceuticals,970059090,2020-07-29T00:25:04Z,https://en.wikipedia.org/w/index.php?oldid=970059090,matched_gics
2020-07-31,PG,Procter & Gamble,Consumer Staples,Household & Personal Products,Personal Products,Personal Products,970059090,2020-07-29T00:25:04Z,https://en.wikipedia.org/w/index.php?oldid=970059090,matched_gics
2020-07-31,PLD,Prologis,Real Estate,Real Estate,Equity Real Estate Investment Trusts (REITs),Industrial REITs,970059090,2020-07-29T00:25:04Z,https://en.wikipedia.org/w/index.php?oldid=970059090,matched_gics
2020-07-31,PM,Philip Morris International,Consumer Staples,"Food, Beverage & Tobacco",Tobacco,Tobacco,970059090,2020-07-29T00:25:04Z,https://en.wikipedia.org/w/index.php?oldid=970059090,matched_gics
2020-07-31,PSA,Public Storage,Real Estate,Real Estate,Equity Real Estate Investment Trusts (REITs),Specialized REITs,970059090,2020-07-29T00:25:04Z,https://en.wikipedia.org/w/index.php?oldid=970059090,matched_gics
2020-07-31,PTR,PetroChina Company Limited,,,,,,,,missing_gics
2020-07-31,PYPL,PayPal,Information Technology,Software & Services,IT Services,Data Processing & Outsourced Services,970059090,2020-07-29T00:25:04Z,https://en.wikipedia.org/w/index.php?oldid=970059090,matched_gics
2020-07-31,RDS-B,Royal Dutch Shell plc,,,,,,,,missing_gics
2020-07-31,RIO,Rio Tinto Group,,,,,,,,missing_gics
2020-07-31,RTX,Raytheon Technologies,Industrials,Capital Goods,Aerospace & Defense,Aerospace & Defense,970059090,2020-07-29T00:25:04Z,https://en.wikipedia.org/w/index.php?oldid=970059090,matched_gics
2020-07-31,SBAC,SBA Communications,Real Estate,Real Estate,Equity Real Estate Investment Trusts (REITs),Specialized REITs,970059090,2020-07-29T00:25:04Z,https://en.wikipedia.org/w/index.php?oldid=970059090,matched_gics
2020-07-31,SBUX,Starbucks Corp.,Consumer Discretionary,Consumer Services,"Hotels, Restaurants & Leisure",Restaurants,970059090,2020-07-29T00:25:04Z,https://en.wikipedia.org/w/index.php?oldid=970059090,matched_gics
2020-07-31,SCHW,Charles Schwab Corporation,Financials,Diversified Financials,Capital Markets,Investment Banking & Brokerage,970059090,2020-07-29T00:25:04Z,https://en.wikipedia.org/w/index.php?oldid=970059090,matched_gics
2020-07-31,SHW,Sherwin-Williams,Materials,Materials,Chemicals,Specialty Chemicals,970059090,2020-07-29T00:25:04Z,https://en.wikipedia.org/w/index.php?oldid=970059090,matched_gics
2020-07-31,SNAP,Snap Inc.,,,,,,,,missing_gics
2020-07-31,SNP,China Petroleum & Chemical Corporation,,,,,,,,missing_gics
2020-07-31,SO,Southern Company,Utilities,Utilities,Electric Utilities,Electric Utilities,970059090,2020-07-29T00:25:04Z,https://en.wikipedia.org/w/index.php?oldid=970059090,matched_gics
2020-07-31,SPG-PJ,"Simon Property Group, Inc.",,,,,,,,missing_gics
2020-07-31,SRE,Sempra Energy,Utilities,Utilities,Multi-Utilities,Multi-Utilities,970059090,2020-07-29T00:25:04Z,https://en.wikipedia.org/w/index.php?oldid=970059090,matched_gics
2020-07-31,T,AT&T Inc.,Communication Services,Telecommunication Services,Diversified Telecommunication Services,Integrated Telecommunication Services,970059090,2020-07-29T00:25:04Z,https://en.wikipedia.org/w/index.php?oldid=970059090,matched_gics
2020-07-31,TGT,Target Corp.,Consumer Discretionary,Retailing,Multiline Retail,General Merchandise Stores,970059090,2020-07-29T00:25:04Z,https://en.wikipedia.org/w/index.php?oldid=970059090,matched_gics
2020-07-31,TM,Toyota Motor Corporation,,,,,,,,missing_gics
2020-07-31,TMO,Thermo Fisher Scientific,Health Care,"Pharmaceuticals, Biotechnology & Life Sciences",Life Sciences Tools & Services,Life Sciences Tools & Services,970059090,2020-07-29T00:25:04Z,https://en.wikipedia.org/w/index.php?oldid=970059090,matched_gics
2020-07-31,TMUS,T-Mobile US,Communication Services,Telecommunication Services,Wireless Telecommunication Services,Wireless Telecommunication Services,970059090,2020-07-29T00:25:04Z,https://en.wikipedia.org/w/index.php?oldid=970059090,matched_gics
2020-07-31,TSLA,"Tesla, Inc.",,,,,,,,missing_gics
2020-07-31,TSM,Taiwan Semiconductor Manufacturing Company Limited,,,,,,,,missing_gics
2020-07-31,TTE,TotalEnergies SE,,,,,,,,missing_gics
2020-07-31,UL,Unilever PLC,,,,,,,,missing_gics
2020-07-31,UNH,United Health Group Inc.,Health Care,Health Care Equipment & Services,Health Care Providers & Services,Managed Health Care,970059090,2020-07-29T00:25:04Z,https://en.wikipedia.org/w/index.php?oldid=970059090,matched_gics
2020-07-31,UNP,Union Pacific Corp,Industrials,Transportation,Road & Rail,Railroads,970059090,2020-07-29T00:25:04Z,https://en.wikipedia.org/w/index.php?oldid=970059090,matched_gics
2020-07-31,UPS,United Parcel Service,Industrials,Transportation,Air Freight & Logistics,Air Freight & Logistics,970059090,2020-07-29T00:25:04Z,https://en.wikipedia.org/w/index.php?oldid=970059090,matched_gics
2020-07-31,V,Visa Inc.,Information Technology,Software & Services,IT Services,Data Processing & Outsourced Services,970059090,2020-07-29T00:25:04Z,https://en.wikipedia.org/w/index.php?oldid=970059090,matched_gics
2020-07-31,VALE,Vale S.A.,,,,,,,,missing_gics
2020-07-31,VZ,Verizon Communications,Communication Services,Telecommunication Services,Diversified Telecommunication Services,Integrated Telecommunication Services,970059090,2020-07-29T00:25:04Z,https://en.wikipedia.org/w/index.php?oldid=970059090,matched_gics
2020-07-31,WELL,Welltower Inc.,Real Estate,Real Estate,Equity Real Estate Investment Trusts (REITs),Health Care REITs,970059090,2020-07-29T00:25:04Z,https://en.wikipedia.org/w/index.php?oldid=970059090,matched_gics
2020-07-31,WFC-PL,Wells Fargo & Company,,,,,,,,missing_gics
2020-07-31,WMT,Walmart,Consumer Staples,Food & Staples Retailing,Food & Staples Retailing,Hypermarkets & Super Centers,970059090,2020-07-29T00:25:04Z,https://en.wikipedia.org/w/index.php?oldid=970059090,matched_gics
2020-07-31,XEL,Xcel Energy Inc,Utilities,Utilities,Multi-Utilities,Multi-Utilities,970059090,2020-07-29T00:25:04Z,https://en.wikipedia.org/w/index.php?oldid=970059090,matched_gics
2020-07-31,XOM,Exxon Mobil Corp.,Energy,Energy,"Oil, Gas & Consumable Fuels",Integrated Oil & Gas,970059090,2020-07-29T00:25:04Z,https://en.wikipedia.org/w/index.php?oldid=970059090,matched_gics
2020-08-31,AAPL,Apple Inc.,Information Technology,Technology Hardware & Equipment,"Technology Hardware, Storage & Peripherals","Technology Hardware, Storage & Peripherals",975804880,2020-08-30T14:31:05Z,https://en.wikipedia.org/w/index.php?oldid=975804880,matched_gics
2020-08-31,ABBV,AbbVie Inc.,Health Care,"Pharmaceuticals, Biotechnology & Life Sciences",Pharmaceuticals,Pharmaceuticals,975804880,2020-08-30T14:31:05Z,https://en.wikipedia.org/w/index.php?oldid=975804880,matched_gics
2020-08-31,ABT,Abbott Laboratories,Health Care,Health Care Equipment & Services,Health Care Equipment & Supplies,Health Care Equipment,975804880,2020-08-30T14:31:05Z,https://en.wikipedia.org/w/index.php?oldid=975804880,matched_gics
2020-08-31,ACN,Accenture plc,Information Technology,Software & Services,IT Services,IT Consulting & Other Services,975804880,2020-08-30T14:31:05Z,https://en.wikipedia.org/w/index.php?oldid=975804880,matched_gics
2020-08-31,ADBE,Adobe Inc.,Information Technology,Software & Services,Software,Application Software,975804880,2020-08-30T14:31:05Z,https://en.wikipedia.org/w/index.php?oldid=975804880,matched_gics
2020-08-31,ADP,Automatic Data Processing,Information Technology,Software & Services,IT Services,Internet Services & Infrastructure,975804880,2020-08-30T14:31:05Z,https://en.wikipedia.org/w/index.php?oldid=975804880,matched_gics
2020-08-31,AEP,American Electric Power,Utilities,Utilities,Electric Utilities,Electric Utilities,975804880,2020-08-30T14:31:05Z,https://en.wikipedia.org/w/index.php?oldid=975804880,matched_gics
2020-08-31,AMT,American Tower Corp.,Real Estate,Real Estate,Equity Real Estate Investment Trusts (REITs),Specialized REITs,975804880,2020-08-30T14:31:05Z,https://en.wikipedia.org/w/index.php?oldid=975804880,matched_gics
2020-08-31,AMZN,Amazon.com Inc.,Consumer Discretionary,Retailing,Internet & Direct Marketing Retail,Internet & Direct Marketing Retail,975804880,2020-08-30T14:31:05Z,https://en.wikipedia.org/w/index.php?oldid=975804880,matched_gics
2020-08-31,APD,Air Products & Chemicals Inc,Materials,Materials,Chemicals,Industrial Gases,975804880,2020-08-30T14:31:05Z,https://en.wikipedia.org/w/index.php?oldid=975804880,matched_gics
2020-08-31,ASML,ASML Holding N.V.,,,,,,,,missing_gics
2020-08-31,AVGO,Broadcom Inc.,Information Technology,Semiconductors & Semiconductor Equipment,Semiconductors & Semiconductor Equipment,Semiconductors,975804880,2020-08-30T14:31:05Z,https://en.wikipedia.org/w/index.php?oldid=975804880,matched_gics
2020-08-31,AWK,American Water Works Company Inc,Utilities,Utilities,Water Utilities,Water Utilities,975804880,2020-08-30T14:31:05Z,https://en.wikipedia.org/w/index.php?oldid=975804880,matched_gics
2020-08-31,BA,Boeing Company,Industrials,Capital Goods,Aerospace & Defense,Aerospace & Defense,975804880,2020-08-30T14:31:05Z,https://en.wikipedia.org/w/index.php?oldid=975804880,matched_gics
2020-08-31,BABA,Alibaba Group Holding Limited,,,,,,,,missing_gics
2020-08-31,BAC,Bank of America Corp,Financials,Banks,Banks,Diversified Banks,975804880,2020-08-30T14:31:05Z,https://en.wikipedia.org/w/index.php?oldid=975804880,matched_gics
2020-08-31,BBL,BHP Group,,,,,,,,missing_gics
2020-08-31,BHP,BHP Group,,,,,,,,missing_gics
2020-08-31,BP,BP p.l.c.,,,,,,,,missing_gics
2020-08-31,BRK-A,Berkshire Hathaway Inc.,,,,,,,,missing_gics
2020-08-31,C-PJ,Citigroup Inc.,,,,,,,,missing_gics
2020-08-31,CAT,Caterpillar Inc.,Industrials,Capital Goods,Machinery,Construction Machinery & Heavy Trucks,975804880,2020-08-30T14:31:05Z,https://en.wikipedia.org/w/index.php?oldid=975804880,matched_gics
2020-08-31,CCI,Crown Castle International Corp.,Real Estate,Real Estate,Equity Real Estate Investment Trusts (REITs),Specialized REITs,975804880,2020-08-30T14:31:05Z,https://en.wikipedia.org/w/index.php?oldid=975804880,matched_gics
2020-08-31,CHTR,Charter Communications,Communication Services,Media,Media,Cable & Satellite,975804880,2020-08-30T14:31:05Z,https://en.wikipedia.org/w/index.php?oldid=975804880,matched_gics
2020-08-31,CMCSA,Comcast Corp.,Communication Services,Media,Media,Cable & Satellite,975804880,2020-08-30T14:31:05Z,https://en.wikipedia.org/w/index.php?oldid=975804880,matched_gics
2020-08-31,COP,ConocoPhillips,Energy,Energy,"Oil, Gas & Consumable Fuels",Oil & Gas Exploration & Production,975804880,2020-08-30T14:31:05Z,https://en.wikipedia.org/w/index.php?oldid=975804880,matched_gics
2020-08-31,COST,Costco Wholesale Corp.,Consumer Staples,Food & Staples Retailing,Food & Staples Retailing,Hypermarkets & Super Centers,975804880,2020-08-30T14:31:05Z,https://en.wikipedia.org/w/index.php?oldid=975804880,matched_gics
2020-08-31,CSCO,Cisco Systems,Information Technology,Technology Hardware & Equipment,Communications Equipment,Communications Equipment,975804880,2020-08-30T14:31:05Z,https://en.wikipedia.org/w/index.php?oldid=975804880,matched_gics
2020-08-31,CTA-PB,E. I. du Pont de Nemours and Company,,,,,,,,missing_gics
2020-08-31,CVX,Chevron Corp.,Energy,Energy,"Oil, Gas & Consumable Fuels",Integrated Oil & Gas,975804880,2020-08-30T14:31:05Z,https://en.wikipedia.org/w/index.php?oldid=975804880,matched_gics
2020-08-31,D,Dominion Energy,Utilities,Utilities,Electric Utilities,Electric Utilities,975804880,2020-08-30T14:31:05Z,https://en.wikipedia.org/w/index.php?oldid=975804880,matched_gics
2020-08-31,DE,Deere & Co.,Industrials,Capital Goods,Machinery,Agricultural & Farm Machinery,975804880,2020-08-30T14:31:05Z,https://en.wikipedia.org/w/index.php?oldid=975804880,matched_gics
2020-08-31,DEO,Diageo plc,,,,,,,,missing_gics
2020-08-31,DHR,Danaher Corp.,Health Care,Health Care Equipment & Services,Health Care Equipment & Supplies,Health Care Equipment,975804880,2020-08-30T14:31:05Z,https://en.wikipedia.org/w/index.php?oldid=975804880,matched_gics
2020-08-31,DIS,The Walt Disney Company,Communication Services,Media & Entertainment,Entertainment,Movies & Entertainment,975804880,2020-08-30T14:31:05Z,https://en.wikipedia.org/w/index.php?oldid=975804880,matched_gics
2020-08-31,DLR,Digital Realty Trust Inc,Real Estate,Real Estate,Equity Real Estate Investment Trusts (REITs),Specialized REITs,975804880,2020-08-30T14:31:05Z,https://en.wikipedia.org/w/index.php?oldid=975804880,matched_gics
2020-08-31,DUK,Duke Energy,Utilities,Utilities,Electric Utilities,Electric Utilities,975804880,2020-08-30T14:31:05Z,https://en.wikipedia.org/w/index.php?oldid=975804880,matched_gics
2020-08-31,ECL,Ecolab Inc.,Materials,Materials,Chemicals,Specialty Chemicals,975804880,2020-08-30T14:31:05Z,https://en.wikipedia.org/w/index.php?oldid=975804880,matched_gics
2020-08-31,EL,Estée Lauder Companies,Consumer Staples,Household & Personal Products,Personal Products,Personal Products,975804880,2020-08-30T14:31:05Z,https://en.wikipedia.org/w/index.php?oldid=975804880,matched_gics
2020-08-31,ENB,Enbridge Inc.,,,,,,,,missing_gics
2020-08-31,EQIX,Equinix,Real Estate,Real Estate,Equity Real Estate Investment Trusts (REITs),Specialized REITs,975804880,2020-08-30T14:31:05Z,https://en.wikipedia.org/w/index.php?oldid=975804880,matched_gics
2020-08-31,EQNR,Equinor ASA,,,,,,,,missing_gics
2020-08-31,EXC,Exelon Corp.,Utilities,Utilities,Multi-Utilities,Multi-Utilities,975804880,2020-08-30T14:31:05Z,https://en.wikipedia.org/w/index.php?oldid=975804880,matched_gics
2020-08-31,FB,"Facebook, Inc.",Communication Services,Media & Entertainment,Interactive Media & Services,Interactive Media & Services,975804880,2020-08-30T14:31:05Z,https://en.wikipedia.org/w/index.php?oldid=975804880,matched_gics
2020-08-31,FCX,Freeport-McMoRan Inc.,Materials,Materials,Metals & Mining,Copper,975804880,2020-08-30T14:31:05Z,https://en.wikipedia.org/w/index.php?oldid=975804880,matched_gics
2020-08-31,GE,General Electric,Industrials,Capital Goods,Industrial Conglomerates,Industrial Conglomerates,975804880,2020-08-30T14:31:05Z,https://en.wikipedia.org/w/index.php?oldid=975804880,matched_gics
2020-08-31,GOOG,Alphabet Inc. (Class C),Communication Services,Media & Entertainment,Interactive Media & Services,Interactive Media & Services,975804880,2020-08-30T14:31:05Z,https://en.wikipedia.org/w/index.php?oldid=975804880,matched_gics
2020-08-31,HD,Home Depot,Consumer Discretionary,Retailing,Specialty Retail,Home Improvement Retail,975804880,2020-08-30T14:31:05Z,https://en.wikipedia.org/w/index.php?oldid=975804880,matched_gics
2020-08-31,HON,Honeywell Int'l Inc.,Industrials,Capital Goods,Industrial Conglomerates,Industrial Conglomerates,975804880,2020-08-30T14:31:05Z,https://en.wikipedia.org/w/index.php?oldid=975804880,matched_gics
2020-08-31,JD,"JD.com, Inc.",,,,,,,,missing_gics
2020-08-31,JNJ,Johnson & Johnson,Health Care,"Pharmaceuticals, Biotechnology & Life Sciences",Pharmaceuticals,Pharmaceuticals,975804880,2020-08-30T14:31:05Z,https://en.wikipedia.org/w/index.php?oldid=975804880,matched_gics
2020-08-31,JPM,JPMorgan Chase & Co.,Financials,Banks,Banks,Diversified Banks,975804880,2020-08-30T14:31:05Z,https://en.wikipedia.org/w/index.php?oldid=975804880,matched_gics
2020-08-31,KO,Coca-Cola Company,Consumer Staples,"Food, Beverage & Tobacco",Beverages,Soft Drinks,975804880,2020-08-30T14:31:05Z,https://en.wikipedia.org/w/index.php?oldid=975804880,matched_gics
2020-08-31,LLY,Lilly (Eli) & Co.,Health Care,"Pharmaceuticals, Biotechnology & Life Sciences",Pharmaceuticals,Pharmaceuticals,975804880,2020-08-30T14:31:05Z,https://en.wikipedia.org/w/index.php?oldid=975804880,matched_gics
2020-08-31,LOW,Lowe's Cos.,Consumer Discretionary,Retailing,Specialty Retail,Home Improvement Retail,975804880,2020-08-30T14:31:05Z,https://en.wikipedia.org/w/index.php?oldid=975804880,matched_gics
2020-08-31,MA,Mastercard Inc.,Information Technology,Software & Services,IT Services,Data Processing & Outsourced Services,975804880,2020-08-30T14:31:05Z,https://en.wikipedia.org/w/index.php?oldid=975804880,matched_gics
2020-08-31,MCD,McDonald's Corp.,Consumer Discretionary,Consumer Services,"Hotels, Restaurants & Leisure",Restaurants,975804880,2020-08-30T14:31:05Z,https://en.wikipedia.org/w/index.php?oldid=975804880,matched_gics
2020-08-31,MMM,3M Company,Industrials,Capital Goods,Industrial Conglomerates,Industrial Conglomerates,975804880,2020-08-30T14:31:05Z,https://en.wikipedia.org/w/index.php?oldid=975804880,matched_gics
2020-08-31,MS,Morgan Stanley,Financials,Diversified Financials,Capital Markets,Investment Banking & Brokerage,975804880,2020-08-30T14:31:05Z,https://en.wikipedia.org/w/index.php?oldid=975804880,matched_gics
2020-08-31,MSFT,Microsoft Corp.,Information Technology,Software & Services,Software,Systems Software,975804880,2020-08-30T14:31:05Z,https://en.wikipedia.org/w/index.php?oldid=975804880,matched_gics
2020-08-31,NEE,NextEra Energy,Utilities,Utilities,Multi-Utilities,Multi-Utilities,975804880,2020-08-30T14:31:05Z,https://en.wikipedia.org/w/index.php?oldid=975804880,matched_gics
2020-08-31,NEM,Newmont Corporation,Materials,Materials,Metals & Mining,Gold,975804880,2020-08-30T14:31:05Z,https://en.wikipedia.org/w/index.php?oldid=975804880,matched_gics
2020-08-31,NFLX,Netflix Inc.,Communication Services,Media & Entertainment,Entertainment,Movies & Entertainment,975804880,2020-08-30T14:31:05Z,https://en.wikipedia.org/w/index.php?oldid=975804880,matched_gics
2020-08-31,NGG,National Grid plc,,,,,,,,missing_gics
2020-08-31,NKE,"Nike, Inc.",Consumer Discretionary,Consumer Durables & Apparel,"Textiles, Apparel & Luxury Goods","Apparel, Accessories & Luxury Goods",975804880,2020-08-30T14:31:05Z,https://en.wikipedia.org/w/index.php?oldid=975804880,matched_gics
2020-08-31,NVDA,Nvidia Corporation,Information Technology,Semiconductors & Semiconductor Equipment,Semiconductors & Semiconductor Equipment,Semiconductors,975804880,2020-08-30T14:31:05Z,https://en.wikipedia.org/w/index.php?oldid=975804880,matched_gics
2020-08-31,NVO,Novo Nordisk A/S,,,,,,,,missing_gics
2020-08-31,NVS,Novartis AG,,,,,,,,missing_gics
2020-08-31,O,Realty Income Corporation,Real Estate,Real Estate,Equity Real Estate Investment Trusts (REITs),Retail REITs,975804880,2020-08-30T14:31:05Z,https://en.wikipedia.org/w/index.php?oldid=975804880,matched_gics
2020-08-31,ORCL,Oracle Corp.,Information Technology,Software & Services,Software,Application Software,975804880,2020-08-30T14:31:05Z,https://en.wikipedia.org/w/index.php?oldid=975804880,matched_gics
2020-08-31,PEP,PepsiCo Inc.,Consumer Staples,"Food, Beverage & Tobacco",Beverages,Soft Drinks,975804880,2020-08-30T14:31:05Z,https://en.wikipedia.org/w/index.php?oldid=975804880,matched_gics
2020-08-31,PFE,Pfizer Inc.,Health Care,"Pharmaceuticals, Biotechnology & Life Sciences",Pharmaceuticals,Pharmaceuticals,975804880,2020-08-30T14:31:05Z,https://en.wikipedia.org/w/index.php?oldid=975804880,matched_gics
2020-08-31,PG,Procter & Gamble,Consumer Staples,Household & Personal Products,Personal Products,Personal Products,975804880,2020-08-30T14:31:05Z,https://en.wikipedia.org/w/index.php?oldid=975804880,matched_gics
2020-08-31,PLD,Prologis,Real Estate,Real Estate,Equity Real Estate Investment Trusts (REITs),Industrial REITs,975804880,2020-08-30T14:31:05Z,https://en.wikipedia.org/w/index.php?oldid=975804880,matched_gics
2020-08-31,PM,Philip Morris International,Consumer Staples,"Food, Beverage & Tobacco",Tobacco,Tobacco,975804880,2020-08-30T14:31:05Z,https://en.wikipedia.org/w/index.php?oldid=975804880,matched_gics
2020-08-31,PSA,Public Storage,Real Estate,Real Estate,Equity Real Estate Investment Trusts (REITs),Specialized REITs,975804880,2020-08-30T14:31:05Z,https://en.wikipedia.org/w/index.php?oldid=975804880,matched_gics
2020-08-31,PTR,PetroChina Company Limited,,,,,,,,missing_gics
2020-08-31,PYPL,PayPal,Information Technology,Software & Services,IT Services,Data Processing & Outsourced Services,975804880,2020-08-30T14:31:05Z,https://en.wikipedia.org/w/index.php?oldid=975804880,matched_gics
2020-08-31,RDS-B,Royal Dutch Shell plc,,,,,,,,missing_gics
2020-08-31,RIO,Rio Tinto Group,,,,,,,,missing_gics
2020-08-31,RTX,Raytheon Technologies,Industrials,Capital Goods,Aerospace & Defense,Aerospace & Defense,975804880,2020-08-30T14:31:05Z,https://en.wikipedia.org/w/index.php?oldid=975804880,matched_gics
2020-08-31,SBAC,SBA Communications,Real Estate,Real Estate,Equity Real Estate Investment Trusts (REITs),Specialized REITs,975804880,2020-08-30T14:31:05Z,https://en.wikipedia.org/w/index.php?oldid=975804880,matched_gics
2020-08-31,SBUX,Starbucks Corp.,Consumer Discretionary,Consumer Services,"Hotels, Restaurants & Leisure",Restaurants,975804880,2020-08-30T14:31:05Z,https://en.wikipedia.org/w/index.php?oldid=975804880,matched_gics
2020-08-31,SCHW,Charles Schwab Corporation,Financials,Diversified Financials,Capital Markets,Investment Banking & Brokerage,975804880,2020-08-30T14:31:05Z,https://en.wikipedia.org/w/index.php?oldid=975804880,matched_gics
2020-08-31,SHW,Sherwin-Williams,Materials,Materials,Chemicals,Specialty Chemicals,975804880,2020-08-30T14:31:05Z,https://en.wikipedia.org/w/index.php?oldid=975804880,matched_gics
2020-08-31,SNAP,Snap Inc.,,,,,,,,missing_gics
2020-08-31,SNP,China Petroleum & Chemical Corporation,,,,,,,,missing_gics
2020-08-31,SO,Southern Company,Utilities,Utilities,Electric Utilities,Electric Utilities,975804880,2020-08-30T14:31:05Z,https://en.wikipedia.org/w/index.php?oldid=975804880,matched_gics
2020-08-31,SPG-PJ,"Simon Property Group, Inc.",,,,,,,,missing_gics
2020-08-31,SRE,Sempra Energy,Utilities,Utilities,Multi-Utilities,Multi-Utilities,975804880,2020-08-30T14:31:05Z,https://en.wikipedia.org/w/index.php?oldid=975804880,matched_gics
2020-08-31,T,AT&T Inc.,Communication Services,Telecommunication Services,Diversified Telecommunication Services,Integrated Telecommunication Services,975804880,2020-08-30T14:31:05Z,https://en.wikipedia.org/w/index.php?oldid=975804880,matched_gics
2020-08-31,TGT,Target Corp.,Consumer Discretionary,Retailing,Multiline Retail,General Merchandise Stores,975804880,2020-08-30T14:31:05Z,https://en.wikipedia.org/w/index.php?oldid=975804880,matched_gics
2020-08-31,TM,Toyota Motor Corporation,,,,,,,,missing_gics
2020-08-31,TMO,Thermo Fisher Scientific,Health Care,"Pharmaceuticals, Biotechnology & Life Sciences",Life Sciences Tools & Services,Life Sciences Tools & Services,975804880,2020-08-30T14:31:05Z,https://en.wikipedia.org/w/index.php?oldid=975804880,matched_gics
2020-08-31,TMUS,T-Mobile US,Communication Services,Telecommunication Services,Wireless Telecommunication Services,Wireless Telecommunication Services,975804880,2020-08-30T14:31:05Z,https://en.wikipedia.org/w/index.php?oldid=975804880,matched_gics
2020-08-31,TSLA,"Tesla, Inc.",,,,,,,,missing_gics
2020-08-31,TSM,Taiwan Semiconductor Manufacturing Company Limited,,,,,,,,missing_gics
2020-08-31,TTE,TotalEnergies SE,,,,,,,,missing_gics
2020-08-31,UL,Unilever PLC,,,,,,,,missing_gics
2020-08-31,UNH,United Health Group Inc.,Health Care,Health Care Equipment & Services,Health Care Providers & Services,Managed Health Care,975804880,2020-08-30T14:31:05Z,https://en.wikipedia.org/w/index.php?oldid=975804880,matched_gics
2020-08-31,UNP,Union Pacific Corp,Industrials,Transportation,Road & Rail,Railroads,975804880,2020-08-30T14:31:05Z,https://en.wikipedia.org/w/index.php?oldid=975804880,matched_gics
2020-08-31,UPS,United Parcel Service,Industrials,Transportation,Air Freight & Logistics,Air Freight & Logistics,975804880,2020-08-30T14:31:05Z,https://en.wikipedia.org/w/index.php?oldid=975804880,matched_gics
2020-08-31,V,Visa Inc.,Information Technology,Software & Services,IT Services,Data Processing & Outsourced Services,975804880,2020-08-30T14:31:05Z,https://en.wikipedia.org/w/index.php?oldid=975804880,matched_gics
2020-08-31,VALE,Vale S.A.,,,,,,,,missing_gics
2020-08-31,VZ,Verizon Communications,Communication Services,Telecommunication Services,Diversified Telecommunication Services,Integrated Telecommunication Services,975804880,2020-08-30T14:31:05Z,https://en.wikipedia.org/w/index.php?oldid=975804880,matched_gics
2020-08-31,WELL,Welltower Inc.,Real Estate,Real Estate,Equity Real Estate Investment Trusts (REITs),Health Care REITs,975804880,2020-08-30T14:31:05Z,https://en.wikipedia.org/w/index.php?oldid=975804880,matched_gics
2020-08-31,WFC-PL,Wells Fargo & Company,,,,,,,,missing_gics
2020-08-31,WMT,Walmart,Consumer Staples,Food & Staples Retailing,Food & Staples Retailing,Hypermarkets & Super Centers,975804880,2020-08-30T14:31:05Z,https://en.wikipedia.org/w/index.php?oldid=975804880,matched_gics
2020-08-31,XEL,Xcel Energy Inc,Utilities,Utilities,Multi-Utilities,Multi-Utilities,975804880,2020-08-30T14:31:05Z,https://en.wikipedia.org/w/index.php?oldid=975804880,matched_gics
2020-08-31,XOM,Exxon Mobil Corp.,Energy,Energy,"Oil, Gas & Consumable Fuels",Integrated Oil & Gas,975804880,2020-08-30T14:31:05Z,https://en.wikipedia.org/w/index.php?oldid=975804880,matched_gics
2020-09-30,AAPL,Apple Inc.,Information Technology,Technology Hardware & Equipment,"Technology Hardware, Storage & Peripherals","Technology Hardware, Storage & Peripherals",980783480,2020-09-28T12:34:09Z,https://en.wikipedia.org/w/index.php?oldid=980783480,matched_gics
2020-09-30,ABBV,AbbVie Inc.,Health Care,"Pharmaceuticals, Biotechnology & Life Sciences",Pharmaceuticals,Pharmaceuticals,980783480,2020-09-28T12:34:09Z,https://en.wikipedia.org/w/index.php?oldid=980783480,matched_gics
2020-09-30,ABT,Abbott Laboratories,Health Care,Health Care Equipment & Services,Health Care Equipment & Supplies,Health Care Equipment,980783480,2020-09-28T12:34:09Z,https://en.wikipedia.org/w/index.php?oldid=980783480,matched_gics
2020-09-30,ACN,Accenture plc,Information Technology,Software & Services,IT Services,IT Consulting & Other Services,980783480,2020-09-28T12:34:09Z,https://en.wikipedia.org/w/index.php?oldid=980783480,matched_gics
2020-09-30,ADBE,Adobe Inc.,Information Technology,Software & Services,Software,Application Software,980783480,2020-09-28T12:34:09Z,https://en.wikipedia.org/w/index.php?oldid=980783480,matched_gics
2020-09-30,ADP,Automatic Data Processing,Information Technology,Software & Services,IT Services,Internet Services & Infrastructure,980783480,2020-09-28T12:34:09Z,https://en.wikipedia.org/w/index.php?oldid=980783480,matched_gics
2020-09-30,AEP,American Electric Power,Utilities,Utilities,Electric Utilities,Electric Utilities,980783480,2020-09-28T12:34:09Z,https://en.wikipedia.org/w/index.php?oldid=980783480,matched_gics
2020-09-30,AMT,American Tower Corp.,Real Estate,Real Estate,Equity Real Estate Investment Trusts (REITs),Specialized REITs,980783480,2020-09-28T12:34:09Z,https://en.wikipedia.org/w/index.php?oldid=980783480,matched_gics
2020-09-30,AMZN,Amazon.com Inc.,Consumer Discretionary,Retailing,Internet & Direct Marketing Retail,Internet & Direct Marketing Retail,980783480,2020-09-28T12:34:09Z,https://en.wikipedia.org/w/index.php?oldid=980783480,matched_gics
2020-09-30,APD,Air Products & Chemicals Inc,Materials,Materials,Chemicals,Industrial Gases,980783480,2020-09-28T12:34:09Z,https://en.wikipedia.org/w/index.php?oldid=980783480,matched_gics
2020-09-30,ASML,ASML Holding N.V.,,,,,,,,missing_gics
2020-09-30,AVGO,Broadcom Inc.,Information Technology,Semiconductors & Semiconductor Equipment,Semiconductors & Semiconductor Equipment,Semiconductors,980783480,2020-09-28T12:34:09Z,https://en.wikipedia.org/w/index.php?oldid=980783480,matched_gics
2020-09-30,AWK,American Water Works Company Inc,Utilities,Utilities,Water Utilities,Water Utilities,980783480,2020-09-28T12:34:09Z,https://en.wikipedia.org/w/index.php?oldid=980783480,matched_gics
2020-09-30,BA,Boeing Company,Industrials,Capital Goods,Aerospace & Defense,Aerospace & Defense,980783480,2020-09-28T12:34:09Z,https://en.wikipedia.org/w/index.php?oldid=980783480,matched_gics
2020-09-30,BABA,Alibaba Group Holding Limited,,,,,,,,missing_gics
2020-09-30,BAC,Bank of America Corp,Financials,Banks,Banks,Diversified Banks,980783480,2020-09-28T12:34:09Z,https://en.wikipedia.org/w/index.php?oldid=980783480,matched_gics
2020-09-30,BBL,BHP Group,,,,,,,,missing_gics
2020-09-30,BHP,BHP Group,,,,,,,,missing_gics
2020-09-30,BP,BP p.l.c.,,,,,,,,missing_gics
2020-09-30,BRK-A,Berkshire Hathaway Inc.,,,,,,,,missing_gics
2020-09-30,C-PJ,Citigroup Inc.,,,,,,,,missing_gics
2020-09-30,CAT,Caterpillar Inc.,Industrials,Capital Goods,Machinery,Construction Machinery & Heavy Trucks,980783480,2020-09-28T12:34:09Z,https://en.wikipedia.org/w/index.php?oldid=980783480,matched_gics
2020-09-30,CCI,Crown Castle International Corp.,Real Estate,Real Estate,Equity Real Estate Investment Trusts (REITs),Specialized REITs,980783480,2020-09-28T12:34:09Z,https://en.wikipedia.org/w/index.php?oldid=980783480,matched_gics
2020-09-30,CHTR,Charter Communications,Communication Services,Media,Media,Cable & Satellite,980783480,2020-09-28T12:34:09Z,https://en.wikipedia.org/w/index.php?oldid=980783480,matched_gics
2020-09-30,CMCSA,Comcast Corp.,Communication Services,Media,Media,Cable & Satellite,980783480,2020-09-28T12:34:09Z,https://en.wikipedia.org/w/index.php?oldid=980783480,matched_gics
2020-09-30,COP,ConocoPhillips,Energy,Energy,"Oil, Gas & Consumable Fuels",Oil & Gas Exploration & Production,980783480,2020-09-28T12:34:09Z,https://en.wikipedia.org/w/index.php?oldid=980783480,matched_gics
2020-09-30,COST,Costco Wholesale Corp.,Consumer Staples,Food & Staples Retailing,Food & Staples Retailing,Hypermarkets & Super Centers,980783480,2020-09-28T12:34:09Z,https://en.wikipedia.org/w/index.php?oldid=980783480,matched_gics
2020-09-30,CSCO,Cisco Systems,Information Technology,Technology Hardware & Equipment,Communications Equipment,Communications Equipment,980783480,2020-09-28T12:34:09Z,https://en.wikipedia.org/w/index.php?oldid=980783480,matched_gics
2020-09-30,CTA-PB,E. I. du Pont de Nemours and Company,,,,,,,,missing_gics
2020-09-30,CVX,Chevron Corp.,Energy,Energy,"Oil, Gas & Consumable Fuels",Integrated Oil & Gas,980783480,2020-09-28T12:34:09Z,https://en.wikipedia.org/w/index.php?oldid=980783480,matched_gics
2020-09-30,D,Dominion Energy,Utilities,Utilities,Electric Utilities,Electric Utilities,980783480,2020-09-28T12:34:09Z,https://en.wikipedia.org/w/index.php?oldid=980783480,matched_gics
2020-09-30,DE,Deere & Co.,Industrials,Capital Goods,Machinery,Agricultural & Farm Machinery,980783480,2020-09-28T12:34:09Z,https://en.wikipedia.org/w/index.php?oldid=980783480,matched_gics
2020-09-30,DEO,Diageo plc,,,,,,,,missing_gics
2020-09-30,DHR,Danaher Corp.,Health Care,Health Care Equipment & Services,Health Care Equipment & Supplies,Health Care Equipment,980783480,2020-09-28T12:34:09Z,https://en.wikipedia.org/w/index.php?oldid=980783480,matched_gics
2020-09-30,DIS,The Walt Disney Company,Communication Services,Media & Entertainment,Entertainment,Movies & Entertainment,980783480,2020-09-28T12:34:09Z,https://en.wikipedia.org/w/index.php?oldid=980783480,matched_gics
2020-09-30,DLR,Digital Realty Trust Inc,Real Estate,Real Estate,Equity Real Estate Investment Trusts (REITs),Specialized REITs,980783480,2020-09-28T12:34:09Z,https://en.wikipedia.org/w/index.php?oldid=980783480,matched_gics
2020-09-30,DUK,Duke Energy,Utilities,Utilities,Electric Utilities,Electric Utilities,980783480,2020-09-28T12:34:09Z,https://en.wikipedia.org/w/index.php?oldid=980783480,matched_gics
2020-09-30,ECL,Ecolab Inc.,Materials,Materials,Chemicals,Specialty Chemicals,980783480,2020-09-28T12:34:09Z,https://en.wikipedia.org/w/index.php?oldid=980783480,matched_gics
2020-09-30,EL,Estée Lauder Companies,Consumer Staples,Household & Personal Products,Personal Products,Personal Products,980783480,2020-09-28T12:34:09Z,https://en.wikipedia.org/w/index.php?oldid=980783480,matched_gics
2020-09-30,ENB,Enbridge Inc.,,,,,,,,missing_gics
2020-09-30,EQIX,Equinix,Real Estate,Real Estate,Equity Real Estate Investment Trusts (REITs),Specialized REITs,980783480,2020-09-28T12:34:09Z,https://en.wikipedia.org/w/index.php?oldid=980783480,matched_gics
2020-09-30,EQNR,Equinor ASA,,,,,,,,missing_gics
2020-09-30,EXC,Exelon Corp.,Utilities,Utilities,Multi-Utilities,Multi-Utilities,980783480,2020-09-28T12:34:09Z,https://en.wikipedia.org/w/index.php?oldid=980783480,matched_gics
2020-09-30,FB,"Facebook, Inc.",Communication Services,Media & Entertainment,Interactive Media & Services,Interactive Media & Services,980783480,2020-09-28T12:34:09Z,https://en.wikipedia.org/w/index.php?oldid=980783480,matched_gics
2020-09-30,FCX,Freeport-McMoRan Inc.,Materials,Materials,Metals & Mining,Copper,980783480,2020-09-28T12:34:09Z,https://en.wikipedia.org/w/index.php?oldid=980783480,matched_gics
2020-09-30,GE,General Electric,Industrials,Capital Goods,Industrial Conglomerates,Industrial Conglomerates,980783480,2020-09-28T12:34:09Z,https://en.wikipedia.org/w/index.php?oldid=980783480,matched_gics
2020-09-30,GOOG,Alphabet Inc. (Class C),Communication Services,Media & Entertainment,Interactive Media & Services,Interactive Media & Services,980783480,2020-09-28T12:34:09Z,https://en.wikipedia.org/w/index.php?oldid=980783480,matched_gics
2020-09-30,HD,Home Depot,Consumer Discretionary,Retailing,Specialty Retail,Home Improvement Retail,980783480,2020-09-28T12:34:09Z,https://en.wikipedia.org/w/index.php?oldid=980783480,matched_gics
2020-09-30,HON,Honeywell Int'l Inc.,Industrials,Capital Goods,Industrial Conglomerates,Industrial Conglomerates,980783480,2020-09-28T12:34:09Z,https://en.wikipedia.org/w/index.php?oldid=980783480,matched_gics
2020-09-30,JD,"JD.com, Inc.",,,,,,,,missing_gics
2020-09-30,JNJ,Johnson & Johnson,Health Care,"Pharmaceuticals, Biotechnology & Life Sciences",Pharmaceuticals,Pharmaceuticals,980783480,2020-09-28T12:34:09Z,https://en.wikipedia.org/w/index.php?oldid=980783480,matched_gics
2020-09-30,JPM,JPMorgan Chase & Co.,Financials,Banks,Banks,Diversified Banks,980783480,2020-09-28T12:34:09Z,https://en.wikipedia.org/w/index.php?oldid=980783480,matched_gics
2020-09-30,KO,Coca-Cola Company,Consumer Staples,"Food, Beverage & Tobacco",Beverages,Soft Drinks,980783480,2020-09-28T12:34:09Z,https://en.wikipedia.org/w/index.php?oldid=980783480,matched_gics
2020-09-30,LLY,Lilly (Eli) & Co.,Health Care,"Pharmaceuticals, Biotechnology & Life Sciences",Pharmaceuticals,Pharmaceuticals,980783480,2020-09-28T12:34:09Z,https://en.wikipedia.org/w/index.php?oldid=980783480,matched_gics
2020-09-30,LOW,Lowe's Cos.,Consumer Discretionary,Retailing,Specialty Retail,Home Improvement Retail,980783480,2020-09-28T12:34:09Z,https://en.wikipedia.org/w/index.php?oldid=980783480,matched_gics
2020-09-30,MA,Mastercard Inc.,Information Technology,Software & Services,IT Services,Data Processing & Outsourced Services,980783480,2020-09-28T12:34:09Z,https://en.wikipedia.org/w/index.php?oldid=980783480,matched_gics
2020-09-30,MCD,McDonald's Corp.,Consumer Discretionary,Consumer Services,"Hotels, Restaurants & Leisure",Restaurants,980783480,2020-09-28T12:34:09Z,https://en.wikipedia.org/w/index.php?oldid=980783480,matched_gics
2020-09-30,MMM,3M Company,Industrials,Capital Goods,Industrial Conglomerates,Industrial Conglomerates,980783480,2020-09-28T12:34:09Z,https://en.wikipedia.org/w/index.php?oldid=980783480,matched_gics
2020-09-30,MS,Morgan Stanley,Financials,Diversified Financials,Capital Markets,Investment Banking & Brokerage,980783480,2020-09-28T12:34:09Z,https://en.wikipedia.org/w/index.php?oldid=980783480,matched_gics
2020-09-30,MSFT,Microsoft Corp.,Information Technology,Software & Services,Software,Systems Software,980783480,2020-09-28T12:34:09Z,https://en.wikipedia.org/w/index.php?oldid=980783480,matched_gics
2020-09-30,NEE,NextEra Energy,Utilities,Utilities,Multi-Utilities,Multi-Utilities,980783480,2020-09-28T12:34:09Z,https://en.wikipedia.org/w/index.php?oldid=980783480,matched_gics
2020-09-30,NEM,Newmont Corporation,Materials,Materials,Metals & Mining,Gold,980783480,2020-09-28T12:34:09Z,https://en.wikipedia.org/w/index.php?oldid=980783480,matched_gics
2020-09-30,NFLX,Netflix Inc.,Communication Services,Media & Entertainment,Entertainment,Movies & Entertainment,980783480,2020-09-28T12:34:09Z,https://en.wikipedia.org/w/index.php?oldid=980783480,matched_gics
2020-09-30,NGG,National Grid plc,,,,,,,,missing_gics
2020-09-30,NKE,"Nike, Inc.",Consumer Discretionary,Consumer Durables & Apparel,"Textiles, Apparel & Luxury Goods","Apparel, Accessories & Luxury Goods",980783480,2020-09-28T12:34:09Z,https://en.wikipedia.org/w/index.php?oldid=980783480,matched_gics
2020-09-30,NVDA,Nvidia Corporation,Information Technology,Semiconductors & Semiconductor Equipment,Semiconductors & Semiconductor Equipment,Semiconductors,980783480,2020-09-28T12:34:09Z,https://en.wikipedia.org/w/index.php?oldid=980783480,matched_gics
2020-09-30,NVO,Novo Nordisk A/S,,,,,,,,missing_gics
2020-09-30,NVS,Novartis AG,,,,,,,,missing_gics
2020-09-30,O,Realty Income Corporation,Real Estate,Real Estate,Equity Real Estate Investment Trusts (REITs),Retail REITs,980783480,2020-09-28T12:34:09Z,https://en.wikipedia.org/w/index.php?oldid=980783480,matched_gics
2020-09-30,ORCL,Oracle Corp.,Information Technology,Software & Services,Software,Application Software,980783480,2020-09-28T12:34:09Z,https://en.wikipedia.org/w/index.php?oldid=980783480,matched_gics
2020-09-30,PEP,PepsiCo Inc.,Consumer Staples,"Food, Beverage & Tobacco",Beverages,Soft Drinks,980783480,2020-09-28T12:34:09Z,https://en.wikipedia.org/w/index.php?oldid=980783480,matched_gics
2020-09-30,PFE,Pfizer Inc.,Health Care,"Pharmaceuticals, Biotechnology & Life Sciences",Pharmaceuticals,Pharmaceuticals,980783480,2020-09-28T12:34:09Z,https://en.wikipedia.org/w/index.php?oldid=980783480,matched_gics
2020-09-30,PG,Procter & Gamble,Consumer Staples,Household & Personal Products,Personal Products,Personal Products,980783480,2020-09-28T12:34:09Z,https://en.wikipedia.org/w/index.php?oldid=980783480,matched_gics
2020-09-30,PLD,Prologis,Real Estate,Real Estate,Equity Real Estate Investment Trusts (REITs),Industrial REITs,980783480,2020-09-28T12:34:09Z,https://en.wikipedia.org/w/index.php?oldid=980783480,matched_gics
2020-09-30,PM,Philip Morris International,Consumer Staples,"Food, Beverage & Tobacco",Tobacco,Tobacco,980783480,2020-09-28T12:34:09Z,https://en.wikipedia.org/w/index.php?oldid=980783480,matched_gics
2020-09-30,PSA,Public Storage,Real Estate,Real Estate,Equity Real Estate Investment Trusts (REITs),Specialized REITs,980783480,2020-09-28T12:34:09Z,https://en.wikipedia.org/w/index.php?oldid=980783480,matched_gics
2020-09-30,PTR,PetroChina Company Limited,,,,,,,,missing_gics
2020-09-30,PYPL,PayPal,Information Technology,Software & Services,IT Services,Data Processing & Outsourced Services,980783480,2020-09-28T12:34:09Z,https://en.wikipedia.org/w/index.php?oldid=980783480,matched_gics
2020-09-30,RDS-B,Royal Dutch Shell plc,,,,,,,,missing_gics
2020-09-30,RIO,Rio Tinto Group,,,,,,,,missing_gics
2020-09-30,RTX,Raytheon Technologies,Industrials,Capital Goods,Aerospace & Defense,Aerospace & Defense,980783480,2020-09-28T12:34:09Z,https://en.wikipedia.org/w/index.php?oldid=980783480,matched_gics
2020-09-30,SBAC,SBA Communications,Real Estate,Real Estate,Equity Real Estate Investment Trusts (REITs),Specialized REITs,980783480,2020-09-28T12:34:09Z,https://en.wikipedia.org/w/index.php?oldid=980783480,matched_gics
2020-09-30,SBUX,Starbucks Corp.,Consumer Discretionary,Consumer Services,"Hotels, Restaurants & Leisure",Restaurants,980783480,2020-09-28T12:34:09Z,https://en.wikipedia.org/w/index.php?oldid=980783480,matched_gics
2020-09-30,SCHW,Charles Schwab Corporation,Financials,Diversified Financials,Capital Markets,Investment Banking & Brokerage,980783480,2020-09-28T12:34:09Z,https://en.wikipedia.org/w/index.php?oldid=980783480,matched_gics
2020-09-30,SHW,Sherwin-Williams,Materials,Materials,Chemicals,Specialty Chemicals,980783480,2020-09-28T12:34:09Z,https://en.wikipedia.org/w/index.php?oldid=980783480,matched_gics
2020-09-30,SNAP,Snap Inc.,,,,,,,,missing_gics
2020-09-30,SNP,China Petroleum & Chemical Corporation,,,,,,,,missing_gics
2020-09-30,SO,Southern Company,Utilities,Utilities,Electric Utilities,Electric Utilities,980783480,2020-09-28T12:34:09Z,https://en.wikipedia.org/w/index.php?oldid=980783480,matched_gics
2020-09-30,SPG-PJ,"Simon Property Group, Inc.",,,,,,,,missing_gics
2020-09-30,SRE,Sempra Energy,Utilities,Utilities,Multi-Utilities,Multi-Utilities,980783480,2020-09-28T12:34:09Z,https://en.wikipedia.org/w/index.php?oldid=980783480,matched_gics
2020-09-30,T,AT&T Inc.,Communication Services,Telecommunication Services,Diversified Telecommunication Services,Integrated Telecommunication Services,980783480,2020-09-28T12:34:09Z,https://en.wikipedia.org/w/index.php?oldid=980783480,matched_gics
2020-09-30,TGT,Target Corp.,Consumer Discretionary,Retailing,Multiline Retail,General Merchandise Stores,980783480,2020-09-28T12:34:09Z,https://en.wikipedia.org/w/index.php?oldid=980783480,matched_gics
2020-09-30,TM,Toyota Motor Corporation,,,,,,,,missing_gics
2020-09-30,TMO,Thermo Fisher Scientific,Health Care,"Pharmaceuticals, Biotechnology & Life Sciences",Life Sciences Tools & Services,Life Sciences Tools & Services,980783480,2020-09-28T12:34:09Z,https://en.wikipedia.org/w/index.php?oldid=980783480,matched_gics
2020-09-30,TMUS,T-Mobile US,Communication Services,Telecommunication Services,Wireless Telecommunication Services,Wireless Telecommunication Services,980783480,2020-09-28T12:34:09Z,https://en.wikipedia.org/w/index.php?oldid=980783480,matched_gics
2020-09-30,TSLA,"Tesla, Inc.",,,,,,,,missing_gics
2020-09-30,TSM,Taiwan Semiconductor Manufacturing Company Limited,,,,,,,,missing_gics
2020-09-30,TTE,TotalEnergies SE,,,,,,,,missing_gics
2020-09-30,UL,Unilever PLC,,,,,,,,missing_gics
2020-09-30,UNH,United Health Group Inc.,Health Care,Health Care Equipment & Services,Health Care Providers & Services,Managed Health Care,980783480,2020-09-28T12:34:09Z,https://en.wikipedia.org/w/index.php?oldid=980783480,matched_gics
2020-09-30,UNP,Union Pacific Corp,Industrials,Transportation,Road & Rail,Railroads,980783480,2020-09-28T12:34:09Z,https://en.wikipedia.org/w/index.php?oldid=980783480,matched_gics
2020-09-30,UPS,United Parcel Service,Industrials,Transportation,Air Freight & Logistics,Air Freight & Logistics,980783480,2020-09-28T12:34:09Z,https://en.wikipedia.org/w/index.php?oldid=980783480,matched_gics
2020-09-30,V,Visa Inc.,Information Technology,Software & Services,IT Services,Data Processing & Outsourced Services,980783480,2020-09-28T12:34:09Z,https://en.wikipedia.org/w/index.php?oldid=980783480,matched_gics
2020-09-30,VALE,Vale S.A.,,,,,,,,missing_gics
2020-09-30,VZ,Verizon Communications,Communication Services,Telecommunication Services,Diversified Telecommunication Services,Integrated Telecommunication Services,980783480,2020-09-28T12:34:09Z,https://en.wikipedia.org/w/index.php?oldid=980783480,matched_gics
2020-09-30,WELL,Welltower Inc.,Real Estate,Real Estate,Equity Real Estate Investment Trusts (REITs),Health Care REITs,980783480,2020-09-28T12:34:09Z,https://en.wikipedia.org/w/index.php?oldid=980783480,matched_gics
2020-09-30,WFC-PL,Wells Fargo & Company,,,,,,,,missing_gics
2020-09-30,WMT,Walmart,Consumer Staples,Food & Staples Retailing,Food & Staples Retailing,Hypermarkets & Super Centers,980783480,2020-09-28T12:34:09Z,https://en.wikipedia.org/w/index.php?oldid=980783480,matched_gics
2020-09-30,XEL,Xcel Energy Inc,Utilities,Utilities,Multi-Utilities,Multi-Utilities,980783480,2020-09-28T12:34:09Z,https://en.wikipedia.org/w/index.php?oldid=980783480,matched_gics
2020-09-30,XOM,Exxon Mobil Corp.,Energy,Energy,"Oil, Gas & Consumable Fuels",Integrated Oil & Gas,980783480,2020-09-28T12:34:09Z,https://en.wikipedia.org/w/index.php?oldid=980783480,matched_gics
2020-10-31,AAPL,Apple Inc.,Information Technology,Technology Hardware & Equipment,"Technology Hardware, Storage & Peripherals","Technology Hardware, Storage & Peripherals",986445016,2020-10-31T22:25:27Z,https://en.wikipedia.org/w/index.php?oldid=986445016,matched_gics
2020-10-31,ABBV,AbbVie Inc.,Health Care,"Pharmaceuticals, Biotechnology & Life Sciences",Pharmaceuticals,Pharmaceuticals,986445016,2020-10-31T22:25:27Z,https://en.wikipedia.org/w/index.php?oldid=986445016,matched_gics
2020-10-31,ABT,Abbott Laboratories,Health Care,Health Care Equipment & Services,Health Care Equipment & Supplies,Health Care Equipment,986445016,2020-10-31T22:25:27Z,https://en.wikipedia.org/w/index.php?oldid=986445016,matched_gics
2020-10-31,ACN,Accenture plc,Information Technology,Software & Services,IT Services,IT Consulting & Other Services,986445016,2020-10-31T22:25:27Z,https://en.wikipedia.org/w/index.php?oldid=986445016,matched_gics
2020-10-31,ADBE,Adobe Inc.,Information Technology,Software & Services,Software,Application Software,986445016,2020-10-31T22:25:27Z,https://en.wikipedia.org/w/index.php?oldid=986445016,matched_gics
2020-10-31,ADP,Automatic Data Processing,Information Technology,Software & Services,IT Services,Internet Services & Infrastructure,986445016,2020-10-31T22:25:27Z,https://en.wikipedia.org/w/index.php?oldid=986445016,matched_gics
2020-10-31,AEP,American Electric Power,Utilities,Utilities,Electric Utilities,Electric Utilities,986445016,2020-10-31T22:25:27Z,https://en.wikipedia.org/w/index.php?oldid=986445016,matched_gics
2020-10-31,AMT,American Tower Corp.,Real Estate,Real Estate,Equity Real Estate Investment Trusts (REITs),Specialized REITs,986445016,2020-10-31T22:25:27Z,https://en.wikipedia.org/w/index.php?oldid=986445016,matched_gics
2020-10-31,AMZN,Amazon.com Inc.,Consumer Discretionary,Retailing,Internet & Direct Marketing Retail,Internet & Direct Marketing Retail,986445016,2020-10-31T22:25:27Z,https://en.wikipedia.org/w/index.php?oldid=986445016,matched_gics
2020-10-31,APD,Air Products & Chemicals Inc,Materials,Materials,Chemicals,Industrial Gases,986445016,2020-10-31T22:25:27Z,https://en.wikipedia.org/w/index.php?oldid=986445016,matched_gics
2020-10-31,ASML,ASML Holding N.V.,,,,,,,,missing_gics
2020-10-31,AVGO,Broadcom Inc.,Information Technology,Semiconductors & Semiconductor Equipment,Semiconductors & Semiconductor Equipment,Semiconductors,986445016,2020-10-31T22:25:27Z,https://en.wikipedia.org/w/index.php?oldid=986445016,matched_gics
2020-10-31,AWK,American Water Works Company Inc,Utilities,Utilities,Water Utilities,Water Utilities,986445016,2020-10-31T22:25:27Z,https://en.wikipedia.org/w/index.php?oldid=986445016,matched_gics
2020-10-31,BA,Boeing Company,Industrials,Capital Goods,Aerospace & Defense,Aerospace & Defense,986445016,2020-10-31T22:25:27Z,https://en.wikipedia.org/w/index.php?oldid=986445016,matched_gics
2020-10-31,BABA,Alibaba Group Holding Limited,,,,,,,,missing_gics
2020-10-31,BAC,Bank of America Corp,Financials,Banks,Banks,Diversified Banks,986445016,2020-10-31T22:25:27Z,https://en.wikipedia.org/w/index.php?oldid=986445016,matched_gics
2020-10-31,BBL,BHP Group,,,,,,,,missing_gics
2020-10-31,BHP,BHP Group,,,,,,,,missing_gics
2020-10-31,BP,BP p.l.c.,,,,,,,,missing_gics
2020-10-31,BRK-A,Berkshire Hathaway Inc.,,,,,,,,missing_gics
2020-10-31,C-PJ,Citigroup Inc.,,,,,,,,missing_gics
2020-10-31,CAT,Caterpillar Inc.,Industrials,Capital Goods,Machinery,Construction Machinery & Heavy Trucks,986445016,2020-10-31T22:25:27Z,https://en.wikipedia.org/w/index.php?oldid=986445016,matched_gics
2020-10-31,CCI,Crown Castle International Corp.,Real Estate,Real Estate,Equity Real Estate Investment Trusts (REITs),Specialized REITs,986445016,2020-10-31T22:25:27Z,https://en.wikipedia.org/w/index.php?oldid=986445016,matched_gics
2020-10-31,CHTR,Charter Communications,Communication Services,Media,Media,Cable & Satellite,986445016,2020-10-31T22:25:27Z,https://en.wikipedia.org/w/index.php?oldid=986445016,matched_gics
2020-10-31,CMCSA,Comcast Corp.,Communication Services,Media,Media,Cable & Satellite,986445016,2020-10-31T22:25:27Z,https://en.wikipedia.org/w/index.php?oldid=986445016,matched_gics
2020-10-31,COP,ConocoPhillips,Energy,Energy,"Oil, Gas & Consumable Fuels",Oil & Gas Exploration & Production,986445016,2020-10-31T22:25:27Z,https://en.wikipedia.org/w/index.php?oldid=986445016,matched_gics
2020-10-31,COST,Costco Wholesale Corp.,Consumer Staples,Food & Staples Retailing,Food & Staples Retailing,Hypermarkets & Super Centers,986445016,2020-10-31T22:25:27Z,https://en.wikipedia.org/w/index.php?oldid=986445016,matched_gics
2020-10-31,CSCO,Cisco Systems,Information Technology,Technology Hardware & Equipment,Communications Equipment,Communications Equipment,986445016,2020-10-31T22:25:27Z,https://en.wikipedia.org/w/index.php?oldid=986445016,matched_gics
2020-10-31,CTA-PB,E. I. du Pont de Nemours and Company,,,,,,,,missing_gics
2020-10-31,CVX,Chevron Corp.,Energy,Energy,"Oil, Gas & Consumable Fuels",Integrated Oil & Gas,986445016,2020-10-31T22:25:27Z,https://en.wikipedia.org/w/index.php?oldid=986445016,matched_gics
2020-10-31,D,Dominion Energy,Utilities,Utilities,Electric Utilities,Electric Utilities,986445016,2020-10-31T22:25:27Z,https://en.wikipedia.org/w/index.php?oldid=986445016,matched_gics
2020-10-31,DE,Deere & Co.,Industrials,Capital Goods,Machinery,Agricultural & Farm Machinery,986445016,2020-10-31T22:25:27Z,https://en.wikipedia.org/w/index.php?oldid=986445016,matched_gics
2020-10-31,DEO,Diageo plc,,,,,,,,missing_gics
2020-10-31,DHR,Danaher Corp.,Health Care,Health Care Equipment & Services,Health Care Equipment & Supplies,Health Care Equipment,986445016,2020-10-31T22:25:27Z,https://en.wikipedia.org/w/index.php?oldid=986445016,matched_gics
2020-10-31,DIS,The Walt Disney Company,Communication Services,Media & Entertainment,Entertainment,Movies & Entertainment,986445016,2020-10-31T22:25:27Z,https://en.wikipedia.org/w/index.php?oldid=986445016,matched_gics
2020-10-31,DLR,Digital Realty Trust Inc,Real Estate,Real Estate,Equity Real Estate Investment Trusts (REITs),Specialized REITs,986445016,2020-10-31T22:25:27Z,https://en.wikipedia.org/w/index.php?oldid=986445016,matched_gics
2020-10-31,DUK,Duke Energy,Utilities,Utilities,Electric Utilities,Electric Utilities,986445016,2020-10-31T22:25:27Z,https://en.wikipedia.org/w/index.php?oldid=986445016,matched_gics
2020-10-31,ECL,Ecolab Inc.,Materials,Materials,Chemicals,Specialty Chemicals,986445016,2020-10-31T22:25:27Z,https://en.wikipedia.org/w/index.php?oldid=986445016,matched_gics
2020-10-31,EL,Estée Lauder Companies,Consumer Staples,Household & Personal Products,Personal Products,Personal Products,986445016,2020-10-31T22:25:27Z,https://en.wikipedia.org/w/index.php?oldid=986445016,matched_gics
2020-10-31,ENB,Enbridge Inc.,,,,,,,,missing_gics
2020-10-31,EQIX,Equinix,Real Estate,Real Estate,Equity Real Estate Investment Trusts (REITs),Specialized REITs,986445016,2020-10-31T22:25:27Z,https://en.wikipedia.org/w/index.php?oldid=986445016,matched_gics
2020-10-31,EQNR,Equinor ASA,,,,,,,,missing_gics
2020-10-31,EXC,Exelon Corp.,Utilities,Utilities,Multi-Utilities,Multi-Utilities,986445016,2020-10-31T22:25:27Z,https://en.wikipedia.org/w/index.php?oldid=986445016,matched_gics
2020-10-31,FB,"Facebook, Inc.",Communication Services,Media & Entertainment,Interactive Media & Services,Interactive Media & Services,986445016,2020-10-31T22:25:27Z,https://en.wikipedia.org/w/index.php?oldid=986445016,matched_gics
2020-10-31,FCX,Freeport-McMoRan Inc.,Materials,Materials,Metals & Mining,Copper,986445016,2020-10-31T22:25:27Z,https://en.wikipedia.org/w/index.php?oldid=986445016,matched_gics
2020-10-31,GE,General Electric,Industrials,Capital Goods,Industrial Conglomerates,Industrial Conglomerates,986445016,2020-10-31T22:25:27Z,https://en.wikipedia.org/w/index.php?oldid=986445016,matched_gics
2020-10-31,GOOG,Alphabet Inc. (Class C),Communication Services,Media & Entertainment,Interactive Media & Services,Interactive Media & Services,986445016,2020-10-31T22:25:27Z,https://en.wikipedia.org/w/index.php?oldid=986445016,matched_gics
2020-10-31,HD,Home Depot,Consumer Discretionary,Retailing,Specialty Retail,Home Improvement Retail,986445016,2020-10-31T22:25:27Z,https://en.wikipedia.org/w/index.php?oldid=986445016,matched_gics
2020-10-31,HON,Honeywell Int'l Inc.,Industrials,Capital Goods,Industrial Conglomerates,Industrial Conglomerates,986445016,2020-10-31T22:25:27Z,https://en.wikipedia.org/w/index.php?oldid=986445016,matched_gics
2020-10-31,JD,"JD.com, Inc.",,,,,,,,missing_gics
2020-10-31,JNJ,Johnson & Johnson,Health Care,"Pharmaceuticals, Biotechnology & Life Sciences",Pharmaceuticals,Pharmaceuticals,986445016,2020-10-31T22:25:27Z,https://en.wikipedia.org/w/index.php?oldid=986445016,matched_gics
2020-10-31,JPM,JPMorgan Chase & Co.,Financials,Banks,Banks,Diversified Banks,986445016,2020-10-31T22:25:27Z,https://en.wikipedia.org/w/index.php?oldid=986445016,matched_gics
2020-10-31,KO,Coca-Cola Company,Consumer Staples,"Food, Beverage & Tobacco",Beverages,Soft Drinks,986445016,2020-10-31T22:25:27Z,https://en.wikipedia.org/w/index.php?oldid=986445016,matched_gics
2020-10-31,LLY,Lilly (Eli) & Co.,Health Care,"Pharmaceuticals, Biotechnology & Life Sciences",Pharmaceuticals,Pharmaceuticals,986445016,2020-10-31T22:25:27Z,https://en.wikipedia.org/w/index.php?oldid=986445016,matched_gics
2020-10-31,LOW,Lowe's Cos.,Consumer Discretionary,Retailing,Specialty Retail,Home Improvement Retail,986445016,2020-10-31T22:25:27Z,https://en.wikipedia.org/w/index.php?oldid=986445016,matched_gics
2020-10-31,MA,Mastercard Inc.,Information Technology,Software & Services,IT Services,Data Processing & Outsourced Services,986445016,2020-10-31T22:25:27Z,https://en.wikipedia.org/w/index.php?oldid=986445016,matched_gics
2020-10-31,MCD,McDonald's Corp.,Consumer Discretionary,Consumer Services,"Hotels, Restaurants & Leisure",Restaurants,986445016,2020-10-31T22:25:27Z,https://en.wikipedia.org/w/index.php?oldid=986445016,matched_gics
2020-10-31,MMM,3M Company,Industrials,Capital Goods,Industrial Conglomerates,Industrial Conglomerates,986445016,2020-10-31T22:25:27Z,https://en.wikipedia.org/w/index.php?oldid=986445016,matched_gics
2020-10-31,MS,Morgan Stanley,Financials,Diversified Financials,Capital Markets,Investment Banking & Brokerage,986445016,2020-10-31T22:25:27Z,https://en.wikipedia.org/w/index.php?oldid=986445016,matched_gics
2020-10-31,MSFT,Microsoft Corp.,Information Technology,Software & Services,Software,Systems Software,986445016,2020-10-31T22:25:27Z,https://en.wikipedia.org/w/index.php?oldid=986445016,matched_gics
2020-10-31,NEE,NextEra Energy,Utilities,Utilities,Multi-Utilities,Multi-Utilities,986445016,2020-10-31T22:25:27Z,https://en.wikipedia.org/w/index.php?oldid=986445016,matched_gics
2020-10-31,NEM,Newmont Corporation,Materials,Materials,Metals & Mining,Gold,986445016,2020-10-31T22:25:27Z,https://en.wikipedia.org/w/index.php?oldid=986445016,matched_gics
2020-10-31,NFLX,Netflix Inc.,Communication Services,Media & Entertainment,Entertainment,Movies & Entertainment,986445016,2020-10-31T22:25:27Z,https://en.wikipedia.org/w/index.php?oldid=986445016,matched_gics
2020-10-31,NGG,National Grid plc,,,,,,,,missing_gics
2020-10-31,NKE,"Nike, Inc.",Consumer Discretionary,Consumer Durables & Apparel,"Textiles, Apparel & Luxury Goods","Apparel, Accessories & Luxury Goods",986445016,2020-10-31T22:25:27Z,https://en.wikipedia.org/w/index.php?oldid=986445016,matched_gics
2020-10-31,NVDA,Nvidia Corporation,Information Technology,Semiconductors & Semiconductor Equipment,Semiconductors & Semiconductor Equipment,Semiconductors,986445016,2020-10-31T22:25:27Z,https://en.wikipedia.org/w/index.php?oldid=986445016,matched_gics
2020-10-31,NVO,Novo Nordisk A/S,,,,,,,,missing_gics
2020-10-31,NVS,Novartis AG,,,,,,,,missing_gics
2020-10-31,O,Realty Income Corporation,Real Estate,Real Estate,Equity Real Estate Investment Trusts (REITs),Retail REITs,986445016,2020-10-31T22:25:27Z,https://en.wikipedia.org/w/index.php?oldid=986445016,matched_gics
2020-10-31,ORCL,Oracle Corp.,Information Technology,Software & Services,Software,Application Software,986445016,2020-10-31T22:25:27Z,https://en.wikipedia.org/w/index.php?oldid=986445016,matched_gics
2020-10-31,PEP,PepsiCo Inc.,Consumer Staples,"Food, Beverage & Tobacco",Beverages,Soft Drinks,986445016,2020-10-31T22:25:27Z,https://en.wikipedia.org/w/index.php?oldid=986445016,matched_gics
2020-10-31,PFE,Pfizer Inc.,Health Care,"Pharmaceuticals, Biotechnology & Life Sciences",Pharmaceuticals,Pharmaceuticals,986445016,2020-10-31T22:25:27Z,https://en.wikipedia.org/w/index.php?oldid=986445016,matched_gics
2020-10-31,PG,Procter & Gamble,Consumer Staples,Household & Personal Products,Personal Products,Personal Products,986445016,2020-10-31T22:25:27Z,https://en.wikipedia.org/w/index.php?oldid=986445016,matched_gics
2020-10-31,PLD,Prologis,Real Estate,Real Estate,Equity Real Estate Investment Trusts (REITs),Industrial REITs,986445016,2020-10-31T22:25:27Z,https://en.wikipedia.org/w/index.php?oldid=986445016,matched_gics
2020-10-31,PM,Philip Morris International,Consumer Staples,"Food, Beverage & Tobacco",Tobacco,Tobacco,986445016,2020-10-31T22:25:27Z,https://en.wikipedia.org/w/index.php?oldid=986445016,matched_gics
2020-10-31,PSA,Public Storage,Real Estate,Real Estate,Equity Real Estate Investment Trusts (REITs),Specialized REITs,986445016,2020-10-31T22:25:27Z,https://en.wikipedia.org/w/index.php?oldid=986445016,matched_gics
2020-10-31,PTR,PetroChina Company Limited,,,,,,,,missing_gics
2020-10-31,PYPL,PayPal,Information Technology,Software & Services,IT Services,Data Processing & Outsourced Services,986445016,2020-10-31T22:25:27Z,https://en.wikipedia.org/w/index.php?oldid=986445016,matched_gics
2020-10-31,RDS-B,Royal Dutch Shell plc,,,,,,,,missing_gics
2020-10-31,RIO,Rio Tinto Group,,,,,,,,missing_gics
2020-10-31,RTX,Raytheon Technologies,Industrials,Capital Goods,Aerospace & Defense,Aerospace & Defense,986445016,2020-10-31T22:25:27Z,https://en.wikipedia.org/w/index.php?oldid=986445016,matched_gics
2020-10-31,SBAC,SBA Communications,Real Estate,Real Estate,Equity Real Estate Investment Trusts (REITs),Specialized REITs,986445016,2020-10-31T22:25:27Z,https://en.wikipedia.org/w/index.php?oldid=986445016,matched_gics
2020-10-31,SBUX,Starbucks Corp.,Consumer Discretionary,Consumer Services,"Hotels, Restaurants & Leisure",Restaurants,986445016,2020-10-31T22:25:27Z,https://en.wikipedia.org/w/index.php?oldid=986445016,matched_gics
2020-10-31,SCHW,Charles Schwab Corporation,Financials,Diversified Financials,Capital Markets,Investment Banking & Brokerage,986445016,2020-10-31T22:25:27Z,https://en.wikipedia.org/w/index.php?oldid=986445016,matched_gics
2020-10-31,SHW,Sherwin-Williams,Materials,Materials,Chemicals,Specialty Chemicals,986445016,2020-10-31T22:25:27Z,https://en.wikipedia.org/w/index.php?oldid=986445016,matched_gics
2020-10-31,SNAP,Snap Inc.,,,,,,,,missing_gics
2020-10-31,SNP,China Petroleum & Chemical Corporation,,,,,,,,missing_gics
2020-10-31,SO,Southern Company,Utilities,Utilities,Electric Utilities,Electric Utilities,986445016,2020-10-31T22:25:27Z,https://en.wikipedia.org/w/index.php?oldid=986445016,matched_gics
2020-10-31,SPG-PJ,"Simon Property Group, Inc.",,,,,,,,missing_gics
2020-10-31,SRE,Sempra Energy,Utilities,Utilities,Multi-Utilities,Multi-Utilities,986445016,2020-10-31T22:25:27Z,https://en.wikipedia.org/w/index.php?oldid=986445016,matched_gics
2020-10-31,T,AT&T Inc.,Communication Services,Telecommunication Services,Diversified Telecommunication Services,Integrated Telecommunication Services,986445016,2020-10-31T22:25:27Z,https://en.wikipedia.org/w/index.php?oldid=986445016,matched_gics
2020-10-31,TGT,Target Corp.,Consumer Discretionary,Retailing,Multiline Retail,General Merchandise Stores,986445016,2020-10-31T22:25:27Z,https://en.wikipedia.org/w/index.php?oldid=986445016,matched_gics
2020-10-31,TM,Toyota Motor Corporation,,,,,,,,missing_gics
2020-10-31,TMO,Thermo Fisher Scientific,Health Care,"Pharmaceuticals, Biotechnology & Life Sciences",Life Sciences Tools & Services,Life Sciences Tools & Services,986445016,2020-10-31T22:25:27Z,https://en.wikipedia.org/w/index.php?oldid=986445016,matched_gics
2020-10-31,TMUS,T-Mobile US,Communication Services,Telecommunication Services,Wireless Telecommunication Services,Wireless Telecommunication Services,986445016,2020-10-31T22:25:27Z,https://en.wikipedia.org/w/index.php?oldid=986445016,matched_gics
2020-10-31,TSLA,"Tesla, Inc.",,,,,,,,missing_gics
2020-10-31,TSM,Taiwan Semiconductor Manufacturing Company Limited,,,,,,,,missing_gics
2020-10-31,TTE,TotalEnergies SE,,,,,,,,missing_gics
2020-10-31,UL,Unilever PLC,,,,,,,,missing_gics
2020-10-31,UNH,UnitedHealth Group Inc.,Health Care,Health Care Equipment & Services,Health Care Providers & Services,Managed Health Care,986445016,2020-10-31T22:25:27Z,https://en.wikipedia.org/w/index.php?oldid=986445016,matched_gics
2020-10-31,UNP,Union Pacific Corp,Industrials,Transportation,Road & Rail,Railroads,986445016,2020-10-31T22:25:27Z,https://en.wikipedia.org/w/index.php?oldid=986445016,matched_gics
2020-10-31,UPS,United Parcel Service,Industrials,Transportation,Air Freight & Logistics,Air Freight & Logistics,986445016,2020-10-31T22:25:27Z,https://en.wikipedia.org/w/index.php?oldid=986445016,matched_gics
2020-10-31,V,Visa Inc.,Information Technology,Software & Services,IT Services,Data Processing & Outsourced Services,986445016,2020-10-31T22:25:27Z,https://en.wikipedia.org/w/index.php?oldid=986445016,matched_gics
2020-10-31,VALE,Vale S.A.,,,,,,,,missing_gics
2020-10-31,VZ,Verizon Communications,Communication Services,Telecommunication Services,Diversified Telecommunication Services,Integrated Telecommunication Services,986445016,2020-10-31T22:25:27Z,https://en.wikipedia.org/w/index.php?oldid=986445016,matched_gics
2020-10-31,WELL,Welltower Inc.,Real Estate,Real Estate,Equity Real Estate Investment Trusts (REITs),Health Care REITs,986445016,2020-10-31T22:25:27Z,https://en.wikipedia.org/w/index.php?oldid=986445016,matched_gics
2020-10-31,WFC-PL,Wells Fargo & Company,,,,,,,,missing_gics
2020-10-31,WMT,Walmart,Consumer Staples,Food & Staples Retailing,Food & Staples Retailing,Hypermarkets & Super Centers,986445016,2020-10-31T22:25:27Z,https://en.wikipedia.org/w/index.php?oldid=986445016,matched_gics
2020-10-31,XEL,Xcel Energy Inc,Utilities,Utilities,Multi-Utilities,Multi-Utilities,986445016,2020-10-31T22:25:27Z,https://en.wikipedia.org/w/index.php?oldid=986445016,matched_gics
2020-10-31,XOM,Exxon Mobil Corp.,Energy,Energy,"Oil, Gas & Consumable Fuels",Integrated Oil & Gas,986445016,2020-10-31T22:25:27Z,https://en.wikipedia.org/w/index.php?oldid=986445016,matched_gics
2020-11-30,AAPL,Apple Inc.,Information Technology,Technology Hardware & Equipment,"Technology Hardware, Storage & Peripherals","Technology Hardware, Storage & Peripherals",991614697,2020-11-30T23:51:44Z,https://en.wikipedia.org/w/index.php?oldid=991614697,matched_gics
2020-11-30,ABBV,AbbVie Inc.,Health Care,"Pharmaceuticals, Biotechnology & Life Sciences",Pharmaceuticals,Pharmaceuticals,991614697,2020-11-30T23:51:44Z,https://en.wikipedia.org/w/index.php?oldid=991614697,matched_gics
2020-11-30,ABT,Abbott Laboratories,Health Care,Health Care Equipment & Services,Health Care Equipment & Supplies,Health Care Equipment,991614697,2020-11-30T23:51:44Z,https://en.wikipedia.org/w/index.php?oldid=991614697,matched_gics
2020-11-30,ACN,Accenture plc,Information Technology,Software & Services,IT Services,IT Consulting & Other Services,991614697,2020-11-30T23:51:44Z,https://en.wikipedia.org/w/index.php?oldid=991614697,matched_gics
2020-11-30,ADBE,Adobe Inc.,Information Technology,Software & Services,Software,Application Software,991614697,2020-11-30T23:51:44Z,https://en.wikipedia.org/w/index.php?oldid=991614697,matched_gics
2020-11-30,ADP,Automatic Data Processing,Information Technology,Software & Services,IT Services,Internet Services & Infrastructure,991614697,2020-11-30T23:51:44Z,https://en.wikipedia.org/w/index.php?oldid=991614697,matched_gics
2020-11-30,AEP,American Electric Power,Utilities,Utilities,Electric Utilities,Electric Utilities,991614697,2020-11-30T23:51:44Z,https://en.wikipedia.org/w/index.php?oldid=991614697,matched_gics
2020-11-30,AMT,American Tower Corp.,Real Estate,Real Estate,Equity Real Estate Investment Trusts (REITs),Specialized REITs,991614697,2020-11-30T23:51:44Z,https://en.wikipedia.org/w/index.php?oldid=991614697,matched_gics
2020-11-30,AMZN,Amazon.com Inc.,Consumer Discretionary,Retailing,Internet & Direct Marketing Retail,Internet & Direct Marketing Retail,991614697,2020-11-30T23:51:44Z,https://en.wikipedia.org/w/index.php?oldid=991614697,matched_gics
2020-11-30,APD,Air Products & Chemicals Inc,Materials,Materials,Chemicals,Industrial Gases,991614697,2020-11-30T23:51:44Z,https://en.wikipedia.org/w/index.php?oldid=991614697,matched_gics
2020-11-30,ASML,ASML Holding N.V.,,,,,,,,missing_gics
2020-11-30,AVGO,Broadcom Inc.,Information Technology,Semiconductors & Semiconductor Equipment,Semiconductors & Semiconductor Equipment,Semiconductors,991614697,2020-11-30T23:51:44Z,https://en.wikipedia.org/w/index.php?oldid=991614697,matched_gics
2020-11-30,AWK,American Water Works Company Inc,Utilities,Utilities,Water Utilities,Water Utilities,991614697,2020-11-30T23:51:44Z,https://en.wikipedia.org/w/index.php?oldid=991614697,matched_gics
2020-11-30,BA,Boeing Company,Industrials,Capital Goods,Aerospace & Defense,Aerospace & Defense,991614697,2020-11-30T23:51:44Z,https://en.wikipedia.org/w/index.php?oldid=991614697,matched_gics
2020-11-30,BABA,Alibaba Group Holding Limited,,,,,,,,missing_gics
2020-11-30,BAC,Bank of America Corp,Financials,Banks,Banks,Diversified Banks,991614697,2020-11-30T23:51:44Z,https://en.wikipedia.org/w/index.php?oldid=991614697,matched_gics
2020-11-30,BBL,BHP Group,,,,,,,,missing_gics
2020-11-30,BHP,BHP Group,,,,,,,,missing_gics
2020-11-30,BP,BP p.l.c.,,,,,,,,missing_gics
2020-11-30,BRK-A,Berkshire Hathaway Inc.,,,,,,,,missing_gics
2020-11-30,C-PJ,Citigroup Inc.,,,,,,,,missing_gics
2020-11-30,CAT,Caterpillar Inc.,Industrials,Capital Goods,Machinery,Construction Machinery & Heavy Trucks,991614697,2020-11-30T23:51:44Z,https://en.wikipedia.org/w/index.php?oldid=991614697,matched_gics
2020-11-30,CCI,Crown Castle International Corp.,Real Estate,Real Estate,Equity Real Estate Investment Trusts (REITs),Specialized REITs,991614697,2020-11-30T23:51:44Z,https://en.wikipedia.org/w/index.php?oldid=991614697,matched_gics
2020-11-30,CHTR,Charter Communications,Communication Services,Media,Media,Cable & Satellite,991614697,2020-11-30T23:51:44Z,https://en.wikipedia.org/w/index.php?oldid=991614697,matched_gics
2020-11-30,CMCSA,Comcast Corp.,Communication Services,Media,Media,Cable & Satellite,991614697,2020-11-30T23:51:44Z,https://en.wikipedia.org/w/index.php?oldid=991614697,matched_gics
2020-11-30,COP,ConocoPhillips,Energy,Energy,"Oil, Gas & Consumable Fuels",Oil & Gas Exploration & Production,991614697,2020-11-30T23:51:44Z,https://en.wikipedia.org/w/index.php?oldid=991614697,matched_gics
2020-11-30,COST,Costco Wholesale Corp.,Consumer Staples,Food & Staples Retailing,Food & Staples Retailing,Hypermarkets & Super Centers,991614697,2020-11-30T23:51:44Z,https://en.wikipedia.org/w/index.php?oldid=991614697,matched_gics
2020-11-30,CSCO,Cisco Systems,Information Technology,Technology Hardware & Equipment,Communications Equipment,Communications Equipment,991614697,2020-11-30T23:51:44Z,https://en.wikipedia.org/w/index.php?oldid=991614697,matched_gics
2020-11-30,CTA-PB,E. I. du Pont de Nemours and Company,,,,,,,,missing_gics
2020-11-30,CVX,Chevron Corp.,Energy,Energy,"Oil, Gas & Consumable Fuels",Integrated Oil & Gas,991614697,2020-11-30T23:51:44Z,https://en.wikipedia.org/w/index.php?oldid=991614697,matched_gics
2020-11-30,D,Dominion Energy,Utilities,Utilities,Electric Utilities,Electric Utilities,991614697,2020-11-30T23:51:44Z,https://en.wikipedia.org/w/index.php?oldid=991614697,matched_gics
2020-11-30,DE,Deere & Co.,Industrials,Capital Goods,Machinery,Agricultural & Farm Machinery,991614697,2020-11-30T23:51:44Z,https://en.wikipedia.org/w/index.php?oldid=991614697,matched_gics
2020-11-30,DEO,Diageo plc,,,,,,,,missing_gics
2020-11-30,DHR,Danaher Corp.,Health Care,Health Care Equipment & Services,Health Care Equipment & Supplies,Health Care Equipment,991614697,2020-11-30T23:51:44Z,https://en.wikipedia.org/w/index.php?oldid=991614697,matched_gics
2020-11-30,DIS,The Walt Disney Company,Communication Services,Media & Entertainment,Entertainment,Movies & Entertainment,991614697,2020-11-30T23:51:44Z,https://en.wikipedia.org/w/index.php?oldid=991614697,matched_gics
2020-11-30,DLR,Digital Realty Trust Inc,Real Estate,Real Estate,Equity Real Estate Investment Trusts (REITs),Specialized REITs,991614697,2020-11-30T23:51:44Z,https://en.wikipedia.org/w/index.php?oldid=991614697,matched_gics
2020-11-30,DUK,Duke Energy,Utilities,Utilities,Electric Utilities,Electric Utilities,991614697,2020-11-30T23:51:44Z,https://en.wikipedia.org/w/index.php?oldid=991614697,matched_gics
2020-11-30,ECL,Ecolab Inc.,Materials,Materials,Chemicals,Specialty Chemicals,991614697,2020-11-30T23:51:44Z,https://en.wikipedia.org/w/index.php?oldid=991614697,matched_gics
2020-11-30,EL,Estée Lauder Companies,Consumer Staples,Household & Personal Products,Personal Products,Personal Products,991614697,2020-11-30T23:51:44Z,https://en.wikipedia.org/w/index.php?oldid=991614697,matched_gics
2020-11-30,ENB,Enbridge Inc.,,,,,,,,missing_gics
2020-11-30,EQIX,Equinix,Real Estate,Real Estate,Equity Real Estate Investment Trusts (REITs),Specialized REITs,991614697,2020-11-30T23:51:44Z,https://en.wikipedia.org/w/index.php?oldid=991614697,matched_gics
2020-11-30,EQNR,Equinor ASA,,,,,,,,missing_gics
2020-11-30,EXC,Exelon Corp.,Utilities,Utilities,Multi-Utilities,Multi-Utilities,991614697,2020-11-30T23:51:44Z,https://en.wikipedia.org/w/index.php?oldid=991614697,matched_gics
2020-11-30,FB,"Facebook, Inc.",Communication Services,Media & Entertainment,Interactive Media & Services,Interactive Media & Services,991614697,2020-11-30T23:51:44Z,https://en.wikipedia.org/w/index.php?oldid=991614697,matched_gics
2020-11-30,FCX,Freeport-McMoRan Inc.,Materials,Materials,Metals & Mining,Copper,991614697,2020-11-30T23:51:44Z,https://en.wikipedia.org/w/index.php?oldid=991614697,matched_gics
2020-11-30,GE,General Electric,Industrials,Capital Goods,Industrial Conglomerates,Industrial Conglomerates,991614697,2020-11-30T23:51:44Z,https://en.wikipedia.org/w/index.php?oldid=991614697,matched_gics
2020-11-30,GOOG,Alphabet Inc. (Class C),Communication Services,Media & Entertainment,Interactive Media & Services,Interactive Media & Services,991614697,2020-11-30T23:51:44Z,https://en.wikipedia.org/w/index.php?oldid=991614697,matched_gics
2020-11-30,HD,Home Depot,Consumer Discretionary,Retailing,Specialty Retail,Home Improvement Retail,991614697,2020-11-30T23:51:44Z,https://en.wikipedia.org/w/index.php?oldid=991614697,matched_gics
2020-11-30,HON,Honeywell Int'l Inc.,Industrials,Capital Goods,Industrial Conglomerates,Industrial Conglomerates,991614697,2020-11-30T23:51:44Z,https://en.wikipedia.org/w/index.php?oldid=991614697,matched_gics
2020-11-30,JD,"JD.com, Inc.",,,,,,,,missing_gics
2020-11-30,JNJ,Johnson & Johnson,Health Care,"Pharmaceuticals, Biotechnology & Life Sciences",Pharmaceuticals,Pharmaceuticals,991614697,2020-11-30T23:51:44Z,https://en.wikipedia.org/w/index.php?oldid=991614697,matched_gics
2020-11-30,JPM,JPMorgan Chase & Co.,Financials,Banks,Banks,Diversified Banks,991614697,2020-11-30T23:51:44Z,https://en.wikipedia.org/w/index.php?oldid=991614697,matched_gics
2020-11-30,KO,Coca-Cola Company,Consumer Staples,"Food, Beverage & Tobacco",Beverages,Soft Drinks,991614697,2020-11-30T23:51:44Z,https://en.wikipedia.org/w/index.php?oldid=991614697,matched_gics
2020-11-30,LLY,Lilly (Eli) & Co.,Health Care,"Pharmaceuticals, Biotechnology & Life Sciences",Pharmaceuticals,Pharmaceuticals,991614697,2020-11-30T23:51:44Z,https://en.wikipedia.org/w/index.php?oldid=991614697,matched_gics
2020-11-30,LOW,Lowe's Cos.,Consumer Discretionary,Retailing,Specialty Retail,Home Improvement Retail,991614697,2020-11-30T23:51:44Z,https://en.wikipedia.org/w/index.php?oldid=991614697,matched_gics
2020-11-30,MA,Mastercard Inc.,Information Technology,Software & Services,IT Services,Data Processing & Outsourced Services,991614697,2020-11-30T23:51:44Z,https://en.wikipedia.org/w/index.php?oldid=991614697,matched_gics
2020-11-30,MCD,McDonald's Corp.,Consumer Discretionary,Consumer Services,"Hotels, Restaurants & Leisure",Restaurants,991614697,2020-11-30T23:51:44Z,https://en.wikipedia.org/w/index.php?oldid=991614697,matched_gics
2020-11-30,MMM,3M Company,Industrials,Capital Goods,Industrial Conglomerates,Industrial Conglomerates,991614697,2020-11-30T23:51:44Z,https://en.wikipedia.org/w/index.php?oldid=991614697,matched_gics
2020-11-30,MS,Morgan Stanley,Financials,Diversified Financials,Capital Markets,Investment Banking & Brokerage,991614697,2020-11-30T23:51:44Z,https://en.wikipedia.org/w/index.php?oldid=991614697,matched_gics
2020-11-30,MSFT,Microsoft Corp.,Information Technology,Software & Services,Software,Systems Software,991614697,2020-11-30T23:51:44Z,https://en.wikipedia.org/w/index.php?oldid=991614697,matched_gics
2020-11-30,NEE,NextEra Energy,Utilities,Utilities,Multi-Utilities,Multi-Utilities,991614697,2020-11-30T23:51:44Z,https://en.wikipedia.org/w/index.php?oldid=991614697,matched_gics
2020-11-30,NEM,Newmont Corporation,Materials,Materials,Metals & Mining,Gold,991614697,2020-11-30T23:51:44Z,https://en.wikipedia.org/w/index.php?oldid=991614697,matched_gics
2020-11-30,NFLX,Netflix Inc.,Communication Services,Media & Entertainment,Entertainment,Movies & Entertainment,991614697,2020-11-30T23:51:44Z,https://en.wikipedia.org/w/index.php?oldid=991614697,matched_gics
2020-11-30,NGG,National Grid plc,,,,,,,,missing_gics
2020-11-30,NKE,"Nike, Inc.",Consumer Discretionary,Consumer Durables & Apparel,"Textiles, Apparel & Luxury Goods","Apparel, Accessories & Luxury Goods",991614697,2020-11-30T23:51:44Z,https://en.wikipedia.org/w/index.php?oldid=991614697,matched_gics
2020-11-30,NVDA,Nvidia Corporation,Information Technology,Semiconductors & Semiconductor Equipment,Semiconductors & Semiconductor Equipment,Semiconductors,991614697,2020-11-30T23:51:44Z,https://en.wikipedia.org/w/index.php?oldid=991614697,matched_gics
2020-11-30,NVO,Novo Nordisk A/S,,,,,,,,missing_gics
2020-11-30,NVS,Novartis AG,,,,,,,,missing_gics
2020-11-30,O,Realty Income Corporation,Real Estate,Real Estate,Equity Real Estate Investment Trusts (REITs),Retail REITs,991614697,2020-11-30T23:51:44Z,https://en.wikipedia.org/w/index.php?oldid=991614697,matched_gics
2020-11-30,ORCL,Oracle Corp.,Information Technology,Software & Services,Software,Application Software,991614697,2020-11-30T23:51:44Z,https://en.wikipedia.org/w/index.php?oldid=991614697,matched_gics
2020-11-30,PEP,PepsiCo Inc.,Consumer Staples,"Food, Beverage & Tobacco",Beverages,Soft Drinks,991614697,2020-11-30T23:51:44Z,https://en.wikipedia.org/w/index.php?oldid=991614697,matched_gics
2020-11-30,PFE,Pfizer Inc.,Health Care,"Pharmaceuticals, Biotechnology & Life Sciences",Pharmaceuticals,Pharmaceuticals,991614697,2020-11-30T23:51:44Z,https://en.wikipedia.org/w/index.php?oldid=991614697,matched_gics
2020-11-30,PG,Procter & Gamble,Consumer Staples,Household & Personal Products,Personal Products,Personal Products,991614697,2020-11-30T23:51:44Z,https://en.wikipedia.org/w/index.php?oldid=991614697,matched_gics
2020-11-30,PLD,Prologis,Real Estate,Real Estate,Equity Real Estate Investment Trusts (REITs),Industrial REITs,991614697,2020-11-30T23:51:44Z,https://en.wikipedia.org/w/index.php?oldid=991614697,matched_gics
2020-11-30,PM,Philip Morris International,Consumer Staples,"Food, Beverage & Tobacco",Tobacco,Tobacco,991614697,2020-11-30T23:51:44Z,https://en.wikipedia.org/w/index.php?oldid=991614697,matched_gics
2020-11-30,PSA,Public Storage,Real Estate,Real Estate,Equity Real Estate Investment Trusts (REITs),Specialized REITs,991614697,2020-11-30T23:51:44Z,https://en.wikipedia.org/w/index.php?oldid=991614697,matched_gics
2020-11-30,PTR,PetroChina Company Limited,,,,,,,,missing_gics
2020-11-30,PYPL,PayPal,Information Technology,Software & Services,IT Services,Data Processing & Outsourced Services,991614697,2020-11-30T23:51:44Z,https://en.wikipedia.org/w/index.php?oldid=991614697,matched_gics
2020-11-30,RDS-B,Royal Dutch Shell plc,,,,,,,,missing_gics
2020-11-30,RIO,Rio Tinto Group,,,,,,,,missing_gics
2020-11-30,RTX,Raytheon Technologies,Industrials,Capital Goods,Aerospace & Defense,Aerospace & Defense,991614697,2020-11-30T23:51:44Z,https://en.wikipedia.org/w/index.php?oldid=991614697,matched_gics
2020-11-30,SBAC,SBA Communications,Real Estate,Real Estate,Equity Real Estate Investment Trusts (REITs),Specialized REITs,991614697,2020-11-30T23:51:44Z,https://en.wikipedia.org/w/index.php?oldid=991614697,matched_gics
2020-11-30,SBUX,Starbucks Corp.,Consumer Discretionary,Consumer Services,"Hotels, Restaurants & Leisure",Restaurants,991614697,2020-11-30T23:51:44Z,https://en.wikipedia.org/w/index.php?oldid=991614697,matched_gics
2020-11-30,SCHW,Charles Schwab Corporation,Financials,Diversified Financials,Capital Markets,Investment Banking & Brokerage,991614697,2020-11-30T23:51:44Z,https://en.wikipedia.org/w/index.php?oldid=991614697,matched_gics
2020-11-30,SHW,Sherwin-Williams,Materials,Materials,Chemicals,Specialty Chemicals,991614697,2020-11-30T23:51:44Z,https://en.wikipedia.org/w/index.php?oldid=991614697,matched_gics
2020-11-30,SNAP,Snap Inc.,,,,,,,,missing_gics
2020-11-30,SNP,China Petroleum & Chemical Corporation,,,,,,,,missing_gics
2020-11-30,SO,Southern Company,Utilities,Utilities,Electric Utilities,Electric Utilities,991614697,2020-11-30T23:51:44Z,https://en.wikipedia.org/w/index.php?oldid=991614697,matched_gics
2020-11-30,SPG-PJ,"Simon Property Group, Inc.",,,,,,,,missing_gics
2020-11-30,SRE,Sempra Energy,Utilities,Utilities,Multi-Utilities,Multi-Utilities,991614697,2020-11-30T23:51:44Z,https://en.wikipedia.org/w/index.php?oldid=991614697,matched_gics
2020-11-30,T,AT&T Inc.,Communication Services,Telecommunication Services,Diversified Telecommunication Services,Integrated Telecommunication Services,991614697,2020-11-30T23:51:44Z,https://en.wikipedia.org/w/index.php?oldid=991614697,matched_gics
2020-11-30,TGT,Target Corp.,Consumer Discretionary,Retailing,Multiline Retail,General Merchandise Stores,991614697,2020-11-30T23:51:44Z,https://en.wikipedia.org/w/index.php?oldid=991614697,matched_gics
2020-11-30,TM,Toyota Motor Corporation,,,,,,,,missing_gics
2020-11-30,TMO,Thermo Fisher Scientific,Health Care,"Pharmaceuticals, Biotechnology & Life Sciences",Life Sciences Tools & Services,Life Sciences Tools & Services,991614697,2020-11-30T23:51:44Z,https://en.wikipedia.org/w/index.php?oldid=991614697,matched_gics
2020-11-30,TMUS,T-Mobile US,Communication Services,Telecommunication Services,Wireless Telecommunication Services,Wireless Telecommunication Services,991614697,2020-11-30T23:51:44Z,https://en.wikipedia.org/w/index.php?oldid=991614697,matched_gics
2020-11-30,TSLA,"Tesla, Inc.",,,,,,,,missing_gics
2020-11-30,TSM,Taiwan Semiconductor Manufacturing Company Limited,,,,,,,,missing_gics
2020-11-30,TTE,TotalEnergies SE,,,,,,,,missing_gics
2020-11-30,UL,Unilever PLC,,,,,,,,missing_gics
2020-11-30,UNH,UnitedHealth Group Inc.,Health Care,Health Care Equipment & Services,Health Care Providers & Services,Managed Health Care,991614697,2020-11-30T23:51:44Z,https://en.wikipedia.org/w/index.php?oldid=991614697,matched_gics
2020-11-30,UNP,Union Pacific Corp,Industrials,Transportation,Road & Rail,Railroads,991614697,2020-11-30T23:51:44Z,https://en.wikipedia.org/w/index.php?oldid=991614697,matched_gics
2020-11-30,UPS,United Parcel Service,Industrials,Transportation,Air Freight & Logistics,Air Freight & Logistics,991614697,2020-11-30T23:51:44Z,https://en.wikipedia.org/w/index.php?oldid=991614697,matched_gics
2020-11-30,V,Visa Inc.,Information Technology,Software & Services,IT Services,Data Processing & Outsourced Services,991614697,2020-11-30T23:51:44Z,https://en.wikipedia.org/w/index.php?oldid=991614697,matched_gics
2020-11-30,VALE,Vale S.A.,,,,,,,,missing_gics
2020-11-30,VZ,Verizon Communications,Communication Services,Telecommunication Services,Diversified Telecommunication Services,Integrated Telecommunication Services,991614697,2020-11-30T23:51:44Z,https://en.wikipedia.org/w/index.php?oldid=991614697,matched_gics
2020-11-30,WELL,Welltower Inc.,Real Estate,Real Estate,Equity Real Estate Investment Trusts (REITs),Health Care REITs,991614697,2020-11-30T23:51:44Z,https://en.wikipedia.org/w/index.php?oldid=991614697,matched_gics
2020-11-30,WFC-PL,Wells Fargo & Company,,,,,,,,missing_gics
2020-11-30,WMT,Walmart,Consumer Staples,Food & Staples Retailing,Food & Staples Retailing,Hypermarkets & Super Centers,991614697,2020-11-30T23:51:44Z,https://en.wikipedia.org/w/index.php?oldid=991614697,matched_gics
2020-11-30,XEL,Xcel Energy Inc,Utilities,Utilities,Multi-Utilities,Multi-Utilities,991614697,2020-11-30T23:51:44Z,https://en.wikipedia.org/w/index.php?oldid=991614697,matched_gics
2020-11-30,XOM,Exxon Mobil Corp.,Energy,Energy,"Oil, Gas & Consumable Fuels",Integrated Oil & Gas,991614697,2020-11-30T23:51:44Z,https://en.wikipedia.org/w/index.php?oldid=991614697,matched_gics
2020-12-31,AAPL,Apple Inc.,Information Technology,Technology Hardware & Equipment,"Technology Hardware, Storage & Peripherals","Technology Hardware, Storage & Peripherals",997494787,2020-12-31T19:55:41Z,https://en.wikipedia.org/w/index.php?oldid=997494787,matched_gics
2020-12-31,ABBV,AbbVie Inc.,Health Care,"Pharmaceuticals, Biotechnology & Life Sciences",Pharmaceuticals,Pharmaceuticals,997494787,2020-12-31T19:55:41Z,https://en.wikipedia.org/w/index.php?oldid=997494787,matched_gics
2020-12-31,ABT,Abbott Laboratories,Health Care,Health Care Equipment & Services,Health Care Equipment & Supplies,Health Care Equipment,997494787,2020-12-31T19:55:41Z,https://en.wikipedia.org/w/index.php?oldid=997494787,matched_gics
2020-12-31,ACN,Accenture plc,Information Technology,Software & Services,IT Services,IT Consulting & Other Services,997494787,2020-12-31T19:55:41Z,https://en.wikipedia.org/w/index.php?oldid=997494787,matched_gics
2020-12-31,ADBE,Adobe Inc.,Information Technology,Software & Services,Software,Application Software,997494787,2020-12-31T19:55:41Z,https://en.wikipedia.org/w/index.php?oldid=997494787,matched_gics
2020-12-31,ADP,Automatic Data Processing,Information Technology,Software & Services,IT Services,Internet Services & Infrastructure,997494787,2020-12-31T19:55:41Z,https://en.wikipedia.org/w/index.php?oldid=997494787,matched_gics
2020-12-31,AEP,American Electric Power,Utilities,Utilities,Electric Utilities,Electric Utilities,997494787,2020-12-31T19:55:41Z,https://en.wikipedia.org/w/index.php?oldid=997494787,matched_gics
2020-12-31,AMT,American Tower Corp.,Real Estate,Real Estate,Equity Real Estate Investment Trusts (REITs),Specialized REITs,997494787,2020-12-31T19:55:41Z,https://en.wikipedia.org/w/index.php?oldid=997494787,matched_gics
2020-12-31,AMZN,Amazon.com Inc.,Consumer Discretionary,Retailing,Internet & Direct Marketing Retail,Internet & Direct Marketing Retail,997494787,2020-12-31T19:55:41Z,https://en.wikipedia.org/w/index.php?oldid=997494787,matched_gics
2020-12-31,APD,Air Products & Chemicals Inc,Materials,Materials,Chemicals,Industrial Gases,997494787,2020-12-31T19:55:41Z,https://en.wikipedia.org/w/index.php?oldid=997494787,matched_gics
2020-12-31,ASML,ASML Holding N.V.,,,,,,,,missing_gics
2020-12-31,AVGO,Broadcom Inc.,Information Technology,Semiconductors & Semiconductor Equipment,Semiconductors & Semiconductor Equipment,Semiconductors,997494787,2020-12-31T19:55:41Z,https://en.wikipedia.org/w/index.php?oldid=997494787,matched_gics
2020-12-31,AWK,American Water Works Company Inc,Utilities,Utilities,Water Utilities,Water Utilities,997494787,2020-12-31T19:55:41Z,https://en.wikipedia.org/w/index.php?oldid=997494787,matched_gics
2020-12-31,BA,Boeing Company,Industrials,Capital Goods,Aerospace & Defense,Aerospace & Defense,997494787,2020-12-31T19:55:41Z,https://en.wikipedia.org/w/index.php?oldid=997494787,matched_gics
2020-12-31,BABA,Alibaba Group Holding Limited,,,,,,,,missing_gics
2020-12-31,BAC,Bank of America Corp,Financials,Banks,Banks,Diversified Banks,997494787,2020-12-31T19:55:41Z,https://en.wikipedia.org/w/index.php?oldid=997494787,matched_gics
2020-12-31,BBL,BHP Group,,,,,,,,missing_gics
2020-12-31,BHP,BHP Group,,,,,,,,missing_gics
2020-12-31,BP,BP p.l.c.,,,,,,,,missing_gics
2020-12-31,BRK-A,Berkshire Hathaway Inc.,,,,,,,,missing_gics
2020-12-31,C-PJ,Citigroup Inc.,,,,,,,,missing_gics
2020-12-31,CAT,Caterpillar Inc.,Industrials,Capital Goods,Machinery,Construction Machinery & Heavy Trucks,997494787,2020-12-31T19:55:41Z,https://en.wikipedia.org/w/index.php?oldid=997494787,matched_gics
2020-12-31,CCI,Crown Castle International Corp.,Real Estate,Real Estate,Equity Real Estate Investment Trusts (REITs),Specialized REITs,997494787,2020-12-31T19:55:41Z,https://en.wikipedia.org/w/index.php?oldid=997494787,matched_gics
2020-12-31,CHTR,Charter Communications,Communication Services,Media,Media,Cable & Satellite,997494787,2020-12-31T19:55:41Z,https://en.wikipedia.org/w/index.php?oldid=997494787,matched_gics
2020-12-31,CMCSA,Comcast Corp.,Communication Services,Media,Media,Cable & Satellite,997494787,2020-12-31T19:55:41Z,https://en.wikipedia.org/w/index.php?oldid=997494787,matched_gics
2020-12-31,COP,ConocoPhillips,Energy,Energy,"Oil, Gas & Consumable Fuels",Oil & Gas Exploration & Production,997494787,2020-12-31T19:55:41Z,https://en.wikipedia.org/w/index.php?oldid=997494787,matched_gics
2020-12-31,COST,Costco Wholesale Corp.,Consumer Staples,Food & Staples Retailing,Food & Staples Retailing,Hypermarkets & Super Centers,997494787,2020-12-31T19:55:41Z,https://en.wikipedia.org/w/index.php?oldid=997494787,matched_gics
2020-12-31,CSCO,Cisco Systems,Information Technology,Technology Hardware & Equipment,Communications Equipment,Communications Equipment,997494787,2020-12-31T19:55:41Z,https://en.wikipedia.org/w/index.php?oldid=997494787,matched_gics
2020-12-31,CTA-PB,E. I. du Pont de Nemours and Company,,,,,,,,missing_gics
2020-12-31,CVX,Chevron Corp.,Energy,Energy,"Oil, Gas & Consumable Fuels",Integrated Oil & Gas,997494787,2020-12-31T19:55:41Z,https://en.wikipedia.org/w/index.php?oldid=997494787,matched_gics
2020-12-31,D,Dominion Energy,Utilities,Utilities,Electric Utilities,Electric Utilities,997494787,2020-12-31T19:55:41Z,https://en.wikipedia.org/w/index.php?oldid=997494787,matched_gics
2020-12-31,DE,Deere & Co.,Industrials,Capital Goods,Machinery,Agricultural & Farm Machinery,997494787,2020-12-31T19:55:41Z,https://en.wikipedia.org/w/index.php?oldid=997494787,matched_gics
2020-12-31,DEO,Diageo plc,,,,,,,,missing_gics
2020-12-31,DHR,Danaher Corp.,Health Care,Health Care Equipment & Services,Health Care Equipment & Supplies,Health Care Equipment,997494787,2020-12-31T19:55:41Z,https://en.wikipedia.org/w/index.php?oldid=997494787,matched_gics
2020-12-31,DIS,The Walt Disney Company,Communication Services,Media & Entertainment,Entertainment,Movies & Entertainment,997494787,2020-12-31T19:55:41Z,https://en.wikipedia.org/w/index.php?oldid=997494787,matched_gics
2020-12-31,DLR,Digital Realty Trust Inc,Real Estate,Real Estate,Equity Real Estate Investment Trusts (REITs),Specialized REITs,997494787,2020-12-31T19:55:41Z,https://en.wikipedia.org/w/index.php?oldid=997494787,matched_gics
2020-12-31,DUK,Duke Energy,Utilities,Utilities,Electric Utilities,Electric Utilities,997494787,2020-12-31T19:55:41Z,https://en.wikipedia.org/w/index.php?oldid=997494787,matched_gics
2020-12-31,ECL,Ecolab Inc.,Materials,Materials,Chemicals,Specialty Chemicals,997494787,2020-12-31T19:55:41Z,https://en.wikipedia.org/w/index.php?oldid=997494787,matched_gics
2020-12-31,EL,Estée Lauder Companies,Consumer Staples,Household & Personal Products,Personal Products,Personal Products,997494787,2020-12-31T19:55:41Z,https://en.wikipedia.org/w/index.php?oldid=997494787,matched_gics
2020-12-31,ENB,Enbridge Inc.,,,,,,,,missing_gics
2020-12-31,EQIX,Equinix,Real Estate,Real Estate,Equity Real Estate Investment Trusts (REITs),Specialized REITs,997494787,2020-12-31T19:55:41Z,https://en.wikipedia.org/w/index.php?oldid=997494787,matched_gics
2020-12-31,EQNR,Equinor ASA,,,,,,,,missing_gics
2020-12-31,EXC,Exelon Corp.,Utilities,Utilities,Multi-Utilities,Multi-Utilities,997494787,2020-12-31T19:55:41Z,https://en.wikipedia.org/w/index.php?oldid=997494787,matched_gics
2020-12-31,FB,"Facebook, Inc.",Communication Services,Media & Entertainment,Interactive Media & Services,Interactive Media & Services,997494787,2020-12-31T19:55:41Z,https://en.wikipedia.org/w/index.php?oldid=997494787,matched_gics
2020-12-31,FCX,Freeport-McMoRan Inc.,Materials,Materials,Metals & Mining,Copper,997494787,2020-12-31T19:55:41Z,https://en.wikipedia.org/w/index.php?oldid=997494787,matched_gics
2020-12-31,GE,General Electric,Industrials,Capital Goods,Industrial Conglomerates,Industrial Conglomerates,997494787,2020-12-31T19:55:41Z,https://en.wikipedia.org/w/index.php?oldid=997494787,matched_gics
2020-12-31,GOOG,Alphabet Inc. (Class C),Communication Services,Media & Entertainment,Interactive Media & Services,Interactive Media & Services,997494787,2020-12-31T19:55:41Z,https://en.wikipedia.org/w/index.php?oldid=997494787,matched_gics
2020-12-31,HD,Home Depot,Consumer Discretionary,Retailing,Specialty Retail,Home Improvement Retail,997494787,2020-12-31T19:55:41Z,https://en.wikipedia.org/w/index.php?oldid=997494787,matched_gics
2020-12-31,HON,Honeywell Int'l Inc.,Industrials,Capital Goods,Industrial Conglomerates,Industrial Conglomerates,997494787,2020-12-31T19:55:41Z,https://en.wikipedia.org/w/index.php?oldid=997494787,matched_gics
2020-12-31,JD,"JD.com, Inc.",,,,,,,,missing_gics
2020-12-31,JNJ,Johnson & Johnson,Health Care,"Pharmaceuticals, Biotechnology & Life Sciences",Pharmaceuticals,Pharmaceuticals,997494787,2020-12-31T19:55:41Z,https://en.wikipedia.org/w/index.php?oldid=997494787,matched_gics
2020-12-31,JPM,JPMorgan Chase & Co.,Financials,Banks,Banks,Diversified Banks,997494787,2020-12-31T19:55:41Z,https://en.wikipedia.org/w/index.php?oldid=997494787,matched_gics
2020-12-31,KO,Coca-Cola Company,Consumer Staples,"Food, Beverage & Tobacco",Beverages,Soft Drinks,997494787,2020-12-31T19:55:41Z,https://en.wikipedia.org/w/index.php?oldid=997494787,matched_gics
2020-12-31,LLY,Lilly (Eli) & Co.,Health Care,"Pharmaceuticals, Biotechnology & Life Sciences",Pharmaceuticals,Pharmaceuticals,997494787,2020-12-31T19:55:41Z,https://en.wikipedia.org/w/index.php?oldid=997494787,matched_gics
2020-12-31,LOW,Lowe's Cos.,Consumer Discretionary,Retailing,Specialty Retail,Home Improvement Retail,997494787,2020-12-31T19:55:41Z,https://en.wikipedia.org/w/index.php?oldid=997494787,matched_gics
2020-12-31,MA,Mastercard Inc.,Information Technology,Software & Services,IT Services,Data Processing & Outsourced Services,997494787,2020-12-31T19:55:41Z,https://en.wikipedia.org/w/index.php?oldid=997494787,matched_gics
2020-12-31,MCD,McDonald's Corp.,Consumer Discretionary,Consumer Services,"Hotels, Restaurants & Leisure",Restaurants,997494787,2020-12-31T19:55:41Z,https://en.wikipedia.org/w/index.php?oldid=997494787,matched_gics
2020-12-31,MMM,3M Company,Industrials,Capital Goods,Industrial Conglomerates,Industrial Conglomerates,997494787,2020-12-31T19:55:41Z,https://en.wikipedia.org/w/index.php?oldid=997494787,matched_gics
2020-12-31,MS,Morgan Stanley,Financials,Diversified Financials,Capital Markets,Investment Banking & Brokerage,997494787,2020-12-31T19:55:41Z,https://en.wikipedia.org/w/index.php?oldid=997494787,matched_gics
2020-12-31,MSFT,Microsoft Corp.,Information Technology,Software & Services,Software,Systems Software,997494787,2020-12-31T19:55:41Z,https://en.wikipedia.org/w/index.php?oldid=997494787,matched_gics
2020-12-31,NEE,NextEra Energy,Utilities,Utilities,Multi-Utilities,Multi-Utilities,997494787,2020-12-31T19:55:41Z,https://en.wikipedia.org/w/index.php?oldid=997494787,matched_gics
2020-12-31,NEM,Newmont Corporation,Materials,Materials,Metals & Mining,Gold,997494787,2020-12-31T19:55:41Z,https://en.wikipedia.org/w/index.php?oldid=997494787,matched_gics
2020-12-31,NFLX,Netflix Inc.,Communication Services,Media & Entertainment,Entertainment,Movies & Entertainment,997494787,2020-12-31T19:55:41Z,https://en.wikipedia.org/w/index.php?oldid=997494787,matched_gics
2020-12-31,NGG,National Grid plc,,,,,,,,missing_gics
2020-12-31,NKE,"Nike, Inc.",Consumer Discretionary,Consumer Durables & Apparel,"Textiles, Apparel & Luxury Goods","Apparel, Accessories & Luxury Goods",997494787,2020-12-31T19:55:41Z,https://en.wikipedia.org/w/index.php?oldid=997494787,matched_gics
2020-12-31,NVDA,Nvidia Corporation,Information Technology,Semiconductors & Semiconductor Equipment,Semiconductors & Semiconductor Equipment,Semiconductors,997494787,2020-12-31T19:55:41Z,https://en.wikipedia.org/w/index.php?oldid=997494787,matched_gics
2020-12-31,NVO,Novo Nordisk A/S,,,,,,,,missing_gics
2020-12-31,NVS,Novartis AG,,,,,,,,missing_gics
2020-12-31,O,Realty Income Corporation,Real Estate,Real Estate,Equity Real Estate Investment Trusts (REITs),Retail REITs,997494787,2020-12-31T19:55:41Z,https://en.wikipedia.org/w/index.php?oldid=997494787,matched_gics
2020-12-31,ORCL,Oracle Corp.,Information Technology,Software & Services,Software,Application Software,997494787,2020-12-31T19:55:41Z,https://en.wikipedia.org/w/index.php?oldid=997494787,matched_gics
2020-12-31,PEP,PepsiCo Inc.,Consumer Staples,"Food, Beverage & Tobacco",Beverages,Soft Drinks,997494787,2020-12-31T19:55:41Z,https://en.wikipedia.org/w/index.php?oldid=997494787,matched_gics
2020-12-31,PFE,Pfizer Inc.,Health Care,"Pharmaceuticals, Biotechnology & Life Sciences",Pharmaceuticals,Pharmaceuticals,997494787,2020-12-31T19:55:41Z,https://en.wikipedia.org/w/index.php?oldid=997494787,matched_gics
2020-12-31,PG,Procter & Gamble,Consumer Staples,Household & Personal Products,Personal Products,Personal Products,997494787,2020-12-31T19:55:41Z,https://en.wikipedia.org/w/index.php?oldid=997494787,matched_gics
2020-12-31,PLD,Prologis,Real Estate,Real Estate,Equity Real Estate Investment Trusts (REITs),Industrial REITs,997494787,2020-12-31T19:55:41Z,https://en.wikipedia.org/w/index.php?oldid=997494787,matched_gics
2020-12-31,PM,Philip Morris International,Consumer Staples,"Food, Beverage & Tobacco",Tobacco,Tobacco,997494787,2020-12-31T19:55:41Z,https://en.wikipedia.org/w/index.php?oldid=997494787,matched_gics
2020-12-31,PSA,Public Storage,Real Estate,Real Estate,Equity Real Estate Investment Trusts (REITs),Specialized REITs,997494787,2020-12-31T19:55:41Z,https://en.wikipedia.org/w/index.php?oldid=997494787,matched_gics
2020-12-31,PTR,PetroChina Company Limited,,,,,,,,missing_gics
2020-12-31,PYPL,PayPal,Information Technology,Software & Services,IT Services,Data Processing & Outsourced Services,997494787,2020-12-31T19:55:41Z,https://en.wikipedia.org/w/index.php?oldid=997494787,matched_gics
2020-12-31,RDS-B,Royal Dutch Shell plc,,,,,,,,missing_gics
2020-12-31,RIO,Rio Tinto Group,,,,,,,,missing_gics
2020-12-31,RTX,Raytheon Technologies,Industrials,Capital Goods,Aerospace & Defense,Aerospace & Defense,997494787,2020-12-31T19:55:41Z,https://en.wikipedia.org/w/index.php?oldid=997494787,matched_gics
2020-12-31,SBAC,SBA Communications,Real Estate,Real Estate,Equity Real Estate Investment Trusts (REITs),Specialized REITs,997494787,2020-12-31T19:55:41Z,https://en.wikipedia.org/w/index.php?oldid=997494787,matched_gics
2020-12-31,SBUX,Starbucks Corp.,Consumer Discretionary,Consumer Services,"Hotels, Restaurants & Leisure",Restaurants,997494787,2020-12-31T19:55:41Z,https://en.wikipedia.org/w/index.php?oldid=997494787,matched_gics
2020-12-31,SCHW,Charles Schwab Corporation,Financials,Diversified Financials,Capital Markets,Investment Banking & Brokerage,997494787,2020-12-31T19:55:41Z,https://en.wikipedia.org/w/index.php?oldid=997494787,matched_gics
2020-12-31,SHW,Sherwin-Williams,Materials,Materials,Chemicals,Specialty Chemicals,997494787,2020-12-31T19:55:41Z,https://en.wikipedia.org/w/index.php?oldid=997494787,matched_gics
2020-12-31,SNAP,Snap Inc.,,,,,,,,missing_gics
2020-12-31,SNP,China Petroleum & Chemical Corporation,,,,,,,,missing_gics
2020-12-31,SO,Southern Company,Utilities,Utilities,Electric Utilities,Electric Utilities,997494787,2020-12-31T19:55:41Z,https://en.wikipedia.org/w/index.php?oldid=997494787,matched_gics
2020-12-31,SPG-PJ,"Simon Property Group, Inc.",,,,,,,,missing_gics
2020-12-31,SRE,Sempra Energy,Utilities,Utilities,Multi-Utilities,Multi-Utilities,997494787,2020-12-31T19:55:41Z,https://en.wikipedia.org/w/index.php?oldid=997494787,matched_gics
2020-12-31,T,AT&T Inc.,Communication Services,Telecommunication Services,Diversified Telecommunication Services,Integrated Telecommunication Services,997494787,2020-12-31T19:55:41Z,https://en.wikipedia.org/w/index.php?oldid=997494787,matched_gics
2020-12-31,TGT,Target Corp.,Consumer Discretionary,Retailing,Multiline Retail,General Merchandise Stores,997494787,2020-12-31T19:55:41Z,https://en.wikipedia.org/w/index.php?oldid=997494787,matched_gics
2020-12-31,TM,Toyota Motor Corporation,,,,,,,,missing_gics
2020-12-31,TMO,Thermo Fisher Scientific,Health Care,"Pharmaceuticals, Biotechnology & Life Sciences",Life Sciences Tools & Services,Life Sciences Tools & Services,997494787,2020-12-31T19:55:41Z,https://en.wikipedia.org/w/index.php?oldid=997494787,matched_gics
2020-12-31,TMUS,T-Mobile US,Communication Services,Telecommunication Services,Wireless Telecommunication Services,Wireless Telecommunication Services,997494787,2020-12-31T19:55:41Z,https://en.wikipedia.org/w/index.php?oldid=997494787,matched_gics
2020-12-31,TSLA,"Tesla, Inc.",Consumer Discretionary,Automobiles & Components,Automobiles,Automobile Manufacturers,997494787,2020-12-31T19:55:41Z,https://en.wikipedia.org/w/index.php?oldid=997494787,matched_gics
2020-12-31,TSM,Taiwan Semiconductor Manufacturing Company Limited,,,,,,,,missing_gics
2020-12-31,TTE,TotalEnergies SE,,,,,,,,missing_gics
2020-12-31,UL,Unilever PLC,,,,,,,,missing_gics
2020-12-31,UNH,UnitedHealth Group Inc.,Health Care,Health Care Equipment & Services,Health Care Providers & Services,Managed Health Care,997494787,2020-12-31T19:55:41Z,https://en.wikipedia.org/w/index.php?oldid=997494787,matched_gics
2020-12-31,UNP,Union Pacific Corp,Industrials,Transportation,Road & Rail,Railroads,997494787,2020-12-31T19:55:41Z,https://en.wikipedia.org/w/index.php?oldid=997494787,matched_gics
2020-12-31,UPS,United Parcel Service,Industrials,Transportation,Air Freight & Logistics,Air Freight & Logistics,997494787,2020-12-31T19:55:41Z,https://en.wikipedia.org/w/index.php?oldid=997494787,matched_gics
2020-12-31,V,Visa Inc.,Information Technology,Software & Services,IT Services,Data Processing & Outsourced Services,997494787,2020-12-31T19:55:41Z,https://en.wikipedia.org/w/index.php?oldid=997494787,matched_gics
2020-12-31,VALE,Vale S.A.,,,,,,,,missing_gics
2020-12-31,VZ,Verizon Communications,Communication Services,Telecommunication Services,Diversified Telecommunication Services,Integrated Telecommunication Services,997494787,2020-12-31T19:55:41Z,https://en.wikipedia.org/w/index.php?oldid=997494787,matched_gics
2020-12-31,WELL,Welltower Inc.,Real Estate,Real Estate,Equity Real Estate Investment Trusts (REITs),Health Care REITs,997494787,2020-12-31T19:55:41Z,https://en.wikipedia.org/w/index.php?oldid=997494787,matched_gics
2020-12-31,WFC-PL,Wells Fargo & Company,,,,,,,,missing_gics
2020-12-31,WMT,Walmart,Consumer Staples,Food & Staples Retailing,Food & Staples Retailing,Hypermarkets & Super Centers,997494787,2020-12-31T19:55:41Z,https://en.wikipedia.org/w/index.php?oldid=997494787,matched_gics
2020-12-31,XEL,Xcel Energy Inc,Utilities,Utilities,Multi-Utilities,Multi-Utilities,997494787,2020-12-31T19:55:41Z,https://en.wikipedia.org/w/index.php?oldid=997494787,matched_gics
2020-12-31,XOM,Exxon Mobil Corp.,Energy,Energy,"Oil, Gas & Consumable Fuels",Integrated Oil & Gas,997494787,2020-12-31T19:55:41Z,https://en.wikipedia.org/w/index.php?oldid=997494787,matched_gics
2021-01-31,AAPL,Apple Inc.,Information Technology,Technology Hardware & Equipment,"Technology Hardware, Storage & Peripherals","Technology Hardware, Storage & Peripherals",1003675500,2021-01-30T03:44:00Z,https://en.wikipedia.org/w/index.php?oldid=1003675500,matched_gics
2021-01-31,ABBV,AbbVie Inc.,Health Care,"Pharmaceuticals, Biotechnology & Life Sciences",Pharmaceuticals,Pharmaceuticals,1003675500,2021-01-30T03:44:00Z,https://en.wikipedia.org/w/index.php?oldid=1003675500,matched_gics
2021-01-31,ABT,Abbott Laboratories,Health Care,Health Care Equipment & Services,Health Care Equipment & Supplies,Health Care Equipment,1003675500,2021-01-30T03:44:00Z,https://en.wikipedia.org/w/index.php?oldid=1003675500,matched_gics
2021-01-31,ACN,Accenture plc,Information Technology,Software & Services,IT Services,IT Consulting & Other Services,1003675500,2021-01-30T03:44:00Z,https://en.wikipedia.org/w/index.php?oldid=1003675500,matched_gics
2021-01-31,ADBE,Adobe Inc.,Information Technology,Software & Services,Software,Application Software,1003675500,2021-01-30T03:44:00Z,https://en.wikipedia.org/w/index.php?oldid=1003675500,matched_gics
2021-01-31,ADP,Automatic Data Processing,Information Technology,Software & Services,IT Services,Data Processing & Outsourced Services,1003675500,2021-01-30T03:44:00Z,https://en.wikipedia.org/w/index.php?oldid=1003675500,matched_gics
2021-01-31,AEP,American Electric Power,Utilities,Utilities,Electric Utilities,Electric Utilities,1003675500,2021-01-30T03:44:00Z,https://en.wikipedia.org/w/index.php?oldid=1003675500,matched_gics
2021-01-31,AMT,American Tower Corp.,Real Estate,Real Estate,Equity Real Estate Investment Trusts (REITs),Specialized REITs,1003675500,2021-01-30T03:44:00Z,https://en.wikipedia.org/w/index.php?oldid=1003675500,matched_gics
2021-01-31,AMZN,Amazon.com Inc.,Consumer Discretionary,Retailing,Internet & Direct Marketing Retail,Internet & Direct Marketing Retail,1003675500,2021-01-30T03:44:00Z,https://en.wikipedia.org/w/index.php?oldid=1003675500,matched_gics
2021-01-31,APD,Air Products & Chemicals Inc,Materials,Materials,Chemicals,Industrial Gases,1003675500,2021-01-30T03:44:00Z,https://en.wikipedia.org/w/index.php?oldid=1003675500,matched_gics
2021-01-31,ASML,ASML Holding N.V.,,,,,,,,missing_gics
2021-01-31,AVGO,Broadcom Inc.,Information Technology,Semiconductors & Semiconductor Equipment,Semiconductors & Semiconductor Equipment,Semiconductors,1003675500,2021-01-30T03:44:00Z,https://en.wikipedia.org/w/index.php?oldid=1003675500,matched_gics
2021-01-31,AWK,American Water Works Company Inc,Utilities,Utilities,Water Utilities,Water Utilities,1003675500,2021-01-30T03:44:00Z,https://en.wikipedia.org/w/index.php?oldid=1003675500,matched_gics
2021-01-31,BA,Boeing Company,Industrials,Capital Goods,Aerospace & Defense,Aerospace & Defense,1003675500,2021-01-30T03:44:00Z,https://en.wikipedia.org/w/index.php?oldid=1003675500,matched_gics
2021-01-31,BABA,Alibaba Group Holding Limited,,,,,,,,missing_gics
2021-01-31,BAC,Bank of America Corp,Financials,Banks,Banks,Diversified Banks,1003675500,2021-01-30T03:44:00Z,https://en.wikipedia.org/w/index.php?oldid=1003675500,matched_gics
2021-01-31,BBL,BHP Group,,,,,,,,missing_gics
2021-01-31,BHP,BHP Group,,,,,,,,missing_gics
2021-01-31,BP,BP p.l.c.,,,,,,,,missing_gics
2021-01-31,BRK-A,Berkshire Hathaway Inc.,,,,,,,,missing_gics
2021-01-31,C-PJ,Citigroup Inc.,,,,,,,,missing_gics
2021-01-31,CAT,Caterpillar Inc.,Industrials,Capital Goods,Machinery,Construction Machinery & Heavy Trucks,1003675500,2021-01-30T03:44:00Z,https://en.wikipedia.org/w/index.php?oldid=1003675500,matched_gics
2021-01-31,CCI,Crown Castle International Corp.,Real Estate,Real Estate,Equity Real Estate Investment Trusts (REITs),Specialized REITs,1003675500,2021-01-30T03:44:00Z,https://en.wikipedia.org/w/index.php?oldid=1003675500,matched_gics
2021-01-31,CHTR,Charter Communications,Communication Services,Media,Media,Cable & Satellite,1003675500,2021-01-30T03:44:00Z,https://en.wikipedia.org/w/index.php?oldid=1003675500,matched_gics
2021-01-31,CMCSA,Comcast Corp.,Communication Services,Media,Media,Cable & Satellite,1003675500,2021-01-30T03:44:00Z,https://en.wikipedia.org/w/index.php?oldid=1003675500,matched_gics
2021-01-31,COP,ConocoPhillips,Energy,Energy,"Oil, Gas & Consumable Fuels",Oil & Gas Exploration & Production,1003675500,2021-01-30T03:44:00Z,https://en.wikipedia.org/w/index.php?oldid=1003675500,matched_gics
2021-01-31,COST,Costco Wholesale Corp.,Consumer Staples,Food & Staples Retailing,Food & Staples Retailing,Hypermarkets & Super Centers,1003675500,2021-01-30T03:44:00Z,https://en.wikipedia.org/w/index.php?oldid=1003675500,matched_gics
2021-01-31,CSCO,Cisco Systems,Information Technology,Technology Hardware & Equipment,Communications Equipment,Communications Equipment,1003675500,2021-01-30T03:44:00Z,https://en.wikipedia.org/w/index.php?oldid=1003675500,matched_gics
2021-01-31,CTA-PB,E. I. du Pont de Nemours and Company,,,,,,,,missing_gics
2021-01-31,CVX,Chevron Corp.,Energy,Energy,"Oil, Gas & Consumable Fuels",Integrated Oil & Gas,1003675500,2021-01-30T03:44:00Z,https://en.wikipedia.org/w/index.php?oldid=1003675500,matched_gics
2021-01-31,D,Dominion Energy,Utilities,Utilities,Electric Utilities,Electric Utilities,1003675500,2021-01-30T03:44:00Z,https://en.wikipedia.org/w/index.php?oldid=1003675500,matched_gics
2021-01-31,DE,Deere & Co.,Industrials,Capital Goods,Machinery,Agricultural & Farm Machinery,1003675500,2021-01-30T03:44:00Z,https://en.wikipedia.org/w/index.php?oldid=1003675500,matched_gics
2021-01-31,DEO,Diageo plc,,,,,,,,missing_gics
2021-01-31,DHR,Danaher Corp.,Health Care,Health Care Equipment & Services,Health Care Equipment & Supplies,Health Care Equipment,1003675500,2021-01-30T03:44:00Z,https://en.wikipedia.org/w/index.php?oldid=1003675500,matched_gics
2021-01-31,DIS,The Walt Disney Company,Communication Services,Media & Entertainment,Entertainment,Movies & Entertainment,1003675500,2021-01-30T03:44:00Z,https://en.wikipedia.org/w/index.php?oldid=1003675500,matched_gics
2021-01-31,DLR,Digital Realty Trust Inc,Real Estate,Real Estate,Equity Real Estate Investment Trusts (REITs),Specialized REITs,1003675500,2021-01-30T03:44:00Z,https://en.wikipedia.org/w/index.php?oldid=1003675500,matched_gics
2021-01-31,DUK,Duke Energy,Utilities,Utilities,Electric Utilities,Electric Utilities,1003675500,2021-01-30T03:44:00Z,https://en.wikipedia.org/w/index.php?oldid=1003675500,matched_gics
2021-01-31,ECL,Ecolab Inc.,Materials,Materials,Chemicals,Specialty Chemicals,1003675500,2021-01-30T03:44:00Z,https://en.wikipedia.org/w/index.php?oldid=1003675500,matched_gics
2021-01-31,EL,Estée Lauder Companies,Consumer Staples,Household & Personal Products,Personal Products,Personal Products,1003675500,2021-01-30T03:44:00Z,https://en.wikipedia.org/w/index.php?oldid=1003675500,matched_gics
2021-01-31,ENB,Enbridge Inc.,,,,,,,,missing_gics
2021-01-31,EQIX,Equinix,Real Estate,Real Estate,Equity Real Estate Investment Trusts (REITs),Specialized REITs,1003675500,2021-01-30T03:44:00Z,https://en.wikipedia.org/w/index.php?oldid=1003675500,matched_gics
2021-01-31,EQNR,Equinor ASA,,,,,,,,missing_gics
2021-01-31,EXC,Exelon Corp.,Utilities,Utilities,Multi-Utilities,Multi-Utilities,1003675500,2021-01-30T03:44:00Z,https://en.wikipedia.org/w/index.php?oldid=1003675500,matched_gics
2021-01-31,FB,"Facebook, Inc.",Communication Services,Media & Entertainment,Interactive Media & Services,Interactive Media & Services,1003675500,2021-01-30T03:44:00Z,https://en.wikipedia.org/w/index.php?oldid=1003675500,matched_gics
2021-01-31,FCX,Freeport-McMoRan Inc.,Materials,Materials,Metals & Mining,Copper,1003675500,2021-01-30T03:44:00Z,https://en.wikipedia.org/w/index.php?oldid=1003675500,matched_gics
2021-01-31,GE,General Electric,Industrials,Capital Goods,Industrial Conglomerates,Industrial Conglomerates,1003675500,2021-01-30T03:44:00Z,https://en.wikipedia.org/w/index.php?oldid=1003675500,matched_gics
2021-01-31,GOOG,Alphabet Inc. (Class C),Communication Services,Media & Entertainment,Interactive Media & Services,Interactive Media & Services,1003675500,2021-01-30T03:44:00Z,https://en.wikipedia.org/w/index.php?oldid=1003675500,matched_gics
2021-01-31,HD,Home Depot,Consumer Discretionary,Retailing,Specialty Retail,Home Improvement Retail,1003675500,2021-01-30T03:44:00Z,https://en.wikipedia.org/w/index.php?oldid=1003675500,matched_gics
2021-01-31,HON,Honeywell Int'l Inc.,Industrials,Capital Goods,Industrial Conglomerates,Industrial Conglomerates,1003675500,2021-01-30T03:44:00Z,https://en.wikipedia.org/w/index.php?oldid=1003675500,matched_gics
2021-01-31,JD,"JD.com, Inc.",,,,,,,,missing_gics
2021-01-31,JNJ,Johnson & Johnson,Health Care,"Pharmaceuticals, Biotechnology & Life Sciences",Pharmaceuticals,Pharmaceuticals,1003675500,2021-01-30T03:44:00Z,https://en.wikipedia.org/w/index.php?oldid=1003675500,matched_gics
2021-01-31,JPM,JPMorgan Chase & Co.,Financials,Banks,Banks,Diversified Banks,1003675500,2021-01-30T03:44:00Z,https://en.wikipedia.org/w/index.php?oldid=1003675500,matched_gics
2021-01-31,KO,Coca-Cola Company,Consumer Staples,"Food, Beverage & Tobacco",Beverages,Soft Drinks,1003675500,2021-01-30T03:44:00Z,https://en.wikipedia.org/w/index.php?oldid=1003675500,matched_gics
2021-01-31,LLY,Lilly (Eli) & Co.,Health Care,"Pharmaceuticals, Biotechnology & Life Sciences",Pharmaceuticals,Pharmaceuticals,1003675500,2021-01-30T03:44:00Z,https://en.wikipedia.org/w/index.php?oldid=1003675500,matched_gics
2021-01-31,LOW,Lowe's Cos.,Consumer Discretionary,Retailing,Specialty Retail,Home Improvement Retail,1003675500,2021-01-30T03:44:00Z,https://en.wikipedia.org/w/index.php?oldid=1003675500,matched_gics
2021-01-31,MA,Mastercard Inc.,Information Technology,Software & Services,IT Services,Data Processing & Outsourced Services,1003675500,2021-01-30T03:44:00Z,https://en.wikipedia.org/w/index.php?oldid=1003675500,matched_gics
2021-01-31,MCD,McDonald's Corp.,Consumer Discretionary,Consumer Services,"Hotels, Restaurants & Leisure",Restaurants,1003675500,2021-01-30T03:44:00Z,https://en.wikipedia.org/w/index.php?oldid=1003675500,matched_gics
2021-01-31,MMM,3M Company,Industrials,Capital Goods,Industrial Conglomerates,Industrial Conglomerates,1003675500,2021-01-30T03:44:00Z,https://en.wikipedia.org/w/index.php?oldid=1003675500,matched_gics
2021-01-31,MS,Morgan Stanley,Financials,Diversified Financials,Capital Markets,Investment Banking & Brokerage,1003675500,2021-01-30T03:44:00Z,https://en.wikipedia.org/w/index.php?oldid=1003675500,matched_gics
2021-01-31,MSFT,Microsoft Corp.,Information Technology,Software & Services,Software,Systems Software,1003675500,2021-01-30T03:44:00Z,https://en.wikipedia.org/w/index.php?oldid=1003675500,matched_gics
2021-01-31,NEE,NextEra Energy,Utilities,Utilities,Multi-Utilities,Multi-Utilities,1003675500,2021-01-30T03:44:00Z,https://en.wikipedia.org/w/index.php?oldid=1003675500,matched_gics
2021-01-31,NEM,Newmont Corporation,Materials,Materials,Metals & Mining,Gold,1003675500,2021-01-30T03:44:00Z,https://en.wikipedia.org/w/index.php?oldid=1003675500,matched_gics
2021-01-31,NFLX,Netflix Inc.,Communication Services,Media & Entertainment,Entertainment,Movies & Entertainment,1003675500,2021-01-30T03:44:00Z,https://en.wikipedia.org/w/index.php?oldid=1003675500,matched_gics
2021-01-31,NGG,National Grid plc,,,,,,,,missing_gics
2021-01-31,NKE,"Nike, Inc.",Consumer Discretionary,Consumer Durables & Apparel,"Textiles, Apparel & Luxury Goods","Apparel, Accessories & Luxury Goods",1003675500,2021-01-30T03:44:00Z,https://en.wikipedia.org/w/index.php?oldid=1003675500,matched_gics
2021-01-31,NVDA,Nvidia Corporation,Information Technology,Semiconductors & Semiconductor Equipment,Semiconductors & Semiconductor Equipment,Semiconductors,1003675500,2021-01-30T03:44:00Z,https://en.wikipedia.org/w/index.php?oldid=1003675500,matched_gics
2021-01-31,NVO,Novo Nordisk A/S,,,,,,,,missing_gics
2021-01-31,NVS,Novartis AG,,,,,,,,missing_gics
2021-01-31,O,Realty Income Corporation,Real Estate,Real Estate,Equity Real Estate Investment Trusts (REITs),Retail REITs,1003675500,2021-01-30T03:44:00Z,https://en.wikipedia.org/w/index.php?oldid=1003675500,matched_gics
2021-01-31,ORCL,Oracle Corp.,Information Technology,Software & Services,Software,Application Software,1003675500,2021-01-30T03:44:00Z,https://en.wikipedia.org/w/index.php?oldid=1003675500,matched_gics
2021-01-31,PEP,PepsiCo Inc.,Consumer Staples,"Food, Beverage & Tobacco",Beverages,Soft Drinks,1003675500,2021-01-30T03:44:00Z,https://en.wikipedia.org/w/index.php?oldid=1003675500,matched_gics
2021-01-31,PFE,Pfizer Inc.,Health Care,"Pharmaceuticals, Biotechnology & Life Sciences",Pharmaceuticals,Pharmaceuticals,1003675500,2021-01-30T03:44:00Z,https://en.wikipedia.org/w/index.php?oldid=1003675500,matched_gics
2021-01-31,PG,Procter & Gamble,Consumer Staples,Household & Personal Products,Personal Products,Personal Products,1003675500,2021-01-30T03:44:00Z,https://en.wikipedia.org/w/index.php?oldid=1003675500,matched_gics
2021-01-31,PLD,Prologis,Real Estate,Real Estate,Equity Real Estate Investment Trusts (REITs),Industrial REITs,1003675500,2021-01-30T03:44:00Z,https://en.wikipedia.org/w/index.php?oldid=1003675500,matched_gics
2021-01-31,PM,Philip Morris International,Consumer Staples,"Food, Beverage & Tobacco",Tobacco,Tobacco,1003675500,2021-01-30T03:44:00Z,https://en.wikipedia.org/w/index.php?oldid=1003675500,matched_gics
2021-01-31,PSA,Public Storage,Real Estate,Real Estate,Equity Real Estate Investment Trusts (REITs),Specialized REITs,1003675500,2021-01-30T03:44:00Z,https://en.wikipedia.org/w/index.php?oldid=1003675500,matched_gics
2021-01-31,PTR,PetroChina Company Limited,,,,,,,,missing_gics
2021-01-31,PYPL,PayPal,Information Technology,Software & Services,IT Services,Data Processing & Outsourced Services,1003675500,2021-01-30T03:44:00Z,https://en.wikipedia.org/w/index.php?oldid=1003675500,matched_gics
2021-01-31,RDS-B,Royal Dutch Shell plc,,,,,,,,missing_gics
2021-01-31,RIO,Rio Tinto Group,,,,,,,,missing_gics
2021-01-31,RTX,Raytheon Technologies,Industrials,Capital Goods,Aerospace & Defense,Aerospace & Defense,1003675500,2021-01-30T03:44:00Z,https://en.wikipedia.org/w/index.php?oldid=1003675500,matched_gics
2021-01-31,SBAC,SBA Communications,Real Estate,Real Estate,Equity Real Estate Investment Trusts (REITs),Specialized REITs,1003675500,2021-01-30T03:44:00Z,https://en.wikipedia.org/w/index.php?oldid=1003675500,matched_gics
2021-01-31,SBUX,Starbucks Corp.,Consumer Discretionary,Consumer Services,"Hotels, Restaurants & Leisure",Restaurants,1003675500,2021-01-30T03:44:00Z,https://en.wikipedia.org/w/index.php?oldid=1003675500,matched_gics
2021-01-31,SCHW,Charles Schwab Corporation,Financials,Diversified Financials,Capital Markets,Investment Banking & Brokerage,1003675500,2021-01-30T03:44:00Z,https://en.wikipedia.org/w/index.php?oldid=1003675500,matched_gics
2021-01-31,SHW,Sherwin-Williams,Materials,Materials,Chemicals,Specialty Chemicals,1003675500,2021-01-30T03:44:00Z,https://en.wikipedia.org/w/index.php?oldid=1003675500,matched_gics
2021-01-31,SNAP,Snap Inc.,,,,,,,,missing_gics
2021-01-31,SNP,China Petroleum & Chemical Corporation,,,,,,,,missing_gics
2021-01-31,SO,Southern Company,Utilities,Utilities,Electric Utilities,Electric Utilities,1003675500,2021-01-30T03:44:00Z,https://en.wikipedia.org/w/index.php?oldid=1003675500,matched_gics
2021-01-31,SPG-PJ,"Simon Property Group, Inc.",,,,,,,,missing_gics
2021-01-31,SRE,Sempra Energy,Utilities,Utilities,Multi-Utilities,Multi-Utilities,1003675500,2021-01-30T03:44:00Z,https://en.wikipedia.org/w/index.php?oldid=1003675500,matched_gics
2021-01-31,T,AT&T Inc.,Communication Services,Telecommunication Services,Diversified Telecommunication Services,Integrated Telecommunication Services,1003675500,2021-01-30T03:44:00Z,https://en.wikipedia.org/w/index.php?oldid=1003675500,matched_gics
2021-01-31,TGT,Target Corp.,Consumer Discretionary,Retailing,Multiline Retail,General Merchandise Stores,1003675500,2021-01-30T03:44:00Z,https://en.wikipedia.org/w/index.php?oldid=1003675500,matched_gics
2021-01-31,TM,Toyota Motor Corporation,,,,,,,,missing_gics
2021-01-31,TMO,Thermo Fisher Scientific,Health Care,"Pharmaceuticals, Biotechnology & Life Sciences",Life Sciences Tools & Services,Life Sciences Tools & Services,1003675500,2021-01-30T03:44:00Z,https://en.wikipedia.org/w/index.php?oldid=1003675500,matched_gics
2021-01-31,TMUS,T-Mobile US,Communication Services,Telecommunication Services,Wireless Telecommunication Services,Wireless Telecommunication Services,1003675500,2021-01-30T03:44:00Z,https://en.wikipedia.org/w/index.php?oldid=1003675500,matched_gics
2021-01-31,TSLA,"Tesla, Inc.",Consumer Discretionary,Automobiles & Components,Automobiles,Automobile Manufacturers,1003675500,2021-01-30T03:44:00Z,https://en.wikipedia.org/w/index.php?oldid=1003675500,matched_gics
2021-01-31,TSM,Taiwan Semiconductor Manufacturing Company Limited,,,,,,,,missing_gics
2021-01-31,TTE,TotalEnergies SE,,,,,,,,missing_gics
2021-01-31,UL,Unilever PLC,,,,,,,,missing_gics
2021-01-31,UNH,UnitedHealth Group Inc.,Health Care,Health Care Equipment & Services,Health Care Providers & Services,Managed Health Care,1003675500,2021-01-30T03:44:00Z,https://en.wikipedia.org/w/index.php?oldid=1003675500,matched_gics
2021-01-31,UNP,Union Pacific Corp,Industrials,Transportation,Road & Rail,Railroads,1003675500,2021-01-30T03:44:00Z,https://en.wikipedia.org/w/index.php?oldid=1003675500,matched_gics
2021-01-31,UPS,United Parcel Service,Industrials,Transportation,Air Freight & Logistics,Air Freight & Logistics,1003675500,2021-01-30T03:44:00Z,https://en.wikipedia.org/w/index.php?oldid=1003675500,matched_gics
2021-01-31,V,Visa Inc.,Information Technology,Software & Services,IT Services,Data Processing & Outsourced Services,1003675500,2021-01-30T03:44:00Z,https://en.wikipedia.org/w/index.php?oldid=1003675500,matched_gics
2021-01-31,VALE,Vale S.A.,,,,,,,,missing_gics
2021-01-31,VZ,Verizon Communications,Communication Services,Telecommunication Services,Diversified Telecommunication Services,Integrated Telecommunication Services,1003675500,2021-01-30T03:44:00Z,https://en.wikipedia.org/w/index.php?oldid=1003675500,matched_gics
2021-01-31,WELL,Welltower Inc.,Real Estate,Real Estate,Equity Real Estate Investment Trusts (REITs),Health Care REITs,1003675500,2021-01-30T03:44:00Z,https://en.wikipedia.org/w/index.php?oldid=1003675500,matched_gics
2021-01-31,WFC-PL,Wells Fargo & Company,,,,,,,,missing_gics
2021-01-31,WMT,Walmart,Consumer Staples,Food & Staples Retailing,Food & Staples Retailing,Hypermarkets & Super Centers,1003675500,2021-01-30T03:44:00Z,https://en.wikipedia.org/w/index.php?oldid=1003675500,matched_gics
2021-01-31,XEL,Xcel Energy Inc,Utilities,Utilities,Multi-Utilities,Multi-Utilities,1003675500,2021-01-30T03:44:00Z,https://en.wikipedia.org/w/index.php?oldid=1003675500,matched_gics
2021-01-31,XOM,Exxon Mobil Corp.,Energy,Energy,"Oil, Gas & Consumable Fuels",Integrated Oil & Gas,1003675500,2021-01-30T03:44:00Z,https://en.wikipedia.org/w/index.php?oldid=1003675500,matched_gics
2021-02-28,AAPL,Apple Inc.,Information Technology,Technology Hardware & Equipment,"Technology Hardware, Storage & Peripherals","Technology Hardware, Storage & Peripherals",1009336661,2021-02-28T01:39:30Z,https://en.wikipedia.org/w/index.php?oldid=1009336661,matched_gics
2021-02-28,ABBV,AbbVie Inc.,Health Care,"Pharmaceuticals, Biotechnology & Life Sciences",Pharmaceuticals,Pharmaceuticals,1009336661,2021-02-28T01:39:30Z,https://en.wikipedia.org/w/index.php?oldid=1009336661,matched_gics
2021-02-28,ABT,Abbott Laboratories,Health Care,Health Care Equipment & Services,Health Care Equipment & Supplies,Health Care Equipment,1009336661,2021-02-28T01:39:30Z,https://en.wikipedia.org/w/index.php?oldid=1009336661,matched_gics
2021-02-28,ACN,Accenture,Information Technology,Software & Services,IT Services,IT Consulting & Other Services,1009336661,2021-02-28T01:39:30Z,https://en.wikipedia.org/w/index.php?oldid=1009336661,matched_gics
2021-02-28,ADBE,Adobe Inc.,Information Technology,Software & Services,Software,Application Software,1009336661,2021-02-28T01:39:30Z,https://en.wikipedia.org/w/index.php?oldid=1009336661,matched_gics
2021-02-28,ADP,Automatic Data Processing,Information Technology,Software & Services,IT Services,Data Processing & Outsourced Services,1009336661,2021-02-28T01:39:30Z,https://en.wikipedia.org/w/index.php?oldid=1009336661,matched_gics
2021-02-28,AEP,American Electric Power,Utilities,Utilities,Electric Utilities,Electric Utilities,1009336661,2021-02-28T01:39:30Z,https://en.wikipedia.org/w/index.php?oldid=1009336661,matched_gics
2021-02-28,AMT,American Tower Corp.,Real Estate,Real Estate,Equity Real Estate Investment Trusts (REITs),Specialized REITs,1009336661,2021-02-28T01:39:30Z,https://en.wikipedia.org/w/index.php?oldid=1009336661,matched_gics
2021-02-28,AMZN,Amazon.com Inc.,Consumer Discretionary,Retailing,Internet & Direct Marketing Retail,Internet & Direct Marketing Retail,1009336661,2021-02-28T01:39:30Z,https://en.wikipedia.org/w/index.php?oldid=1009336661,matched_gics
2021-02-28,APD,Air Products & Chemicals,Materials,Materials,Chemicals,Industrial Gases,1009336661,2021-02-28T01:39:30Z,https://en.wikipedia.org/w/index.php?oldid=1009336661,matched_gics
2021-02-28,ASML,ASML Holding N.V.,,,,,,,,missing_gics
2021-02-28,AVGO,Broadcom Inc.,Information Technology,Semiconductors & Semiconductor Equipment,Semiconductors & Semiconductor Equipment,Semiconductors,1009336661,2021-02-28T01:39:30Z,https://en.wikipedia.org/w/index.php?oldid=1009336661,matched_gics
2021-02-28,AWK,American Water Works,Utilities,Utilities,Water Utilities,Water Utilities,1009336661,2021-02-28T01:39:30Z,https://en.wikipedia.org/w/index.php?oldid=1009336661,matched_gics
2021-02-28,BA,Boeing Company,Industrials,Capital Goods,Aerospace & Defense,Aerospace & Defense,1009336661,2021-02-28T01:39:30Z,https://en.wikipedia.org/w/index.php?oldid=1009336661,matched_gics
2021-02-28,BABA,Alibaba Group Holding Limited,,,,,,,,missing_gics
2021-02-28,BAC,Bank of America Corp,Financials,Banks,Banks,Diversified Banks,1009336661,2021-02-28T01:39:30Z,https://en.wikipedia.org/w/index.php?oldid=1009336661,matched_gics
2021-02-28,BBL,BHP Group,,,,,,,,missing_gics
2021-02-28,BHP,BHP Group,,,,,,,,missing_gics
2021-02-28,BP,BP p.l.c.,,,,,,,,missing_gics
2021-02-28,BRK-A,Berkshire Hathaway Inc.,,,,,,,,missing_gics
2021-02-28,C-PJ,Citigroup Inc.,,,,,,,,missing_gics
2021-02-28,CAT,Caterpillar Inc.,Industrials,Capital Goods,Machinery,Construction Machinery & Heavy Trucks,1009336661,2021-02-28T01:39:30Z,https://en.wikipedia.org/w/index.php?oldid=1009336661,matched_gics
2021-02-28,CCI,Crown Castle,Real Estate,Real Estate,Equity Real Estate Investment Trusts (REITs),Specialized REITs,1009336661,2021-02-28T01:39:30Z,https://en.wikipedia.org/w/index.php?oldid=1009336661,matched_gics
2021-02-28,CHTR,Charter Communications,Communication Services,Media,Media,Cable & Satellite,1009336661,2021-02-28T01:39:30Z,https://en.wikipedia.org/w/index.php?oldid=1009336661,matched_gics
2021-02-28,CMCSA,Comcast Corp.,Communication Services,Media,Media,Cable & Satellite,1009336661,2021-02-28T01:39:30Z,https://en.wikipedia.org/w/index.php?oldid=1009336661,matched_gics
2021-02-28,COP,ConocoPhillips,Energy,Energy,"Oil, Gas & Consumable Fuels",Oil & Gas Exploration & Production,1009336661,2021-02-28T01:39:30Z,https://en.wikipedia.org/w/index.php?oldid=1009336661,matched_gics
2021-02-28,COST,Costco Wholesale Corp.,Consumer Staples,Food & Staples Retailing,Food & Staples Retailing,Hypermarkets & Super Centers,1009336661,2021-02-28T01:39:30Z,https://en.wikipedia.org/w/index.php?oldid=1009336661,matched_gics
2021-02-28,CSCO,Cisco Systems,Information Technology,Technology Hardware & Equipment,Communications Equipment,Communications Equipment,1009336661,2021-02-28T01:39:30Z,https://en.wikipedia.org/w/index.php?oldid=1009336661,matched_gics
2021-02-28,CTA-PB,E. I. du Pont de Nemours and Company,,,,,,,,missing_gics
2021-02-28,CVX,Chevron Corp.,Energy,Energy,"Oil, Gas & Consumable Fuels",Integrated Oil & Gas,1009336661,2021-02-28T01:39:30Z,https://en.wikipedia.org/w/index.php?oldid=1009336661,matched_gics
2021-02-28,D,Dominion Energy,Utilities,Utilities,Electric Utilities,Electric Utilities,1009336661,2021-02-28T01:39:30Z,https://en.wikipedia.org/w/index.php?oldid=1009336661,matched_gics
2021-02-28,DE,Deere & Co.,Industrials,Capital Goods,Machinery,Agricultural & Farm Machinery,1009336661,2021-02-28T01:39:30Z,https://en.wikipedia.org/w/index.php?oldid=1009336661,matched_gics
2021-02-28,DEO,Diageo plc,,,,,,,,missing_gics
2021-02-28,DHR,Danaher Corp.,Health Care,Health Care Equipment & Services,Health Care Equipment & Supplies,Health Care Equipment,1009336661,2021-02-28T01:39:30Z,https://en.wikipedia.org/w/index.php?oldid=1009336661,matched_gics
2021-02-28,DIS,The Walt Disney Company,Communication Services,Media & Entertainment,Entertainment,Movies & Entertainment,1009336661,2021-02-28T01:39:30Z,https://en.wikipedia.org/w/index.php?oldid=1009336661,matched_gics
2021-02-28,DLR,Digital Realty Trust Inc,Real Estate,Real Estate,Equity Real Estate Investment Trusts (REITs),Specialized REITs,1009336661,2021-02-28T01:39:30Z,https://en.wikipedia.org/w/index.php?oldid=1009336661,matched_gics
2021-02-28,DUK,Duke Energy,Utilities,Utilities,Electric Utilities,Electric Utilities,1009336661,2021-02-28T01:39:30Z,https://en.wikipedia.org/w/index.php?oldid=1009336661,matched_gics
2021-02-28,ECL,Ecolab Inc.,Materials,Materials,Chemicals,Specialty Chemicals,1009336661,2021-02-28T01:39:30Z,https://en.wikipedia.org/w/index.php?oldid=1009336661,matched_gics
2021-02-28,EL,Estée Lauder Companies,Consumer Staples,Household & Personal Products,Personal Products,Personal Products,1009336661,2021-02-28T01:39:30Z,https://en.wikipedia.org/w/index.php?oldid=1009336661,matched_gics
2021-02-28,ENB,Enbridge Inc.,,,,,,,,missing_gics
2021-02-28,EQIX,Equinix,Real Estate,Real Estate,Equity Real Estate Investment Trusts (REITs),Specialized REITs,1009336661,2021-02-28T01:39:30Z,https://en.wikipedia.org/w/index.php?oldid=1009336661,matched_gics
2021-02-28,EQNR,Equinor ASA,,,,,,,,missing_gics
2021-02-28,EXC,Exelon Corp.,Utilities,Utilities,Multi-Utilities,Multi-Utilities,1009336661,2021-02-28T01:39:30Z,https://en.wikipedia.org/w/index.php?oldid=1009336661,matched_gics
2021-02-28,FB,"Facebook, Inc.",Communication Services,Media & Entertainment,Interactive Media & Services,Interactive Media & Services,1009336661,2021-02-28T01:39:30Z,https://en.wikipedia.org/w/index.php?oldid=1009336661,matched_gics
2021-02-28,FCX,Freeport-McMoRan Inc.,Materials,Materials,Metals & Mining,Copper,1009336661,2021-02-28T01:39:30Z,https://en.wikipedia.org/w/index.php?oldid=1009336661,matched_gics
2021-02-28,GE,General Electric,Industrials,Capital Goods,Industrial Conglomerates,Industrial Conglomerates,1009336661,2021-02-28T01:39:30Z,https://en.wikipedia.org/w/index.php?oldid=1009336661,matched_gics
2021-02-28,GOOG,Alphabet Inc. (Class C),Communication Services,Media & Entertainment,Interactive Media & Services,Interactive Media & Services,1009336661,2021-02-28T01:39:30Z,https://en.wikipedia.org/w/index.php?oldid=1009336661,matched_gics
2021-02-28,HD,Home Depot,Consumer Discretionary,Retailing,Specialty Retail,Home Improvement Retail,1009336661,2021-02-28T01:39:30Z,https://en.wikipedia.org/w/index.php?oldid=1009336661,matched_gics
2021-02-28,HON,Honeywell Int'l Inc.,Industrials,Capital Goods,Industrial Conglomerates,Industrial Conglomerates,1009336661,2021-02-28T01:39:30Z,https://en.wikipedia.org/w/index.php?oldid=1009336661,matched_gics
2021-02-28,JD,"JD.com, Inc.",,,,,,,,missing_gics
2021-02-28,JNJ,Johnson & Johnson,Health Care,"Pharmaceuticals, Biotechnology & Life Sciences",Pharmaceuticals,Pharmaceuticals,1009336661,2021-02-28T01:39:30Z,https://en.wikipedia.org/w/index.php?oldid=1009336661,matched_gics
2021-02-28,JPM,JPMorgan Chase & Co.,Financials,Banks,Banks,Diversified Banks,1009336661,2021-02-28T01:39:30Z,https://en.wikipedia.org/w/index.php?oldid=1009336661,matched_gics
2021-02-28,KO,Coca-Cola Company,Consumer Staples,"Food, Beverage & Tobacco",Beverages,Soft Drinks,1009336661,2021-02-28T01:39:30Z,https://en.wikipedia.org/w/index.php?oldid=1009336661,matched_gics
2021-02-28,LLY,Lilly (Eli) & Co.,Health Care,"Pharmaceuticals, Biotechnology & Life Sciences",Pharmaceuticals,Pharmaceuticals,1009336661,2021-02-28T01:39:30Z,https://en.wikipedia.org/w/index.php?oldid=1009336661,matched_gics
2021-02-28,LOW,Lowe's Cos.,Consumer Discretionary,Retailing,Specialty Retail,Home Improvement Retail,1009336661,2021-02-28T01:39:30Z,https://en.wikipedia.org/w/index.php?oldid=1009336661,matched_gics
2021-02-28,MA,Mastercard Inc.,Information Technology,Software & Services,IT Services,Data Processing & Outsourced Services,1009336661,2021-02-28T01:39:30Z,https://en.wikipedia.org/w/index.php?oldid=1009336661,matched_gics
2021-02-28,MCD,McDonald's Corp.,Consumer Discretionary,Consumer Services,"Hotels, Restaurants & Leisure",Restaurants,1009336661,2021-02-28T01:39:30Z,https://en.wikipedia.org/w/index.php?oldid=1009336661,matched_gics
2021-02-28,MMM,3M Company,Industrials,Capital Goods,Industrial Conglomerates,Industrial Conglomerates,1009336661,2021-02-28T01:39:30Z,https://en.wikipedia.org/w/index.php?oldid=1009336661,matched_gics
2021-02-28,MS,Morgan Stanley,Financials,Diversified Financials,Capital Markets,Investment Banking & Brokerage,1009336661,2021-02-28T01:39:30Z,https://en.wikipedia.org/w/index.php?oldid=1009336661,matched_gics
2021-02-28,MSFT,Microsoft Corp.,Information Technology,Software & Services,Software,Systems Software,1009336661,2021-02-28T01:39:30Z,https://en.wikipedia.org/w/index.php?oldid=1009336661,matched_gics
2021-02-28,NEE,NextEra Energy,Utilities,Utilities,Multi-Utilities,Multi-Utilities,1009336661,2021-02-28T01:39:30Z,https://en.wikipedia.org/w/index.php?oldid=1009336661,matched_gics
2021-02-28,NEM,Newmont Corporation,Materials,Materials,Metals & Mining,Gold,1009336661,2021-02-28T01:39:30Z,https://en.wikipedia.org/w/index.php?oldid=1009336661,matched_gics
2021-02-28,NFLX,Netflix Inc.,Communication Services,Media & Entertainment,Entertainment,Movies & Entertainment,1009336661,2021-02-28T01:39:30Z,https://en.wikipedia.org/w/index.php?oldid=1009336661,matched_gics
2021-02-28,NGG,National Grid plc,,,,,,,,missing_gics
2021-02-28,NKE,"Nike, Inc.",Consumer Discretionary,Consumer Durables & Apparel,"Textiles, Apparel & Luxury Goods","Apparel, Accessories & Luxury Goods",1009336661,2021-02-28T01:39:30Z,https://en.wikipedia.org/w/index.php?oldid=1009336661,matched_gics
2021-02-28,NVDA,Nvidia Corporation,Information Technology,Semiconductors & Semiconductor Equipment,Semiconductors & Semiconductor Equipment,Semiconductors,1009336661,2021-02-28T01:39:30Z,https://en.wikipedia.org/w/index.php?oldid=1009336661,matched_gics
2021-02-28,NVO,Novo Nordisk A/S,,,,,,,,missing_gics
2021-02-28,NVS,Novartis AG,,,,,,,,missing_gics
2021-02-28,O,Realty Income Corporation,Real Estate,Real Estate,Equity Real Estate Investment Trusts (REITs),Retail REITs,1009336661,2021-02-28T01:39:30Z,https://en.wikipedia.org/w/index.php?oldid=1009336661,matched_gics
2021-02-28,ORCL,Oracle Corp.,Information Technology,Software & Services,Software,Application Software,1009336661,2021-02-28T01:39:30Z,https://en.wikipedia.org/w/index.php?oldid=1009336661,matched_gics
2021-02-28,PEP,PepsiCo Inc.,Consumer Staples,"Food, Beverage & Tobacco",Beverages,Soft Drinks,1009336661,2021-02-28T01:39:30Z,https://en.wikipedia.org/w/index.php?oldid=1009336661,matched_gics
2021-02-28,PFE,Pfizer Inc.,Health Care,"Pharmaceuticals, Biotechnology & Life Sciences",Pharmaceuticals,Pharmaceuticals,1009336661,2021-02-28T01:39:30Z,https://en.wikipedia.org/w/index.php?oldid=1009336661,matched_gics
2021-02-28,PG,Procter & Gamble,Consumer Staples,Household & Personal Products,Personal Products,Personal Products,1009336661,2021-02-28T01:39:30Z,https://en.wikipedia.org/w/index.php?oldid=1009336661,matched_gics
2021-02-28,PLD,Prologis,Real Estate,Real Estate,Equity Real Estate Investment Trusts (REITs),Industrial REITs,1009336661,2021-02-28T01:39:30Z,https://en.wikipedia.org/w/index.php?oldid=1009336661,matched_gics
2021-02-28,PM,Philip Morris International,Consumer Staples,"Food, Beverage & Tobacco",Tobacco,Tobacco,1009336661,2021-02-28T01:39:30Z,https://en.wikipedia.org/w/index.php?oldid=1009336661,matched_gics
2021-02-28,PSA,Public Storage,Real Estate,Real Estate,Equity Real Estate Investment Trusts (REITs),Specialized REITs,1009336661,2021-02-28T01:39:30Z,https://en.wikipedia.org/w/index.php?oldid=1009336661,matched_gics
2021-02-28,PTR,PetroChina Company Limited,,,,,,,,missing_gics
2021-02-28,PYPL,PayPal,Information Technology,Software & Services,IT Services,Data Processing & Outsourced Services,1009336661,2021-02-28T01:39:30Z,https://en.wikipedia.org/w/index.php?oldid=1009336661,matched_gics
2021-02-28,RDS-B,Royal Dutch Shell plc,,,,,,,,missing_gics
2021-02-28,RIO,Rio Tinto Group,,,,,,,,missing_gics
2021-02-28,RTX,Raytheon Technologies,Industrials,Capital Goods,Aerospace & Defense,Aerospace & Defense,1009336661,2021-02-28T01:39:30Z,https://en.wikipedia.org/w/index.php?oldid=1009336661,matched_gics
2021-02-28,SBAC,SBA Communications,Real Estate,Real Estate,Equity Real Estate Investment Trusts (REITs),Specialized REITs,1009336661,2021-02-28T01:39:30Z,https://en.wikipedia.org/w/index.php?oldid=1009336661,matched_gics
2021-02-28,SBUX,Starbucks Corp.,Consumer Discretionary,Consumer Services,"Hotels, Restaurants & Leisure",Restaurants,1009336661,2021-02-28T01:39:30Z,https://en.wikipedia.org/w/index.php?oldid=1009336661,matched_gics
2021-02-28,SCHW,Charles Schwab Corporation,Financials,Diversified Financials,Capital Markets,Investment Banking & Brokerage,1009336661,2021-02-28T01:39:30Z,https://en.wikipedia.org/w/index.php?oldid=1009336661,matched_gics
2021-02-28,SHW,Sherwin-Williams,Materials,Materials,Chemicals,Specialty Chemicals,1009336661,2021-02-28T01:39:30Z,https://en.wikipedia.org/w/index.php?oldid=1009336661,matched_gics
2021-02-28,SNAP,Snap Inc.,,,,,,,,missing_gics
2021-02-28,SNP,China Petroleum & Chemical Corporation,,,,,,,,missing_gics
2021-02-28,SO,Southern Company,Utilities,Utilities,Electric Utilities,Electric Utilities,1009336661,2021-02-28T01:39:30Z,https://en.wikipedia.org/w/index.php?oldid=1009336661,matched_gics
2021-02-28,SPG-PJ,"Simon Property Group, Inc.",,,,,,,,missing_gics
2021-02-28,SRE,Sempra Energy,Utilities,Utilities,Multi-Utilities,Multi-Utilities,1009336661,2021-02-28T01:39:30Z,https://en.wikipedia.org/w/index.php?oldid=1009336661,matched_gics
2021-02-28,T,AT&T Inc.,Communication Services,Telecommunication Services,Diversified Telecommunication Services,Integrated Telecommunication Services,1009336661,2021-02-28T01:39:30Z,https://en.wikipedia.org/w/index.php?oldid=1009336661,matched_gics
2021-02-28,TGT,Target Corp.,Consumer Discretionary,Retailing,Multiline Retail,General Merchandise Stores,1009336661,2021-02-28T01:39:30Z,https://en.wikipedia.org/w/index.php?oldid=1009336661,matched_gics
2021-02-28,TM,Toyota Motor Corporation,,,,,,,,missing_gics
2021-02-28,TMO,Thermo Fisher Scientific,Health Care,"Pharmaceuticals, Biotechnology & Life Sciences",Life Sciences Tools & Services,Life Sciences Tools & Services,1009336661,2021-02-28T01:39:30Z,https://en.wikipedia.org/w/index.php?oldid=1009336661,matched_gics
2021-02-28,TMUS,T-Mobile US,Communication Services,Telecommunication Services,Wireless Telecommunication Services,Wireless Telecommunication Services,1009336661,2021-02-28T01:39:30Z,https://en.wikipedia.org/w/index.php?oldid=1009336661,matched_gics
2021-02-28,TSLA,"Tesla, Inc.",Consumer Discretionary,Automobiles & Components,Automobiles,Automobile Manufacturers,1009336661,2021-02-28T01:39:30Z,https://en.wikipedia.org/w/index.php?oldid=1009336661,matched_gics
2021-02-28,TSM,Taiwan Semiconductor Manufacturing Company Limited,,,,,,,,missing_gics
2021-02-28,TTE,TotalEnergies SE,,,,,,,,missing_gics
2021-02-28,UL,Unilever PLC,,,,,,,,missing_gics
2021-02-28,UNH,UnitedHealth Group Inc.,Health Care,Health Care Equipment & Services,Health Care Providers & Services,Managed Health Care,1009336661,2021-02-28T01:39:30Z,https://en.wikipedia.org/w/index.php?oldid=1009336661,matched_gics
2021-02-28,UNP,Union Pacific Corp,Industrials,Transportation,Road & Rail,Railroads,1009336661,2021-02-28T01:39:30Z,https://en.wikipedia.org/w/index.php?oldid=1009336661,matched_gics
2021-02-28,UPS,United Parcel Service,Industrials,Transportation,Air Freight & Logistics,Air Freight & Logistics,1009336661,2021-02-28T01:39:30Z,https://en.wikipedia.org/w/index.php?oldid=1009336661,matched_gics
2021-02-28,V,Visa Inc.,Information Technology,Software & Services,IT Services,Data Processing & Outsourced Services,1009336661,2021-02-28T01:39:30Z,https://en.wikipedia.org/w/index.php?oldid=1009336661,matched_gics
2021-02-28,VALE,Vale S.A.,,,,,,,,missing_gics
2021-02-28,VZ,Verizon Communications,Communication Services,Telecommunication Services,Diversified Telecommunication Services,Integrated Telecommunication Services,1009336661,2021-02-28T01:39:30Z,https://en.wikipedia.org/w/index.php?oldid=1009336661,matched_gics
2021-02-28,WELL,Welltower Inc.,Real Estate,Real Estate,Equity Real Estate Investment Trusts (REITs),Health Care REITs,1009336661,2021-02-28T01:39:30Z,https://en.wikipedia.org/w/index.php?oldid=1009336661,matched_gics
2021-02-28,WFC-PL,Wells Fargo & Company,,,,,,,,missing_gics
2021-02-28,WMT,Walmart,Consumer Staples,Food & Staples Retailing,Food & Staples Retailing,Hypermarkets & Super Centers,1009336661,2021-02-28T01:39:30Z,https://en.wikipedia.org/w/index.php?oldid=1009336661,matched_gics
2021-02-28,XEL,Xcel Energy Inc,Utilities,Utilities,Multi-Utilities,Multi-Utilities,1009336661,2021-02-28T01:39:30Z,https://en.wikipedia.org/w/index.php?oldid=1009336661,matched_gics
2021-02-28,XOM,Exxon Mobil Corp.,Energy,Energy,"Oil, Gas & Consumable Fuels",Integrated Oil & Gas,1009336661,2021-02-28T01:39:30Z,https://en.wikipedia.org/w/index.php?oldid=1009336661,matched_gics
2021-03-31,AAPL,Apple Inc.,Information Technology,Technology Hardware & Equipment,"Technology Hardware, Storage & Peripherals","Technology Hardware, Storage & Peripherals",1014924736,2021-03-29T19:48:21Z,https://en.wikipedia.org/w/index.php?oldid=1014924736,matched_gics
2021-03-31,ABBV,AbbVie Inc.,Health Care,"Pharmaceuticals, Biotechnology & Life Sciences",Pharmaceuticals,Pharmaceuticals,1014924736,2021-03-29T19:48:21Z,https://en.wikipedia.org/w/index.php?oldid=1014924736,matched_gics
2021-03-31,ABT,Abbott Laboratories,Health Care,Health Care Equipment & Services,Health Care Equipment & Supplies,Health Care Equipment,1014924736,2021-03-29T19:48:21Z,https://en.wikipedia.org/w/index.php?oldid=1014924736,matched_gics
2021-03-31,ACN,Accenture,Information Technology,Software & Services,IT Services,IT Consulting & Other Services,1014924736,2021-03-29T19:48:21Z,https://en.wikipedia.org/w/index.php?oldid=1014924736,matched_gics
2021-03-31,ADBE,Adobe Inc.,Information Technology,Software & Services,Software,Application Software,1014924736,2021-03-29T19:48:21Z,https://en.wikipedia.org/w/index.php?oldid=1014924736,matched_gics
2021-03-31,ADP,Automatic Data Processing,Information Technology,Software & Services,IT Services,Data Processing & Outsourced Services,1014924736,2021-03-29T19:48:21Z,https://en.wikipedia.org/w/index.php?oldid=1014924736,matched_gics
2021-03-31,AEP,American Electric Power,Utilities,Utilities,Electric Utilities,Electric Utilities,1014924736,2021-03-29T19:48:21Z,https://en.wikipedia.org/w/index.php?oldid=1014924736,matched_gics
2021-03-31,AMT,American Tower Corp.,Real Estate,Real Estate,Equity Real Estate Investment Trusts (REITs),Specialized REITs,1014924736,2021-03-29T19:48:21Z,https://en.wikipedia.org/w/index.php?oldid=1014924736,matched_gics
2021-03-31,AMZN,Amazon.com Inc.,Consumer Discretionary,Retailing,Internet & Direct Marketing Retail,Internet & Direct Marketing Retail,1014924736,2021-03-29T19:48:21Z,https://en.wikipedia.org/w/index.php?oldid=1014924736,matched_gics
2021-03-31,APD,Air Products & Chemicals,Materials,Materials,Chemicals,Industrial Gases,1014924736,2021-03-29T19:48:21Z,https://en.wikipedia.org/w/index.php?oldid=1014924736,matched_gics
2021-03-31,ASML,ASML Holding N.V.,,,,,,,,missing_gics
2021-03-31,AVGO,Broadcom Inc.,Information Technology,Semiconductors & Semiconductor Equipment,Semiconductors & Semiconductor Equipment,Semiconductors,1014924736,2021-03-29T19:48:21Z,https://en.wikipedia.org/w/index.php?oldid=1014924736,matched_gics
2021-03-31,AWK,American Water Works,Utilities,Utilities,Water Utilities,Water Utilities,1014924736,2021-03-29T19:48:21Z,https://en.wikipedia.org/w/index.php?oldid=1014924736,matched_gics
2021-03-31,BA,Boeing Company,Industrials,Capital Goods,Aerospace & Defense,Aerospace & Defense,1014924736,2021-03-29T19:48:21Z,https://en.wikipedia.org/w/index.php?oldid=1014924736,matched_gics
2021-03-31,BABA,Alibaba Group Holding Limited,,,,,,,,missing_gics
2021-03-31,BAC,Bank of America Corp,Financials,Banks,Banks,Diversified Banks,1014924736,2021-03-29T19:48:21Z,https://en.wikipedia.org/w/index.php?oldid=1014924736,matched_gics
2021-03-31,BBL,BHP Group,,,,,,,,missing_gics
2021-03-31,BHP,BHP Group,,,,,,,,missing_gics
2021-03-31,BP,BP p.l.c.,,,,,,,,missing_gics
2021-03-31,BRK-A,Berkshire Hathaway Inc.,,,,,,,,missing_gics
2021-03-31,C-PJ,Citigroup Inc.,,,,,,,,missing_gics
2021-03-31,CAT,Caterpillar Inc.,Industrials,Capital Goods,Machinery,Construction Machinery & Heavy Trucks,1014924736,2021-03-29T19:48:21Z,https://en.wikipedia.org/w/index.php?oldid=1014924736,matched_gics
2021-03-31,CCI,Crown Castle,Real Estate,Real Estate,Equity Real Estate Investment Trusts (REITs),Specialized REITs,1014924736,2021-03-29T19:48:21Z,https://en.wikipedia.org/w/index.php?oldid=1014924736,matched_gics
2021-03-31,CHTR,Charter Communications,Communication Services,Media,Media,Cable & Satellite,1014924736,2021-03-29T19:48:21Z,https://en.wikipedia.org/w/index.php?oldid=1014924736,matched_gics
2021-03-31,CMCSA,Comcast Corp.,Communication Services,Media,Media,Cable & Satellite,1014924736,2021-03-29T19:48:21Z,https://en.wikipedia.org/w/index.php?oldid=1014924736,matched_gics
2021-03-31,COP,ConocoPhillips,Energy,Energy,"Oil, Gas & Consumable Fuels",Oil & Gas Exploration & Production,1014924736,2021-03-29T19:48:21Z,https://en.wikipedia.org/w/index.php?oldid=1014924736,matched_gics
2021-03-31,COST,Costco Wholesale Corp.,Consumer Staples,Food & Staples Retailing,Food & Staples Retailing,Hypermarkets & Super Centers,1014924736,2021-03-29T19:48:21Z,https://en.wikipedia.org/w/index.php?oldid=1014924736,matched_gics
2021-03-31,CSCO,Cisco Systems,Information Technology,Technology Hardware & Equipment,Communications Equipment,Communications Equipment,1014924736,2021-03-29T19:48:21Z,https://en.wikipedia.org/w/index.php?oldid=1014924736,matched_gics
2021-03-31,CTA-PB,E. I. du Pont de Nemours and Company,,,,,,,,missing_gics
2021-03-31,CVX,Chevron Corp.,Energy,Energy,"Oil, Gas & Consumable Fuels",Integrated Oil & Gas,1014924736,2021-03-29T19:48:21Z,https://en.wikipedia.org/w/index.php?oldid=1014924736,matched_gics
2021-03-31,D,Dominion Energy,Utilities,Utilities,Electric Utilities,Electric Utilities,1014924736,2021-03-29T19:48:21Z,https://en.wikipedia.org/w/index.php?oldid=1014924736,matched_gics
2021-03-31,DE,Deere & Co.,Industrials,Capital Goods,Machinery,Agricultural & Farm Machinery,1014924736,2021-03-29T19:48:21Z,https://en.wikipedia.org/w/index.php?oldid=1014924736,matched_gics
2021-03-31,DEO,Diageo plc,,,,,,,,missing_gics
2021-03-31,DHR,Danaher Corp.,Health Care,Health Care Equipment & Services,Health Care Equipment & Supplies,Health Care Equipment,1014924736,2021-03-29T19:48:21Z,https://en.wikipedia.org/w/index.php?oldid=1014924736,matched_gics
2021-03-31,DIS,The Walt Disney Company,Communication Services,Media & Entertainment,Entertainment,Movies & Entertainment,1014924736,2021-03-29T19:48:21Z,https://en.wikipedia.org/w/index.php?oldid=1014924736,matched_gics
2021-03-31,DLR,Digital Realty Trust Inc,Real Estate,Real Estate,Equity Real Estate Investment Trusts (REITs),Specialized REITs,1014924736,2021-03-29T19:48:21Z,https://en.wikipedia.org/w/index.php?oldid=1014924736,matched_gics
2021-03-31,DUK,Duke Energy,Utilities,Utilities,Electric Utilities,Electric Utilities,1014924736,2021-03-29T19:48:21Z,https://en.wikipedia.org/w/index.php?oldid=1014924736,matched_gics
2021-03-31,ECL,Ecolab Inc.,Materials,Materials,Chemicals,Specialty Chemicals,1014924736,2021-03-29T19:48:21Z,https://en.wikipedia.org/w/index.php?oldid=1014924736,matched_gics
2021-03-31,EL,Estée Lauder Companies,Consumer Staples,Household & Personal Products,Personal Products,Personal Products,1014924736,2021-03-29T19:48:21Z,https://en.wikipedia.org/w/index.php?oldid=1014924736,matched_gics
2021-03-31,ENB,Enbridge Inc.,,,,,,,,missing_gics
2021-03-31,EQIX,Equinix,Real Estate,Real Estate,Equity Real Estate Investment Trusts (REITs),Specialized REITs,1014924736,2021-03-29T19:48:21Z,https://en.wikipedia.org/w/index.php?oldid=1014924736,matched_gics
2021-03-31,EQNR,Equinor ASA,,,,,,,,missing_gics
2021-03-31,EXC,Exelon Corp.,Utilities,Utilities,Multi-Utilities,Multi-Utilities,1014924736,2021-03-29T19:48:21Z,https://en.wikipedia.org/w/index.php?oldid=1014924736,matched_gics
2021-03-31,FB,"Facebook, Inc.",Communication Services,Media & Entertainment,Interactive Media & Services,Interactive Media & Services,1014924736,2021-03-29T19:48:21Z,https://en.wikipedia.org/w/index.php?oldid=1014924736,matched_gics
2021-03-31,FCX,Freeport-McMoRan Inc.,Materials,Materials,Metals & Mining,Copper,1014924736,2021-03-29T19:48:21Z,https://en.wikipedia.org/w/index.php?oldid=1014924736,matched_gics
2021-03-31,GE,General Electric,Industrials,Capital Goods,Industrial Conglomerates,Industrial Conglomerates,1014924736,2021-03-29T19:48:21Z,https://en.wikipedia.org/w/index.php?oldid=1014924736,matched_gics
2021-03-31,GOOG,Alphabet Inc. (Class C),Communication Services,Media & Entertainment,Interactive Media & Services,Interactive Media & Services,1014924736,2021-03-29T19:48:21Z,https://en.wikipedia.org/w/index.php?oldid=1014924736,matched_gics
2021-03-31,HD,Home Depot,Consumer Discretionary,Retailing,Specialty Retail,Home Improvement Retail,1014924736,2021-03-29T19:48:21Z,https://en.wikipedia.org/w/index.php?oldid=1014924736,matched_gics
2021-03-31,HON,Honeywell Int'l Inc.,Industrials,Capital Goods,Industrial Conglomerates,Industrial Conglomerates,1014924736,2021-03-29T19:48:21Z,https://en.wikipedia.org/w/index.php?oldid=1014924736,matched_gics
2021-03-31,JD,"JD.com, Inc.",,,,,,,,missing_gics
2021-03-31,JNJ,Johnson & Johnson,Health Care,"Pharmaceuticals, Biotechnology & Life Sciences",Pharmaceuticals,Pharmaceuticals,1014924736,2021-03-29T19:48:21Z,https://en.wikipedia.org/w/index.php?oldid=1014924736,matched_gics
2021-03-31,JPM,JPMorgan Chase & Co.,Financials,Banks,Banks,Diversified Banks,1014924736,2021-03-29T19:48:21Z,https://en.wikipedia.org/w/index.php?oldid=1014924736,matched_gics
2021-03-31,KO,Coca-Cola Company,Consumer Staples,"Food, Beverage & Tobacco",Beverages,Soft Drinks,1014924736,2021-03-29T19:48:21Z,https://en.wikipedia.org/w/index.php?oldid=1014924736,matched_gics
2021-03-31,LLY,Lilly (Eli) & Co.,Health Care,"Pharmaceuticals, Biotechnology & Life Sciences",Pharmaceuticals,Pharmaceuticals,1014924736,2021-03-29T19:48:21Z,https://en.wikipedia.org/w/index.php?oldid=1014924736,matched_gics
2021-03-31,LOW,Lowe's Cos.,Consumer Discretionary,Retailing,Specialty Retail,Home Improvement Retail,1014924736,2021-03-29T19:48:21Z,https://en.wikipedia.org/w/index.php?oldid=1014924736,matched_gics
2021-03-31,MA,Mastercard Inc.,Information Technology,Software & Services,IT Services,Data Processing & Outsourced Services,1014924736,2021-03-29T19:48:21Z,https://en.wikipedia.org/w/index.php?oldid=1014924736,matched_gics
2021-03-31,MCD,McDonald's Corp.,Consumer Discretionary,Consumer Services,"Hotels, Restaurants & Leisure",Restaurants,1014924736,2021-03-29T19:48:21Z,https://en.wikipedia.org/w/index.php?oldid=1014924736,matched_gics
2021-03-31,MMM,3M Company,Industrials,Capital Goods,Industrial Conglomerates,Industrial Conglomerates,1014924736,2021-03-29T19:48:21Z,https://en.wikipedia.org/w/index.php?oldid=1014924736,matched_gics
2021-03-31,MS,Morgan Stanley,Financials,Diversified Financials,Capital Markets,Investment Banking & Brokerage,1014924736,2021-03-29T19:48:21Z,https://en.wikipedia.org/w/index.php?oldid=1014924736,matched_gics
2021-03-31,MSFT,Microsoft Corp.,Information Technology,Software & Services,Software,Systems Software,1014924736,2021-03-29T19:48:21Z,https://en.wikipedia.org/w/index.php?oldid=1014924736,matched_gics
2021-03-31,NEE,NextEra Energy,Utilities,Utilities,Multi-Utilities,Multi-Utilities,1014924736,2021-03-29T19:48:21Z,https://en.wikipedia.org/w/index.php?oldid=1014924736,matched_gics
2021-03-31,NEM,Newmont Corporation,Materials,Materials,Metals & Mining,Gold,1014924736,2021-03-29T19:48:21Z,https://en.wikipedia.org/w/index.php?oldid=1014924736,matched_gics
2021-03-31,NFLX,Netflix Inc.,Communication Services,Media & Entertainment,Entertainment,Movies & Entertainment,1014924736,2021-03-29T19:48:21Z,https://en.wikipedia.org/w/index.php?oldid=1014924736,matched_gics
2021-03-31,NGG,National Grid plc,,,,,,,,missing_gics
2021-03-31,NKE,"Nike, Inc.",Consumer Discretionary,Consumer Durables & Apparel,"Textiles, Apparel & Luxury Goods","Apparel, Accessories & Luxury Goods",1014924736,2021-03-29T19:48:21Z,https://en.wikipedia.org/w/index.php?oldid=1014924736,matched_gics
2021-03-31,NVDA,Nvidia Corporation,Information Technology,Semiconductors & Semiconductor Equipment,Semiconductors & Semiconductor Equipment,Semiconductors,1014924736,2021-03-29T19:48:21Z,https://en.wikipedia.org/w/index.php?oldid=1014924736,matched_gics
2021-03-31,NVO,Novo Nordisk A/S,,,,,,,,missing_gics
2021-03-31,NVS,Novartis AG,,,,,,,,missing_gics
2021-03-31,O,Realty Income Corporation,Real Estate,Real Estate,Equity Real Estate Investment Trusts (REITs),Retail REITs,1014924736,2021-03-29T19:48:21Z,https://en.wikipedia.org/w/index.php?oldid=1014924736,matched_gics
2021-03-31,ORCL,Oracle Corp.,Information Technology,Software & Services,Software,Application Software,1014924736,2021-03-29T19:48:21Z,https://en.wikipedia.org/w/index.php?oldid=1014924736,matched_gics
2021-03-31,PEP,PepsiCo Inc.,Consumer Staples,"Food, Beverage & Tobacco",Beverages,Soft Drinks,1014924736,2021-03-29T19:48:21Z,https://en.wikipedia.org/w/index.php?oldid=1014924736,matched_gics
2021-03-31,PFE,Pfizer Inc.,Health Care,"Pharmaceuticals, Biotechnology & Life Sciences",Pharmaceuticals,Pharmaceuticals,1014924736,2021-03-29T19:48:21Z,https://en.wikipedia.org/w/index.php?oldid=1014924736,matched_gics
2021-03-31,PG,Procter & Gamble,Consumer Staples,Household & Personal Products,Personal Products,Personal Products,1014924736,2021-03-29T19:48:21Z,https://en.wikipedia.org/w/index.php?oldid=1014924736,matched_gics
2021-03-31,PLD,Prologis,Real Estate,Real Estate,Equity Real Estate Investment Trusts (REITs),Industrial REITs,1014924736,2021-03-29T19:48:21Z,https://en.wikipedia.org/w/index.php?oldid=1014924736,matched_gics
2021-03-31,PM,Philip Morris International,Consumer Staples,"Food, Beverage & Tobacco",Tobacco,Tobacco,1014924736,2021-03-29T19:48:21Z,https://en.wikipedia.org/w/index.php?oldid=1014924736,matched_gics
2021-03-31,PSA,Public Storage,Real Estate,Real Estate,Equity Real Estate Investment Trusts (REITs),Specialized REITs,1014924736,2021-03-29T19:48:21Z,https://en.wikipedia.org/w/index.php?oldid=1014924736,matched_gics
2021-03-31,PTR,PetroChina Company Limited,,,,,,,,missing_gics
2021-03-31,PYPL,PayPal,Information Technology,Software & Services,IT Services,Data Processing & Outsourced Services,1014924736,2021-03-29T19:48:21Z,https://en.wikipedia.org/w/index.php?oldid=1014924736,matched_gics
2021-03-31,RDS-B,Royal Dutch Shell plc,,,,,,,,missing_gics
2021-03-31,RIO,Rio Tinto Group,,,,,,,,missing_gics
2021-03-31,RTX,Raytheon Technologies,Industrials,Capital Goods,Aerospace & Defense,Aerospace & Defense,1014924736,2021-03-29T19:48:21Z,https://en.wikipedia.org/w/index.php?oldid=1014924736,matched_gics
2021-03-31,SBAC,SBA Communications,Real Estate,Real Estate,Equity Real Estate Investment Trusts (REITs),Specialized REITs,1014924736,2021-03-29T19:48:21Z,https://en.wikipedia.org/w/index.php?oldid=1014924736,matched_gics
2021-03-31,SBUX,Starbucks Corp.,Consumer Discretionary,Consumer Services,"Hotels, Restaurants & Leisure",Restaurants,1014924736,2021-03-29T19:48:21Z,https://en.wikipedia.org/w/index.php?oldid=1014924736,matched_gics
2021-03-31,SCHW,Charles Schwab Corporation,Financials,Diversified Financials,Capital Markets,Investment Banking & Brokerage,1014924736,2021-03-29T19:48:21Z,https://en.wikipedia.org/w/index.php?oldid=1014924736,matched_gics
2021-03-31,SHW,Sherwin-Williams,Materials,Materials,Chemicals,Specialty Chemicals,1014924736,2021-03-29T19:48:21Z,https://en.wikipedia.org/w/index.php?oldid=1014924736,matched_gics
2021-03-31,SNAP,Snap Inc.,,,,,,,,missing_gics
2021-03-31,SNP,China Petroleum & Chemical Corporation,,,,,,,,missing_gics
2021-03-31,SO,Southern Company,Utilities,Utilities,Electric Utilities,Electric Utilities,1014924736,2021-03-29T19:48:21Z,https://en.wikipedia.org/w/index.php?oldid=1014924736,matched_gics
2021-03-31,SPG-PJ,"Simon Property Group, Inc.",,,,,,,,missing_gics
2021-03-31,SRE,Sempra Energy,Utilities,Utilities,Multi-Utilities,Multi-Utilities,1014924736,2021-03-29T19:48:21Z,https://en.wikipedia.org/w/index.php?oldid=1014924736,matched_gics
2021-03-31,T,AT&T Inc.,Communication Services,Telecommunication Services,Diversified Telecommunication Services,Integrated Telecommunication Services,1014924736,2021-03-29T19:48:21Z,https://en.wikipedia.org/w/index.php?oldid=1014924736,matched_gics
2021-03-31,TGT,Target Corp.,Consumer Discretionary,Retailing,Multiline Retail,General Merchandise Stores,1014924736,2021-03-29T19:48:21Z,https://en.wikipedia.org/w/index.php?oldid=1014924736,matched_gics
2021-03-31,TM,Toyota Motor Corporation,,,,,,,,missing_gics
2021-03-31,TMO,Thermo Fisher Scientific,Health Care,"Pharmaceuticals, Biotechnology & Life Sciences",Life Sciences Tools & Services,Life Sciences Tools & Services,1014924736,2021-03-29T19:48:21Z,https://en.wikipedia.org/w/index.php?oldid=1014924736,matched_gics
2021-03-31,TMUS,T-Mobile US,Communication Services,Telecommunication Services,Wireless Telecommunication Services,Wireless Telecommunication Services,1014924736,2021-03-29T19:48:21Z,https://en.wikipedia.org/w/index.php?oldid=1014924736,matched_gics
2021-03-31,TSLA,"Tesla, Inc.",Consumer Discretionary,Automobiles & Components,Automobiles,Automobile Manufacturers,1014924736,2021-03-29T19:48:21Z,https://en.wikipedia.org/w/index.php?oldid=1014924736,matched_gics
2021-03-31,TSM,Taiwan Semiconductor Manufacturing Company Limited,,,,,,,,missing_gics
2021-03-31,TTE,TotalEnergies SE,,,,,,,,missing_gics
2021-03-31,UL,Unilever PLC,,,,,,,,missing_gics
2021-03-31,UNH,UnitedHealth Group Inc.,Health Care,Health Care Equipment & Services,Health Care Providers & Services,Managed Health Care,1014924736,2021-03-29T19:48:21Z,https://en.wikipedia.org/w/index.php?oldid=1014924736,matched_gics
2021-03-31,UNP,Union Pacific Corp,Industrials,Transportation,Road & Rail,Railroads,1014924736,2021-03-29T19:48:21Z,https://en.wikipedia.org/w/index.php?oldid=1014924736,matched_gics
2021-03-31,UPS,United Parcel Service,Industrials,Transportation,Air Freight & Logistics,Air Freight & Logistics,1014924736,2021-03-29T19:48:21Z,https://en.wikipedia.org/w/index.php?oldid=1014924736,matched_gics
2021-03-31,V,Visa Inc.,Information Technology,Software & Services,IT Services,Data Processing & Outsourced Services,1014924736,2021-03-29T19:48:21Z,https://en.wikipedia.org/w/index.php?oldid=1014924736,matched_gics
2021-03-31,VALE,Vale S.A.,,,,,,,,missing_gics
2021-03-31,VZ,Verizon Communications,Communication Services,Telecommunication Services,Diversified Telecommunication Services,Integrated Telecommunication Services,1014924736,2021-03-29T19:48:21Z,https://en.wikipedia.org/w/index.php?oldid=1014924736,matched_gics
2021-03-31,WELL,Welltower Inc.,Real Estate,Real Estate,Equity Real Estate Investment Trusts (REITs),Health Care REITs,1014924736,2021-03-29T19:48:21Z,https://en.wikipedia.org/w/index.php?oldid=1014924736,matched_gics
2021-03-31,WFC-PL,Wells Fargo & Company,,,,,,,,missing_gics
2021-03-31,WMT,Walmart,Consumer Staples,Food & Staples Retailing,Food & Staples Retailing,Hypermarkets & Super Centers,1014924736,2021-03-29T19:48:21Z,https://en.wikipedia.org/w/index.php?oldid=1014924736,matched_gics
2021-03-31,XEL,Xcel Energy Inc,Utilities,Utilities,Multi-Utilities,Multi-Utilities,1014924736,2021-03-29T19:48:21Z,https://en.wikipedia.org/w/index.php?oldid=1014924736,matched_gics
2021-03-31,XOM,Exxon Mobil Corp.,Energy,Energy,"Oil, Gas & Consumable Fuels",Integrated Oil & Gas,1014924736,2021-03-29T19:48:21Z,https://en.wikipedia.org/w/index.php?oldid=1014924736,matched_gics
2021-04-30,AAPL,Apple Inc.,Information Technology,Technology Hardware & Equipment,"Technology Hardware, Storage & Peripherals","Technology Hardware, Storage & Peripherals",1019447802,2021-04-23T11:42:25Z,https://en.wikipedia.org/w/index.php?oldid=1019447802,matched_gics
2021-04-30,ABBV,AbbVie Inc.,Health Care,"Pharmaceuticals, Biotechnology & Life Sciences",Pharmaceuticals,Pharmaceuticals,1019447802,2021-04-23T11:42:25Z,https://en.wikipedia.org/w/index.php?oldid=1019447802,matched_gics
2021-04-30,ABT,Abbott Laboratories,Health Care,Health Care Equipment & Services,Health Care Equipment & Supplies,Health Care Equipment,1019447802,2021-04-23T11:42:25Z,https://en.wikipedia.org/w/index.php?oldid=1019447802,matched_gics
2021-04-30,ACN,Accenture,Information Technology,Software & Services,IT Services,IT Consulting & Other Services,1019447802,2021-04-23T11:42:25Z,https://en.wikipedia.org/w/index.php?oldid=1019447802,matched_gics
2021-04-30,ADBE,Adobe Inc.,Information Technology,Software & Services,Software,Application Software,1019447802,2021-04-23T11:42:25Z,https://en.wikipedia.org/w/index.php?oldid=1019447802,matched_gics
2021-04-30,ADP,Automatic Data Processing,Information Technology,Software & Services,IT Services,Data Processing & Outsourced Services,1019447802,2021-04-23T11:42:25Z,https://en.wikipedia.org/w/index.php?oldid=1019447802,matched_gics
2021-04-30,AEP,American Electric Power,Utilities,Utilities,Electric Utilities,Electric Utilities,1019447802,2021-04-23T11:42:25Z,https://en.wikipedia.org/w/index.php?oldid=1019447802,matched_gics
2021-04-30,AMT,American Tower Corp.,Real Estate,Real Estate,Equity Real Estate Investment Trusts (REITs),Specialized REITs,1019447802,2021-04-23T11:42:25Z,https://en.wikipedia.org/w/index.php?oldid=1019447802,matched_gics
2021-04-30,AMZN,Amazon.com Inc.,Consumer Discretionary,Retailing,Internet & Direct Marketing Retail,Internet & Direct Marketing Retail,1019447802,2021-04-23T11:42:25Z,https://en.wikipedia.org/w/index.php?oldid=1019447802,matched_gics
2021-04-30,APD,Air Products & Chemicals,Materials,Materials,Chemicals,Industrial Gases,1019447802,2021-04-23T11:42:25Z,https://en.wikipedia.org/w/index.php?oldid=1019447802,matched_gics
2021-04-30,ASML,ASML Holding N.V.,,,,,,,,missing_gics
2021-04-30,AVGO,Broadcom Inc.,Information Technology,Semiconductors & Semiconductor Equipment,Semiconductors & Semiconductor Equipment,Semiconductors,1019447802,2021-04-23T11:42:25Z,https://en.wikipedia.org/w/index.php?oldid=1019447802,matched_gics
2021-04-30,AWK,American Water Works,Utilities,Utilities,Water Utilities,Water Utilities,1019447802,2021-04-23T11:42:25Z,https://en.wikipedia.org/w/index.php?oldid=1019447802,matched_gics
2021-04-30,BA,Boeing Company,Industrials,Capital Goods,Aerospace & Defense,Aerospace & Defense,1019447802,2021-04-23T11:42:25Z,https://en.wikipedia.org/w/index.php?oldid=1019447802,matched_gics
2021-04-30,BABA,Alibaba Group Holding Limited,,,,,,,,missing_gics
2021-04-30,BAC,Bank of America Corp,Financials,Banks,Banks,Diversified Banks,1019447802,2021-04-23T11:42:25Z,https://en.wikipedia.org/w/index.php?oldid=1019447802,matched_gics
2021-04-30,BBL,BHP Group,,,,,,,,missing_gics
2021-04-30,BHP,BHP Group,,,,,,,,missing_gics
2021-04-30,BP,BP p.l.c.,,,,,,,,missing_gics
2021-04-30,BRK-A,Berkshire Hathaway Inc.,,,,,,,,missing_gics
2021-04-30,C-PJ,Citigroup Inc.,,,,,,,,missing_gics
2021-04-30,CAT,Caterpillar Inc.,Industrials,Capital Goods,Machinery,Construction Machinery & Heavy Trucks,1019447802,2021-04-23T11:42:25Z,https://en.wikipedia.org/w/index.php?oldid=1019447802,matched_gics
2021-04-30,CCI,Crown Castle,Real Estate,Real Estate,Equity Real Estate Investment Trusts (REITs),Specialized REITs,1019447802,2021-04-23T11:42:25Z,https://en.wikipedia.org/w/index.php?oldid=1019447802,matched_gics
2021-04-30,CHTR,Charter Communications,Communication Services,Media,Media,Cable & Satellite,1019447802,2021-04-23T11:42:25Z,https://en.wikipedia.org/w/index.php?oldid=1019447802,matched_gics
2021-04-30,CMCSA,Comcast Corp.,Communication Services,Media,Media,Cable & Satellite,1019447802,2021-04-23T11:42:25Z,https://en.wikipedia.org/w/index.php?oldid=1019447802,matched_gics
2021-04-30,COP,ConocoPhillips,Energy,Energy,"Oil, Gas & Consumable Fuels",Oil & Gas Exploration & Production,1019447802,2021-04-23T11:42:25Z,https://en.wikipedia.org/w/index.php?oldid=1019447802,matched_gics
2021-04-30,COST,Costco Wholesale Corp.,Consumer Staples,Food & Staples Retailing,Food & Staples Retailing,Hypermarkets & Super Centers,1019447802,2021-04-23T11:42:25Z,https://en.wikipedia.org/w/index.php?oldid=1019447802,matched_gics
2021-04-30,CSCO,Cisco Systems,Information Technology,Technology Hardware & Equipment,Communications Equipment,Communications Equipment,1019447802,2021-04-23T11:42:25Z,https://en.wikipedia.org/w/index.php?oldid=1019447802,matched_gics
2021-04-30,CTA-PB,E. I. du Pont de Nemours and Company,,,,,,,,missing_gics
2021-04-30,CVX,Chevron Corp.,Energy,Energy,"Oil, Gas & Consumable Fuels",Integrated Oil & Gas,1019447802,2021-04-23T11:42:25Z,https://en.wikipedia.org/w/index.php?oldid=1019447802,matched_gics
2021-04-30,D,Dominion Energy,Utilities,Utilities,Electric Utilities,Electric Utilities,1019447802,2021-04-23T11:42:25Z,https://en.wikipedia.org/w/index.php?oldid=1019447802,matched_gics
2021-04-30,DE,Deere & Co.,Industrials,Capital Goods,Machinery,Agricultural & Farm Machinery,1019447802,2021-04-23T11:42:25Z,https://en.wikipedia.org/w/index.php?oldid=1019447802,matched_gics
2021-04-30,DEO,Diageo plc,,,,,,,,missing_gics
2021-04-30,DHR,Danaher Corp.,Health Care,Health Care Equipment & Services,Health Care Equipment & Supplies,Health Care Equipment,1019447802,2021-04-23T11:42:25Z,https://en.wikipedia.org/w/index.php?oldid=1019447802,matched_gics
2021-04-30,DIS,The Walt Disney Company,Communication Services,Media & Entertainment,Entertainment,Movies & Entertainment,1019447802,2021-04-23T11:42:25Z,https://en.wikipedia.org/w/index.php?oldid=1019447802,matched_gics
2021-04-30,DLR,Digital Realty Trust Inc,Real Estate,Real Estate,Equity Real Estate Investment Trusts (REITs),Specialized REITs,1019447802,2021-04-23T11:42:25Z,https://en.wikipedia.org/w/index.php?oldid=1019447802,matched_gics
2021-04-30,DUK,Duke Energy,Utilities,Utilities,Electric Utilities,Electric Utilities,1019447802,2021-04-23T11:42:25Z,https://en.wikipedia.org/w/index.php?oldid=1019447802,matched_gics
2021-04-30,ECL,Ecolab Inc.,Materials,Materials,Chemicals,Specialty Chemicals,1019447802,2021-04-23T11:42:25Z,https://en.wikipedia.org/w/index.php?oldid=1019447802,matched_gics
2021-04-30,EL,Estée Lauder Companies,Consumer Staples,Household & Personal Products,Personal Products,Personal Products,1019447802,2021-04-23T11:42:25Z,https://en.wikipedia.org/w/index.php?oldid=1019447802,matched_gics
2021-04-30,ENB,Enbridge Inc.,,,,,,,,missing_gics
2021-04-30,EQIX,Equinix,Real Estate,Real Estate,Equity Real Estate Investment Trusts (REITs),Specialized REITs,1019447802,2021-04-23T11:42:25Z,https://en.wikipedia.org/w/index.php?oldid=1019447802,matched_gics
2021-04-30,EQNR,Equinor ASA,,,,,,,,missing_gics
2021-04-30,EXC,Exelon Corp.,Utilities,Utilities,Multi-Utilities,Multi-Utilities,1019447802,2021-04-23T11:42:25Z,https://en.wikipedia.org/w/index.php?oldid=1019447802,matched_gics
2021-04-30,FB,"Facebook, Inc.",Communication Services,Media & Entertainment,Interactive Media & Services,Interactive Media & Services,1019447802,2021-04-23T11:42:25Z,https://en.wikipedia.org/w/index.php?oldid=1019447802,matched_gics
2021-04-30,FCX,Freeport-McMoRan Inc.,Materials,Materials,Metals & Mining,Copper,1019447802,2021-04-23T11:42:25Z,https://en.wikipedia.org/w/index.php?oldid=1019447802,matched_gics
2021-04-30,GE,General Electric,Industrials,Capital Goods,Industrial Conglomerates,Industrial Conglomerates,1019447802,2021-04-23T11:42:25Z,https://en.wikipedia.org/w/index.php?oldid=1019447802,matched_gics
2021-04-30,GOOG,Alphabet Inc. (Class C),Communication Services,Media & Entertainment,Interactive Media & Services,Interactive Media & Services,1019447802,2021-04-23T11:42:25Z,https://en.wikipedia.org/w/index.php?oldid=1019447802,matched_gics
2021-04-30,HD,Home Depot,Consumer Discretionary,Retailing,Specialty Retail,Home Improvement Retail,1019447802,2021-04-23T11:42:25Z,https://en.wikipedia.org/w/index.php?oldid=1019447802,matched_gics
2021-04-30,HON,Honeywell Int'l Inc.,Industrials,Capital Goods,Industrial Conglomerates,Industrial Conglomerates,1019447802,2021-04-23T11:42:25Z,https://en.wikipedia.org/w/index.php?oldid=1019447802,matched_gics
2021-04-30,JD,"JD.com, Inc.",,,,,,,,missing_gics
2021-04-30,JNJ,Johnson & Johnson,Health Care,"Pharmaceuticals, Biotechnology & Life Sciences",Pharmaceuticals,Pharmaceuticals,1019447802,2021-04-23T11:42:25Z,https://en.wikipedia.org/w/index.php?oldid=1019447802,matched_gics
2021-04-30,JPM,JPMorgan Chase & Co.,Financials,Banks,Banks,Diversified Banks,1019447802,2021-04-23T11:42:25Z,https://en.wikipedia.org/w/index.php?oldid=1019447802,matched_gics
2021-04-30,KO,Coca-Cola Company,Consumer Staples,"Food, Beverage & Tobacco",Beverages,Soft Drinks,1019447802,2021-04-23T11:42:25Z,https://en.wikipedia.org/w/index.php?oldid=1019447802,matched_gics
2021-04-30,LLY,Lilly (Eli) & Co.,Health Care,"Pharmaceuticals, Biotechnology & Life Sciences",Pharmaceuticals,Pharmaceuticals,1019447802,2021-04-23T11:42:25Z,https://en.wikipedia.org/w/index.php?oldid=1019447802,matched_gics
2021-04-30,LOW,Lowe's Cos.,Consumer Discretionary,Retailing,Specialty Retail,Home Improvement Retail,1019447802,2021-04-23T11:42:25Z,https://en.wikipedia.org/w/index.php?oldid=1019447802,matched_gics
2021-04-30,MA,Mastercard Inc.,Information Technology,Software & Services,IT Services,Data Processing & Outsourced Services,1019447802,2021-04-23T11:42:25Z,https://en.wikipedia.org/w/index.php?oldid=1019447802,matched_gics
2021-04-30,MCD,McDonald's Corp.,Consumer Discretionary,Consumer Services,"Hotels, Restaurants & Leisure",Restaurants,1019447802,2021-04-23T11:42:25Z,https://en.wikipedia.org/w/index.php?oldid=1019447802,matched_gics
2021-04-30,MMM,3M Company,Industrials,Capital Goods,Industrial Conglomerates,Industrial Conglomerates,1019447802,2021-04-23T11:42:25Z,https://en.wikipedia.org/w/index.php?oldid=1019447802,matched_gics
2021-04-30,MS,Morgan Stanley,Financials,Diversified Financials,Capital Markets,Investment Banking & Brokerage,1019447802,2021-04-23T11:42:25Z,https://en.wikipedia.org/w/index.php?oldid=1019447802,matched_gics
2021-04-30,MSFT,Microsoft Corp.,Information Technology,Software & Services,Software,Systems Software,1019447802,2021-04-23T11:42:25Z,https://en.wikipedia.org/w/index.php?oldid=1019447802,matched_gics
2021-04-30,NEE,NextEra Energy,Utilities,Utilities,Multi-Utilities,Multi-Utilities,1019447802,2021-04-23T11:42:25Z,https://en.wikipedia.org/w/index.php?oldid=1019447802,matched_gics
2021-04-30,NEM,Newmont Corporation,Materials,Materials,Metals & Mining,Gold,1019447802,2021-04-23T11:42:25Z,https://en.wikipedia.org/w/index.php?oldid=1019447802,matched_gics
2021-04-30,NFLX,Netflix Inc.,Communication Services,Media & Entertainment,Entertainment,Movies & Entertainment,1019447802,2021-04-23T11:42:25Z,https://en.wikipedia.org/w/index.php?oldid=1019447802,matched_gics
2021-04-30,NGG,National Grid plc,,,,,,,,missing_gics
2021-04-30,NKE,"Nike, Inc.",Consumer Discretionary,Consumer Durables & Apparel,"Textiles, Apparel & Luxury Goods","Apparel, Accessories & Luxury Goods",1019447802,2021-04-23T11:42:25Z,https://en.wikipedia.org/w/index.php?oldid=1019447802,matched_gics
2021-04-30,NVDA,Nvidia Corporation,Information Technology,Semiconductors & Semiconductor Equipment,Semiconductors & Semiconductor Equipment,Semiconductors,1019447802,2021-04-23T11:42:25Z,https://en.wikipedia.org/w/index.php?oldid=1019447802,matched_gics
2021-04-30,NVO,Novo Nordisk A/S,,,,,,,,missing_gics
2021-04-30,NVS,Novartis AG,,,,,,,,missing_gics
2021-04-30,O,Realty Income Corporation,Real Estate,Real Estate,Equity Real Estate Investment Trusts (REITs),Retail REITs,1019447802,2021-04-23T11:42:25Z,https://en.wikipedia.org/w/index.php?oldid=1019447802,matched_gics
2021-04-30,ORCL,Oracle Corp.,Information Technology,Software & Services,Software,Application Software,1019447802,2021-04-23T11:42:25Z,https://en.wikipedia.org/w/index.php?oldid=1019447802,matched_gics
2021-04-30,PEP,PepsiCo Inc.,Consumer Staples,"Food, Beverage & Tobacco",Beverages,Soft Drinks,1019447802,2021-04-23T11:42:25Z,https://en.wikipedia.org/w/index.php?oldid=1019447802,matched_gics
2021-04-30,PFE,Pfizer Inc.,Health Care,"Pharmaceuticals, Biotechnology & Life Sciences",Pharmaceuticals,Pharmaceuticals,1019447802,2021-04-23T11:42:25Z,https://en.wikipedia.org/w/index.php?oldid=1019447802,matched_gics
2021-04-30,PG,Procter & Gamble,Consumer Staples,Household & Personal Products,Personal Products,Personal Products,1019447802,2021-04-23T11:42:25Z,https://en.wikipedia.org/w/index.php?oldid=1019447802,matched_gics
2021-04-30,PLD,Prologis,Real Estate,Real Estate,Equity Real Estate Investment Trusts (REITs),Industrial REITs,1019447802,2021-04-23T11:42:25Z,https://en.wikipedia.org/w/index.php?oldid=1019447802,matched_gics
2021-04-30,PM,Philip Morris International,Consumer Staples,"Food, Beverage & Tobacco",Tobacco,Tobacco,1019447802,2021-04-23T11:42:25Z,https://en.wikipedia.org/w/index.php?oldid=1019447802,matched_gics
2021-04-30,PSA,Public Storage,Real Estate,Real Estate,Equity Real Estate Investment Trusts (REITs),Specialized REITs,1019447802,2021-04-23T11:42:25Z,https://en.wikipedia.org/w/index.php?oldid=1019447802,matched_gics
2021-04-30,PTR,PetroChina Company Limited,,,,,,,,missing_gics
2021-04-30,PYPL,PayPal,Information Technology,Software & Services,IT Services,Data Processing & Outsourced Services,1019447802,2021-04-23T11:42:25Z,https://en.wikipedia.org/w/index.php?oldid=1019447802,matched_gics
2021-04-30,RDS-B,Royal Dutch Shell plc,,,,,,,,missing_gics
2021-04-30,RIO,Rio Tinto Group,,,,,,,,missing_gics
2021-04-30,RTX,Raytheon Technologies,Industrials,Capital Goods,Aerospace & Defense,Aerospace & Defense,1019447802,2021-04-23T11:42:25Z,https://en.wikipedia.org/w/index.php?oldid=1019447802,matched_gics
2021-04-30,SBAC,SBA Communications,Real Estate,Real Estate,Equity Real Estate Investment Trusts (REITs),Specialized REITs,1019447802,2021-04-23T11:42:25Z,https://en.wikipedia.org/w/index.php?oldid=1019447802,matched_gics
2021-04-30,SBUX,Starbucks Corp.,Consumer Discretionary,Consumer Services,"Hotels, Restaurants & Leisure",Restaurants,1019447802,2021-04-23T11:42:25Z,https://en.wikipedia.org/w/index.php?oldid=1019447802,matched_gics
2021-04-30,SCHW,Charles Schwab Corporation,Financials,Diversified Financials,Capital Markets,Investment Banking & Brokerage,1019447802,2021-04-23T11:42:25Z,https://en.wikipedia.org/w/index.php?oldid=1019447802,matched_gics
2021-04-30,SHW,Sherwin-Williams,Materials,Materials,Chemicals,Specialty Chemicals,1019447802,2021-04-23T11:42:25Z,https://en.wikipedia.org/w/index.php?oldid=1019447802,matched_gics
2021-04-30,SNAP,Snap Inc.,,,,,,,,missing_gics
2021-04-30,SNP,China Petroleum & Chemical Corporation,,,,,,,,missing_gics
2021-04-30,SO,Southern Company,Utilities,Utilities,Electric Utilities,Electric Utilities,1019447802,2021-04-23T11:42:25Z,https://en.wikipedia.org/w/index.php?oldid=1019447802,matched_gics
2021-04-30,SPG-PJ,"Simon Property Group, Inc.",,,,,,,,missing_gics
2021-04-30,SRE,Sempra Energy,Utilities,Utilities,Multi-Utilities,Multi-Utilities,1019447802,2021-04-23T11:42:25Z,https://en.wikipedia.org/w/index.php?oldid=1019447802,matched_gics
2021-04-30,T,AT&T Inc.,Communication Services,Telecommunication Services,Diversified Telecommunication Services,Integrated Telecommunication Services,1019447802,2021-04-23T11:42:25Z,https://en.wikipedia.org/w/index.php?oldid=1019447802,matched_gics
2021-04-30,TGT,Target Corp.,Consumer Discretionary,Retailing,Multiline Retail,General Merchandise Stores,1019447802,2021-04-23T11:42:25Z,https://en.wikipedia.org/w/index.php?oldid=1019447802,matched_gics
2021-04-30,TM,Toyota Motor Corporation,,,,,,,,missing_gics
2021-04-30,TMO,Thermo Fisher Scientific,Health Care,"Pharmaceuticals, Biotechnology & Life Sciences",Life Sciences Tools & Services,Life Sciences Tools & Services,1019447802,2021-04-23T11:42:25Z,https://en.wikipedia.org/w/index.php?oldid=1019447802,matched_gics
2021-04-30,TMUS,T-Mobile US,Communication Services,Telecommunication Services,Wireless Telecommunication Services,Wireless Telecommunication Services,1019447802,2021-04-23T11:42:25Z,https://en.wikipedia.org/w/index.php?oldid=1019447802,matched_gics
2021-04-30,TSLA,"Tesla, Inc.",Consumer Discretionary,Automobiles & Components,Automobiles,Automobile Manufacturers,1019447802,2021-04-23T11:42:25Z,https://en.wikipedia.org/w/index.php?oldid=1019447802,matched_gics
2021-04-30,TSM,Taiwan Semiconductor Manufacturing Company Limited,,,,,,,,missing_gics
2021-04-30,TTE,TotalEnergies SE,,,,,,,,missing_gics
2021-04-30,UL,Unilever PLC,,,,,,,,missing_gics
2021-04-30,UNH,UnitedHealth Group Inc.,Health Care,Health Care Equipment & Services,Health Care Providers & Services,Managed Health Care,1019447802,2021-04-23T11:42:25Z,https://en.wikipedia.org/w/index.php?oldid=1019447802,matched_gics
2021-04-30,UNP,Union Pacific Corp,Industrials,Transportation,Road & Rail,Railroads,1019447802,2021-04-23T11:42:25Z,https://en.wikipedia.org/w/index.php?oldid=1019447802,matched_gics
2021-04-30,UPS,United Parcel Service,Industrials,Transportation,Air Freight & Logistics,Air Freight & Logistics,1019447802,2021-04-23T11:42:25Z,https://en.wikipedia.org/w/index.php?oldid=1019447802,matched_gics
2021-04-30,V,Visa Inc.,Information Technology,Software & Services,IT Services,Data Processing & Outsourced Services,1019447802,2021-04-23T11:42:25Z,https://en.wikipedia.org/w/index.php?oldid=1019447802,matched_gics
2021-04-30,VALE,Vale S.A.,,,,,,,,missing_gics
2021-04-30,VZ,Verizon Communications,Communication Services,Telecommunication Services,Diversified Telecommunication Services,Integrated Telecommunication Services,1019447802,2021-04-23T11:42:25Z,https://en.wikipedia.org/w/index.php?oldid=1019447802,matched_gics
2021-04-30,WELL,Welltower Inc.,Real Estate,Real Estate,Equity Real Estate Investment Trusts (REITs),Health Care REITs,1019447802,2021-04-23T11:42:25Z,https://en.wikipedia.org/w/index.php?oldid=1019447802,matched_gics
2021-04-30,WFC-PL,Wells Fargo & Company,,,,,,,,missing_gics
2021-04-30,WMT,Walmart,Consumer Staples,Food & Staples Retailing,Food & Staples Retailing,Hypermarkets & Super Centers,1019447802,2021-04-23T11:42:25Z,https://en.wikipedia.org/w/index.php?oldid=1019447802,matched_gics
2021-04-30,XEL,Xcel Energy Inc,Utilities,Utilities,Multi-Utilities,Multi-Utilities,1019447802,2021-04-23T11:42:25Z,https://en.wikipedia.org/w/index.php?oldid=1019447802,matched_gics
2021-04-30,XOM,Exxon Mobil Corp.,Energy,Energy,"Oil, Gas & Consumable Fuels",Integrated Oil & Gas,1019447802,2021-04-23T11:42:25Z,https://en.wikipedia.org/w/index.php?oldid=1019447802,matched_gics
2021-05-31,AAPL,Apple Inc.,Information Technology,Technology Hardware & Equipment,"Technology Hardware, Storage & Peripherals","Technology Hardware, Storage & Peripherals",1025307873,2021-05-26T21:33:15Z,https://en.wikipedia.org/w/index.php?oldid=1025307873,matched_gics
2021-05-31,ABBV,AbbVie Inc.,Health Care,"Pharmaceuticals, Biotechnology & Life Sciences",Pharmaceuticals,Pharmaceuticals,1025307873,2021-05-26T21:33:15Z,https://en.wikipedia.org/w/index.php?oldid=1025307873,matched_gics
2021-05-31,ABT,Abbott Laboratories,Health Care,Health Care Equipment & Services,Health Care Equipment & Supplies,Health Care Equipment,1025307873,2021-05-26T21:33:15Z,https://en.wikipedia.org/w/index.php?oldid=1025307873,matched_gics
2021-05-31,ACN,Accenture,Information Technology,Software & Services,IT Services,IT Consulting & Other Services,1025307873,2021-05-26T21:33:15Z,https://en.wikipedia.org/w/index.php?oldid=1025307873,matched_gics
2021-05-31,ADBE,Adobe Inc.,Information Technology,Software & Services,Software,Application Software,1025307873,2021-05-26T21:33:15Z,https://en.wikipedia.org/w/index.php?oldid=1025307873,matched_gics
2021-05-31,ADP,Automatic Data Processing,Information Technology,Software & Services,IT Services,Data Processing & Outsourced Services,1025307873,2021-05-26T21:33:15Z,https://en.wikipedia.org/w/index.php?oldid=1025307873,matched_gics
2021-05-31,AEP,American Electric Power,Utilities,Utilities,Electric Utilities,Electric Utilities,1025307873,2021-05-26T21:33:15Z,https://en.wikipedia.org/w/index.php?oldid=1025307873,matched_gics
2021-05-31,AMT,American Tower Corp.,Real Estate,Real Estate,Equity Real Estate Investment Trusts (REITs),Specialized REITs,1025307873,2021-05-26T21:33:15Z,https://en.wikipedia.org/w/index.php?oldid=1025307873,matched_gics
2021-05-31,AMZN,Amazon.com Inc.,Consumer Discretionary,Retailing,Internet & Direct Marketing Retail,Internet & Direct Marketing Retail,1025307873,2021-05-26T21:33:15Z,https://en.wikipedia.org/w/index.php?oldid=1025307873,matched_gics
2021-05-31,APD,Air Products & Chemicals,Materials,Materials,Chemicals,Industrial Gases,1025307873,2021-05-26T21:33:15Z,https://en.wikipedia.org/w/index.php?oldid=1025307873,matched_gics
2021-05-31,ASML,ASML Holding N.V.,,,,,,,,missing_gics
2021-05-31,AVGO,Broadcom Inc.,Information Technology,Semiconductors & Semiconductor Equipment,Semiconductors & Semiconductor Equipment,Semiconductors,1025307873,2021-05-26T21:33:15Z,https://en.wikipedia.org/w/index.php?oldid=1025307873,matched_gics
2021-05-31,AWK,American Water Works,Utilities,Utilities,Water Utilities,Water Utilities,1025307873,2021-05-26T21:33:15Z,https://en.wikipedia.org/w/index.php?oldid=1025307873,matched_gics
2021-05-31,BA,Boeing Company,Industrials,Capital Goods,Aerospace & Defense,Aerospace & Defense,1025307873,2021-05-26T21:33:15Z,https://en.wikipedia.org/w/index.php?oldid=1025307873,matched_gics
2021-05-31,BABA,Alibaba Group Holding Limited,,,,,,,,missing_gics
2021-05-31,BAC,Bank of America Corp,Financials,Banks,Banks,Diversified Banks,1025307873,2021-05-26T21:33:15Z,https://en.wikipedia.org/w/index.php?oldid=1025307873,matched_gics
2021-05-31,BBL,BHP Group,,,,,,,,missing_gics
2021-05-31,BHP,BHP Group,,,,,,,,missing_gics
2021-05-31,BP,BP p.l.c.,,,,,,,,missing_gics
2021-05-31,BRK-A,Berkshire Hathaway Inc.,,,,,,,,missing_gics
2021-05-31,C-PJ,Citigroup Inc.,,,,,,,,missing_gics
2021-05-31,CAT,Caterpillar Inc.,Industrials,Capital Goods,Machinery,Construction Machinery & Heavy Trucks,1025307873,2021-05-26T21:33:15Z,https://en.wikipedia.org/w/index.php?oldid=1025307873,matched_gics
2021-05-31,CCI,Crown Castle,Real Estate,Real Estate,Equity Real Estate Investment Trusts (REITs),Specialized REITs,1025307873,2021-05-26T21:33:15Z,https://en.wikipedia.org/w/index.php?oldid=1025307873,matched_gics
2021-05-31,CHTR,Charter Communications,Communication Services,Media,Media,Cable & Satellite,1025307873,2021-05-26T21:33:15Z,https://en.wikipedia.org/w/index.php?oldid=1025307873,matched_gics
2021-05-31,CMCSA,Comcast Corp.,Communication Services,Media,Media,Cable & Satellite,1025307873,2021-05-26T21:33:15Z,https://en.wikipedia.org/w/index.php?oldid=1025307873,matched_gics
2021-05-31,COP,ConocoPhillips,Energy,Energy,"Oil, Gas & Consumable Fuels",Oil & Gas Exploration & Production,1025307873,2021-05-26T21:33:15Z,https://en.wikipedia.org/w/index.php?oldid=1025307873,matched_gics
2021-05-31,COST,Costco Wholesale Corp.,Consumer Staples,Food & Staples Retailing,Food & Staples Retailing,Hypermarkets & Super Centers,1025307873,2021-05-26T21:33:15Z,https://en.wikipedia.org/w/index.php?oldid=1025307873,matched_gics
2021-05-31,CSCO,Cisco Systems,Information Technology,Technology Hardware & Equipment,Communications Equipment,Communications Equipment,1025307873,2021-05-26T21:33:15Z,https://en.wikipedia.org/w/index.php?oldid=1025307873,matched_gics
2021-05-31,CTA-PB,E. I. du Pont de Nemours and Company,,,,,,,,missing_gics
2021-05-31,CVX,Chevron Corp.,Energy,Energy,"Oil, Gas & Consumable Fuels",Integrated Oil & Gas,1025307873,2021-05-26T21:33:15Z,https://en.wikipedia.org/w/index.php?oldid=1025307873,matched_gics
2021-05-31,D,Dominion Energy,Utilities,Utilities,Electric Utilities,Electric Utilities,1025307873,2021-05-26T21:33:15Z,https://en.wikipedia.org/w/index.php?oldid=1025307873,matched_gics
2021-05-31,DE,Deere & Co.,Industrials,Capital Goods,Machinery,Agricultural & Farm Machinery,1025307873,2021-05-26T21:33:15Z,https://en.wikipedia.org/w/index.php?oldid=1025307873,matched_gics
2021-05-31,DEO,Diageo plc,,,,,,,,missing_gics
2021-05-31,DHR,Danaher Corp.,Health Care,Health Care Equipment & Services,Health Care Equipment & Supplies,Health Care Equipment,1025307873,2021-05-26T21:33:15Z,https://en.wikipedia.org/w/index.php?oldid=1025307873,matched_gics
2021-05-31,DIS,The Walt Disney Company,Communication Services,Media & Entertainment,Entertainment,Movies & Entertainment,1025307873,2021-05-26T21:33:15Z,https://en.wikipedia.org/w/index.php?oldid=1025307873,matched_gics
2021-05-31,DLR,Digital Realty Trust Inc,Real Estate,Real Estate,Equity Real Estate Investment Trusts (REITs),Specialized REITs,1025307873,2021-05-26T21:33:15Z,https://en.wikipedia.org/w/index.php?oldid=1025307873,matched_gics
2021-05-31,DUK,Duke Energy,Utilities,Utilities,Electric Utilities,Electric Utilities,1025307873,2021-05-26T21:33:15Z,https://en.wikipedia.org/w/index.php?oldid=1025307873,matched_gics
2021-05-31,ECL,Ecolab Inc.,Materials,Materials,Chemicals,Specialty Chemicals,1025307873,2021-05-26T21:33:15Z,https://en.wikipedia.org/w/index.php?oldid=1025307873,matched_gics
2021-05-31,EL,Estée Lauder Companies,Consumer Staples,Household & Personal Products,Personal Products,Personal Products,1025307873,2021-05-26T21:33:15Z,https://en.wikipedia.org/w/index.php?oldid=1025307873,matched_gics
2021-05-31,ENB,Enbridge Inc.,,,,,,,,missing_gics
2021-05-31,EQIX,Equinix,Real Estate,Real Estate,Equity Real Estate Investment Trusts (REITs),Specialized REITs,1025307873,2021-05-26T21:33:15Z,https://en.wikipedia.org/w/index.php?oldid=1025307873,matched_gics
2021-05-31,EQNR,Equinor ASA,,,,,,,,missing_gics
2021-05-31,EXC,Exelon Corp.,Utilities,Utilities,Multi-Utilities,Multi-Utilities,1025307873,2021-05-26T21:33:15Z,https://en.wikipedia.org/w/index.php?oldid=1025307873,matched_gics
2021-05-31,FB,"Facebook, Inc.",Communication Services,Media & Entertainment,Interactive Media & Services,Interactive Media & Services,1025307873,2021-05-26T21:33:15Z,https://en.wikipedia.org/w/index.php?oldid=1025307873,matched_gics
2021-05-31,FCX,Freeport-McMoRan Inc.,Materials,Materials,Metals & Mining,Copper,1025307873,2021-05-26T21:33:15Z,https://en.wikipedia.org/w/index.php?oldid=1025307873,matched_gics
2021-05-31,GE,General Electric,Industrials,Capital Goods,Industrial Conglomerates,Industrial Conglomerates,1025307873,2021-05-26T21:33:15Z,https://en.wikipedia.org/w/index.php?oldid=1025307873,matched_gics
2021-05-31,GOOG,Alphabet Inc. (Class C),Communication Services,Media & Entertainment,Interactive Media & Services,Interactive Media & Services,1025307873,2021-05-26T21:33:15Z,https://en.wikipedia.org/w/index.php?oldid=1025307873,matched_gics
2021-05-31,HD,Home Depot,Consumer Discretionary,Retailing,Specialty Retail,Home Improvement Retail,1025307873,2021-05-26T21:33:15Z,https://en.wikipedia.org/w/index.php?oldid=1025307873,matched_gics
2021-05-31,HON,Honeywell Int'l Inc.,Industrials,Capital Goods,Industrial Conglomerates,Industrial Conglomerates,1025307873,2021-05-26T21:33:15Z,https://en.wikipedia.org/w/index.php?oldid=1025307873,matched_gics
2021-05-31,JD,"JD.com, Inc.",,,,,,,,missing_gics
2021-05-31,JNJ,Johnson & Johnson,Health Care,"Pharmaceuticals, Biotechnology & Life Sciences",Pharmaceuticals,Pharmaceuticals,1025307873,2021-05-26T21:33:15Z,https://en.wikipedia.org/w/index.php?oldid=1025307873,matched_gics
2021-05-31,JPM,JPMorgan Chase & Co.,Financials,Banks,Banks,Diversified Banks,1025307873,2021-05-26T21:33:15Z,https://en.wikipedia.org/w/index.php?oldid=1025307873,matched_gics
2021-05-31,KO,Coca-Cola Company,Consumer Staples,"Food, Beverage & Tobacco",Beverages,Soft Drinks,1025307873,2021-05-26T21:33:15Z,https://en.wikipedia.org/w/index.php?oldid=1025307873,matched_gics
2021-05-31,LLY,Lilly (Eli) & Co.,Health Care,"Pharmaceuticals, Biotechnology & Life Sciences",Pharmaceuticals,Pharmaceuticals,1025307873,2021-05-26T21:33:15Z,https://en.wikipedia.org/w/index.php?oldid=1025307873,matched_gics
2021-05-31,LOW,Lowe's Cos.,Consumer Discretionary,Retailing,Specialty Retail,Home Improvement Retail,1025307873,2021-05-26T21:33:15Z,https://en.wikipedia.org/w/index.php?oldid=1025307873,matched_gics
2021-05-31,MA,Mastercard Inc.,Information Technology,Software & Services,IT Services,Data Processing & Outsourced Services,1025307873,2021-05-26T21:33:15Z,https://en.wikipedia.org/w/index.php?oldid=1025307873,matched_gics
2021-05-31,MCD,McDonald's Corp.,Consumer Discretionary,Consumer Services,"Hotels, Restaurants & Leisure",Restaurants,1025307873,2021-05-26T21:33:15Z,https://en.wikipedia.org/w/index.php?oldid=1025307873,matched_gics
2021-05-31,MMM,3M Company,Industrials,Capital Goods,Industrial Conglomerates,Industrial Conglomerates,1025307873,2021-05-26T21:33:15Z,https://en.wikipedia.org/w/index.php?oldid=1025307873,matched_gics
2021-05-31,MS,Morgan Stanley,Financials,Diversified Financials,Capital Markets,Investment Banking & Brokerage,1025307873,2021-05-26T21:33:15Z,https://en.wikipedia.org/w/index.php?oldid=1025307873,matched_gics
2021-05-31,MSFT,Microsoft Corp.,Information Technology,Software & Services,Software,Systems Software,1025307873,2021-05-26T21:33:15Z,https://en.wikipedia.org/w/index.php?oldid=1025307873,matched_gics
2021-05-31,NEE,NextEra Energy,Utilities,Utilities,Multi-Utilities,Multi-Utilities,1025307873,2021-05-26T21:33:15Z,https://en.wikipedia.org/w/index.php?oldid=1025307873,matched_gics
2021-05-31,NEM,Newmont Corporation,Materials,Materials,Metals & Mining,Gold,1025307873,2021-05-26T21:33:15Z,https://en.wikipedia.org/w/index.php?oldid=1025307873,matched_gics
2021-05-31,NFLX,Netflix Inc.,Communication Services,Media & Entertainment,Entertainment,Movies & Entertainment,1025307873,2021-05-26T21:33:15Z,https://en.wikipedia.org/w/index.php?oldid=1025307873,matched_gics
2021-05-31,NGG,National Grid plc,,,,,,,,missing_gics
2021-05-31,NKE,"Nike, Inc.",Consumer Discretionary,Consumer Durables & Apparel,"Textiles, Apparel & Luxury Goods","Apparel, Accessories & Luxury Goods",1025307873,2021-05-26T21:33:15Z,https://en.wikipedia.org/w/index.php?oldid=1025307873,matched_gics
2021-05-31,NVDA,Nvidia Corporation,Information Technology,Semiconductors & Semiconductor Equipment,Semiconductors & Semiconductor Equipment,Semiconductors,1025307873,2021-05-26T21:33:15Z,https://en.wikipedia.org/w/index.php?oldid=1025307873,matched_gics
2021-05-31,NVO,Novo Nordisk A/S,,,,,,,,missing_gics
2021-05-31,NVS,Novartis AG,,,,,,,,missing_gics
2021-05-31,O,Realty Income Corporation,Real Estate,Real Estate,Equity Real Estate Investment Trusts (REITs),Retail REITs,1025307873,2021-05-26T21:33:15Z,https://en.wikipedia.org/w/index.php?oldid=1025307873,matched_gics
2021-05-31,ORCL,Oracle Corp.,Information Technology,Software & Services,Software,Application Software,1025307873,2021-05-26T21:33:15Z,https://en.wikipedia.org/w/index.php?oldid=1025307873,matched_gics
2021-05-31,PEP,PepsiCo Inc.,Consumer Staples,"Food, Beverage & Tobacco",Beverages,Soft Drinks,1025307873,2021-05-26T21:33:15Z,https://en.wikipedia.org/w/index.php?oldid=1025307873,matched_gics
2021-05-31,PFE,Pfizer Inc.,Health Care,"Pharmaceuticals, Biotechnology & Life Sciences",Pharmaceuticals,Pharmaceuticals,1025307873,2021-05-26T21:33:15Z,https://en.wikipedia.org/w/index.php?oldid=1025307873,matched_gics
2021-05-31,PG,Procter & Gamble,Consumer Staples,Household & Personal Products,Personal Products,Personal Products,1025307873,2021-05-26T21:33:15Z,https://en.wikipedia.org/w/index.php?oldid=1025307873,matched_gics
2021-05-31,PLD,Prologis,Real Estate,Real Estate,Equity Real Estate Investment Trusts (REITs),Industrial REITs,1025307873,2021-05-26T21:33:15Z,https://en.wikipedia.org/w/index.php?oldid=1025307873,matched_gics
2021-05-31,PM,Philip Morris International,Consumer Staples,"Food, Beverage & Tobacco",Tobacco,Tobacco,1025307873,2021-05-26T21:33:15Z,https://en.wikipedia.org/w/index.php?oldid=1025307873,matched_gics
2021-05-31,PSA,Public Storage,Real Estate,Real Estate,Equity Real Estate Investment Trusts (REITs),Specialized REITs,1025307873,2021-05-26T21:33:15Z,https://en.wikipedia.org/w/index.php?oldid=1025307873,matched_gics
2021-05-31,PTR,PetroChina Company Limited,,,,,,,,missing_gics
2021-05-31,PYPL,PayPal,Information Technology,Software & Services,IT Services,Data Processing & Outsourced Services,1025307873,2021-05-26T21:33:15Z,https://en.wikipedia.org/w/index.php?oldid=1025307873,matched_gics
2021-05-31,RDS-B,Royal Dutch Shell plc,,,,,,,,missing_gics
2021-05-31,RIO,Rio Tinto Group,,,,,,,,missing_gics
2021-05-31,RTX,Raytheon Technologies,Industrials,Capital Goods,Aerospace & Defense,Aerospace & Defense,1025307873,2021-05-26T21:33:15Z,https://en.wikipedia.org/w/index.php?oldid=1025307873,matched_gics
2021-05-31,SBAC,SBA Communications,Real Estate,Real Estate,Equity Real Estate Investment Trusts (REITs),Specialized REITs,1025307873,2021-05-26T21:33:15Z,https://en.wikipedia.org/w/index.php?oldid=1025307873,matched_gics
2021-05-31,SBUX,Starbucks Corp.,Consumer Discretionary,Consumer Services,"Hotels, Restaurants & Leisure",Restaurants,1025307873,2021-05-26T21:33:15Z,https://en.wikipedia.org/w/index.php?oldid=1025307873,matched_gics
2021-05-31,SCHW,Charles Schwab Corporation,Financials,Diversified Financials,Capital Markets,Investment Banking & Brokerage,1025307873,2021-05-26T21:33:15Z,https://en.wikipedia.org/w/index.php?oldid=1025307873,matched_gics
2021-05-31,SHW,Sherwin-Williams,Materials,Materials,Chemicals,Specialty Chemicals,1025307873,2021-05-26T21:33:15Z,https://en.wikipedia.org/w/index.php?oldid=1025307873,matched_gics
2021-05-31,SNAP,Snap Inc.,,,,,,,,missing_gics
2021-05-31,SNP,China Petroleum & Chemical Corporation,,,,,,,,missing_gics
2021-05-31,SO,Southern Company,Utilities,Utilities,Electric Utilities,Electric Utilities,1025307873,2021-05-26T21:33:15Z,https://en.wikipedia.org/w/index.php?oldid=1025307873,matched_gics
2021-05-31,SPG-PJ,"Simon Property Group, Inc.",,,,,,,,missing_gics
2021-05-31,SRE,Sempra Energy,Utilities,Utilities,Multi-Utilities,Multi-Utilities,1025307873,2021-05-26T21:33:15Z,https://en.wikipedia.org/w/index.php?oldid=1025307873,matched_gics
2021-05-31,T,AT&T Inc.,Communication Services,Telecommunication Services,Diversified Telecommunication Services,Integrated Telecommunication Services,1025307873,2021-05-26T21:33:15Z,https://en.wikipedia.org/w/index.php?oldid=1025307873,matched_gics
2021-05-31,TGT,Target Corp.,Consumer Discretionary,Retailing,Multiline Retail,General Merchandise Stores,1025307873,2021-05-26T21:33:15Z,https://en.wikipedia.org/w/index.php?oldid=1025307873,matched_gics
2021-05-31,TM,Toyota Motor Corporation,,,,,,,,missing_gics
2021-05-31,TMO,Thermo Fisher Scientific,Health Care,"Pharmaceuticals, Biotechnology & Life Sciences",Life Sciences Tools & Services,Life Sciences Tools & Services,1025307873,2021-05-26T21:33:15Z,https://en.wikipedia.org/w/index.php?oldid=1025307873,matched_gics
2021-05-31,TMUS,T-Mobile US,Communication Services,Telecommunication Services,Wireless Telecommunication Services,Wireless Telecommunication Services,1025307873,2021-05-26T21:33:15Z,https://en.wikipedia.org/w/index.php?oldid=1025307873,matched_gics
2021-05-31,TSLA,"Tesla, Inc.",Consumer Discretionary,Automobiles & Components,Automobiles,Automobile Manufacturers,1025307873,2021-05-26T21:33:15Z,https://en.wikipedia.org/w/index.php?oldid=1025307873,matched_gics
2021-05-31,TSM,Taiwan Semiconductor Manufacturing Company Limited,,,,,,,,missing_gics
2021-05-31,TTE,TotalEnergies SE,,,,,,,,missing_gics
2021-05-31,UL,Unilever PLC,,,,,,,,missing_gics
2021-05-31,UNH,UnitedHealth Group Inc.,Health Care,Health Care Equipment & Services,Health Care Providers & Services,Managed Health Care,1025307873,2021-05-26T21:33:15Z,https://en.wikipedia.org/w/index.php?oldid=1025307873,matched_gics
2021-05-31,UNP,Union Pacific Corp,Industrials,Transportation,Road & Rail,Railroads,1025307873,2021-05-26T21:33:15Z,https://en.wikipedia.org/w/index.php?oldid=1025307873,matched_gics
2021-05-31,UPS,United Parcel Service,Industrials,Transportation,Air Freight & Logistics,Air Freight & Logistics,1025307873,2021-05-26T21:33:15Z,https://en.wikipedia.org/w/index.php?oldid=1025307873,matched_gics
2021-05-31,V,Visa Inc.,Information Technology,Software & Services,IT Services,Data Processing & Outsourced Services,1025307873,2021-05-26T21:33:15Z,https://en.wikipedia.org/w/index.php?oldid=1025307873,matched_gics
2021-05-31,VALE,Vale S.A.,,,,,,,,missing_gics
2021-05-31,VZ,Verizon Communications,Communication Services,Telecommunication Services,Diversified Telecommunication Services,Integrated Telecommunication Services,1025307873,2021-05-26T21:33:15Z,https://en.wikipedia.org/w/index.php?oldid=1025307873,matched_gics
2021-05-31,WELL,Welltower Inc.,Real Estate,Real Estate,Equity Real Estate Investment Trusts (REITs),Health Care REITs,1025307873,2021-05-26T21:33:15Z,https://en.wikipedia.org/w/index.php?oldid=1025307873,matched_gics
2021-05-31,WFC-PL,Wells Fargo & Company,,,,,,,,missing_gics
2021-05-31,WMT,Walmart,Consumer Staples,Food & Staples Retailing,Food & Staples Retailing,Hypermarkets & Super Centers,1025307873,2021-05-26T21:33:15Z,https://en.wikipedia.org/w/index.php?oldid=1025307873,matched_gics
2021-05-31,XEL,Xcel Energy Inc,Utilities,Utilities,Multi-Utilities,Multi-Utilities,1025307873,2021-05-26T21:33:15Z,https://en.wikipedia.org/w/index.php?oldid=1025307873,matched_gics
2021-05-31,XOM,Exxon Mobil Corp.,Energy,Energy,"Oil, Gas & Consumable Fuels",Integrated Oil & Gas,1025307873,2021-05-26T21:33:15Z,https://en.wikipedia.org/w/index.php?oldid=1025307873,matched_gics
2021-06-30,AAPL,Apple,Information Technology,Technology Hardware & Equipment,"Technology Hardware, Storage & Peripherals","Technology Hardware, Storage & Peripherals",1030573330,2021-06-26T19:47:51Z,https://en.wikipedia.org/w/index.php?oldid=1030573330,matched_gics
2021-06-30,ABBV,AbbVie,Health Care,"Pharmaceuticals, Biotechnology & Life Sciences",Pharmaceuticals,Pharmaceuticals,1030573330,2021-06-26T19:47:51Z,https://en.wikipedia.org/w/index.php?oldid=1030573330,matched_gics
2021-06-30,ABT,Abbott Laboratories,Health Care,Health Care Equipment & Services,Health Care Equipment & Supplies,Health Care Equipment,1030573330,2021-06-26T19:47:51Z,https://en.wikipedia.org/w/index.php?oldid=1030573330,matched_gics
2021-06-30,ACN,Accenture,Information Technology,Software & Services,IT Services,IT Consulting & Other Services,1030573330,2021-06-26T19:47:51Z,https://en.wikipedia.org/w/index.php?oldid=1030573330,matched_gics
2021-06-30,ADBE,Adobe,Information Technology,Software & Services,Software,Application Software,1030573330,2021-06-26T19:47:51Z,https://en.wikipedia.org/w/index.php?oldid=1030573330,matched_gics
2021-06-30,ADP,Automatic Data Processing,Information Technology,Software & Services,IT Services,Data Processing & Outsourced Services,1030573330,2021-06-26T19:47:51Z,https://en.wikipedia.org/w/index.php?oldid=1030573330,matched_gics
2021-06-30,AEP,American Electric Power,Utilities,Utilities,Electric Utilities,Electric Utilities,1030573330,2021-06-26T19:47:51Z,https://en.wikipedia.org/w/index.php?oldid=1030573330,matched_gics
2021-06-30,AMT,American Tower,Real Estate,Real Estate,Equity Real Estate Investment Trusts (REITs),Specialized REITs,1030573330,2021-06-26T19:47:51Z,https://en.wikipedia.org/w/index.php?oldid=1030573330,matched_gics
2021-06-30,AMZN,Amazon,Consumer Discretionary,Retailing,Internet & Direct Marketing Retail,Internet & Direct Marketing Retail,1030573330,2021-06-26T19:47:51Z,https://en.wikipedia.org/w/index.php?oldid=1030573330,matched_gics
2021-06-30,APD,Air Products & Chemicals,Materials,Materials,Chemicals,Industrial Gases,1030573330,2021-06-26T19:47:51Z,https://en.wikipedia.org/w/index.php?oldid=1030573330,matched_gics
2021-06-30,ASML,ASML Holding N.V.,,,,,,,,missing_gics
2021-06-30,AVGO,Broadcom,Information Technology,Semiconductors & Semiconductor Equipment,Semiconductors & Semiconductor Equipment,Semiconductors,1030573330,2021-06-26T19:47:51Z,https://en.wikipedia.org/w/index.php?oldid=1030573330,matched_gics
2021-06-30,AWK,American Water Works,Utilities,Utilities,Water Utilities,Water Utilities,1030573330,2021-06-26T19:47:51Z,https://en.wikipedia.org/w/index.php?oldid=1030573330,matched_gics
2021-06-30,BA,Boeing Company,Industrials,Capital Goods,Aerospace & Defense,Aerospace & Defense,1030573330,2021-06-26T19:47:51Z,https://en.wikipedia.org/w/index.php?oldid=1030573330,matched_gics
2021-06-30,BABA,Alibaba Group Holding Limited,,,,,,,,missing_gics
2021-06-30,BAC,Bank of America,Financials,Banks,Banks,Diversified Banks,1030573330,2021-06-26T19:47:51Z,https://en.wikipedia.org/w/index.php?oldid=1030573330,matched_gics
2021-06-30,BBL,BHP Group,,,,,,,,missing_gics
2021-06-30,BHP,BHP Group,,,,,,,,missing_gics
2021-06-30,BP,BP p.l.c.,,,,,,,,missing_gics
2021-06-30,BRK-A,Berkshire Hathaway Inc.,,,,,,,,missing_gics
2021-06-30,C-PJ,Citigroup Inc.,,,,,,,,missing_gics
2021-06-30,CAT,Caterpillar,Industrials,Capital Goods,Machinery,Construction Machinery & Heavy Trucks,1030573330,2021-06-26T19:47:51Z,https://en.wikipedia.org/w/index.php?oldid=1030573330,matched_gics
2021-06-30,CCI,Crown Castle,Real Estate,Real Estate,Equity Real Estate Investment Trusts (REITs),Specialized REITs,1030573330,2021-06-26T19:47:51Z,https://en.wikipedia.org/w/index.php?oldid=1030573330,matched_gics
2021-06-30,CHTR,Charter Communications,Communication Services,Media,Media,Cable & Satellite,1030573330,2021-06-26T19:47:51Z,https://en.wikipedia.org/w/index.php?oldid=1030573330,matched_gics
2021-06-30,CMCSA,Comcast,Communication Services,Media,Media,Cable & Satellite,1030573330,2021-06-26T19:47:51Z,https://en.wikipedia.org/w/index.php?oldid=1030573330,matched_gics
2021-06-30,COP,ConocoPhillips,Energy,Energy,"Oil, Gas & Consumable Fuels",Oil & Gas Exploration & Production,1030573330,2021-06-26T19:47:51Z,https://en.wikipedia.org/w/index.php?oldid=1030573330,matched_gics
2021-06-30,COST,Costco,Consumer Staples,Food & Staples Retailing,Food & Staples Retailing,Hypermarkets & Super Centers,1030573330,2021-06-26T19:47:51Z,https://en.wikipedia.org/w/index.php?oldid=1030573330,matched_gics
2021-06-30,CSCO,Cisco Systems,Information Technology,Technology Hardware & Equipment,Communications Equipment,Communications Equipment,1030573330,2021-06-26T19:47:51Z,https://en.wikipedia.org/w/index.php?oldid=1030573330,matched_gics
2021-06-30,CTA-PB,E. I. du Pont de Nemours and Company,,,,,,,,missing_gics
2021-06-30,CVX,Chevron Corporation,Energy,Energy,"Oil, Gas & Consumable Fuels",Integrated Oil & Gas,1030573330,2021-06-26T19:47:51Z,https://en.wikipedia.org/w/index.php?oldid=1030573330,matched_gics
2021-06-30,D,Dominion Energy,Utilities,Utilities,Electric Utilities,Electric Utilities,1030573330,2021-06-26T19:47:51Z,https://en.wikipedia.org/w/index.php?oldid=1030573330,matched_gics
2021-06-30,DE,Deere & Co.,Industrials,Capital Goods,Machinery,Agricultural & Farm Machinery,1030573330,2021-06-26T19:47:51Z,https://en.wikipedia.org/w/index.php?oldid=1030573330,matched_gics
2021-06-30,DEO,Diageo plc,,,,,,,,missing_gics
2021-06-30,DHR,Danaher Corporation,Health Care,Health Care Equipment & Services,Health Care Equipment & Supplies,Health Care Equipment,1030573330,2021-06-26T19:47:51Z,https://en.wikipedia.org/w/index.php?oldid=1030573330,matched_gics
2021-06-30,DIS,The Walt Disney Company,Communication Services,Media & Entertainment,Entertainment,Movies & Entertainment,1030573330,2021-06-26T19:47:51Z,https://en.wikipedia.org/w/index.php?oldid=1030573330,matched_gics
2021-06-30,DLR,Digital Realty Trust,Real Estate,Real Estate,Equity Real Estate Investment Trusts (REITs),Specialized REITs,1030573330,2021-06-26T19:47:51Z,https://en.wikipedia.org/w/index.php?oldid=1030573330,matched_gics
2021-06-30,DUK,Duke Energy,Utilities,Utilities,Electric Utilities,Electric Utilities,1030573330,2021-06-26T19:47:51Z,https://en.wikipedia.org/w/index.php?oldid=1030573330,matched_gics
2021-06-30,ECL,Ecolab,Materials,Materials,Chemicals,Specialty Chemicals,1030573330,2021-06-26T19:47:51Z,https://en.wikipedia.org/w/index.php?oldid=1030573330,matched_gics
2021-06-30,EL,Estée Lauder Companies,Consumer Staples,Household & Personal Products,Personal Products,Personal Products,1030573330,2021-06-26T19:47:51Z,https://en.wikipedia.org/w/index.php?oldid=1030573330,matched_gics
2021-06-30,ENB,Enbridge Inc.,,,,,,,,missing_gics
2021-06-30,EQIX,Equinix,Real Estate,Real Estate,Equity Real Estate Investment Trusts (REITs),Specialized REITs,1030573330,2021-06-26T19:47:51Z,https://en.wikipedia.org/w/index.php?oldid=1030573330,matched_gics
2021-06-30,EQNR,Equinor ASA,,,,,,,,missing_gics
2021-06-30,EXC,Exelon,Utilities,Utilities,Multi-Utilities,Multi-Utilities,1030573330,2021-06-26T19:47:51Z,https://en.wikipedia.org/w/index.php?oldid=1030573330,matched_gics
2021-06-30,FB,Facebook,Communication Services,Media & Entertainment,Interactive Media & Services,Interactive Media & Services,1030573330,2021-06-26T19:47:51Z,https://en.wikipedia.org/w/index.php?oldid=1030573330,matched_gics
2021-06-30,FCX,Freeport-McMoRan,Materials,Materials,Metals & Mining,Copper,1030573330,2021-06-26T19:47:51Z,https://en.wikipedia.org/w/index.php?oldid=1030573330,matched_gics
2021-06-30,GE,General Electric,Industrials,Capital Goods,Industrial Conglomerates,Industrial Conglomerates,1030573330,2021-06-26T19:47:51Z,https://en.wikipedia.org/w/index.php?oldid=1030573330,matched_gics
2021-06-30,GOOG,Alphabet (Class C),Communication Services,Media & Entertainment,Interactive Media & Services,Interactive Media & Services,1030573330,2021-06-26T19:47:51Z,https://en.wikipedia.org/w/index.php?oldid=1030573330,matched_gics
2021-06-30,HD,Home Depot,Consumer Discretionary,Retailing,Specialty Retail,Home Improvement Retail,1030573330,2021-06-26T19:47:51Z,https://en.wikipedia.org/w/index.php?oldid=1030573330,matched_gics
2021-06-30,HON,Honeywell,Industrials,Capital Goods,Industrial Conglomerates,Industrial Conglomerates,1030573330,2021-06-26T19:47:51Z,https://en.wikipedia.org/w/index.php?oldid=1030573330,matched_gics
2021-06-30,JD,"JD.com, Inc.",,,,,,,,missing_gics
2021-06-30,JNJ,Johnson & Johnson,Health Care,"Pharmaceuticals, Biotechnology & Life Sciences",Pharmaceuticals,Pharmaceuticals,1030573330,2021-06-26T19:47:51Z,https://en.wikipedia.org/w/index.php?oldid=1030573330,matched_gics
2021-06-30,JPM,JPMorgan Chase,Financials,Banks,Banks,Diversified Banks,1030573330,2021-06-26T19:47:51Z,https://en.wikipedia.org/w/index.php?oldid=1030573330,matched_gics
2021-06-30,KO,Coca-Cola Company,Consumer Staples,"Food, Beverage & Tobacco",Beverages,Soft Drinks,1030573330,2021-06-26T19:47:51Z,https://en.wikipedia.org/w/index.php?oldid=1030573330,matched_gics
2021-06-30,LLY,Eli Lilly & Co,Health Care,"Pharmaceuticals, Biotechnology & Life Sciences",Pharmaceuticals,Pharmaceuticals,1030573330,2021-06-26T19:47:51Z,https://en.wikipedia.org/w/index.php?oldid=1030573330,matched_gics
2021-06-30,LOW,Lowe's,Consumer Discretionary,Retailing,Specialty Retail,Home Improvement Retail,1030573330,2021-06-26T19:47:51Z,https://en.wikipedia.org/w/index.php?oldid=1030573330,matched_gics
2021-06-30,MA,Mastercard,Information Technology,Software & Services,IT Services,Data Processing & Outsourced Services,1030573330,2021-06-26T19:47:51Z,https://en.wikipedia.org/w/index.php?oldid=1030573330,matched_gics
2021-06-30,MCD,McDonald's,Consumer Discretionary,Consumer Services,"Hotels, Restaurants & Leisure",Restaurants,1030573330,2021-06-26T19:47:51Z,https://en.wikipedia.org/w/index.php?oldid=1030573330,matched_gics
2021-06-30,MMM,3M,Industrials,Capital Goods,Industrial Conglomerates,Industrial Conglomerates,1030573330,2021-06-26T19:47:51Z,https://en.wikipedia.org/w/index.php?oldid=1030573330,matched_gics
2021-06-30,MS,Morgan Stanley,Financials,Diversified Financials,Capital Markets,Investment Banking & Brokerage,1030573330,2021-06-26T19:47:51Z,https://en.wikipedia.org/w/index.php?oldid=1030573330,matched_gics
2021-06-30,MSFT,Microsoft,Information Technology,Software & Services,Software,Systems Software,1030573330,2021-06-26T19:47:51Z,https://en.wikipedia.org/w/index.php?oldid=1030573330,matched_gics
2021-06-30,NEE,NextEra Energy,Utilities,Utilities,Multi-Utilities,Multi-Utilities,1030573330,2021-06-26T19:47:51Z,https://en.wikipedia.org/w/index.php?oldid=1030573330,matched_gics
2021-06-30,NEM,Newmont,Materials,Materials,Metals & Mining,Gold,1030573330,2021-06-26T19:47:51Z,https://en.wikipedia.org/w/index.php?oldid=1030573330,matched_gics
2021-06-30,NFLX,Netflix,Communication Services,Media & Entertainment,Entertainment,Movies & Entertainment,1030573330,2021-06-26T19:47:51Z,https://en.wikipedia.org/w/index.php?oldid=1030573330,matched_gics
2021-06-30,NGG,National Grid plc,,,,,,,,missing_gics
2021-06-30,NKE,Nike,Consumer Discretionary,Consumer Durables & Apparel,"Textiles, Apparel & Luxury Goods","Apparel, Accessories & Luxury Goods",1030573330,2021-06-26T19:47:51Z,https://en.wikipedia.org/w/index.php?oldid=1030573330,matched_gics
2021-06-30,NVDA,Nvidia,Information Technology,Semiconductors & Semiconductor Equipment,Semiconductors & Semiconductor Equipment,Semiconductors,1030573330,2021-06-26T19:47:51Z,https://en.wikipedia.org/w/index.php?oldid=1030573330,matched_gics
2021-06-30,NVO,Novo Nordisk A/S,,,,,,,,missing_gics
2021-06-30,NVS,Novartis AG,,,,,,,,missing_gics
2021-06-30,O,Realty Income Corporation,Real Estate,Real Estate,Equity Real Estate Investment Trusts (REITs),Retail REITs,1030573330,2021-06-26T19:47:51Z,https://en.wikipedia.org/w/index.php?oldid=1030573330,matched_gics
2021-06-30,ORCL,Oracle,Information Technology,Software & Services,Software,Application Software,1030573330,2021-06-26T19:47:51Z,https://en.wikipedia.org/w/index.php?oldid=1030573330,matched_gics
2021-06-30,PEP,PepsiCo,Consumer Staples,"Food, Beverage & Tobacco",Beverages,Soft Drinks,1030573330,2021-06-26T19:47:51Z,https://en.wikipedia.org/w/index.php?oldid=1030573330,matched_gics
2021-06-30,PFE,Pfizer,Health Care,"Pharmaceuticals, Biotechnology & Life Sciences",Pharmaceuticals,Pharmaceuticals,1030573330,2021-06-26T19:47:51Z,https://en.wikipedia.org/w/index.php?oldid=1030573330,matched_gics
2021-06-30,PG,Procter & Gamble,Consumer Staples,Household & Personal Products,Personal Products,Personal Products,1030573330,2021-06-26T19:47:51Z,https://en.wikipedia.org/w/index.php?oldid=1030573330,matched_gics
2021-06-30,PLD,Prologis,Real Estate,Real Estate,Equity Real Estate Investment Trusts (REITs),Industrial REITs,1030573330,2021-06-26T19:47:51Z,https://en.wikipedia.org/w/index.php?oldid=1030573330,matched_gics
2021-06-30,PM,Philip Morris International,Consumer Staples,"Food, Beverage & Tobacco",Tobacco,Tobacco,1030573330,2021-06-26T19:47:51Z,https://en.wikipedia.org/w/index.php?oldid=1030573330,matched_gics
2021-06-30,PSA,Public Storage,Real Estate,Real Estate,Equity Real Estate Investment Trusts (REITs),Specialized REITs,1030573330,2021-06-26T19:47:51Z,https://en.wikipedia.org/w/index.php?oldid=1030573330,matched_gics
2021-06-30,PTR,PetroChina Company Limited,,,,,,,,missing_gics
2021-06-30,PYPL,PayPal,Information Technology,Software & Services,IT Services,Data Processing & Outsourced Services,1030573330,2021-06-26T19:47:51Z,https://en.wikipedia.org/w/index.php?oldid=1030573330,matched_gics
2021-06-30,RDS-B,Royal Dutch Shell plc,,,,,,,,missing_gics
2021-06-30,RIO,Rio Tinto Group,,,,,,,,missing_gics
2021-06-30,RTX,Raytheon Technologies,Industrials,Capital Goods,Aerospace & Defense,Aerospace & Defense,1030573330,2021-06-26T19:47:51Z,https://en.wikipedia.org/w/index.php?oldid=1030573330,matched_gics
2021-06-30,SBAC,SBA Communications,Real Estate,Real Estate,Equity Real Estate Investment Trusts (REITs),Specialized REITs,1030573330,2021-06-26T19:47:51Z,https://en.wikipedia.org/w/index.php?oldid=1030573330,matched_gics
2021-06-30,SBUX,Starbucks,Consumer Discretionary,Consumer Services,"Hotels, Restaurants & Leisure",Restaurants,1030573330,2021-06-26T19:47:51Z,https://en.wikipedia.org/w/index.php?oldid=1030573330,matched_gics
2021-06-30,SCHW,Charles Schwab Corporation,Financials,Diversified Financials,Capital Markets,Investment Banking & Brokerage,1030573330,2021-06-26T19:47:51Z,https://en.wikipedia.org/w/index.php?oldid=1030573330,matched_gics
2021-06-30,SHW,Sherwin-Williams,Materials,Materials,Chemicals,Specialty Chemicals,1030573330,2021-06-26T19:47:51Z,https://en.wikipedia.org/w/index.php?oldid=1030573330,matched_gics
2021-06-30,SNAP,Snap Inc.,,,,,,,,missing_gics
2021-06-30,SNP,China Petroleum & Chemical Corporation,,,,,,,,missing_gics
2021-06-30,SO,Southern Company,Utilities,Utilities,Electric Utilities,Electric Utilities,1030573330,2021-06-26T19:47:51Z,https://en.wikipedia.org/w/index.php?oldid=1030573330,matched_gics
2021-06-30,SPG-PJ,"Simon Property Group, Inc.",,,,,,,,missing_gics
2021-06-30,SRE,Sempra Energy,Utilities,Utilities,Multi-Utilities,Multi-Utilities,1030573330,2021-06-26T19:47:51Z,https://en.wikipedia.org/w/index.php?oldid=1030573330,matched_gics
2021-06-30,T,AT&T,Communication Services,Telecommunication Services,Diversified Telecommunication Services,Integrated Telecommunication Services,1030573330,2021-06-26T19:47:51Z,https://en.wikipedia.org/w/index.php?oldid=1030573330,matched_gics
2021-06-30,TGT,Target Corporation,Consumer Discretionary,Retailing,Multiline Retail,General Merchandise Stores,1030573330,2021-06-26T19:47:51Z,https://en.wikipedia.org/w/index.php?oldid=1030573330,matched_gics
2021-06-30,TM,Toyota Motor Corporation,,,,,,,,missing_gics
2021-06-30,TMO,Thermo Fisher Scientific,Health Care,"Pharmaceuticals, Biotechnology & Life Sciences",Life Sciences Tools & Services,Life Sciences Tools & Services,1030573330,2021-06-26T19:47:51Z,https://en.wikipedia.org/w/index.php?oldid=1030573330,matched_gics
2021-06-30,TMUS,T-Mobile US,Communication Services,Telecommunication Services,Wireless Telecommunication Services,Wireless Telecommunication Services,1030573330,2021-06-26T19:47:51Z,https://en.wikipedia.org/w/index.php?oldid=1030573330,matched_gics
2021-06-30,TSLA,Tesla,Consumer Discretionary,Automobiles & Components,Automobiles,Automobile Manufacturers,1030573330,2021-06-26T19:47:51Z,https://en.wikipedia.org/w/index.php?oldid=1030573330,matched_gics
2021-06-30,TSM,Taiwan Semiconductor Manufacturing Company Limited,,,,,,,,missing_gics
2021-06-30,TTE,TotalEnergies SE,,,,,,,,missing_gics
2021-06-30,UL,Unilever PLC,,,,,,,,missing_gics
2021-06-30,UNH,UnitedHealth Group,Health Care,Health Care Equipment & Services,Health Care Providers & Services,Managed Health Care,1030573330,2021-06-26T19:47:51Z,https://en.wikipedia.org/w/index.php?oldid=1030573330,matched_gics
2021-06-30,UNP,Union Pacific,Industrials,Transportation,Road & Rail,Railroads,1030573330,2021-06-26T19:47:51Z,https://en.wikipedia.org/w/index.php?oldid=1030573330,matched_gics
2021-06-30,UPS,United Parcel Service,Industrials,Transportation,Air Freight & Logistics,Air Freight & Logistics,1030573330,2021-06-26T19:47:51Z,https://en.wikipedia.org/w/index.php?oldid=1030573330,matched_gics
2021-06-30,V,Visa,Information Technology,Software & Services,IT Services,Data Processing & Outsourced Services,1030573330,2021-06-26T19:47:51Z,https://en.wikipedia.org/w/index.php?oldid=1030573330,matched_gics
2021-06-30,VALE,Vale S.A.,,,,,,,,missing_gics
2021-06-30,VZ,Verizon Communications,Communication Services,Telecommunication Services,Diversified Telecommunication Services,Integrated Telecommunication Services,1030573330,2021-06-26T19:47:51Z,https://en.wikipedia.org/w/index.php?oldid=1030573330,matched_gics
2021-06-30,WELL,Welltower,Real Estate,Real Estate,Equity Real Estate Investment Trusts (REITs),Health Care REITs,1030573330,2021-06-26T19:47:51Z,https://en.wikipedia.org/w/index.php?oldid=1030573330,matched_gics
2021-06-30,WFC-PL,Wells Fargo & Company,,,,,,,,missing_gics
2021-06-30,WMT,Walmart,Consumer Staples,Food & Staples Retailing,Food & Staples Retailing,Hypermarkets & Super Centers,1030573330,2021-06-26T19:47:51Z,https://en.wikipedia.org/w/index.php?oldid=1030573330,matched_gics
2021-06-30,XEL,Xcel Energy,Utilities,Utilities,Multi-Utilities,Multi-Utilities,1030573330,2021-06-26T19:47:51Z,https://en.wikipedia.org/w/index.php?oldid=1030573330,matched_gics
2021-06-30,XOM,ExxonMobil,Energy,Energy,"Oil, Gas & Consumable Fuels",Integrated Oil & Gas,1030573330,2021-06-26T19:47:51Z,https://en.wikipedia.org/w/index.php?oldid=1030573330,matched_gics
2021-07-31,AAPL,Apple,Information Technology,Technology Hardware & Equipment,"Technology Hardware, Storage & Peripherals","Technology Hardware, Storage & Peripherals",1034925865,2021-07-22T16:10:28Z,https://en.wikipedia.org/w/index.php?oldid=1034925865,matched_gics
2021-07-31,ABBV,AbbVie,Health Care,"Pharmaceuticals, Biotechnology & Life Sciences",Pharmaceuticals,Pharmaceuticals,1034925865,2021-07-22T16:10:28Z,https://en.wikipedia.org/w/index.php?oldid=1034925865,matched_gics
2021-07-31,ABT,Abbott Laboratories,Health Care,Health Care Equipment & Services,Health Care Equipment & Supplies,Health Care Equipment,1034925865,2021-07-22T16:10:28Z,https://en.wikipedia.org/w/index.php?oldid=1034925865,matched_gics
2021-07-31,ACN,Accenture,Information Technology,Software & Services,IT Services,IT Consulting & Other Services,1034925865,2021-07-22T16:10:28Z,https://en.wikipedia.org/w/index.php?oldid=1034925865,matched_gics
2021-07-31,ADBE,Adobe,Information Technology,Software & Services,Software,Application Software,1034925865,2021-07-22T16:10:28Z,https://en.wikipedia.org/w/index.php?oldid=1034925865,matched_gics
2021-07-31,ADP,Automatic Data Processing,Information Technology,Software & Services,IT Services,Data Processing & Outsourced Services,1034925865,2021-07-22T16:10:28Z,https://en.wikipedia.org/w/index.php?oldid=1034925865,matched_gics
2021-07-31,AEP,American Electric Power,Utilities,Utilities,Electric Utilities,Electric Utilities,1034925865,2021-07-22T16:10:28Z,https://en.wikipedia.org/w/index.php?oldid=1034925865,matched_gics
2021-07-31,AMT,American Tower,Real Estate,Real Estate,Equity Real Estate Investment Trusts (REITs),Specialized REITs,1034925865,2021-07-22T16:10:28Z,https://en.wikipedia.org/w/index.php?oldid=1034925865,matched_gics
2021-07-31,AMZN,Amazon,Consumer Discretionary,Retailing,Internet & Direct Marketing Retail,Internet & Direct Marketing Retail,1034925865,2021-07-22T16:10:28Z,https://en.wikipedia.org/w/index.php?oldid=1034925865,matched_gics
2021-07-31,APD,Air Products & Chemicals,Materials,Materials,Chemicals,Industrial Gases,1034925865,2021-07-22T16:10:28Z,https://en.wikipedia.org/w/index.php?oldid=1034925865,matched_gics
2021-07-31,ASML,ASML Holding N.V.,,,,,,,,missing_gics
2021-07-31,AVGO,Broadcom,Information Technology,Semiconductors & Semiconductor Equipment,Semiconductors & Semiconductor Equipment,Semiconductors,1034925865,2021-07-22T16:10:28Z,https://en.wikipedia.org/w/index.php?oldid=1034925865,matched_gics
2021-07-31,AWK,American Water Works,Utilities,Utilities,Water Utilities,Water Utilities,1034925865,2021-07-22T16:10:28Z,https://en.wikipedia.org/w/index.php?oldid=1034925865,matched_gics
2021-07-31,BA,Boeing Company,Industrials,Capital Goods,Aerospace & Defense,Aerospace & Defense,1034925865,2021-07-22T16:10:28Z,https://en.wikipedia.org/w/index.php?oldid=1034925865,matched_gics
2021-07-31,BABA,Alibaba Group Holding Limited,,,,,,,,missing_gics
2021-07-31,BAC,Bank of America,Financials,Banks,Banks,Diversified Banks,1034925865,2021-07-22T16:10:28Z,https://en.wikipedia.org/w/index.php?oldid=1034925865,matched_gics
2021-07-31,BBL,BHP Group,,,,,,,,missing_gics
2021-07-31,BHP,BHP Group,,,,,,,,missing_gics
2021-07-31,BP,BP p.l.c.,,,,,,,,missing_gics
2021-07-31,BRK-A,Berkshire Hathaway Inc.,,,,,,,,missing_gics
2021-07-31,C-PJ,Citigroup Inc.,,,,,,,,missing_gics
2021-07-31,CAT,Caterpillar,Industrials,Capital Goods,Machinery,Construction Machinery & Heavy Trucks,1034925865,2021-07-22T16:10:28Z,https://en.wikipedia.org/w/index.php?oldid=1034925865,matched_gics
2021-07-31,CCI,Crown Castle,Real Estate,Real Estate,Equity Real Estate Investment Trusts (REITs),Specialized REITs,1034925865,2021-07-22T16:10:28Z,https://en.wikipedia.org/w/index.php?oldid=1034925865,matched_gics
2021-07-31,CHTR,Charter Communications,Communication Services,Media,Media,Cable & Satellite,1034925865,2021-07-22T16:10:28Z,https://en.wikipedia.org/w/index.php?oldid=1034925865,matched_gics
2021-07-31,CMCSA,Comcast,Communication Services,Media,Media,Cable & Satellite,1034925865,2021-07-22T16:10:28Z,https://en.wikipedia.org/w/index.php?oldid=1034925865,matched_gics
2021-07-31,COP,ConocoPhillips,Energy,Energy,"Oil, Gas & Consumable Fuels",Oil & Gas Exploration & Production,1034925865,2021-07-22T16:10:28Z,https://en.wikipedia.org/w/index.php?oldid=1034925865,matched_gics
2021-07-31,COST,Costco,Consumer Staples,Food & Staples Retailing,Food & Staples Retailing,Hypermarkets & Super Centers,1034925865,2021-07-22T16:10:28Z,https://en.wikipedia.org/w/index.php?oldid=1034925865,matched_gics
2021-07-31,CSCO,Cisco Systems,Information Technology,Technology Hardware & Equipment,Communications Equipment,Communications Equipment,1034925865,2021-07-22T16:10:28Z,https://en.wikipedia.org/w/index.php?oldid=1034925865,matched_gics
2021-07-31,CTA-PB,E. I. du Pont de Nemours and Company,,,,,,,,missing_gics
2021-07-31,CVX,Chevron Corporation,Energy,Energy,"Oil, Gas & Consumable Fuels",Integrated Oil & Gas,1034925865,2021-07-22T16:10:28Z,https://en.wikipedia.org/w/index.php?oldid=1034925865,matched_gics
2021-07-31,D,Dominion Energy,Utilities,Utilities,Electric Utilities,Electric Utilities,1034925865,2021-07-22T16:10:28Z,https://en.wikipedia.org/w/index.php?oldid=1034925865,matched_gics
2021-07-31,DE,Deere & Co.,Industrials,Capital Goods,Machinery,Agricultural & Farm Machinery,1034925865,2021-07-22T16:10:28Z,https://en.wikipedia.org/w/index.php?oldid=1034925865,matched_gics
2021-07-31,DEO,Diageo plc,,,,,,,,missing_gics
2021-07-31,DHR,Danaher Corporation,Health Care,Health Care Equipment & Services,Health Care Equipment & Supplies,Health Care Equipment,1034925865,2021-07-22T16:10:28Z,https://en.wikipedia.org/w/index.php?oldid=1034925865,matched_gics
2021-07-31,DIS,The Walt Disney Company,Communication Services,Media & Entertainment,Entertainment,Movies & Entertainment,1034925865,2021-07-22T16:10:28Z,https://en.wikipedia.org/w/index.php?oldid=1034925865,matched_gics
2021-07-31,DLR,Digital Realty Trust,Real Estate,Real Estate,Equity Real Estate Investment Trusts (REITs),Specialized REITs,1034925865,2021-07-22T16:10:28Z,https://en.wikipedia.org/w/index.php?oldid=1034925865,matched_gics
2021-07-31,DUK,Duke Energy,Utilities,Utilities,Electric Utilities,Electric Utilities,1034925865,2021-07-22T16:10:28Z,https://en.wikipedia.org/w/index.php?oldid=1034925865,matched_gics
2021-07-31,ECL,Ecolab,Materials,Materials,Chemicals,Specialty Chemicals,1034925865,2021-07-22T16:10:28Z,https://en.wikipedia.org/w/index.php?oldid=1034925865,matched_gics
2021-07-31,EL,Estée Lauder Companies,Consumer Staples,Household & Personal Products,Personal Products,Personal Products,1034925865,2021-07-22T16:10:28Z,https://en.wikipedia.org/w/index.php?oldid=1034925865,matched_gics
2021-07-31,ENB,Enbridge Inc.,,,,,,,,missing_gics
2021-07-31,EQIX,Equinix,Real Estate,Real Estate,Equity Real Estate Investment Trusts (REITs),Specialized REITs,1034925865,2021-07-22T16:10:28Z,https://en.wikipedia.org/w/index.php?oldid=1034925865,matched_gics
2021-07-31,EQNR,Equinor ASA,,,,,,,,missing_gics
2021-07-31,EXC,Exelon,Utilities,Utilities,Multi-Utilities,Multi-Utilities,1034925865,2021-07-22T16:10:28Z,https://en.wikipedia.org/w/index.php?oldid=1034925865,matched_gics
2021-07-31,FB,Facebook,Communication Services,Media & Entertainment,Interactive Media & Services,Interactive Media & Services,1034925865,2021-07-22T16:10:28Z,https://en.wikipedia.org/w/index.php?oldid=1034925865,matched_gics
2021-07-31,FCX,Freeport-McMoRan,Materials,Materials,Metals & Mining,Copper,1034925865,2021-07-22T16:10:28Z,https://en.wikipedia.org/w/index.php?oldid=1034925865,matched_gics
2021-07-31,GE,General Electric,Industrials,Capital Goods,Industrial Conglomerates,Industrial Conglomerates,1034925865,2021-07-22T16:10:28Z,https://en.wikipedia.org/w/index.php?oldid=1034925865,matched_gics
2021-07-31,GOOG,Alphabet (Class C),Communication Services,Media & Entertainment,Interactive Media & Services,Interactive Media & Services,1034925865,2021-07-22T16:10:28Z,https://en.wikipedia.org/w/index.php?oldid=1034925865,matched_gics
2021-07-31,HD,Home Depot,Consumer Discretionary,Retailing,Specialty Retail,Home Improvement Retail,1034925865,2021-07-22T16:10:28Z,https://en.wikipedia.org/w/index.php?oldid=1034925865,matched_gics
2021-07-31,HON,Honeywell,Industrials,Capital Goods,Industrial Conglomerates,Industrial Conglomerates,1034925865,2021-07-22T16:10:28Z,https://en.wikipedia.org/w/index.php?oldid=1034925865,matched_gics
2021-07-31,JD,"JD.com, Inc.",,,,,,,,missing_gics
2021-07-31,JNJ,Johnson & Johnson,Health Care,"Pharmaceuticals, Biotechnology & Life Sciences",Pharmaceuticals,Pharmaceuticals,1034925865,2021-07-22T16:10:28Z,https://en.wikipedia.org/w/index.php?oldid=1034925865,matched_gics
2021-07-31,JPM,JPMorgan Chase,Financials,Banks,Banks,Diversified Banks,1034925865,2021-07-22T16:10:28Z,https://en.wikipedia.org/w/index.php?oldid=1034925865,matched_gics
2021-07-31,KO,Coca-Cola Company,Consumer Staples,"Food, Beverage & Tobacco",Beverages,Soft Drinks,1034925865,2021-07-22T16:10:28Z,https://en.wikipedia.org/w/index.php?oldid=1034925865,matched_gics
2021-07-31,LLY,Eli Lilly & Co,Health Care,"Pharmaceuticals, Biotechnology & Life Sciences",Pharmaceuticals,Pharmaceuticals,1034925865,2021-07-22T16:10:28Z,https://en.wikipedia.org/w/index.php?oldid=1034925865,matched_gics
2021-07-31,LOW,Lowe's,Consumer Discretionary,Retailing,Specialty Retail,Home Improvement Retail,1034925865,2021-07-22T16:10:28Z,https://en.wikipedia.org/w/index.php?oldid=1034925865,matched_gics
2021-07-31,MA,Mastercard,Information Technology,Software & Services,IT Services,Data Processing & Outsourced Services,1034925865,2021-07-22T16:10:28Z,https://en.wikipedia.org/w/index.php?oldid=1034925865,matched_gics
2021-07-31,MCD,McDonald's,Consumer Discretionary,Consumer Services,"Hotels, Restaurants & Leisure",Restaurants,1034925865,2021-07-22T16:10:28Z,https://en.wikipedia.org/w/index.php?oldid=1034925865,matched_gics
2021-07-31,MMM,3M,Industrials,Capital Goods,Industrial Conglomerates,Industrial Conglomerates,1034925865,2021-07-22T16:10:28Z,https://en.wikipedia.org/w/index.php?oldid=1034925865,matched_gics
2021-07-31,MS,Morgan Stanley,Financials,Diversified Financials,Capital Markets,Investment Banking & Brokerage,1034925865,2021-07-22T16:10:28Z,https://en.wikipedia.org/w/index.php?oldid=1034925865,matched_gics
2021-07-31,MSFT,Microsoft,Information Technology,Software & Services,Software,Systems Software,1034925865,2021-07-22T16:10:28Z,https://en.wikipedia.org/w/index.php?oldid=1034925865,matched_gics
2021-07-31,NEE,NextEra Energy,Utilities,Utilities,Multi-Utilities,Multi-Utilities,1034925865,2021-07-22T16:10:28Z,https://en.wikipedia.org/w/index.php?oldid=1034925865,matched_gics
2021-07-31,NEM,Newmont,Materials,Materials,Metals & Mining,Gold,1034925865,2021-07-22T16:10:28Z,https://en.wikipedia.org/w/index.php?oldid=1034925865,matched_gics
2021-07-31,NFLX,Netflix,Communication Services,Media & Entertainment,Entertainment,Movies & Entertainment,1034925865,2021-07-22T16:10:28Z,https://en.wikipedia.org/w/index.php?oldid=1034925865,matched_gics
2021-07-31,NGG,National Grid plc,,,,,,,,missing_gics
2021-07-31,NKE,Nike,Consumer Discretionary,Consumer Durables & Apparel,"Textiles, Apparel & Luxury Goods","Apparel, Accessories & Luxury Goods",1034925865,2021-07-22T16:10:28Z,https://en.wikipedia.org/w/index.php?oldid=1034925865,matched_gics
2021-07-31,NVDA,Nvidia,Information Technology,Semiconductors & Semiconductor Equipment,Semiconductors & Semiconductor Equipment,Semiconductors,1034925865,2021-07-22T16:10:28Z,https://en.wikipedia.org/w/index.php?oldid=1034925865,matched_gics
2021-07-31,NVO,Novo Nordisk A/S,,,,,,,,missing_gics
2021-07-31,NVS,Novartis AG,,,,,,,,missing_gics
2021-07-31,O,Realty Income Corporation,Real Estate,Real Estate,Equity Real Estate Investment Trusts (REITs),Retail REITs,1034925865,2021-07-22T16:10:28Z,https://en.wikipedia.org/w/index.php?oldid=1034925865,matched_gics
2021-07-31,ORCL,Oracle,Information Technology,Software & Services,Software,Application Software,1034925865,2021-07-22T16:10:28Z,https://en.wikipedia.org/w/index.php?oldid=1034925865,matched_gics
2021-07-31,PEP,PepsiCo,Consumer Staples,"Food, Beverage & Tobacco",Beverages,Soft Drinks,1034925865,2021-07-22T16:10:28Z,https://en.wikipedia.org/w/index.php?oldid=1034925865,matched_gics
2021-07-31,PFE,Pfizer,Health Care,"Pharmaceuticals, Biotechnology & Life Sciences",Pharmaceuticals,Pharmaceuticals,1034925865,2021-07-22T16:10:28Z,https://en.wikipedia.org/w/index.php?oldid=1034925865,matched_gics
2021-07-31,PG,Procter & Gamble,Consumer Staples,Household & Personal Products,Personal Products,Personal Products,1034925865,2021-07-22T16:10:28Z,https://en.wikipedia.org/w/index.php?oldid=1034925865,matched_gics
2021-07-31,PLD,Prologis,Real Estate,Real Estate,Equity Real Estate Investment Trusts (REITs),Industrial REITs,1034925865,2021-07-22T16:10:28Z,https://en.wikipedia.org/w/index.php?oldid=1034925865,matched_gics
2021-07-31,PM,Philip Morris International,Consumer Staples,"Food, Beverage & Tobacco",Tobacco,Tobacco,1034925865,2021-07-22T16:10:28Z,https://en.wikipedia.org/w/index.php?oldid=1034925865,matched_gics
2021-07-31,PSA,Public Storage,Real Estate,Real Estate,Equity Real Estate Investment Trusts (REITs),Specialized REITs,1034925865,2021-07-22T16:10:28Z,https://en.wikipedia.org/w/index.php?oldid=1034925865,matched_gics
2021-07-31,PTR,PetroChina Company Limited,,,,,,,,missing_gics
2021-07-31,PYPL,PayPal,Information Technology,Software & Services,IT Services,Data Processing & Outsourced Services,1034925865,2021-07-22T16:10:28Z,https://en.wikipedia.org/w/index.php?oldid=1034925865,matched_gics
2021-07-31,RDS-B,Royal Dutch Shell plc,,,,,,,,missing_gics
2021-07-31,RIO,Rio Tinto Group,,,,,,,,missing_gics
2021-07-31,RTX,Raytheon Technologies,Industrials,Capital Goods,Aerospace & Defense,Aerospace & Defense,1034925865,2021-07-22T16:10:28Z,https://en.wikipedia.org/w/index.php?oldid=1034925865,matched_gics
2021-07-31,SBAC,SBA Communications,Real Estate,Real Estate,Equity Real Estate Investment Trusts (REITs),Specialized REITs,1034925865,2021-07-22T16:10:28Z,https://en.wikipedia.org/w/index.php?oldid=1034925865,matched_gics
2021-07-31,SBUX,Starbucks,Consumer Discretionary,Consumer Services,"Hotels, Restaurants & Leisure",Restaurants,1034925865,2021-07-22T16:10:28Z,https://en.wikipedia.org/w/index.php?oldid=1034925865,matched_gics
2021-07-31,SCHW,Charles Schwab Corporation,Financials,Diversified Financials,Capital Markets,Investment Banking & Brokerage,1034925865,2021-07-22T16:10:28Z,https://en.wikipedia.org/w/index.php?oldid=1034925865,matched_gics
2021-07-31,SHW,Sherwin-Williams,Materials,Materials,Chemicals,Specialty Chemicals,1034925865,2021-07-22T16:10:28Z,https://en.wikipedia.org/w/index.php?oldid=1034925865,matched_gics
2021-07-31,SNAP,Snap Inc.,,,,,,,,missing_gics
2021-07-31,SNP,China Petroleum & Chemical Corporation,,,,,,,,missing_gics
2021-07-31,SO,Southern Company,Utilities,Utilities,Electric Utilities,Electric Utilities,1034925865,2021-07-22T16:10:28Z,https://en.wikipedia.org/w/index.php?oldid=1034925865,matched_gics
2021-07-31,SPG-PJ,"Simon Property Group, Inc.",,,,,,,,missing_gics
2021-07-31,SRE,Sempra Energy,Utilities,Utilities,Multi-Utilities,Multi-Utilities,1034925865,2021-07-22T16:10:28Z,https://en.wikipedia.org/w/index.php?oldid=1034925865,matched_gics
2021-07-31,T,AT&T,Communication Services,Telecommunication Services,Diversified Telecommunication Services,Integrated Telecommunication Services,1034925865,2021-07-22T16:10:28Z,https://en.wikipedia.org/w/index.php?oldid=1034925865,matched_gics
2021-07-31,TGT,Target Corporation,Consumer Discretionary,Retailing,Multiline Retail,General Merchandise Stores,1034925865,2021-07-22T16:10:28Z,https://en.wikipedia.org/w/index.php?oldid=1034925865,matched_gics
2021-07-31,TM,Toyota Motor Corporation,,,,,,,,missing_gics
2021-07-31,TMO,Thermo Fisher Scientific,Health Care,"Pharmaceuticals, Biotechnology & Life Sciences",Life Sciences Tools & Services,Life Sciences Tools & Services,1034925865,2021-07-22T16:10:28Z,https://en.wikipedia.org/w/index.php?oldid=1034925865,matched_gics
2021-07-31,TMUS,T-Mobile US,Communication Services,Telecommunication Services,Wireless Telecommunication Services,Wireless Telecommunication Services,1034925865,2021-07-22T16:10:28Z,https://en.wikipedia.org/w/index.php?oldid=1034925865,matched_gics
2021-07-31,TSLA,Tesla,Consumer Discretionary,Automobiles & Components,Automobiles,Automobile Manufacturers,1034925865,2021-07-22T16:10:28Z,https://en.wikipedia.org/w/index.php?oldid=1034925865,matched_gics
2021-07-31,TSM,Taiwan Semiconductor Manufacturing Company Limited,,,,,,,,missing_gics
2021-07-31,TTE,TotalEnergies SE,,,,,,,,missing_gics
2021-07-31,UL,Unilever PLC,,,,,,,,missing_gics
2021-07-31,UNH,UnitedHealth Group,Health Care,Health Care Equipment & Services,Health Care Providers & Services,Managed Health Care,1034925865,2021-07-22T16:10:28Z,https://en.wikipedia.org/w/index.php?oldid=1034925865,matched_gics
2021-07-31,UNP,Union Pacific,Industrials,Transportation,Road & Rail,Railroads,1034925865,2021-07-22T16:10:28Z,https://en.wikipedia.org/w/index.php?oldid=1034925865,matched_gics
2021-07-31,UPS,United Parcel Service,Industrials,Transportation,Air Freight & Logistics,Air Freight & Logistics,1034925865,2021-07-22T16:10:28Z,https://en.wikipedia.org/w/index.php?oldid=1034925865,matched_gics
2021-07-31,V,Visa,Information Technology,Software & Services,IT Services,Data Processing & Outsourced Services,1034925865,2021-07-22T16:10:28Z,https://en.wikipedia.org/w/index.php?oldid=1034925865,matched_gics
2021-07-31,VALE,Vale S.A.,,,,,,,,missing_gics
2021-07-31,VZ,Verizon Communications,Communication Services,Telecommunication Services,Diversified Telecommunication Services,Integrated Telecommunication Services,1034925865,2021-07-22T16:10:28Z,https://en.wikipedia.org/w/index.php?oldid=1034925865,matched_gics
2021-07-31,WELL,Welltower,Real Estate,Real Estate,Equity Real Estate Investment Trusts (REITs),Health Care REITs,1034925865,2021-07-22T16:10:28Z,https://en.wikipedia.org/w/index.php?oldid=1034925865,matched_gics
2021-07-31,WFC-PL,Wells Fargo & Company,,,,,,,,missing_gics
2021-07-31,WMT,Walmart,Consumer Staples,Food & Staples Retailing,Food & Staples Retailing,Hypermarkets & Super Centers,1034925865,2021-07-22T16:10:28Z,https://en.wikipedia.org/w/index.php?oldid=1034925865,matched_gics
2021-07-31,XEL,Xcel Energy,Utilities,Utilities,Multi-Utilities,Multi-Utilities,1034925865,2021-07-22T16:10:28Z,https://en.wikipedia.org/w/index.php?oldid=1034925865,matched_gics
2021-07-31,XOM,ExxonMobil,Energy,Energy,"Oil, Gas & Consumable Fuels",Integrated Oil & Gas,1034925865,2021-07-22T16:10:28Z,https://en.wikipedia.org/w/index.php?oldid=1034925865,matched_gics
2021-08-31,AAPL,Apple,Information Technology,Technology Hardware & Equipment,"Technology Hardware, Storage & Peripherals","Technology Hardware, Storage & Peripherals",1041124731,2021-08-28T18:25:49Z,https://en.wikipedia.org/w/index.php?oldid=1041124731,matched_gics
2021-08-31,ABBV,AbbVie,Health Care,"Pharmaceuticals, Biotechnology & Life Sciences",Pharmaceuticals,Pharmaceuticals,1041124731,2021-08-28T18:25:49Z,https://en.wikipedia.org/w/index.php?oldid=1041124731,matched_gics
2021-08-31,ABT,Abbott Laboratories,Health Care,Health Care Equipment & Services,Health Care Equipment & Supplies,Health Care Equipment,1041124731,2021-08-28T18:25:49Z,https://en.wikipedia.org/w/index.php?oldid=1041124731,matched_gics
2021-08-31,ACN,Accenture,Information Technology,Software & Services,IT Services,IT Consulting & Other Services,1041124731,2021-08-28T18:25:49Z,https://en.wikipedia.org/w/index.php?oldid=1041124731,matched_gics
2021-08-31,ADBE,Adobe,Information Technology,Software & Services,Software,Application Software,1041124731,2021-08-28T18:25:49Z,https://en.wikipedia.org/w/index.php?oldid=1041124731,matched_gics
2021-08-31,ADP,Automatic Data Processing,Information Technology,Software & Services,IT Services,Data Processing & Outsourced Services,1041124731,2021-08-28T18:25:49Z,https://en.wikipedia.org/w/index.php?oldid=1041124731,matched_gics
2021-08-31,AEP,American Electric Power,Utilities,Utilities,Electric Utilities,Electric Utilities,1041124731,2021-08-28T18:25:49Z,https://en.wikipedia.org/w/index.php?oldid=1041124731,matched_gics
2021-08-31,AMT,American Tower,Real Estate,Real Estate,Equity Real Estate Investment Trusts (REITs),Specialized REITs,1041124731,2021-08-28T18:25:49Z,https://en.wikipedia.org/w/index.php?oldid=1041124731,matched_gics
2021-08-31,AMZN,Amazon,Consumer Discretionary,Retailing,Internet & Direct Marketing Retail,Internet & Direct Marketing Retail,1041124731,2021-08-28T18:25:49Z,https://en.wikipedia.org/w/index.php?oldid=1041124731,matched_gics
2021-08-31,APD,Air Products & Chemicals,Materials,Materials,Chemicals,Industrial Gases,1041124731,2021-08-28T18:25:49Z,https://en.wikipedia.org/w/index.php?oldid=1041124731,matched_gics
2021-08-31,ASML,ASML Holding N.V.,,,,,,,,missing_gics
2021-08-31,AVGO,Broadcom,Information Technology,Semiconductors & Semiconductor Equipment,Semiconductors & Semiconductor Equipment,Semiconductors,1041124731,2021-08-28T18:25:49Z,https://en.wikipedia.org/w/index.php?oldid=1041124731,matched_gics
2021-08-31,AWK,American Water Works,Utilities,Utilities,Water Utilities,Water Utilities,1041124731,2021-08-28T18:25:49Z,https://en.wikipedia.org/w/index.php?oldid=1041124731,matched_gics
2021-08-31,BA,Boeing Company,Industrials,Capital Goods,Aerospace & Defense,Aerospace & Defense,1041124731,2021-08-28T18:25:49Z,https://en.wikipedia.org/w/index.php?oldid=1041124731,matched_gics
2021-08-31,BABA,Alibaba Group Holding Limited,,,,,,,,missing_gics
2021-08-31,BAC,Bank of America,Financials,Banks,Banks,Diversified Banks,1041124731,2021-08-28T18:25:49Z,https://en.wikipedia.org/w/index.php?oldid=1041124731,matched_gics
2021-08-31,BBL,BHP Group,,,,,,,,missing_gics
2021-08-31,BHP,BHP Group,,,,,,,,missing_gics
2021-08-31,BP,BP p.l.c.,,,,,,,,missing_gics
2021-08-31,BRK-A,Berkshire Hathaway Inc.,,,,,,,,missing_gics
2021-08-31,C-PJ,Citigroup Inc.,,,,,,,,missing_gics
2021-08-31,CAT,Caterpillar,Industrials,Capital Goods,Machinery,Construction Machinery & Heavy Trucks,1041124731,2021-08-28T18:25:49Z,https://en.wikipedia.org/w/index.php?oldid=1041124731,matched_gics
2021-08-31,CCI,Crown Castle,Real Estate,Real Estate,Equity Real Estate Investment Trusts (REITs),Specialized REITs,1041124731,2021-08-28T18:25:49Z,https://en.wikipedia.org/w/index.php?oldid=1041124731,matched_gics
2021-08-31,CHTR,Charter Communications,Communication Services,Media,Media,Cable & Satellite,1041124731,2021-08-28T18:25:49Z,https://en.wikipedia.org/w/index.php?oldid=1041124731,matched_gics
2021-08-31,CMCSA,Comcast,Communication Services,Media,Media,Cable & Satellite,1041124731,2021-08-28T18:25:49Z,https://en.wikipedia.org/w/index.php?oldid=1041124731,matched_gics
2021-08-31,COP,ConocoPhillips,Energy,Energy,"Oil, Gas & Consumable Fuels",Oil & Gas Exploration & Production,1041124731,2021-08-28T18:25:49Z,https://en.wikipedia.org/w/index.php?oldid=1041124731,matched_gics
2021-08-31,COST,Costco,Consumer Staples,Food & Staples Retailing,Food & Staples Retailing,Hypermarkets & Super Centers,1041124731,2021-08-28T18:25:49Z,https://en.wikipedia.org/w/index.php?oldid=1041124731,matched_gics
2021-08-31,CSCO,Cisco Systems,Information Technology,Technology Hardware & Equipment,Communications Equipment,Communications Equipment,1041124731,2021-08-28T18:25:49Z,https://en.wikipedia.org/w/index.php?oldid=1041124731,matched_gics
2021-08-31,CTA-PB,E. I. du Pont de Nemours and Company,,,,,,,,missing_gics
2021-08-31,CVX,Chevron Corporation,Energy,Energy,"Oil, Gas & Consumable Fuels",Integrated Oil & Gas,1041124731,2021-08-28T18:25:49Z,https://en.wikipedia.org/w/index.php?oldid=1041124731,matched_gics
2021-08-31,D,Dominion Energy,Utilities,Utilities,Electric Utilities,Electric Utilities,1041124731,2021-08-28T18:25:49Z,https://en.wikipedia.org/w/index.php?oldid=1041124731,matched_gics
2021-08-31,DE,Deere & Co.,Industrials,Capital Goods,Machinery,Agricultural & Farm Machinery,1041124731,2021-08-28T18:25:49Z,https://en.wikipedia.org/w/index.php?oldid=1041124731,matched_gics
2021-08-31,DEO,Diageo plc,,,,,,,,missing_gics
2021-08-31,DHR,Danaher Corporation,Health Care,Health Care Equipment & Services,Health Care Equipment & Supplies,Health Care Equipment,1041124731,2021-08-28T18:25:49Z,https://en.wikipedia.org/w/index.php?oldid=1041124731,matched_gics
2021-08-31,DIS,The Walt Disney Company,Communication Services,Media & Entertainment,Entertainment,Movies & Entertainment,1041124731,2021-08-28T18:25:49Z,https://en.wikipedia.org/w/index.php?oldid=1041124731,matched_gics
2021-08-31,DLR,Digital Realty Trust,Real Estate,Real Estate,Equity Real Estate Investment Trusts (REITs),Specialized REITs,1041124731,2021-08-28T18:25:49Z,https://en.wikipedia.org/w/index.php?oldid=1041124731,matched_gics
2021-08-31,DUK,Duke Energy,Utilities,Utilities,Electric Utilities,Electric Utilities,1041124731,2021-08-28T18:25:49Z,https://en.wikipedia.org/w/index.php?oldid=1041124731,matched_gics
2021-08-31,ECL,Ecolab,Materials,Materials,Chemicals,Specialty Chemicals,1041124731,2021-08-28T18:25:49Z,https://en.wikipedia.org/w/index.php?oldid=1041124731,matched_gics
2021-08-31,EL,Estée Lauder Companies,Consumer Staples,Household & Personal Products,Personal Products,Personal Products,1041124731,2021-08-28T18:25:49Z,https://en.wikipedia.org/w/index.php?oldid=1041124731,matched_gics
2021-08-31,ENB,Enbridge Inc.,,,,,,,,missing_gics
2021-08-31,EQIX,Equinix,Real Estate,Real Estate,Equity Real Estate Investment Trusts (REITs),Specialized REITs,1041124731,2021-08-28T18:25:49Z,https://en.wikipedia.org/w/index.php?oldid=1041124731,matched_gics
2021-08-31,EQNR,Equinor ASA,,,,,,,,missing_gics
2021-08-31,EXC,Exelon,Utilities,Utilities,Multi-Utilities,Multi-Utilities,1041124731,2021-08-28T18:25:49Z,https://en.wikipedia.org/w/index.php?oldid=1041124731,matched_gics
2021-08-31,FB,Facebook,Communication Services,Media & Entertainment,Interactive Media & Services,Interactive Media & Services,1041124731,2021-08-28T18:25:49Z,https://en.wikipedia.org/w/index.php?oldid=1041124731,matched_gics
2021-08-31,FCX,Freeport-McMoRan,Materials,Materials,Metals & Mining,Copper,1041124731,2021-08-28T18:25:49Z,https://en.wikipedia.org/w/index.php?oldid=1041124731,matched_gics
2021-08-31,GE,General Electric,Industrials,Capital Goods,Industrial Conglomerates,Industrial Conglomerates,1041124731,2021-08-28T18:25:49Z,https://en.wikipedia.org/w/index.php?oldid=1041124731,matched_gics
2021-08-31,GOOG,Alphabet (Class C),Communication Services,Media & Entertainment,Interactive Media & Services,Interactive Media & Services,1041124731,2021-08-28T18:25:49Z,https://en.wikipedia.org/w/index.php?oldid=1041124731,matched_gics
2021-08-31,HD,Home Depot,Consumer Discretionary,Retailing,Specialty Retail,Home Improvement Retail,1041124731,2021-08-28T18:25:49Z,https://en.wikipedia.org/w/index.php?oldid=1041124731,matched_gics
2021-08-31,HON,Honeywell,Industrials,Capital Goods,Industrial Conglomerates,Industrial Conglomerates,1041124731,2021-08-28T18:25:49Z,https://en.wikipedia.org/w/index.php?oldid=1041124731,matched_gics
2021-08-31,JD,"JD.com, Inc.",,,,,,,,missing_gics
2021-08-31,JNJ,Johnson & Johnson,Health Care,"Pharmaceuticals, Biotechnology & Life Sciences",Pharmaceuticals,Pharmaceuticals,1041124731,2021-08-28T18:25:49Z,https://en.wikipedia.org/w/index.php?oldid=1041124731,matched_gics
2021-08-31,JPM,JPMorgan Chase,Financials,Banks,Banks,Diversified Banks,1041124731,2021-08-28T18:25:49Z,https://en.wikipedia.org/w/index.php?oldid=1041124731,matched_gics
2021-08-31,KO,Coca-Cola Company,Consumer Staples,"Food, Beverage & Tobacco",Beverages,Soft Drinks,1041124731,2021-08-28T18:25:49Z,https://en.wikipedia.org/w/index.php?oldid=1041124731,matched_gics
2021-08-31,LLY,Eli Lilly & Co,Health Care,"Pharmaceuticals, Biotechnology & Life Sciences",Pharmaceuticals,Pharmaceuticals,1041124731,2021-08-28T18:25:49Z,https://en.wikipedia.org/w/index.php?oldid=1041124731,matched_gics
2021-08-31,LOW,Lowe's,Consumer Discretionary,Retailing,Specialty Retail,Home Improvement Retail,1041124731,2021-08-28T18:25:49Z,https://en.wikipedia.org/w/index.php?oldid=1041124731,matched_gics
2021-08-31,MA,Mastercard,Information Technology,Software & Services,IT Services,Data Processing & Outsourced Services,1041124731,2021-08-28T18:25:49Z,https://en.wikipedia.org/w/index.php?oldid=1041124731,matched_gics
2021-08-31,MCD,McDonald's,Consumer Discretionary,Consumer Services,"Hotels, Restaurants & Leisure",Restaurants,1041124731,2021-08-28T18:25:49Z,https://en.wikipedia.org/w/index.php?oldid=1041124731,matched_gics
2021-08-31,MMM,3M,Industrials,Capital Goods,Industrial Conglomerates,Industrial Conglomerates,1041124731,2021-08-28T18:25:49Z,https://en.wikipedia.org/w/index.php?oldid=1041124731,matched_gics
2021-08-31,MS,Morgan Stanley,Financials,Diversified Financials,Capital Markets,Investment Banking & Brokerage,1041124731,2021-08-28T18:25:49Z,https://en.wikipedia.org/w/index.php?oldid=1041124731,matched_gics
2021-08-31,MSFT,Microsoft,Information Technology,Software & Services,Software,Systems Software,1041124731,2021-08-28T18:25:49Z,https://en.wikipedia.org/w/index.php?oldid=1041124731,matched_gics
2021-08-31,NEE,NextEra Energy,Utilities,Utilities,Multi-Utilities,Multi-Utilities,1041124731,2021-08-28T18:25:49Z,https://en.wikipedia.org/w/index.php?oldid=1041124731,matched_gics
2021-08-31,NEM,Newmont,Materials,Materials,Metals & Mining,Gold,1041124731,2021-08-28T18:25:49Z,https://en.wikipedia.org/w/index.php?oldid=1041124731,matched_gics
2021-08-31,NFLX,Netflix,Communication Services,Media & Entertainment,Entertainment,Movies & Entertainment,1041124731,2021-08-28T18:25:49Z,https://en.wikipedia.org/w/index.php?oldid=1041124731,matched_gics
2021-08-31,NGG,National Grid plc,,,,,,,,missing_gics
2021-08-31,NKE,Nike,Consumer Discretionary,Consumer Durables & Apparel,"Textiles, Apparel & Luxury Goods","Apparel, Accessories & Luxury Goods",1041124731,2021-08-28T18:25:49Z,https://en.wikipedia.org/w/index.php?oldid=1041124731,matched_gics
2021-08-31,NVDA,Nvidia,Information Technology,Semiconductors & Semiconductor Equipment,Semiconductors & Semiconductor Equipment,Semiconductors,1041124731,2021-08-28T18:25:49Z,https://en.wikipedia.org/w/index.php?oldid=1041124731,matched_gics
2021-08-31,NVO,Novo Nordisk A/S,,,,,,,,missing_gics
2021-08-31,NVS,Novartis AG,,,,,,,,missing_gics
2021-08-31,O,Realty Income Corporation,Real Estate,Real Estate,Equity Real Estate Investment Trusts (REITs),Retail REITs,1041124731,2021-08-28T18:25:49Z,https://en.wikipedia.org/w/index.php?oldid=1041124731,matched_gics
2021-08-31,ORCL,Oracle,Information Technology,Software & Services,Software,Application Software,1041124731,2021-08-28T18:25:49Z,https://en.wikipedia.org/w/index.php?oldid=1041124731,matched_gics
2021-08-31,PEP,PepsiCo,Consumer Staples,"Food, Beverage & Tobacco",Beverages,Soft Drinks,1041124731,2021-08-28T18:25:49Z,https://en.wikipedia.org/w/index.php?oldid=1041124731,matched_gics
2021-08-31,PFE,Pfizer,Health Care,"Pharmaceuticals, Biotechnology & Life Sciences",Pharmaceuticals,Pharmaceuticals,1041124731,2021-08-28T18:25:49Z,https://en.wikipedia.org/w/index.php?oldid=1041124731,matched_gics
2021-08-31,PG,Procter & Gamble,Consumer Staples,Household & Personal Products,Personal Products,Personal Products,1041124731,2021-08-28T18:25:49Z,https://en.wikipedia.org/w/index.php?oldid=1041124731,matched_gics
2021-08-31,PLD,Prologis,Real Estate,Real Estate,Equity Real Estate Investment Trusts (REITs),Industrial REITs,1041124731,2021-08-28T18:25:49Z,https://en.wikipedia.org/w/index.php?oldid=1041124731,matched_gics
2021-08-31,PM,Philip Morris International,Consumer Staples,"Food, Beverage & Tobacco",Tobacco,Tobacco,1041124731,2021-08-28T18:25:49Z,https://en.wikipedia.org/w/index.php?oldid=1041124731,matched_gics
2021-08-31,PSA,Public Storage,Real Estate,Real Estate,Equity Real Estate Investment Trusts (REITs),Specialized REITs,1041124731,2021-08-28T18:25:49Z,https://en.wikipedia.org/w/index.php?oldid=1041124731,matched_gics
2021-08-31,PTR,PetroChina Company Limited,,,,,,,,missing_gics
2021-08-31,PYPL,PayPal,Information Technology,Software & Services,IT Services,Data Processing & Outsourced Services,1041124731,2021-08-28T18:25:49Z,https://en.wikipedia.org/w/index.php?oldid=1041124731,matched_gics
2021-08-31,RDS-B,Royal Dutch Shell plc,,,,,,,,missing_gics
2021-08-31,RIO,Rio Tinto Group,,,,,,,,missing_gics
2021-08-31,RTX,Raytheon Technologies,Industrials,Capital Goods,Aerospace & Defense,Aerospace & Defense,1041124731,2021-08-28T18:25:49Z,https://en.wikipedia.org/w/index.php?oldid=1041124731,matched_gics
2021-08-31,SBAC,SBA Communications,Real Estate,Real Estate,Equity Real Estate Investment Trusts (REITs),Specialized REITs,1041124731,2021-08-28T18:25:49Z,https://en.wikipedia.org/w/index.php?oldid=1041124731,matched_gics
2021-08-31,SBUX,Starbucks,Consumer Discretionary,Consumer Services,"Hotels, Restaurants & Leisure",Restaurants,1041124731,2021-08-28T18:25:49Z,https://en.wikipedia.org/w/index.php?oldid=1041124731,matched_gics
2021-08-31,SCHW,Charles Schwab Corporation,Financials,Diversified Financials,Capital Markets,Investment Banking & Brokerage,1041124731,2021-08-28T18:25:49Z,https://en.wikipedia.org/w/index.php?oldid=1041124731,matched_gics
2021-08-31,SHW,Sherwin-Williams,Materials,Materials,Chemicals,Specialty Chemicals,1041124731,2021-08-28T18:25:49Z,https://en.wikipedia.org/w/index.php?oldid=1041124731,matched_gics
2021-08-31,SNAP,Snap Inc.,,,,,,,,missing_gics
2021-08-31,SNP,China Petroleum & Chemical Corporation,,,,,,,,missing_gics
2021-08-31,SO,Southern Company,Utilities,Utilities,Electric Utilities,Electric Utilities,1041124731,2021-08-28T18:25:49Z,https://en.wikipedia.org/w/index.php?oldid=1041124731,matched_gics
2021-08-31,SPG-PJ,"Simon Property Group, Inc.",,,,,,,,missing_gics
2021-08-31,SRE,Sempra Energy,Utilities,Utilities,Multi-Utilities,Multi-Utilities,1041124731,2021-08-28T18:25:49Z,https://en.wikipedia.org/w/index.php?oldid=1041124731,matched_gics
2021-08-31,T,AT&T,Communication Services,Telecommunication Services,Diversified Telecommunication Services,Integrated Telecommunication Services,1041124731,2021-08-28T18:25:49Z,https://en.wikipedia.org/w/index.php?oldid=1041124731,matched_gics
2021-08-31,TGT,Target Corporation,Consumer Discretionary,Retailing,Multiline Retail,General Merchandise Stores,1041124731,2021-08-28T18:25:49Z,https://en.wikipedia.org/w/index.php?oldid=1041124731,matched_gics
2021-08-31,TM,Toyota Motor Corporation,,,,,,,,missing_gics
2021-08-31,TMO,Thermo Fisher Scientific,Health Care,"Pharmaceuticals, Biotechnology & Life Sciences",Life Sciences Tools & Services,Life Sciences Tools & Services,1041124731,2021-08-28T18:25:49Z,https://en.wikipedia.org/w/index.php?oldid=1041124731,matched_gics
2021-08-31,TMUS,T-Mobile US,Communication Services,Telecommunication Services,Wireless Telecommunication Services,Wireless Telecommunication Services,1041124731,2021-08-28T18:25:49Z,https://en.wikipedia.org/w/index.php?oldid=1041124731,matched_gics
2021-08-31,TSLA,Tesla,Consumer Discretionary,Automobiles & Components,Automobiles,Automobile Manufacturers,1041124731,2021-08-28T18:25:49Z,https://en.wikipedia.org/w/index.php?oldid=1041124731,matched_gics
2021-08-31,TSM,Taiwan Semiconductor Manufacturing Company Limited,,,,,,,,missing_gics
2021-08-31,TTE,TotalEnergies SE,,,,,,,,missing_gics
2021-08-31,UL,Unilever PLC,,,,,,,,missing_gics
2021-08-31,UNH,UnitedHealth Group,Health Care,Health Care Equipment & Services,Health Care Providers & Services,Managed Health Care,1041124731,2021-08-28T18:25:49Z,https://en.wikipedia.org/w/index.php?oldid=1041124731,matched_gics
2021-08-31,UNP,Union Pacific,Industrials,Transportation,Road & Rail,Railroads,1041124731,2021-08-28T18:25:49Z,https://en.wikipedia.org/w/index.php?oldid=1041124731,matched_gics
2021-08-31,UPS,United Parcel Service,Industrials,Transportation,Air Freight & Logistics,Air Freight & Logistics,1041124731,2021-08-28T18:25:49Z,https://en.wikipedia.org/w/index.php?oldid=1041124731,matched_gics
2021-08-31,V,Visa,Information Technology,Software & Services,IT Services,Data Processing & Outsourced Services,1041124731,2021-08-28T18:25:49Z,https://en.wikipedia.org/w/index.php?oldid=1041124731,matched_gics
2021-08-31,VALE,Vale S.A.,,,,,,,,missing_gics
2021-08-31,VZ,Verizon Communications,Communication Services,Telecommunication Services,Diversified Telecommunication Services,Integrated Telecommunication Services,1041124731,2021-08-28T18:25:49Z,https://en.wikipedia.org/w/index.php?oldid=1041124731,matched_gics
2021-08-31,WELL,Welltower,Real Estate,Real Estate,Equity Real Estate Investment Trusts (REITs),Health Care REITs,1041124731,2021-08-28T18:25:49Z,https://en.wikipedia.org/w/index.php?oldid=1041124731,matched_gics
2021-08-31,WFC-PL,Wells Fargo & Company,,,,,,,,missing_gics
2021-08-31,WMT,Walmart,Consumer Staples,Food & Staples Retailing,Food & Staples Retailing,Hypermarkets & Super Centers,1041124731,2021-08-28T18:25:49Z,https://en.wikipedia.org/w/index.php?oldid=1041124731,matched_gics
2021-08-31,XEL,Xcel Energy,Utilities,Utilities,Multi-Utilities,Multi-Utilities,1041124731,2021-08-28T18:25:49Z,https://en.wikipedia.org/w/index.php?oldid=1041124731,matched_gics
2021-08-31,XOM,ExxonMobil,Energy,Energy,"Oil, Gas & Consumable Fuels",Integrated Oil & Gas,1041124731,2021-08-28T18:25:49Z,https://en.wikipedia.org/w/index.php?oldid=1041124731,matched_gics
2021-09-30,AAPL,Apple,Information Technology,Technology Hardware & Equipment,"Technology Hardware, Storage & Peripherals","Technology Hardware, Storage & Peripherals",1046858083,2021-09-27T19:26:07Z,https://en.wikipedia.org/w/index.php?oldid=1046858083,matched_gics
2021-09-30,ABBV,AbbVie,Health Care,"Pharmaceuticals, Biotechnology & Life Sciences",Pharmaceuticals,Pharmaceuticals,1046858083,2021-09-27T19:26:07Z,https://en.wikipedia.org/w/index.php?oldid=1046858083,matched_gics
2021-09-30,ABT,Abbott Laboratories,Health Care,Health Care Equipment & Services,Health Care Equipment & Supplies,Health Care Equipment,1046858083,2021-09-27T19:26:07Z,https://en.wikipedia.org/w/index.php?oldid=1046858083,matched_gics
2021-09-30,ACN,Accenture,Information Technology,Software & Services,IT Services,IT Consulting & Other Services,1046858083,2021-09-27T19:26:07Z,https://en.wikipedia.org/w/index.php?oldid=1046858083,matched_gics
2021-09-30,ADBE,Adobe,Information Technology,Software & Services,Software,Application Software,1046858083,2021-09-27T19:26:07Z,https://en.wikipedia.org/w/index.php?oldid=1046858083,matched_gics
2021-09-30,ADP,Automatic Data Processing,Information Technology,Software & Services,IT Services,Data Processing & Outsourced Services,1046858083,2021-09-27T19:26:07Z,https://en.wikipedia.org/w/index.php?oldid=1046858083,matched_gics
2021-09-30,AEP,American Electric Power,Utilities,Utilities,Electric Utilities,Electric Utilities,1046858083,2021-09-27T19:26:07Z,https://en.wikipedia.org/w/index.php?oldid=1046858083,matched_gics
2021-09-30,AMT,American Tower,Real Estate,Real Estate,Equity Real Estate Investment Trusts (REITs),Specialized REITs,1046858083,2021-09-27T19:26:07Z,https://en.wikipedia.org/w/index.php?oldid=1046858083,matched_gics
2021-09-30,AMZN,Amazon,Consumer Discretionary,Retailing,Internet & Direct Marketing Retail,Internet & Direct Marketing Retail,1046858083,2021-09-27T19:26:07Z,https://en.wikipedia.org/w/index.php?oldid=1046858083,matched_gics
2021-09-30,APD,Air Products & Chemicals,Materials,Materials,Chemicals,Industrial Gases,1046858083,2021-09-27T19:26:07Z,https://en.wikipedia.org/w/index.php?oldid=1046858083,matched_gics
2021-09-30,ASML,ASML Holding N.V.,,,,,,,,missing_gics
2021-09-30,AVGO,Broadcom,Information Technology,Semiconductors & Semiconductor Equipment,Semiconductors & Semiconductor Equipment,Semiconductors,1046858083,2021-09-27T19:26:07Z,https://en.wikipedia.org/w/index.php?oldid=1046858083,matched_gics
2021-09-30,AWK,American Water Works,Utilities,Utilities,Water Utilities,Water Utilities,1046858083,2021-09-27T19:26:07Z,https://en.wikipedia.org/w/index.php?oldid=1046858083,matched_gics
2021-09-30,BA,Boeing,Industrials,Capital Goods,Aerospace & Defense,Aerospace & Defense,1046858083,2021-09-27T19:26:07Z,https://en.wikipedia.org/w/index.php?oldid=1046858083,matched_gics
2021-09-30,BABA,Alibaba Group Holding Limited,,,,,,,,missing_gics
2021-09-30,BAC,Bank of America,Financials,Banks,Banks,Diversified Banks,1046858083,2021-09-27T19:26:07Z,https://en.wikipedia.org/w/index.php?oldid=1046858083,matched_gics
2021-09-30,BBL,BHP Group,,,,,,,,missing_gics
2021-09-30,BHP,BHP Group,,,,,,,,missing_gics
2021-09-30,BP,BP p.l.c.,,,,,,,,missing_gics
2021-09-30,BRK-A,Berkshire Hathaway Inc.,,,,,,,,missing_gics
2021-09-30,C-PJ,Citigroup Inc.,,,,,,,,missing_gics
2021-09-30,CAT,Caterpillar,Industrials,Capital Goods,Machinery,Construction Machinery & Heavy Trucks,1046858083,2021-09-27T19:26:07Z,https://en.wikipedia.org/w/index.php?oldid=1046858083,matched_gics
2021-09-30,CCI,Crown Castle,Real Estate,Real Estate,Equity Real Estate Investment Trusts (REITs),Specialized REITs,1046858083,2021-09-27T19:26:07Z,https://en.wikipedia.org/w/index.php?oldid=1046858083,matched_gics
2021-09-30,CHTR,Charter Communications,Communication Services,Media,Media,Cable & Satellite,1046858083,2021-09-27T19:26:07Z,https://en.wikipedia.org/w/index.php?oldid=1046858083,matched_gics
2021-09-30,CMCSA,Comcast,Communication Services,Media,Media,Cable & Satellite,1046858083,2021-09-27T19:26:07Z,https://en.wikipedia.org/w/index.php?oldid=1046858083,matched_gics
2021-09-30,COP,ConocoPhillips,Energy,Energy,"Oil, Gas & Consumable Fuels",Oil & Gas Exploration & Production,1046858083,2021-09-27T19:26:07Z,https://en.wikipedia.org/w/index.php?oldid=1046858083,matched_gics
2021-09-30,COST,Costco,Consumer Staples,Food & Staples Retailing,Food & Staples Retailing,Hypermarkets & Super Centers,1046858083,2021-09-27T19:26:07Z,https://en.wikipedia.org/w/index.php?oldid=1046858083,matched_gics
2021-09-30,CSCO,Cisco Systems,Information Technology,Technology Hardware & Equipment,Communications Equipment,Communications Equipment,1046858083,2021-09-27T19:26:07Z,https://en.wikipedia.org/w/index.php?oldid=1046858083,matched_gics
2021-09-30,CTA-PB,E. I. du Pont de Nemours and Company,,,,,,,,missing_gics
2021-09-30,CVX,Chevron Corporation,Energy,Energy,"Oil, Gas & Consumable Fuels",Integrated Oil & Gas,1046858083,2021-09-27T19:26:07Z,https://en.wikipedia.org/w/index.php?oldid=1046858083,matched_gics
2021-09-30,D,Dominion Energy,Utilities,Utilities,Electric Utilities,Electric Utilities,1046858083,2021-09-27T19:26:07Z,https://en.wikipedia.org/w/index.php?oldid=1046858083,matched_gics
2021-09-30,DE,Deere & Co.,Industrials,Capital Goods,Machinery,Agricultural & Farm Machinery,1046858083,2021-09-27T19:26:07Z,https://en.wikipedia.org/w/index.php?oldid=1046858083,matched_gics
2021-09-30,DEO,Diageo plc,,,,,,,,missing_gics
2021-09-30,DHR,Danaher Corporation,Health Care,Health Care Equipment & Services,Health Care Equipment & Supplies,Health Care Equipment,1046858083,2021-09-27T19:26:07Z,https://en.wikipedia.org/w/index.php?oldid=1046858083,matched_gics
2021-09-30,DIS,The Walt Disney Company,Communication Services,Media & Entertainment,Entertainment,Movies & Entertainment,1046858083,2021-09-27T19:26:07Z,https://en.wikipedia.org/w/index.php?oldid=1046858083,matched_gics
2021-09-30,DLR,Digital Realty Trust,Real Estate,Real Estate,Equity Real Estate Investment Trusts (REITs),Specialized REITs,1046858083,2021-09-27T19:26:07Z,https://en.wikipedia.org/w/index.php?oldid=1046858083,matched_gics
2021-09-30,DUK,Duke Energy,Utilities,Utilities,Electric Utilities,Electric Utilities,1046858083,2021-09-27T19:26:07Z,https://en.wikipedia.org/w/index.php?oldid=1046858083,matched_gics
2021-09-30,ECL,Ecolab,Materials,Materials,Chemicals,Specialty Chemicals,1046858083,2021-09-27T19:26:07Z,https://en.wikipedia.org/w/index.php?oldid=1046858083,matched_gics
2021-09-30,EL,Estée Lauder Companies,Consumer Staples,Household & Personal Products,Personal Products,Personal Products,1046858083,2021-09-27T19:26:07Z,https://en.wikipedia.org/w/index.php?oldid=1046858083,matched_gics
2021-09-30,ENB,Enbridge Inc.,,,,,,,,missing_gics
2021-09-30,EQIX,Equinix,Real Estate,Real Estate,Equity Real Estate Investment Trusts (REITs),Specialized REITs,1046858083,2021-09-27T19:26:07Z,https://en.wikipedia.org/w/index.php?oldid=1046858083,matched_gics
2021-09-30,EQNR,Equinor ASA,,,,,,,,missing_gics
2021-09-30,EXC,Exelon,Utilities,Utilities,Multi-Utilities,Multi-Utilities,1046858083,2021-09-27T19:26:07Z,https://en.wikipedia.org/w/index.php?oldid=1046858083,matched_gics
2021-09-30,FB,Facebook,Communication Services,Media & Entertainment,Interactive Media & Services,Interactive Media & Services,1046858083,2021-09-27T19:26:07Z,https://en.wikipedia.org/w/index.php?oldid=1046858083,matched_gics
2021-09-30,FCX,Freeport-McMoRan,Materials,Materials,Metals & Mining,Copper,1046858083,2021-09-27T19:26:07Z,https://en.wikipedia.org/w/index.php?oldid=1046858083,matched_gics
2021-09-30,GE,General Electric,Industrials,Capital Goods,Industrial Conglomerates,Industrial Conglomerates,1046858083,2021-09-27T19:26:07Z,https://en.wikipedia.org/w/index.php?oldid=1046858083,matched_gics
2021-09-30,GOOG,Alphabet (Class C),Communication Services,Media & Entertainment,Interactive Media & Services,Interactive Media & Services,1046858083,2021-09-27T19:26:07Z,https://en.wikipedia.org/w/index.php?oldid=1046858083,matched_gics
2021-09-30,HD,Home Depot,Consumer Discretionary,Retailing,Specialty Retail,Home Improvement Retail,1046858083,2021-09-27T19:26:07Z,https://en.wikipedia.org/w/index.php?oldid=1046858083,matched_gics
2021-09-30,HON,Honeywell,Industrials,Capital Goods,Industrial Conglomerates,Industrial Conglomerates,1046858083,2021-09-27T19:26:07Z,https://en.wikipedia.org/w/index.php?oldid=1046858083,matched_gics
2021-09-30,JD,"JD.com, Inc.",,,,,,,,missing_gics
2021-09-30,JNJ,Johnson & Johnson,Health Care,"Pharmaceuticals, Biotechnology & Life Sciences",Pharmaceuticals,Pharmaceuticals,1046858083,2021-09-27T19:26:07Z,https://en.wikipedia.org/w/index.php?oldid=1046858083,matched_gics
2021-09-30,JPM,JPMorgan Chase,Financials,Banks,Banks,Diversified Banks,1046858083,2021-09-27T19:26:07Z,https://en.wikipedia.org/w/index.php?oldid=1046858083,matched_gics
2021-09-30,KO,Coca-Cola Company,Consumer Staples,"Food, Beverage & Tobacco",Beverages,Soft Drinks,1046858083,2021-09-27T19:26:07Z,https://en.wikipedia.org/w/index.php?oldid=1046858083,matched_gics
2021-09-30,LLY,Eli Lilly & Co,Health Care,"Pharmaceuticals, Biotechnology & Life Sciences",Pharmaceuticals,Pharmaceuticals,1046858083,2021-09-27T19:26:07Z,https://en.wikipedia.org/w/index.php?oldid=1046858083,matched_gics
2021-09-30,LOW,Lowe's,Consumer Discretionary,Retailing,Specialty Retail,Home Improvement Retail,1046858083,2021-09-27T19:26:07Z,https://en.wikipedia.org/w/index.php?oldid=1046858083,matched_gics
2021-09-30,MA,Mastercard,Information Technology,Software & Services,IT Services,Data Processing & Outsourced Services,1046858083,2021-09-27T19:26:07Z,https://en.wikipedia.org/w/index.php?oldid=1046858083,matched_gics
2021-09-30,MCD,McDonald's,Consumer Discretionary,Consumer Services,"Hotels, Restaurants & Leisure",Restaurants,1046858083,2021-09-27T19:26:07Z,https://en.wikipedia.org/w/index.php?oldid=1046858083,matched_gics
2021-09-30,MMM,3M,Industrials,Capital Goods,Industrial Conglomerates,Industrial Conglomerates,1046858083,2021-09-27T19:26:07Z,https://en.wikipedia.org/w/index.php?oldid=1046858083,matched_gics
2021-09-30,MS,Morgan Stanley,Financials,Diversified Financials,Capital Markets,Investment Banking & Brokerage,1046858083,2021-09-27T19:26:07Z,https://en.wikipedia.org/w/index.php?oldid=1046858083,matched_gics
2021-09-30,MSFT,Microsoft,Information Technology,Software & Services,Software,Systems Software,1046858083,2021-09-27T19:26:07Z,https://en.wikipedia.org/w/index.php?oldid=1046858083,matched_gics
2021-09-30,NEE,NextEra Energy,Utilities,Utilities,Multi-Utilities,Multi-Utilities,1046858083,2021-09-27T19:26:07Z,https://en.wikipedia.org/w/index.php?oldid=1046858083,matched_gics
2021-09-30,NEM,Newmont,Materials,Materials,Metals & Mining,Gold,1046858083,2021-09-27T19:26:07Z,https://en.wikipedia.org/w/index.php?oldid=1046858083,matched_gics
2021-09-30,NFLX,Netflix,Communication Services,Media & Entertainment,Entertainment,Movies & Entertainment,1046858083,2021-09-27T19:26:07Z,https://en.wikipedia.org/w/index.php?oldid=1046858083,matched_gics
2021-09-30,NGG,National Grid plc,,,,,,,,missing_gics
2021-09-30,NKE,Nike,Consumer Discretionary,Consumer Durables & Apparel,"Textiles, Apparel & Luxury Goods","Apparel, Accessories & Luxury Goods",1046858083,2021-09-27T19:26:07Z,https://en.wikipedia.org/w/index.php?oldid=1046858083,matched_gics
2021-09-30,NVDA,Nvidia,Information Technology,Semiconductors & Semiconductor Equipment,Semiconductors & Semiconductor Equipment,Semiconductors,1046858083,2021-09-27T19:26:07Z,https://en.wikipedia.org/w/index.php?oldid=1046858083,matched_gics
2021-09-30,NVO,Novo Nordisk A/S,,,,,,,,missing_gics
2021-09-30,NVS,Novartis AG,,,,,,,,missing_gics
2021-09-30,O,Realty Income Corporation,Real Estate,Real Estate,Equity Real Estate Investment Trusts (REITs),Retail REITs,1046858083,2021-09-27T19:26:07Z,https://en.wikipedia.org/w/index.php?oldid=1046858083,matched_gics
2021-09-30,ORCL,Oracle,Information Technology,Software & Services,Software,Application Software,1046858083,2021-09-27T19:26:07Z,https://en.wikipedia.org/w/index.php?oldid=1046858083,matched_gics
2021-09-30,PEP,PepsiCo,Consumer Staples,"Food, Beverage & Tobacco",Beverages,Soft Drinks,1046858083,2021-09-27T19:26:07Z,https://en.wikipedia.org/w/index.php?oldid=1046858083,matched_gics
2021-09-30,PFE,Pfizer,Health Care,"Pharmaceuticals, Biotechnology & Life Sciences",Pharmaceuticals,Pharmaceuticals,1046858083,2021-09-27T19:26:07Z,https://en.wikipedia.org/w/index.php?oldid=1046858083,matched_gics
2021-09-30,PG,Procter & Gamble,Consumer Staples,Household & Personal Products,Personal Products,Personal Products,1046858083,2021-09-27T19:26:07Z,https://en.wikipedia.org/w/index.php?oldid=1046858083,matched_gics
2021-09-30,PLD,Prologis,Real Estate,Real Estate,Equity Real Estate Investment Trusts (REITs),Industrial REITs,1046858083,2021-09-27T19:26:07Z,https://en.wikipedia.org/w/index.php?oldid=1046858083,matched_gics
2021-09-30,PM,Philip Morris International,Consumer Staples,"Food, Beverage & Tobacco",Tobacco,Tobacco,1046858083,2021-09-27T19:26:07Z,https://en.wikipedia.org/w/index.php?oldid=1046858083,matched_gics
2021-09-30,PSA,Public Storage,Real Estate,Real Estate,Equity Real Estate Investment Trusts (REITs),Specialized REITs,1046858083,2021-09-27T19:26:07Z,https://en.wikipedia.org/w/index.php?oldid=1046858083,matched_gics
2021-09-30,PTR,PetroChina Company Limited,,,,,,,,missing_gics
2021-09-30,PYPL,PayPal,Information Technology,Software & Services,IT Services,Data Processing & Outsourced Services,1046858083,2021-09-27T19:26:07Z,https://en.wikipedia.org/w/index.php?oldid=1046858083,matched_gics
2021-09-30,RDS-B,Royal Dutch Shell plc,,,,,,,,missing_gics
2021-09-30,RIO,Rio Tinto Group,,,,,,,,missing_gics
2021-09-30,RTX,Raytheon Technologies,Industrials,Capital Goods,Aerospace & Defense,Aerospace & Defense,1046858083,2021-09-27T19:26:07Z,https://en.wikipedia.org/w/index.php?oldid=1046858083,matched_gics
2021-09-30,SBAC,SBA Communications,Real Estate,Real Estate,Equity Real Estate Investment Trusts (REITs),Specialized REITs,1046858083,2021-09-27T19:26:07Z,https://en.wikipedia.org/w/index.php?oldid=1046858083,matched_gics
2021-09-30,SBUX,Starbucks,Consumer Discretionary,Consumer Services,"Hotels, Restaurants & Leisure",Restaurants,1046858083,2021-09-27T19:26:07Z,https://en.wikipedia.org/w/index.php?oldid=1046858083,matched_gics
2021-09-30,SCHW,Charles Schwab Corporation,Financials,Diversified Financials,Capital Markets,Investment Banking & Brokerage,1046858083,2021-09-27T19:26:07Z,https://en.wikipedia.org/w/index.php?oldid=1046858083,matched_gics
2021-09-30,SHW,Sherwin-Williams,Materials,Materials,Chemicals,Specialty Chemicals,1046858083,2021-09-27T19:26:07Z,https://en.wikipedia.org/w/index.php?oldid=1046858083,matched_gics
2021-09-30,SNAP,Snap Inc.,,,,,,,,missing_gics
2021-09-30,SNP,China Petroleum & Chemical Corporation,,,,,,,,missing_gics
2021-09-30,SO,Southern Company,Utilities,Utilities,Electric Utilities,Electric Utilities,1046858083,2021-09-27T19:26:07Z,https://en.wikipedia.org/w/index.php?oldid=1046858083,matched_gics
2021-09-30,SPG-PJ,"Simon Property Group, Inc.",,,,,,,,missing_gics
2021-09-30,SRE,Sempra Energy,Utilities,Utilities,Multi-Utilities,Multi-Utilities,1046858083,2021-09-27T19:26:07Z,https://en.wikipedia.org/w/index.php?oldid=1046858083,matched_gics
2021-09-30,T,AT&T,Communication Services,Telecommunication Services,Diversified Telecommunication Services,Integrated Telecommunication Services,1046858083,2021-09-27T19:26:07Z,https://en.wikipedia.org/w/index.php?oldid=1046858083,matched_gics
2021-09-30,TGT,Target Corporation,Consumer Discretionary,Retailing,Multiline Retail,General Merchandise Stores,1046858083,2021-09-27T19:26:07Z,https://en.wikipedia.org/w/index.php?oldid=1046858083,matched_gics
2021-09-30,TM,Toyota Motor Corporation,,,,,,,,missing_gics
2021-09-30,TMO,Thermo Fisher Scientific,Health Care,"Pharmaceuticals, Biotechnology & Life Sciences",Life Sciences Tools & Services,Life Sciences Tools & Services,1046858083,2021-09-27T19:26:07Z,https://en.wikipedia.org/w/index.php?oldid=1046858083,matched_gics
2021-09-30,TMUS,T-Mobile US,Communication Services,Telecommunication Services,Wireless Telecommunication Services,Wireless Telecommunication Services,1046858083,2021-09-27T19:26:07Z,https://en.wikipedia.org/w/index.php?oldid=1046858083,matched_gics
2021-09-30,TSLA,Tesla,Consumer Discretionary,Automobiles & Components,Automobiles,Automobile Manufacturers,1046858083,2021-09-27T19:26:07Z,https://en.wikipedia.org/w/index.php?oldid=1046858083,matched_gics
2021-09-30,TSM,Taiwan Semiconductor Manufacturing Company Limited,,,,,,,,missing_gics
2021-09-30,TTE,TotalEnergies SE,,,,,,,,missing_gics
2021-09-30,UL,Unilever PLC,,,,,,,,missing_gics
2021-09-30,UNH,UnitedHealth Group,Health Care,Health Care Equipment & Services,Health Care Providers & Services,Managed Health Care,1046858083,2021-09-27T19:26:07Z,https://en.wikipedia.org/w/index.php?oldid=1046858083,matched_gics
2021-09-30,UNP,Union Pacific,Industrials,Transportation,Road & Rail,Railroads,1046858083,2021-09-27T19:26:07Z,https://en.wikipedia.org/w/index.php?oldid=1046858083,matched_gics
2021-09-30,UPS,United Parcel Service,Industrials,Transportation,Air Freight & Logistics,Air Freight & Logistics,1046858083,2021-09-27T19:26:07Z,https://en.wikipedia.org/w/index.php?oldid=1046858083,matched_gics
2021-09-30,V,Visa,Information Technology,Software & Services,IT Services,Data Processing & Outsourced Services,1046858083,2021-09-27T19:26:07Z,https://en.wikipedia.org/w/index.php?oldid=1046858083,matched_gics
2021-09-30,VALE,Vale S.A.,,,,,,,,missing_gics
2021-09-30,VZ,Verizon Communications,Communication Services,Telecommunication Services,Diversified Telecommunication Services,Integrated Telecommunication Services,1046858083,2021-09-27T19:26:07Z,https://en.wikipedia.org/w/index.php?oldid=1046858083,matched_gics
2021-09-30,WELL,Welltower,Real Estate,Real Estate,Equity Real Estate Investment Trusts (REITs),Health Care REITs,1046858083,2021-09-27T19:26:07Z,https://en.wikipedia.org/w/index.php?oldid=1046858083,matched_gics
2021-09-30,WFC-PL,Wells Fargo & Company,,,,,,,,missing_gics
2021-09-30,WMT,Walmart,Consumer Staples,Food & Staples Retailing,Food & Staples Retailing,Hypermarkets & Super Centers,1046858083,2021-09-27T19:26:07Z,https://en.wikipedia.org/w/index.php?oldid=1046858083,matched_gics
2021-09-30,XEL,Xcel Energy,Utilities,Utilities,Multi-Utilities,Multi-Utilities,1046858083,2021-09-27T19:26:07Z,https://en.wikipedia.org/w/index.php?oldid=1046858083,matched_gics
2021-09-30,XOM,ExxonMobil,Energy,Energy,"Oil, Gas & Consumable Fuels",Integrated Oil & Gas,1046858083,2021-09-27T19:26:07Z,https://en.wikipedia.org/w/index.php?oldid=1046858083,matched_gics
2021-10-31,AAPL,Apple,Information Technology,Technology Hardware & Equipment,"Technology Hardware, Storage & Peripherals","Technology Hardware, Storage & Peripherals",1052601537,2021-10-30T02:53:07Z,https://en.wikipedia.org/w/index.php?oldid=1052601537,matched_gics
2021-10-31,ABBV,AbbVie,Health Care,"Pharmaceuticals, Biotechnology & Life Sciences",Pharmaceuticals,Pharmaceuticals,1052601537,2021-10-30T02:53:07Z,https://en.wikipedia.org/w/index.php?oldid=1052601537,matched_gics
2021-10-31,ABT,Abbott Laboratories,Health Care,Health Care Equipment & Services,Health Care Equipment & Supplies,Health Care Equipment,1052601537,2021-10-30T02:53:07Z,https://en.wikipedia.org/w/index.php?oldid=1052601537,matched_gics
2021-10-31,ACN,Accenture,Information Technology,Software & Services,IT Services,IT Consulting & Other Services,1052601537,2021-10-30T02:53:07Z,https://en.wikipedia.org/w/index.php?oldid=1052601537,matched_gics
2021-10-31,ADBE,Adobe,Information Technology,Software & Services,Software,Application Software,1052601537,2021-10-30T02:53:07Z,https://en.wikipedia.org/w/index.php?oldid=1052601537,matched_gics
2021-10-31,ADP,Automatic Data Processing,Information Technology,Software & Services,IT Services,Data Processing & Outsourced Services,1052601537,2021-10-30T02:53:07Z,https://en.wikipedia.org/w/index.php?oldid=1052601537,matched_gics
2021-10-31,AEP,American Electric Power,Utilities,Utilities,Electric Utilities,Electric Utilities,1052601537,2021-10-30T02:53:07Z,https://en.wikipedia.org/w/index.php?oldid=1052601537,matched_gics
2021-10-31,AMT,American Tower,Real Estate,Real Estate,Equity Real Estate Investment Trusts (REITs),Specialized REITs,1052601537,2021-10-30T02:53:07Z,https://en.wikipedia.org/w/index.php?oldid=1052601537,matched_gics
2021-10-31,AMZN,Amazon,Consumer Discretionary,Retailing,Internet & Direct Marketing Retail,Internet & Direct Marketing Retail,1052601537,2021-10-30T02:53:07Z,https://en.wikipedia.org/w/index.php?oldid=1052601537,matched_gics
2021-10-31,APD,Air Products & Chemicals,Materials,Materials,Chemicals,Industrial Gases,1052601537,2021-10-30T02:53:07Z,https://en.wikipedia.org/w/index.php?oldid=1052601537,matched_gics
2021-10-31,ASML,ASML Holding N.V.,,,,,,,,missing_gics
2021-10-31,AVGO,Broadcom,Information Technology,Semiconductors & Semiconductor Equipment,Semiconductors & Semiconductor Equipment,Semiconductors,1052601537,2021-10-30T02:53:07Z,https://en.wikipedia.org/w/index.php?oldid=1052601537,matched_gics
2021-10-31,AWK,American Water Works,Utilities,Utilities,Water Utilities,Water Utilities,1052601537,2021-10-30T02:53:07Z,https://en.wikipedia.org/w/index.php?oldid=1052601537,matched_gics
2021-10-31,BA,Boeing,Industrials,Capital Goods,Aerospace & Defense,Aerospace & Defense,1052601537,2021-10-30T02:53:07Z,https://en.wikipedia.org/w/index.php?oldid=1052601537,matched_gics
2021-10-31,BABA,Alibaba Group Holding Limited,,,,,,,,missing_gics
2021-10-31,BAC,Bank of America,Financials,Banks,Banks,Diversified Banks,1052601537,2021-10-30T02:53:07Z,https://en.wikipedia.org/w/index.php?oldid=1052601537,matched_gics
2021-10-31,BBL,BHP Group,,,,,,,,missing_gics
2021-10-31,BHP,BHP Group,,,,,,,,missing_gics
2021-10-31,BP,BP p.l.c.,,,,,,,,missing_gics
2021-10-31,BRK-A,Berkshire Hathaway Inc.,,,,,,,,missing_gics
2021-10-31,C-PJ,Citigroup Inc.,,,,,,,,missing_gics
2021-10-31,CAT,Caterpillar,Industrials,Capital Goods,Machinery,Construction Machinery & Heavy Trucks,1052601537,2021-10-30T02:53:07Z,https://en.wikipedia.org/w/index.php?oldid=1052601537,matched_gics
2021-10-31,CCI,Crown Castle,Real Estate,Real Estate,Equity Real Estate Investment Trusts (REITs),Specialized REITs,1052601537,2021-10-30T02:53:07Z,https://en.wikipedia.org/w/index.php?oldid=1052601537,matched_gics
2021-10-31,CHTR,Charter Communications,Communication Services,Media,Media,Cable & Satellite,1052601537,2021-10-30T02:53:07Z,https://en.wikipedia.org/w/index.php?oldid=1052601537,matched_gics
2021-10-31,CMCSA,Comcast,Communication Services,Media,Media,Cable & Satellite,1052601537,2021-10-30T02:53:07Z,https://en.wikipedia.org/w/index.php?oldid=1052601537,matched_gics
2021-10-31,COP,ConocoPhillips,Energy,Energy,"Oil, Gas & Consumable Fuels",Oil & Gas Exploration & Production,1052601537,2021-10-30T02:53:07Z,https://en.wikipedia.org/w/index.php?oldid=1052601537,matched_gics
2021-10-31,COST,Costco,Consumer Staples,Food & Staples Retailing,Food & Staples Retailing,Hypermarkets & Super Centers,1052601537,2021-10-30T02:53:07Z,https://en.wikipedia.org/w/index.php?oldid=1052601537,matched_gics
2021-10-31,CSCO,Cisco Systems,Information Technology,Technology Hardware & Equipment,Communications Equipment,Communications Equipment,1052601537,2021-10-30T02:53:07Z,https://en.wikipedia.org/w/index.php?oldid=1052601537,matched_gics
2021-10-31,CTA-PB,E. I. du Pont de Nemours and Company,,,,,,,,missing_gics
2021-10-31,CVX,Chevron,Energy,Energy,"Oil, Gas & Consumable Fuels",Integrated Oil & Gas,1052601537,2021-10-30T02:53:07Z,https://en.wikipedia.org/w/index.php?oldid=1052601537,matched_gics
2021-10-31,D,Dominion Energy,Utilities,Utilities,Electric Utilities,Electric Utilities,1052601537,2021-10-30T02:53:07Z,https://en.wikipedia.org/w/index.php?oldid=1052601537,matched_gics
2021-10-31,DE,Deere & Co.,Industrials,Capital Goods,Machinery,Agricultural & Farm Machinery,1052601537,2021-10-30T02:53:07Z,https://en.wikipedia.org/w/index.php?oldid=1052601537,matched_gics
2021-10-31,DEO,Diageo plc,,,,,,,,missing_gics
2021-10-31,DHR,Danaher,Health Care,Health Care Equipment & Services,Health Care Equipment & Supplies,Health Care Equipment,1052601537,2021-10-30T02:53:07Z,https://en.wikipedia.org/w/index.php?oldid=1052601537,matched_gics
2021-10-31,DIS,The Walt Disney Company,Communication Services,Media & Entertainment,Entertainment,Movies & Entertainment,1052601537,2021-10-30T02:53:07Z,https://en.wikipedia.org/w/index.php?oldid=1052601537,matched_gics
2021-10-31,DLR,Digital Realty Trust,Real Estate,Real Estate,Equity Real Estate Investment Trusts (REITs),Specialized REITs,1052601537,2021-10-30T02:53:07Z,https://en.wikipedia.org/w/index.php?oldid=1052601537,matched_gics
2021-10-31,DUK,Duke Energy,Utilities,Utilities,Electric Utilities,Electric Utilities,1052601537,2021-10-30T02:53:07Z,https://en.wikipedia.org/w/index.php?oldid=1052601537,matched_gics
2021-10-31,ECL,Ecolab,Materials,Materials,Chemicals,Specialty Chemicals,1052601537,2021-10-30T02:53:07Z,https://en.wikipedia.org/w/index.php?oldid=1052601537,matched_gics
2021-10-31,EL,Estée Lauder Companies,Consumer Staples,Household & Personal Products,Personal Products,Personal Products,1052601537,2021-10-30T02:53:07Z,https://en.wikipedia.org/w/index.php?oldid=1052601537,matched_gics
2021-10-31,ENB,Enbridge Inc.,,,,,,,,missing_gics
2021-10-31,EQIX,Equinix,Real Estate,Real Estate,Equity Real Estate Investment Trusts (REITs),Specialized REITs,1052601537,2021-10-30T02:53:07Z,https://en.wikipedia.org/w/index.php?oldid=1052601537,matched_gics
2021-10-31,EQNR,Equinor ASA,,,,,,,,missing_gics
2021-10-31,EXC,Exelon,Utilities,Utilities,Multi-Utilities,Multi-Utilities,1052601537,2021-10-30T02:53:07Z,https://en.wikipedia.org/w/index.php?oldid=1052601537,matched_gics
2021-10-31,FB,Facebook,Communication Services,Media & Entertainment,Interactive Media & Services,Interactive Media & Services,1052601537,2021-10-30T02:53:07Z,https://en.wikipedia.org/w/index.php?oldid=1052601537,matched_gics
2021-10-31,FCX,Freeport-McMoRan,Materials,Materials,Metals & Mining,Copper,1052601537,2021-10-30T02:53:07Z,https://en.wikipedia.org/w/index.php?oldid=1052601537,matched_gics
2021-10-31,GE,General Electric,Industrials,Capital Goods,Industrial Conglomerates,Industrial Conglomerates,1052601537,2021-10-30T02:53:07Z,https://en.wikipedia.org/w/index.php?oldid=1052601537,matched_gics
2021-10-31,GOOG,Alphabet (Class C),Communication Services,Media & Entertainment,Interactive Media & Services,Interactive Media & Services,1052601537,2021-10-30T02:53:07Z,https://en.wikipedia.org/w/index.php?oldid=1052601537,matched_gics
2021-10-31,HD,Home Depot,Consumer Discretionary,Retailing,Specialty Retail,Home Improvement Retail,1052601537,2021-10-30T02:53:07Z,https://en.wikipedia.org/w/index.php?oldid=1052601537,matched_gics
2021-10-31,HON,Honeywell,Industrials,Capital Goods,Industrial Conglomerates,Industrial Conglomerates,1052601537,2021-10-30T02:53:07Z,https://en.wikipedia.org/w/index.php?oldid=1052601537,matched_gics
2021-10-31,JD,"JD.com, Inc.",,,,,,,,missing_gics
2021-10-31,JNJ,Johnson & Johnson,Health Care,"Pharmaceuticals, Biotechnology & Life Sciences",Pharmaceuticals,Pharmaceuticals,1052601537,2021-10-30T02:53:07Z,https://en.wikipedia.org/w/index.php?oldid=1052601537,matched_gics
2021-10-31,JPM,JPMorgan Chase,Financials,Banks,Banks,Diversified Banks,1052601537,2021-10-30T02:53:07Z,https://en.wikipedia.org/w/index.php?oldid=1052601537,matched_gics
2021-10-31,KO,Coca-Cola,Consumer Staples,"Food, Beverage & Tobacco",Beverages,Soft Drinks,1052601537,2021-10-30T02:53:07Z,https://en.wikipedia.org/w/index.php?oldid=1052601537,matched_gics
2021-10-31,LLY,Eli Lilly,Health Care,"Pharmaceuticals, Biotechnology & Life Sciences",Pharmaceuticals,Pharmaceuticals,1052601537,2021-10-30T02:53:07Z,https://en.wikipedia.org/w/index.php?oldid=1052601537,matched_gics
2021-10-31,LOW,Lowe's,Consumer Discretionary,Retailing,Specialty Retail,Home Improvement Retail,1052601537,2021-10-30T02:53:07Z,https://en.wikipedia.org/w/index.php?oldid=1052601537,matched_gics
2021-10-31,MA,Mastercard,Information Technology,Software & Services,IT Services,Data Processing & Outsourced Services,1052601537,2021-10-30T02:53:07Z,https://en.wikipedia.org/w/index.php?oldid=1052601537,matched_gics
2021-10-31,MCD,McDonald's,Consumer Discretionary,Consumer Services,"Hotels, Restaurants & Leisure",Restaurants,1052601537,2021-10-30T02:53:07Z,https://en.wikipedia.org/w/index.php?oldid=1052601537,matched_gics
2021-10-31,MMM,3M,Industrials,Capital Goods,Industrial Conglomerates,Industrial Conglomerates,1052601537,2021-10-30T02:53:07Z,https://en.wikipedia.org/w/index.php?oldid=1052601537,matched_gics
2021-10-31,MS,Morgan Stanley,Financials,Diversified Financials,Capital Markets,Investment Banking & Brokerage,1052601537,2021-10-30T02:53:07Z,https://en.wikipedia.org/w/index.php?oldid=1052601537,matched_gics
2021-10-31,MSFT,Microsoft,Information Technology,Software & Services,Software,Systems Software,1052601537,2021-10-30T02:53:07Z,https://en.wikipedia.org/w/index.php?oldid=1052601537,matched_gics
2021-10-31,NEE,NextEra Energy,Utilities,Utilities,Multi-Utilities,Multi-Utilities,1052601537,2021-10-30T02:53:07Z,https://en.wikipedia.org/w/index.php?oldid=1052601537,matched_gics
2021-10-31,NEM,Newmont,Materials,Materials,Metals & Mining,Gold,1052601537,2021-10-30T02:53:07Z,https://en.wikipedia.org/w/index.php?oldid=1052601537,matched_gics
2021-10-31,NFLX,Netflix,Communication Services,Media & Entertainment,Entertainment,Movies & Entertainment,1052601537,2021-10-30T02:53:07Z,https://en.wikipedia.org/w/index.php?oldid=1052601537,matched_gics
2021-10-31,NGG,National Grid plc,,,,,,,,missing_gics
2021-10-31,NKE,Nike,Consumer Discretionary,Consumer Durables & Apparel,"Textiles, Apparel & Luxury Goods","Apparel, Accessories & Luxury Goods",1052601537,2021-10-30T02:53:07Z,https://en.wikipedia.org/w/index.php?oldid=1052601537,matched_gics
2021-10-31,NVDA,Nvidia,Information Technology,Semiconductors & Semiconductor Equipment,Semiconductors & Semiconductor Equipment,Semiconductors,1052601537,2021-10-30T02:53:07Z,https://en.wikipedia.org/w/index.php?oldid=1052601537,matched_gics
2021-10-31,NVO,Novo Nordisk A/S,,,,,,,,missing_gics
2021-10-31,NVS,Novartis AG,,,,,,,,missing_gics
2021-10-31,O,Realty Income Corporation,Real Estate,Real Estate,Equity Real Estate Investment Trusts (REITs),Retail REITs,1052601537,2021-10-30T02:53:07Z,https://en.wikipedia.org/w/index.php?oldid=1052601537,matched_gics
2021-10-31,ORCL,Oracle,Information Technology,Software & Services,Software,Application Software,1052601537,2021-10-30T02:53:07Z,https://en.wikipedia.org/w/index.php?oldid=1052601537,matched_gics
2021-10-31,PEP,PepsiCo,Consumer Staples,"Food, Beverage & Tobacco",Beverages,Soft Drinks,1052601537,2021-10-30T02:53:07Z,https://en.wikipedia.org/w/index.php?oldid=1052601537,matched_gics
2021-10-31,PFE,Pfizer,Health Care,"Pharmaceuticals, Biotechnology & Life Sciences",Pharmaceuticals,Pharmaceuticals,1052601537,2021-10-30T02:53:07Z,https://en.wikipedia.org/w/index.php?oldid=1052601537,matched_gics
2021-10-31,PG,Procter & Gamble,Consumer Staples,Household & Personal Products,Personal Products,Personal Products,1052601537,2021-10-30T02:53:07Z,https://en.wikipedia.org/w/index.php?oldid=1052601537,matched_gics
2021-10-31,PLD,Prologis,Real Estate,Real Estate,Equity Real Estate Investment Trusts (REITs),Industrial REITs,1052601537,2021-10-30T02:53:07Z,https://en.wikipedia.org/w/index.php?oldid=1052601537,matched_gics
2021-10-31,PM,Philip Morris International,Consumer Staples,"Food, Beverage & Tobacco",Tobacco,Tobacco,1052601537,2021-10-30T02:53:07Z,https://en.wikipedia.org/w/index.php?oldid=1052601537,matched_gics
2021-10-31,PSA,Public Storage,Real Estate,Real Estate,Equity Real Estate Investment Trusts (REITs),Specialized REITs,1052601537,2021-10-30T02:53:07Z,https://en.wikipedia.org/w/index.php?oldid=1052601537,matched_gics
2021-10-31,PTR,PetroChina Company Limited,,,,,,,,missing_gics
2021-10-31,PYPL,PayPal,Information Technology,Software & Services,IT Services,Data Processing & Outsourced Services,1052601537,2021-10-30T02:53:07Z,https://en.wikipedia.org/w/index.php?oldid=1052601537,matched_gics
2021-10-31,RDS-B,Royal Dutch Shell plc,,,,,,,,missing_gics
2021-10-31,RIO,Rio Tinto Group,,,,,,,,missing_gics
2021-10-31,RTX,Raytheon Technologies,Industrials,Capital Goods,Aerospace & Defense,Aerospace & Defense,1052601537,2021-10-30T02:53:07Z,https://en.wikipedia.org/w/index.php?oldid=1052601537,matched_gics
2021-10-31,SBAC,SBA Communications,Real Estate,Real Estate,Equity Real Estate Investment Trusts (REITs),Specialized REITs,1052601537,2021-10-30T02:53:07Z,https://en.wikipedia.org/w/index.php?oldid=1052601537,matched_gics
2021-10-31,SBUX,Starbucks,Consumer Discretionary,Consumer Services,"Hotels, Restaurants & Leisure",Restaurants,1052601537,2021-10-30T02:53:07Z,https://en.wikipedia.org/w/index.php?oldid=1052601537,matched_gics
2021-10-31,SCHW,Charles Schwab,Financials,Diversified Financials,Capital Markets,Investment Banking & Brokerage,1052601537,2021-10-30T02:53:07Z,https://en.wikipedia.org/w/index.php?oldid=1052601537,matched_gics
2021-10-31,SHW,Sherwin-Williams,Materials,Materials,Chemicals,Specialty Chemicals,1052601537,2021-10-30T02:53:07Z,https://en.wikipedia.org/w/index.php?oldid=1052601537,matched_gics
2021-10-31,SNAP,Snap Inc.,,,,,,,,missing_gics
2021-10-31,SNP,China Petroleum & Chemical Corporation,,,,,,,,missing_gics
2021-10-31,SO,Southern Company,Utilities,Utilities,Electric Utilities,Electric Utilities,1052601537,2021-10-30T02:53:07Z,https://en.wikipedia.org/w/index.php?oldid=1052601537,matched_gics
2021-10-31,SPG-PJ,"Simon Property Group, Inc.",,,,,,,,missing_gics
2021-10-31,SRE,Sempra Energy,Utilities,Utilities,Multi-Utilities,Multi-Utilities,1052601537,2021-10-30T02:53:07Z,https://en.wikipedia.org/w/index.php?oldid=1052601537,matched_gics
2021-10-31,T,AT&T,Communication Services,Telecommunication Services,Diversified Telecommunication Services,Integrated Telecommunication Services,1052601537,2021-10-30T02:53:07Z,https://en.wikipedia.org/w/index.php?oldid=1052601537,matched_gics
2021-10-31,TGT,Target,Consumer Discretionary,Retailing,Multiline Retail,General Merchandise Stores,1052601537,2021-10-30T02:53:07Z,https://en.wikipedia.org/w/index.php?oldid=1052601537,matched_gics
2021-10-31,TM,Toyota Motor Corporation,,,,,,,,missing_gics
2021-10-31,TMO,Thermo Fisher Scientific,Health Care,"Pharmaceuticals, Biotechnology & Life Sciences",Life Sciences Tools & Services,Life Sciences Tools & Services,1052601537,2021-10-30T02:53:07Z,https://en.wikipedia.org/w/index.php?oldid=1052601537,matched_gics
2021-10-31,TMUS,T-Mobile US,Communication Services,Telecommunication Services,Wireless Telecommunication Services,Wireless Telecommunication Services,1052601537,2021-10-30T02:53:07Z,https://en.wikipedia.org/w/index.php?oldid=1052601537,matched_gics
2021-10-31,TSLA,Tesla,Consumer Discretionary,Automobiles & Components,Automobiles,Automobile Manufacturers,1052601537,2021-10-30T02:53:07Z,https://en.wikipedia.org/w/index.php?oldid=1052601537,matched_gics
2021-10-31,TSM,Taiwan Semiconductor Manufacturing Company Limited,,,,,,,,missing_gics
2021-10-31,TTE,TotalEnergies SE,,,,,,,,missing_gics
2021-10-31,UL,Unilever PLC,,,,,,,,missing_gics
2021-10-31,UNH,UnitedHealth Group,Health Care,Health Care Equipment & Services,Health Care Providers & Services,Managed Health Care,1052601537,2021-10-30T02:53:07Z,https://en.wikipedia.org/w/index.php?oldid=1052601537,matched_gics
2021-10-31,UNP,Union Pacific,Industrials,Transportation,Road & Rail,Railroads,1052601537,2021-10-30T02:53:07Z,https://en.wikipedia.org/w/index.php?oldid=1052601537,matched_gics
2021-10-31,UPS,United Parcel Service,Industrials,Transportation,Air Freight & Logistics,Air Freight & Logistics,1052601537,2021-10-30T02:53:07Z,https://en.wikipedia.org/w/index.php?oldid=1052601537,matched_gics
2021-10-31,V,Visa,Information Technology,Software & Services,IT Services,Data Processing & Outsourced Services,1052601537,2021-10-30T02:53:07Z,https://en.wikipedia.org/w/index.php?oldid=1052601537,matched_gics
2021-10-31,VALE,Vale S.A.,,,,,,,,missing_gics
2021-10-31,VZ,Verizon Communications,Communication Services,Telecommunication Services,Diversified Telecommunication Services,Integrated Telecommunication Services,1052601537,2021-10-30T02:53:07Z,https://en.wikipedia.org/w/index.php?oldid=1052601537,matched_gics
2021-10-31,WELL,Welltower,Real Estate,Real Estate,Equity Real Estate Investment Trusts (REITs),Health Care REITs,1052601537,2021-10-30T02:53:07Z,https://en.wikipedia.org/w/index.php?oldid=1052601537,matched_gics
2021-10-31,WFC-PL,Wells Fargo & Company,,,,,,,,missing_gics
2021-10-31,WMT,Walmart,Consumer Staples,Food & Staples Retailing,Food & Staples Retailing,Hypermarkets & Super Centers,1052601537,2021-10-30T02:53:07Z,https://en.wikipedia.org/w/index.php?oldid=1052601537,matched_gics
2021-10-31,XEL,Xcel Energy,Utilities,Utilities,Multi-Utilities,Multi-Utilities,1052601537,2021-10-30T02:53:07Z,https://en.wikipedia.org/w/index.php?oldid=1052601537,matched_gics
2021-10-31,XOM,ExxonMobil,Energy,Energy,"Oil, Gas & Consumable Fuels",Integrated Oil & Gas,1052601537,2021-10-30T02:53:07Z,https://en.wikipedia.org/w/index.php?oldid=1052601537,matched_gics
2021-11-30,AAPL,Apple,Information Technology,Technology Hardware & Equipment,"Technology Hardware, Storage & Peripherals","Technology Hardware, Storage & Peripherals",1057954438,2021-11-30T16:42:06Z,https://en.wikipedia.org/w/index.php?oldid=1057954438,matched_gics
2021-11-30,ABBV,AbbVie,Health Care,"Pharmaceuticals, Biotechnology & Life Sciences",Pharmaceuticals,Pharmaceuticals,1057954438,2021-11-30T16:42:06Z,https://en.wikipedia.org/w/index.php?oldid=1057954438,matched_gics
2021-11-30,ABT,Abbott Laboratories,Health Care,Health Care Equipment & Services,Health Care Equipment & Supplies,Health Care Equipment,1057954438,2021-11-30T16:42:06Z,https://en.wikipedia.org/w/index.php?oldid=1057954438,matched_gics
2021-11-30,ACN,Accenture,Information Technology,Software & Services,IT Services,IT Consulting & Other Services,1057954438,2021-11-30T16:42:06Z,https://en.wikipedia.org/w/index.php?oldid=1057954438,matched_gics
2021-11-30,ADBE,Adobe,Information Technology,Software & Services,Software,Application Software,1057954438,2021-11-30T16:42:06Z,https://en.wikipedia.org/w/index.php?oldid=1057954438,matched_gics
2021-11-30,ADP,Automatic Data Processing,Information Technology,Software & Services,IT Services,Data Processing & Outsourced Services,1057954438,2021-11-30T16:42:06Z,https://en.wikipedia.org/w/index.php?oldid=1057954438,matched_gics
2021-11-30,AEP,American Electric Power,Utilities,Utilities,Electric Utilities,Electric Utilities,1057954438,2021-11-30T16:42:06Z,https://en.wikipedia.org/w/index.php?oldid=1057954438,matched_gics
2021-11-30,AMT,American Tower,Real Estate,Real Estate,Equity Real Estate Investment Trusts (REITs),Specialized REITs,1057954438,2021-11-30T16:42:06Z,https://en.wikipedia.org/w/index.php?oldid=1057954438,matched_gics
2021-11-30,AMZN,Amazon,Consumer Discretionary,Retailing,Internet & Direct Marketing Retail,Internet & Direct Marketing Retail,1057954438,2021-11-30T16:42:06Z,https://en.wikipedia.org/w/index.php?oldid=1057954438,matched_gics
2021-11-30,APD,Air Products & Chemicals,Materials,Materials,Chemicals,Industrial Gases,1057954438,2021-11-30T16:42:06Z,https://en.wikipedia.org/w/index.php?oldid=1057954438,matched_gics
2021-11-30,ASML,ASML Holding N.V.,,,,,,,,missing_gics
2021-11-30,AVGO,Broadcom,Information Technology,Semiconductors & Semiconductor Equipment,Semiconductors & Semiconductor Equipment,Semiconductors,1057954438,2021-11-30T16:42:06Z,https://en.wikipedia.org/w/index.php?oldid=1057954438,matched_gics
2021-11-30,AWK,American Water Works,Utilities,Utilities,Water Utilities,Water Utilities,1057954438,2021-11-30T16:42:06Z,https://en.wikipedia.org/w/index.php?oldid=1057954438,matched_gics
2021-11-30,BA,Boeing,Industrials,Capital Goods,Aerospace & Defense,Aerospace & Defense,1057954438,2021-11-30T16:42:06Z,https://en.wikipedia.org/w/index.php?oldid=1057954438,matched_gics
2021-11-30,BABA,Alibaba Group Holding Limited,,,,,,,,missing_gics
2021-11-30,BAC,Bank of America,Financials,Banks,Banks,Diversified Banks,1057954438,2021-11-30T16:42:06Z,https://en.wikipedia.org/w/index.php?oldid=1057954438,matched_gics
2021-11-30,BBL,BHP Group,,,,,,,,missing_gics
2021-11-30,BHP,BHP Group,,,,,,,,missing_gics
2021-11-30,BP,BP p.l.c.,,,,,,,,missing_gics
2021-11-30,BRK-A,Berkshire Hathaway Inc.,,,,,,,,missing_gics
2021-11-30,C-PJ,Citigroup Inc.,,,,,,,,missing_gics
2021-11-30,CAT,Caterpillar,Industrials,Capital Goods,Machinery,Construction Machinery & Heavy Trucks,1057954438,2021-11-30T16:42:06Z,https://en.wikipedia.org/w/index.php?oldid=1057954438,matched_gics
2021-11-30,CCI,Crown Castle,Real Estate,Real Estate,Equity Real Estate Investment Trusts (REITs),Specialized REITs,1057954438,2021-11-30T16:42:06Z,https://en.wikipedia.org/w/index.php?oldid=1057954438,matched_gics
2021-11-30,CHTR,Charter Communications,Communication Services,Media,Media,Cable & Satellite,1057954438,2021-11-30T16:42:06Z,https://en.wikipedia.org/w/index.php?oldid=1057954438,matched_gics
2021-11-30,CMCSA,Comcast,Communication Services,Media,Media,Cable & Satellite,1057954438,2021-11-30T16:42:06Z,https://en.wikipedia.org/w/index.php?oldid=1057954438,matched_gics
2021-11-30,COP,ConocoPhillips,Energy,Energy,"Oil, Gas & Consumable Fuels",Oil & Gas Exploration & Production,1057954438,2021-11-30T16:42:06Z,https://en.wikipedia.org/w/index.php?oldid=1057954438,matched_gics
2021-11-30,COST,Costco,Consumer Staples,Food & Staples Retailing,Food & Staples Retailing,Hypermarkets & Super Centers,1057954438,2021-11-30T16:42:06Z,https://en.wikipedia.org/w/index.php?oldid=1057954438,matched_gics
2021-11-30,CSCO,Cisco Systems,Information Technology,Technology Hardware & Equipment,Communications Equipment,Communications Equipment,1057954438,2021-11-30T16:42:06Z,https://en.wikipedia.org/w/index.php?oldid=1057954438,matched_gics
2021-11-30,CTA-PB,E. I. du Pont de Nemours and Company,,,,,,,,missing_gics
2021-11-30,CVX,Chevron,Energy,Energy,"Oil, Gas & Consumable Fuels",Integrated Oil & Gas,1057954438,2021-11-30T16:42:06Z,https://en.wikipedia.org/w/index.php?oldid=1057954438,matched_gics
2021-11-30,D,Dominion Energy,Utilities,Utilities,Electric Utilities,Electric Utilities,1057954438,2021-11-30T16:42:06Z,https://en.wikipedia.org/w/index.php?oldid=1057954438,matched_gics
2021-11-30,DE,Deere & Co.,Industrials,Capital Goods,Machinery,Agricultural & Farm Machinery,1057954438,2021-11-30T16:42:06Z,https://en.wikipedia.org/w/index.php?oldid=1057954438,matched_gics
2021-11-30,DEO,Diageo plc,,,,,,,,missing_gics
2021-11-30,DHR,Danaher,Health Care,Health Care Equipment & Services,Health Care Equipment & Supplies,Health Care Equipment,1057954438,2021-11-30T16:42:06Z,https://en.wikipedia.org/w/index.php?oldid=1057954438,matched_gics
2021-11-30,DIS,The Walt Disney Company,Communication Services,Media & Entertainment,Entertainment,Movies & Entertainment,1057954438,2021-11-30T16:42:06Z,https://en.wikipedia.org/w/index.php?oldid=1057954438,matched_gics
2021-11-30,DLR,Digital Realty Trust,Real Estate,Real Estate,Equity Real Estate Investment Trusts (REITs),Specialized REITs,1057954438,2021-11-30T16:42:06Z,https://en.wikipedia.org/w/index.php?oldid=1057954438,matched_gics
2021-11-30,DUK,Duke Energy,Utilities,Utilities,Electric Utilities,Electric Utilities,1057954438,2021-11-30T16:42:06Z,https://en.wikipedia.org/w/index.php?oldid=1057954438,matched_gics
2021-11-30,ECL,Ecolab,Materials,Materials,Chemicals,Specialty Chemicals,1057954438,2021-11-30T16:42:06Z,https://en.wikipedia.org/w/index.php?oldid=1057954438,matched_gics
2021-11-30,EL,Estée Lauder Companies,Consumer Staples,Household & Personal Products,Personal Products,Personal Products,1057954438,2021-11-30T16:42:06Z,https://en.wikipedia.org/w/index.php?oldid=1057954438,matched_gics
2021-11-30,ENB,Enbridge Inc.,,,,,,,,missing_gics
2021-11-30,EQIX,Equinix,Real Estate,Real Estate,Equity Real Estate Investment Trusts (REITs),Specialized REITs,1057954438,2021-11-30T16:42:06Z,https://en.wikipedia.org/w/index.php?oldid=1057954438,matched_gics
2021-11-30,EQNR,Equinor ASA,,,,,,,,missing_gics
2021-11-30,EXC,Exelon,Utilities,Utilities,Multi-Utilities,Multi-Utilities,1057954438,2021-11-30T16:42:06Z,https://en.wikipedia.org/w/index.php?oldid=1057954438,matched_gics
2021-11-30,FB,Meta Platforms,Communication Services,Media & Entertainment,Interactive Media & Services,Interactive Media & Services,1057954438,2021-11-30T16:42:06Z,https://en.wikipedia.org/w/index.php?oldid=1057954438,matched_gics
2021-11-30,FCX,Freeport-McMoRan,Materials,Materials,Metals & Mining,Copper,1057954438,2021-11-30T16:42:06Z,https://en.wikipedia.org/w/index.php?oldid=1057954438,matched_gics
2021-11-30,GE,General Electric,Industrials,Capital Goods,Industrial Conglomerates,Industrial Conglomerates,1057954438,2021-11-30T16:42:06Z,https://en.wikipedia.org/w/index.php?oldid=1057954438,matched_gics
2021-11-30,GOOG,Alphabet (Class C),Communication Services,Media & Entertainment,Interactive Media & Services,Interactive Media & Services,1057954438,2021-11-30T16:42:06Z,https://en.wikipedia.org/w/index.php?oldid=1057954438,matched_gics
2021-11-30,HD,Home Depot,Consumer Discretionary,Retailing,Specialty Retail,Home Improvement Retail,1057954438,2021-11-30T16:42:06Z,https://en.wikipedia.org/w/index.php?oldid=1057954438,matched_gics
2021-11-30,HON,Honeywell,Industrials,Capital Goods,Industrial Conglomerates,Industrial Conglomerates,1057954438,2021-11-30T16:42:06Z,https://en.wikipedia.org/w/index.php?oldid=1057954438,matched_gics
2021-11-30,JD,"JD.com, Inc.",,,,,,,,missing_gics
2021-11-30,JNJ,Johnson & Johnson,Health Care,"Pharmaceuticals, Biotechnology & Life Sciences",Pharmaceuticals,Pharmaceuticals,1057954438,2021-11-30T16:42:06Z,https://en.wikipedia.org/w/index.php?oldid=1057954438,matched_gics
2021-11-30,JPM,JPMorgan Chase,Financials,Banks,Banks,Diversified Banks,1057954438,2021-11-30T16:42:06Z,https://en.wikipedia.org/w/index.php?oldid=1057954438,matched_gics
2021-11-30,KO,Coca-Cola,Consumer Staples,"Food, Beverage & Tobacco",Beverages,Soft Drinks,1057954438,2021-11-30T16:42:06Z,https://en.wikipedia.org/w/index.php?oldid=1057954438,matched_gics
2021-11-30,LLY,Eli Lilly,Health Care,"Pharmaceuticals, Biotechnology & Life Sciences",Pharmaceuticals,Pharmaceuticals,1057954438,2021-11-30T16:42:06Z,https://en.wikipedia.org/w/index.php?oldid=1057954438,matched_gics
2021-11-30,LOW,Lowe's,Consumer Discretionary,Retailing,Specialty Retail,Home Improvement Retail,1057954438,2021-11-30T16:42:06Z,https://en.wikipedia.org/w/index.php?oldid=1057954438,matched_gics
2021-11-30,MA,Mastercard,Information Technology,Software & Services,IT Services,Data Processing & Outsourced Services,1057954438,2021-11-30T16:42:06Z,https://en.wikipedia.org/w/index.php?oldid=1057954438,matched_gics
2021-11-30,MCD,McDonald's,Consumer Discretionary,Consumer Services,"Hotels, Restaurants & Leisure",Restaurants,1057954438,2021-11-30T16:42:06Z,https://en.wikipedia.org/w/index.php?oldid=1057954438,matched_gics
2021-11-30,MMM,3M,Industrials,Capital Goods,Industrial Conglomerates,Industrial Conglomerates,1057954438,2021-11-30T16:42:06Z,https://en.wikipedia.org/w/index.php?oldid=1057954438,matched_gics
2021-11-30,MS,Morgan Stanley,Financials,Diversified Financials,Capital Markets,Investment Banking & Brokerage,1057954438,2021-11-30T16:42:06Z,https://en.wikipedia.org/w/index.php?oldid=1057954438,matched_gics
2021-11-30,MSFT,Microsoft,Information Technology,Software & Services,Software,Systems Software,1057954438,2021-11-30T16:42:06Z,https://en.wikipedia.org/w/index.php?oldid=1057954438,matched_gics
2021-11-30,NEE,NextEra Energy,Utilities,Utilities,Multi-Utilities,Multi-Utilities,1057954438,2021-11-30T16:42:06Z,https://en.wikipedia.org/w/index.php?oldid=1057954438,matched_gics
2021-11-30,NEM,Newmont,Materials,Materials,Metals & Mining,Gold,1057954438,2021-11-30T16:42:06Z,https://en.wikipedia.org/w/index.php?oldid=1057954438,matched_gics
2021-11-30,NFLX,Netflix,Communication Services,Media & Entertainment,Entertainment,Movies & Entertainment,1057954438,2021-11-30T16:42:06Z,https://en.wikipedia.org/w/index.php?oldid=1057954438,matched_gics
2021-11-30,NGG,National Grid plc,,,,,,,,missing_gics
2021-11-30,NKE,Nike,Consumer Discretionary,Consumer Durables & Apparel,"Textiles, Apparel & Luxury Goods","Apparel, Accessories & Luxury Goods",1057954438,2021-11-30T16:42:06Z,https://en.wikipedia.org/w/index.php?oldid=1057954438,matched_gics
2021-11-30,NVDA,Nvidia,Information Technology,Semiconductors & Semiconductor Equipment,Semiconductors & Semiconductor Equipment,Semiconductors,1057954438,2021-11-30T16:42:06Z,https://en.wikipedia.org/w/index.php?oldid=1057954438,matched_gics
2021-11-30,NVO,Novo Nordisk A/S,,,,,,,,missing_gics
2021-11-30,NVS,Novartis AG,,,,,,,,missing_gics
2021-11-30,O,Realty Income Corporation,Real Estate,Real Estate,Equity Real Estate Investment Trusts (REITs),Retail REITs,1057954438,2021-11-30T16:42:06Z,https://en.wikipedia.org/w/index.php?oldid=1057954438,matched_gics
2021-11-30,ORCL,Oracle,Information Technology,Software & Services,Software,Application Software,1057954438,2021-11-30T16:42:06Z,https://en.wikipedia.org/w/index.php?oldid=1057954438,matched_gics
2021-11-30,PEP,PepsiCo,Consumer Staples,"Food, Beverage & Tobacco",Beverages,Soft Drinks,1057954438,2021-11-30T16:42:06Z,https://en.wikipedia.org/w/index.php?oldid=1057954438,matched_gics
2021-11-30,PFE,Pfizer,Health Care,"Pharmaceuticals, Biotechnology & Life Sciences",Pharmaceuticals,Pharmaceuticals,1057954438,2021-11-30T16:42:06Z,https://en.wikipedia.org/w/index.php?oldid=1057954438,matched_gics
2021-11-30,PG,Procter & Gamble,Consumer Staples,Household & Personal Products,Personal Products,Personal Products,1057954438,2021-11-30T16:42:06Z,https://en.wikipedia.org/w/index.php?oldid=1057954438,matched_gics
2021-11-30,PLD,Prologis,Real Estate,Real Estate,Equity Real Estate Investment Trusts (REITs),Industrial REITs,1057954438,2021-11-30T16:42:06Z,https://en.wikipedia.org/w/index.php?oldid=1057954438,matched_gics
2021-11-30,PM,Philip Morris International,Consumer Staples,"Food, Beverage & Tobacco",Tobacco,Tobacco,1057954438,2021-11-30T16:42:06Z,https://en.wikipedia.org/w/index.php?oldid=1057954438,matched_gics
2021-11-30,PSA,Public Storage,Real Estate,Real Estate,Equity Real Estate Investment Trusts (REITs),Specialized REITs,1057954438,2021-11-30T16:42:06Z,https://en.wikipedia.org/w/index.php?oldid=1057954438,matched_gics
2021-11-30,PTR,PetroChina Company Limited,,,,,,,,missing_gics
2021-11-30,PYPL,PayPal,Information Technology,Software & Services,IT Services,Data Processing & Outsourced Services,1057954438,2021-11-30T16:42:06Z,https://en.wikipedia.org/w/index.php?oldid=1057954438,matched_gics
2021-11-30,RDS-B,Royal Dutch Shell plc,,,,,,,,missing_gics
2021-11-30,RIO,Rio Tinto Group,,,,,,,,missing_gics
2021-11-30,RTX,Raytheon Technologies,Industrials,Capital Goods,Aerospace & Defense,Aerospace & Defense,1057954438,2021-11-30T16:42:06Z,https://en.wikipedia.org/w/index.php?oldid=1057954438,matched_gics
2021-11-30,SBAC,SBA Communications,Real Estate,Real Estate,Equity Real Estate Investment Trusts (REITs),Specialized REITs,1057954438,2021-11-30T16:42:06Z,https://en.wikipedia.org/w/index.php?oldid=1057954438,matched_gics
2021-11-30,SBUX,Starbucks,Consumer Discretionary,Consumer Services,"Hotels, Restaurants & Leisure",Restaurants,1057954438,2021-11-30T16:42:06Z,https://en.wikipedia.org/w/index.php?oldid=1057954438,matched_gics
2021-11-30,SCHW,Charles Schwab,Financials,Diversified Financials,Capital Markets,Investment Banking & Brokerage,1057954438,2021-11-30T16:42:06Z,https://en.wikipedia.org/w/index.php?oldid=1057954438,matched_gics
2021-11-30,SHW,Sherwin-Williams,Materials,Materials,Chemicals,Specialty Chemicals,1057954438,2021-11-30T16:42:06Z,https://en.wikipedia.org/w/index.php?oldid=1057954438,matched_gics
2021-11-30,SNAP,Snap Inc.,,,,,,,,missing_gics
2021-11-30,SNP,China Petroleum & Chemical Corporation,,,,,,,,missing_gics
2021-11-30,SO,Southern Company,Utilities,Utilities,Electric Utilities,Electric Utilities,1057954438,2021-11-30T16:42:06Z,https://en.wikipedia.org/w/index.php?oldid=1057954438,matched_gics
2021-11-30,SPG-PJ,"Simon Property Group, Inc.",,,,,,,,missing_gics
2021-11-30,SRE,Sempra Energy,Utilities,Utilities,Multi-Utilities,Multi-Utilities,1057954438,2021-11-30T16:42:06Z,https://en.wikipedia.org/w/index.php?oldid=1057954438,matched_gics
2021-11-30,T,AT&T,Communication Services,Telecommunication Services,Diversified Telecommunication Services,Integrated Telecommunication Services,1057954438,2021-11-30T16:42:06Z,https://en.wikipedia.org/w/index.php?oldid=1057954438,matched_gics
2021-11-30,TGT,Target,Consumer Discretionary,Retailing,Multiline Retail,General Merchandise Stores,1057954438,2021-11-30T16:42:06Z,https://en.wikipedia.org/w/index.php?oldid=1057954438,matched_gics
2021-11-30,TM,Toyota Motor Corporation,,,,,,,,missing_gics
2021-11-30,TMO,Thermo Fisher Scientific,Health Care,"Pharmaceuticals, Biotechnology & Life Sciences",Life Sciences Tools & Services,Life Sciences Tools & Services,1057954438,2021-11-30T16:42:06Z,https://en.wikipedia.org/w/index.php?oldid=1057954438,matched_gics
2021-11-30,TMUS,T-Mobile US,Communication Services,Telecommunication Services,Wireless Telecommunication Services,Wireless Telecommunication Services,1057954438,2021-11-30T16:42:06Z,https://en.wikipedia.org/w/index.php?oldid=1057954438,matched_gics
2021-11-30,TSLA,Tesla,Consumer Discretionary,Automobiles & Components,Automobiles,Automobile Manufacturers,1057954438,2021-11-30T16:42:06Z,https://en.wikipedia.org/w/index.php?oldid=1057954438,matched_gics
2021-11-30,TSM,Taiwan Semiconductor Manufacturing Company Limited,,,,,,,,missing_gics
2021-11-30,TTE,TotalEnergies SE,,,,,,,,missing_gics
2021-11-30,UL,Unilever PLC,,,,,,,,missing_gics
2021-11-30,UNH,UnitedHealth Group,Health Care,Health Care Equipment & Services,Health Care Providers & Services,Managed Health Care,1057954438,2021-11-30T16:42:06Z,https://en.wikipedia.org/w/index.php?oldid=1057954438,matched_gics
2021-11-30,UNP,Union Pacific,Industrials,Transportation,Road & Rail,Railroads,1057954438,2021-11-30T16:42:06Z,https://en.wikipedia.org/w/index.php?oldid=1057954438,matched_gics
2021-11-30,UPS,United Parcel Service,Industrials,Transportation,Air Freight & Logistics,Air Freight & Logistics,1057954438,2021-11-30T16:42:06Z,https://en.wikipedia.org/w/index.php?oldid=1057954438,matched_gics
2021-11-30,V,Visa,Information Technology,Software & Services,IT Services,Data Processing & Outsourced Services,1057954438,2021-11-30T16:42:06Z,https://en.wikipedia.org/w/index.php?oldid=1057954438,matched_gics
2021-11-30,VALE,Vale S.A.,,,,,,,,missing_gics
2021-11-30,VZ,Verizon Communications,Communication Services,Telecommunication Services,Diversified Telecommunication Services,Integrated Telecommunication Services,1057954438,2021-11-30T16:42:06Z,https://en.wikipedia.org/w/index.php?oldid=1057954438,matched_gics
2021-11-30,WELL,Welltower,Real Estate,Real Estate,Equity Real Estate Investment Trusts (REITs),Health Care REITs,1057954438,2021-11-30T16:42:06Z,https://en.wikipedia.org/w/index.php?oldid=1057954438,matched_gics
2021-11-30,WFC-PL,Wells Fargo & Company,,,,,,,,missing_gics
2021-11-30,WMT,Walmart,Consumer Staples,Food & Staples Retailing,Food & Staples Retailing,Hypermarkets & Super Centers,1057954438,2021-11-30T16:42:06Z,https://en.wikipedia.org/w/index.php?oldid=1057954438,matched_gics
2021-11-30,XEL,Xcel Energy,Utilities,Utilities,Multi-Utilities,Multi-Utilities,1057954438,2021-11-30T16:42:06Z,https://en.wikipedia.org/w/index.php?oldid=1057954438,matched_gics
2021-11-30,XOM,ExxonMobil,Energy,Energy,"Oil, Gas & Consumable Fuels",Integrated Oil & Gas,1057954438,2021-11-30T16:42:06Z,https://en.wikipedia.org/w/index.php?oldid=1057954438,matched_gics
2021-12-31,AAPL,Apple,Information Technology,Technology Hardware & Equipment,"Technology Hardware, Storage & Peripherals","Technology Hardware, Storage & Peripherals",1062834329,2021-12-30T20:37:08Z,https://en.wikipedia.org/w/index.php?oldid=1062834329,matched_gics
2021-12-31,ABBV,AbbVie,Health Care,"Pharmaceuticals, Biotechnology & Life Sciences",Pharmaceuticals,Pharmaceuticals,1062834329,2021-12-30T20:37:08Z,https://en.wikipedia.org/w/index.php?oldid=1062834329,matched_gics
2021-12-31,ABT,Abbott Laboratories,Health Care,Health Care Equipment & Services,Health Care Equipment & Supplies,Health Care Equipment,1062834329,2021-12-30T20:37:08Z,https://en.wikipedia.org/w/index.php?oldid=1062834329,matched_gics
2021-12-31,ACN,Accenture,Information Technology,Software & Services,IT Services,IT Consulting & Other Services,1062834329,2021-12-30T20:37:08Z,https://en.wikipedia.org/w/index.php?oldid=1062834329,matched_gics
2021-12-31,ADBE,Adobe,Information Technology,Software & Services,Software,Application Software,1062834329,2021-12-30T20:37:08Z,https://en.wikipedia.org/w/index.php?oldid=1062834329,matched_gics
2021-12-31,ADP,Automatic Data Processing,Information Technology,Software & Services,IT Services,Data Processing & Outsourced Services,1062834329,2021-12-30T20:37:08Z,https://en.wikipedia.org/w/index.php?oldid=1062834329,matched_gics
2021-12-31,AEP,American Electric Power,Utilities,Utilities,Electric Utilities,Electric Utilities,1062834329,2021-12-30T20:37:08Z,https://en.wikipedia.org/w/index.php?oldid=1062834329,matched_gics
2021-12-31,AMT,American Tower,Real Estate,Real Estate,Equity Real Estate Investment Trusts (REITs),Specialized REITs,1062834329,2021-12-30T20:37:08Z,https://en.wikipedia.org/w/index.php?oldid=1062834329,matched_gics
2021-12-31,AMZN,Amazon,Consumer Discretionary,Retailing,Internet & Direct Marketing Retail,Internet & Direct Marketing Retail,1062834329,2021-12-30T20:37:08Z,https://en.wikipedia.org/w/index.php?oldid=1062834329,matched_gics
2021-12-31,APD,Air Products & Chemicals,Materials,Materials,Chemicals,Industrial Gases,1062834329,2021-12-30T20:37:08Z,https://en.wikipedia.org/w/index.php?oldid=1062834329,matched_gics
2021-12-31,ASML,ASML Holding N.V.,,,,,,,,missing_gics
2021-12-31,AVGO,Broadcom,Information Technology,Semiconductors & Semiconductor Equipment,Semiconductors & Semiconductor Equipment,Semiconductors,1062834329,2021-12-30T20:37:08Z,https://en.wikipedia.org/w/index.php?oldid=1062834329,matched_gics
2021-12-31,AWK,American Water Works,Utilities,Utilities,Water Utilities,Water Utilities,1062834329,2021-12-30T20:37:08Z,https://en.wikipedia.org/w/index.php?oldid=1062834329,matched_gics
2021-12-31,BA,Boeing,Industrials,Capital Goods,Aerospace & Defense,Aerospace & Defense,1062834329,2021-12-30T20:37:08Z,https://en.wikipedia.org/w/index.php?oldid=1062834329,matched_gics
2021-12-31,BABA,Alibaba Group Holding Limited,,,,,,,,missing_gics
2021-12-31,BAC,Bank of America,Financials,Banks,Banks,Diversified Banks,1062834329,2021-12-30T20:37:08Z,https://en.wikipedia.org/w/index.php?oldid=1062834329,matched_gics
2021-12-31,BBL,BHP Group,,,,,,,,missing_gics
2021-12-31,BHP,BHP Group,,,,,,,,missing_gics
2021-12-31,BP,BP p.l.c.,,,,,,,,missing_gics
2021-12-31,BRK-A,Berkshire Hathaway Inc.,,,,,,,,missing_gics
2021-12-31,C-PJ,Citigroup Inc.,,,,,,,,missing_gics
2021-12-31,CAT,Caterpillar,Industrials,Capital Goods,Machinery,Construction Machinery & Heavy Trucks,1062834329,2021-12-30T20:37:08Z,https://en.wikipedia.org/w/index.php?oldid=1062834329,matched_gics
2021-12-31,CCI,Crown Castle,Real Estate,Real Estate,Equity Real Estate Investment Trusts (REITs),Specialized REITs,1062834329,2021-12-30T20:37:08Z,https://en.wikipedia.org/w/index.php?oldid=1062834329,matched_gics
2021-12-31,CHTR,Charter Communications,Communication Services,Media,Media,Cable & Satellite,1062834329,2021-12-30T20:37:08Z,https://en.wikipedia.org/w/index.php?oldid=1062834329,matched_gics
2021-12-31,CMCSA,Comcast,Communication Services,Media,Media,Cable & Satellite,1062834329,2021-12-30T20:37:08Z,https://en.wikipedia.org/w/index.php?oldid=1062834329,matched_gics
2021-12-31,COP,ConocoPhillips,Energy,Energy,"Oil, Gas & Consumable Fuels",Oil & Gas Exploration & Production,1062834329,2021-12-30T20:37:08Z,https://en.wikipedia.org/w/index.php?oldid=1062834329,matched_gics
2021-12-31,COST,Costco,Consumer Staples,Food & Staples Retailing,Food & Staples Retailing,Hypermarkets & Super Centers,1062834329,2021-12-30T20:37:08Z,https://en.wikipedia.org/w/index.php?oldid=1062834329,matched_gics
2021-12-31,CSCO,Cisco Systems,Information Technology,Technology Hardware & Equipment,Communications Equipment,Communications Equipment,1062834329,2021-12-30T20:37:08Z,https://en.wikipedia.org/w/index.php?oldid=1062834329,matched_gics
2021-12-31,CTA-PB,E. I. du Pont de Nemours and Company,,,,,,,,missing_gics
2021-12-31,CVX,Chevron,Energy,Energy,"Oil, Gas & Consumable Fuels",Integrated Oil & Gas,1062834329,2021-12-30T20:37:08Z,https://en.wikipedia.org/w/index.php?oldid=1062834329,matched_gics
2021-12-31,D,Dominion Energy,Utilities,Utilities,Electric Utilities,Electric Utilities,1062834329,2021-12-30T20:37:08Z,https://en.wikipedia.org/w/index.php?oldid=1062834329,matched_gics
2021-12-31,DE,Deere & Co.,Industrials,Capital Goods,Machinery,Agricultural & Farm Machinery,1062834329,2021-12-30T20:37:08Z,https://en.wikipedia.org/w/index.php?oldid=1062834329,matched_gics
2021-12-31,DEO,Diageo plc,,,,,,,,missing_gics
2021-12-31,DHR,Danaher,Health Care,Health Care Equipment & Services,Health Care Equipment & Supplies,Health Care Equipment,1062834329,2021-12-30T20:37:08Z,https://en.wikipedia.org/w/index.php?oldid=1062834329,matched_gics
2021-12-31,DIS,The Walt Disney Company,Communication Services,Media & Entertainment,Entertainment,Movies & Entertainment,1062834329,2021-12-30T20:37:08Z,https://en.wikipedia.org/w/index.php?oldid=1062834329,matched_gics
2021-12-31,DLR,Digital Realty Trust,Real Estate,Real Estate,Equity Real Estate Investment Trusts (REITs),Specialized REITs,1062834329,2021-12-30T20:37:08Z,https://en.wikipedia.org/w/index.php?oldid=1062834329,matched_gics
2021-12-31,DUK,Duke Energy,Utilities,Utilities,Electric Utilities,Electric Utilities,1062834329,2021-12-30T20:37:08Z,https://en.wikipedia.org/w/index.php?oldid=1062834329,matched_gics
2021-12-31,ECL,Ecolab,Materials,Materials,Chemicals,Specialty Chemicals,1062834329,2021-12-30T20:37:08Z,https://en.wikipedia.org/w/index.php?oldid=1062834329,matched_gics
2021-12-31,EL,Estée Lauder Companies,Consumer Staples,Household & Personal Products,Personal Products,Personal Products,1062834329,2021-12-30T20:37:08Z,https://en.wikipedia.org/w/index.php?oldid=1062834329,matched_gics
2021-12-31,ENB,Enbridge Inc.,,,,,,,,missing_gics
2021-12-31,EQIX,Equinix,Real Estate,Real Estate,Equity Real Estate Investment Trusts (REITs),Specialized REITs,1062834329,2021-12-30T20:37:08Z,https://en.wikipedia.org/w/index.php?oldid=1062834329,matched_gics
2021-12-31,EQNR,Equinor ASA,,,,,,,,missing_gics
2021-12-31,EXC,Exelon,Utilities,Utilities,Multi-Utilities,Multi-Utilities,1062834329,2021-12-30T20:37:08Z,https://en.wikipedia.org/w/index.php?oldid=1062834329,matched_gics
2021-12-31,FB,Meta Platforms,Communication Services,Media & Entertainment,Interactive Media & Services,Interactive Media & Services,1062834329,2021-12-30T20:37:08Z,https://en.wikipedia.org/w/index.php?oldid=1062834329,matched_gics
2021-12-31,FCX,Freeport-McMoRan,Materials,Materials,Metals & Mining,Copper,1062834329,2021-12-30T20:37:08Z,https://en.wikipedia.org/w/index.php?oldid=1062834329,matched_gics
2021-12-31,GE,General Electric,Industrials,Capital Goods,Industrial Conglomerates,Industrial Conglomerates,1062834329,2021-12-30T20:37:08Z,https://en.wikipedia.org/w/index.php?oldid=1062834329,matched_gics
2021-12-31,GOOG,Alphabet (Class C),Communication Services,Media & Entertainment,Interactive Media & Services,Interactive Media & Services,1062834329,2021-12-30T20:37:08Z,https://en.wikipedia.org/w/index.php?oldid=1062834329,matched_gics
2021-12-31,HD,Home Depot,Consumer Discretionary,Retailing,Specialty Retail,Home Improvement Retail,1062834329,2021-12-30T20:37:08Z,https://en.wikipedia.org/w/index.php?oldid=1062834329,matched_gics
2021-12-31,HON,Honeywell,Industrials,Capital Goods,Industrial Conglomerates,Industrial Conglomerates,1062834329,2021-12-30T20:37:08Z,https://en.wikipedia.org/w/index.php?oldid=1062834329,matched_gics
2021-12-31,JD,"JD.com, Inc.",,,,,,,,missing_gics
2021-12-31,JNJ,Johnson & Johnson,Health Care,"Pharmaceuticals, Biotechnology & Life Sciences",Pharmaceuticals,Pharmaceuticals,1062834329,2021-12-30T20:37:08Z,https://en.wikipedia.org/w/index.php?oldid=1062834329,matched_gics
2021-12-31,JPM,JPMorgan Chase,Financials,Banks,Banks,Diversified Banks,1062834329,2021-12-30T20:37:08Z,https://en.wikipedia.org/w/index.php?oldid=1062834329,matched_gics
2021-12-31,KO,Coca-Cola,Consumer Staples,"Food, Beverage & Tobacco",Beverages,Soft Drinks,1062834329,2021-12-30T20:37:08Z,https://en.wikipedia.org/w/index.php?oldid=1062834329,matched_gics
2021-12-31,LLY,Eli Lilly,Health Care,"Pharmaceuticals, Biotechnology & Life Sciences",Pharmaceuticals,Pharmaceuticals,1062834329,2021-12-30T20:37:08Z,https://en.wikipedia.org/w/index.php?oldid=1062834329,matched_gics
2021-12-31,LOW,Lowe's,Consumer Discretionary,Retailing,Specialty Retail,Home Improvement Retail,1062834329,2021-12-30T20:37:08Z,https://en.wikipedia.org/w/index.php?oldid=1062834329,matched_gics
2021-12-31,MA,Mastercard,Information Technology,Software & Services,IT Services,Data Processing & Outsourced Services,1062834329,2021-12-30T20:37:08Z,https://en.wikipedia.org/w/index.php?oldid=1062834329,matched_gics
2021-12-31,MCD,McDonald's,Consumer Discretionary,Consumer Services,"Hotels, Restaurants & Leisure",Restaurants,1062834329,2021-12-30T20:37:08Z,https://en.wikipedia.org/w/index.php?oldid=1062834329,matched_gics
2021-12-31,MMM,3M,Industrials,Capital Goods,Industrial Conglomerates,Industrial Conglomerates,1062834329,2021-12-30T20:37:08Z,https://en.wikipedia.org/w/index.php?oldid=1062834329,matched_gics
2021-12-31,MS,Morgan Stanley,Financials,Diversified Financials,Capital Markets,Investment Banking & Brokerage,1062834329,2021-12-30T20:37:08Z,https://en.wikipedia.org/w/index.php?oldid=1062834329,matched_gics
2021-12-31,MSFT,Microsoft,Information Technology,Software & Services,Software,Systems Software,1062834329,2021-12-30T20:37:08Z,https://en.wikipedia.org/w/index.php?oldid=1062834329,matched_gics
2021-12-31,NEE,NextEra Energy,Utilities,Utilities,Multi-Utilities,Multi-Utilities,1062834329,2021-12-30T20:37:08Z,https://en.wikipedia.org/w/index.php?oldid=1062834329,matched_gics
2021-12-31,NEM,Newmont,Materials,Materials,Metals & Mining,Gold,1062834329,2021-12-30T20:37:08Z,https://en.wikipedia.org/w/index.php?oldid=1062834329,matched_gics
2021-12-31,NFLX,Netflix,Communication Services,Media & Entertainment,Entertainment,Movies & Entertainment,1062834329,2021-12-30T20:37:08Z,https://en.wikipedia.org/w/index.php?oldid=1062834329,matched_gics
2021-12-31,NGG,National Grid plc,,,,,,,,missing_gics
2021-12-31,NKE,Nike,Consumer Discretionary,Consumer Durables & Apparel,"Textiles, Apparel & Luxury Goods","Apparel, Accessories & Luxury Goods",1062834329,2021-12-30T20:37:08Z,https://en.wikipedia.org/w/index.php?oldid=1062834329,matched_gics
2021-12-31,NVDA,Nvidia,Information Technology,Semiconductors & Semiconductor Equipment,Semiconductors & Semiconductor Equipment,Semiconductors,1062834329,2021-12-30T20:37:08Z,https://en.wikipedia.org/w/index.php?oldid=1062834329,matched_gics
2021-12-31,NVO,Novo Nordisk A/S,,,,,,,,missing_gics
2021-12-31,NVS,Novartis AG,,,,,,,,missing_gics
2021-12-31,O,Realty Income Corporation,Real Estate,Real Estate,Equity Real Estate Investment Trusts (REITs),Retail REITs,1062834329,2021-12-30T20:37:08Z,https://en.wikipedia.org/w/index.php?oldid=1062834329,matched_gics
2021-12-31,ORCL,Oracle,Information Technology,Software & Services,Software,Application Software,1062834329,2021-12-30T20:37:08Z,https://en.wikipedia.org/w/index.php?oldid=1062834329,matched_gics
2021-12-31,PEP,PepsiCo,Consumer Staples,"Food, Beverage & Tobacco",Beverages,Soft Drinks,1062834329,2021-12-30T20:37:08Z,https://en.wikipedia.org/w/index.php?oldid=1062834329,matched_gics
2021-12-31,PFE,Pfizer,Health Care,"Pharmaceuticals, Biotechnology & Life Sciences",Pharmaceuticals,Pharmaceuticals,1062834329,2021-12-30T20:37:08Z,https://en.wikipedia.org/w/index.php?oldid=1062834329,matched_gics
2021-12-31,PG,Procter & Gamble,Consumer Staples,Household & Personal Products,Personal Products,Personal Products,1062834329,2021-12-30T20:37:08Z,https://en.wikipedia.org/w/index.php?oldid=1062834329,matched_gics
2021-12-31,PLD,Prologis,Real Estate,Real Estate,Equity Real Estate Investment Trusts (REITs),Industrial REITs,1062834329,2021-12-30T20:37:08Z,https://en.wikipedia.org/w/index.php?oldid=1062834329,matched_gics
2021-12-31,PM,Philip Morris International,Consumer Staples,"Food, Beverage & Tobacco",Tobacco,Tobacco,1062834329,2021-12-30T20:37:08Z,https://en.wikipedia.org/w/index.php?oldid=1062834329,matched_gics
2021-12-31,PSA,Public Storage,Real Estate,Real Estate,Equity Real Estate Investment Trusts (REITs),Specialized REITs,1062834329,2021-12-30T20:37:08Z,https://en.wikipedia.org/w/index.php?oldid=1062834329,matched_gics
2021-12-31,PTR,PetroChina Company Limited,,,,,,,,missing_gics
2021-12-31,PYPL,PayPal,Information Technology,Software & Services,IT Services,Data Processing & Outsourced Services,1062834329,2021-12-30T20:37:08Z,https://en.wikipedia.org/w/index.php?oldid=1062834329,matched_gics
2021-12-31,RDS-B,Royal Dutch Shell plc,,,,,,,,missing_gics
2021-12-31,RIO,Rio Tinto Group,,,,,,,,missing_gics
2021-12-31,RTX,Raytheon Technologies,Industrials,Capital Goods,Aerospace & Defense,Aerospace & Defense,1062834329,2021-12-30T20:37:08Z,https://en.wikipedia.org/w/index.php?oldid=1062834329,matched_gics
2021-12-31,SBAC,SBA Communications,Real Estate,Real Estate,Equity Real Estate Investment Trusts (REITs),Specialized REITs,1062834329,2021-12-30T20:37:08Z,https://en.wikipedia.org/w/index.php?oldid=1062834329,matched_gics
2021-12-31,SBUX,Starbucks,Consumer Discretionary,Consumer Services,"Hotels, Restaurants & Leisure",Restaurants,1062834329,2021-12-30T20:37:08Z,https://en.wikipedia.org/w/index.php?oldid=1062834329,matched_gics
2021-12-31,SCHW,Charles Schwab,Financials,Diversified Financials,Capital Markets,Investment Banking & Brokerage,1062834329,2021-12-30T20:37:08Z,https://en.wikipedia.org/w/index.php?oldid=1062834329,matched_gics
2021-12-31,SHW,Sherwin-Williams,Materials,Materials,Chemicals,Specialty Chemicals,1062834329,2021-12-30T20:37:08Z,https://en.wikipedia.org/w/index.php?oldid=1062834329,matched_gics
2021-12-31,SNAP,Snap Inc.,,,,,,,,missing_gics
2021-12-31,SNP,China Petroleum & Chemical Corporation,,,,,,,,missing_gics
2021-12-31,SO,Southern Company,Utilities,Utilities,Electric Utilities,Electric Utilities,1062834329,2021-12-30T20:37:08Z,https://en.wikipedia.org/w/index.php?oldid=1062834329,matched_gics
2021-12-31,SPG-PJ,"Simon Property Group, Inc.",,,,,,,,missing_gics
2021-12-31,SRE,Sempra Energy,Utilities,Utilities,Multi-Utilities,Multi-Utilities,1062834329,2021-12-30T20:37:08Z,https://en.wikipedia.org/w/index.php?oldid=1062834329,matched_gics
2021-12-31,T,AT&T,Communication Services,Telecommunication Services,Diversified Telecommunication Services,Integrated Telecommunication Services,1062834329,2021-12-30T20:37:08Z,https://en.wikipedia.org/w/index.php?oldid=1062834329,matched_gics
2021-12-31,TGT,Target,Consumer Discretionary,Retailing,Multiline Retail,General Merchandise Stores,1062834329,2021-12-30T20:37:08Z,https://en.wikipedia.org/w/index.php?oldid=1062834329,matched_gics
2021-12-31,TM,Toyota Motor Corporation,,,,,,,,missing_gics
2021-12-31,TMO,Thermo Fisher Scientific,Health Care,"Pharmaceuticals, Biotechnology & Life Sciences",Life Sciences Tools & Services,Life Sciences Tools & Services,1062834329,2021-12-30T20:37:08Z,https://en.wikipedia.org/w/index.php?oldid=1062834329,matched_gics
2021-12-31,TMUS,T-Mobile US,Communication Services,Telecommunication Services,Wireless Telecommunication Services,Wireless Telecommunication Services,1062834329,2021-12-30T20:37:08Z,https://en.wikipedia.org/w/index.php?oldid=1062834329,matched_gics
2021-12-31,TSLA,Tesla,Consumer Discretionary,Automobiles & Components,Automobiles,Automobile Manufacturers,1062834329,2021-12-30T20:37:08Z,https://en.wikipedia.org/w/index.php?oldid=1062834329,matched_gics
2021-12-31,TSM,Taiwan Semiconductor Manufacturing Company Limited,,,,,,,,missing_gics
2021-12-31,TTE,TotalEnergies SE,,,,,,,,missing_gics
2021-12-31,UL,Unilever PLC,,,,,,,,missing_gics
2021-12-31,UNH,UnitedHealth Group,Health Care,Health Care Equipment & Services,Health Care Providers & Services,Managed Health Care,1062834329,2021-12-30T20:37:08Z,https://en.wikipedia.org/w/index.php?oldid=1062834329,matched_gics
2021-12-31,UNP,Union Pacific,Industrials,Transportation,Road & Rail,Railroads,1062834329,2021-12-30T20:37:08Z,https://en.wikipedia.org/w/index.php?oldid=1062834329,matched_gics
2021-12-31,UPS,United Parcel Service,Industrials,Transportation,Air Freight & Logistics,Air Freight & Logistics,1062834329,2021-12-30T20:37:08Z,https://en.wikipedia.org/w/index.php?oldid=1062834329,matched_gics
2021-12-31,V,Visa,Information Technology,Software & Services,IT Services,Data Processing & Outsourced Services,1062834329,2021-12-30T20:37:08Z,https://en.wikipedia.org/w/index.php?oldid=1062834329,matched_gics
2021-12-31,VALE,Vale S.A.,,,,,,,,missing_gics
2021-12-31,VZ,Verizon Communications,Communication Services,Telecommunication Services,Diversified Telecommunication Services,Integrated Telecommunication Services,1062834329,2021-12-30T20:37:08Z,https://en.wikipedia.org/w/index.php?oldid=1062834329,matched_gics
2021-12-31,WELL,Welltower,Real Estate,Real Estate,Equity Real Estate Investment Trusts (REITs),Health Care REITs,1062834329,2021-12-30T20:37:08Z,https://en.wikipedia.org/w/index.php?oldid=1062834329,matched_gics
2021-12-31,WFC-PL,Wells Fargo & Company,,,,,,,,missing_gics
2021-12-31,WMT,Walmart,Consumer Staples,Food & Staples Retailing,Food & Staples Retailing,Hypermarkets & Super Centers,1062834329,2021-12-30T20:37:08Z,https://en.wikipedia.org/w/index.php?oldid=1062834329,matched_gics
2021-12-31,XEL,Xcel Energy,Utilities,Utilities,Multi-Utilities,Multi-Utilities,1062834329,2021-12-30T20:37:08Z,https://en.wikipedia.org/w/index.php?oldid=1062834329,matched_gics
2021-12-31,XOM,ExxonMobil,Energy,Energy,"Oil, Gas & Consumable Fuels",Integrated Oil & Gas,1062834329,2021-12-30T20:37:08Z,https://en.wikipedia.org/w/index.php?oldid=1062834329,matched_gics
