src_entity_id,src_entity_name,src_entity_type,dst_entity_id,dst_entity_name,dst_entity_type,src_ticker,dst_ticker,relation_type,counterparty_type,amount,ratio,report_period,report_type,announcement_date,valid_from,valid_to,source_file,page_number,evidence_text,source,record_status
CMIN-CN:000066.SZ,中国长城,stock,CMIN-CN:601398.SH,工商银行,stock,000066.SZ,601398.SH,supplies_to,customer,234593100.00,0.0234,2018,annual,2019-04-29,2019-04-29,2020-04-28,F:/Codex/GNN_data/data/tasks/csi300_cn_supply_chain_cninfo_2018_2021/data_raw/cn_supply_chain_cninfo/pdf/000066_2018_annual_2019-04-29.pdf,16,"前五名客户合计销售金额（元）1,536,201,349.93前五名客户合计销售金额占年度销售总额比例15.35%前五名客户销售额中关联方销售额占年度销售总额比例2.96%公司前5大客户资料序号客户名称销售额（元）占年度销售总额比例1PHILIPSELECTRONICSSINGAPOREPTELTD.466,059,783.214.66%2桂林长海科技有限责任公司295,804,183.722.96%3客户A290,305,400.002.90%4Procter&GambleInternationalOperationsSA249,438,883.002.49%5中国工商银行股份有限公司234,593,100.002.34%合计--1,536,201,349.9315.35%主要客户其他情况说明√适用□不适用前五名客户中桂林长海科技有限责任公司为本公司持股41.525%的参股企业，同时也为本公司实际控制人的控股公司；除此外，本公司与其他四名客户不存在关联关系；本公司董事、监事、高级管理人员等在主要客户中未直接或者间接拥有权益。公司",CNInfo annual report downloaded locally,constructed_entity_edge_from_downloaded_cninfo_report
CMIN-CN:000301.SZ,东方盛虹,stock,ENTITY:071152925a88a798d598,3青岛嘉德瑞工贸有限公司,company_entity,000301.SZ,,supplies_to,customer,366211414.62,0.0147,2019,annual,2020-04-08,2020-04-08,2021-04-13,F:/Codex/GNN_data/data/tasks/csi300_cn_supply_chain_cninfo_2018_2021/data_raw/cn_supply_chain_cninfo/pdf/000301_2019_annual_2020-04-08.pdf,22,"前五名客户合计销售金额（元）2,323,458,666.79前五名客户合计销售金额占年度销售总额比例9.33%前五名客户销售额中关联方销售额占年度销售总额比例0.00%公司前5大客户资料序号客户名称销售额（元）占年度销售总额比例1河南能源化工集团采购有限公司874,755,934.653.51%2ASIFTEXTILES369,804,978.861.49%3青岛嘉德瑞工贸有限公司、太仓中瑞贸易有限公司366,211,414.621.47%4江苏德赛化纤有限公司361,103,920.971.45%5山东朗晖石油化学股份有限公司351,582,417.691.41%合计--2,323,458,666.799.33%主要客户其他情况说明√适用□不适用青岛嘉德瑞工贸有限公司、太仓中瑞贸易有限公司为同一控制下企业。公司",CNInfo annual report downloaded locally,constructed_entity_edge_from_downloaded_cninfo_report
CMIN-CN:000651.SZ,格力电器,stock,ENTITY:0bc1c034edcdfbcd9308,河南盛世欣兴格力贸易有限公司,company_entity,000651.SZ,,supplies_to,customer,,,2019,annual,2020-04-29,2020-04-29,2021-04-27,F:/Codex/GNN_data/data/tasks/csi300_cn_supply_chain_cninfo_2018_2021/data_raw/cn_supply_chain_cninfo/pdf/000651_2019_annual_2020-04-29.pdf,25,主要客户其他情况说明√适用□不适用前五名客户中，河南盛世欣兴格力贸易有限公司，为公司的关联方，除此之外，其他客户与公司不存在关联关系，公司董事、监事、高级管理人员、核心技术人员、持股5%以上股东、实际控制人和其他关联方未在其他客户中直接或者间接拥有权益。公司,CNInfo annual report downloaded locally,constructed_entity_edge_from_downloaded_cninfo_report
CMIN-CN:300999.SZ,金龙鱼,stock,CMIN-CN:000876.SZ,新希望,stock,300999.SZ,000876.SZ,supplies_to,supplier,3494335859.68,0.0269,2021,annual,2022-04-27,2022-04-27,2022-04-27,F:/Codex/GNN_data/data/tasks/csi300_cn_supply_chain_cninfo_2018_2021/data_raw/cn_supply_chain_cninfo/pdf/000876_2021_annual_2022-04-27.pdf,33,"前5名供应商资料序号供应商名称采购额（元）占年度采购总额比例1中粮集团有限公司9,729,096,480.007.48%2中国储备粮管理集团有限公司5,470,189,050.394.21%3益海嘉里金龙鱼粮油食品股份有限公司3,494,335,859.682.69%4山东泰山粮食储备集团有限公司2,725,473,259.982.10%5北京首农食品集团有限公司1,825,796,575.161.40%合计--23,244,891,225.2117.87%主要供应商其他情况说明□适用√不适用3、费用单位：元2021年2020年同比增减销售费用1,790,684,604.271,453,469,438.6223.20%管理费用4,316,753,629.653,430,565,329.4025.83%财务费用1,117,226,605.91899,988,879.0124.14%研发费用289,828,631.61265,174,311.019.30%4、研发投入√适用□不适用主要研发项目名称项目目的项目进展拟达到的目标预计对公司未来发展的影响家禽智能称重系统的研发与应用建立一种家禽体重自动估算模型，实时自动估测家禽体重。已现场取数5000多条，初步建模，同期推演精度为92%。精准度大于等于95%降低人工称重产生的动物应激；通过对体重实时关注，及时调整养殖过程操作，提升养殖能力，打强自养基地，为公司下游端原料稳定供应提供基础保障。肉鸭集中育雏分散育肥模式的研发与应用建立一套集中育雏分散育肥的硬件标准及管理、运营模式。已建立一个试验场，并在部分区域推进。节省0.1元/只的取暖费；增加10%的养殖效率。在不增加硬件的基础上，养殖量可提升10%，以后还可推进公司+农户性质的集中育雏分散育肥模式，整体提升棚舍利用率，降低养殖费用的同时增加公司原料的稳定性。自动出鸭/出鸡系统的研发与应用开发抓、转、运、装、卸一体化的自动出禽系各系统均已制样并进行现场试验降低途死率和残次率50-70%；提升出鸡/鸭效率打通肉鸭养殖最后一公里，降低出鸭费用，降低残次及",CNInfo annual report downloaded locally,constructed_entity_edge_from_downloaded_cninfo_report
CMIN-CN:001979.SZ,招商蛇口,stock,ENTITY:ccb99e183e655ae25427,2粤荣（天津）租赁有限公司,company_entity,001979.SZ,,supplies_to,customer,57536.27,0.0059,2019,annual,2020-04-20,2020-04-20,2021-03-21,F:/Codex/GNN_data/data/tasks/csi300_cn_supply_chain_cninfo_2018_2021/data_raw/cn_supply_chain_cninfo/pdf/001979_2019_annual_2020-04-20.pdf,40,"前五名客户合计销售金额（万元）295,701.65前五名客户合计销售金额占年度销售总额比例3.03%前五名客户销售额中关联方销售额占年度销售总额比例0.59%公司前5大客户资料序号客户名称销售额（万元）占年度销售总额比例1客户一107,007.401.10%2粤荣（天津）租赁有限公司（注）57,536.270.59%3客户三49,680.760.51%4客户四40,815.990.42%5客户五40,661.230.41%合计--295,701.653.03%注：详见本报告“第五节第十六项、重大关联交易”。公司",CNInfo annual report downloaded locally,constructed_entity_edge_from_downloaded_cninfo_report
CMIN-CN:002594.SZ,比亚迪,stock,CMIN-CN:603486.SH,科沃斯,stock,002594.SZ,603486.SH,supplies_to,customer,,,2018,annual,2019-03-27,2019-03-27,2020-04-20,F:/Codex/GNN_data/data/tasks/csi300_cn_supply_chain_cninfo_2018_2021/data_raw/cn_supply_chain_cninfo/pdf/002594_2018_annual_2019-03-27.pdf,10,主要客户包括三星、华为、苹果、小米、vivo、联想等智能移动终端领导厂商。比亚迪为全球领先的二次充电电池制造商之一，主要客户包括三星、Dell等消费类电子产品领导厂商，以及科沃斯、iRobot等全球领先的机器人专业智造品牌厂商。本集团生产的锂离子电池及镍电池广泛应用于各种消费类电子产品及新型智能产品领域。城市轨道交通业务是比亚迪未来发展的战略方向之一。凭借在新能源业务领域业已建立的技术和成本优势，集团成功研发出高效率、低成本的跨座式单轨——“云轨”产品，配合新能源汽车实现对城市公共交通的立体化覆盖，在帮助城市解决交通拥堵和空气污染的同时，实现集团的长远及可持续发展。二、主要资产重大变化情况1、主要资产重大变化情况主要资产重大变化说明股权资产主要是投资对象的股票公允价值下降，同时对联营、合营公司的投资额增加影响固定资产基本持平无形资产主要是专利权与土地使用权增加所致在建工程主要是电池业务和汽车业务投入增加所致应收票据及应收账款主要是本期执行新的金融工具准则将部分应收账款计入合同资产，以及将既以收取合同现金流量为目标又以出售为目标的的应收票据及应收账款计入其他流动资产所致合同资产主要是本期执行新的金融工具准则将部分应收账款计入合同资产所致存货主要是汽车业务需求增加所致2、主要境外资产情况√适用□不适用,CNInfo annual report downloaded locally,constructed_entity_edge_from_downloaded_cninfo_report
CMIN-CN:002594.SZ,比亚迪,stock,CMIN-CN:603486.SH,科沃斯,stock,002594.SZ,603486.SH,supplies_to,customer,,,2019,annual,2020-04-21,2020-04-21,2021-03-28,F:/Codex/GNN_data/data/tasks/csi300_cn_supply_chain_cninfo_2018_2021/data_raw/cn_supply_chain_cninfo/pdf/002594_2019_annual_2020-04-21.pdf,10,"主要客户包括华为、三星、苹果、小米、vivo、联想等智能移动终端领导厂商。比亚迪为全球领先的二次充电电池制造商之一，主要客户包括三星、Dell等消费类电子产品领导厂商，以及科沃斯、iRobot等全球领先的机器人专业智造品牌厂商。本集团生产的锂离子电池及镍电池广泛应用于各种消费类电子产品及新型智能产品领域。城市轨道交通业务是比亚迪未来发展的战略方向之一。凭借在新能源业务领域业已建立的技术和成本优势，集团成功研发出高效率、低成本的跨座式单轨——“云轨”产品，配合新能源汽车实现对城市公共交通的立体化覆盖，在帮助城市解决交通拥堵和空气污染的同时，实现集团的长远及可持续发展。二、主要资产重大变化情况1、主要资产重大变化情况主要资产重大变化说明股权资产主要是投资对象的股票公允价值上升，及对联营、合营公司的投资额增加所致固定资产主要是本期购置增加及在建转固增加所致无形资产主要是工业产权及专有技术增加所致在建工程主要是汽车业务投入增加所致2、主要境外资产情况√适用□不适用资产的具体内容形成原因资产规模所在地运营模式保障资产安全性的控制措施收益状况境外资产占公司净资产的比重是否存在重大减值风险汽车业务相关资产汽车产业在美国地区的开拓及发展人民币2,848,460,000元美国生产与销售财务监督，委托外部审计正常4.55%否",CNInfo annual report downloaded locally,constructed_entity_edge_from_downloaded_cninfo_report
CMIN-CN:002594.SZ,比亚迪,stock,CMIN-CN:603486.SH,科沃斯,stock,002594.SZ,603486.SH,supplies_to,customer,,,2020,annual,2021-03-29,2021-03-29,2022-03-28,F:/Codex/GNN_data/data/tasks/csi300_cn_supply_chain_cninfo_2018_2021/data_raw/cn_supply_chain_cninfo/pdf/002594_2020_annual_2021-03-29.pdf,10,"主要客户包括华为、三星、苹果、小米、vivo等智能移动终端领导厂商。比亚迪为全球领先的二次充电电池制造商之一，主要客户包括三星、Dell等消费类电子产品领导厂商，以及科沃斯、iRobot等全球领先的机器人专业智造品牌厂商。本集团生产的锂离子电池广泛应用于各种消费类电子产品及新型智能产品领域。城市轨道交通业务是比亚迪未来发展的战略方向之一。凭借在新能源业务领域业已建立的技术和成本优势，集团成功研发出高效率、低成本的跨座式单轨——“云轨”产品，配合新能源汽车实现对城市公共交通的立体化覆盖，在帮助城市解决交通拥堵和空气污染的同时，实现集团的长远及可持续发展。二、主要资产重大变化情况1、主要资产重大变化情况主要资产重大变化说明股权资产主要是对联合营公司的投资额增加所致固定资产主要是本期购置增加及在建转固增加所致无形资产基本持平在建工程主要是在建工程转固定资产影响所致2、主要境外资产情况√适用□不适用资产的具体内容形成原因资产规模所在地运营模式保障资产安全性的控制措施收益状况境外资产占公司净资产的比重是否存在重大减值风险汽车业务相关资产汽车产业在美国地区的开拓及发展人民币3,653,267,000元美国生产与销售财务监督，委托外部审计正常5.67%否",CNInfo annual report downloaded locally,constructed_entity_edge_from_downloaded_cninfo_report
CMIN-CN:002594.SZ,比亚迪,stock,CMIN-CN:603486.SH,科沃斯,stock,002594.SZ,603486.SH,supplies_to,customer,,,2021,annual,2022-03-29,2022-03-29,2022-03-29,F:/Codex/GNN_data/data/tasks/csi300_cn_supply_chain_cninfo_2018_2021/data_raw/cn_supply_chain_cninfo/pdf/002594_2021_annual_2022-03-29.pdf,14,主要客户包括华为、三星、苹果、小米、iRobot、vivo等智能移动终端领导厂商。比亚迪为全球领先的二次充电电池制造商之一。消费类电池领域，本集团生产的锂离子电池广泛应用于各种消费类电子产品及新型智能产品领域，主要客户包括三星、Dell等消费类电子产品领导厂商，以及科沃斯等全球领先的机器人专业智造品牌厂商。动力电池领域，本集团开发了高度安全的磷酸铁锂电池—“刀片电池”，更好解决市场安全痛点，加速磷酸铁锂电池重回动力电池主流赛道。城市轨道交通业务是比亚迪未来发展的战略方向之一。凭借在新能源业务领域业已建立的技术和成本优势，集团成功研发出高效率、低成本的中运量“云轨”和低运量“云巴”产品，配合新能源汽车实现对城市公共交通的立体化覆盖，在帮助城市解决交通拥堵和空气污染的同时，实现集团的长远及可持续发展。报告期内整车制造生产经营情况√适用□不适用,CNInfo annual report downloaded locally,constructed_entity_edge_from_downloaded_cninfo_report
CMIN-CN:002812.SZ,恩捷股份,stock,CMIN-CN:300750.SZ,宁德时代,stock,002812.SZ,300750.SZ,supplies_to,customer,,,2018,annual,2019-04-25,2019-04-25,2020-03-15,F:/Codex/GNN_data/data/tasks/csi300_cn_supply_chain_cninfo_2018_2021/data_raw/cn_supply_chain_cninfo/pdf/002812_2018_annual_2019-04-25.pdf,16,主要客户为国内外大型的锂电池生产企业、卷烟生产企业、食品饮料生产企业、塑料包装企业、印刷企业等。公司湿法锂离子隔膜产品的主要客户包括松下、LGChem.Ltd.、三星SDI、CATL（宁德时代新能源科技股份有限公司）、国轩高科股份有限公司、深圳市比亚迪锂电池有限公司、孚能科技、天津力神电池股份有限公司及其他超过20家的国内锂电池企业。公司是云南省非专卖的卷烟材料A级供应商，烟标产品主要客户为国内大型的卷烟生产企业，包括云南中烟物资（集团）有限责任公司、四川中烟工业有限责任公司和重庆中烟工业有限责任公司，产品广泛应用于“玉溪”、“红塔山”、“云烟”、“红河”、“雪域”、“红金龙”、“紫云”、“Marble”、“龙凤呈祥”等国内知名的卷烟品牌。公司烟膜产品的主要客户包括云南中烟物资（集团）有限责任公司、四川中烟工业有限责任公司、重庆中烟工业有限责任公司、安徽中烟工业有限责任公司、湖北中烟工业有限责任公司、贵州中烟工业有限责任公司、黑龙江烟草、吉林烟草、甘肃中烟工业有限责任公司等集团下属多家国内知名的卷烟厂。公司无菌包装产品的主要客户包括内蒙古伊利实业集团股份有限公司、内蒙古蒙牛乳业（集团）股份有限公司、中国汇源果汁集团有限公司、北京三元食品股份有限公司、皇氏集团华南乳品有限公司、贵州好一多乳业股份有限公司、广州市东鹏食品饮料有限公司、厦门惠尔康食品有限公司、达利集团、黑龙江完达山阳光乳业有限公司、云南欧亚乳业有限公司、云南皇氏来思尔乳业有限公司等国内知名企业，以及全球乳制品企业TOP10之一的荷兰乳制品企业FRIESLANDCAMPINANEDERLANDB.V.（荷兰皇家菲仕兰公司）。2、经营模式公司不同的产品采取不同的经营模式，其中是湿法锂离子隔膜、烟标、无菌包装、特种纸制品和烟膜均按照客户要求进行定制化生产，平膜一般采取以销定产，并配备适当的库存量。（1）采购模式：公司供应部通过对供应商的评价、选择，建立了《合格供方名单》（或《合格供应商/材料清单》）。采购清单所列物资只能在《合格供方名单》之内实施采购，每一种物资的采购都要有2个以上供应商进行选择。公司对供应商每年进行一次全面评价，并及时更新《合格供方名单》（或《合格供应商/材料清单》）。（2）生产模式：公司主要采取订单生产和集中排产相结合的方式生产，从而合理控制生产成本，提高效率。生产计划部根据订单和销售计划制定生产计划，进行统一生产调度、组织管理和质量控制，确保按时按质按量完成生产任务。（3）销售模式：公司湿法锂电池隔膜产品采取直销的销售模式，由营销部门销售人员负责产品的销售、推广和订单获取工作；烟标和烟膜产品主要基于烟标印刷行业的下游卷烟企业依据《烟用物资采购管理规定》实行的全国性招标采购，公司通过参与各卷烟企业招投标获取订单，并按照客户的订单组织生产和销售，为客户提供定制产品；平膜一般采取以销定产，并配备适当的库存量；无菌包装、特种纸制品均按照客户要求进行定制化生产。3、行业情况及公司所处的行业地位公司是湿法隔膜行业具有全球竞争力的领先企业，并且在烟标、BOPP膜、无菌包装及特种纸等细分行业中拥有较为丰富产品的公司,CNInfo annual report downloaded locally,constructed_entity_edge_from_downloaded_cninfo_report
CMIN-CN:002812.SZ,恩捷股份,stock,ENTITY:4db847c8e9e50d947e35,CATL（宁德时代新能源科技股份有限公司,company_entity,002812.SZ,,supplies_to,customer,,,2018,annual,2019-04-25,2019-04-25,2020-03-15,F:/Codex/GNN_data/data/tasks/csi300_cn_supply_chain_cninfo_2018_2021/data_raw/cn_supply_chain_cninfo/pdf/002812_2018_annual_2019-04-25.pdf,16,主要客户为国内外大型的锂电池生产企业、卷烟生产企业、食品饮料生产企业、塑料包装企业、印刷企业等。公司湿法锂离子隔膜产品的主要客户包括松下、LGChem.Ltd.、三星SDI、CATL（宁德时代新能源科技股份有限公司）、国轩高科股份有限公司、深圳市比亚迪锂电池有限公司、孚能科技、天津力神电池股份有限公司及其他超过20家的国内锂电池企业。公司是云南省非专卖的卷烟材料A级供应商，烟标产品主要客户为国内大型的卷烟生产企业，包括云南中烟物资（集团）有限责任公司、四川中烟工业有限责任公司和重庆中烟工业有限责任公司，产品广泛应用于“玉溪”、“红塔山”、“云烟”、“红河”、“雪域”、“红金龙”、“紫云”、“Marble”、“龙凤呈祥”等国内知名的卷烟品牌。公司烟膜产品的主要客户包括云南中烟物资（集团）有限责任公司、四川中烟工业有限责任公司、重庆中烟工业有限责任公司、安徽中烟工业有限责任公司、湖北中烟工业有限责任公司、贵州中烟工业有限责任公司、黑龙江烟草、吉林烟草、甘肃中烟工业有限责任公司等集团下属多家国内知名的卷烟厂。公司无菌包装产品的主要客户包括内蒙古伊利实业集团股份有限公司、内蒙古蒙牛乳业（集团）股份有限公司、中国汇源果汁集团有限公司、北京三元食品股份有限公司、皇氏集团华南乳品有限公司、贵州好一多乳业股份有限公司、广州市东鹏食品饮料有限公司、厦门惠尔康食品有限公司、达利集团、黑龙江完达山阳光乳业有限公司、云南欧亚乳业有限公司、云南皇氏来思尔乳业有限公司等国内知名企业，以及全球乳制品企业TOP10之一的荷兰乳制品企业FRIESLANDCAMPINANEDERLANDB.V.（荷兰皇家菲仕兰公司）。2、经营模式公司不同的产品采取不同的经营模式，其中是湿法锂离子隔膜、烟标、无菌包装、特种纸制品和烟膜均按照客户要求进行定制化生产，平膜一般采取以销定产，并配备适当的库存量。（1）采购模式：公司供应部通过对供应商的评价、选择，建立了《合格供方名单》（或《合格供应商/材料清单》）。采购清单所列物资只能在《合格供方名单》之内实施采购，每一种物资的采购都要有2个以上供应商进行选择。公司对供应商每年进行一次全面评价，并及时更新《合格供方名单》（或《合格供应商/材料清单》）。（2）生产模式：公司主要采取订单生产和集中排产相结合的方式生产，从而合理控制生产成本，提高效率。生产计划部根据订单和销售计划制定生产计划，进行统一生产调度、组织管理和质量控制，确保按时按质按量完成生产任务。（3）销售模式：公司湿法锂电池隔膜产品采取直销的销售模式，由营销部门销售人员负责产品的销售、推广和订单获取工作；烟标和烟膜产品主要基于烟标印刷行业的下游卷烟企业依据《烟用物资采购管理规定》实行的全国性招标采购，公司通过参与各卷烟企业招投标获取订单，并按照客户的订单组织生产和销售，为客户提供定制产品；平膜一般采取以销定产，并配备适当的库存量；无菌包装、特种纸制品均按照客户要求进行定制化生产。3、行业情况及公司所处的行业地位公司是湿法隔膜行业具有全球竞争力的领先企业，并且在烟标、BOPP膜、无菌包装及特种纸等细分行业中拥有较为丰富产品的公司,CNInfo annual report downloaded locally,constructed_entity_edge_from_downloaded_cninfo_report
CMIN-CN:002812.SZ,恩捷股份,stock,ENTITY:e0b7396a2e952d24f3aa,国轩高科股份有限公司,company_entity,002812.SZ,,supplies_to,customer,,,2018,annual,2019-04-25,2019-04-25,2020-03-15,F:/Codex/GNN_data/data/tasks/csi300_cn_supply_chain_cninfo_2018_2021/data_raw/cn_supply_chain_cninfo/pdf/002812_2018_annual_2019-04-25.pdf,16,主要客户为国内外大型的锂电池生产企业、卷烟生产企业、食品饮料生产企业、塑料包装企业、印刷企业等。公司湿法锂离子隔膜产品的主要客户包括松下、LGChem.Ltd.、三星SDI、CATL（宁德时代新能源科技股份有限公司）、国轩高科股份有限公司、深圳市比亚迪锂电池有限公司、孚能科技、天津力神电池股份有限公司及其他超过20家的国内锂电池企业。公司是云南省非专卖的卷烟材料A级供应商，烟标产品主要客户为国内大型的卷烟生产企业，包括云南中烟物资（集团）有限责任公司、四川中烟工业有限责任公司和重庆中烟工业有限责任公司，产品广泛应用于“玉溪”、“红塔山”、“云烟”、“红河”、“雪域”、“红金龙”、“紫云”、“Marble”、“龙凤呈祥”等国内知名的卷烟品牌。公司烟膜产品的主要客户包括云南中烟物资（集团）有限责任公司、四川中烟工业有限责任公司、重庆中烟工业有限责任公司、安徽中烟工业有限责任公司、湖北中烟工业有限责任公司、贵州中烟工业有限责任公司、黑龙江烟草、吉林烟草、甘肃中烟工业有限责任公司等集团下属多家国内知名的卷烟厂。公司无菌包装产品的主要客户包括内蒙古伊利实业集团股份有限公司、内蒙古蒙牛乳业（集团）股份有限公司、中国汇源果汁集团有限公司、北京三元食品股份有限公司、皇氏集团华南乳品有限公司、贵州好一多乳业股份有限公司、广州市东鹏食品饮料有限公司、厦门惠尔康食品有限公司、达利集团、黑龙江完达山阳光乳业有限公司、云南欧亚乳业有限公司、云南皇氏来思尔乳业有限公司等国内知名企业，以及全球乳制品企业TOP10之一的荷兰乳制品企业FRIESLANDCAMPINANEDERLANDB.V.（荷兰皇家菲仕兰公司）。2、经营模式公司不同的产品采取不同的经营模式，其中是湿法锂离子隔膜、烟标、无菌包装、特种纸制品和烟膜均按照客户要求进行定制化生产，平膜一般采取以销定产，并配备适当的库存量。（1）采购模式：公司供应部通过对供应商的评价、选择，建立了《合格供方名单》（或《合格供应商/材料清单》）。采购清单所列物资只能在《合格供方名单》之内实施采购，每一种物资的采购都要有2个以上供应商进行选择。公司对供应商每年进行一次全面评价，并及时更新《合格供方名单》（或《合格供应商/材料清单》）。（2）生产模式：公司主要采取订单生产和集中排产相结合的方式生产，从而合理控制生产成本，提高效率。生产计划部根据订单和销售计划制定生产计划，进行统一生产调度、组织管理和质量控制，确保按时按质按量完成生产任务。（3）销售模式：公司湿法锂电池隔膜产品采取直销的销售模式，由营销部门销售人员负责产品的销售、推广和订单获取工作；烟标和烟膜产品主要基于烟标印刷行业的下游卷烟企业依据《烟用物资采购管理规定》实行的全国性招标采购，公司通过参与各卷烟企业招投标获取订单，并按照客户的订单组织生产和销售，为客户提供定制产品；平膜一般采取以销定产，并配备适当的库存量；无菌包装、特种纸制品均按照客户要求进行定制化生产。3、行业情况及公司所处的行业地位公司是湿法隔膜行业具有全球竞争力的领先企业，并且在烟标、BOPP膜、无菌包装及特种纸等细分行业中拥有较为丰富产品的公司,CNInfo annual report downloaded locally,constructed_entity_edge_from_downloaded_cninfo_report
CMIN-CN:002812.SZ,恩捷股份,stock,ENTITY:ea293c1edd1ac382414f,深圳市比亚迪锂电池有限公司,company_entity,002812.SZ,,supplies_to,customer,,,2018,annual,2019-04-25,2019-04-25,2020-03-15,F:/Codex/GNN_data/data/tasks/csi300_cn_supply_chain_cninfo_2018_2021/data_raw/cn_supply_chain_cninfo/pdf/002812_2018_annual_2019-04-25.pdf,16,主要客户为国内外大型的锂电池生产企业、卷烟生产企业、食品饮料生产企业、塑料包装企业、印刷企业等。公司湿法锂离子隔膜产品的主要客户包括松下、LGChem.Ltd.、三星SDI、CATL（宁德时代新能源科技股份有限公司）、国轩高科股份有限公司、深圳市比亚迪锂电池有限公司、孚能科技、天津力神电池股份有限公司及其他超过20家的国内锂电池企业。公司是云南省非专卖的卷烟材料A级供应商，烟标产品主要客户为国内大型的卷烟生产企业，包括云南中烟物资（集团）有限责任公司、四川中烟工业有限责任公司和重庆中烟工业有限责任公司，产品广泛应用于“玉溪”、“红塔山”、“云烟”、“红河”、“雪域”、“红金龙”、“紫云”、“Marble”、“龙凤呈祥”等国内知名的卷烟品牌。公司烟膜产品的主要客户包括云南中烟物资（集团）有限责任公司、四川中烟工业有限责任公司、重庆中烟工业有限责任公司、安徽中烟工业有限责任公司、湖北中烟工业有限责任公司、贵州中烟工业有限责任公司、黑龙江烟草、吉林烟草、甘肃中烟工业有限责任公司等集团下属多家国内知名的卷烟厂。公司无菌包装产品的主要客户包括内蒙古伊利实业集团股份有限公司、内蒙古蒙牛乳业（集团）股份有限公司、中国汇源果汁集团有限公司、北京三元食品股份有限公司、皇氏集团华南乳品有限公司、贵州好一多乳业股份有限公司、广州市东鹏食品饮料有限公司、厦门惠尔康食品有限公司、达利集团、黑龙江完达山阳光乳业有限公司、云南欧亚乳业有限公司、云南皇氏来思尔乳业有限公司等国内知名企业，以及全球乳制品企业TOP10之一的荷兰乳制品企业FRIESLANDCAMPINANEDERLANDB.V.（荷兰皇家菲仕兰公司）。2、经营模式公司不同的产品采取不同的经营模式，其中是湿法锂离子隔膜、烟标、无菌包装、特种纸制品和烟膜均按照客户要求进行定制化生产，平膜一般采取以销定产，并配备适当的库存量。（1）采购模式：公司供应部通过对供应商的评价、选择，建立了《合格供方名单》（或《合格供应商/材料清单》）。采购清单所列物资只能在《合格供方名单》之内实施采购，每一种物资的采购都要有2个以上供应商进行选择。公司对供应商每年进行一次全面评价，并及时更新《合格供方名单》（或《合格供应商/材料清单》）。（2）生产模式：公司主要采取订单生产和集中排产相结合的方式生产，从而合理控制生产成本，提高效率。生产计划部根据订单和销售计划制定生产计划，进行统一生产调度、组织管理和质量控制，确保按时按质按量完成生产任务。（3）销售模式：公司湿法锂电池隔膜产品采取直销的销售模式，由营销部门销售人员负责产品的销售、推广和订单获取工作；烟标和烟膜产品主要基于烟标印刷行业的下游卷烟企业依据《烟用物资采购管理规定》实行的全国性招标采购，公司通过参与各卷烟企业招投标获取订单，并按照客户的订单组织生产和销售，为客户提供定制产品；平膜一般采取以销定产，并配备适当的库存量；无菌包装、特种纸制品均按照客户要求进行定制化生产。3、行业情况及公司所处的行业地位公司是湿法隔膜行业具有全球竞争力的领先企业，并且在烟标、BOPP膜、无菌包装及特种纸等细分行业中拥有较为丰富产品的公司,CNInfo annual report downloaded locally,constructed_entity_edge_from_downloaded_cninfo_report
CMIN-CN:002812.SZ,恩捷股份,stock,ENTITY:9c549107bf69ce514580,包括云南中烟物资（集团）有限责任公司,company_entity,002812.SZ,,supplies_to,customer,,,2018,annual,2019-04-25,2019-04-25,2020-03-15,F:/Codex/GNN_data/data/tasks/csi300_cn_supply_chain_cninfo_2018_2021/data_raw/cn_supply_chain_cninfo/pdf/002812_2018_annual_2019-04-25.pdf,16,主要客户为国内外大型的锂电池生产企业、卷烟生产企业、食品饮料生产企业、塑料包装企业、印刷企业等。公司湿法锂离子隔膜产品的主要客户包括松下、LGChem.Ltd.、三星SDI、CATL（宁德时代新能源科技股份有限公司）、国轩高科股份有限公司、深圳市比亚迪锂电池有限公司、孚能科技、天津力神电池股份有限公司及其他超过20家的国内锂电池企业。公司是云南省非专卖的卷烟材料A级供应商，烟标产品主要客户为国内大型的卷烟生产企业，包括云南中烟物资（集团）有限责任公司、四川中烟工业有限责任公司和重庆中烟工业有限责任公司，产品广泛应用于“玉溪”、“红塔山”、“云烟”、“红河”、“雪域”、“红金龙”、“紫云”、“Marble”、“龙凤呈祥”等国内知名的卷烟品牌。公司烟膜产品的主要客户包括云南中烟物资（集团）有限责任公司、四川中烟工业有限责任公司、重庆中烟工业有限责任公司、安徽中烟工业有限责任公司、湖北中烟工业有限责任公司、贵州中烟工业有限责任公司、黑龙江烟草、吉林烟草、甘肃中烟工业有限责任公司等集团下属多家国内知名的卷烟厂。公司无菌包装产品的主要客户包括内蒙古伊利实业集团股份有限公司、内蒙古蒙牛乳业（集团）股份有限公司、中国汇源果汁集团有限公司、北京三元食品股份有限公司、皇氏集团华南乳品有限公司、贵州好一多乳业股份有限公司、广州市东鹏食品饮料有限公司、厦门惠尔康食品有限公司、达利集团、黑龙江完达山阳光乳业有限公司、云南欧亚乳业有限公司、云南皇氏来思尔乳业有限公司等国内知名企业，以及全球乳制品企业TOP10之一的荷兰乳制品企业FRIESLANDCAMPINANEDERLANDB.V.（荷兰皇家菲仕兰公司）。2、经营模式公司不同的产品采取不同的经营模式，其中是湿法锂离子隔膜、烟标、无菌包装、特种纸制品和烟膜均按照客户要求进行定制化生产，平膜一般采取以销定产，并配备适当的库存量。（1）采购模式：公司供应部通过对供应商的评价、选择，建立了《合格供方名单》（或《合格供应商/材料清单》）。采购清单所列物资只能在《合格供方名单》之内实施采购，每一种物资的采购都要有2个以上供应商进行选择。公司对供应商每年进行一次全面评价，并及时更新《合格供方名单》（或《合格供应商/材料清单》）。（2）生产模式：公司主要采取订单生产和集中排产相结合的方式生产，从而合理控制生产成本，提高效率。生产计划部根据订单和销售计划制定生产计划，进行统一生产调度、组织管理和质量控制，确保按时按质按量完成生产任务。（3）销售模式：公司湿法锂电池隔膜产品采取直销的销售模式，由营销部门销售人员负责产品的销售、推广和订单获取工作；烟标和烟膜产品主要基于烟标印刷行业的下游卷烟企业依据《烟用物资采购管理规定》实行的全国性招标采购，公司通过参与各卷烟企业招投标获取订单，并按照客户的订单组织生产和销售，为客户提供定制产品；平膜一般采取以销定产，并配备适当的库存量；无菌包装、特种纸制品均按照客户要求进行定制化生产。3、行业情况及公司所处的行业地位公司是湿法隔膜行业具有全球竞争力的领先企业，并且在烟标、BOPP膜、无菌包装及特种纸等细分行业中拥有较为丰富产品的公司,CNInfo annual report downloaded locally,constructed_entity_edge_from_downloaded_cninfo_report
CMIN-CN:002812.SZ,恩捷股份,stock,ENTITY:28990f74f3cabcd5c0e7,四川中烟工业有限责任公司和重庆中烟工业有限责任公司,company_entity,002812.SZ,,supplies_to,customer,,,2018,annual,2019-04-25,2019-04-25,2020-03-15,F:/Codex/GNN_data/data/tasks/csi300_cn_supply_chain_cninfo_2018_2021/data_raw/cn_supply_chain_cninfo/pdf/002812_2018_annual_2019-04-25.pdf,16,主要客户为国内外大型的锂电池生产企业、卷烟生产企业、食品饮料生产企业、塑料包装企业、印刷企业等。公司湿法锂离子隔膜产品的主要客户包括松下、LGChem.Ltd.、三星SDI、CATL（宁德时代新能源科技股份有限公司）、国轩高科股份有限公司、深圳市比亚迪锂电池有限公司、孚能科技、天津力神电池股份有限公司及其他超过20家的国内锂电池企业。公司是云南省非专卖的卷烟材料A级供应商，烟标产品主要客户为国内大型的卷烟生产企业，包括云南中烟物资（集团）有限责任公司、四川中烟工业有限责任公司和重庆中烟工业有限责任公司，产品广泛应用于“玉溪”、“红塔山”、“云烟”、“红河”、“雪域”、“红金龙”、“紫云”、“Marble”、“龙凤呈祥”等国内知名的卷烟品牌。公司烟膜产品的主要客户包括云南中烟物资（集团）有限责任公司、四川中烟工业有限责任公司、重庆中烟工业有限责任公司、安徽中烟工业有限责任公司、湖北中烟工业有限责任公司、贵州中烟工业有限责任公司、黑龙江烟草、吉林烟草、甘肃中烟工业有限责任公司等集团下属多家国内知名的卷烟厂。公司无菌包装产品的主要客户包括内蒙古伊利实业集团股份有限公司、内蒙古蒙牛乳业（集团）股份有限公司、中国汇源果汁集团有限公司、北京三元食品股份有限公司、皇氏集团华南乳品有限公司、贵州好一多乳业股份有限公司、广州市东鹏食品饮料有限公司、厦门惠尔康食品有限公司、达利集团、黑龙江完达山阳光乳业有限公司、云南欧亚乳业有限公司、云南皇氏来思尔乳业有限公司等国内知名企业，以及全球乳制品企业TOP10之一的荷兰乳制品企业FRIESLANDCAMPINANEDERLANDB.V.（荷兰皇家菲仕兰公司）。2、经营模式公司不同的产品采取不同的经营模式，其中是湿法锂离子隔膜、烟标、无菌包装、特种纸制品和烟膜均按照客户要求进行定制化生产，平膜一般采取以销定产，并配备适当的库存量。（1）采购模式：公司供应部通过对供应商的评价、选择，建立了《合格供方名单》（或《合格供应商/材料清单》）。采购清单所列物资只能在《合格供方名单》之内实施采购，每一种物资的采购都要有2个以上供应商进行选择。公司对供应商每年进行一次全面评价，并及时更新《合格供方名单》（或《合格供应商/材料清单》）。（2）生产模式：公司主要采取订单生产和集中排产相结合的方式生产，从而合理控制生产成本，提高效率。生产计划部根据订单和销售计划制定生产计划，进行统一生产调度、组织管理和质量控制，确保按时按质按量完成生产任务。（3）销售模式：公司湿法锂电池隔膜产品采取直销的销售模式，由营销部门销售人员负责产品的销售、推广和订单获取工作；烟标和烟膜产品主要基于烟标印刷行业的下游卷烟企业依据《烟用物资采购管理规定》实行的全国性招标采购，公司通过参与各卷烟企业招投标获取订单，并按照客户的订单组织生产和销售，为客户提供定制产品；平膜一般采取以销定产，并配备适当的库存量；无菌包装、特种纸制品均按照客户要求进行定制化生产。3、行业情况及公司所处的行业地位公司是湿法隔膜行业具有全球竞争力的领先企业，并且在烟标、BOPP膜、无菌包装及特种纸等细分行业中拥有较为丰富产品的公司,CNInfo annual report downloaded locally,constructed_entity_edge_from_downloaded_cninfo_report
CMIN-CN:002812.SZ,恩捷股份,stock,ENTITY:73981156e34dff58ee09,四川中烟工业有限责任公司,company_entity,002812.SZ,,supplies_to,customer,,,2018,annual,2019-04-25,2019-04-25,2020-03-15,F:/Codex/GNN_data/data/tasks/csi300_cn_supply_chain_cninfo_2018_2021/data_raw/cn_supply_chain_cninfo/pdf/002812_2018_annual_2019-04-25.pdf,16,主要客户为国内外大型的锂电池生产企业、卷烟生产企业、食品饮料生产企业、塑料包装企业、印刷企业等。公司湿法锂离子隔膜产品的主要客户包括松下、LGChem.Ltd.、三星SDI、CATL（宁德时代新能源科技股份有限公司）、国轩高科股份有限公司、深圳市比亚迪锂电池有限公司、孚能科技、天津力神电池股份有限公司及其他超过20家的国内锂电池企业。公司是云南省非专卖的卷烟材料A级供应商，烟标产品主要客户为国内大型的卷烟生产企业，包括云南中烟物资（集团）有限责任公司、四川中烟工业有限责任公司和重庆中烟工业有限责任公司，产品广泛应用于“玉溪”、“红塔山”、“云烟”、“红河”、“雪域”、“红金龙”、“紫云”、“Marble”、“龙凤呈祥”等国内知名的卷烟品牌。公司烟膜产品的主要客户包括云南中烟物资（集团）有限责任公司、四川中烟工业有限责任公司、重庆中烟工业有限责任公司、安徽中烟工业有限责任公司、湖北中烟工业有限责任公司、贵州中烟工业有限责任公司、黑龙江烟草、吉林烟草、甘肃中烟工业有限责任公司等集团下属多家国内知名的卷烟厂。公司无菌包装产品的主要客户包括内蒙古伊利实业集团股份有限公司、内蒙古蒙牛乳业（集团）股份有限公司、中国汇源果汁集团有限公司、北京三元食品股份有限公司、皇氏集团华南乳品有限公司、贵州好一多乳业股份有限公司、广州市东鹏食品饮料有限公司、厦门惠尔康食品有限公司、达利集团、黑龙江完达山阳光乳业有限公司、云南欧亚乳业有限公司、云南皇氏来思尔乳业有限公司等国内知名企业，以及全球乳制品企业TOP10之一的荷兰乳制品企业FRIESLANDCAMPINANEDERLANDB.V.（荷兰皇家菲仕兰公司）。2、经营模式公司不同的产品采取不同的经营模式，其中是湿法锂离子隔膜、烟标、无菌包装、特种纸制品和烟膜均按照客户要求进行定制化生产，平膜一般采取以销定产，并配备适当的库存量。（1）采购模式：公司供应部通过对供应商的评价、选择，建立了《合格供方名单》（或《合格供应商/材料清单》）。采购清单所列物资只能在《合格供方名单》之内实施采购，每一种物资的采购都要有2个以上供应商进行选择。公司对供应商每年进行一次全面评价，并及时更新《合格供方名单》（或《合格供应商/材料清单》）。（2）生产模式：公司主要采取订单生产和集中排产相结合的方式生产，从而合理控制生产成本，提高效率。生产计划部根据订单和销售计划制定生产计划，进行统一生产调度、组织管理和质量控制，确保按时按质按量完成生产任务。（3）销售模式：公司湿法锂电池隔膜产品采取直销的销售模式，由营销部门销售人员负责产品的销售、推广和订单获取工作；烟标和烟膜产品主要基于烟标印刷行业的下游卷烟企业依据《烟用物资采购管理规定》实行的全国性招标采购，公司通过参与各卷烟企业招投标获取订单，并按照客户的订单组织生产和销售，为客户提供定制产品；平膜一般采取以销定产，并配备适当的库存量；无菌包装、特种纸制品均按照客户要求进行定制化生产。3、行业情况及公司所处的行业地位公司是湿法隔膜行业具有全球竞争力的领先企业，并且在烟标、BOPP膜、无菌包装及特种纸等细分行业中拥有较为丰富产品的公司,CNInfo annual report downloaded locally,constructed_entity_edge_from_downloaded_cninfo_report
CMIN-CN:002812.SZ,恩捷股份,stock,ENTITY:7587f39eba5dd36f3c63,重庆中烟工业有限责任公司,company_entity,002812.SZ,,supplies_to,customer,,,2018,annual,2019-04-25,2019-04-25,2020-03-15,F:/Codex/GNN_data/data/tasks/csi300_cn_supply_chain_cninfo_2018_2021/data_raw/cn_supply_chain_cninfo/pdf/002812_2018_annual_2019-04-25.pdf,16,主要客户为国内外大型的锂电池生产企业、卷烟生产企业、食品饮料生产企业、塑料包装企业、印刷企业等。公司湿法锂离子隔膜产品的主要客户包括松下、LGChem.Ltd.、三星SDI、CATL（宁德时代新能源科技股份有限公司）、国轩高科股份有限公司、深圳市比亚迪锂电池有限公司、孚能科技、天津力神电池股份有限公司及其他超过20家的国内锂电池企业。公司是云南省非专卖的卷烟材料A级供应商，烟标产品主要客户为国内大型的卷烟生产企业，包括云南中烟物资（集团）有限责任公司、四川中烟工业有限责任公司和重庆中烟工业有限责任公司，产品广泛应用于“玉溪”、“红塔山”、“云烟”、“红河”、“雪域”、“红金龙”、“紫云”、“Marble”、“龙凤呈祥”等国内知名的卷烟品牌。公司烟膜产品的主要客户包括云南中烟物资（集团）有限责任公司、四川中烟工业有限责任公司、重庆中烟工业有限责任公司、安徽中烟工业有限责任公司、湖北中烟工业有限责任公司、贵州中烟工业有限责任公司、黑龙江烟草、吉林烟草、甘肃中烟工业有限责任公司等集团下属多家国内知名的卷烟厂。公司无菌包装产品的主要客户包括内蒙古伊利实业集团股份有限公司、内蒙古蒙牛乳业（集团）股份有限公司、中国汇源果汁集团有限公司、北京三元食品股份有限公司、皇氏集团华南乳品有限公司、贵州好一多乳业股份有限公司、广州市东鹏食品饮料有限公司、厦门惠尔康食品有限公司、达利集团、黑龙江完达山阳光乳业有限公司、云南欧亚乳业有限公司、云南皇氏来思尔乳业有限公司等国内知名企业，以及全球乳制品企业TOP10之一的荷兰乳制品企业FRIESLANDCAMPINANEDERLANDB.V.（荷兰皇家菲仕兰公司）。2、经营模式公司不同的产品采取不同的经营模式，其中是湿法锂离子隔膜、烟标、无菌包装、特种纸制品和烟膜均按照客户要求进行定制化生产，平膜一般采取以销定产，并配备适当的库存量。（1）采购模式：公司供应部通过对供应商的评价、选择，建立了《合格供方名单》（或《合格供应商/材料清单》）。采购清单所列物资只能在《合格供方名单》之内实施采购，每一种物资的采购都要有2个以上供应商进行选择。公司对供应商每年进行一次全面评价，并及时更新《合格供方名单》（或《合格供应商/材料清单》）。（2）生产模式：公司主要采取订单生产和集中排产相结合的方式生产，从而合理控制生产成本，提高效率。生产计划部根据订单和销售计划制定生产计划，进行统一生产调度、组织管理和质量控制，确保按时按质按量完成生产任务。（3）销售模式：公司湿法锂电池隔膜产品采取直销的销售模式，由营销部门销售人员负责产品的销售、推广和订单获取工作；烟标和烟膜产品主要基于烟标印刷行业的下游卷烟企业依据《烟用物资采购管理规定》实行的全国性招标采购，公司通过参与各卷烟企业招投标获取订单，并按照客户的订单组织生产和销售，为客户提供定制产品；平膜一般采取以销定产，并配备适当的库存量；无菌包装、特种纸制品均按照客户要求进行定制化生产。3、行业情况及公司所处的行业地位公司是湿法隔膜行业具有全球竞争力的领先企业，并且在烟标、BOPP膜、无菌包装及特种纸等细分行业中拥有较为丰富产品的公司,CNInfo annual report downloaded locally,constructed_entity_edge_from_downloaded_cninfo_report
CMIN-CN:002812.SZ,恩捷股份,stock,ENTITY:25c78be0c9160a5cf4e1,安徽中烟工业有限责任公司,company_entity,002812.SZ,,supplies_to,customer,,,2018,annual,2019-04-25,2019-04-25,2020-03-15,F:/Codex/GNN_data/data/tasks/csi300_cn_supply_chain_cninfo_2018_2021/data_raw/cn_supply_chain_cninfo/pdf/002812_2018_annual_2019-04-25.pdf,16,主要客户为国内外大型的锂电池生产企业、卷烟生产企业、食品饮料生产企业、塑料包装企业、印刷企业等。公司湿法锂离子隔膜产品的主要客户包括松下、LGChem.Ltd.、三星SDI、CATL（宁德时代新能源科技股份有限公司）、国轩高科股份有限公司、深圳市比亚迪锂电池有限公司、孚能科技、天津力神电池股份有限公司及其他超过20家的国内锂电池企业。公司是云南省非专卖的卷烟材料A级供应商，烟标产品主要客户为国内大型的卷烟生产企业，包括云南中烟物资（集团）有限责任公司、四川中烟工业有限责任公司和重庆中烟工业有限责任公司，产品广泛应用于“玉溪”、“红塔山”、“云烟”、“红河”、“雪域”、“红金龙”、“紫云”、“Marble”、“龙凤呈祥”等国内知名的卷烟品牌。公司烟膜产品的主要客户包括云南中烟物资（集团）有限责任公司、四川中烟工业有限责任公司、重庆中烟工业有限责任公司、安徽中烟工业有限责任公司、湖北中烟工业有限责任公司、贵州中烟工业有限责任公司、黑龙江烟草、吉林烟草、甘肃中烟工业有限责任公司等集团下属多家国内知名的卷烟厂。公司无菌包装产品的主要客户包括内蒙古伊利实业集团股份有限公司、内蒙古蒙牛乳业（集团）股份有限公司、中国汇源果汁集团有限公司、北京三元食品股份有限公司、皇氏集团华南乳品有限公司、贵州好一多乳业股份有限公司、广州市东鹏食品饮料有限公司、厦门惠尔康食品有限公司、达利集团、黑龙江完达山阳光乳业有限公司、云南欧亚乳业有限公司、云南皇氏来思尔乳业有限公司等国内知名企业，以及全球乳制品企业TOP10之一的荷兰乳制品企业FRIESLANDCAMPINANEDERLANDB.V.（荷兰皇家菲仕兰公司）。2、经营模式公司不同的产品采取不同的经营模式，其中是湿法锂离子隔膜、烟标、无菌包装、特种纸制品和烟膜均按照客户要求进行定制化生产，平膜一般采取以销定产，并配备适当的库存量。（1）采购模式：公司供应部通过对供应商的评价、选择，建立了《合格供方名单》（或《合格供应商/材料清单》）。采购清单所列物资只能在《合格供方名单》之内实施采购，每一种物资的采购都要有2个以上供应商进行选择。公司对供应商每年进行一次全面评价，并及时更新《合格供方名单》（或《合格供应商/材料清单》）。（2）生产模式：公司主要采取订单生产和集中排产相结合的方式生产，从而合理控制生产成本，提高效率。生产计划部根据订单和销售计划制定生产计划，进行统一生产调度、组织管理和质量控制，确保按时按质按量完成生产任务。（3）销售模式：公司湿法锂电池隔膜产品采取直销的销售模式，由营销部门销售人员负责产品的销售、推广和订单获取工作；烟标和烟膜产品主要基于烟标印刷行业的下游卷烟企业依据《烟用物资采购管理规定》实行的全国性招标采购，公司通过参与各卷烟企业招投标获取订单，并按照客户的订单组织生产和销售，为客户提供定制产品；平膜一般采取以销定产，并配备适当的库存量；无菌包装、特种纸制品均按照客户要求进行定制化生产。3、行业情况及公司所处的行业地位公司是湿法隔膜行业具有全球竞争力的领先企业，并且在烟标、BOPP膜、无菌包装及特种纸等细分行业中拥有较为丰富产品的公司,CNInfo annual report downloaded locally,constructed_entity_edge_from_downloaded_cninfo_report
CMIN-CN:002812.SZ,恩捷股份,stock,ENTITY:65a1959b416b9e027c4a,湖北中烟工业有限责任公司,company_entity,002812.SZ,,supplies_to,customer,,,2018,annual,2019-04-25,2019-04-25,2020-03-15,F:/Codex/GNN_data/data/tasks/csi300_cn_supply_chain_cninfo_2018_2021/data_raw/cn_supply_chain_cninfo/pdf/002812_2018_annual_2019-04-25.pdf,16,主要客户为国内外大型的锂电池生产企业、卷烟生产企业、食品饮料生产企业、塑料包装企业、印刷企业等。公司湿法锂离子隔膜产品的主要客户包括松下、LGChem.Ltd.、三星SDI、CATL（宁德时代新能源科技股份有限公司）、国轩高科股份有限公司、深圳市比亚迪锂电池有限公司、孚能科技、天津力神电池股份有限公司及其他超过20家的国内锂电池企业。公司是云南省非专卖的卷烟材料A级供应商，烟标产品主要客户为国内大型的卷烟生产企业，包括云南中烟物资（集团）有限责任公司、四川中烟工业有限责任公司和重庆中烟工业有限责任公司，产品广泛应用于“玉溪”、“红塔山”、“云烟”、“红河”、“雪域”、“红金龙”、“紫云”、“Marble”、“龙凤呈祥”等国内知名的卷烟品牌。公司烟膜产品的主要客户包括云南中烟物资（集团）有限责任公司、四川中烟工业有限责任公司、重庆中烟工业有限责任公司、安徽中烟工业有限责任公司、湖北中烟工业有限责任公司、贵州中烟工业有限责任公司、黑龙江烟草、吉林烟草、甘肃中烟工业有限责任公司等集团下属多家国内知名的卷烟厂。公司无菌包装产品的主要客户包括内蒙古伊利实业集团股份有限公司、内蒙古蒙牛乳业（集团）股份有限公司、中国汇源果汁集团有限公司、北京三元食品股份有限公司、皇氏集团华南乳品有限公司、贵州好一多乳业股份有限公司、广州市东鹏食品饮料有限公司、厦门惠尔康食品有限公司、达利集团、黑龙江完达山阳光乳业有限公司、云南欧亚乳业有限公司、云南皇氏来思尔乳业有限公司等国内知名企业，以及全球乳制品企业TOP10之一的荷兰乳制品企业FRIESLANDCAMPINANEDERLANDB.V.（荷兰皇家菲仕兰公司）。2、经营模式公司不同的产品采取不同的经营模式，其中是湿法锂离子隔膜、烟标、无菌包装、特种纸制品和烟膜均按照客户要求进行定制化生产，平膜一般采取以销定产，并配备适当的库存量。（1）采购模式：公司供应部通过对供应商的评价、选择，建立了《合格供方名单》（或《合格供应商/材料清单》）。采购清单所列物资只能在《合格供方名单》之内实施采购，每一种物资的采购都要有2个以上供应商进行选择。公司对供应商每年进行一次全面评价，并及时更新《合格供方名单》（或《合格供应商/材料清单》）。（2）生产模式：公司主要采取订单生产和集中排产相结合的方式生产，从而合理控制生产成本，提高效率。生产计划部根据订单和销售计划制定生产计划，进行统一生产调度、组织管理和质量控制，确保按时按质按量完成生产任务。（3）销售模式：公司湿法锂电池隔膜产品采取直销的销售模式，由营销部门销售人员负责产品的销售、推广和订单获取工作；烟标和烟膜产品主要基于烟标印刷行业的下游卷烟企业依据《烟用物资采购管理规定》实行的全国性招标采购，公司通过参与各卷烟企业招投标获取订单，并按照客户的订单组织生产和销售，为客户提供定制产品；平膜一般采取以销定产，并配备适当的库存量；无菌包装、特种纸制品均按照客户要求进行定制化生产。3、行业情况及公司所处的行业地位公司是湿法隔膜行业具有全球竞争力的领先企业，并且在烟标、BOPP膜、无菌包装及特种纸等细分行业中拥有较为丰富产品的公司,CNInfo annual report downloaded locally,constructed_entity_edge_from_downloaded_cninfo_report
CMIN-CN:002812.SZ,恩捷股份,stock,ENTITY:d98830ae007dbe3da129,贵州中烟工业有限责任公司,company_entity,002812.SZ,,supplies_to,customer,,,2018,annual,2019-04-25,2019-04-25,2020-03-15,F:/Codex/GNN_data/data/tasks/csi300_cn_supply_chain_cninfo_2018_2021/data_raw/cn_supply_chain_cninfo/pdf/002812_2018_annual_2019-04-25.pdf,16,主要客户为国内外大型的锂电池生产企业、卷烟生产企业、食品饮料生产企业、塑料包装企业、印刷企业等。公司湿法锂离子隔膜产品的主要客户包括松下、LGChem.Ltd.、三星SDI、CATL（宁德时代新能源科技股份有限公司）、国轩高科股份有限公司、深圳市比亚迪锂电池有限公司、孚能科技、天津力神电池股份有限公司及其他超过20家的国内锂电池企业。公司是云南省非专卖的卷烟材料A级供应商，烟标产品主要客户为国内大型的卷烟生产企业，包括云南中烟物资（集团）有限责任公司、四川中烟工业有限责任公司和重庆中烟工业有限责任公司，产品广泛应用于“玉溪”、“红塔山”、“云烟”、“红河”、“雪域”、“红金龙”、“紫云”、“Marble”、“龙凤呈祥”等国内知名的卷烟品牌。公司烟膜产品的主要客户包括云南中烟物资（集团）有限责任公司、四川中烟工业有限责任公司、重庆中烟工业有限责任公司、安徽中烟工业有限责任公司、湖北中烟工业有限责任公司、贵州中烟工业有限责任公司、黑龙江烟草、吉林烟草、甘肃中烟工业有限责任公司等集团下属多家国内知名的卷烟厂。公司无菌包装产品的主要客户包括内蒙古伊利实业集团股份有限公司、内蒙古蒙牛乳业（集团）股份有限公司、中国汇源果汁集团有限公司、北京三元食品股份有限公司、皇氏集团华南乳品有限公司、贵州好一多乳业股份有限公司、广州市东鹏食品饮料有限公司、厦门惠尔康食品有限公司、达利集团、黑龙江完达山阳光乳业有限公司、云南欧亚乳业有限公司、云南皇氏来思尔乳业有限公司等国内知名企业，以及全球乳制品企业TOP10之一的荷兰乳制品企业FRIESLANDCAMPINANEDERLANDB.V.（荷兰皇家菲仕兰公司）。2、经营模式公司不同的产品采取不同的经营模式，其中是湿法锂离子隔膜、烟标、无菌包装、特种纸制品和烟膜均按照客户要求进行定制化生产，平膜一般采取以销定产，并配备适当的库存量。（1）采购模式：公司供应部通过对供应商的评价、选择，建立了《合格供方名单》（或《合格供应商/材料清单》）。采购清单所列物资只能在《合格供方名单》之内实施采购，每一种物资的采购都要有2个以上供应商进行选择。公司对供应商每年进行一次全面评价，并及时更新《合格供方名单》（或《合格供应商/材料清单》）。（2）生产模式：公司主要采取订单生产和集中排产相结合的方式生产，从而合理控制生产成本，提高效率。生产计划部根据订单和销售计划制定生产计划，进行统一生产调度、组织管理和质量控制，确保按时按质按量完成生产任务。（3）销售模式：公司湿法锂电池隔膜产品采取直销的销售模式，由营销部门销售人员负责产品的销售、推广和订单获取工作；烟标和烟膜产品主要基于烟标印刷行业的下游卷烟企业依据《烟用物资采购管理规定》实行的全国性招标采购，公司通过参与各卷烟企业招投标获取订单，并按照客户的订单组织生产和销售，为客户提供定制产品；平膜一般采取以销定产，并配备适当的库存量；无菌包装、特种纸制品均按照客户要求进行定制化生产。3、行业情况及公司所处的行业地位公司是湿法隔膜行业具有全球竞争力的领先企业，并且在烟标、BOPP膜、无菌包装及特种纸等细分行业中拥有较为丰富产品的公司,CNInfo annual report downloaded locally,constructed_entity_edge_from_downloaded_cninfo_report
CMIN-CN:002812.SZ,恩捷股份,stock,ENTITY:71bb8ce04194b1e35ed2,内蒙古蒙牛乳业（集团）股份有限公司,company_entity,002812.SZ,,supplies_to,customer,,,2018,annual,2019-04-25,2019-04-25,2020-03-15,F:/Codex/GNN_data/data/tasks/csi300_cn_supply_chain_cninfo_2018_2021/data_raw/cn_supply_chain_cninfo/pdf/002812_2018_annual_2019-04-25.pdf,16,主要客户为国内外大型的锂电池生产企业、卷烟生产企业、食品饮料生产企业、塑料包装企业、印刷企业等。公司湿法锂离子隔膜产品的主要客户包括松下、LGChem.Ltd.、三星SDI、CATL（宁德时代新能源科技股份有限公司）、国轩高科股份有限公司、深圳市比亚迪锂电池有限公司、孚能科技、天津力神电池股份有限公司及其他超过20家的国内锂电池企业。公司是云南省非专卖的卷烟材料A级供应商，烟标产品主要客户为国内大型的卷烟生产企业，包括云南中烟物资（集团）有限责任公司、四川中烟工业有限责任公司和重庆中烟工业有限责任公司，产品广泛应用于“玉溪”、“红塔山”、“云烟”、“红河”、“雪域”、“红金龙”、“紫云”、“Marble”、“龙凤呈祥”等国内知名的卷烟品牌。公司烟膜产品的主要客户包括云南中烟物资（集团）有限责任公司、四川中烟工业有限责任公司、重庆中烟工业有限责任公司、安徽中烟工业有限责任公司、湖北中烟工业有限责任公司、贵州中烟工业有限责任公司、黑龙江烟草、吉林烟草、甘肃中烟工业有限责任公司等集团下属多家国内知名的卷烟厂。公司无菌包装产品的主要客户包括内蒙古伊利实业集团股份有限公司、内蒙古蒙牛乳业（集团）股份有限公司、中国汇源果汁集团有限公司、北京三元食品股份有限公司、皇氏集团华南乳品有限公司、贵州好一多乳业股份有限公司、广州市东鹏食品饮料有限公司、厦门惠尔康食品有限公司、达利集团、黑龙江完达山阳光乳业有限公司、云南欧亚乳业有限公司、云南皇氏来思尔乳业有限公司等国内知名企业，以及全球乳制品企业TOP10之一的荷兰乳制品企业FRIESLANDCAMPINANEDERLANDB.V.（荷兰皇家菲仕兰公司）。2、经营模式公司不同的产品采取不同的经营模式，其中是湿法锂离子隔膜、烟标、无菌包装、特种纸制品和烟膜均按照客户要求进行定制化生产，平膜一般采取以销定产，并配备适当的库存量。（1）采购模式：公司供应部通过对供应商的评价、选择，建立了《合格供方名单》（或《合格供应商/材料清单》）。采购清单所列物资只能在《合格供方名单》之内实施采购，每一种物资的采购都要有2个以上供应商进行选择。公司对供应商每年进行一次全面评价，并及时更新《合格供方名单》（或《合格供应商/材料清单》）。（2）生产模式：公司主要采取订单生产和集中排产相结合的方式生产，从而合理控制生产成本，提高效率。生产计划部根据订单和销售计划制定生产计划，进行统一生产调度、组织管理和质量控制，确保按时按质按量完成生产任务。（3）销售模式：公司湿法锂电池隔膜产品采取直销的销售模式，由营销部门销售人员负责产品的销售、推广和订单获取工作；烟标和烟膜产品主要基于烟标印刷行业的下游卷烟企业依据《烟用物资采购管理规定》实行的全国性招标采购，公司通过参与各卷烟企业招投标获取订单，并按照客户的订单组织生产和销售，为客户提供定制产品；平膜一般采取以销定产，并配备适当的库存量；无菌包装、特种纸制品均按照客户要求进行定制化生产。3、行业情况及公司所处的行业地位公司是湿法隔膜行业具有全球竞争力的领先企业，并且在烟标、BOPP膜、无菌包装及特种纸等细分行业中拥有较为丰富产品的公司,CNInfo annual report downloaded locally,constructed_entity_edge_from_downloaded_cninfo_report
CMIN-CN:002812.SZ,恩捷股份,stock,ENTITY:616dfa48a99ae88fc244,中国汇源果汁集团有限公司,company_entity,002812.SZ,,supplies_to,customer,,,2018,annual,2019-04-25,2019-04-25,2020-03-15,F:/Codex/GNN_data/data/tasks/csi300_cn_supply_chain_cninfo_2018_2021/data_raw/cn_supply_chain_cninfo/pdf/002812_2018_annual_2019-04-25.pdf,16,主要客户为国内外大型的锂电池生产企业、卷烟生产企业、食品饮料生产企业、塑料包装企业、印刷企业等。公司湿法锂离子隔膜产品的主要客户包括松下、LGChem.Ltd.、三星SDI、CATL（宁德时代新能源科技股份有限公司）、国轩高科股份有限公司、深圳市比亚迪锂电池有限公司、孚能科技、天津力神电池股份有限公司及其他超过20家的国内锂电池企业。公司是云南省非专卖的卷烟材料A级供应商，烟标产品主要客户为国内大型的卷烟生产企业，包括云南中烟物资（集团）有限责任公司、四川中烟工业有限责任公司和重庆中烟工业有限责任公司，产品广泛应用于“玉溪”、“红塔山”、“云烟”、“红河”、“雪域”、“红金龙”、“紫云”、“Marble”、“龙凤呈祥”等国内知名的卷烟品牌。公司烟膜产品的主要客户包括云南中烟物资（集团）有限责任公司、四川中烟工业有限责任公司、重庆中烟工业有限责任公司、安徽中烟工业有限责任公司、湖北中烟工业有限责任公司、贵州中烟工业有限责任公司、黑龙江烟草、吉林烟草、甘肃中烟工业有限责任公司等集团下属多家国内知名的卷烟厂。公司无菌包装产品的主要客户包括内蒙古伊利实业集团股份有限公司、内蒙古蒙牛乳业（集团）股份有限公司、中国汇源果汁集团有限公司、北京三元食品股份有限公司、皇氏集团华南乳品有限公司、贵州好一多乳业股份有限公司、广州市东鹏食品饮料有限公司、厦门惠尔康食品有限公司、达利集团、黑龙江完达山阳光乳业有限公司、云南欧亚乳业有限公司、云南皇氏来思尔乳业有限公司等国内知名企业，以及全球乳制品企业TOP10之一的荷兰乳制品企业FRIESLANDCAMPINANEDERLANDB.V.（荷兰皇家菲仕兰公司）。2、经营模式公司不同的产品采取不同的经营模式，其中是湿法锂离子隔膜、烟标、无菌包装、特种纸制品和烟膜均按照客户要求进行定制化生产，平膜一般采取以销定产，并配备适当的库存量。（1）采购模式：公司供应部通过对供应商的评价、选择，建立了《合格供方名单》（或《合格供应商/材料清单》）。采购清单所列物资只能在《合格供方名单》之内实施采购，每一种物资的采购都要有2个以上供应商进行选择。公司对供应商每年进行一次全面评价，并及时更新《合格供方名单》（或《合格供应商/材料清单》）。（2）生产模式：公司主要采取订单生产和集中排产相结合的方式生产，从而合理控制生产成本，提高效率。生产计划部根据订单和销售计划制定生产计划，进行统一生产调度、组织管理和质量控制，确保按时按质按量完成生产任务。（3）销售模式：公司湿法锂电池隔膜产品采取直销的销售模式，由营销部门销售人员负责产品的销售、推广和订单获取工作；烟标和烟膜产品主要基于烟标印刷行业的下游卷烟企业依据《烟用物资采购管理规定》实行的全国性招标采购，公司通过参与各卷烟企业招投标获取订单，并按照客户的订单组织生产和销售，为客户提供定制产品；平膜一般采取以销定产，并配备适当的库存量；无菌包装、特种纸制品均按照客户要求进行定制化生产。3、行业情况及公司所处的行业地位公司是湿法隔膜行业具有全球竞争力的领先企业，并且在烟标、BOPP膜、无菌包装及特种纸等细分行业中拥有较为丰富产品的公司,CNInfo annual report downloaded locally,constructed_entity_edge_from_downloaded_cninfo_report
CMIN-CN:002812.SZ,恩捷股份,stock,ENTITY:01ab855c7755485aba95,北京三元食品股份有限公司,company_entity,002812.SZ,,supplies_to,customer,,,2018,annual,2019-04-25,2019-04-25,2020-03-15,F:/Codex/GNN_data/data/tasks/csi300_cn_supply_chain_cninfo_2018_2021/data_raw/cn_supply_chain_cninfo/pdf/002812_2018_annual_2019-04-25.pdf,16,主要客户为国内外大型的锂电池生产企业、卷烟生产企业、食品饮料生产企业、塑料包装企业、印刷企业等。公司湿法锂离子隔膜产品的主要客户包括松下、LGChem.Ltd.、三星SDI、CATL（宁德时代新能源科技股份有限公司）、国轩高科股份有限公司、深圳市比亚迪锂电池有限公司、孚能科技、天津力神电池股份有限公司及其他超过20家的国内锂电池企业。公司是云南省非专卖的卷烟材料A级供应商，烟标产品主要客户为国内大型的卷烟生产企业，包括云南中烟物资（集团）有限责任公司、四川中烟工业有限责任公司和重庆中烟工业有限责任公司，产品广泛应用于“玉溪”、“红塔山”、“云烟”、“红河”、“雪域”、“红金龙”、“紫云”、“Marble”、“龙凤呈祥”等国内知名的卷烟品牌。公司烟膜产品的主要客户包括云南中烟物资（集团）有限责任公司、四川中烟工业有限责任公司、重庆中烟工业有限责任公司、安徽中烟工业有限责任公司、湖北中烟工业有限责任公司、贵州中烟工业有限责任公司、黑龙江烟草、吉林烟草、甘肃中烟工业有限责任公司等集团下属多家国内知名的卷烟厂。公司无菌包装产品的主要客户包括内蒙古伊利实业集团股份有限公司、内蒙古蒙牛乳业（集团）股份有限公司、中国汇源果汁集团有限公司、北京三元食品股份有限公司、皇氏集团华南乳品有限公司、贵州好一多乳业股份有限公司、广州市东鹏食品饮料有限公司、厦门惠尔康食品有限公司、达利集团、黑龙江完达山阳光乳业有限公司、云南欧亚乳业有限公司、云南皇氏来思尔乳业有限公司等国内知名企业，以及全球乳制品企业TOP10之一的荷兰乳制品企业FRIESLANDCAMPINANEDERLANDB.V.（荷兰皇家菲仕兰公司）。2、经营模式公司不同的产品采取不同的经营模式，其中是湿法锂离子隔膜、烟标、无菌包装、特种纸制品和烟膜均按照客户要求进行定制化生产，平膜一般采取以销定产，并配备适当的库存量。（1）采购模式：公司供应部通过对供应商的评价、选择，建立了《合格供方名单》（或《合格供应商/材料清单》）。采购清单所列物资只能在《合格供方名单》之内实施采购，每一种物资的采购都要有2个以上供应商进行选择。公司对供应商每年进行一次全面评价，并及时更新《合格供方名单》（或《合格供应商/材料清单》）。（2）生产模式：公司主要采取订单生产和集中排产相结合的方式生产，从而合理控制生产成本，提高效率。生产计划部根据订单和销售计划制定生产计划，进行统一生产调度、组织管理和质量控制，确保按时按质按量完成生产任务。（3）销售模式：公司湿法锂电池隔膜产品采取直销的销售模式，由营销部门销售人员负责产品的销售、推广和订单获取工作；烟标和烟膜产品主要基于烟标印刷行业的下游卷烟企业依据《烟用物资采购管理规定》实行的全国性招标采购，公司通过参与各卷烟企业招投标获取订单，并按照客户的订单组织生产和销售，为客户提供定制产品；平膜一般采取以销定产，并配备适当的库存量；无菌包装、特种纸制品均按照客户要求进行定制化生产。3、行业情况及公司所处的行业地位公司是湿法隔膜行业具有全球竞争力的领先企业，并且在烟标、BOPP膜、无菌包装及特种纸等细分行业中拥有较为丰富产品的公司,CNInfo annual report downloaded locally,constructed_entity_edge_from_downloaded_cninfo_report
CMIN-CN:002812.SZ,恩捷股份,stock,ENTITY:934692ded620773e7afa,皇氏集团华南乳品有限公司,company_entity,002812.SZ,,supplies_to,customer,,,2018,annual,2019-04-25,2019-04-25,2020-03-15,F:/Codex/GNN_data/data/tasks/csi300_cn_supply_chain_cninfo_2018_2021/data_raw/cn_supply_chain_cninfo/pdf/002812_2018_annual_2019-04-25.pdf,16,主要客户为国内外大型的锂电池生产企业、卷烟生产企业、食品饮料生产企业、塑料包装企业、印刷企业等。公司湿法锂离子隔膜产品的主要客户包括松下、LGChem.Ltd.、三星SDI、CATL（宁德时代新能源科技股份有限公司）、国轩高科股份有限公司、深圳市比亚迪锂电池有限公司、孚能科技、天津力神电池股份有限公司及其他超过20家的国内锂电池企业。公司是云南省非专卖的卷烟材料A级供应商，烟标产品主要客户为国内大型的卷烟生产企业，包括云南中烟物资（集团）有限责任公司、四川中烟工业有限责任公司和重庆中烟工业有限责任公司，产品广泛应用于“玉溪”、“红塔山”、“云烟”、“红河”、“雪域”、“红金龙”、“紫云”、“Marble”、“龙凤呈祥”等国内知名的卷烟品牌。公司烟膜产品的主要客户包括云南中烟物资（集团）有限责任公司、四川中烟工业有限责任公司、重庆中烟工业有限责任公司、安徽中烟工业有限责任公司、湖北中烟工业有限责任公司、贵州中烟工业有限责任公司、黑龙江烟草、吉林烟草、甘肃中烟工业有限责任公司等集团下属多家国内知名的卷烟厂。公司无菌包装产品的主要客户包括内蒙古伊利实业集团股份有限公司、内蒙古蒙牛乳业（集团）股份有限公司、中国汇源果汁集团有限公司、北京三元食品股份有限公司、皇氏集团华南乳品有限公司、贵州好一多乳业股份有限公司、广州市东鹏食品饮料有限公司、厦门惠尔康食品有限公司、达利集团、黑龙江完达山阳光乳业有限公司、云南欧亚乳业有限公司、云南皇氏来思尔乳业有限公司等国内知名企业，以及全球乳制品企业TOP10之一的荷兰乳制品企业FRIESLANDCAMPINANEDERLANDB.V.（荷兰皇家菲仕兰公司）。2、经营模式公司不同的产品采取不同的经营模式，其中是湿法锂离子隔膜、烟标、无菌包装、特种纸制品和烟膜均按照客户要求进行定制化生产，平膜一般采取以销定产，并配备适当的库存量。（1）采购模式：公司供应部通过对供应商的评价、选择，建立了《合格供方名单》（或《合格供应商/材料清单》）。采购清单所列物资只能在《合格供方名单》之内实施采购，每一种物资的采购都要有2个以上供应商进行选择。公司对供应商每年进行一次全面评价，并及时更新《合格供方名单》（或《合格供应商/材料清单》）。（2）生产模式：公司主要采取订单生产和集中排产相结合的方式生产，从而合理控制生产成本，提高效率。生产计划部根据订单和销售计划制定生产计划，进行统一生产调度、组织管理和质量控制，确保按时按质按量完成生产任务。（3）销售模式：公司湿法锂电池隔膜产品采取直销的销售模式，由营销部门销售人员负责产品的销售、推广和订单获取工作；烟标和烟膜产品主要基于烟标印刷行业的下游卷烟企业依据《烟用物资采购管理规定》实行的全国性招标采购，公司通过参与各卷烟企业招投标获取订单，并按照客户的订单组织生产和销售，为客户提供定制产品；平膜一般采取以销定产，并配备适当的库存量；无菌包装、特种纸制品均按照客户要求进行定制化生产。3、行业情况及公司所处的行业地位公司是湿法隔膜行业具有全球竞争力的领先企业，并且在烟标、BOPP膜、无菌包装及特种纸等细分行业中拥有较为丰富产品的公司,CNInfo annual report downloaded locally,constructed_entity_edge_from_downloaded_cninfo_report
CMIN-CN:002812.SZ,恩捷股份,stock,ENTITY:331acc06a562afd0a0f6,贵州好一多乳业股份有限公司,company_entity,002812.SZ,,supplies_to,customer,,,2018,annual,2019-04-25,2019-04-25,2020-03-15,F:/Codex/GNN_data/data/tasks/csi300_cn_supply_chain_cninfo_2018_2021/data_raw/cn_supply_chain_cninfo/pdf/002812_2018_annual_2019-04-25.pdf,16,主要客户为国内外大型的锂电池生产企业、卷烟生产企业、食品饮料生产企业、塑料包装企业、印刷企业等。公司湿法锂离子隔膜产品的主要客户包括松下、LGChem.Ltd.、三星SDI、CATL（宁德时代新能源科技股份有限公司）、国轩高科股份有限公司、深圳市比亚迪锂电池有限公司、孚能科技、天津力神电池股份有限公司及其他超过20家的国内锂电池企业。公司是云南省非专卖的卷烟材料A级供应商，烟标产品主要客户为国内大型的卷烟生产企业，包括云南中烟物资（集团）有限责任公司、四川中烟工业有限责任公司和重庆中烟工业有限责任公司，产品广泛应用于“玉溪”、“红塔山”、“云烟”、“红河”、“雪域”、“红金龙”、“紫云”、“Marble”、“龙凤呈祥”等国内知名的卷烟品牌。公司烟膜产品的主要客户包括云南中烟物资（集团）有限责任公司、四川中烟工业有限责任公司、重庆中烟工业有限责任公司、安徽中烟工业有限责任公司、湖北中烟工业有限责任公司、贵州中烟工业有限责任公司、黑龙江烟草、吉林烟草、甘肃中烟工业有限责任公司等集团下属多家国内知名的卷烟厂。公司无菌包装产品的主要客户包括内蒙古伊利实业集团股份有限公司、内蒙古蒙牛乳业（集团）股份有限公司、中国汇源果汁集团有限公司、北京三元食品股份有限公司、皇氏集团华南乳品有限公司、贵州好一多乳业股份有限公司、广州市东鹏食品饮料有限公司、厦门惠尔康食品有限公司、达利集团、黑龙江完达山阳光乳业有限公司、云南欧亚乳业有限公司、云南皇氏来思尔乳业有限公司等国内知名企业，以及全球乳制品企业TOP10之一的荷兰乳制品企业FRIESLANDCAMPINANEDERLANDB.V.（荷兰皇家菲仕兰公司）。2、经营模式公司不同的产品采取不同的经营模式，其中是湿法锂离子隔膜、烟标、无菌包装、特种纸制品和烟膜均按照客户要求进行定制化生产，平膜一般采取以销定产，并配备适当的库存量。（1）采购模式：公司供应部通过对供应商的评价、选择，建立了《合格供方名单》（或《合格供应商/材料清单》）。采购清单所列物资只能在《合格供方名单》之内实施采购，每一种物资的采购都要有2个以上供应商进行选择。公司对供应商每年进行一次全面评价，并及时更新《合格供方名单》（或《合格供应商/材料清单》）。（2）生产模式：公司主要采取订单生产和集中排产相结合的方式生产，从而合理控制生产成本，提高效率。生产计划部根据订单和销售计划制定生产计划，进行统一生产调度、组织管理和质量控制，确保按时按质按量完成生产任务。（3）销售模式：公司湿法锂电池隔膜产品采取直销的销售模式，由营销部门销售人员负责产品的销售、推广和订单获取工作；烟标和烟膜产品主要基于烟标印刷行业的下游卷烟企业依据《烟用物资采购管理规定》实行的全国性招标采购，公司通过参与各卷烟企业招投标获取订单，并按照客户的订单组织生产和销售，为客户提供定制产品；平膜一般采取以销定产，并配备适当的库存量；无菌包装、特种纸制品均按照客户要求进行定制化生产。3、行业情况及公司所处的行业地位公司是湿法隔膜行业具有全球竞争力的领先企业，并且在烟标、BOPP膜、无菌包装及特种纸等细分行业中拥有较为丰富产品的公司,CNInfo annual report downloaded locally,constructed_entity_edge_from_downloaded_cninfo_report
CMIN-CN:002812.SZ,恩捷股份,stock,ENTITY:65e98faeca4cc28a377f,广州市东鹏食品饮料有限公司,company_entity,002812.SZ,,supplies_to,customer,,,2018,annual,2019-04-25,2019-04-25,2020-03-15,F:/Codex/GNN_data/data/tasks/csi300_cn_supply_chain_cninfo_2018_2021/data_raw/cn_supply_chain_cninfo/pdf/002812_2018_annual_2019-04-25.pdf,16,主要客户为国内外大型的锂电池生产企业、卷烟生产企业、食品饮料生产企业、塑料包装企业、印刷企业等。公司湿法锂离子隔膜产品的主要客户包括松下、LGChem.Ltd.、三星SDI、CATL（宁德时代新能源科技股份有限公司）、国轩高科股份有限公司、深圳市比亚迪锂电池有限公司、孚能科技、天津力神电池股份有限公司及其他超过20家的国内锂电池企业。公司是云南省非专卖的卷烟材料A级供应商，烟标产品主要客户为国内大型的卷烟生产企业，包括云南中烟物资（集团）有限责任公司、四川中烟工业有限责任公司和重庆中烟工业有限责任公司，产品广泛应用于“玉溪”、“红塔山”、“云烟”、“红河”、“雪域”、“红金龙”、“紫云”、“Marble”、“龙凤呈祥”等国内知名的卷烟品牌。公司烟膜产品的主要客户包括云南中烟物资（集团）有限责任公司、四川中烟工业有限责任公司、重庆中烟工业有限责任公司、安徽中烟工业有限责任公司、湖北中烟工业有限责任公司、贵州中烟工业有限责任公司、黑龙江烟草、吉林烟草、甘肃中烟工业有限责任公司等集团下属多家国内知名的卷烟厂。公司无菌包装产品的主要客户包括内蒙古伊利实业集团股份有限公司、内蒙古蒙牛乳业（集团）股份有限公司、中国汇源果汁集团有限公司、北京三元食品股份有限公司、皇氏集团华南乳品有限公司、贵州好一多乳业股份有限公司、广州市东鹏食品饮料有限公司、厦门惠尔康食品有限公司、达利集团、黑龙江完达山阳光乳业有限公司、云南欧亚乳业有限公司、云南皇氏来思尔乳业有限公司等国内知名企业，以及全球乳制品企业TOP10之一的荷兰乳制品企业FRIESLANDCAMPINANEDERLANDB.V.（荷兰皇家菲仕兰公司）。2、经营模式公司不同的产品采取不同的经营模式，其中是湿法锂离子隔膜、烟标、无菌包装、特种纸制品和烟膜均按照客户要求进行定制化生产，平膜一般采取以销定产，并配备适当的库存量。（1）采购模式：公司供应部通过对供应商的评价、选择，建立了《合格供方名单》（或《合格供应商/材料清单》）。采购清单所列物资只能在《合格供方名单》之内实施采购，每一种物资的采购都要有2个以上供应商进行选择。公司对供应商每年进行一次全面评价，并及时更新《合格供方名单》（或《合格供应商/材料清单》）。（2）生产模式：公司主要采取订单生产和集中排产相结合的方式生产，从而合理控制生产成本，提高效率。生产计划部根据订单和销售计划制定生产计划，进行统一生产调度、组织管理和质量控制，确保按时按质按量完成生产任务。（3）销售模式：公司湿法锂电池隔膜产品采取直销的销售模式，由营销部门销售人员负责产品的销售、推广和订单获取工作；烟标和烟膜产品主要基于烟标印刷行业的下游卷烟企业依据《烟用物资采购管理规定》实行的全国性招标采购，公司通过参与各卷烟企业招投标获取订单，并按照客户的订单组织生产和销售，为客户提供定制产品；平膜一般采取以销定产，并配备适当的库存量；无菌包装、特种纸制品均按照客户要求进行定制化生产。3、行业情况及公司所处的行业地位公司是湿法隔膜行业具有全球竞争力的领先企业，并且在烟标、BOPP膜、无菌包装及特种纸等细分行业中拥有较为丰富产品的公司,CNInfo annual report downloaded locally,constructed_entity_edge_from_downloaded_cninfo_report
CMIN-CN:002812.SZ,恩捷股份,stock,ENTITY:7d7f5c4745e29ba6629c,厦门惠尔康食品有限公司,company_entity,002812.SZ,,supplies_to,customer,,,2018,annual,2019-04-25,2019-04-25,2020-03-15,F:/Codex/GNN_data/data/tasks/csi300_cn_supply_chain_cninfo_2018_2021/data_raw/cn_supply_chain_cninfo/pdf/002812_2018_annual_2019-04-25.pdf,16,主要客户为国内外大型的锂电池生产企业、卷烟生产企业、食品饮料生产企业、塑料包装企业、印刷企业等。公司湿法锂离子隔膜产品的主要客户包括松下、LGChem.Ltd.、三星SDI、CATL（宁德时代新能源科技股份有限公司）、国轩高科股份有限公司、深圳市比亚迪锂电池有限公司、孚能科技、天津力神电池股份有限公司及其他超过20家的国内锂电池企业。公司是云南省非专卖的卷烟材料A级供应商，烟标产品主要客户为国内大型的卷烟生产企业，包括云南中烟物资（集团）有限责任公司、四川中烟工业有限责任公司和重庆中烟工业有限责任公司，产品广泛应用于“玉溪”、“红塔山”、“云烟”、“红河”、“雪域”、“红金龙”、“紫云”、“Marble”、“龙凤呈祥”等国内知名的卷烟品牌。公司烟膜产品的主要客户包括云南中烟物资（集团）有限责任公司、四川中烟工业有限责任公司、重庆中烟工业有限责任公司、安徽中烟工业有限责任公司、湖北中烟工业有限责任公司、贵州中烟工业有限责任公司、黑龙江烟草、吉林烟草、甘肃中烟工业有限责任公司等集团下属多家国内知名的卷烟厂。公司无菌包装产品的主要客户包括内蒙古伊利实业集团股份有限公司、内蒙古蒙牛乳业（集团）股份有限公司、中国汇源果汁集团有限公司、北京三元食品股份有限公司、皇氏集团华南乳品有限公司、贵州好一多乳业股份有限公司、广州市东鹏食品饮料有限公司、厦门惠尔康食品有限公司、达利集团、黑龙江完达山阳光乳业有限公司、云南欧亚乳业有限公司、云南皇氏来思尔乳业有限公司等国内知名企业，以及全球乳制品企业TOP10之一的荷兰乳制品企业FRIESLANDCAMPINANEDERLANDB.V.（荷兰皇家菲仕兰公司）。2、经营模式公司不同的产品采取不同的经营模式，其中是湿法锂离子隔膜、烟标、无菌包装、特种纸制品和烟膜均按照客户要求进行定制化生产，平膜一般采取以销定产，并配备适当的库存量。（1）采购模式：公司供应部通过对供应商的评价、选择，建立了《合格供方名单》（或《合格供应商/材料清单》）。采购清单所列物资只能在《合格供方名单》之内实施采购，每一种物资的采购都要有2个以上供应商进行选择。公司对供应商每年进行一次全面评价，并及时更新《合格供方名单》（或《合格供应商/材料清单》）。（2）生产模式：公司主要采取订单生产和集中排产相结合的方式生产，从而合理控制生产成本，提高效率。生产计划部根据订单和销售计划制定生产计划，进行统一生产调度、组织管理和质量控制，确保按时按质按量完成生产任务。（3）销售模式：公司湿法锂电池隔膜产品采取直销的销售模式，由营销部门销售人员负责产品的销售、推广和订单获取工作；烟标和烟膜产品主要基于烟标印刷行业的下游卷烟企业依据《烟用物资采购管理规定》实行的全国性招标采购，公司通过参与各卷烟企业招投标获取订单，并按照客户的订单组织生产和销售，为客户提供定制产品；平膜一般采取以销定产，并配备适当的库存量；无菌包装、特种纸制品均按照客户要求进行定制化生产。3、行业情况及公司所处的行业地位公司是湿法隔膜行业具有全球竞争力的领先企业，并且在烟标、BOPP膜、无菌包装及特种纸等细分行业中拥有较为丰富产品的公司,CNInfo annual report downloaded locally,constructed_entity_edge_from_downloaded_cninfo_report
CMIN-CN:002812.SZ,恩捷股份,stock,ENTITY:7ffd55dd20abb099f7fa,黑龙江完达山阳光乳业有限公司,company_entity,002812.SZ,,supplies_to,customer,,,2018,annual,2019-04-25,2019-04-25,2020-03-15,F:/Codex/GNN_data/data/tasks/csi300_cn_supply_chain_cninfo_2018_2021/data_raw/cn_supply_chain_cninfo/pdf/002812_2018_annual_2019-04-25.pdf,16,主要客户为国内外大型的锂电池生产企业、卷烟生产企业、食品饮料生产企业、塑料包装企业、印刷企业等。公司湿法锂离子隔膜产品的主要客户包括松下、LGChem.Ltd.、三星SDI、CATL（宁德时代新能源科技股份有限公司）、国轩高科股份有限公司、深圳市比亚迪锂电池有限公司、孚能科技、天津力神电池股份有限公司及其他超过20家的国内锂电池企业。公司是云南省非专卖的卷烟材料A级供应商，烟标产品主要客户为国内大型的卷烟生产企业，包括云南中烟物资（集团）有限责任公司、四川中烟工业有限责任公司和重庆中烟工业有限责任公司，产品广泛应用于“玉溪”、“红塔山”、“云烟”、“红河”、“雪域”、“红金龙”、“紫云”、“Marble”、“龙凤呈祥”等国内知名的卷烟品牌。公司烟膜产品的主要客户包括云南中烟物资（集团）有限责任公司、四川中烟工业有限责任公司、重庆中烟工业有限责任公司、安徽中烟工业有限责任公司、湖北中烟工业有限责任公司、贵州中烟工业有限责任公司、黑龙江烟草、吉林烟草、甘肃中烟工业有限责任公司等集团下属多家国内知名的卷烟厂。公司无菌包装产品的主要客户包括内蒙古伊利实业集团股份有限公司、内蒙古蒙牛乳业（集团）股份有限公司、中国汇源果汁集团有限公司、北京三元食品股份有限公司、皇氏集团华南乳品有限公司、贵州好一多乳业股份有限公司、广州市东鹏食品饮料有限公司、厦门惠尔康食品有限公司、达利集团、黑龙江完达山阳光乳业有限公司、云南欧亚乳业有限公司、云南皇氏来思尔乳业有限公司等国内知名企业，以及全球乳制品企业TOP10之一的荷兰乳制品企业FRIESLANDCAMPINANEDERLANDB.V.（荷兰皇家菲仕兰公司）。2、经营模式公司不同的产品采取不同的经营模式，其中是湿法锂离子隔膜、烟标、无菌包装、特种纸制品和烟膜均按照客户要求进行定制化生产，平膜一般采取以销定产，并配备适当的库存量。（1）采购模式：公司供应部通过对供应商的评价、选择，建立了《合格供方名单》（或《合格供应商/材料清单》）。采购清单所列物资只能在《合格供方名单》之内实施采购，每一种物资的采购都要有2个以上供应商进行选择。公司对供应商每年进行一次全面评价，并及时更新《合格供方名单》（或《合格供应商/材料清单》）。（2）生产模式：公司主要采取订单生产和集中排产相结合的方式生产，从而合理控制生产成本，提高效率。生产计划部根据订单和销售计划制定生产计划，进行统一生产调度、组织管理和质量控制，确保按时按质按量完成生产任务。（3）销售模式：公司湿法锂电池隔膜产品采取直销的销售模式，由营销部门销售人员负责产品的销售、推广和订单获取工作；烟标和烟膜产品主要基于烟标印刷行业的下游卷烟企业依据《烟用物资采购管理规定》实行的全国性招标采购，公司通过参与各卷烟企业招投标获取订单，并按照客户的订单组织生产和销售，为客户提供定制产品；平膜一般采取以销定产，并配备适当的库存量；无菌包装、特种纸制品均按照客户要求进行定制化生产。3、行业情况及公司所处的行业地位公司是湿法隔膜行业具有全球竞争力的领先企业，并且在烟标、BOPP膜、无菌包装及特种纸等细分行业中拥有较为丰富产品的公司,CNInfo annual report downloaded locally,constructed_entity_edge_from_downloaded_cninfo_report
CMIN-CN:002812.SZ,恩捷股份,stock,ENTITY:fa4e4eee7801309c6b28,云南欧亚乳业有限公司,company_entity,002812.SZ,,supplies_to,customer,,,2018,annual,2019-04-25,2019-04-25,2020-03-15,F:/Codex/GNN_data/data/tasks/csi300_cn_supply_chain_cninfo_2018_2021/data_raw/cn_supply_chain_cninfo/pdf/002812_2018_annual_2019-04-25.pdf,16,主要客户为国内外大型的锂电池生产企业、卷烟生产企业、食品饮料生产企业、塑料包装企业、印刷企业等。公司湿法锂离子隔膜产品的主要客户包括松下、LGChem.Ltd.、三星SDI、CATL（宁德时代新能源科技股份有限公司）、国轩高科股份有限公司、深圳市比亚迪锂电池有限公司、孚能科技、天津力神电池股份有限公司及其他超过20家的国内锂电池企业。公司是云南省非专卖的卷烟材料A级供应商，烟标产品主要客户为国内大型的卷烟生产企业，包括云南中烟物资（集团）有限责任公司、四川中烟工业有限责任公司和重庆中烟工业有限责任公司，产品广泛应用于“玉溪”、“红塔山”、“云烟”、“红河”、“雪域”、“红金龙”、“紫云”、“Marble”、“龙凤呈祥”等国内知名的卷烟品牌。公司烟膜产品的主要客户包括云南中烟物资（集团）有限责任公司、四川中烟工业有限责任公司、重庆中烟工业有限责任公司、安徽中烟工业有限责任公司、湖北中烟工业有限责任公司、贵州中烟工业有限责任公司、黑龙江烟草、吉林烟草、甘肃中烟工业有限责任公司等集团下属多家国内知名的卷烟厂。公司无菌包装产品的主要客户包括内蒙古伊利实业集团股份有限公司、内蒙古蒙牛乳业（集团）股份有限公司、中国汇源果汁集团有限公司、北京三元食品股份有限公司、皇氏集团华南乳品有限公司、贵州好一多乳业股份有限公司、广州市东鹏食品饮料有限公司、厦门惠尔康食品有限公司、达利集团、黑龙江完达山阳光乳业有限公司、云南欧亚乳业有限公司、云南皇氏来思尔乳业有限公司等国内知名企业，以及全球乳制品企业TOP10之一的荷兰乳制品企业FRIESLANDCAMPINANEDERLANDB.V.（荷兰皇家菲仕兰公司）。2、经营模式公司不同的产品采取不同的经营模式，其中是湿法锂离子隔膜、烟标、无菌包装、特种纸制品和烟膜均按照客户要求进行定制化生产，平膜一般采取以销定产，并配备适当的库存量。（1）采购模式：公司供应部通过对供应商的评价、选择，建立了《合格供方名单》（或《合格供应商/材料清单》）。采购清单所列物资只能在《合格供方名单》之内实施采购，每一种物资的采购都要有2个以上供应商进行选择。公司对供应商每年进行一次全面评价，并及时更新《合格供方名单》（或《合格供应商/材料清单》）。（2）生产模式：公司主要采取订单生产和集中排产相结合的方式生产，从而合理控制生产成本，提高效率。生产计划部根据订单和销售计划制定生产计划，进行统一生产调度、组织管理和质量控制，确保按时按质按量完成生产任务。（3）销售模式：公司湿法锂电池隔膜产品采取直销的销售模式，由营销部门销售人员负责产品的销售、推广和订单获取工作；烟标和烟膜产品主要基于烟标印刷行业的下游卷烟企业依据《烟用物资采购管理规定》实行的全国性招标采购，公司通过参与各卷烟企业招投标获取订单，并按照客户的订单组织生产和销售，为客户提供定制产品；平膜一般采取以销定产，并配备适当的库存量；无菌包装、特种纸制品均按照客户要求进行定制化生产。3、行业情况及公司所处的行业地位公司是湿法隔膜行业具有全球竞争力的领先企业，并且在烟标、BOPP膜、无菌包装及特种纸等细分行业中拥有较为丰富产品的公司,CNInfo annual report downloaded locally,constructed_entity_edge_from_downloaded_cninfo_report
CMIN-CN:002812.SZ,恩捷股份,stock,CMIN-CN:300750.SZ,宁德时代,stock,002812.SZ,300750.SZ,supplies_to,customer,,,2019,annual,2020-03-16,2020-03-16,2021-03-16,F:/Codex/GNN_data/data/tasks/csi300_cn_supply_chain_cninfo_2018_2021/data_raw/cn_supply_chain_cninfo/pdf/002812_2019_annual_2020-03-16.pdf,14,主要客户为国内外大型的锂电池生产企业、卷烟生产企业、食品饮料生产企业、塑料包装企业、印刷企业等。公司湿法锂离子隔膜产品的主要客户包括松下、LGChem.Ltd.、三星SDI、宁德时代、国轩、比亚迪、孚能、力神及其他超过20家的国内锂电池企业。公司是云南省非专卖的卷烟材料A级供应商，烟标产品主要客户为国内大型的卷烟生产企业，包括云南中烟物资（集团）有限责任公司和重庆中烟工业有限责任公司等，产品广泛应用于“玉溪”、“红塔山”、“云烟”、“红河”、“雪域”、“紫云”、“Marble”、“龙凤呈祥”等国内知名的卷烟品牌。公司烟膜产品的主要客户包括云南中烟物资（集团）有限责任公司、四川中烟工业有限责任公司、重庆中烟工业有限责任公司、湖南中烟工业有限责任公司、安徽中烟工业有限责任公司、湖北中烟工业有限责任公司、贵州中烟工业有限责任公司、黑龙江烟草、吉林烟草、甘肃中烟工业有限责任公司等集团下属多家国内知名的卷烟厂。公司无菌包装产品的主要客户包括内蒙古伊利实业集团股份有限公司、内蒙古蒙牛乳业（集团）股份有限公司、北京三元食品股份有限公司、皇氏集团华南乳品有限公司、贵州好一多乳业股份有限公司、广州市东鹏食品饮料有限公司、厦门惠尔康食品有限公司、达利集团、黑龙江完达山阳光乳业有限公司、云南欧亚乳业有限公司、云南皇氏来思尔乳业有限公司等国内知名企业，以及全球乳制品企业TOP10之一的荷兰乳制品企业RIESLANDCAMPINANEDERLANDB.V.（荷兰皇家菲仕兰公司）。2、经营模式公司不同的产品采取不同的经营模式，其中是湿法锂离子隔膜、烟标、无菌包装、特种纸制品和烟膜均按照客户要求进行定制化生产，平膜一般采取以销定产，并配备适当的库存量。（1）采购模式：公司供应部通过对供应商的评价、选择，建立了《合格供方名单》（或《合格供应商/材料清单》）。采购清单所列物资只能在《合格供方名单》之内实施采购，每一种物资的采购都要有2个以上供应商进行选择。公司对供应商每年进行一次全面评价，并及时更新《合格供方名单》（或《合格供应商/材料清单》）。（2）生产模式：公司主要采取订单生产和集中排产相结合的方式生产，从而合理控制生产成本，提高效率。生产计划部根据订单和销售计划制定生产计划，进行统一生产调度、组织管理和质量控制，确保按时按质按量完成生产任务。（3）销售模式：公司湿法锂电池隔膜产品采取直销的销售模式，由营销部门销售人员负责产品的销售、推广和订单获取工作；烟标和烟膜产品主要基于烟标印刷行业的下游卷烟企业依据《烟用物资采购管理规定》实行的全国性招标采购，公司通过参与各卷烟企业招投标获取订单，并按照客户的订单组织生产和销售，为客户提供定制产品；平膜一般采取以销定产，并配备适当的库存量；无菌包装、特种纸制品均按照客户要求进行定制化生产。3、行业情况及公司所处的行业地位公司是全球领先的锂电池隔膜行业龙头，具有全球竞争力，并且在烟标、BOPP膜、无菌包装及特种纸等细分行业中拥有较为丰富产品的公司。（1）膜类产品公司膜类产品分为两个大类：一是锂电池隔离膜，二是BOPP薄膜。锂电池隔膜是锂电池的主要原材料之一，锂电池市场规模决定了隔膜市场规模，隔膜市场规模跟随锂电池市场增长而增长，与锂电池市场增长有一致性。锂电池应用广泛，有多个应用市场和多种应用场景，包括消费电子，动力电池，以及储能三个主要市场，还有一些细分市场如电动工具等。从全,CNInfo annual report downloaded locally,constructed_entity_edge_from_downloaded_cninfo_report
CMIN-CN:002812.SZ,恩捷股份,stock,CMIN-CN:002594.SZ,比亚迪,stock,002812.SZ,002594.SZ,supplies_to,customer,,,2019,annual,2020-03-16,2020-03-16,2021-03-16,F:/Codex/GNN_data/data/tasks/csi300_cn_supply_chain_cninfo_2018_2021/data_raw/cn_supply_chain_cninfo/pdf/002812_2019_annual_2020-03-16.pdf,14,主要客户为国内外大型的锂电池生产企业、卷烟生产企业、食品饮料生产企业、塑料包装企业、印刷企业等。公司湿法锂离子隔膜产品的主要客户包括松下、LGChem.Ltd.、三星SDI、宁德时代、国轩、比亚迪、孚能、力神及其他超过20家的国内锂电池企业。公司是云南省非专卖的卷烟材料A级供应商，烟标产品主要客户为国内大型的卷烟生产企业，包括云南中烟物资（集团）有限责任公司和重庆中烟工业有限责任公司等，产品广泛应用于“玉溪”、“红塔山”、“云烟”、“红河”、“雪域”、“紫云”、“Marble”、“龙凤呈祥”等国内知名的卷烟品牌。公司烟膜产品的主要客户包括云南中烟物资（集团）有限责任公司、四川中烟工业有限责任公司、重庆中烟工业有限责任公司、湖南中烟工业有限责任公司、安徽中烟工业有限责任公司、湖北中烟工业有限责任公司、贵州中烟工业有限责任公司、黑龙江烟草、吉林烟草、甘肃中烟工业有限责任公司等集团下属多家国内知名的卷烟厂。公司无菌包装产品的主要客户包括内蒙古伊利实业集团股份有限公司、内蒙古蒙牛乳业（集团）股份有限公司、北京三元食品股份有限公司、皇氏集团华南乳品有限公司、贵州好一多乳业股份有限公司、广州市东鹏食品饮料有限公司、厦门惠尔康食品有限公司、达利集团、黑龙江完达山阳光乳业有限公司、云南欧亚乳业有限公司、云南皇氏来思尔乳业有限公司等国内知名企业，以及全球乳制品企业TOP10之一的荷兰乳制品企业RIESLANDCAMPINANEDERLANDB.V.（荷兰皇家菲仕兰公司）。2、经营模式公司不同的产品采取不同的经营模式，其中是湿法锂离子隔膜、烟标、无菌包装、特种纸制品和烟膜均按照客户要求进行定制化生产，平膜一般采取以销定产，并配备适当的库存量。（1）采购模式：公司供应部通过对供应商的评价、选择，建立了《合格供方名单》（或《合格供应商/材料清单》）。采购清单所列物资只能在《合格供方名单》之内实施采购，每一种物资的采购都要有2个以上供应商进行选择。公司对供应商每年进行一次全面评价，并及时更新《合格供方名单》（或《合格供应商/材料清单》）。（2）生产模式：公司主要采取订单生产和集中排产相结合的方式生产，从而合理控制生产成本，提高效率。生产计划部根据订单和销售计划制定生产计划，进行统一生产调度、组织管理和质量控制，确保按时按质按量完成生产任务。（3）销售模式：公司湿法锂电池隔膜产品采取直销的销售模式，由营销部门销售人员负责产品的销售、推广和订单获取工作；烟标和烟膜产品主要基于烟标印刷行业的下游卷烟企业依据《烟用物资采购管理规定》实行的全国性招标采购，公司通过参与各卷烟企业招投标获取订单，并按照客户的订单组织生产和销售，为客户提供定制产品；平膜一般采取以销定产，并配备适当的库存量；无菌包装、特种纸制品均按照客户要求进行定制化生产。3、行业情况及公司所处的行业地位公司是全球领先的锂电池隔膜行业龙头，具有全球竞争力，并且在烟标、BOPP膜、无菌包装及特种纸等细分行业中拥有较为丰富产品的公司。（1）膜类产品公司膜类产品分为两个大类：一是锂电池隔离膜，二是BOPP薄膜。锂电池隔膜是锂电池的主要原材料之一，锂电池市场规模决定了隔膜市场规模，隔膜市场规模跟随锂电池市场增长而增长，与锂电池市场增长有一致性。锂电池应用广泛，有多个应用市场和多种应用场景，包括消费电子，动力电池，以及储能三个主要市场，还有一些细分市场如电动工具等。从全,CNInfo annual report downloaded locally,constructed_entity_edge_from_downloaded_cninfo_report
CMIN-CN:002812.SZ,恩捷股份,stock,ENTITY:73981156e34dff58ee09,四川中烟工业有限责任公司,company_entity,002812.SZ,,supplies_to,customer,,,2019,annual,2020-03-16,2020-03-16,2021-03-16,F:/Codex/GNN_data/data/tasks/csi300_cn_supply_chain_cninfo_2018_2021/data_raw/cn_supply_chain_cninfo/pdf/002812_2019_annual_2020-03-16.pdf,14,主要客户为国内外大型的锂电池生产企业、卷烟生产企业、食品饮料生产企业、塑料包装企业、印刷企业等。公司湿法锂离子隔膜产品的主要客户包括松下、LGChem.Ltd.、三星SDI、宁德时代、国轩、比亚迪、孚能、力神及其他超过20家的国内锂电池企业。公司是云南省非专卖的卷烟材料A级供应商，烟标产品主要客户为国内大型的卷烟生产企业，包括云南中烟物资（集团）有限责任公司和重庆中烟工业有限责任公司等，产品广泛应用于“玉溪”、“红塔山”、“云烟”、“红河”、“雪域”、“紫云”、“Marble”、“龙凤呈祥”等国内知名的卷烟品牌。公司烟膜产品的主要客户包括云南中烟物资（集团）有限责任公司、四川中烟工业有限责任公司、重庆中烟工业有限责任公司、湖南中烟工业有限责任公司、安徽中烟工业有限责任公司、湖北中烟工业有限责任公司、贵州中烟工业有限责任公司、黑龙江烟草、吉林烟草、甘肃中烟工业有限责任公司等集团下属多家国内知名的卷烟厂。公司无菌包装产品的主要客户包括内蒙古伊利实业集团股份有限公司、内蒙古蒙牛乳业（集团）股份有限公司、北京三元食品股份有限公司、皇氏集团华南乳品有限公司、贵州好一多乳业股份有限公司、广州市东鹏食品饮料有限公司、厦门惠尔康食品有限公司、达利集团、黑龙江完达山阳光乳业有限公司、云南欧亚乳业有限公司、云南皇氏来思尔乳业有限公司等国内知名企业，以及全球乳制品企业TOP10之一的荷兰乳制品企业RIESLANDCAMPINANEDERLANDB.V.（荷兰皇家菲仕兰公司）。2、经营模式公司不同的产品采取不同的经营模式，其中是湿法锂离子隔膜、烟标、无菌包装、特种纸制品和烟膜均按照客户要求进行定制化生产，平膜一般采取以销定产，并配备适当的库存量。（1）采购模式：公司供应部通过对供应商的评价、选择，建立了《合格供方名单》（或《合格供应商/材料清单》）。采购清单所列物资只能在《合格供方名单》之内实施采购，每一种物资的采购都要有2个以上供应商进行选择。公司对供应商每年进行一次全面评价，并及时更新《合格供方名单》（或《合格供应商/材料清单》）。（2）生产模式：公司主要采取订单生产和集中排产相结合的方式生产，从而合理控制生产成本，提高效率。生产计划部根据订单和销售计划制定生产计划，进行统一生产调度、组织管理和质量控制，确保按时按质按量完成生产任务。（3）销售模式：公司湿法锂电池隔膜产品采取直销的销售模式，由营销部门销售人员负责产品的销售、推广和订单获取工作；烟标和烟膜产品主要基于烟标印刷行业的下游卷烟企业依据《烟用物资采购管理规定》实行的全国性招标采购，公司通过参与各卷烟企业招投标获取订单，并按照客户的订单组织生产和销售，为客户提供定制产品；平膜一般采取以销定产，并配备适当的库存量；无菌包装、特种纸制品均按照客户要求进行定制化生产。3、行业情况及公司所处的行业地位公司是全球领先的锂电池隔膜行业龙头，具有全球竞争力，并且在烟标、BOPP膜、无菌包装及特种纸等细分行业中拥有较为丰富产品的公司。（1）膜类产品公司膜类产品分为两个大类：一是锂电池隔离膜，二是BOPP薄膜。锂电池隔膜是锂电池的主要原材料之一，锂电池市场规模决定了隔膜市场规模，隔膜市场规模跟随锂电池市场增长而增长，与锂电池市场增长有一致性。锂电池应用广泛，有多个应用市场和多种应用场景，包括消费电子，动力电池，以及储能三个主要市场，还有一些细分市场如电动工具等。从全,CNInfo annual report downloaded locally,constructed_entity_edge_from_downloaded_cninfo_report
CMIN-CN:002812.SZ,恩捷股份,stock,ENTITY:7587f39eba5dd36f3c63,重庆中烟工业有限责任公司,company_entity,002812.SZ,,supplies_to,customer,,,2019,annual,2020-03-16,2020-03-16,2021-03-16,F:/Codex/GNN_data/data/tasks/csi300_cn_supply_chain_cninfo_2018_2021/data_raw/cn_supply_chain_cninfo/pdf/002812_2019_annual_2020-03-16.pdf,14,主要客户为国内外大型的锂电池生产企业、卷烟生产企业、食品饮料生产企业、塑料包装企业、印刷企业等。公司湿法锂离子隔膜产品的主要客户包括松下、LGChem.Ltd.、三星SDI、宁德时代、国轩、比亚迪、孚能、力神及其他超过20家的国内锂电池企业。公司是云南省非专卖的卷烟材料A级供应商，烟标产品主要客户为国内大型的卷烟生产企业，包括云南中烟物资（集团）有限责任公司和重庆中烟工业有限责任公司等，产品广泛应用于“玉溪”、“红塔山”、“云烟”、“红河”、“雪域”、“紫云”、“Marble”、“龙凤呈祥”等国内知名的卷烟品牌。公司烟膜产品的主要客户包括云南中烟物资（集团）有限责任公司、四川中烟工业有限责任公司、重庆中烟工业有限责任公司、湖南中烟工业有限责任公司、安徽中烟工业有限责任公司、湖北中烟工业有限责任公司、贵州中烟工业有限责任公司、黑龙江烟草、吉林烟草、甘肃中烟工业有限责任公司等集团下属多家国内知名的卷烟厂。公司无菌包装产品的主要客户包括内蒙古伊利实业集团股份有限公司、内蒙古蒙牛乳业（集团）股份有限公司、北京三元食品股份有限公司、皇氏集团华南乳品有限公司、贵州好一多乳业股份有限公司、广州市东鹏食品饮料有限公司、厦门惠尔康食品有限公司、达利集团、黑龙江完达山阳光乳业有限公司、云南欧亚乳业有限公司、云南皇氏来思尔乳业有限公司等国内知名企业，以及全球乳制品企业TOP10之一的荷兰乳制品企业RIESLANDCAMPINANEDERLANDB.V.（荷兰皇家菲仕兰公司）。2、经营模式公司不同的产品采取不同的经营模式，其中是湿法锂离子隔膜、烟标、无菌包装、特种纸制品和烟膜均按照客户要求进行定制化生产，平膜一般采取以销定产，并配备适当的库存量。（1）采购模式：公司供应部通过对供应商的评价、选择，建立了《合格供方名单》（或《合格供应商/材料清单》）。采购清单所列物资只能在《合格供方名单》之内实施采购，每一种物资的采购都要有2个以上供应商进行选择。公司对供应商每年进行一次全面评价，并及时更新《合格供方名单》（或《合格供应商/材料清单》）。（2）生产模式：公司主要采取订单生产和集中排产相结合的方式生产，从而合理控制生产成本，提高效率。生产计划部根据订单和销售计划制定生产计划，进行统一生产调度、组织管理和质量控制，确保按时按质按量完成生产任务。（3）销售模式：公司湿法锂电池隔膜产品采取直销的销售模式，由营销部门销售人员负责产品的销售、推广和订单获取工作；烟标和烟膜产品主要基于烟标印刷行业的下游卷烟企业依据《烟用物资采购管理规定》实行的全国性招标采购，公司通过参与各卷烟企业招投标获取订单，并按照客户的订单组织生产和销售，为客户提供定制产品；平膜一般采取以销定产，并配备适当的库存量；无菌包装、特种纸制品均按照客户要求进行定制化生产。3、行业情况及公司所处的行业地位公司是全球领先的锂电池隔膜行业龙头，具有全球竞争力，并且在烟标、BOPP膜、无菌包装及特种纸等细分行业中拥有较为丰富产品的公司。（1）膜类产品公司膜类产品分为两个大类：一是锂电池隔离膜，二是BOPP薄膜。锂电池隔膜是锂电池的主要原材料之一，锂电池市场规模决定了隔膜市场规模，隔膜市场规模跟随锂电池市场增长而增长，与锂电池市场增长有一致性。锂电池应用广泛，有多个应用市场和多种应用场景，包括消费电子，动力电池，以及储能三个主要市场，还有一些细分市场如电动工具等。从全,CNInfo annual report downloaded locally,constructed_entity_edge_from_downloaded_cninfo_report
CMIN-CN:002812.SZ,恩捷股份,stock,ENTITY:e654219390a6667b5f67,湖南中烟工业有限责任公司,company_entity,002812.SZ,,supplies_to,customer,,,2019,annual,2020-03-16,2020-03-16,2021-03-16,F:/Codex/GNN_data/data/tasks/csi300_cn_supply_chain_cninfo_2018_2021/data_raw/cn_supply_chain_cninfo/pdf/002812_2019_annual_2020-03-16.pdf,14,主要客户为国内外大型的锂电池生产企业、卷烟生产企业、食品饮料生产企业、塑料包装企业、印刷企业等。公司湿法锂离子隔膜产品的主要客户包括松下、LGChem.Ltd.、三星SDI、宁德时代、国轩、比亚迪、孚能、力神及其他超过20家的国内锂电池企业。公司是云南省非专卖的卷烟材料A级供应商，烟标产品主要客户为国内大型的卷烟生产企业，包括云南中烟物资（集团）有限责任公司和重庆中烟工业有限责任公司等，产品广泛应用于“玉溪”、“红塔山”、“云烟”、“红河”、“雪域”、“紫云”、“Marble”、“龙凤呈祥”等国内知名的卷烟品牌。公司烟膜产品的主要客户包括云南中烟物资（集团）有限责任公司、四川中烟工业有限责任公司、重庆中烟工业有限责任公司、湖南中烟工业有限责任公司、安徽中烟工业有限责任公司、湖北中烟工业有限责任公司、贵州中烟工业有限责任公司、黑龙江烟草、吉林烟草、甘肃中烟工业有限责任公司等集团下属多家国内知名的卷烟厂。公司无菌包装产品的主要客户包括内蒙古伊利实业集团股份有限公司、内蒙古蒙牛乳业（集团）股份有限公司、北京三元食品股份有限公司、皇氏集团华南乳品有限公司、贵州好一多乳业股份有限公司、广州市东鹏食品饮料有限公司、厦门惠尔康食品有限公司、达利集团、黑龙江完达山阳光乳业有限公司、云南欧亚乳业有限公司、云南皇氏来思尔乳业有限公司等国内知名企业，以及全球乳制品企业TOP10之一的荷兰乳制品企业RIESLANDCAMPINANEDERLANDB.V.（荷兰皇家菲仕兰公司）。2、经营模式公司不同的产品采取不同的经营模式，其中是湿法锂离子隔膜、烟标、无菌包装、特种纸制品和烟膜均按照客户要求进行定制化生产，平膜一般采取以销定产，并配备适当的库存量。（1）采购模式：公司供应部通过对供应商的评价、选择，建立了《合格供方名单》（或《合格供应商/材料清单》）。采购清单所列物资只能在《合格供方名单》之内实施采购，每一种物资的采购都要有2个以上供应商进行选择。公司对供应商每年进行一次全面评价，并及时更新《合格供方名单》（或《合格供应商/材料清单》）。（2）生产模式：公司主要采取订单生产和集中排产相结合的方式生产，从而合理控制生产成本，提高效率。生产计划部根据订单和销售计划制定生产计划，进行统一生产调度、组织管理和质量控制，确保按时按质按量完成生产任务。（3）销售模式：公司湿法锂电池隔膜产品采取直销的销售模式，由营销部门销售人员负责产品的销售、推广和订单获取工作；烟标和烟膜产品主要基于烟标印刷行业的下游卷烟企业依据《烟用物资采购管理规定》实行的全国性招标采购，公司通过参与各卷烟企业招投标获取订单，并按照客户的订单组织生产和销售，为客户提供定制产品；平膜一般采取以销定产，并配备适当的库存量；无菌包装、特种纸制品均按照客户要求进行定制化生产。3、行业情况及公司所处的行业地位公司是全球领先的锂电池隔膜行业龙头，具有全球竞争力，并且在烟标、BOPP膜、无菌包装及特种纸等细分行业中拥有较为丰富产品的公司。（1）膜类产品公司膜类产品分为两个大类：一是锂电池隔离膜，二是BOPP薄膜。锂电池隔膜是锂电池的主要原材料之一，锂电池市场规模决定了隔膜市场规模，隔膜市场规模跟随锂电池市场增长而增长，与锂电池市场增长有一致性。锂电池应用广泛，有多个应用市场和多种应用场景，包括消费电子，动力电池，以及储能三个主要市场，还有一些细分市场如电动工具等。从全,CNInfo annual report downloaded locally,constructed_entity_edge_from_downloaded_cninfo_report
CMIN-CN:002812.SZ,恩捷股份,stock,ENTITY:25c78be0c9160a5cf4e1,安徽中烟工业有限责任公司,company_entity,002812.SZ,,supplies_to,customer,,,2019,annual,2020-03-16,2020-03-16,2021-03-16,F:/Codex/GNN_data/data/tasks/csi300_cn_supply_chain_cninfo_2018_2021/data_raw/cn_supply_chain_cninfo/pdf/002812_2019_annual_2020-03-16.pdf,14,主要客户为国内外大型的锂电池生产企业、卷烟生产企业、食品饮料生产企业、塑料包装企业、印刷企业等。公司湿法锂离子隔膜产品的主要客户包括松下、LGChem.Ltd.、三星SDI、宁德时代、国轩、比亚迪、孚能、力神及其他超过20家的国内锂电池企业。公司是云南省非专卖的卷烟材料A级供应商，烟标产品主要客户为国内大型的卷烟生产企业，包括云南中烟物资（集团）有限责任公司和重庆中烟工业有限责任公司等，产品广泛应用于“玉溪”、“红塔山”、“云烟”、“红河”、“雪域”、“紫云”、“Marble”、“龙凤呈祥”等国内知名的卷烟品牌。公司烟膜产品的主要客户包括云南中烟物资（集团）有限责任公司、四川中烟工业有限责任公司、重庆中烟工业有限责任公司、湖南中烟工业有限责任公司、安徽中烟工业有限责任公司、湖北中烟工业有限责任公司、贵州中烟工业有限责任公司、黑龙江烟草、吉林烟草、甘肃中烟工业有限责任公司等集团下属多家国内知名的卷烟厂。公司无菌包装产品的主要客户包括内蒙古伊利实业集团股份有限公司、内蒙古蒙牛乳业（集团）股份有限公司、北京三元食品股份有限公司、皇氏集团华南乳品有限公司、贵州好一多乳业股份有限公司、广州市东鹏食品饮料有限公司、厦门惠尔康食品有限公司、达利集团、黑龙江完达山阳光乳业有限公司、云南欧亚乳业有限公司、云南皇氏来思尔乳业有限公司等国内知名企业，以及全球乳制品企业TOP10之一的荷兰乳制品企业RIESLANDCAMPINANEDERLANDB.V.（荷兰皇家菲仕兰公司）。2、经营模式公司不同的产品采取不同的经营模式，其中是湿法锂离子隔膜、烟标、无菌包装、特种纸制品和烟膜均按照客户要求进行定制化生产，平膜一般采取以销定产，并配备适当的库存量。（1）采购模式：公司供应部通过对供应商的评价、选择，建立了《合格供方名单》（或《合格供应商/材料清单》）。采购清单所列物资只能在《合格供方名单》之内实施采购，每一种物资的采购都要有2个以上供应商进行选择。公司对供应商每年进行一次全面评价，并及时更新《合格供方名单》（或《合格供应商/材料清单》）。（2）生产模式：公司主要采取订单生产和集中排产相结合的方式生产，从而合理控制生产成本，提高效率。生产计划部根据订单和销售计划制定生产计划，进行统一生产调度、组织管理和质量控制，确保按时按质按量完成生产任务。（3）销售模式：公司湿法锂电池隔膜产品采取直销的销售模式，由营销部门销售人员负责产品的销售、推广和订单获取工作；烟标和烟膜产品主要基于烟标印刷行业的下游卷烟企业依据《烟用物资采购管理规定》实行的全国性招标采购，公司通过参与各卷烟企业招投标获取订单，并按照客户的订单组织生产和销售，为客户提供定制产品；平膜一般采取以销定产，并配备适当的库存量；无菌包装、特种纸制品均按照客户要求进行定制化生产。3、行业情况及公司所处的行业地位公司是全球领先的锂电池隔膜行业龙头，具有全球竞争力，并且在烟标、BOPP膜、无菌包装及特种纸等细分行业中拥有较为丰富产品的公司。（1）膜类产品公司膜类产品分为两个大类：一是锂电池隔离膜，二是BOPP薄膜。锂电池隔膜是锂电池的主要原材料之一，锂电池市场规模决定了隔膜市场规模，隔膜市场规模跟随锂电池市场增长而增长，与锂电池市场增长有一致性。锂电池应用广泛，有多个应用市场和多种应用场景，包括消费电子，动力电池，以及储能三个主要市场，还有一些细分市场如电动工具等。从全,CNInfo annual report downloaded locally,constructed_entity_edge_from_downloaded_cninfo_report
CMIN-CN:002812.SZ,恩捷股份,stock,ENTITY:65a1959b416b9e027c4a,湖北中烟工业有限责任公司,company_entity,002812.SZ,,supplies_to,customer,,,2019,annual,2020-03-16,2020-03-16,2021-03-16,F:/Codex/GNN_data/data/tasks/csi300_cn_supply_chain_cninfo_2018_2021/data_raw/cn_supply_chain_cninfo/pdf/002812_2019_annual_2020-03-16.pdf,14,主要客户为国内外大型的锂电池生产企业、卷烟生产企业、食品饮料生产企业、塑料包装企业、印刷企业等。公司湿法锂离子隔膜产品的主要客户包括松下、LGChem.Ltd.、三星SDI、宁德时代、国轩、比亚迪、孚能、力神及其他超过20家的国内锂电池企业。公司是云南省非专卖的卷烟材料A级供应商，烟标产品主要客户为国内大型的卷烟生产企业，包括云南中烟物资（集团）有限责任公司和重庆中烟工业有限责任公司等，产品广泛应用于“玉溪”、“红塔山”、“云烟”、“红河”、“雪域”、“紫云”、“Marble”、“龙凤呈祥”等国内知名的卷烟品牌。公司烟膜产品的主要客户包括云南中烟物资（集团）有限责任公司、四川中烟工业有限责任公司、重庆中烟工业有限责任公司、湖南中烟工业有限责任公司、安徽中烟工业有限责任公司、湖北中烟工业有限责任公司、贵州中烟工业有限责任公司、黑龙江烟草、吉林烟草、甘肃中烟工业有限责任公司等集团下属多家国内知名的卷烟厂。公司无菌包装产品的主要客户包括内蒙古伊利实业集团股份有限公司、内蒙古蒙牛乳业（集团）股份有限公司、北京三元食品股份有限公司、皇氏集团华南乳品有限公司、贵州好一多乳业股份有限公司、广州市东鹏食品饮料有限公司、厦门惠尔康食品有限公司、达利集团、黑龙江完达山阳光乳业有限公司、云南欧亚乳业有限公司、云南皇氏来思尔乳业有限公司等国内知名企业，以及全球乳制品企业TOP10之一的荷兰乳制品企业RIESLANDCAMPINANEDERLANDB.V.（荷兰皇家菲仕兰公司）。2、经营模式公司不同的产品采取不同的经营模式，其中是湿法锂离子隔膜、烟标、无菌包装、特种纸制品和烟膜均按照客户要求进行定制化生产，平膜一般采取以销定产，并配备适当的库存量。（1）采购模式：公司供应部通过对供应商的评价、选择，建立了《合格供方名单》（或《合格供应商/材料清单》）。采购清单所列物资只能在《合格供方名单》之内实施采购，每一种物资的采购都要有2个以上供应商进行选择。公司对供应商每年进行一次全面评价，并及时更新《合格供方名单》（或《合格供应商/材料清单》）。（2）生产模式：公司主要采取订单生产和集中排产相结合的方式生产，从而合理控制生产成本，提高效率。生产计划部根据订单和销售计划制定生产计划，进行统一生产调度、组织管理和质量控制，确保按时按质按量完成生产任务。（3）销售模式：公司湿法锂电池隔膜产品采取直销的销售模式，由营销部门销售人员负责产品的销售、推广和订单获取工作；烟标和烟膜产品主要基于烟标印刷行业的下游卷烟企业依据《烟用物资采购管理规定》实行的全国性招标采购，公司通过参与各卷烟企业招投标获取订单，并按照客户的订单组织生产和销售，为客户提供定制产品；平膜一般采取以销定产，并配备适当的库存量；无菌包装、特种纸制品均按照客户要求进行定制化生产。3、行业情况及公司所处的行业地位公司是全球领先的锂电池隔膜行业龙头，具有全球竞争力，并且在烟标、BOPP膜、无菌包装及特种纸等细分行业中拥有较为丰富产品的公司。（1）膜类产品公司膜类产品分为两个大类：一是锂电池隔离膜，二是BOPP薄膜。锂电池隔膜是锂电池的主要原材料之一，锂电池市场规模决定了隔膜市场规模，隔膜市场规模跟随锂电池市场增长而增长，与锂电池市场增长有一致性。锂电池应用广泛，有多个应用市场和多种应用场景，包括消费电子，动力电池，以及储能三个主要市场，还有一些细分市场如电动工具等。从全,CNInfo annual report downloaded locally,constructed_entity_edge_from_downloaded_cninfo_report
CMIN-CN:002812.SZ,恩捷股份,stock,ENTITY:d98830ae007dbe3da129,贵州中烟工业有限责任公司,company_entity,002812.SZ,,supplies_to,customer,,,2019,annual,2020-03-16,2020-03-16,2021-03-16,F:/Codex/GNN_data/data/tasks/csi300_cn_supply_chain_cninfo_2018_2021/data_raw/cn_supply_chain_cninfo/pdf/002812_2019_annual_2020-03-16.pdf,14,主要客户为国内外大型的锂电池生产企业、卷烟生产企业、食品饮料生产企业、塑料包装企业、印刷企业等。公司湿法锂离子隔膜产品的主要客户包括松下、LGChem.Ltd.、三星SDI、宁德时代、国轩、比亚迪、孚能、力神及其他超过20家的国内锂电池企业。公司是云南省非专卖的卷烟材料A级供应商，烟标产品主要客户为国内大型的卷烟生产企业，包括云南中烟物资（集团）有限责任公司和重庆中烟工业有限责任公司等，产品广泛应用于“玉溪”、“红塔山”、“云烟”、“红河”、“雪域”、“紫云”、“Marble”、“龙凤呈祥”等国内知名的卷烟品牌。公司烟膜产品的主要客户包括云南中烟物资（集团）有限责任公司、四川中烟工业有限责任公司、重庆中烟工业有限责任公司、湖南中烟工业有限责任公司、安徽中烟工业有限责任公司、湖北中烟工业有限责任公司、贵州中烟工业有限责任公司、黑龙江烟草、吉林烟草、甘肃中烟工业有限责任公司等集团下属多家国内知名的卷烟厂。公司无菌包装产品的主要客户包括内蒙古伊利实业集团股份有限公司、内蒙古蒙牛乳业（集团）股份有限公司、北京三元食品股份有限公司、皇氏集团华南乳品有限公司、贵州好一多乳业股份有限公司、广州市东鹏食品饮料有限公司、厦门惠尔康食品有限公司、达利集团、黑龙江完达山阳光乳业有限公司、云南欧亚乳业有限公司、云南皇氏来思尔乳业有限公司等国内知名企业，以及全球乳制品企业TOP10之一的荷兰乳制品企业RIESLANDCAMPINANEDERLANDB.V.（荷兰皇家菲仕兰公司）。2、经营模式公司不同的产品采取不同的经营模式，其中是湿法锂离子隔膜、烟标、无菌包装、特种纸制品和烟膜均按照客户要求进行定制化生产，平膜一般采取以销定产，并配备适当的库存量。（1）采购模式：公司供应部通过对供应商的评价、选择，建立了《合格供方名单》（或《合格供应商/材料清单》）。采购清单所列物资只能在《合格供方名单》之内实施采购，每一种物资的采购都要有2个以上供应商进行选择。公司对供应商每年进行一次全面评价，并及时更新《合格供方名单》（或《合格供应商/材料清单》）。（2）生产模式：公司主要采取订单生产和集中排产相结合的方式生产，从而合理控制生产成本，提高效率。生产计划部根据订单和销售计划制定生产计划，进行统一生产调度、组织管理和质量控制，确保按时按质按量完成生产任务。（3）销售模式：公司湿法锂电池隔膜产品采取直销的销售模式，由营销部门销售人员负责产品的销售、推广和订单获取工作；烟标和烟膜产品主要基于烟标印刷行业的下游卷烟企业依据《烟用物资采购管理规定》实行的全国性招标采购，公司通过参与各卷烟企业招投标获取订单，并按照客户的订单组织生产和销售，为客户提供定制产品；平膜一般采取以销定产，并配备适当的库存量；无菌包装、特种纸制品均按照客户要求进行定制化生产。3、行业情况及公司所处的行业地位公司是全球领先的锂电池隔膜行业龙头，具有全球竞争力，并且在烟标、BOPP膜、无菌包装及特种纸等细分行业中拥有较为丰富产品的公司。（1）膜类产品公司膜类产品分为两个大类：一是锂电池隔离膜，二是BOPP薄膜。锂电池隔膜是锂电池的主要原材料之一，锂电池市场规模决定了隔膜市场规模，隔膜市场规模跟随锂电池市场增长而增长，与锂电池市场增长有一致性。锂电池应用广泛，有多个应用市场和多种应用场景，包括消费电子，动力电池，以及储能三个主要市场，还有一些细分市场如电动工具等。从全,CNInfo annual report downloaded locally,constructed_entity_edge_from_downloaded_cninfo_report
CMIN-CN:002812.SZ,恩捷股份,stock,ENTITY:71bb8ce04194b1e35ed2,内蒙古蒙牛乳业（集团）股份有限公司,company_entity,002812.SZ,,supplies_to,customer,,,2019,annual,2020-03-16,2020-03-16,2021-03-16,F:/Codex/GNN_data/data/tasks/csi300_cn_supply_chain_cninfo_2018_2021/data_raw/cn_supply_chain_cninfo/pdf/002812_2019_annual_2020-03-16.pdf,14,主要客户为国内外大型的锂电池生产企业、卷烟生产企业、食品饮料生产企业、塑料包装企业、印刷企业等。公司湿法锂离子隔膜产品的主要客户包括松下、LGChem.Ltd.、三星SDI、宁德时代、国轩、比亚迪、孚能、力神及其他超过20家的国内锂电池企业。公司是云南省非专卖的卷烟材料A级供应商，烟标产品主要客户为国内大型的卷烟生产企业，包括云南中烟物资（集团）有限责任公司和重庆中烟工业有限责任公司等，产品广泛应用于“玉溪”、“红塔山”、“云烟”、“红河”、“雪域”、“紫云”、“Marble”、“龙凤呈祥”等国内知名的卷烟品牌。公司烟膜产品的主要客户包括云南中烟物资（集团）有限责任公司、四川中烟工业有限责任公司、重庆中烟工业有限责任公司、湖南中烟工业有限责任公司、安徽中烟工业有限责任公司、湖北中烟工业有限责任公司、贵州中烟工业有限责任公司、黑龙江烟草、吉林烟草、甘肃中烟工业有限责任公司等集团下属多家国内知名的卷烟厂。公司无菌包装产品的主要客户包括内蒙古伊利实业集团股份有限公司、内蒙古蒙牛乳业（集团）股份有限公司、北京三元食品股份有限公司、皇氏集团华南乳品有限公司、贵州好一多乳业股份有限公司、广州市东鹏食品饮料有限公司、厦门惠尔康食品有限公司、达利集团、黑龙江完达山阳光乳业有限公司、云南欧亚乳业有限公司、云南皇氏来思尔乳业有限公司等国内知名企业，以及全球乳制品企业TOP10之一的荷兰乳制品企业RIESLANDCAMPINANEDERLANDB.V.（荷兰皇家菲仕兰公司）。2、经营模式公司不同的产品采取不同的经营模式，其中是湿法锂离子隔膜、烟标、无菌包装、特种纸制品和烟膜均按照客户要求进行定制化生产，平膜一般采取以销定产，并配备适当的库存量。（1）采购模式：公司供应部通过对供应商的评价、选择，建立了《合格供方名单》（或《合格供应商/材料清单》）。采购清单所列物资只能在《合格供方名单》之内实施采购，每一种物资的采购都要有2个以上供应商进行选择。公司对供应商每年进行一次全面评价，并及时更新《合格供方名单》（或《合格供应商/材料清单》）。（2）生产模式：公司主要采取订单生产和集中排产相结合的方式生产，从而合理控制生产成本，提高效率。生产计划部根据订单和销售计划制定生产计划，进行统一生产调度、组织管理和质量控制，确保按时按质按量完成生产任务。（3）销售模式：公司湿法锂电池隔膜产品采取直销的销售模式，由营销部门销售人员负责产品的销售、推广和订单获取工作；烟标和烟膜产品主要基于烟标印刷行业的下游卷烟企业依据《烟用物资采购管理规定》实行的全国性招标采购，公司通过参与各卷烟企业招投标获取订单，并按照客户的订单组织生产和销售，为客户提供定制产品；平膜一般采取以销定产，并配备适当的库存量；无菌包装、特种纸制品均按照客户要求进行定制化生产。3、行业情况及公司所处的行业地位公司是全球领先的锂电池隔膜行业龙头，具有全球竞争力，并且在烟标、BOPP膜、无菌包装及特种纸等细分行业中拥有较为丰富产品的公司。（1）膜类产品公司膜类产品分为两个大类：一是锂电池隔离膜，二是BOPP薄膜。锂电池隔膜是锂电池的主要原材料之一，锂电池市场规模决定了隔膜市场规模，隔膜市场规模跟随锂电池市场增长而增长，与锂电池市场增长有一致性。锂电池应用广泛，有多个应用市场和多种应用场景，包括消费电子，动力电池，以及储能三个主要市场，还有一些细分市场如电动工具等。从全,CNInfo annual report downloaded locally,constructed_entity_edge_from_downloaded_cninfo_report
CMIN-CN:002812.SZ,恩捷股份,stock,ENTITY:01ab855c7755485aba95,北京三元食品股份有限公司,company_entity,002812.SZ,,supplies_to,customer,,,2019,annual,2020-03-16,2020-03-16,2021-03-16,F:/Codex/GNN_data/data/tasks/csi300_cn_supply_chain_cninfo_2018_2021/data_raw/cn_supply_chain_cninfo/pdf/002812_2019_annual_2020-03-16.pdf,14,主要客户为国内外大型的锂电池生产企业、卷烟生产企业、食品饮料生产企业、塑料包装企业、印刷企业等。公司湿法锂离子隔膜产品的主要客户包括松下、LGChem.Ltd.、三星SDI、宁德时代、国轩、比亚迪、孚能、力神及其他超过20家的国内锂电池企业。公司是云南省非专卖的卷烟材料A级供应商，烟标产品主要客户为国内大型的卷烟生产企业，包括云南中烟物资（集团）有限责任公司和重庆中烟工业有限责任公司等，产品广泛应用于“玉溪”、“红塔山”、“云烟”、“红河”、“雪域”、“紫云”、“Marble”、“龙凤呈祥”等国内知名的卷烟品牌。公司烟膜产品的主要客户包括云南中烟物资（集团）有限责任公司、四川中烟工业有限责任公司、重庆中烟工业有限责任公司、湖南中烟工业有限责任公司、安徽中烟工业有限责任公司、湖北中烟工业有限责任公司、贵州中烟工业有限责任公司、黑龙江烟草、吉林烟草、甘肃中烟工业有限责任公司等集团下属多家国内知名的卷烟厂。公司无菌包装产品的主要客户包括内蒙古伊利实业集团股份有限公司、内蒙古蒙牛乳业（集团）股份有限公司、北京三元食品股份有限公司、皇氏集团华南乳品有限公司、贵州好一多乳业股份有限公司、广州市东鹏食品饮料有限公司、厦门惠尔康食品有限公司、达利集团、黑龙江完达山阳光乳业有限公司、云南欧亚乳业有限公司、云南皇氏来思尔乳业有限公司等国内知名企业，以及全球乳制品企业TOP10之一的荷兰乳制品企业RIESLANDCAMPINANEDERLANDB.V.（荷兰皇家菲仕兰公司）。2、经营模式公司不同的产品采取不同的经营模式，其中是湿法锂离子隔膜、烟标、无菌包装、特种纸制品和烟膜均按照客户要求进行定制化生产，平膜一般采取以销定产，并配备适当的库存量。（1）采购模式：公司供应部通过对供应商的评价、选择，建立了《合格供方名单》（或《合格供应商/材料清单》）。采购清单所列物资只能在《合格供方名单》之内实施采购，每一种物资的采购都要有2个以上供应商进行选择。公司对供应商每年进行一次全面评价，并及时更新《合格供方名单》（或《合格供应商/材料清单》）。（2）生产模式：公司主要采取订单生产和集中排产相结合的方式生产，从而合理控制生产成本，提高效率。生产计划部根据订单和销售计划制定生产计划，进行统一生产调度、组织管理和质量控制，确保按时按质按量完成生产任务。（3）销售模式：公司湿法锂电池隔膜产品采取直销的销售模式，由营销部门销售人员负责产品的销售、推广和订单获取工作；烟标和烟膜产品主要基于烟标印刷行业的下游卷烟企业依据《烟用物资采购管理规定》实行的全国性招标采购，公司通过参与各卷烟企业招投标获取订单，并按照客户的订单组织生产和销售，为客户提供定制产品；平膜一般采取以销定产，并配备适当的库存量；无菌包装、特种纸制品均按照客户要求进行定制化生产。3、行业情况及公司所处的行业地位公司是全球领先的锂电池隔膜行业龙头，具有全球竞争力，并且在烟标、BOPP膜、无菌包装及特种纸等细分行业中拥有较为丰富产品的公司。（1）膜类产品公司膜类产品分为两个大类：一是锂电池隔离膜，二是BOPP薄膜。锂电池隔膜是锂电池的主要原材料之一，锂电池市场规模决定了隔膜市场规模，隔膜市场规模跟随锂电池市场增长而增长，与锂电池市场增长有一致性。锂电池应用广泛，有多个应用市场和多种应用场景，包括消费电子，动力电池，以及储能三个主要市场，还有一些细分市场如电动工具等。从全,CNInfo annual report downloaded locally,constructed_entity_edge_from_downloaded_cninfo_report
CMIN-CN:002812.SZ,恩捷股份,stock,ENTITY:934692ded620773e7afa,皇氏集团华南乳品有限公司,company_entity,002812.SZ,,supplies_to,customer,,,2019,annual,2020-03-16,2020-03-16,2021-03-16,F:/Codex/GNN_data/data/tasks/csi300_cn_supply_chain_cninfo_2018_2021/data_raw/cn_supply_chain_cninfo/pdf/002812_2019_annual_2020-03-16.pdf,14,主要客户为国内外大型的锂电池生产企业、卷烟生产企业、食品饮料生产企业、塑料包装企业、印刷企业等。公司湿法锂离子隔膜产品的主要客户包括松下、LGChem.Ltd.、三星SDI、宁德时代、国轩、比亚迪、孚能、力神及其他超过20家的国内锂电池企业。公司是云南省非专卖的卷烟材料A级供应商，烟标产品主要客户为国内大型的卷烟生产企业，包括云南中烟物资（集团）有限责任公司和重庆中烟工业有限责任公司等，产品广泛应用于“玉溪”、“红塔山”、“云烟”、“红河”、“雪域”、“紫云”、“Marble”、“龙凤呈祥”等国内知名的卷烟品牌。公司烟膜产品的主要客户包括云南中烟物资（集团）有限责任公司、四川中烟工业有限责任公司、重庆中烟工业有限责任公司、湖南中烟工业有限责任公司、安徽中烟工业有限责任公司、湖北中烟工业有限责任公司、贵州中烟工业有限责任公司、黑龙江烟草、吉林烟草、甘肃中烟工业有限责任公司等集团下属多家国内知名的卷烟厂。公司无菌包装产品的主要客户包括内蒙古伊利实业集团股份有限公司、内蒙古蒙牛乳业（集团）股份有限公司、北京三元食品股份有限公司、皇氏集团华南乳品有限公司、贵州好一多乳业股份有限公司、广州市东鹏食品饮料有限公司、厦门惠尔康食品有限公司、达利集团、黑龙江完达山阳光乳业有限公司、云南欧亚乳业有限公司、云南皇氏来思尔乳业有限公司等国内知名企业，以及全球乳制品企业TOP10之一的荷兰乳制品企业RIESLANDCAMPINANEDERLANDB.V.（荷兰皇家菲仕兰公司）。2、经营模式公司不同的产品采取不同的经营模式，其中是湿法锂离子隔膜、烟标、无菌包装、特种纸制品和烟膜均按照客户要求进行定制化生产，平膜一般采取以销定产，并配备适当的库存量。（1）采购模式：公司供应部通过对供应商的评价、选择，建立了《合格供方名单》（或《合格供应商/材料清单》）。采购清单所列物资只能在《合格供方名单》之内实施采购，每一种物资的采购都要有2个以上供应商进行选择。公司对供应商每年进行一次全面评价，并及时更新《合格供方名单》（或《合格供应商/材料清单》）。（2）生产模式：公司主要采取订单生产和集中排产相结合的方式生产，从而合理控制生产成本，提高效率。生产计划部根据订单和销售计划制定生产计划，进行统一生产调度、组织管理和质量控制，确保按时按质按量完成生产任务。（3）销售模式：公司湿法锂电池隔膜产品采取直销的销售模式，由营销部门销售人员负责产品的销售、推广和订单获取工作；烟标和烟膜产品主要基于烟标印刷行业的下游卷烟企业依据《烟用物资采购管理规定》实行的全国性招标采购，公司通过参与各卷烟企业招投标获取订单，并按照客户的订单组织生产和销售，为客户提供定制产品；平膜一般采取以销定产，并配备适当的库存量；无菌包装、特种纸制品均按照客户要求进行定制化生产。3、行业情况及公司所处的行业地位公司是全球领先的锂电池隔膜行业龙头，具有全球竞争力，并且在烟标、BOPP膜、无菌包装及特种纸等细分行业中拥有较为丰富产品的公司。（1）膜类产品公司膜类产品分为两个大类：一是锂电池隔离膜，二是BOPP薄膜。锂电池隔膜是锂电池的主要原材料之一，锂电池市场规模决定了隔膜市场规模，隔膜市场规模跟随锂电池市场增长而增长，与锂电池市场增长有一致性。锂电池应用广泛，有多个应用市场和多种应用场景，包括消费电子，动力电池，以及储能三个主要市场，还有一些细分市场如电动工具等。从全,CNInfo annual report downloaded locally,constructed_entity_edge_from_downloaded_cninfo_report
CMIN-CN:002812.SZ,恩捷股份,stock,ENTITY:331acc06a562afd0a0f6,贵州好一多乳业股份有限公司,company_entity,002812.SZ,,supplies_to,customer,,,2019,annual,2020-03-16,2020-03-16,2021-03-16,F:/Codex/GNN_data/data/tasks/csi300_cn_supply_chain_cninfo_2018_2021/data_raw/cn_supply_chain_cninfo/pdf/002812_2019_annual_2020-03-16.pdf,14,主要客户为国内外大型的锂电池生产企业、卷烟生产企业、食品饮料生产企业、塑料包装企业、印刷企业等。公司湿法锂离子隔膜产品的主要客户包括松下、LGChem.Ltd.、三星SDI、宁德时代、国轩、比亚迪、孚能、力神及其他超过20家的国内锂电池企业。公司是云南省非专卖的卷烟材料A级供应商，烟标产品主要客户为国内大型的卷烟生产企业，包括云南中烟物资（集团）有限责任公司和重庆中烟工业有限责任公司等，产品广泛应用于“玉溪”、“红塔山”、“云烟”、“红河”、“雪域”、“紫云”、“Marble”、“龙凤呈祥”等国内知名的卷烟品牌。公司烟膜产品的主要客户包括云南中烟物资（集团）有限责任公司、四川中烟工业有限责任公司、重庆中烟工业有限责任公司、湖南中烟工业有限责任公司、安徽中烟工业有限责任公司、湖北中烟工业有限责任公司、贵州中烟工业有限责任公司、黑龙江烟草、吉林烟草、甘肃中烟工业有限责任公司等集团下属多家国内知名的卷烟厂。公司无菌包装产品的主要客户包括内蒙古伊利实业集团股份有限公司、内蒙古蒙牛乳业（集团）股份有限公司、北京三元食品股份有限公司、皇氏集团华南乳品有限公司、贵州好一多乳业股份有限公司、广州市东鹏食品饮料有限公司、厦门惠尔康食品有限公司、达利集团、黑龙江完达山阳光乳业有限公司、云南欧亚乳业有限公司、云南皇氏来思尔乳业有限公司等国内知名企业，以及全球乳制品企业TOP10之一的荷兰乳制品企业RIESLANDCAMPINANEDERLANDB.V.（荷兰皇家菲仕兰公司）。2、经营模式公司不同的产品采取不同的经营模式，其中是湿法锂离子隔膜、烟标、无菌包装、特种纸制品和烟膜均按照客户要求进行定制化生产，平膜一般采取以销定产，并配备适当的库存量。（1）采购模式：公司供应部通过对供应商的评价、选择，建立了《合格供方名单》（或《合格供应商/材料清单》）。采购清单所列物资只能在《合格供方名单》之内实施采购，每一种物资的采购都要有2个以上供应商进行选择。公司对供应商每年进行一次全面评价，并及时更新《合格供方名单》（或《合格供应商/材料清单》）。（2）生产模式：公司主要采取订单生产和集中排产相结合的方式生产，从而合理控制生产成本，提高效率。生产计划部根据订单和销售计划制定生产计划，进行统一生产调度、组织管理和质量控制，确保按时按质按量完成生产任务。（3）销售模式：公司湿法锂电池隔膜产品采取直销的销售模式，由营销部门销售人员负责产品的销售、推广和订单获取工作；烟标和烟膜产品主要基于烟标印刷行业的下游卷烟企业依据《烟用物资采购管理规定》实行的全国性招标采购，公司通过参与各卷烟企业招投标获取订单，并按照客户的订单组织生产和销售，为客户提供定制产品；平膜一般采取以销定产，并配备适当的库存量；无菌包装、特种纸制品均按照客户要求进行定制化生产。3、行业情况及公司所处的行业地位公司是全球领先的锂电池隔膜行业龙头，具有全球竞争力，并且在烟标、BOPP膜、无菌包装及特种纸等细分行业中拥有较为丰富产品的公司。（1）膜类产品公司膜类产品分为两个大类：一是锂电池隔离膜，二是BOPP薄膜。锂电池隔膜是锂电池的主要原材料之一，锂电池市场规模决定了隔膜市场规模，隔膜市场规模跟随锂电池市场增长而增长，与锂电池市场增长有一致性。锂电池应用广泛，有多个应用市场和多种应用场景，包括消费电子，动力电池，以及储能三个主要市场，还有一些细分市场如电动工具等。从全,CNInfo annual report downloaded locally,constructed_entity_edge_from_downloaded_cninfo_report
CMIN-CN:002812.SZ,恩捷股份,stock,ENTITY:65e98faeca4cc28a377f,广州市东鹏食品饮料有限公司,company_entity,002812.SZ,,supplies_to,customer,,,2019,annual,2020-03-16,2020-03-16,2021-03-16,F:/Codex/GNN_data/data/tasks/csi300_cn_supply_chain_cninfo_2018_2021/data_raw/cn_supply_chain_cninfo/pdf/002812_2019_annual_2020-03-16.pdf,14,主要客户为国内外大型的锂电池生产企业、卷烟生产企业、食品饮料生产企业、塑料包装企业、印刷企业等。公司湿法锂离子隔膜产品的主要客户包括松下、LGChem.Ltd.、三星SDI、宁德时代、国轩、比亚迪、孚能、力神及其他超过20家的国内锂电池企业。公司是云南省非专卖的卷烟材料A级供应商，烟标产品主要客户为国内大型的卷烟生产企业，包括云南中烟物资（集团）有限责任公司和重庆中烟工业有限责任公司等，产品广泛应用于“玉溪”、“红塔山”、“云烟”、“红河”、“雪域”、“紫云”、“Marble”、“龙凤呈祥”等国内知名的卷烟品牌。公司烟膜产品的主要客户包括云南中烟物资（集团）有限责任公司、四川中烟工业有限责任公司、重庆中烟工业有限责任公司、湖南中烟工业有限责任公司、安徽中烟工业有限责任公司、湖北中烟工业有限责任公司、贵州中烟工业有限责任公司、黑龙江烟草、吉林烟草、甘肃中烟工业有限责任公司等集团下属多家国内知名的卷烟厂。公司无菌包装产品的主要客户包括内蒙古伊利实业集团股份有限公司、内蒙古蒙牛乳业（集团）股份有限公司、北京三元食品股份有限公司、皇氏集团华南乳品有限公司、贵州好一多乳业股份有限公司、广州市东鹏食品饮料有限公司、厦门惠尔康食品有限公司、达利集团、黑龙江完达山阳光乳业有限公司、云南欧亚乳业有限公司、云南皇氏来思尔乳业有限公司等国内知名企业，以及全球乳制品企业TOP10之一的荷兰乳制品企业RIESLANDCAMPINANEDERLANDB.V.（荷兰皇家菲仕兰公司）。2、经营模式公司不同的产品采取不同的经营模式，其中是湿法锂离子隔膜、烟标、无菌包装、特种纸制品和烟膜均按照客户要求进行定制化生产，平膜一般采取以销定产，并配备适当的库存量。（1）采购模式：公司供应部通过对供应商的评价、选择，建立了《合格供方名单》（或《合格供应商/材料清单》）。采购清单所列物资只能在《合格供方名单》之内实施采购，每一种物资的采购都要有2个以上供应商进行选择。公司对供应商每年进行一次全面评价，并及时更新《合格供方名单》（或《合格供应商/材料清单》）。（2）生产模式：公司主要采取订单生产和集中排产相结合的方式生产，从而合理控制生产成本，提高效率。生产计划部根据订单和销售计划制定生产计划，进行统一生产调度、组织管理和质量控制，确保按时按质按量完成生产任务。（3）销售模式：公司湿法锂电池隔膜产品采取直销的销售模式，由营销部门销售人员负责产品的销售、推广和订单获取工作；烟标和烟膜产品主要基于烟标印刷行业的下游卷烟企业依据《烟用物资采购管理规定》实行的全国性招标采购，公司通过参与各卷烟企业招投标获取订单，并按照客户的订单组织生产和销售，为客户提供定制产品；平膜一般采取以销定产，并配备适当的库存量；无菌包装、特种纸制品均按照客户要求进行定制化生产。3、行业情况及公司所处的行业地位公司是全球领先的锂电池隔膜行业龙头，具有全球竞争力，并且在烟标、BOPP膜、无菌包装及特种纸等细分行业中拥有较为丰富产品的公司。（1）膜类产品公司膜类产品分为两个大类：一是锂电池隔离膜，二是BOPP薄膜。锂电池隔膜是锂电池的主要原材料之一，锂电池市场规模决定了隔膜市场规模，隔膜市场规模跟随锂电池市场增长而增长，与锂电池市场增长有一致性。锂电池应用广泛，有多个应用市场和多种应用场景，包括消费电子，动力电池，以及储能三个主要市场，还有一些细分市场如电动工具等。从全,CNInfo annual report downloaded locally,constructed_entity_edge_from_downloaded_cninfo_report
CMIN-CN:002812.SZ,恩捷股份,stock,ENTITY:7d7f5c4745e29ba6629c,厦门惠尔康食品有限公司,company_entity,002812.SZ,,supplies_to,customer,,,2019,annual,2020-03-16,2020-03-16,2021-03-16,F:/Codex/GNN_data/data/tasks/csi300_cn_supply_chain_cninfo_2018_2021/data_raw/cn_supply_chain_cninfo/pdf/002812_2019_annual_2020-03-16.pdf,14,主要客户为国内外大型的锂电池生产企业、卷烟生产企业、食品饮料生产企业、塑料包装企业、印刷企业等。公司湿法锂离子隔膜产品的主要客户包括松下、LGChem.Ltd.、三星SDI、宁德时代、国轩、比亚迪、孚能、力神及其他超过20家的国内锂电池企业。公司是云南省非专卖的卷烟材料A级供应商，烟标产品主要客户为国内大型的卷烟生产企业，包括云南中烟物资（集团）有限责任公司和重庆中烟工业有限责任公司等，产品广泛应用于“玉溪”、“红塔山”、“云烟”、“红河”、“雪域”、“紫云”、“Marble”、“龙凤呈祥”等国内知名的卷烟品牌。公司烟膜产品的主要客户包括云南中烟物资（集团）有限责任公司、四川中烟工业有限责任公司、重庆中烟工业有限责任公司、湖南中烟工业有限责任公司、安徽中烟工业有限责任公司、湖北中烟工业有限责任公司、贵州中烟工业有限责任公司、黑龙江烟草、吉林烟草、甘肃中烟工业有限责任公司等集团下属多家国内知名的卷烟厂。公司无菌包装产品的主要客户包括内蒙古伊利实业集团股份有限公司、内蒙古蒙牛乳业（集团）股份有限公司、北京三元食品股份有限公司、皇氏集团华南乳品有限公司、贵州好一多乳业股份有限公司、广州市东鹏食品饮料有限公司、厦门惠尔康食品有限公司、达利集团、黑龙江完达山阳光乳业有限公司、云南欧亚乳业有限公司、云南皇氏来思尔乳业有限公司等国内知名企业，以及全球乳制品企业TOP10之一的荷兰乳制品企业RIESLANDCAMPINANEDERLANDB.V.（荷兰皇家菲仕兰公司）。2、经营模式公司不同的产品采取不同的经营模式，其中是湿法锂离子隔膜、烟标、无菌包装、特种纸制品和烟膜均按照客户要求进行定制化生产，平膜一般采取以销定产，并配备适当的库存量。（1）采购模式：公司供应部通过对供应商的评价、选择，建立了《合格供方名单》（或《合格供应商/材料清单》）。采购清单所列物资只能在《合格供方名单》之内实施采购，每一种物资的采购都要有2个以上供应商进行选择。公司对供应商每年进行一次全面评价，并及时更新《合格供方名单》（或《合格供应商/材料清单》）。（2）生产模式：公司主要采取订单生产和集中排产相结合的方式生产，从而合理控制生产成本，提高效率。生产计划部根据订单和销售计划制定生产计划，进行统一生产调度、组织管理和质量控制，确保按时按质按量完成生产任务。（3）销售模式：公司湿法锂电池隔膜产品采取直销的销售模式，由营销部门销售人员负责产品的销售、推广和订单获取工作；烟标和烟膜产品主要基于烟标印刷行业的下游卷烟企业依据《烟用物资采购管理规定》实行的全国性招标采购，公司通过参与各卷烟企业招投标获取订单，并按照客户的订单组织生产和销售，为客户提供定制产品；平膜一般采取以销定产，并配备适当的库存量；无菌包装、特种纸制品均按照客户要求进行定制化生产。3、行业情况及公司所处的行业地位公司是全球领先的锂电池隔膜行业龙头，具有全球竞争力，并且在烟标、BOPP膜、无菌包装及特种纸等细分行业中拥有较为丰富产品的公司。（1）膜类产品公司膜类产品分为两个大类：一是锂电池隔离膜，二是BOPP薄膜。锂电池隔膜是锂电池的主要原材料之一，锂电池市场规模决定了隔膜市场规模，隔膜市场规模跟随锂电池市场增长而增长，与锂电池市场增长有一致性。锂电池应用广泛，有多个应用市场和多种应用场景，包括消费电子，动力电池，以及储能三个主要市场，还有一些细分市场如电动工具等。从全,CNInfo annual report downloaded locally,constructed_entity_edge_from_downloaded_cninfo_report
CMIN-CN:002812.SZ,恩捷股份,stock,ENTITY:7ffd55dd20abb099f7fa,黑龙江完达山阳光乳业有限公司,company_entity,002812.SZ,,supplies_to,customer,,,2019,annual,2020-03-16,2020-03-16,2021-03-16,F:/Codex/GNN_data/data/tasks/csi300_cn_supply_chain_cninfo_2018_2021/data_raw/cn_supply_chain_cninfo/pdf/002812_2019_annual_2020-03-16.pdf,14,主要客户为国内外大型的锂电池生产企业、卷烟生产企业、食品饮料生产企业、塑料包装企业、印刷企业等。公司湿法锂离子隔膜产品的主要客户包括松下、LGChem.Ltd.、三星SDI、宁德时代、国轩、比亚迪、孚能、力神及其他超过20家的国内锂电池企业。公司是云南省非专卖的卷烟材料A级供应商，烟标产品主要客户为国内大型的卷烟生产企业，包括云南中烟物资（集团）有限责任公司和重庆中烟工业有限责任公司等，产品广泛应用于“玉溪”、“红塔山”、“云烟”、“红河”、“雪域”、“紫云”、“Marble”、“龙凤呈祥”等国内知名的卷烟品牌。公司烟膜产品的主要客户包括云南中烟物资（集团）有限责任公司、四川中烟工业有限责任公司、重庆中烟工业有限责任公司、湖南中烟工业有限责任公司、安徽中烟工业有限责任公司、湖北中烟工业有限责任公司、贵州中烟工业有限责任公司、黑龙江烟草、吉林烟草、甘肃中烟工业有限责任公司等集团下属多家国内知名的卷烟厂。公司无菌包装产品的主要客户包括内蒙古伊利实业集团股份有限公司、内蒙古蒙牛乳业（集团）股份有限公司、北京三元食品股份有限公司、皇氏集团华南乳品有限公司、贵州好一多乳业股份有限公司、广州市东鹏食品饮料有限公司、厦门惠尔康食品有限公司、达利集团、黑龙江完达山阳光乳业有限公司、云南欧亚乳业有限公司、云南皇氏来思尔乳业有限公司等国内知名企业，以及全球乳制品企业TOP10之一的荷兰乳制品企业RIESLANDCAMPINANEDERLANDB.V.（荷兰皇家菲仕兰公司）。2、经营模式公司不同的产品采取不同的经营模式，其中是湿法锂离子隔膜、烟标、无菌包装、特种纸制品和烟膜均按照客户要求进行定制化生产，平膜一般采取以销定产，并配备适当的库存量。（1）采购模式：公司供应部通过对供应商的评价、选择，建立了《合格供方名单》（或《合格供应商/材料清单》）。采购清单所列物资只能在《合格供方名单》之内实施采购，每一种物资的采购都要有2个以上供应商进行选择。公司对供应商每年进行一次全面评价，并及时更新《合格供方名单》（或《合格供应商/材料清单》）。（2）生产模式：公司主要采取订单生产和集中排产相结合的方式生产，从而合理控制生产成本，提高效率。生产计划部根据订单和销售计划制定生产计划，进行统一生产调度、组织管理和质量控制，确保按时按质按量完成生产任务。（3）销售模式：公司湿法锂电池隔膜产品采取直销的销售模式，由营销部门销售人员负责产品的销售、推广和订单获取工作；烟标和烟膜产品主要基于烟标印刷行业的下游卷烟企业依据《烟用物资采购管理规定》实行的全国性招标采购，公司通过参与各卷烟企业招投标获取订单，并按照客户的订单组织生产和销售，为客户提供定制产品；平膜一般采取以销定产，并配备适当的库存量；无菌包装、特种纸制品均按照客户要求进行定制化生产。3、行业情况及公司所处的行业地位公司是全球领先的锂电池隔膜行业龙头，具有全球竞争力，并且在烟标、BOPP膜、无菌包装及特种纸等细分行业中拥有较为丰富产品的公司。（1）膜类产品公司膜类产品分为两个大类：一是锂电池隔离膜，二是BOPP薄膜。锂电池隔膜是锂电池的主要原材料之一，锂电池市场规模决定了隔膜市场规模，隔膜市场规模跟随锂电池市场增长而增长，与锂电池市场增长有一致性。锂电池应用广泛，有多个应用市场和多种应用场景，包括消费电子，动力电池，以及储能三个主要市场，还有一些细分市场如电动工具等。从全,CNInfo annual report downloaded locally,constructed_entity_edge_from_downloaded_cninfo_report
CMIN-CN:002812.SZ,恩捷股份,stock,ENTITY:fa4e4eee7801309c6b28,云南欧亚乳业有限公司,company_entity,002812.SZ,,supplies_to,customer,,,2019,annual,2020-03-16,2020-03-16,2021-03-16,F:/Codex/GNN_data/data/tasks/csi300_cn_supply_chain_cninfo_2018_2021/data_raw/cn_supply_chain_cninfo/pdf/002812_2019_annual_2020-03-16.pdf,14,主要客户为国内外大型的锂电池生产企业、卷烟生产企业、食品饮料生产企业、塑料包装企业、印刷企业等。公司湿法锂离子隔膜产品的主要客户包括松下、LGChem.Ltd.、三星SDI、宁德时代、国轩、比亚迪、孚能、力神及其他超过20家的国内锂电池企业。公司是云南省非专卖的卷烟材料A级供应商，烟标产品主要客户为国内大型的卷烟生产企业，包括云南中烟物资（集团）有限责任公司和重庆中烟工业有限责任公司等，产品广泛应用于“玉溪”、“红塔山”、“云烟”、“红河”、“雪域”、“紫云”、“Marble”、“龙凤呈祥”等国内知名的卷烟品牌。公司烟膜产品的主要客户包括云南中烟物资（集团）有限责任公司、四川中烟工业有限责任公司、重庆中烟工业有限责任公司、湖南中烟工业有限责任公司、安徽中烟工业有限责任公司、湖北中烟工业有限责任公司、贵州中烟工业有限责任公司、黑龙江烟草、吉林烟草、甘肃中烟工业有限责任公司等集团下属多家国内知名的卷烟厂。公司无菌包装产品的主要客户包括内蒙古伊利实业集团股份有限公司、内蒙古蒙牛乳业（集团）股份有限公司、北京三元食品股份有限公司、皇氏集团华南乳品有限公司、贵州好一多乳业股份有限公司、广州市东鹏食品饮料有限公司、厦门惠尔康食品有限公司、达利集团、黑龙江完达山阳光乳业有限公司、云南欧亚乳业有限公司、云南皇氏来思尔乳业有限公司等国内知名企业，以及全球乳制品企业TOP10之一的荷兰乳制品企业RIESLANDCAMPINANEDERLANDB.V.（荷兰皇家菲仕兰公司）。2、经营模式公司不同的产品采取不同的经营模式，其中是湿法锂离子隔膜、烟标、无菌包装、特种纸制品和烟膜均按照客户要求进行定制化生产，平膜一般采取以销定产，并配备适当的库存量。（1）采购模式：公司供应部通过对供应商的评价、选择，建立了《合格供方名单》（或《合格供应商/材料清单》）。采购清单所列物资只能在《合格供方名单》之内实施采购，每一种物资的采购都要有2个以上供应商进行选择。公司对供应商每年进行一次全面评价，并及时更新《合格供方名单》（或《合格供应商/材料清单》）。（2）生产模式：公司主要采取订单生产和集中排产相结合的方式生产，从而合理控制生产成本，提高效率。生产计划部根据订单和销售计划制定生产计划，进行统一生产调度、组织管理和质量控制，确保按时按质按量完成生产任务。（3）销售模式：公司湿法锂电池隔膜产品采取直销的销售模式，由营销部门销售人员负责产品的销售、推广和订单获取工作；烟标和烟膜产品主要基于烟标印刷行业的下游卷烟企业依据《烟用物资采购管理规定》实行的全国性招标采购，公司通过参与各卷烟企业招投标获取订单，并按照客户的订单组织生产和销售，为客户提供定制产品；平膜一般采取以销定产，并配备适当的库存量；无菌包装、特种纸制品均按照客户要求进行定制化生产。3、行业情况及公司所处的行业地位公司是全球领先的锂电池隔膜行业龙头，具有全球竞争力，并且在烟标、BOPP膜、无菌包装及特种纸等细分行业中拥有较为丰富产品的公司。（1）膜类产品公司膜类产品分为两个大类：一是锂电池隔离膜，二是BOPP薄膜。锂电池隔膜是锂电池的主要原材料之一，锂电池市场规模决定了隔膜市场规模，隔膜市场规模跟随锂电池市场增长而增长，与锂电池市场增长有一致性。锂电池应用广泛，有多个应用市场和多种应用场景，包括消费电子，动力电池，以及储能三个主要市场，还有一些细分市场如电动工具等。从全,CNInfo annual report downloaded locally,constructed_entity_edge_from_downloaded_cninfo_report
CMIN-CN:002812.SZ,恩捷股份,stock,CMIN-CN:300750.SZ,宁德时代,stock,002812.SZ,300750.SZ,supplies_to,customer,,,2020,annual,2021-03-17,2021-03-17,2022-04-10,F:/Codex/GNN_data/data/tasks/csi300_cn_supply_chain_cninfo_2018_2021/data_raw/cn_supply_chain_cninfo/pdf/002812_2020_annual_2021-03-17.pdf,14,主要客户为国内外大型的锂电池生产企业、卷烟生产企业、食品饮料生产企业、塑料包装企业、印刷企业等。公司湿法锂离子隔膜产品的主要客户包括松下、LGChem.Ltd.、三星SDI、宁德时代、国轩、比亚迪、孚能、力神等国内主流锂电池企业。公司是云南省非专卖的卷烟材料A级供应商，烟标产品主要客户为国内大型的卷烟生产企业，包括云南中烟物资（集团）有限责任公司和重庆中烟工业有限责任公司等，产品广泛应用于“玉溪”、“红塔山”、“云烟”、“红河”、“雪域”、“紫云”、“Marble”、“龙凤呈祥”等国内知名的卷烟品牌。公司烟膜产品的主要客户包括云南中烟物资（集团）有限责任公司、四川中烟工业有限责任公司、重庆中烟工业有限责任公司、湖南中烟工业有限责任公司、安徽中烟工业有限责任公司、湖北中烟工业有限责任公司、贵州中烟工业有限责任公司、黑龙江烟草工业有限责任公司、江西中烟工业有限责任公司、甘肃烟草工业有限责任公司等集团下属多家国内知名的卷烟厂。公司无菌包装产品的主要客户包括内蒙古伊利实业集团股份有限公司、内蒙古蒙牛乳业（集团）股份有限公司、北京三元食品股份有限公司、皇氏集团华南乳品有限公司、贵州好一多乳业股份有限公司、深圳市东鹏捷迅供应链管理有限公司、达利食品集团有限公司、黑龙江完达山阳光乳业有限公司、云南欧亚乳业有限公司、云南皇氏来思尔乳业有限公司，2020年国内新增光明乳业股份有限公司、南京卫岗乳业有限公司。2、经营模式公司不同的产品采取不同的经营模式，其中是湿法锂离子隔膜、烟标、无菌包装、特种纸制品和烟膜均按照客户要求进行定制化生产，平膜一般采取以销定产，并配备适当的库存量。（1）采购模式：公司供应部通过对供应商的评价、选择，建立了《合格供方名单》（或《合格供应商/材料清单》）。采购清单所列物资只能在《合格供方名单》之内实施采购，每一种物资的采购都要有2个以上供应商进行选择。公司对供应商每年进行一次全面评价，并及时更新《合格供方名单》（或《合格供应商/材料清单》,CNInfo annual report downloaded locally,constructed_entity_edge_from_downloaded_cninfo_report
CMIN-CN:002812.SZ,恩捷股份,stock,CMIN-CN:002594.SZ,比亚迪,stock,002812.SZ,002594.SZ,supplies_to,customer,,,2020,annual,2021-03-17,2021-03-17,2022-04-10,F:/Codex/GNN_data/data/tasks/csi300_cn_supply_chain_cninfo_2018_2021/data_raw/cn_supply_chain_cninfo/pdf/002812_2020_annual_2021-03-17.pdf,14,主要客户为国内外大型的锂电池生产企业、卷烟生产企业、食品饮料生产企业、塑料包装企业、印刷企业等。公司湿法锂离子隔膜产品的主要客户包括松下、LGChem.Ltd.、三星SDI、宁德时代、国轩、比亚迪、孚能、力神等国内主流锂电池企业。公司是云南省非专卖的卷烟材料A级供应商，烟标产品主要客户为国内大型的卷烟生产企业，包括云南中烟物资（集团）有限责任公司和重庆中烟工业有限责任公司等，产品广泛应用于“玉溪”、“红塔山”、“云烟”、“红河”、“雪域”、“紫云”、“Marble”、“龙凤呈祥”等国内知名的卷烟品牌。公司烟膜产品的主要客户包括云南中烟物资（集团）有限责任公司、四川中烟工业有限责任公司、重庆中烟工业有限责任公司、湖南中烟工业有限责任公司、安徽中烟工业有限责任公司、湖北中烟工业有限责任公司、贵州中烟工业有限责任公司、黑龙江烟草工业有限责任公司、江西中烟工业有限责任公司、甘肃烟草工业有限责任公司等集团下属多家国内知名的卷烟厂。公司无菌包装产品的主要客户包括内蒙古伊利实业集团股份有限公司、内蒙古蒙牛乳业（集团）股份有限公司、北京三元食品股份有限公司、皇氏集团华南乳品有限公司、贵州好一多乳业股份有限公司、深圳市东鹏捷迅供应链管理有限公司、达利食品集团有限公司、黑龙江完达山阳光乳业有限公司、云南欧亚乳业有限公司、云南皇氏来思尔乳业有限公司，2020年国内新增光明乳业股份有限公司、南京卫岗乳业有限公司。2、经营模式公司不同的产品采取不同的经营模式，其中是湿法锂离子隔膜、烟标、无菌包装、特种纸制品和烟膜均按照客户要求进行定制化生产，平膜一般采取以销定产，并配备适当的库存量。（1）采购模式：公司供应部通过对供应商的评价、选择，建立了《合格供方名单》（或《合格供应商/材料清单》）。采购清单所列物资只能在《合格供方名单》之内实施采购，每一种物资的采购都要有2个以上供应商进行选择。公司对供应商每年进行一次全面评价，并及时更新《合格供方名单》（或《合格供应商/材料清单》,CNInfo annual report downloaded locally,constructed_entity_edge_from_downloaded_cninfo_report
CMIN-CN:002812.SZ,恩捷股份,stock,ENTITY:73981156e34dff58ee09,四川中烟工业有限责任公司,company_entity,002812.SZ,,supplies_to,customer,,,2020,annual,2021-03-17,2021-03-17,2022-04-10,F:/Codex/GNN_data/data/tasks/csi300_cn_supply_chain_cninfo_2018_2021/data_raw/cn_supply_chain_cninfo/pdf/002812_2020_annual_2021-03-17.pdf,14,主要客户为国内外大型的锂电池生产企业、卷烟生产企业、食品饮料生产企业、塑料包装企业、印刷企业等。公司湿法锂离子隔膜产品的主要客户包括松下、LGChem.Ltd.、三星SDI、宁德时代、国轩、比亚迪、孚能、力神等国内主流锂电池企业。公司是云南省非专卖的卷烟材料A级供应商，烟标产品主要客户为国内大型的卷烟生产企业，包括云南中烟物资（集团）有限责任公司和重庆中烟工业有限责任公司等，产品广泛应用于“玉溪”、“红塔山”、“云烟”、“红河”、“雪域”、“紫云”、“Marble”、“龙凤呈祥”等国内知名的卷烟品牌。公司烟膜产品的主要客户包括云南中烟物资（集团）有限责任公司、四川中烟工业有限责任公司、重庆中烟工业有限责任公司、湖南中烟工业有限责任公司、安徽中烟工业有限责任公司、湖北中烟工业有限责任公司、贵州中烟工业有限责任公司、黑龙江烟草工业有限责任公司、江西中烟工业有限责任公司、甘肃烟草工业有限责任公司等集团下属多家国内知名的卷烟厂。公司无菌包装产品的主要客户包括内蒙古伊利实业集团股份有限公司、内蒙古蒙牛乳业（集团）股份有限公司、北京三元食品股份有限公司、皇氏集团华南乳品有限公司、贵州好一多乳业股份有限公司、深圳市东鹏捷迅供应链管理有限公司、达利食品集团有限公司、黑龙江完达山阳光乳业有限公司、云南欧亚乳业有限公司、云南皇氏来思尔乳业有限公司，2020年国内新增光明乳业股份有限公司、南京卫岗乳业有限公司。2、经营模式公司不同的产品采取不同的经营模式，其中是湿法锂离子隔膜、烟标、无菌包装、特种纸制品和烟膜均按照客户要求进行定制化生产，平膜一般采取以销定产，并配备适当的库存量。（1）采购模式：公司供应部通过对供应商的评价、选择，建立了《合格供方名单》（或《合格供应商/材料清单》）。采购清单所列物资只能在《合格供方名单》之内实施采购，每一种物资的采购都要有2个以上供应商进行选择。公司对供应商每年进行一次全面评价，并及时更新《合格供方名单》（或《合格供应商/材料清单》,CNInfo annual report downloaded locally,constructed_entity_edge_from_downloaded_cninfo_report
CMIN-CN:002812.SZ,恩捷股份,stock,ENTITY:7587f39eba5dd36f3c63,重庆中烟工业有限责任公司,company_entity,002812.SZ,,supplies_to,customer,,,2020,annual,2021-03-17,2021-03-17,2022-04-10,F:/Codex/GNN_data/data/tasks/csi300_cn_supply_chain_cninfo_2018_2021/data_raw/cn_supply_chain_cninfo/pdf/002812_2020_annual_2021-03-17.pdf,14,主要客户为国内外大型的锂电池生产企业、卷烟生产企业、食品饮料生产企业、塑料包装企业、印刷企业等。公司湿法锂离子隔膜产品的主要客户包括松下、LGChem.Ltd.、三星SDI、宁德时代、国轩、比亚迪、孚能、力神等国内主流锂电池企业。公司是云南省非专卖的卷烟材料A级供应商，烟标产品主要客户为国内大型的卷烟生产企业，包括云南中烟物资（集团）有限责任公司和重庆中烟工业有限责任公司等，产品广泛应用于“玉溪”、“红塔山”、“云烟”、“红河”、“雪域”、“紫云”、“Marble”、“龙凤呈祥”等国内知名的卷烟品牌。公司烟膜产品的主要客户包括云南中烟物资（集团）有限责任公司、四川中烟工业有限责任公司、重庆中烟工业有限责任公司、湖南中烟工业有限责任公司、安徽中烟工业有限责任公司、湖北中烟工业有限责任公司、贵州中烟工业有限责任公司、黑龙江烟草工业有限责任公司、江西中烟工业有限责任公司、甘肃烟草工业有限责任公司等集团下属多家国内知名的卷烟厂。公司无菌包装产品的主要客户包括内蒙古伊利实业集团股份有限公司、内蒙古蒙牛乳业（集团）股份有限公司、北京三元食品股份有限公司、皇氏集团华南乳品有限公司、贵州好一多乳业股份有限公司、深圳市东鹏捷迅供应链管理有限公司、达利食品集团有限公司、黑龙江完达山阳光乳业有限公司、云南欧亚乳业有限公司、云南皇氏来思尔乳业有限公司，2020年国内新增光明乳业股份有限公司、南京卫岗乳业有限公司。2、经营模式公司不同的产品采取不同的经营模式，其中是湿法锂离子隔膜、烟标、无菌包装、特种纸制品和烟膜均按照客户要求进行定制化生产，平膜一般采取以销定产，并配备适当的库存量。（1）采购模式：公司供应部通过对供应商的评价、选择，建立了《合格供方名单》（或《合格供应商/材料清单》）。采购清单所列物资只能在《合格供方名单》之内实施采购，每一种物资的采购都要有2个以上供应商进行选择。公司对供应商每年进行一次全面评价，并及时更新《合格供方名单》（或《合格供应商/材料清单》,CNInfo annual report downloaded locally,constructed_entity_edge_from_downloaded_cninfo_report
CMIN-CN:002812.SZ,恩捷股份,stock,ENTITY:e654219390a6667b5f67,湖南中烟工业有限责任公司,company_entity,002812.SZ,,supplies_to,customer,,,2020,annual,2021-03-17,2021-03-17,2022-04-10,F:/Codex/GNN_data/data/tasks/csi300_cn_supply_chain_cninfo_2018_2021/data_raw/cn_supply_chain_cninfo/pdf/002812_2020_annual_2021-03-17.pdf,14,主要客户为国内外大型的锂电池生产企业、卷烟生产企业、食品饮料生产企业、塑料包装企业、印刷企业等。公司湿法锂离子隔膜产品的主要客户包括松下、LGChem.Ltd.、三星SDI、宁德时代、国轩、比亚迪、孚能、力神等国内主流锂电池企业。公司是云南省非专卖的卷烟材料A级供应商，烟标产品主要客户为国内大型的卷烟生产企业，包括云南中烟物资（集团）有限责任公司和重庆中烟工业有限责任公司等，产品广泛应用于“玉溪”、“红塔山”、“云烟”、“红河”、“雪域”、“紫云”、“Marble”、“龙凤呈祥”等国内知名的卷烟品牌。公司烟膜产品的主要客户包括云南中烟物资（集团）有限责任公司、四川中烟工业有限责任公司、重庆中烟工业有限责任公司、湖南中烟工业有限责任公司、安徽中烟工业有限责任公司、湖北中烟工业有限责任公司、贵州中烟工业有限责任公司、黑龙江烟草工业有限责任公司、江西中烟工业有限责任公司、甘肃烟草工业有限责任公司等集团下属多家国内知名的卷烟厂。公司无菌包装产品的主要客户包括内蒙古伊利实业集团股份有限公司、内蒙古蒙牛乳业（集团）股份有限公司、北京三元食品股份有限公司、皇氏集团华南乳品有限公司、贵州好一多乳业股份有限公司、深圳市东鹏捷迅供应链管理有限公司、达利食品集团有限公司、黑龙江完达山阳光乳业有限公司、云南欧亚乳业有限公司、云南皇氏来思尔乳业有限公司，2020年国内新增光明乳业股份有限公司、南京卫岗乳业有限公司。2、经营模式公司不同的产品采取不同的经营模式，其中是湿法锂离子隔膜、烟标、无菌包装、特种纸制品和烟膜均按照客户要求进行定制化生产，平膜一般采取以销定产，并配备适当的库存量。（1）采购模式：公司供应部通过对供应商的评价、选择，建立了《合格供方名单》（或《合格供应商/材料清单》）。采购清单所列物资只能在《合格供方名单》之内实施采购，每一种物资的采购都要有2个以上供应商进行选择。公司对供应商每年进行一次全面评价，并及时更新《合格供方名单》（或《合格供应商/材料清单》,CNInfo annual report downloaded locally,constructed_entity_edge_from_downloaded_cninfo_report
CMIN-CN:002812.SZ,恩捷股份,stock,ENTITY:25c78be0c9160a5cf4e1,安徽中烟工业有限责任公司,company_entity,002812.SZ,,supplies_to,customer,,,2020,annual,2021-03-17,2021-03-17,2022-04-10,F:/Codex/GNN_data/data/tasks/csi300_cn_supply_chain_cninfo_2018_2021/data_raw/cn_supply_chain_cninfo/pdf/002812_2020_annual_2021-03-17.pdf,14,主要客户为国内外大型的锂电池生产企业、卷烟生产企业、食品饮料生产企业、塑料包装企业、印刷企业等。公司湿法锂离子隔膜产品的主要客户包括松下、LGChem.Ltd.、三星SDI、宁德时代、国轩、比亚迪、孚能、力神等国内主流锂电池企业。公司是云南省非专卖的卷烟材料A级供应商，烟标产品主要客户为国内大型的卷烟生产企业，包括云南中烟物资（集团）有限责任公司和重庆中烟工业有限责任公司等，产品广泛应用于“玉溪”、“红塔山”、“云烟”、“红河”、“雪域”、“紫云”、“Marble”、“龙凤呈祥”等国内知名的卷烟品牌。公司烟膜产品的主要客户包括云南中烟物资（集团）有限责任公司、四川中烟工业有限责任公司、重庆中烟工业有限责任公司、湖南中烟工业有限责任公司、安徽中烟工业有限责任公司、湖北中烟工业有限责任公司、贵州中烟工业有限责任公司、黑龙江烟草工业有限责任公司、江西中烟工业有限责任公司、甘肃烟草工业有限责任公司等集团下属多家国内知名的卷烟厂。公司无菌包装产品的主要客户包括内蒙古伊利实业集团股份有限公司、内蒙古蒙牛乳业（集团）股份有限公司、北京三元食品股份有限公司、皇氏集团华南乳品有限公司、贵州好一多乳业股份有限公司、深圳市东鹏捷迅供应链管理有限公司、达利食品集团有限公司、黑龙江完达山阳光乳业有限公司、云南欧亚乳业有限公司、云南皇氏来思尔乳业有限公司，2020年国内新增光明乳业股份有限公司、南京卫岗乳业有限公司。2、经营模式公司不同的产品采取不同的经营模式，其中是湿法锂离子隔膜、烟标、无菌包装、特种纸制品和烟膜均按照客户要求进行定制化生产，平膜一般采取以销定产，并配备适当的库存量。（1）采购模式：公司供应部通过对供应商的评价、选择，建立了《合格供方名单》（或《合格供应商/材料清单》）。采购清单所列物资只能在《合格供方名单》之内实施采购，每一种物资的采购都要有2个以上供应商进行选择。公司对供应商每年进行一次全面评价，并及时更新《合格供方名单》（或《合格供应商/材料清单》,CNInfo annual report downloaded locally,constructed_entity_edge_from_downloaded_cninfo_report
CMIN-CN:002812.SZ,恩捷股份,stock,ENTITY:65a1959b416b9e027c4a,湖北中烟工业有限责任公司,company_entity,002812.SZ,,supplies_to,customer,,,2020,annual,2021-03-17,2021-03-17,2022-04-10,F:/Codex/GNN_data/data/tasks/csi300_cn_supply_chain_cninfo_2018_2021/data_raw/cn_supply_chain_cninfo/pdf/002812_2020_annual_2021-03-17.pdf,14,主要客户为国内外大型的锂电池生产企业、卷烟生产企业、食品饮料生产企业、塑料包装企业、印刷企业等。公司湿法锂离子隔膜产品的主要客户包括松下、LGChem.Ltd.、三星SDI、宁德时代、国轩、比亚迪、孚能、力神等国内主流锂电池企业。公司是云南省非专卖的卷烟材料A级供应商，烟标产品主要客户为国内大型的卷烟生产企业，包括云南中烟物资（集团）有限责任公司和重庆中烟工业有限责任公司等，产品广泛应用于“玉溪”、“红塔山”、“云烟”、“红河”、“雪域”、“紫云”、“Marble”、“龙凤呈祥”等国内知名的卷烟品牌。公司烟膜产品的主要客户包括云南中烟物资（集团）有限责任公司、四川中烟工业有限责任公司、重庆中烟工业有限责任公司、湖南中烟工业有限责任公司、安徽中烟工业有限责任公司、湖北中烟工业有限责任公司、贵州中烟工业有限责任公司、黑龙江烟草工业有限责任公司、江西中烟工业有限责任公司、甘肃烟草工业有限责任公司等集团下属多家国内知名的卷烟厂。公司无菌包装产品的主要客户包括内蒙古伊利实业集团股份有限公司、内蒙古蒙牛乳业（集团）股份有限公司、北京三元食品股份有限公司、皇氏集团华南乳品有限公司、贵州好一多乳业股份有限公司、深圳市东鹏捷迅供应链管理有限公司、达利食品集团有限公司、黑龙江完达山阳光乳业有限公司、云南欧亚乳业有限公司、云南皇氏来思尔乳业有限公司，2020年国内新增光明乳业股份有限公司、南京卫岗乳业有限公司。2、经营模式公司不同的产品采取不同的经营模式，其中是湿法锂离子隔膜、烟标、无菌包装、特种纸制品和烟膜均按照客户要求进行定制化生产，平膜一般采取以销定产，并配备适当的库存量。（1）采购模式：公司供应部通过对供应商的评价、选择，建立了《合格供方名单》（或《合格供应商/材料清单》）。采购清单所列物资只能在《合格供方名单》之内实施采购，每一种物资的采购都要有2个以上供应商进行选择。公司对供应商每年进行一次全面评价，并及时更新《合格供方名单》（或《合格供应商/材料清单》,CNInfo annual report downloaded locally,constructed_entity_edge_from_downloaded_cninfo_report
CMIN-CN:002812.SZ,恩捷股份,stock,ENTITY:d98830ae007dbe3da129,贵州中烟工业有限责任公司,company_entity,002812.SZ,,supplies_to,customer,,,2020,annual,2021-03-17,2021-03-17,2022-04-10,F:/Codex/GNN_data/data/tasks/csi300_cn_supply_chain_cninfo_2018_2021/data_raw/cn_supply_chain_cninfo/pdf/002812_2020_annual_2021-03-17.pdf,14,主要客户为国内外大型的锂电池生产企业、卷烟生产企业、食品饮料生产企业、塑料包装企业、印刷企业等。公司湿法锂离子隔膜产品的主要客户包括松下、LGChem.Ltd.、三星SDI、宁德时代、国轩、比亚迪、孚能、力神等国内主流锂电池企业。公司是云南省非专卖的卷烟材料A级供应商，烟标产品主要客户为国内大型的卷烟生产企业，包括云南中烟物资（集团）有限责任公司和重庆中烟工业有限责任公司等，产品广泛应用于“玉溪”、“红塔山”、“云烟”、“红河”、“雪域”、“紫云”、“Marble”、“龙凤呈祥”等国内知名的卷烟品牌。公司烟膜产品的主要客户包括云南中烟物资（集团）有限责任公司、四川中烟工业有限责任公司、重庆中烟工业有限责任公司、湖南中烟工业有限责任公司、安徽中烟工业有限责任公司、湖北中烟工业有限责任公司、贵州中烟工业有限责任公司、黑龙江烟草工业有限责任公司、江西中烟工业有限责任公司、甘肃烟草工业有限责任公司等集团下属多家国内知名的卷烟厂。公司无菌包装产品的主要客户包括内蒙古伊利实业集团股份有限公司、内蒙古蒙牛乳业（集团）股份有限公司、北京三元食品股份有限公司、皇氏集团华南乳品有限公司、贵州好一多乳业股份有限公司、深圳市东鹏捷迅供应链管理有限公司、达利食品集团有限公司、黑龙江完达山阳光乳业有限公司、云南欧亚乳业有限公司、云南皇氏来思尔乳业有限公司，2020年国内新增光明乳业股份有限公司、南京卫岗乳业有限公司。2、经营模式公司不同的产品采取不同的经营模式，其中是湿法锂离子隔膜、烟标、无菌包装、特种纸制品和烟膜均按照客户要求进行定制化生产，平膜一般采取以销定产，并配备适当的库存量。（1）采购模式：公司供应部通过对供应商的评价、选择，建立了《合格供方名单》（或《合格供应商/材料清单》）。采购清单所列物资只能在《合格供方名单》之内实施采购，每一种物资的采购都要有2个以上供应商进行选择。公司对供应商每年进行一次全面评价，并及时更新《合格供方名单》（或《合格供应商/材料清单》,CNInfo annual report downloaded locally,constructed_entity_edge_from_downloaded_cninfo_report
CMIN-CN:002812.SZ,恩捷股份,stock,ENTITY:20740041c4d1437feea6,黑龙江烟草工业有限责任公司,company_entity,002812.SZ,,supplies_to,customer,,,2020,annual,2021-03-17,2021-03-17,2022-04-10,F:/Codex/GNN_data/data/tasks/csi300_cn_supply_chain_cninfo_2018_2021/data_raw/cn_supply_chain_cninfo/pdf/002812_2020_annual_2021-03-17.pdf,14,主要客户为国内外大型的锂电池生产企业、卷烟生产企业、食品饮料生产企业、塑料包装企业、印刷企业等。公司湿法锂离子隔膜产品的主要客户包括松下、LGChem.Ltd.、三星SDI、宁德时代、国轩、比亚迪、孚能、力神等国内主流锂电池企业。公司是云南省非专卖的卷烟材料A级供应商，烟标产品主要客户为国内大型的卷烟生产企业，包括云南中烟物资（集团）有限责任公司和重庆中烟工业有限责任公司等，产品广泛应用于“玉溪”、“红塔山”、“云烟”、“红河”、“雪域”、“紫云”、“Marble”、“龙凤呈祥”等国内知名的卷烟品牌。公司烟膜产品的主要客户包括云南中烟物资（集团）有限责任公司、四川中烟工业有限责任公司、重庆中烟工业有限责任公司、湖南中烟工业有限责任公司、安徽中烟工业有限责任公司、湖北中烟工业有限责任公司、贵州中烟工业有限责任公司、黑龙江烟草工业有限责任公司、江西中烟工业有限责任公司、甘肃烟草工业有限责任公司等集团下属多家国内知名的卷烟厂。公司无菌包装产品的主要客户包括内蒙古伊利实业集团股份有限公司、内蒙古蒙牛乳业（集团）股份有限公司、北京三元食品股份有限公司、皇氏集团华南乳品有限公司、贵州好一多乳业股份有限公司、深圳市东鹏捷迅供应链管理有限公司、达利食品集团有限公司、黑龙江完达山阳光乳业有限公司、云南欧亚乳业有限公司、云南皇氏来思尔乳业有限公司，2020年国内新增光明乳业股份有限公司、南京卫岗乳业有限公司。2、经营模式公司不同的产品采取不同的经营模式，其中是湿法锂离子隔膜、烟标、无菌包装、特种纸制品和烟膜均按照客户要求进行定制化生产，平膜一般采取以销定产，并配备适当的库存量。（1）采购模式：公司供应部通过对供应商的评价、选择，建立了《合格供方名单》（或《合格供应商/材料清单》）。采购清单所列物资只能在《合格供方名单》之内实施采购，每一种物资的采购都要有2个以上供应商进行选择。公司对供应商每年进行一次全面评价，并及时更新《合格供方名单》（或《合格供应商/材料清单》,CNInfo annual report downloaded locally,constructed_entity_edge_from_downloaded_cninfo_report
CMIN-CN:002812.SZ,恩捷股份,stock,ENTITY:fb6ace7654f0aee23ae1,江西中烟工业有限责任公司,company_entity,002812.SZ,,supplies_to,customer,,,2020,annual,2021-03-17,2021-03-17,2022-04-10,F:/Codex/GNN_data/data/tasks/csi300_cn_supply_chain_cninfo_2018_2021/data_raw/cn_supply_chain_cninfo/pdf/002812_2020_annual_2021-03-17.pdf,14,主要客户为国内外大型的锂电池生产企业、卷烟生产企业、食品饮料生产企业、塑料包装企业、印刷企业等。公司湿法锂离子隔膜产品的主要客户包括松下、LGChem.Ltd.、三星SDI、宁德时代、国轩、比亚迪、孚能、力神等国内主流锂电池企业。公司是云南省非专卖的卷烟材料A级供应商，烟标产品主要客户为国内大型的卷烟生产企业，包括云南中烟物资（集团）有限责任公司和重庆中烟工业有限责任公司等，产品广泛应用于“玉溪”、“红塔山”、“云烟”、“红河”、“雪域”、“紫云”、“Marble”、“龙凤呈祥”等国内知名的卷烟品牌。公司烟膜产品的主要客户包括云南中烟物资（集团）有限责任公司、四川中烟工业有限责任公司、重庆中烟工业有限责任公司、湖南中烟工业有限责任公司、安徽中烟工业有限责任公司、湖北中烟工业有限责任公司、贵州中烟工业有限责任公司、黑龙江烟草工业有限责任公司、江西中烟工业有限责任公司、甘肃烟草工业有限责任公司等集团下属多家国内知名的卷烟厂。公司无菌包装产品的主要客户包括内蒙古伊利实业集团股份有限公司、内蒙古蒙牛乳业（集团）股份有限公司、北京三元食品股份有限公司、皇氏集团华南乳品有限公司、贵州好一多乳业股份有限公司、深圳市东鹏捷迅供应链管理有限公司、达利食品集团有限公司、黑龙江完达山阳光乳业有限公司、云南欧亚乳业有限公司、云南皇氏来思尔乳业有限公司，2020年国内新增光明乳业股份有限公司、南京卫岗乳业有限公司。2、经营模式公司不同的产品采取不同的经营模式，其中是湿法锂离子隔膜、烟标、无菌包装、特种纸制品和烟膜均按照客户要求进行定制化生产，平膜一般采取以销定产，并配备适当的库存量。（1）采购模式：公司供应部通过对供应商的评价、选择，建立了《合格供方名单》（或《合格供应商/材料清单》）。采购清单所列物资只能在《合格供方名单》之内实施采购，每一种物资的采购都要有2个以上供应商进行选择。公司对供应商每年进行一次全面评价，并及时更新《合格供方名单》（或《合格供应商/材料清单》,CNInfo annual report downloaded locally,constructed_entity_edge_from_downloaded_cninfo_report
CMIN-CN:002812.SZ,恩捷股份,stock,ENTITY:71bb8ce04194b1e35ed2,内蒙古蒙牛乳业（集团）股份有限公司,company_entity,002812.SZ,,supplies_to,customer,,,2020,annual,2021-03-17,2021-03-17,2022-04-10,F:/Codex/GNN_data/data/tasks/csi300_cn_supply_chain_cninfo_2018_2021/data_raw/cn_supply_chain_cninfo/pdf/002812_2020_annual_2021-03-17.pdf,14,主要客户为国内外大型的锂电池生产企业、卷烟生产企业、食品饮料生产企业、塑料包装企业、印刷企业等。公司湿法锂离子隔膜产品的主要客户包括松下、LGChem.Ltd.、三星SDI、宁德时代、国轩、比亚迪、孚能、力神等国内主流锂电池企业。公司是云南省非专卖的卷烟材料A级供应商，烟标产品主要客户为国内大型的卷烟生产企业，包括云南中烟物资（集团）有限责任公司和重庆中烟工业有限责任公司等，产品广泛应用于“玉溪”、“红塔山”、“云烟”、“红河”、“雪域”、“紫云”、“Marble”、“龙凤呈祥”等国内知名的卷烟品牌。公司烟膜产品的主要客户包括云南中烟物资（集团）有限责任公司、四川中烟工业有限责任公司、重庆中烟工业有限责任公司、湖南中烟工业有限责任公司、安徽中烟工业有限责任公司、湖北中烟工业有限责任公司、贵州中烟工业有限责任公司、黑龙江烟草工业有限责任公司、江西中烟工业有限责任公司、甘肃烟草工业有限责任公司等集团下属多家国内知名的卷烟厂。公司无菌包装产品的主要客户包括内蒙古伊利实业集团股份有限公司、内蒙古蒙牛乳业（集团）股份有限公司、北京三元食品股份有限公司、皇氏集团华南乳品有限公司、贵州好一多乳业股份有限公司、深圳市东鹏捷迅供应链管理有限公司、达利食品集团有限公司、黑龙江完达山阳光乳业有限公司、云南欧亚乳业有限公司、云南皇氏来思尔乳业有限公司，2020年国内新增光明乳业股份有限公司、南京卫岗乳业有限公司。2、经营模式公司不同的产品采取不同的经营模式，其中是湿法锂离子隔膜、烟标、无菌包装、特种纸制品和烟膜均按照客户要求进行定制化生产，平膜一般采取以销定产，并配备适当的库存量。（1）采购模式：公司供应部通过对供应商的评价、选择，建立了《合格供方名单》（或《合格供应商/材料清单》）。采购清单所列物资只能在《合格供方名单》之内实施采购，每一种物资的采购都要有2个以上供应商进行选择。公司对供应商每年进行一次全面评价，并及时更新《合格供方名单》（或《合格供应商/材料清单》,CNInfo annual report downloaded locally,constructed_entity_edge_from_downloaded_cninfo_report
CMIN-CN:002812.SZ,恩捷股份,stock,ENTITY:01ab855c7755485aba95,北京三元食品股份有限公司,company_entity,002812.SZ,,supplies_to,customer,,,2020,annual,2021-03-17,2021-03-17,2022-04-10,F:/Codex/GNN_data/data/tasks/csi300_cn_supply_chain_cninfo_2018_2021/data_raw/cn_supply_chain_cninfo/pdf/002812_2020_annual_2021-03-17.pdf,14,主要客户为国内外大型的锂电池生产企业、卷烟生产企业、食品饮料生产企业、塑料包装企业、印刷企业等。公司湿法锂离子隔膜产品的主要客户包括松下、LGChem.Ltd.、三星SDI、宁德时代、国轩、比亚迪、孚能、力神等国内主流锂电池企业。公司是云南省非专卖的卷烟材料A级供应商，烟标产品主要客户为国内大型的卷烟生产企业，包括云南中烟物资（集团）有限责任公司和重庆中烟工业有限责任公司等，产品广泛应用于“玉溪”、“红塔山”、“云烟”、“红河”、“雪域”、“紫云”、“Marble”、“龙凤呈祥”等国内知名的卷烟品牌。公司烟膜产品的主要客户包括云南中烟物资（集团）有限责任公司、四川中烟工业有限责任公司、重庆中烟工业有限责任公司、湖南中烟工业有限责任公司、安徽中烟工业有限责任公司、湖北中烟工业有限责任公司、贵州中烟工业有限责任公司、黑龙江烟草工业有限责任公司、江西中烟工业有限责任公司、甘肃烟草工业有限责任公司等集团下属多家国内知名的卷烟厂。公司无菌包装产品的主要客户包括内蒙古伊利实业集团股份有限公司、内蒙古蒙牛乳业（集团）股份有限公司、北京三元食品股份有限公司、皇氏集团华南乳品有限公司、贵州好一多乳业股份有限公司、深圳市东鹏捷迅供应链管理有限公司、达利食品集团有限公司、黑龙江完达山阳光乳业有限公司、云南欧亚乳业有限公司、云南皇氏来思尔乳业有限公司，2020年国内新增光明乳业股份有限公司、南京卫岗乳业有限公司。2、经营模式公司不同的产品采取不同的经营模式，其中是湿法锂离子隔膜、烟标、无菌包装、特种纸制品和烟膜均按照客户要求进行定制化生产，平膜一般采取以销定产，并配备适当的库存量。（1）采购模式：公司供应部通过对供应商的评价、选择，建立了《合格供方名单》（或《合格供应商/材料清单》）。采购清单所列物资只能在《合格供方名单》之内实施采购，每一种物资的采购都要有2个以上供应商进行选择。公司对供应商每年进行一次全面评价，并及时更新《合格供方名单》（或《合格供应商/材料清单》,CNInfo annual report downloaded locally,constructed_entity_edge_from_downloaded_cninfo_report
CMIN-CN:002812.SZ,恩捷股份,stock,ENTITY:934692ded620773e7afa,皇氏集团华南乳品有限公司,company_entity,002812.SZ,,supplies_to,customer,,,2020,annual,2021-03-17,2021-03-17,2022-04-10,F:/Codex/GNN_data/data/tasks/csi300_cn_supply_chain_cninfo_2018_2021/data_raw/cn_supply_chain_cninfo/pdf/002812_2020_annual_2021-03-17.pdf,14,主要客户为国内外大型的锂电池生产企业、卷烟生产企业、食品饮料生产企业、塑料包装企业、印刷企业等。公司湿法锂离子隔膜产品的主要客户包括松下、LGChem.Ltd.、三星SDI、宁德时代、国轩、比亚迪、孚能、力神等国内主流锂电池企业。公司是云南省非专卖的卷烟材料A级供应商，烟标产品主要客户为国内大型的卷烟生产企业，包括云南中烟物资（集团）有限责任公司和重庆中烟工业有限责任公司等，产品广泛应用于“玉溪”、“红塔山”、“云烟”、“红河”、“雪域”、“紫云”、“Marble”、“龙凤呈祥”等国内知名的卷烟品牌。公司烟膜产品的主要客户包括云南中烟物资（集团）有限责任公司、四川中烟工业有限责任公司、重庆中烟工业有限责任公司、湖南中烟工业有限责任公司、安徽中烟工业有限责任公司、湖北中烟工业有限责任公司、贵州中烟工业有限责任公司、黑龙江烟草工业有限责任公司、江西中烟工业有限责任公司、甘肃烟草工业有限责任公司等集团下属多家国内知名的卷烟厂。公司无菌包装产品的主要客户包括内蒙古伊利实业集团股份有限公司、内蒙古蒙牛乳业（集团）股份有限公司、北京三元食品股份有限公司、皇氏集团华南乳品有限公司、贵州好一多乳业股份有限公司、深圳市东鹏捷迅供应链管理有限公司、达利食品集团有限公司、黑龙江完达山阳光乳业有限公司、云南欧亚乳业有限公司、云南皇氏来思尔乳业有限公司，2020年国内新增光明乳业股份有限公司、南京卫岗乳业有限公司。2、经营模式公司不同的产品采取不同的经营模式，其中是湿法锂离子隔膜、烟标、无菌包装、特种纸制品和烟膜均按照客户要求进行定制化生产，平膜一般采取以销定产，并配备适当的库存量。（1）采购模式：公司供应部通过对供应商的评价、选择，建立了《合格供方名单》（或《合格供应商/材料清单》）。采购清单所列物资只能在《合格供方名单》之内实施采购，每一种物资的采购都要有2个以上供应商进行选择。公司对供应商每年进行一次全面评价，并及时更新《合格供方名单》（或《合格供应商/材料清单》,CNInfo annual report downloaded locally,constructed_entity_edge_from_downloaded_cninfo_report
CMIN-CN:002812.SZ,恩捷股份,stock,ENTITY:331acc06a562afd0a0f6,贵州好一多乳业股份有限公司,company_entity,002812.SZ,,supplies_to,customer,,,2020,annual,2021-03-17,2021-03-17,2022-04-10,F:/Codex/GNN_data/data/tasks/csi300_cn_supply_chain_cninfo_2018_2021/data_raw/cn_supply_chain_cninfo/pdf/002812_2020_annual_2021-03-17.pdf,14,主要客户为国内外大型的锂电池生产企业、卷烟生产企业、食品饮料生产企业、塑料包装企业、印刷企业等。公司湿法锂离子隔膜产品的主要客户包括松下、LGChem.Ltd.、三星SDI、宁德时代、国轩、比亚迪、孚能、力神等国内主流锂电池企业。公司是云南省非专卖的卷烟材料A级供应商，烟标产品主要客户为国内大型的卷烟生产企业，包括云南中烟物资（集团）有限责任公司和重庆中烟工业有限责任公司等，产品广泛应用于“玉溪”、“红塔山”、“云烟”、“红河”、“雪域”、“紫云”、“Marble”、“龙凤呈祥”等国内知名的卷烟品牌。公司烟膜产品的主要客户包括云南中烟物资（集团）有限责任公司、四川中烟工业有限责任公司、重庆中烟工业有限责任公司、湖南中烟工业有限责任公司、安徽中烟工业有限责任公司、湖北中烟工业有限责任公司、贵州中烟工业有限责任公司、黑龙江烟草工业有限责任公司、江西中烟工业有限责任公司、甘肃烟草工业有限责任公司等集团下属多家国内知名的卷烟厂。公司无菌包装产品的主要客户包括内蒙古伊利实业集团股份有限公司、内蒙古蒙牛乳业（集团）股份有限公司、北京三元食品股份有限公司、皇氏集团华南乳品有限公司、贵州好一多乳业股份有限公司、深圳市东鹏捷迅供应链管理有限公司、达利食品集团有限公司、黑龙江完达山阳光乳业有限公司、云南欧亚乳业有限公司、云南皇氏来思尔乳业有限公司，2020年国内新增光明乳业股份有限公司、南京卫岗乳业有限公司。2、经营模式公司不同的产品采取不同的经营模式，其中是湿法锂离子隔膜、烟标、无菌包装、特种纸制品和烟膜均按照客户要求进行定制化生产，平膜一般采取以销定产，并配备适当的库存量。（1）采购模式：公司供应部通过对供应商的评价、选择，建立了《合格供方名单》（或《合格供应商/材料清单》）。采购清单所列物资只能在《合格供方名单》之内实施采购，每一种物资的采购都要有2个以上供应商进行选择。公司对供应商每年进行一次全面评价，并及时更新《合格供方名单》（或《合格供应商/材料清单》,CNInfo annual report downloaded locally,constructed_entity_edge_from_downloaded_cninfo_report
CMIN-CN:002812.SZ,恩捷股份,stock,ENTITY:b6a3993d41d68397c9bd,深圳市东鹏捷迅供应链管理有限公司,company_entity,002812.SZ,,supplies_to,customer,,,2020,annual,2021-03-17,2021-03-17,2022-04-10,F:/Codex/GNN_data/data/tasks/csi300_cn_supply_chain_cninfo_2018_2021/data_raw/cn_supply_chain_cninfo/pdf/002812_2020_annual_2021-03-17.pdf,14,主要客户为国内外大型的锂电池生产企业、卷烟生产企业、食品饮料生产企业、塑料包装企业、印刷企业等。公司湿法锂离子隔膜产品的主要客户包括松下、LGChem.Ltd.、三星SDI、宁德时代、国轩、比亚迪、孚能、力神等国内主流锂电池企业。公司是云南省非专卖的卷烟材料A级供应商，烟标产品主要客户为国内大型的卷烟生产企业，包括云南中烟物资（集团）有限责任公司和重庆中烟工业有限责任公司等，产品广泛应用于“玉溪”、“红塔山”、“云烟”、“红河”、“雪域”、“紫云”、“Marble”、“龙凤呈祥”等国内知名的卷烟品牌。公司烟膜产品的主要客户包括云南中烟物资（集团）有限责任公司、四川中烟工业有限责任公司、重庆中烟工业有限责任公司、湖南中烟工业有限责任公司、安徽中烟工业有限责任公司、湖北中烟工业有限责任公司、贵州中烟工业有限责任公司、黑龙江烟草工业有限责任公司、江西中烟工业有限责任公司、甘肃烟草工业有限责任公司等集团下属多家国内知名的卷烟厂。公司无菌包装产品的主要客户包括内蒙古伊利实业集团股份有限公司、内蒙古蒙牛乳业（集团）股份有限公司、北京三元食品股份有限公司、皇氏集团华南乳品有限公司、贵州好一多乳业股份有限公司、深圳市东鹏捷迅供应链管理有限公司、达利食品集团有限公司、黑龙江完达山阳光乳业有限公司、云南欧亚乳业有限公司、云南皇氏来思尔乳业有限公司，2020年国内新增光明乳业股份有限公司、南京卫岗乳业有限公司。2、经营模式公司不同的产品采取不同的经营模式，其中是湿法锂离子隔膜、烟标、无菌包装、特种纸制品和烟膜均按照客户要求进行定制化生产，平膜一般采取以销定产，并配备适当的库存量。（1）采购模式：公司供应部通过对供应商的评价、选择，建立了《合格供方名单》（或《合格供应商/材料清单》）。采购清单所列物资只能在《合格供方名单》之内实施采购，每一种物资的采购都要有2个以上供应商进行选择。公司对供应商每年进行一次全面评价，并及时更新《合格供方名单》（或《合格供应商/材料清单》,CNInfo annual report downloaded locally,constructed_entity_edge_from_downloaded_cninfo_report
CMIN-CN:002812.SZ,恩捷股份,stock,ENTITY:d1747dc7049b4ed82625,达利食品集团有限公司,company_entity,002812.SZ,,supplies_to,customer,,,2020,annual,2021-03-17,2021-03-17,2022-04-10,F:/Codex/GNN_data/data/tasks/csi300_cn_supply_chain_cninfo_2018_2021/data_raw/cn_supply_chain_cninfo/pdf/002812_2020_annual_2021-03-17.pdf,14,主要客户为国内外大型的锂电池生产企业、卷烟生产企业、食品饮料生产企业、塑料包装企业、印刷企业等。公司湿法锂离子隔膜产品的主要客户包括松下、LGChem.Ltd.、三星SDI、宁德时代、国轩、比亚迪、孚能、力神等国内主流锂电池企业。公司是云南省非专卖的卷烟材料A级供应商，烟标产品主要客户为国内大型的卷烟生产企业，包括云南中烟物资（集团）有限责任公司和重庆中烟工业有限责任公司等，产品广泛应用于“玉溪”、“红塔山”、“云烟”、“红河”、“雪域”、“紫云”、“Marble”、“龙凤呈祥”等国内知名的卷烟品牌。公司烟膜产品的主要客户包括云南中烟物资（集团）有限责任公司、四川中烟工业有限责任公司、重庆中烟工业有限责任公司、湖南中烟工业有限责任公司、安徽中烟工业有限责任公司、湖北中烟工业有限责任公司、贵州中烟工业有限责任公司、黑龙江烟草工业有限责任公司、江西中烟工业有限责任公司、甘肃烟草工业有限责任公司等集团下属多家国内知名的卷烟厂。公司无菌包装产品的主要客户包括内蒙古伊利实业集团股份有限公司、内蒙古蒙牛乳业（集团）股份有限公司、北京三元食品股份有限公司、皇氏集团华南乳品有限公司、贵州好一多乳业股份有限公司、深圳市东鹏捷迅供应链管理有限公司、达利食品集团有限公司、黑龙江完达山阳光乳业有限公司、云南欧亚乳业有限公司、云南皇氏来思尔乳业有限公司，2020年国内新增光明乳业股份有限公司、南京卫岗乳业有限公司。2、经营模式公司不同的产品采取不同的经营模式，其中是湿法锂离子隔膜、烟标、无菌包装、特种纸制品和烟膜均按照客户要求进行定制化生产，平膜一般采取以销定产，并配备适当的库存量。（1）采购模式：公司供应部通过对供应商的评价、选择，建立了《合格供方名单》（或《合格供应商/材料清单》）。采购清单所列物资只能在《合格供方名单》之内实施采购，每一种物资的采购都要有2个以上供应商进行选择。公司对供应商每年进行一次全面评价，并及时更新《合格供方名单》（或《合格供应商/材料清单》,CNInfo annual report downloaded locally,constructed_entity_edge_from_downloaded_cninfo_report
CMIN-CN:002812.SZ,恩捷股份,stock,ENTITY:7ffd55dd20abb099f7fa,黑龙江完达山阳光乳业有限公司,company_entity,002812.SZ,,supplies_to,customer,,,2020,annual,2021-03-17,2021-03-17,2022-04-10,F:/Codex/GNN_data/data/tasks/csi300_cn_supply_chain_cninfo_2018_2021/data_raw/cn_supply_chain_cninfo/pdf/002812_2020_annual_2021-03-17.pdf,14,主要客户为国内外大型的锂电池生产企业、卷烟生产企业、食品饮料生产企业、塑料包装企业、印刷企业等。公司湿法锂离子隔膜产品的主要客户包括松下、LGChem.Ltd.、三星SDI、宁德时代、国轩、比亚迪、孚能、力神等国内主流锂电池企业。公司是云南省非专卖的卷烟材料A级供应商，烟标产品主要客户为国内大型的卷烟生产企业，包括云南中烟物资（集团）有限责任公司和重庆中烟工业有限责任公司等，产品广泛应用于“玉溪”、“红塔山”、“云烟”、“红河”、“雪域”、“紫云”、“Marble”、“龙凤呈祥”等国内知名的卷烟品牌。公司烟膜产品的主要客户包括云南中烟物资（集团）有限责任公司、四川中烟工业有限责任公司、重庆中烟工业有限责任公司、湖南中烟工业有限责任公司、安徽中烟工业有限责任公司、湖北中烟工业有限责任公司、贵州中烟工业有限责任公司、黑龙江烟草工业有限责任公司、江西中烟工业有限责任公司、甘肃烟草工业有限责任公司等集团下属多家国内知名的卷烟厂。公司无菌包装产品的主要客户包括内蒙古伊利实业集团股份有限公司、内蒙古蒙牛乳业（集团）股份有限公司、北京三元食品股份有限公司、皇氏集团华南乳品有限公司、贵州好一多乳业股份有限公司、深圳市东鹏捷迅供应链管理有限公司、达利食品集团有限公司、黑龙江完达山阳光乳业有限公司、云南欧亚乳业有限公司、云南皇氏来思尔乳业有限公司，2020年国内新增光明乳业股份有限公司、南京卫岗乳业有限公司。2、经营模式公司不同的产品采取不同的经营模式，其中是湿法锂离子隔膜、烟标、无菌包装、特种纸制品和烟膜均按照客户要求进行定制化生产，平膜一般采取以销定产，并配备适当的库存量。（1）采购模式：公司供应部通过对供应商的评价、选择，建立了《合格供方名单》（或《合格供应商/材料清单》）。采购清单所列物资只能在《合格供方名单》之内实施采购，每一种物资的采购都要有2个以上供应商进行选择。公司对供应商每年进行一次全面评价，并及时更新《合格供方名单》（或《合格供应商/材料清单》,CNInfo annual report downloaded locally,constructed_entity_edge_from_downloaded_cninfo_report
CMIN-CN:002812.SZ,恩捷股份,stock,ENTITY:fa4e4eee7801309c6b28,云南欧亚乳业有限公司,company_entity,002812.SZ,,supplies_to,customer,,,2020,annual,2021-03-17,2021-03-17,2022-04-10,F:/Codex/GNN_data/data/tasks/csi300_cn_supply_chain_cninfo_2018_2021/data_raw/cn_supply_chain_cninfo/pdf/002812_2020_annual_2021-03-17.pdf,14,主要客户为国内外大型的锂电池生产企业、卷烟生产企业、食品饮料生产企业、塑料包装企业、印刷企业等。公司湿法锂离子隔膜产品的主要客户包括松下、LGChem.Ltd.、三星SDI、宁德时代、国轩、比亚迪、孚能、力神等国内主流锂电池企业。公司是云南省非专卖的卷烟材料A级供应商，烟标产品主要客户为国内大型的卷烟生产企业，包括云南中烟物资（集团）有限责任公司和重庆中烟工业有限责任公司等，产品广泛应用于“玉溪”、“红塔山”、“云烟”、“红河”、“雪域”、“紫云”、“Marble”、“龙凤呈祥”等国内知名的卷烟品牌。公司烟膜产品的主要客户包括云南中烟物资（集团）有限责任公司、四川中烟工业有限责任公司、重庆中烟工业有限责任公司、湖南中烟工业有限责任公司、安徽中烟工业有限责任公司、湖北中烟工业有限责任公司、贵州中烟工业有限责任公司、黑龙江烟草工业有限责任公司、江西中烟工业有限责任公司、甘肃烟草工业有限责任公司等集团下属多家国内知名的卷烟厂。公司无菌包装产品的主要客户包括内蒙古伊利实业集团股份有限公司、内蒙古蒙牛乳业（集团）股份有限公司、北京三元食品股份有限公司、皇氏集团华南乳品有限公司、贵州好一多乳业股份有限公司、深圳市东鹏捷迅供应链管理有限公司、达利食品集团有限公司、黑龙江完达山阳光乳业有限公司、云南欧亚乳业有限公司、云南皇氏来思尔乳业有限公司，2020年国内新增光明乳业股份有限公司、南京卫岗乳业有限公司。2、经营模式公司不同的产品采取不同的经营模式，其中是湿法锂离子隔膜、烟标、无菌包装、特种纸制品和烟膜均按照客户要求进行定制化生产，平膜一般采取以销定产，并配备适当的库存量。（1）采购模式：公司供应部通过对供应商的评价、选择，建立了《合格供方名单》（或《合格供应商/材料清单》）。采购清单所列物资只能在《合格供方名单》之内实施采购，每一种物资的采购都要有2个以上供应商进行选择。公司对供应商每年进行一次全面评价，并及时更新《合格供方名单》（或《合格供应商/材料清单》,CNInfo annual report downloaded locally,constructed_entity_edge_from_downloaded_cninfo_report
CMIN-CN:002812.SZ,恩捷股份,stock,ENTITY:f59079437db4b2f6f618,云南皇氏来思尔乳业有限公司,company_entity,002812.SZ,,supplies_to,customer,,,2020,annual,2021-03-17,2021-03-17,2022-04-10,F:/Codex/GNN_data/data/tasks/csi300_cn_supply_chain_cninfo_2018_2021/data_raw/cn_supply_chain_cninfo/pdf/002812_2020_annual_2021-03-17.pdf,14,主要客户为国内外大型的锂电池生产企业、卷烟生产企业、食品饮料生产企业、塑料包装企业、印刷企业等。公司湿法锂离子隔膜产品的主要客户包括松下、LGChem.Ltd.、三星SDI、宁德时代、国轩、比亚迪、孚能、力神等国内主流锂电池企业。公司是云南省非专卖的卷烟材料A级供应商，烟标产品主要客户为国内大型的卷烟生产企业，包括云南中烟物资（集团）有限责任公司和重庆中烟工业有限责任公司等，产品广泛应用于“玉溪”、“红塔山”、“云烟”、“红河”、“雪域”、“紫云”、“Marble”、“龙凤呈祥”等国内知名的卷烟品牌。公司烟膜产品的主要客户包括云南中烟物资（集团）有限责任公司、四川中烟工业有限责任公司、重庆中烟工业有限责任公司、湖南中烟工业有限责任公司、安徽中烟工业有限责任公司、湖北中烟工业有限责任公司、贵州中烟工业有限责任公司、黑龙江烟草工业有限责任公司、江西中烟工业有限责任公司、甘肃烟草工业有限责任公司等集团下属多家国内知名的卷烟厂。公司无菌包装产品的主要客户包括内蒙古伊利实业集团股份有限公司、内蒙古蒙牛乳业（集团）股份有限公司、北京三元食品股份有限公司、皇氏集团华南乳品有限公司、贵州好一多乳业股份有限公司、深圳市东鹏捷迅供应链管理有限公司、达利食品集团有限公司、黑龙江完达山阳光乳业有限公司、云南欧亚乳业有限公司、云南皇氏来思尔乳业有限公司，2020年国内新增光明乳业股份有限公司、南京卫岗乳业有限公司。2、经营模式公司不同的产品采取不同的经营模式，其中是湿法锂离子隔膜、烟标、无菌包装、特种纸制品和烟膜均按照客户要求进行定制化生产，平膜一般采取以销定产，并配备适当的库存量。（1）采购模式：公司供应部通过对供应商的评价、选择，建立了《合格供方名单》（或《合格供应商/材料清单》）。采购清单所列物资只能在《合格供方名单》之内实施采购，每一种物资的采购都要有2个以上供应商进行选择。公司对供应商每年进行一次全面评价，并及时更新《合格供方名单》（或《合格供应商/材料清单》,CNInfo annual report downloaded locally,constructed_entity_edge_from_downloaded_cninfo_report
CMIN-CN:002812.SZ,恩捷股份,stock,ENTITY:cb542420dd16b17c76f5,2020年国内新增光明乳业股份有限公司,company_entity,002812.SZ,,supplies_to,customer,,,2020,annual,2021-03-17,2021-03-17,2022-04-10,F:/Codex/GNN_data/data/tasks/csi300_cn_supply_chain_cninfo_2018_2021/data_raw/cn_supply_chain_cninfo/pdf/002812_2020_annual_2021-03-17.pdf,14,主要客户为国内外大型的锂电池生产企业、卷烟生产企业、食品饮料生产企业、塑料包装企业、印刷企业等。公司湿法锂离子隔膜产品的主要客户包括松下、LGChem.Ltd.、三星SDI、宁德时代、国轩、比亚迪、孚能、力神等国内主流锂电池企业。公司是云南省非专卖的卷烟材料A级供应商，烟标产品主要客户为国内大型的卷烟生产企业，包括云南中烟物资（集团）有限责任公司和重庆中烟工业有限责任公司等，产品广泛应用于“玉溪”、“红塔山”、“云烟”、“红河”、“雪域”、“紫云”、“Marble”、“龙凤呈祥”等国内知名的卷烟品牌。公司烟膜产品的主要客户包括云南中烟物资（集团）有限责任公司、四川中烟工业有限责任公司、重庆中烟工业有限责任公司、湖南中烟工业有限责任公司、安徽中烟工业有限责任公司、湖北中烟工业有限责任公司、贵州中烟工业有限责任公司、黑龙江烟草工业有限责任公司、江西中烟工业有限责任公司、甘肃烟草工业有限责任公司等集团下属多家国内知名的卷烟厂。公司无菌包装产品的主要客户包括内蒙古伊利实业集团股份有限公司、内蒙古蒙牛乳业（集团）股份有限公司、北京三元食品股份有限公司、皇氏集团华南乳品有限公司、贵州好一多乳业股份有限公司、深圳市东鹏捷迅供应链管理有限公司、达利食品集团有限公司、黑龙江完达山阳光乳业有限公司、云南欧亚乳业有限公司、云南皇氏来思尔乳业有限公司，2020年国内新增光明乳业股份有限公司、南京卫岗乳业有限公司。2、经营模式公司不同的产品采取不同的经营模式，其中是湿法锂离子隔膜、烟标、无菌包装、特种纸制品和烟膜均按照客户要求进行定制化生产，平膜一般采取以销定产，并配备适当的库存量。（1）采购模式：公司供应部通过对供应商的评价、选择，建立了《合格供方名单》（或《合格供应商/材料清单》）。采购清单所列物资只能在《合格供方名单》之内实施采购，每一种物资的采购都要有2个以上供应商进行选择。公司对供应商每年进行一次全面评价，并及时更新《合格供方名单》（或《合格供应商/材料清单》,CNInfo annual report downloaded locally,constructed_entity_edge_from_downloaded_cninfo_report
CMIN-CN:002812.SZ,恩捷股份,stock,ENTITY:7b984c4279629b662e55,南京卫岗乳业有限公司,company_entity,002812.SZ,,supplies_to,customer,,,2020,annual,2021-03-17,2021-03-17,2022-04-10,F:/Codex/GNN_data/data/tasks/csi300_cn_supply_chain_cninfo_2018_2021/data_raw/cn_supply_chain_cninfo/pdf/002812_2020_annual_2021-03-17.pdf,14,主要客户为国内外大型的锂电池生产企业、卷烟生产企业、食品饮料生产企业、塑料包装企业、印刷企业等。公司湿法锂离子隔膜产品的主要客户包括松下、LGChem.Ltd.、三星SDI、宁德时代、国轩、比亚迪、孚能、力神等国内主流锂电池企业。公司是云南省非专卖的卷烟材料A级供应商，烟标产品主要客户为国内大型的卷烟生产企业，包括云南中烟物资（集团）有限责任公司和重庆中烟工业有限责任公司等，产品广泛应用于“玉溪”、“红塔山”、“云烟”、“红河”、“雪域”、“紫云”、“Marble”、“龙凤呈祥”等国内知名的卷烟品牌。公司烟膜产品的主要客户包括云南中烟物资（集团）有限责任公司、四川中烟工业有限责任公司、重庆中烟工业有限责任公司、湖南中烟工业有限责任公司、安徽中烟工业有限责任公司、湖北中烟工业有限责任公司、贵州中烟工业有限责任公司、黑龙江烟草工业有限责任公司、江西中烟工业有限责任公司、甘肃烟草工业有限责任公司等集团下属多家国内知名的卷烟厂。公司无菌包装产品的主要客户包括内蒙古伊利实业集团股份有限公司、内蒙古蒙牛乳业（集团）股份有限公司、北京三元食品股份有限公司、皇氏集团华南乳品有限公司、贵州好一多乳业股份有限公司、深圳市东鹏捷迅供应链管理有限公司、达利食品集团有限公司、黑龙江完达山阳光乳业有限公司、云南欧亚乳业有限公司、云南皇氏来思尔乳业有限公司，2020年国内新增光明乳业股份有限公司、南京卫岗乳业有限公司。2、经营模式公司不同的产品采取不同的经营模式，其中是湿法锂离子隔膜、烟标、无菌包装、特种纸制品和烟膜均按照客户要求进行定制化生产，平膜一般采取以销定产，并配备适当的库存量。（1）采购模式：公司供应部通过对供应商的评价、选择，建立了《合格供方名单》（或《合格供应商/材料清单》）。采购清单所列物资只能在《合格供方名单》之内实施采购，每一种物资的采购都要有2个以上供应商进行选择。公司对供应商每年进行一次全面评价，并及时更新《合格供方名单》（或《合格供应商/材料清单》,CNInfo annual report downloaded locally,constructed_entity_edge_from_downloaded_cninfo_report
CMIN-CN:002812.SZ,恩捷股份,stock,CMIN-CN:300750.SZ,宁德时代,stock,002812.SZ,300750.SZ,supplies_to,customer,,,2021,annual,2022-04-11,2022-04-11,2022-04-11,F:/Codex/GNN_data/data/tasks/csi300_cn_supply_chain_cninfo_2018_2021/data_raw/cn_supply_chain_cninfo/pdf/002812_2021_annual_2022-04-11.pdf,19,主要客户为国内外大型的锂电池生产企业、卷烟生产企业、食品饮料生产企业、塑料包装企业、印刷企业等。公司湿法锂离子隔膜产品的主要客户包括松下、LGES、三星、宁德时代、国轩、比亚迪、孚能、力神等国内主流锂电池企业。公司是云南省非专卖的卷烟材料A级供应商，烟标产品主要客户为国内大型的卷烟生产企业，包括云南中烟物资（集团）有限责任公司和重庆中烟工业有限责任公司等，产品广泛应用于“玉溪”“红塔山”“云烟”“红河”“雪域”“龙凤呈祥”等国内知名的卷烟品牌。公司烟膜产品的主要客户包括云南中烟、四川中烟、重庆中烟、湖南中烟、安徽中烟、湖北中烟、贵州中烟、黑龙江烟草、江西中烟、甘肃烟草等集团下属多家国内知名的卷烟厂。公司无菌包装产品的主要客户包括伊利、蒙牛、光明、东鹏、皇氏集团、达利食品集团、贵州好一多乳业、完达山阳光乳业、云南欧亚乳业、北京三元食品；2021年新增新希望乳业股份有限公司、深圳市晨光乳业有限公司、珠海维维大亨乳业有限公司等。2、经营模式公司不同的产品采取不同的经营模式，其中是湿法锂离子隔膜、烟膜、烟标、无菌包装、特种纸制品和铝塑膜均按照客户要求进行定制化生产，平膜一般采取以销定产，并配备适当的库存量。（1）采购模式：公司供应部通过对供应商的评价、选择，建立了《合格供方名单》（或《合格供应商/材料清单》）。采购清单所列物资只能在《合格供方名单》之内实施采购，每一种物资的采购都要有2个以上供应商进行选择。公司对供应商每年进行一次全面评价，并及时更新《合格供方名单》（或《合格供应商/材料清单》）。（2）生产模式：公司主要采取订单生产和集中排产相结合的方式生产，从而合理控制生产成本，提高效率。生产计划部根据订单和销售计划制定生产计划，进行统一生产调度、组织管理和质量控制，确保按时按质按量完成生产任务。（3）销售模式：公司湿法锂电池隔膜产品采取直销的销售模式，由营销部门销售人员负责产品的销售、推广和订单获取工作；烟标和烟膜产品主要基于烟标印刷行业的下游卷烟企业依据《烟用物资采购管理规定》实行的全国性招标采购，公司通过参与各卷烟企业招投标获取订单，并按照客户的订单组织生产和销售，为客户提供定制产品；平膜一般采取以销定产，并配备适当的库存量；无菌包装、特种纸制品均按照客户要求进行定制化生产。3、公司所处的行业地位（1）膜类产品公司膜类产品分为两个大类：一是锂电池隔离膜，二是BOPP薄膜。从全球锂电池隔膜市场来看，公司及少数国内其他厂商，凭借技术积累及产业规模的扩大，已经成功进入全球主流电池厂商的供应链，公,CNInfo annual report downloaded locally,constructed_entity_edge_from_downloaded_cninfo_report
CMIN-CN:002812.SZ,恩捷股份,stock,CMIN-CN:002594.SZ,比亚迪,stock,002812.SZ,002594.SZ,supplies_to,customer,,,2021,annual,2022-04-11,2022-04-11,2022-04-11,F:/Codex/GNN_data/data/tasks/csi300_cn_supply_chain_cninfo_2018_2021/data_raw/cn_supply_chain_cninfo/pdf/002812_2021_annual_2022-04-11.pdf,19,主要客户为国内外大型的锂电池生产企业、卷烟生产企业、食品饮料生产企业、塑料包装企业、印刷企业等。公司湿法锂离子隔膜产品的主要客户包括松下、LGES、三星、宁德时代、国轩、比亚迪、孚能、力神等国内主流锂电池企业。公司是云南省非专卖的卷烟材料A级供应商，烟标产品主要客户为国内大型的卷烟生产企业，包括云南中烟物资（集团）有限责任公司和重庆中烟工业有限责任公司等，产品广泛应用于“玉溪”“红塔山”“云烟”“红河”“雪域”“龙凤呈祥”等国内知名的卷烟品牌。公司烟膜产品的主要客户包括云南中烟、四川中烟、重庆中烟、湖南中烟、安徽中烟、湖北中烟、贵州中烟、黑龙江烟草、江西中烟、甘肃烟草等集团下属多家国内知名的卷烟厂。公司无菌包装产品的主要客户包括伊利、蒙牛、光明、东鹏、皇氏集团、达利食品集团、贵州好一多乳业、完达山阳光乳业、云南欧亚乳业、北京三元食品；2021年新增新希望乳业股份有限公司、深圳市晨光乳业有限公司、珠海维维大亨乳业有限公司等。2、经营模式公司不同的产品采取不同的经营模式，其中是湿法锂离子隔膜、烟膜、烟标、无菌包装、特种纸制品和铝塑膜均按照客户要求进行定制化生产，平膜一般采取以销定产，并配备适当的库存量。（1）采购模式：公司供应部通过对供应商的评价、选择，建立了《合格供方名单》（或《合格供应商/材料清单》）。采购清单所列物资只能在《合格供方名单》之内实施采购，每一种物资的采购都要有2个以上供应商进行选择。公司对供应商每年进行一次全面评价，并及时更新《合格供方名单》（或《合格供应商/材料清单》）。（2）生产模式：公司主要采取订单生产和集中排产相结合的方式生产，从而合理控制生产成本，提高效率。生产计划部根据订单和销售计划制定生产计划，进行统一生产调度、组织管理和质量控制，确保按时按质按量完成生产任务。（3）销售模式：公司湿法锂电池隔膜产品采取直销的销售模式，由营销部门销售人员负责产品的销售、推广和订单获取工作；烟标和烟膜产品主要基于烟标印刷行业的下游卷烟企业依据《烟用物资采购管理规定》实行的全国性招标采购，公司通过参与各卷烟企业招投标获取订单，并按照客户的订单组织生产和销售，为客户提供定制产品；平膜一般采取以销定产，并配备适当的库存量；无菌包装、特种纸制品均按照客户要求进行定制化生产。3、公司所处的行业地位（1）膜类产品公司膜类产品分为两个大类：一是锂电池隔离膜，二是BOPP薄膜。从全球锂电池隔膜市场来看，公司及少数国内其他厂商，凭借技术积累及产业规模的扩大，已经成功进入全球主流电池厂商的供应链，公,CNInfo annual report downloaded locally,constructed_entity_edge_from_downloaded_cninfo_report
CMIN-CN:003816.SZ,中国广核,stock,ENTITY:a6488545615989738fab,781.81-其他应收款-中电核电(阳江)有限公司,company_entity,003816.SZ,,supplies_to,customer,,,2019,annual,2020-03-25,2020-03-25,2021-04-21,F:/Codex/GNN_data/data/tasks/csi300_cn_supply_chain_cninfo_2018_2021/data_raw/cn_supply_chain_cninfo/pdf/003816_2019_annual_2020-03-25.pdf,212,"前五名客户的账款外，本集团无其他重大信用风险敞口集中于单一金融资产或有类似特征的金融资产组合。单位：元项目2019年12月31日2018年12月31日应收账款-广东电网有限责任公司4,038,772,467.853,549,360,763.92应收账款-国网福建省电力有限公司1,062,491,310.22709,256,387.61应收账款-广西电网有限责任公司449,436,016.42546,981,863.78应收账款-港核投412,532,043.36453,284,714.66应收账款-红沿河核电238,258,061.13203,739,590.93应收账款-中广核浙江岱山海上风力发电有限公司340,036,781.81-其他应收款-中电核电(阳江)有限公司-300,843,139.00合计6,541,526,680.795,763,466,459.901.3流动风险",CNInfo annual report downloaded locally,constructed_entity_edge_from_downloaded_cninfo_report
CMIN-CN:300316.SZ,晶盛机电,stock,CMIN-CN:002129.SZ,中环股份,stock,300316.SZ,002129.SZ,supplies_to,customer,,,2020,annual,2021-04-23,2021-04-23,2022-04-25,F:/Codex/GNN_data/data/tasks/csi300_cn_supply_chain_cninfo_2018_2021/data_raw/cn_supply_chain_cninfo/pdf/300316_2020_annual_2021-04-23.pdf,12,主要客户包括中环股份、有研新材、合晶科技、晶科能源、上机数控、晶澳科技、通威股份以及高景太阳能等业内知名的上市公司或大型企业，并与公司保持了长期的战略合作关系，彼此建立了深厚的互信合作，共同促进行业快速发展。公司品牌影响力和客户优势进一步提升，对公司开拓下游市场产生积极影响,CNInfo annual report downloaded locally,constructed_entity_edge_from_downloaded_cninfo_report
CMIN-CN:300316.SZ,晶盛机电,stock,CMIN-CN:002459.SZ,晶澳科技,stock,300316.SZ,002459.SZ,supplies_to,customer,,,2020,annual,2021-04-23,2021-04-23,2022-04-25,F:/Codex/GNN_data/data/tasks/csi300_cn_supply_chain_cninfo_2018_2021/data_raw/cn_supply_chain_cninfo/pdf/300316_2020_annual_2021-04-23.pdf,12,主要客户包括中环股份、有研新材、合晶科技、晶科能源、上机数控、晶澳科技、通威股份以及高景太阳能等业内知名的上市公司或大型企业，并与公司保持了长期的战略合作关系，彼此建立了深厚的互信合作，共同促进行业快速发展。公司品牌影响力和客户优势进一步提升，对公司开拓下游市场产生积极影响,CNInfo annual report downloaded locally,constructed_entity_edge_from_downloaded_cninfo_report
CMIN-CN:300316.SZ,晶盛机电,stock,CMIN-CN:600438.SH,通威股份,stock,300316.SZ,600438.SH,supplies_to,customer,,,2020,annual,2021-04-23,2021-04-23,2022-04-25,F:/Codex/GNN_data/data/tasks/csi300_cn_supply_chain_cninfo_2018_2021/data_raw/cn_supply_chain_cninfo/pdf/300316_2020_annual_2021-04-23.pdf,12,主要客户包括中环股份、有研新材、合晶科技、晶科能源、上机数控、晶澳科技、通威股份以及高景太阳能等业内知名的上市公司或大型企业，并与公司保持了长期的战略合作关系，彼此建立了深厚的互信合作，共同促进行业快速发展。公司品牌影响力和客户优势进一步提升，对公司开拓下游市场产生积极影响,CNInfo annual report downloaded locally,constructed_entity_edge_from_downloaded_cninfo_report
CMIN-CN:300316.SZ,晶盛机电,stock,CMIN-CN:002129.SZ,中环股份,stock,300316.SZ,002129.SZ,supplies_to,customer,,,2021,annual,2022-04-26,2022-04-26,2022-04-26,F:/Codex/GNN_data/data/tasks/csi300_cn_supply_chain_cninfo_2018_2021/data_raw/cn_supply_chain_cninfo/pdf/300316_2021_annual_2022-04-26.pdf,19,主要客户包括中环股份、有研新材、合晶科技、上海新昇、奕斯伟、高景太阳能、双良节能、晶科能源、上机数控、晶澳科技、通威股份等业内知名的上市公司或大型企业，并与公司保持了长期的战略合作关系，共同促进行业快速发展。报告期内，公司各项业务取得快速发展，研发创新能力、组织管理能力、市场占有率、品牌影响力和客户优势等核心竞争能力持续提升，未发生重大不利变化的情形,CNInfo annual report downloaded locally,constructed_entity_edge_from_downloaded_cninfo_report
CMIN-CN:300316.SZ,晶盛机电,stock,CMIN-CN:002459.SZ,晶澳科技,stock,300316.SZ,002459.SZ,supplies_to,customer,,,2021,annual,2022-04-26,2022-04-26,2022-04-26,F:/Codex/GNN_data/data/tasks/csi300_cn_supply_chain_cninfo_2018_2021/data_raw/cn_supply_chain_cninfo/pdf/300316_2021_annual_2022-04-26.pdf,19,主要客户包括中环股份、有研新材、合晶科技、上海新昇、奕斯伟、高景太阳能、双良节能、晶科能源、上机数控、晶澳科技、通威股份等业内知名的上市公司或大型企业，并与公司保持了长期的战略合作关系，共同促进行业快速发展。报告期内，公司各项业务取得快速发展，研发创新能力、组织管理能力、市场占有率、品牌影响力和客户优势等核心竞争能力持续提升，未发生重大不利变化的情形,CNInfo annual report downloaded locally,constructed_entity_edge_from_downloaded_cninfo_report
CMIN-CN:300316.SZ,晶盛机电,stock,CMIN-CN:600438.SH,通威股份,stock,300316.SZ,600438.SH,supplies_to,customer,,,2021,annual,2022-04-26,2022-04-26,2022-04-26,F:/Codex/GNN_data/data/tasks/csi300_cn_supply_chain_cninfo_2018_2021/data_raw/cn_supply_chain_cninfo/pdf/300316_2021_annual_2022-04-26.pdf,19,主要客户包括中环股份、有研新材、合晶科技、上海新昇、奕斯伟、高景太阳能、双良节能、晶科能源、上机数控、晶澳科技、通威股份等业内知名的上市公司或大型企业，并与公司保持了长期的战略合作关系，共同促进行业快速发展。报告期内，公司各项业务取得快速发展，研发创新能力、组织管理能力、市场占有率、品牌影响力和客户优势等核心竞争能力持续提升，未发生重大不利变化的情形,CNInfo annual report downloaded locally,constructed_entity_edge_from_downloaded_cninfo_report
CMIN-CN:300316.SZ,晶盛机电,stock,ENTITY:5a4a8f0fb45aa5a3903c,公司前5大客户资料序号客户名称销售额（元）占年度销售总额比例1客户一（天津中环半导体股份有限公司,company_entity,300316.SZ,,supplies_to,customer,3068733481.72,0.5148,2021,annual,2022-04-26,2022-04-26,2022-04-26,F:/Codex/GNN_data/data/tasks/csi300_cn_supply_chain_cninfo_2018_2021/data_raw/cn_supply_chain_cninfo/pdf/300316_2021_annual_2022-04-26.pdf,24,"前五名客户合计销售金额（元）4,761,979,712.75前五名客户合计销售金额占年度销售总额比例79.88%前五名客户销售额中关联方销售额占年度销售总额比例1.89%公司前5大客户资料序号客户名称销售额（元）占年度销售总额比例1客户一（天津中环半导体股份有限公司）3,068,733,481.7251.48%2客户二735,130,615.8012.33%3客户三470,478,053.637.89%",CNInfo annual report downloaded locally,constructed_entity_edge_from_downloaded_cninfo_report
CMIN-CN:300450.SZ,先导智能,stock,CMIN-CN:300750.SZ,宁德时代,stock,300450.SZ,300750.SZ,supplies_to,customer,,,2021,annual,2022-04-24,2022-04-24,2022-04-24,F:/Codex/GNN_data/data/tasks/csi300_cn_supply_chain_cninfo_2018_2021/data_raw/cn_supply_chain_cninfo/pdf/300450_2021_annual_2022-04-24.pdf,25,主要客户其他情况说明√适用□不适用公司第一大客户宁德时代持有公司5%以上的股份，是公司关联方。公司,CNInfo annual report downloaded locally,constructed_entity_edge_from_downloaded_cninfo_report
CMIN-CN:300896.SZ,爱美客,stock,ENTITY:107ebd8ec38b59c032c7,北京中康时代医疗科技有限公司,company_entity,300896.SZ,,supplies_to,customer,,,2020,annual,2022-03-07,2022-03-07,2022-03-06,F:/Codex/GNN_data/data/tasks/csi300_cn_supply_chain_cninfo_2018_2021/data_raw/cn_supply_chain_cninfo/pdf/300896_2020_annual_2022-03-07.pdf,227,"主要客户为上海康汝医疗器械有限公司、长沙市岳麓区润琪医疗美容门诊部、北京中康时代医疗科技有限公司、南京康美美容医院有限公司等，该等客户具有可靠及良好的信誉，因此，本公司认为该等客户并无重大信用风险。截止2020年12月31日，前五大客户应收账款余额为20,513,316.22元，占应收账款余额的65.34%。2、流动性风险流动性风险是指本公司无法及时获得充足资金,满足业务发展需要或偿付到期债务以及其他支付义务的风险。本公司财务部持续监控公司短期和长期的资金需求，以确保维持充裕的现金储备；同时持续监控是否符合借款协议的规定，从主要金融机构获得提供足够备用资金的承诺，以满足短期和长期的资金需求。截止2020年12月31日，本公司各项金融负债以未折现的合同现金流量按变现时间列示如下：项目期末余额账面净值账面原值1年以内1-2年2-5年5年以上应付账款4,559,011.004,559,011.004,559,011.00其他应付款12,292,793.5812,292,793.5812,292,793.58其他流动负债415,507.62415,507.62415,507.62",CNInfo annual report downloaded locally,constructed_entity_edge_from_downloaded_cninfo_report
CMIN-CN:300896.SZ,爱美客,stock,ENTITY:4360b5a2e3f19735b0ef,长沙爱思特医疗美容有限公司,company_entity,300896.SZ,,supplies_to,customer,,,2021,annual,2022-03-07,2022-03-07,2022-03-07,F:/Codex/GNN_data/data/tasks/csi300_cn_supply_chain_cninfo_2018_2021/data_raw/cn_supply_chain_cninfo/pdf/300896_2021_annual_2022-03-07.pdf,205,主要客户为上海康汝医疗器械有限公司、长沙爱思特医疗美容有限公司、武汉五洲莱美整形外科医院有限公司等，该等客户具有可靠及良好的信誉，因此，本公司认为该等客户并无重大信用风险。由于本公司的客户广泛，因此没有重大的信用集中风险。截止2021年12月31日，本公司的前五大客户的应收账款占本公司应收账款总额52.25%(2020年：65.34%)。本公司投资的银行理财产品，交易对方的信用评级须高于或与本公司相同。鉴于交易对方的信用评级良好，本公司管理层并不预期交易对方会无法履行义务,CNInfo annual report downloaded locally,constructed_entity_edge_from_downloaded_cninfo_report
CMIN-CN:600406.SH,国电南瑞,stock,ENTITY:85dab6a0daffb65562a5,中国电气装备集团有限公司,company_entity,600406.SH,,supplies_to,customer,,,2021,annual,2022-04-28,2022-04-28,2022-04-28,F:/Codex/GNN_data/data/tasks/csi300_cn_supply_chain_cninfo_2018_2021/data_raw/cn_supply_chain_cninfo/pdf/600406_2021_annual_2022-04-28.pdf,26,"前五名客户销售额3,211,207.07万元，占年度销售总额75.72%；其中前五名客户销售额中关联方销售额2,835,327.18万元，占年度销售总额66.85%。报告期内向单个客户的销售比例超过总额的50%、前5名客户中存在新增客户的或严重依赖于少数客户的情形√适用□不适用单位:万元币种:人民币序号客户名称销售额占年度销售总额比例（%）1国家电网及所属公司2,835,327.1866.853中国电气装备集团有限公司42,975.781.014中国电力建设集团有限公司37,585.900.895中国能源建设集团有限公司30,870.740.73注：本处国家电网及所属公司包括所属各级电网企业、产业单位、金融单位等；中国电气装备集团有限公司、中国电力建设集团有限公司、中国能源建设集团有限公司均为本年新增前五大客户",CNInfo annual report downloaded locally,constructed_entity_edge_from_downloaded_cninfo_report
CMIN-CN:600406.SH,国电南瑞,stock,ENTITY:409a4b6bda8efe9a4952,中国电力建设集团有限公司,company_entity,600406.SH,,supplies_to,customer,,,2021,annual,2022-04-28,2022-04-28,2022-04-28,F:/Codex/GNN_data/data/tasks/csi300_cn_supply_chain_cninfo_2018_2021/data_raw/cn_supply_chain_cninfo/pdf/600406_2021_annual_2022-04-28.pdf,26,"前五名客户销售额3,211,207.07万元，占年度销售总额75.72%；其中前五名客户销售额中关联方销售额2,835,327.18万元，占年度销售总额66.85%。报告期内向单个客户的销售比例超过总额的50%、前5名客户中存在新增客户的或严重依赖于少数客户的情形√适用□不适用单位:万元币种:人民币序号客户名称销售额占年度销售总额比例（%）1国家电网及所属公司2,835,327.1866.853中国电气装备集团有限公司42,975.781.014中国电力建设集团有限公司37,585.900.895中国能源建设集团有限公司30,870.740.73注：本处国家电网及所属公司包括所属各级电网企业、产业单位、金融单位等；中国电气装备集团有限公司、中国电力建设集团有限公司、中国能源建设集团有限公司均为本年新增前五大客户",CNInfo annual report downloaded locally,constructed_entity_edge_from_downloaded_cninfo_report
ENTITY:4c04550ad51caae51482,国网瑞嘉（天津）智能机器人有限公司,company_entity,CMIN-CN:600406.SH,国电南瑞,stock,,600406.SH,supplies_to,supplier,,,2021,annual,2022-04-28,2022-04-28,2022-04-28,F:/Codex/GNN_data/data/tasks/csi300_cn_supply_chain_cninfo_2018_2021/data_raw/cn_supply_chain_cninfo/pdf/600406_2021_annual_2022-04-28.pdf,27,"主要供应商情况前五名供应商采购额452,841.76万元，占年度采购总额15.40%；其中前五名供应商采购额中关联方采购额358,984.02万元，占年度采购总额12.21%。报告期内向单个供应商的采购比例超过总额的50%、前5名供应商中存在新增供应商的或严重依赖于少数供应商的情形√适用□不适用单位:万元币种:人民币序号供应商名称采购额占年度采购总额比例（%）1国网瑞嘉（天津）智能机器人有限公司76,381.672.602常州市武进华联电控设备股份有限公司33,586.721.143南京中震电子有限公司30,484.581.04注：国网瑞嘉（天津）智能机器人有限公司、常州市武进华联电控设备股份有限公司、南京中震电子有限公司均为本年新增前五大供应商。其他说明公司将同一控制客户、同一控制供应商分别进行了合并汇总，前五名中包含了国家电网及所属公司（含国网电科院及所属公司、南瑞集团及所属公司）。3.费用√适用□不适用单位：元币种：人民币科目本期数上年同期数变动比例（%）销售费用1,684,134,123.361,454,000,735.8815.83管理费用933,699,272.28886,188,081.815.36研发费用2,153,214,128.111,856,090,324.5216.01财务费用-125,147,720.6445,162,028.66-377.11所得税费用823,522,339.03722,812,981.8013.93财务费用本期金额较上年同期减少，主要系本期汇率变动导致汇兑损失减少及当期分期收款的利息收入增加所致。4.研发投入(1).研发投入情况表√适用□不适用单位：元本期费用化研发投入2,872,377,662.44本期资本化研发投入216,266,778.00",CNInfo annual report downloaded locally,constructed_entity_edge_from_downloaded_cninfo_report
ENTITY:87ec25edbd25d361d8be,常州市武进华联电控设备股份有限公司,company_entity,CMIN-CN:600406.SH,国电南瑞,stock,,600406.SH,supplies_to,supplier,,,2021,annual,2022-04-28,2022-04-28,2022-04-28,F:/Codex/GNN_data/data/tasks/csi300_cn_supply_chain_cninfo_2018_2021/data_raw/cn_supply_chain_cninfo/pdf/600406_2021_annual_2022-04-28.pdf,27,"主要供应商情况前五名供应商采购额452,841.76万元，占年度采购总额15.40%；其中前五名供应商采购额中关联方采购额358,984.02万元，占年度采购总额12.21%。报告期内向单个供应商的采购比例超过总额的50%、前5名供应商中存在新增供应商的或严重依赖于少数供应商的情形√适用□不适用单位:万元币种:人民币序号供应商名称采购额占年度采购总额比例（%）1国网瑞嘉（天津）智能机器人有限公司76,381.672.602常州市武进华联电控设备股份有限公司33,586.721.143南京中震电子有限公司30,484.581.04注：国网瑞嘉（天津）智能机器人有限公司、常州市武进华联电控设备股份有限公司、南京中震电子有限公司均为本年新增前五大供应商。其他说明公司将同一控制客户、同一控制供应商分别进行了合并汇总，前五名中包含了国家电网及所属公司（含国网电科院及所属公司、南瑞集团及所属公司）。3.费用√适用□不适用单位：元币种：人民币科目本期数上年同期数变动比例（%）销售费用1,684,134,123.361,454,000,735.8815.83管理费用933,699,272.28886,188,081.815.36研发费用2,153,214,128.111,856,090,324.5216.01财务费用-125,147,720.6445,162,028.66-377.11所得税费用823,522,339.03722,812,981.8013.93财务费用本期金额较上年同期减少，主要系本期汇率变动导致汇兑损失减少及当期分期收款的利息收入增加所致。4.研发投入(1).研发投入情况表√适用□不适用单位：元本期费用化研发投入2,872,377,662.44本期资本化研发投入216,266,778.00",CNInfo annual report downloaded locally,constructed_entity_edge_from_downloaded_cninfo_report
CMIN-CN:601006.SH,大秦铁路,stock,ENTITY:aaebfc465976a6c0b483,大同煤业股份有限公司,company_entity,601006.SH,,supplies_to,customer,,,2018,annual,2019-04-24,2019-04-24,2020-04-27,F:/Codex/GNN_data/data/tasks/csi300_cn_supply_chain_cninfo_2018_2021/data_raw/cn_supply_chain_cninfo/pdf/601006_2018_annual_2019-04-24.pdf,14,"前五名客户销售额2,164,200万元，占年度销售总额27.62%；其中前五名客户销售额中关联方销售额0万元，占年度销售总额0%。前五名客户分别为：大同煤业股份有限公司、中煤平朔集团有限公司、山西焦煤集团有限责任公司、内蒙古伊泰煤炭股份有限公司和神华准格尔能源有限责任公司。",CNInfo annual report downloaded locally,constructed_entity_edge_from_downloaded_cninfo_report
CMIN-CN:601006.SH,大秦铁路,stock,ENTITY:59e8115518335a0f9324,中煤平朔集团有限公司,company_entity,601006.SH,,supplies_to,customer,,,2018,annual,2019-04-24,2019-04-24,2020-04-27,F:/Codex/GNN_data/data/tasks/csi300_cn_supply_chain_cninfo_2018_2021/data_raw/cn_supply_chain_cninfo/pdf/601006_2018_annual_2019-04-24.pdf,14,"前五名客户销售额2,164,200万元，占年度销售总额27.62%；其中前五名客户销售额中关联方销售额0万元，占年度销售总额0%。前五名客户分别为：大同煤业股份有限公司、中煤平朔集团有限公司、山西焦煤集团有限责任公司、内蒙古伊泰煤炭股份有限公司和神华准格尔能源有限责任公司。",CNInfo annual report downloaded locally,constructed_entity_edge_from_downloaded_cninfo_report
CMIN-CN:601006.SH,大秦铁路,stock,ENTITY:a540dfabe73bf2130fcc,山西焦煤集团有限责任公司,company_entity,601006.SH,,supplies_to,customer,,,2018,annual,2019-04-24,2019-04-24,2020-04-27,F:/Codex/GNN_data/data/tasks/csi300_cn_supply_chain_cninfo_2018_2021/data_raw/cn_supply_chain_cninfo/pdf/601006_2018_annual_2019-04-24.pdf,14,"前五名客户销售额2,164,200万元，占年度销售总额27.62%；其中前五名客户销售额中关联方销售额0万元，占年度销售总额0%。前五名客户分别为：大同煤业股份有限公司、中煤平朔集团有限公司、山西焦煤集团有限责任公司、内蒙古伊泰煤炭股份有限公司和神华准格尔能源有限责任公司。",CNInfo annual report downloaded locally,constructed_entity_edge_from_downloaded_cninfo_report
CMIN-CN:601006.SH,大秦铁路,stock,ENTITY:f7a8628fb42a31df9dad,内蒙古伊泰煤炭股份有限公司和神华准格尔能源有限责任公司,company_entity,601006.SH,,supplies_to,customer,,,2018,annual,2019-04-24,2019-04-24,2020-04-27,F:/Codex/GNN_data/data/tasks/csi300_cn_supply_chain_cninfo_2018_2021/data_raw/cn_supply_chain_cninfo/pdf/601006_2018_annual_2019-04-24.pdf,14,"前五名客户销售额2,164,200万元，占年度销售总额27.62%；其中前五名客户销售额中关联方销售额0万元，占年度销售总额0%。前五名客户分别为：大同煤业股份有限公司、中煤平朔集团有限公司、山西焦煤集团有限责任公司、内蒙古伊泰煤炭股份有限公司和神华准格尔能源有限责任公司。",CNInfo annual report downloaded locally,constructed_entity_edge_from_downloaded_cninfo_report
CMIN-CN:601006.SH,大秦铁路,stock,ENTITY:aaebfc465976a6c0b483,大同煤业股份有限公司,company_entity,601006.SH,,supplies_to,customer,,,2019,annual,2020-04-28,2020-04-28,2021-04-27,F:/Codex/GNN_data/data/tasks/csi300_cn_supply_chain_cninfo_2018_2021/data_raw/cn_supply_chain_cninfo/pdf/601006_2019_annual_2020-04-28.pdf,13,"前五名客户销售额2,185,221万元，占年度销售总额27.34%；其中前五名客户销售额中关联方销售额0万元，占年度销售总额0%。前五名客户分别为：大同煤业股份有限公司、中煤平朔集团有限公司、山西焦煤集团有限责任公司、内蒙古伊泰煤炭股份有限公司和神华准格尔能源有限责任公司。",CNInfo annual report downloaded locally,constructed_entity_edge_from_downloaded_cninfo_report
CMIN-CN:601006.SH,大秦铁路,stock,ENTITY:59e8115518335a0f9324,中煤平朔集团有限公司,company_entity,601006.SH,,supplies_to,customer,,,2019,annual,2020-04-28,2020-04-28,2021-04-27,F:/Codex/GNN_data/data/tasks/csi300_cn_supply_chain_cninfo_2018_2021/data_raw/cn_supply_chain_cninfo/pdf/601006_2019_annual_2020-04-28.pdf,13,"前五名客户销售额2,185,221万元，占年度销售总额27.34%；其中前五名客户销售额中关联方销售额0万元，占年度销售总额0%。前五名客户分别为：大同煤业股份有限公司、中煤平朔集团有限公司、山西焦煤集团有限责任公司、内蒙古伊泰煤炭股份有限公司和神华准格尔能源有限责任公司。",CNInfo annual report downloaded locally,constructed_entity_edge_from_downloaded_cninfo_report
CMIN-CN:601006.SH,大秦铁路,stock,ENTITY:a540dfabe73bf2130fcc,山西焦煤集团有限责任公司,company_entity,601006.SH,,supplies_to,customer,,,2019,annual,2020-04-28,2020-04-28,2021-04-27,F:/Codex/GNN_data/data/tasks/csi300_cn_supply_chain_cninfo_2018_2021/data_raw/cn_supply_chain_cninfo/pdf/601006_2019_annual_2020-04-28.pdf,13,"前五名客户销售额2,185,221万元，占年度销售总额27.34%；其中前五名客户销售额中关联方销售额0万元，占年度销售总额0%。前五名客户分别为：大同煤业股份有限公司、中煤平朔集团有限公司、山西焦煤集团有限责任公司、内蒙古伊泰煤炭股份有限公司和神华准格尔能源有限责任公司。",CNInfo annual report downloaded locally,constructed_entity_edge_from_downloaded_cninfo_report
CMIN-CN:601006.SH,大秦铁路,stock,ENTITY:f7a8628fb42a31df9dad,内蒙古伊泰煤炭股份有限公司和神华准格尔能源有限责任公司,company_entity,601006.SH,,supplies_to,customer,,,2019,annual,2020-04-28,2020-04-28,2021-04-27,F:/Codex/GNN_data/data/tasks/csi300_cn_supply_chain_cninfo_2018_2021/data_raw/cn_supply_chain_cninfo/pdf/601006_2019_annual_2020-04-28.pdf,13,"前五名客户销售额2,185,221万元，占年度销售总额27.34%；其中前五名客户销售额中关联方销售额0万元，占年度销售总额0%。前五名客户分别为：大同煤业股份有限公司、中煤平朔集团有限公司、山西焦煤集团有限责任公司、内蒙古伊泰煤炭股份有限公司和神华准格尔能源有限责任公司。",CNInfo annual report downloaded locally,constructed_entity_edge_from_downloaded_cninfo_report
CMIN-CN:601006.SH,大秦铁路,stock,ENTITY:aaebfc465976a6c0b483,大同煤业股份有限公司,company_entity,601006.SH,,supplies_to,customer,,,2020,annual,2021-04-28,2021-04-28,2022-04-26,F:/Codex/GNN_data/data/tasks/csi300_cn_supply_chain_cninfo_2018_2021/data_raw/cn_supply_chain_cninfo/pdf/601006_2020_annual_2021-04-28.pdf,15,"前五名客户销售额2,725,154万元，占年度销售总额37.68%；其中前五名客户销售额中关联方销售额823,433万元，占年度销售总额11.39%。前五名客户分别为：中国国家铁路集团有限公司及其下属单位、大同煤业股份有限公司、中煤平朔集团有限公司、山西焦煤集团有限责任公司、内蒙古伊泰煤炭股份有限公司。",CNInfo annual report downloaded locally,constructed_entity_edge_from_downloaded_cninfo_report
CMIN-CN:601006.SH,大秦铁路,stock,ENTITY:59e8115518335a0f9324,中煤平朔集团有限公司,company_entity,601006.SH,,supplies_to,customer,,,2020,annual,2021-04-28,2021-04-28,2022-04-26,F:/Codex/GNN_data/data/tasks/csi300_cn_supply_chain_cninfo_2018_2021/data_raw/cn_supply_chain_cninfo/pdf/601006_2020_annual_2021-04-28.pdf,15,"前五名客户销售额2,725,154万元，占年度销售总额37.68%；其中前五名客户销售额中关联方销售额823,433万元，占年度销售总额11.39%。前五名客户分别为：中国国家铁路集团有限公司及其下属单位、大同煤业股份有限公司、中煤平朔集团有限公司、山西焦煤集团有限责任公司、内蒙古伊泰煤炭股份有限公司。",CNInfo annual report downloaded locally,constructed_entity_edge_from_downloaded_cninfo_report
CMIN-CN:601006.SH,大秦铁路,stock,ENTITY:a540dfabe73bf2130fcc,山西焦煤集团有限责任公司,company_entity,601006.SH,,supplies_to,customer,,,2020,annual,2021-04-28,2021-04-28,2022-04-26,F:/Codex/GNN_data/data/tasks/csi300_cn_supply_chain_cninfo_2018_2021/data_raw/cn_supply_chain_cninfo/pdf/601006_2020_annual_2021-04-28.pdf,15,"前五名客户销售额2,725,154万元，占年度销售总额37.68%；其中前五名客户销售额中关联方销售额823,433万元，占年度销售总额11.39%。前五名客户分别为：中国国家铁路集团有限公司及其下属单位、大同煤业股份有限公司、中煤平朔集团有限公司、山西焦煤集团有限责任公司、内蒙古伊泰煤炭股份有限公司。",CNInfo annual report downloaded locally,constructed_entity_edge_from_downloaded_cninfo_report
CMIN-CN:601006.SH,大秦铁路,stock,ENTITY:67f3c8bc50dd1022360e,内蒙古伊泰煤炭股份有限公司,company_entity,601006.SH,,supplies_to,customer,,,2020,annual,2021-04-28,2021-04-28,2022-04-26,F:/Codex/GNN_data/data/tasks/csi300_cn_supply_chain_cninfo_2018_2021/data_raw/cn_supply_chain_cninfo/pdf/601006_2020_annual_2021-04-28.pdf,15,"前五名客户销售额2,725,154万元，占年度销售总额37.68%；其中前五名客户销售额中关联方销售额823,433万元，占年度销售总额11.39%。前五名客户分别为：中国国家铁路集团有限公司及其下属单位、大同煤业股份有限公司、中煤平朔集团有限公司、山西焦煤集团有限责任公司、内蒙古伊泰煤炭股份有限公司。",CNInfo annual report downloaded locally,constructed_entity_edge_from_downloaded_cninfo_report
CMIN-CN:601006.SH,大秦铁路,stock,CMIN-CN:601088.SH,中国神华,stock,601006.SH,601088.SH,supplies_to,customer,,,2021,annual,2022-04-27,2022-04-27,2022-04-27,F:/Codex/GNN_data/data/tasks/csi300_cn_supply_chain_cninfo_2018_2021/data_raw/cn_supply_chain_cninfo/pdf/601006_2021_annual_2022-04-27.pdf,15,"前五名客户销售额2,858,098万元，占年度销售总额36.32%；其中前五名客户销售额中关联方销售额874,056万元，占年度销售总额11.11%。前五名客户分别为：中国国家铁路集团有限公司及其下属单位、晋能控股煤业集团有限公司、中煤平朔集团有限公司、山西焦煤集团有限责任公司、中国神华能源股份有限公司。报告期内向单个客户的销售比例超过总额的50%、前5名客户中存在新增客户的或严重依赖于少数客户的情形□适用√不适用B.公司",CNInfo annual report downloaded locally,constructed_entity_edge_from_downloaded_cninfo_report
CMIN-CN:601006.SH,大秦铁路,stock,ENTITY:d9cf4474684c7850d5e6,晋能控股煤业集团有限公司,company_entity,601006.SH,,supplies_to,customer,,,2021,annual,2022-04-27,2022-04-27,2022-04-27,F:/Codex/GNN_data/data/tasks/csi300_cn_supply_chain_cninfo_2018_2021/data_raw/cn_supply_chain_cninfo/pdf/601006_2021_annual_2022-04-27.pdf,15,"前五名客户销售额2,858,098万元，占年度销售总额36.32%；其中前五名客户销售额中关联方销售额874,056万元，占年度销售总额11.11%。前五名客户分别为：中国国家铁路集团有限公司及其下属单位、晋能控股煤业集团有限公司、中煤平朔集团有限公司、山西焦煤集团有限责任公司、中国神华能源股份有限公司。报告期内向单个客户的销售比例超过总额的50%、前5名客户中存在新增客户的或严重依赖于少数客户的情形□适用√不适用B.公司",CNInfo annual report downloaded locally,constructed_entity_edge_from_downloaded_cninfo_report
CMIN-CN:601006.SH,大秦铁路,stock,ENTITY:59e8115518335a0f9324,中煤平朔集团有限公司,company_entity,601006.SH,,supplies_to,customer,,,2021,annual,2022-04-27,2022-04-27,2022-04-27,F:/Codex/GNN_data/data/tasks/csi300_cn_supply_chain_cninfo_2018_2021/data_raw/cn_supply_chain_cninfo/pdf/601006_2021_annual_2022-04-27.pdf,15,"前五名客户销售额2,858,098万元，占年度销售总额36.32%；其中前五名客户销售额中关联方销售额874,056万元，占年度销售总额11.11%。前五名客户分别为：中国国家铁路集团有限公司及其下属单位、晋能控股煤业集团有限公司、中煤平朔集团有限公司、山西焦煤集团有限责任公司、中国神华能源股份有限公司。报告期内向单个客户的销售比例超过总额的50%、前5名客户中存在新增客户的或严重依赖于少数客户的情形□适用√不适用B.公司",CNInfo annual report downloaded locally,constructed_entity_edge_from_downloaded_cninfo_report
CMIN-CN:601006.SH,大秦铁路,stock,ENTITY:a540dfabe73bf2130fcc,山西焦煤集团有限责任公司,company_entity,601006.SH,,supplies_to,customer,,,2021,annual,2022-04-27,2022-04-27,2022-04-27,F:/Codex/GNN_data/data/tasks/csi300_cn_supply_chain_cninfo_2018_2021/data_raw/cn_supply_chain_cninfo/pdf/601006_2021_annual_2022-04-27.pdf,15,"前五名客户销售额2,858,098万元，占年度销售总额36.32%；其中前五名客户销售额中关联方销售额874,056万元，占年度销售总额11.11%。前五名客户分别为：中国国家铁路集团有限公司及其下属单位、晋能控股煤业集团有限公司、中煤平朔集团有限公司、山西焦煤集团有限责任公司、中国神华能源股份有限公司。报告期内向单个客户的销售比例超过总额的50%、前5名客户中存在新增客户的或严重依赖于少数客户的情形□适用√不适用B.公司",CNInfo annual report downloaded locally,constructed_entity_edge_from_downloaded_cninfo_report
CMIN-CN:601881.SH,中国银河,stock,CMIN-CN:601066.SH,中信建投,stock,601881.SH,601066.SH,supplies_to,customer,,,2018,annual,2019-03-27,2019-03-27,2020-03-26,F:/Codex/GNN_data/data/tasks/csi300_cn_supply_chain_cninfo_2018_2021/data_raw/cn_supply_chain_cninfo/pdf/601881_2018_annual_2019-03-27.pdf,261,"前五名客户的手续费及佣金收入情况占本集团手续费及佣金收入客户名称2018年度总额的比例人民币元%银河水星1号集合资产管理计划524,487,236.3210.38中信建投证券股份有限公司131,633,962.252.61兴业证券股份有限公司57,075,471.691.13芜湖伯特利汽车安全系统股份有限公司36,226,415.090.72柳州市投资控股有限公司35,806,649.060.71___________________合计785,229,734.4115.55______________________________________45.利息净收入2018年度2017年度人民币元人民币元利息收入存放金融同业利息收入1,881,294,417.311,989,758,858.58其中：自有资金存款利息收入411,789,771.39338,181,409.26客户资金存款利息收入1,469,504,645.921,651,577,449.32融资融券利息收入4,001,963,940.834,196,795,021.03买入返售金融资产利息收入2,420,124,965.381,157,465,399.85其中：约定购回利息收入9,332,974.75989,667.69股票质押回购利息收入2,335,067,367.34983,668,670.06债权投资利息收入337,565,703.14-其他债权投资利息收入839,629,799.65-______________________________小计9,480,578,826.317,344,019,279.46____________________________________________________________利息支出代理买卖证券款利息支出(204,335,122.50)(228,654,827.32)卖出回购金融资产利息支出(1,029,502,062.45)(762,870,414.58)其中：报价回购利息支出(325,888,974.39)(333,664,163.67)短期借款利息支出(76,196,867.20)(41,630,703.11)拆入资金利息支出(77,107,706.22)(29,439,135.87)其中：转融通利息支出(3,433,729.85)(10,582,410.89)应付短期融资款利息支出(865,827,977.53)(630,638,007.27)应付债券利息支出(3,617,511,214.11)(2,514,771,305.72)合并结构化主体利息支出(165,409,102.65)(149,608,416.15)______________________________小计(6,035,890,052.66)(4,357,612,810.02)______________________________利息净收入3,444,688,773.652,986,406,469.44____________________________________________________________",CNInfo annual report downloaded locally,constructed_entity_edge_from_downloaded_cninfo_report
CMIN-CN:601881.SH,中国银河,stock,CMIN-CN:601377.SH,兴业证券,stock,601881.SH,601377.SH,supplies_to,customer,,,2018,annual,2019-03-27,2019-03-27,2020-03-26,F:/Codex/GNN_data/data/tasks/csi300_cn_supply_chain_cninfo_2018_2021/data_raw/cn_supply_chain_cninfo/pdf/601881_2018_annual_2019-03-27.pdf,261,"前五名客户的手续费及佣金收入情况占本集团手续费及佣金收入客户名称2018年度总额的比例人民币元%银河水星1号集合资产管理计划524,487,236.3210.38中信建投证券股份有限公司131,633,962.252.61兴业证券股份有限公司57,075,471.691.13芜湖伯特利汽车安全系统股份有限公司36,226,415.090.72柳州市投资控股有限公司35,806,649.060.71___________________合计785,229,734.4115.55______________________________________45.利息净收入2018年度2017年度人民币元人民币元利息收入存放金融同业利息收入1,881,294,417.311,989,758,858.58其中：自有资金存款利息收入411,789,771.39338,181,409.26客户资金存款利息收入1,469,504,645.921,651,577,449.32融资融券利息收入4,001,963,940.834,196,795,021.03买入返售金融资产利息收入2,420,124,965.381,157,465,399.85其中：约定购回利息收入9,332,974.75989,667.69股票质押回购利息收入2,335,067,367.34983,668,670.06债权投资利息收入337,565,703.14-其他债权投资利息收入839,629,799.65-______________________________小计9,480,578,826.317,344,019,279.46____________________________________________________________利息支出代理买卖证券款利息支出(204,335,122.50)(228,654,827.32)卖出回购金融资产利息支出(1,029,502,062.45)(762,870,414.58)其中：报价回购利息支出(325,888,974.39)(333,664,163.67)短期借款利息支出(76,196,867.20)(41,630,703.11)拆入资金利息支出(77,107,706.22)(29,439,135.87)其中：转融通利息支出(3,433,729.85)(10,582,410.89)应付短期融资款利息支出(865,827,977.53)(630,638,007.27)应付债券利息支出(3,617,511,214.11)(2,514,771,305.72)合并结构化主体利息支出(165,409,102.65)(149,608,416.15)______________________________小计(6,035,890,052.66)(4,357,612,810.02)______________________________利息净收入3,444,688,773.652,986,406,469.44____________________________________________________________",CNInfo annual report downloaded locally,constructed_entity_edge_from_downloaded_cninfo_report
CMIN-CN:601881.SH,中国银河,stock,CMIN-CN:601066.SH,中信建投,stock,601881.SH,601066.SH,supplies_to,customer,,,2018,annual,2019-03-27,2019-03-27,2020-03-26,F:/Codex/GNN_data/data/tasks/csi300_cn_supply_chain_cninfo_2018_2021/data_raw/cn_supply_chain_cninfo/pdf/601881_2018_annual_2019-03-27.pdf,331,"前五名客户的手续费及佣金收入情况占本公司手续费及佣金客户名称2018年度收入的比例人民币元%银河金汇证券资产管理有限公司561,190,083.9212.92中信建投证券股份有限公司131,633,962.253.03兴业证券股份有限公司57,075,471.691.31芜湖伯特利汽车安全系统股份有限公司36,226,415.090.83柳州市投资控股有限公司35,806,649.060.82___________________合计821,932,582.0118.91______________________________________10.利息净收入2018年度2017年度人民币元人民币元利息收入存放金融同业利息收入1,288,420,356.791,445,325,832.14其中：自有资金存款利息收入234,762,783.76870,289.05客户资金存款利息收入1,053,657,573.031,444,455,543.09融资融券利息收入3,813,636,650.044,015,814,962.60买入返售金融资产利息收入2,405,336,374.441,145,174,291.40其中：约定购回利息收入9,332,974.75989,667.69股票质押回购利息收入2,335,067,367.34983,668,670.06其他债权投资投资利息收入839,629,799.65-______________________________小计8,347,023,180.926,606,315,086.14____________________________________________________________",CNInfo annual report downloaded locally,constructed_entity_edge_from_downloaded_cninfo_report
CMIN-CN:601881.SH,中国银河,stock,CMIN-CN:601377.SH,兴业证券,stock,601881.SH,601377.SH,supplies_to,customer,,,2018,annual,2019-03-27,2019-03-27,2020-03-26,F:/Codex/GNN_data/data/tasks/csi300_cn_supply_chain_cninfo_2018_2021/data_raw/cn_supply_chain_cninfo/pdf/601881_2018_annual_2019-03-27.pdf,331,"前五名客户的手续费及佣金收入情况占本公司手续费及佣金客户名称2018年度收入的比例人民币元%银河金汇证券资产管理有限公司561,190,083.9212.92中信建投证券股份有限公司131,633,962.253.03兴业证券股份有限公司57,075,471.691.31芜湖伯特利汽车安全系统股份有限公司36,226,415.090.83柳州市投资控股有限公司35,806,649.060.82___________________合计821,932,582.0118.91______________________________________10.利息净收入2018年度2017年度人民币元人民币元利息收入存放金融同业利息收入1,288,420,356.791,445,325,832.14其中：自有资金存款利息收入234,762,783.76870,289.05客户资金存款利息收入1,053,657,573.031,444,455,543.09融资融券利息收入3,813,636,650.044,015,814,962.60买入返售金融资产利息收入2,405,336,374.441,145,174,291.40其中：约定购回利息收入9,332,974.75989,667.69股票质押回购利息收入2,335,067,367.34983,668,670.06其他债权投资投资利息收入839,629,799.65-______________________________小计8,347,023,180.926,606,315,086.14____________________________________________________________",CNInfo annual report downloaded locally,constructed_entity_edge_from_downloaded_cninfo_report
CMIN-CN:601881.SH,中国银河,stock,CMIN-CN:601066.SH,中信建投,stock,601881.SH,601066.SH,supplies_to,customer,,,2019,annual,2020-03-27,2020-03-27,2021-03-28,F:/Codex/GNN_data/data/tasks/csi300_cn_supply_chain_cninfo_2018_2021/data_raw/cn_supply_chain_cninfo/pdf/601881_2019_annual_2020-03-27.pdf,267,"前五名客户的手续费及佣金收入情况：40.投资收益(1)投资收益明细情况2019年度2018年度权益法核算的长期股权投资收益/(损失)10,886,467.81(2,576,857.64)金融工具投资收益/(损失)3,240,904,396.85(610,129,978.63)其中：持有期间取得的分红和利息3,499,650,456.152,644,434,377.22交易性金融资产2,879,481,435.661,933,060,695.42其他权益工具投资620,169,020.49711,373,681.80处置金融工具取得的收益/(损失)(258,746,059.30)(3,254,564,355.85)交易性金融资产815,347,035.24(4,129,190,067.10)衍生金融工具(1,150,935,845.69)869,646,477.79债权投资65,805,388.92-其他债权投资104,250,929.4322,308,539.99交易性金融负债(93,213,567.20)(17,329,306.53)合计3,251,790,864.66(612,706,836.27)(2)交易性金融工具投资收益明细交易性金融工具2019年度2018年度分类为以公允价值计量且其变动计入当期损益的金融资产持有期间收益2,879,481,435.661,933,060,695.42处置取得收益815,347,035.24(4,129,190,067.10)分类为以公允价值计量且其变动计入当期损益的金融负债持有期间收益--处置取得收益-(9,288,360.87)指定为以公允价值计量且其变动计入当期损益的金融负债持有期间收益--处置取得收益(93,213,567.20)(8,040,945.66)(3)本集团不存在投资收益汇回的重大限制。客户名称2019年度占本集团手续费及佣金收入总额的比例%银河水星1号集合资产管理计划213,531,300.003.46中信建投证券股份有限公司54,716,900.000.89景津环保股份有限公司47,234,100.000.77天地源股份有限公司18,868,000.000.31银河水星2号集合资产管理计划18,655,200.000.30合计353,005,500.005.73",CNInfo annual report downloaded locally,constructed_entity_edge_from_downloaded_cninfo_report
CMIN-CN:601881.SH,中国银河,stock,CMIN-CN:601066.SH,中信建投,stock,601881.SH,601066.SH,supplies_to,customer,,,2019,annual,2020-03-27,2020-03-27,2021-03-28,F:/Codex/GNN_data/data/tasks/csi300_cn_supply_chain_cninfo_2018_2021/data_raw/cn_supply_chain_cninfo/pdf/601881_2019_annual_2020-03-27.pdf,354,"前五名客户的手续费及佣金收入情况客户名称2019年度占本公司手续费及佣金收入的比例%银河金汇证券资产管理有限公司392,735,300.007.96中信建投证券股份有限公司54,716,900.001.11景津环保股份有限公司47,234,100.000.96天地源股份有限公司18,868,000.000.38柳州市投资控股有限公司17,075,400.000.35合计530,629,700.0010.7611.投资收益(1)投资收益明细情况2019年度2018年度成本法核算的长期股权投资收益-343,376,646.34金融工具投资收益/(损失)3,155,016,542.57(491,018,929.67)其中：持有期间取得的分红和利息2,790,438,551.442,104,058,792.76交易性金融资产2,170,269,530.951,392,685,110.96其他权益工具投资620,169,020.49711,373,681.80处置金融工具取得的收益/(损失)364,577,991.13(2,595,077,722.43)交易性金融资产1,482,979,530.33(3,458,673,247.11)衍生金融工具(1,129,438,901.43)860,384,903.05其他债权投资104,250,929.4322,308,539.99交易性金融负债(93,213,567.20))(19,097,918.36)合计3,155,016,542.57(147,642,283.33)(2)按成本法核算的长期股权投资收益被投资单位2019年度2018年度银河期货-168,136,646.34银河金汇--银河国际-175,240,000.00合计-343,376,646.34(3)本公司不存在投资收益汇回的重大限制",CNInfo annual report downloaded locally,constructed_entity_edge_from_downloaded_cninfo_report
CMIN-CN:601881.SH,中国银河,stock,CMIN-CN:601066.SH,中信建投,stock,601881.SH,601066.SH,supplies_to,customer,,,2020,annual,2021-03-29,2021-03-29,2022-03-29,F:/Codex/GNN_data/data/tasks/csi300_cn_supply_chain_cninfo_2018_2021/data_raw/cn_supply_chain_cninfo/pdf/601881_2020_annual_2021-03-29.pdf,271,"前五名客户的手续费及佣金收入情况：41.投资收益(1)投资收益明细情况2020年度2019年度权益法核算的长期股权投资收益/(损失)60,638,952.1110,886,467.81金融工具投资收益/(损失)4,929,963,102.163,240,904,396.85其中：持有期间取得的分红和利息3,252,823,744.673,499,650,456.15交易性金融资产2,718,059,862.872,879,481,435.66其他权益工具投资534,763,881.80620,169,020.49处置金融工具取得的收益/(损失)1,677,139,357.49(258,746,059.30)交易性金融资产3,214,459,302.34815,347,035.24衍生金融工具(1,278,237,996.35)(1,150,935,845.69)债权投资33,564.3865,805,388.92其他债权投资217,382,771.44104,250,929.43交易性金融负债(476,498,284.32)(93,213,567.20)合计4,990,602,054.273,251,790,864.66客户名称2020年度占本集团手续费及佣金收入总额的比例%银河水星1号集合资产管理计划375,629,376.303.99国信证券股份有限公司223,584,905.662.37中信建投证券股份有限公司72,641,509.440.77深圳市财富趋势科技股份有限公司71,537,781.040.76华润深国投信托有限公司65,371,917.060.69合计808,765,489.508.58",CNInfo annual report downloaded locally,constructed_entity_edge_from_downloaded_cninfo_report
CMIN-CN:601881.SH,中国银河,stock,CMIN-CN:002736.SZ,国信证券,stock,601881.SH,002736.SZ,supplies_to,customer,,,2020,annual,2021-03-29,2021-03-29,2022-03-29,F:/Codex/GNN_data/data/tasks/csi300_cn_supply_chain_cninfo_2018_2021/data_raw/cn_supply_chain_cninfo/pdf/601881_2020_annual_2021-03-29.pdf,271,"前五名客户的手续费及佣金收入情况：41.投资收益(1)投资收益明细情况2020年度2019年度权益法核算的长期股权投资收益/(损失)60,638,952.1110,886,467.81金融工具投资收益/(损失)4,929,963,102.163,240,904,396.85其中：持有期间取得的分红和利息3,252,823,744.673,499,650,456.15交易性金融资产2,718,059,862.872,879,481,435.66其他权益工具投资534,763,881.80620,169,020.49处置金融工具取得的收益/(损失)1,677,139,357.49(258,746,059.30)交易性金融资产3,214,459,302.34815,347,035.24衍生金融工具(1,278,237,996.35)(1,150,935,845.69)债权投资33,564.3865,805,388.92其他债权投资217,382,771.44104,250,929.43交易性金融负债(476,498,284.32)(93,213,567.20)合计4,990,602,054.273,251,790,864.66客户名称2020年度占本集团手续费及佣金收入总额的比例%银河水星1号集合资产管理计划375,629,376.303.99国信证券股份有限公司223,584,905.662.37中信建投证券股份有限公司72,641,509.440.77深圳市财富趋势科技股份有限公司71,537,781.040.76华润深国投信托有限公司65,371,917.060.69合计808,765,489.508.58",CNInfo annual report downloaded locally,constructed_entity_edge_from_downloaded_cninfo_report
CMIN-CN:601881.SH,中国银河,stock,CMIN-CN:601066.SH,中信建投,stock,601881.SH,601066.SH,supplies_to,customer,,,2020,annual,2021-03-29,2021-03-29,2022-03-29,F:/Codex/GNN_data/data/tasks/csi300_cn_supply_chain_cninfo_2018_2021/data_raw/cn_supply_chain_cninfo/pdf/601881_2020_annual_2021-03-29.pdf,359,"前五名客户的手续费及佣金收入情况客户名称2020年度占本公司手续费及佣金收入的比例%银河金汇证券资产管理有限公司297,012,766.334.12国信证券股份有限公司223,584,905.663.10中信建投证券股份有限公司72,641,509.441.01深圳市财富趋势科技股份有限公司71,537,781.040.99华润深国投信托有限公司65,371,917.060.90合计730,148,879.5310.1211.投资收益(1)投资收益明细情况2020年度2019年度金融工具投资收益/(损失)3,923,577,586.453,155,016,542.57其中：持有期间取得的分红和利息2,849,579,496.232,790,438,551.44交易性金融资产2,314,815,614.432,170,269,530.95其他权益工具投资534,763,881.80620,169,020.49处置金融工具取得的收益/(损失)1,073,998,090.22364,577,991.13交易性金融资产2,808,936,096.421,482,979,530.33衍生金融工具(1,477,669,917.16)(1,129,438,901.43)其他债权投资217,382,771.44104,250,929.43交易性金融负债(474,650,860.48)(93,213,567.20)合计3,923,577,586.453,155,016,542.57(2)按成本法核算的长期股权投资收益被投资单位2020年度2019年度银河源汇100,000,000.00-银河金汇100,000,000.00-合计200,000,000.00-(3)本公司不存在投资收益汇回的重大限制",CNInfo annual report downloaded locally,constructed_entity_edge_from_downloaded_cninfo_report
CMIN-CN:601881.SH,中国银河,stock,CMIN-CN:002736.SZ,国信证券,stock,601881.SH,002736.SZ,supplies_to,customer,,,2020,annual,2021-03-29,2021-03-29,2022-03-29,F:/Codex/GNN_data/data/tasks/csi300_cn_supply_chain_cninfo_2018_2021/data_raw/cn_supply_chain_cninfo/pdf/601881_2020_annual_2021-03-29.pdf,359,"前五名客户的手续费及佣金收入情况客户名称2020年度占本公司手续费及佣金收入的比例%银河金汇证券资产管理有限公司297,012,766.334.12国信证券股份有限公司223,584,905.663.10中信建投证券股份有限公司72,641,509.441.01深圳市财富趋势科技股份有限公司71,537,781.040.99华润深国投信托有限公司65,371,917.060.90合计730,148,879.5310.1211.投资收益(1)投资收益明细情况2020年度2019年度金融工具投资收益/(损失)3,923,577,586.453,155,016,542.57其中：持有期间取得的分红和利息2,849,579,496.232,790,438,551.44交易性金融资产2,314,815,614.432,170,269,530.95其他权益工具投资534,763,881.80620,169,020.49处置金融工具取得的收益/(损失)1,073,998,090.22364,577,991.13交易性金融资产2,808,936,096.421,482,979,530.33衍生金融工具(1,477,669,917.16)(1,129,438,901.43)其他债权投资217,382,771.44104,250,929.43交易性金融负债(474,650,860.48)(93,213,567.20)合计3,923,577,586.453,155,016,542.57(2)按成本法核算的长期股权投资收益被投资单位2020年度2019年度银河源汇100,000,000.00-银河金汇100,000,000.00-合计200,000,000.00-(3)本公司不存在投资收益汇回的重大限制",CNInfo annual report downloaded locally,constructed_entity_edge_from_downloaded_cninfo_report
CMIN-CN:601881.SH,中国银河,stock,CMIN-CN:601066.SH,中信建投,stock,601881.SH,601066.SH,supplies_to,customer,37735800.00,0.0035,2021,annual,2022-03-30,2022-03-30,2022-03-30,F:/Codex/GNN_data/data/tasks/csi300_cn_supply_chain_cninfo_2018_2021/data_raw/cn_supply_chain_cninfo/pdf/601881_2021_annual_2022-03-30.pdf,278,"前五名客户的手续费及佣金收入情况：41.投资收益投资收益明细情况2021年度2020年度权益法核算的长期股权投资收益46,595,300.7360,638,952.11金融工具投资收益6,032,141,929.464,929,963,102.16其中：持有期间取得的分红和利息4,463,307,145.483,252,823,744.67交易性金融资产2,854,824,998.452,718,059,862.87其他权益工具投资1,608,482,147.03534,763,881.80处置金融工具取得的收益/(损失)1,568,834,783.981,677,139,357.49交易性金融资产3,934,358,981.753,214,459,302.34衍生金融工具(1,911,024,259.34)(1,278,237,996.35)债权投资8,031,108.8433,564.38其他债权投资337,794,507.90217,382,771.44交易性金融负债(800,325,555.17)(476,498,284.32)合计6,078,737,230.194,990,602,054.27客户名称2021年度占本集团手续费及佣金收入总额的比例%银河水星1号集合资产管理计划338,787,245.403.19%华润深国投信托有限公司102,893,253.800.97%友邦华泰基金管理有限公司45,353,974.870.43%中信建投证券股份有限公司37,735,800.000.35%博时基金管理有限公司36,070,029.930.34%合计560,840,304.005.28%",CNInfo annual report downloaded locally,constructed_entity_edge_from_downloaded_cninfo_report
CMIN-CN:601881.SH,中国银河,stock,CMIN-CN:601066.SH,中信建投,stock,601881.SH,601066.SH,supplies_to,customer,37735800.00,0.0049,2021,annual,2022-03-30,2022-03-30,2022-03-30,F:/Codex/GNN_data/data/tasks/csi300_cn_supply_chain_cninfo_2018_2021/data_raw/cn_supply_chain_cninfo/pdf/601881_2021_annual_2022-03-30.pdf,360,"前五名客户的手续费及佣金收入情况客户名称2021年度占本公司手续费及佣金收入的比例%银河金汇证券资产管理有限公司224,443,469.152.89%华润深国投信托有限公司102,893,253.801.32%友邦华泰基金管理有限公司45,353,974.870.58%中信建投证券股份有限公司37,735,800.000.49%博时基金管理有限公司36,070,029.930.46%合计446,496,527.755.74%11.投资收益(1)投资收益明细情况2021年度2020年度成本法核算的长期股权投资收益700,000,000.00200,000,000.00权益法核算的长期股权投资损失(1,915,709.42)-金融工具投资收益5,153,298,947.003,923,577,586.45其中：持有期间取得的分红和利息4,328,703,202.622,849,579,496.23交易性金融资产2,730,576,505.022,314,815,614.43其他权益工具投资1,598,126,697.60534,763,881.80处置金融工具取得的收益/（损失）824,595,744.381,073,998,090.22交易性金融资产3,128,784,469.362,808,936,096.42衍生金融工具(1,836,727,998.70)(1,477,669,917.16)债权投资1,365,058.00-其他债权投资337,794,507.90217,382,771.44交易性金融负债(806,620,292.18)(474,650,860.48)合计5,851,383,237.584,123,577,586.45(2)按成本法核算的长期股权投资收益被投资单位2021年度2020年度银河源汇300,000,000.00100,000,000.00银河期货400,000,000.00-银河金汇-100,000,000.00合计700,000,000.00200,000,000.00(3)本公司不存在投资收益汇回的重大限制",CNInfo annual report downloaded locally,constructed_entity_edge_from_downloaded_cninfo_report
CMIN-CN:603659.SH,璞泰来,stock,CMIN-CN:300750.SZ,宁德时代,stock,603659.SH,300750.SZ,supplies_to,customer,,,2019,annual,2020-03-26,2020-03-26,2021-03-14,F:/Codex/GNN_data/data/tasks/csi300_cn_supply_chain_cninfo_2018_2021/data_raw/cn_supply_chain_cninfo/pdf/603659_2019_annual_2020-03-26.pdf,11,主要客户包括ATL、宁德时代、LG化学、三星SDI、中航锂电、珠海冠宇、欣旺达、比亚迪、天津力神等国内外高端知名锂电制造商。3、行业情况说明公司产品主要为锂离子电池材料和自动化工艺设备，运用在锂离子电池的生产制造过程中，锂离子电池根据应用场景可分为消费、动力和储能三类：（1）消费类电池消费类电池主要应用于智能手机、移动电源、电动工具等传统领域和电子烟、ETC、无人机、VR、可穿戴设备等新兴领域。近年来，全球智能手机、笔记本电脑等传统领域出货量趋于稳定，受益国内政策因素影响ETC用锂电池市场迅猛发展，电子烟作为一种新兴的销售品其市场需求和流行趋势逐渐显露，与此同时，随着智能仓储在快递、酒店、电商、医疗等领域的应用持续加快，国内移动机器人（AGV）锂电池需求持续释放。整体而言，消费类电池的传统业务相对稳定，新兴市场持续活跃，锂电池应用场景的不断丰富，新兴消费类电池市场将呈现蓬勃发展的态势；2019年，全球消费锂电池测算需求达到60GWh，根据东北证券预测，2020年-2021年全球消费锂电池需求将分别达到65GWh和70GWh1，全球消费锂电池市场将重归稳步增长。（2）动力类电池动力类电池主要应用于新能源汽车领域。受国内汽车整体产销量持续下滑及政策1东北证券：《优质的赛道，优选的方向》，2020年2月29日,CNInfo annual report downloaded locally,constructed_entity_edge_from_downloaded_cninfo_report
CMIN-CN:603659.SH,璞泰来,stock,CMIN-CN:002594.SZ,比亚迪,stock,603659.SH,002594.SZ,supplies_to,customer,,,2019,annual,2020-03-26,2020-03-26,2021-03-14,F:/Codex/GNN_data/data/tasks/csi300_cn_supply_chain_cninfo_2018_2021/data_raw/cn_supply_chain_cninfo/pdf/603659_2019_annual_2020-03-26.pdf,11,主要客户包括ATL、宁德时代、LG化学、三星SDI、中航锂电、珠海冠宇、欣旺达、比亚迪、天津力神等国内外高端知名锂电制造商。3、行业情况说明公司产品主要为锂离子电池材料和自动化工艺设备，运用在锂离子电池的生产制造过程中，锂离子电池根据应用场景可分为消费、动力和储能三类：（1）消费类电池消费类电池主要应用于智能手机、移动电源、电动工具等传统领域和电子烟、ETC、无人机、VR、可穿戴设备等新兴领域。近年来，全球智能手机、笔记本电脑等传统领域出货量趋于稳定，受益国内政策因素影响ETC用锂电池市场迅猛发展，电子烟作为一种新兴的销售品其市场需求和流行趋势逐渐显露，与此同时，随着智能仓储在快递、酒店、电商、医疗等领域的应用持续加快，国内移动机器人（AGV）锂电池需求持续释放。整体而言，消费类电池的传统业务相对稳定，新兴市场持续活跃，锂电池应用场景的不断丰富，新兴消费类电池市场将呈现蓬勃发展的态势；2019年，全球消费锂电池测算需求达到60GWh，根据东北证券预测，2020年-2021年全球消费锂电池需求将分别达到65GWh和70GWh1，全球消费锂电池市场将重归稳步增长。（2）动力类电池动力类电池主要应用于新能源汽车领域。受国内汽车整体产销量持续下滑及政策1东北证券：《优质的赛道，优选的方向》，2020年2月29日,CNInfo annual report downloaded locally,constructed_entity_edge_from_downloaded_cninfo_report
ENTITY:766c7daf68157956a437,公司前五名供应商中新增第四名祐富百胜宝电器（深圳）有限公司,company_entity,CMIN-CN:688169.SH,石头科技,stock,,688169.SH,supplies_to,supplier,,,2021,annual,2022-04-21,2022-04-21,2022-04-21,F:/Codex/GNN_data/data/tasks/csi300_cn_supply_chain_cninfo_2018_2021/data_raw/cn_supply_chain_cninfo/pdf/688169_2021_annual_2022-04-21.pdf,44,"主要供应商情况前五名供应商采购额227,604.97万元，占年度采购总额69.64%；其中前五名供应商采购额中关联方采购额0万元，占年度采购总额0%。公司前五名供应商√适用□不适用单位：万元币种：人民币序号供应商名称采购额占年度采购总额比例（%）是否与上市公司存在关联关系1第一名142,941.0443.73否2第二名31,325.079.58否3第三名22,718.406.95否4第四名16,273.104.98否5第五名14,347.364.39否合计/227,604.9769.64/报告期内向单个供应商的采购比例超过总额的50%、前5名供应商中存在新增供应商的或严重依赖于少数供应商的情形√适用□不适用公司不存在严重依赖少数供应商的情形，公司前五名供应商中新增第四名祐富百胜宝电器（深圳）有限公司，该供应商与公司系长期合作关系，非本期新增供应商。3.费用√适用□不适用科目本期数上年同期数变动比例（%）销售费用938,468,394559,470,20167.74管理费用118,922,87683,150,35343.02研发费用440,800,628262,782,15467.74财务费用-51,950,040-32,019,52462.24注",CNInfo annual report downloaded locally,constructed_entity_edge_from_downloaded_cninfo_report
ENTITY:e8acc75d4b990e7a46c1,分别为浙江呈耀电气科技有限公司,company_entity,CMIN-CN:688561.SH,奇安信,stock,,688561.SH,supplies_to,supplier,,,2021,annual,2022-04-25,2022-04-25,2022-04-25,F:/Codex/GNN_data/data/tasks/csi300_cn_supply_chain_cninfo_2018_2021/data_raw/cn_supply_chain_cninfo/pdf/688561_2021_annual_2022-04-25.pdf,57,"前5名供应商中存在新增供应商的或严重依赖于少数供应商的情形√适用□不适用报告期内，公司对单个供应商的采购金额未超过2021年度采购总额的50%，不存在严重依赖少数供应商的情形，供应商3及供应商5为公司本报告期新增加的前五名供应商,分别为浙江呈耀电气科技有限公司、远江盛邦（北京）网络安全科技股份有限公司。3.费用√适用□不适用单位：元币种：人民币项目本期数上年同期数变动比例（%）重大变动说明销售费用1,761,010,581.531,320,084,434.0033.40主要系报告期内销售相关人员数量、薪资水平上涨导致薪酬增加，且本期较去年同期股份支付费用增加，此外销售额增加导致相关业务费用增加所致管理费用652,112,160.41526,184,850.6823.93研发费用1,748,403,260.541,228,089,157.5742.37主要系报告期内研发人员数量、薪资水平上涨导致薪酬增加，且本期较去年同期股份支付费用增加，此外，随着研发项目不断深入，使得相关资源投入增加所致财务费用-16,387,659.91-21,575,102.22-24.044.现金流√适用□不适用单位：元币种：人民币项目本期数上年同期数变动比例（%）重大变动说明经营活动产生的现金流量净额-1,301,961,129.80-688,556,343.3289.09主要系报告期内采购量增加以及原材料价格上涨等导致购买商品、接受劳务支付的现金大幅增加以及人员数量、薪资水平上涨导致支付给职工以及为职工支付的现金较去年同期有所增加所致。投资活动产生的现金流量净额-806,050,188.19-622,563,215.5429.47主要系报告期内取得子公司及其他营业单位支付的现金净额增加所致",CNInfo annual report downloaded locally,constructed_entity_edge_from_downloaded_cninfo_report
ENTITY:fb2052701aeec93a66c1,远江盛邦（北京）网络安全科技股份有限公司,company_entity,CMIN-CN:688561.SH,奇安信,stock,,688561.SH,supplies_to,supplier,,,2021,annual,2022-04-25,2022-04-25,2022-04-25,F:/Codex/GNN_data/data/tasks/csi300_cn_supply_chain_cninfo_2018_2021/data_raw/cn_supply_chain_cninfo/pdf/688561_2021_annual_2022-04-25.pdf,57,"前5名供应商中存在新增供应商的或严重依赖于少数供应商的情形√适用□不适用报告期内，公司对单个供应商的采购金额未超过2021年度采购总额的50%，不存在严重依赖少数供应商的情形，供应商3及供应商5为公司本报告期新增加的前五名供应商,分别为浙江呈耀电气科技有限公司、远江盛邦（北京）网络安全科技股份有限公司。3.费用√适用□不适用单位：元币种：人民币项目本期数上年同期数变动比例（%）重大变动说明销售费用1,761,010,581.531,320,084,434.0033.40主要系报告期内销售相关人员数量、薪资水平上涨导致薪酬增加，且本期较去年同期股份支付费用增加，此外销售额增加导致相关业务费用增加所致管理费用652,112,160.41526,184,850.6823.93研发费用1,748,403,260.541,228,089,157.5742.37主要系报告期内研发人员数量、薪资水平上涨导致薪酬增加，且本期较去年同期股份支付费用增加，此外，随着研发项目不断深入，使得相关资源投入增加所致财务费用-16,387,659.91-21,575,102.22-24.044.现金流√适用□不适用单位：元币种：人民币项目本期数上年同期数变动比例（%）重大变动说明经营活动产生的现金流量净额-1,301,961,129.80-688,556,343.3289.09主要系报告期内采购量增加以及原材料价格上涨等导致购买商品、接受劳务支付的现金大幅增加以及人员数量、薪资水平上涨导致支付给职工以及为职工支付的现金较去年同期有所增加所致。投资活动产生的现金流量净额-806,050,188.19-622,563,215.5429.47主要系报告期内取得子公司及其他营业单位支付的现金净额增加所致",CNInfo annual report downloaded locally,constructed_entity_edge_from_downloaded_cninfo_report
