date,ticker,company_name,gics_sector,gics_industry_group,gics_industry,gics_sub_industry,revision_id,revision_date,source,record_status
2020-01-31,AAPL,Apple Inc.,Information Technology,Technology Hardware & Equipment,"Technology Hardware, Storage & Peripherals","Technology Hardware, Storage & Peripherals",938422340.0,2020-01-31T02:38:19Z,https://en.wikipedia.org/w/index.php?oldid=938422340,matched_gics
2020-01-31,ADBE,Adobe Systems Inc,Information Technology,Software & Services,Software,Application Software,938422340.0,2020-01-31T02:38:19Z,https://en.wikipedia.org/w/index.php?oldid=938422340,matched_gics
2020-01-31,ADI,"Analog Devices, Inc.",Information Technology,Semiconductors & Semiconductor Equipment,Semiconductors & Semiconductor Equipment,Semiconductors,938422340.0,2020-01-31T02:38:19Z,https://en.wikipedia.org/w/index.php?oldid=938422340,matched_gics
2020-01-31,ADP,Automatic Data Processing,Information Technology,Software & Services,IT Services,Internet Services & Infrastructure,938422340.0,2020-01-31T02:38:19Z,https://en.wikipedia.org/w/index.php?oldid=938422340,matched_gics
2020-01-31,ADSK,Autodesk Inc.,Information Technology,Software & Services,Software,Application Software,938422340.0,2020-01-31T02:38:19Z,https://en.wikipedia.org/w/index.php?oldid=938422340,matched_gics
2020-01-31,AEP,American Electric Power,Utilities,Utilities,Electric Utilities,Electric Utilities,938422340.0,2020-01-31T02:38:19Z,https://en.wikipedia.org/w/index.php?oldid=938422340,matched_gics
2020-01-31,ALGN,Align Technology,Health Care,Health Care Equipment & Services,Health Care Equipment & Supplies,Health Care Supplies,938422340.0,2020-01-31T02:38:19Z,https://en.wikipedia.org/w/index.php?oldid=938422340,matched_gics
2020-01-31,AMAT,Applied Materials Inc.,Information Technology,Semiconductors & Semiconductor Equipment,Semiconductors & Semiconductor Equipment,Semiconductor Equipment,938422340.0,2020-01-31T02:38:19Z,https://en.wikipedia.org/w/index.php?oldid=938422340,matched_gics
2020-01-31,AMD,Advanced Micro Devices Inc,Information Technology,Semiconductors & Semiconductor Equipment,Semiconductors & Semiconductor Equipment,Semiconductors,938422340.0,2020-01-31T02:38:19Z,https://en.wikipedia.org/w/index.php?oldid=938422340,matched_gics
2020-01-31,AMGN,Amgen Inc.,Health Care,"Pharmaceuticals, Biotechnology & Life Sciences",Biotechnology,Biotechnology,938422340.0,2020-01-31T02:38:19Z,https://en.wikipedia.org/w/index.php?oldid=938422340,matched_gics
2020-01-31,AMZN,Amazon.com Inc.,Consumer Discretionary,Retailing,Internet & Direct Marketing Retail,Internet & Direct Marketing Retail,938422340.0,2020-01-31T02:38:19Z,https://en.wikipedia.org/w/index.php?oldid=938422340,matched_gics
2020-01-31,ANSS,ANSYS,Information Technology,Software & Services,Software,Application Software,938422340.0,2020-01-31T02:38:19Z,https://en.wikipedia.org/w/index.php?oldid=938422340,matched_gics
2020-01-31,ASML,ASML HOLDING NV,,,,,,,,missing_gics
2020-01-31,AVGO,Broadcom Inc.,Information Technology,Semiconductors & Semiconductor Equipment,Semiconductors & Semiconductor Equipment,Semiconductors,938422340.0,2020-01-31T02:38:19Z,https://en.wikipedia.org/w/index.php?oldid=938422340,matched_gics
2020-01-31,AZN,ASTRAZENECA PLC,,,,,,,,missing_gics
2020-01-31,BIDU,"Baidu, Inc.",,,,,,,,missing_gics
2020-01-31,BIIB,Biogen Inc.,Health Care,"Pharmaceuticals, Biotechnology & Life Sciences",Biotechnology,Biotechnology,938422340.0,2020-01-31T02:38:19Z,https://en.wikipedia.org/w/index.php?oldid=938422340,matched_gics
2020-01-31,BKNG,Booking Holdings Inc,Consumer Discretionary,Retailing,Internet & Direct Marketing Retail,Internet & Direct Marketing Retail,938422340.0,2020-01-31T02:38:19Z,https://en.wikipedia.org/w/index.php?oldid=938422340,matched_gics
2020-01-31,CDNS,Cadence Design Systems,Information Technology,Software & Services,Software,Application Software,938422340.0,2020-01-31T02:38:19Z,https://en.wikipedia.org/w/index.php?oldid=938422340,matched_gics
2020-01-31,CDW,CDW,Information Technology,Technology Hardware & Equipment,"Electronic Equipment, Instruments & Components",Technology Distributors,938422340.0,2020-01-31T02:38:19Z,https://en.wikipedia.org/w/index.php?oldid=938422340,matched_gics
2020-01-31,CEG,Constellation Energy Corp,,,,,,,,missing_gics
2020-01-31,CERN,Cerner,Health Care,Health Care Equipment & Services,Health Care Technology,Health Care Technology,938422340.0,2020-01-31T02:38:19Z,https://en.wikipedia.org/w/index.php?oldid=938422340,matched_gics
2020-01-31,CHKP,CHECK POINT SOFTWARE TECHNOLOGIES LTD,,,,,,,,missing_gics
2020-01-31,CHTR,Charter Communications,Communication Services,Media,Media,Cable & Satellite,938422340.0,2020-01-31T02:38:19Z,https://en.wikipedia.org/w/index.php?oldid=938422340,matched_gics
2020-01-31,CMCSA,Comcast Corp.,Communication Services,Media,Media,Cable & Satellite,938422340.0,2020-01-31T02:38:19Z,https://en.wikipedia.org/w/index.php?oldid=938422340,matched_gics
2020-01-31,COST,Costco Wholesale Corp.,Consumer Staples,Food & Staples Retailing,Food & Staples Retailing,Hypermarkets & Super Centers,938422340.0,2020-01-31T02:38:19Z,https://en.wikipedia.org/w/index.php?oldid=938422340,matched_gics
2020-01-31,CPRT,Copart Inc,Industrials,Commercial & Professional Services,Commercial Services & Supplies,Diversified Support Services,938422340.0,2020-01-31T02:38:19Z,https://en.wikipedia.org/w/index.php?oldid=938422340,matched_gics
2020-01-31,CRWD,"CrowdStrike Holdings, Inc.",,,,,,,,missing_gics
2020-01-31,CSCO,Cisco Systems,Information Technology,Technology Hardware & Equipment,Communications Equipment,Communications Equipment,938422340.0,2020-01-31T02:38:19Z,https://en.wikipedia.org/w/index.php?oldid=938422340,matched_gics
2020-01-31,CSX,CSX Corp.,Industrials,Transportation,Road & Rail,Railroads,938422340.0,2020-01-31T02:38:19Z,https://en.wikipedia.org/w/index.php?oldid=938422340,matched_gics
2020-01-31,CTAS,Cintas Corporation,Industrials,Commercial & Professional Services,Commercial Services & Supplies,Diversified Support Services,938422340.0,2020-01-31T02:38:19Z,https://en.wikipedia.org/w/index.php?oldid=938422340,matched_gics
2020-01-31,CTSH,Cognizant Technology Solutions,Information Technology,Software & Services,IT Services,IT Consulting & Other Services,938422340.0,2020-01-31T02:38:19Z,https://en.wikipedia.org/w/index.php?oldid=938422340,matched_gics
2020-01-31,DLTR,Dollar Tree,Consumer Discretionary,Retailing,Multiline Retail,General Merchandise Stores,938422340.0,2020-01-31T02:38:19Z,https://en.wikipedia.org/w/index.php?oldid=938422340,matched_gics
2020-01-31,DOCU,"DOCUSIGN, INC.",,,,,,,,missing_gics
2020-01-31,DXCM,DEXCOM INC,,,,,,,,missing_gics
2020-01-31,EA,Electronic Arts,Communication Services,Media & Entertainment,Entertainment,Interactive Home Entertainment,938422340.0,2020-01-31T02:38:19Z,https://en.wikipedia.org/w/index.php?oldid=938422340,matched_gics
2020-01-31,EBAY,eBay Inc.,Consumer Discretionary,Retailing,Internet & Direct Marketing Retail,Internet & Direct Marketing Retail,938422340.0,2020-01-31T02:38:19Z,https://en.wikipedia.org/w/index.php?oldid=938422340,matched_gics
2020-01-31,ENPH,"Enphase Energy, Inc.",,,,,,,,missing_gics
2020-01-31,EXC,Exelon Corp.,Utilities,Utilities,Multi-Utilities,Multi-Utilities,938422340.0,2020-01-31T02:38:19Z,https://en.wikipedia.org/w/index.php?oldid=938422340,matched_gics
2020-01-31,FAST,Fastenal Co,Industrials,Capital Goods,Building Products,Building Products,938422340.0,2020-01-31T02:38:19Z,https://en.wikipedia.org/w/index.php?oldid=938422340,matched_gics
2020-01-31,FOX,Fox Corporation Class B,Communication Services,Media & Entertainment,Entertainment,Movies & Entertainment,938422340.0,2020-01-31T02:38:19Z,https://en.wikipedia.org/w/index.php?oldid=938422340,matched_gics
2020-01-31,FOXA,Fox Corporation Class A,Communication Services,Media & Entertainment,Entertainment,Movies & Entertainment,938422340.0,2020-01-31T02:38:19Z,https://en.wikipedia.org/w/index.php?oldid=938422340,matched_gics
2020-01-31,GEHC,GE HealthCare Technologies Inc.,,,,,,,,missing_gics
2020-01-31,GILD,Gilead Sciences,Health Care,"Pharmaceuticals, Biotechnology & Life Sciences",Biotechnology,Biotechnology,938422340.0,2020-01-31T02:38:19Z,https://en.wikipedia.org/w/index.php?oldid=938422340,matched_gics
2020-01-31,GOOG,Alphabet Inc Class C,Communication Services,Media & Entertainment,Interactive Media & Services,Interactive Media & Services,938422340.0,2020-01-31T02:38:19Z,https://en.wikipedia.org/w/index.php?oldid=938422340,matched_gics
2020-01-31,GOOGL,Alphabet Inc Class A,Communication Services,Media & Entertainment,Interactive Media & Services,Interactive Media & Services,938422340.0,2020-01-31T02:38:19Z,https://en.wikipedia.org/w/index.php?oldid=938422340,matched_gics
2020-01-31,HON,Honeywell Int'l Inc.,Industrials,Capital Goods,Industrial Conglomerates,Industrial Conglomerates,938422340.0,2020-01-31T02:38:19Z,https://en.wikipedia.org/w/index.php?oldid=938422340,matched_gics
2020-01-31,IDXX,IDEXX Laboratories,Health Care,Health Care Equipment & Services,Health Care Equipment & Supplies,Health Care Equipment,938422340.0,2020-01-31T02:38:19Z,https://en.wikipedia.org/w/index.php?oldid=938422340,matched_gics
2020-01-31,ILMN,Illumina Inc,Health Care,"Pharmaceuticals, Biotechnology & Life Sciences",Life Sciences Tools & Services,Life Sciences Tools & Services,938422340.0,2020-01-31T02:38:19Z,https://en.wikipedia.org/w/index.php?oldid=938422340,matched_gics
2020-01-31,INCY,Incyte,Health Care,"Pharmaceuticals, Biotechnology & Life Sciences",Biotechnology,Biotechnology,938422340.0,2020-01-31T02:38:19Z,https://en.wikipedia.org/w/index.php?oldid=938422340,matched_gics
2020-01-31,INTC,Intel Corp.,Information Technology,Semiconductors & Semiconductor Equipment,Semiconductors & Semiconductor Equipment,Semiconductors,938422340.0,2020-01-31T02:38:19Z,https://en.wikipedia.org/w/index.php?oldid=938422340,matched_gics
2020-01-31,INTU,Intuit Inc.,Information Technology,Software & Services,Software,Application Software,938422340.0,2020-01-31T02:38:19Z,https://en.wikipedia.org/w/index.php?oldid=938422340,matched_gics
2020-01-31,ISRG,Intuitive Surgical Inc.,Health Care,Health Care Equipment & Services,Health Care Equipment & Supplies,Health Care Equipment,938422340.0,2020-01-31T02:38:19Z,https://en.wikipedia.org/w/index.php?oldid=938422340,matched_gics
2020-01-31,JD,"JD.com, Inc.",,,,,,,,missing_gics
2020-01-31,KDP,Keurig Dr Pepper Inc.,,,,,,,,missing_gics
2020-01-31,KHC,Kraft Heinz Co,Consumer Staples,"Food, Beverage & Tobacco",Food Products,Packaged Foods & Meats,938422340.0,2020-01-31T02:38:19Z,https://en.wikipedia.org/w/index.php?oldid=938422340,matched_gics
2020-01-31,KLAC,KLA Corporation,Information Technology,Semiconductors & Semiconductor Equipment,Semiconductors & Semiconductor Equipment,Semiconductor Equipment,938422340.0,2020-01-31T02:38:19Z,https://en.wikipedia.org/w/index.php?oldid=938422340,matched_gics
2020-01-31,LRCX,Lam Research,Information Technology,Semiconductors & Semiconductor Equipment,Semiconductors & Semiconductor Equipment,Semiconductor Equipment,938422340.0,2020-01-31T02:38:19Z,https://en.wikipedia.org/w/index.php?oldid=938422340,matched_gics
2020-01-31,LULU,lululemon athletica inc.,,,,,,,,missing_gics
2020-01-31,MAR,Marriott Int'l.,Consumer Discretionary,Consumer Services,"Hotels, Restaurants & Leisure","Hotels, Resorts & Cruise Lines",938422340.0,2020-01-31T02:38:19Z,https://en.wikipedia.org/w/index.php?oldid=938422340,matched_gics
2020-01-31,MCHP,Microchip Technology,Information Technology,Semiconductors & Semiconductor Equipment,Semiconductors & Semiconductor Equipment,Semiconductors,938422340.0,2020-01-31T02:38:19Z,https://en.wikipedia.org/w/index.php?oldid=938422340,matched_gics
2020-01-31,MDLZ,Mondelez International,Consumer Staples,"Food, Beverage & Tobacco",Food Products,Packaged Foods & Meats,938422340.0,2020-01-31T02:38:19Z,https://en.wikipedia.org/w/index.php?oldid=938422340,matched_gics
2020-01-31,MELI,MERCADOLIBRE INC,,,,,,,,missing_gics
2020-01-31,META,"Facebook, Inc.",Communication Services,Media & Entertainment,Interactive Media & Services,Interactive Media & Services,938422340.0,2020-01-31T02:38:19Z,https://en.wikipedia.org/w/index.php?oldid=938422340|historical_ticker_alias:FB->META,matched_gics
2020-01-31,MNST,Monster Beverage,Consumer Staples,"Food, Beverage & Tobacco",Beverages,Soft Drinks,938422340.0,2020-01-31T02:38:19Z,https://en.wikipedia.org/w/index.php?oldid=938422340,matched_gics
2020-01-31,MRNA,"Moderna, Inc.",,,,,,,,missing_gics
2020-01-31,MRVL,"Marvell Technology, Inc.",,,,,,,,missing_gics
2020-01-31,MSFT,Microsoft Corp.,Information Technology,Software & Services,Software,Systems Software,938422340.0,2020-01-31T02:38:19Z,https://en.wikipedia.org/w/index.php?oldid=938422340,matched_gics
2020-01-31,MTCH,"Match Group, Inc.",,,,,,,,missing_gics
2020-01-31,MU,Micron Technology,Information Technology,Semiconductors & Semiconductor Equipment,Semiconductors & Semiconductor Equipment,Semiconductors,938422340.0,2020-01-31T02:38:19Z,https://en.wikipedia.org/w/index.php?oldid=938422340,matched_gics
2020-01-31,NFLX,Netflix Inc.,Communication Services,Media & Entertainment,Entertainment,Movies & Entertainment,938422340.0,2020-01-31T02:38:19Z,https://en.wikipedia.org/w/index.php?oldid=938422340,matched_gics
2020-01-31,NTES,"NetEase, Inc.",,,,,,,,missing_gics
2020-01-31,NVDA,Nvidia Corporation,Information Technology,Semiconductors & Semiconductor Equipment,Semiconductors & Semiconductor Equipment,Semiconductors,938422340.0,2020-01-31T02:38:19Z,https://en.wikipedia.org/w/index.php?oldid=938422340,matched_gics
2020-01-31,NXPI,NXP Semiconductors N.V.,,,,,,,,missing_gics
2020-01-31,ODFL,Old Dominion Freight Line,Industrials,Transportation,Road & Rail,Trucking,938422340.0,2020-01-31T02:38:19Z,https://en.wikipedia.org/w/index.php?oldid=938422340,matched_gics
2020-01-31,ON,ON SEMICONDUCTOR CORP,,,,,,,,missing_gics
2020-01-31,ORLY,O'Reilly Automotive,Consumer Discretionary,Retailing,Specialty Retail,Specialty Stores,938422340.0,2020-01-31T02:38:19Z,https://en.wikipedia.org/w/index.php?oldid=938422340,matched_gics
2020-01-31,PAYX,Paychex Inc.,Information Technology,Software & Services,IT Services,Data Processing & Outsourced Services,938422340.0,2020-01-31T02:38:19Z,https://en.wikipedia.org/w/index.php?oldid=938422340,matched_gics
2020-01-31,PCAR,PACCAR Inc.,Industrials,Capital Goods,Machinery,Construction Machinery & Heavy Trucks,938422340.0,2020-01-31T02:38:19Z,https://en.wikipedia.org/w/index.php?oldid=938422340,matched_gics
2020-01-31,PDD,PDD Holdings Inc.,,,,,,,,missing_gics
2020-01-31,PEP,PepsiCo Inc.,Consumer Staples,"Food, Beverage & Tobacco",Beverages,Soft Drinks,938422340.0,2020-01-31T02:38:19Z,https://en.wikipedia.org/w/index.php?oldid=938422340,matched_gics
2020-01-31,PYPL,PayPal,Information Technology,Software & Services,IT Services,Data Processing & Outsourced Services,938422340.0,2020-01-31T02:38:19Z,https://en.wikipedia.org/w/index.php?oldid=938422340,matched_gics
2020-01-31,QCOM,QUALCOMM Inc.,Information Technology,Semiconductors & Semiconductor Equipment,Semiconductors & Semiconductor Equipment,Semiconductors,938422340.0,2020-01-31T02:38:19Z,https://en.wikipedia.org/w/index.php?oldid=938422340,matched_gics
2020-01-31,REGN,Regeneron Pharmaceuticals,Health Care,"Pharmaceuticals, Biotechnology & Life Sciences",Biotechnology,Biotechnology,938422340.0,2020-01-31T02:38:19Z,https://en.wikipedia.org/w/index.php?oldid=938422340,matched_gics
2020-01-31,ROST,Ross Stores,Consumer Discretionary,Retailing,Specialty Retail,Apparel Retail,938422340.0,2020-01-31T02:38:19Z,https://en.wikipedia.org/w/index.php?oldid=938422340,matched_gics
2020-01-31,SBUX,Starbucks Corp.,Consumer Discretionary,Consumer Services,"Hotels, Restaurants & Leisure",Restaurants,938422340.0,2020-01-31T02:38:19Z,https://en.wikipedia.org/w/index.php?oldid=938422340,matched_gics
2020-01-31,SGEN,Seagen Inc.,,,,,,,,missing_gics
2020-01-31,SIRI,SIRIUS XM HOLDINGS INC.,,,,,,,,missing_gics
2020-01-31,SNPS,Synopsys Inc.,Information Technology,Software & Services,Software,Application Software,938422340.0,2020-01-31T02:38:19Z,https://en.wikipedia.org/w/index.php?oldid=938422340,matched_gics
2020-01-31,SPLK,Splunk Inc.,,,,,,,,missing_gics
2020-01-31,SWKS,Skyworks Solutions,Information Technology,Semiconductors & Semiconductor Equipment,Semiconductors & Semiconductor Equipment,Semiconductors,938422340.0,2020-01-31T02:38:19Z,https://en.wikipedia.org/w/index.php?oldid=938422340,matched_gics
2020-01-31,TCOM,Trip.com Group Ltd,,,,,,,,missing_gics
2020-01-31,TEAM,Atlassian Corp,,,,,,,,missing_gics
2020-01-31,TMUS,T-Mobile US,Communication Services,Telecommunication Services,Wireless Telecommunication Services,Wireless Telecommunication Services,938422340.0,2020-01-31T02:38:19Z,https://en.wikipedia.org/w/index.php?oldid=938422340,matched_gics
2020-01-31,TSLA,"Tesla, Inc.",,,,,,,,missing_gics
2020-01-31,TTD,"Trade Desk, Inc.",,,,,,,,missing_gics
2020-01-31,TXN,Texas Instruments,Information Technology,Semiconductors & Semiconductor Equipment,Semiconductors & Semiconductor Equipment,Semiconductors,938422340.0,2020-01-31T02:38:19Z,https://en.wikipedia.org/w/index.php?oldid=938422340,matched_gics
2020-01-31,VRSK,Verisk Analytics,Industrials,Commercial & Professional Services,Professional Services,Research & Consulting Services,938422340.0,2020-01-31T02:38:19Z,https://en.wikipedia.org/w/index.php?oldid=938422340,matched_gics
2020-01-31,VRSN,Verisign Inc.,Information Technology,Software & Services,IT Services,Internet Services & Infrastructure,938422340.0,2020-01-31T02:38:19Z,https://en.wikipedia.org/w/index.php?oldid=938422340,matched_gics
2020-01-31,VRTX,Vertex Pharmaceuticals Inc,Health Care,"Pharmaceuticals, Biotechnology & Life Sciences",Biotechnology,Biotechnology,938422340.0,2020-01-31T02:38:19Z,https://en.wikipedia.org/w/index.php?oldid=938422340,matched_gics
2020-01-31,WBA,Walgreens Boots Alliance,Consumer Staples,Food & Staples Retailing,Food & Staples Retailing,Drug Retail,938422340.0,2020-01-31T02:38:19Z,https://en.wikipedia.org/w/index.php?oldid=938422340,matched_gics
2020-01-31,WDAY,"Workday, Inc.",,,,,,,,missing_gics
2020-01-31,XEL,Xcel Energy Inc,Utilities,Utilities,Multi-Utilities,Multi-Utilities,938422340.0,2020-01-31T02:38:19Z,https://en.wikipedia.org/w/index.php?oldid=938422340,matched_gics
2020-01-31,ZM,"Zoom Communications, Inc.",,,,,,,,missing_gics
2020-02-29,AAPL,Apple Inc.,Information Technology,Technology Hardware & Equipment,"Technology Hardware, Storage & Peripherals","Technology Hardware, Storage & Peripherals",942834690.0,2020-02-27T03:45:05Z,https://en.wikipedia.org/w/index.php?oldid=942834690,matched_gics
2020-02-29,ADBE,Adobe Inc.,Information Technology,Software & Services,Software,Application Software,942834690.0,2020-02-27T03:45:05Z,https://en.wikipedia.org/w/index.php?oldid=942834690,matched_gics
2020-02-29,ADI,"Analog Devices, Inc.",Information Technology,Semiconductors & Semiconductor Equipment,Semiconductors & Semiconductor Equipment,Semiconductors,942834690.0,2020-02-27T03:45:05Z,https://en.wikipedia.org/w/index.php?oldid=942834690,matched_gics
2020-02-29,ADP,Automatic Data Processing,Information Technology,Software & Services,IT Services,Internet Services & Infrastructure,942834690.0,2020-02-27T03:45:05Z,https://en.wikipedia.org/w/index.php?oldid=942834690,matched_gics
2020-02-29,ADSK,Autodesk Inc.,Information Technology,Software & Services,Software,Application Software,942834690.0,2020-02-27T03:45:05Z,https://en.wikipedia.org/w/index.php?oldid=942834690,matched_gics
2020-02-29,AEP,American Electric Power,Utilities,Utilities,Electric Utilities,Electric Utilities,942834690.0,2020-02-27T03:45:05Z,https://en.wikipedia.org/w/index.php?oldid=942834690,matched_gics
2020-02-29,ALGN,Align Technology,Health Care,Health Care Equipment & Services,Health Care Equipment & Supplies,Health Care Supplies,942834690.0,2020-02-27T03:45:05Z,https://en.wikipedia.org/w/index.php?oldid=942834690,matched_gics
2020-02-29,AMAT,Applied Materials Inc.,Information Technology,Semiconductors & Semiconductor Equipment,Semiconductors & Semiconductor Equipment,Semiconductor Equipment,942834690.0,2020-02-27T03:45:05Z,https://en.wikipedia.org/w/index.php?oldid=942834690,matched_gics
2020-02-29,AMD,Advanced Micro Devices Inc,Information Technology,Semiconductors & Semiconductor Equipment,Semiconductors & Semiconductor Equipment,Semiconductors,942834690.0,2020-02-27T03:45:05Z,https://en.wikipedia.org/w/index.php?oldid=942834690,matched_gics
2020-02-29,AMGN,Amgen Inc.,Health Care,"Pharmaceuticals, Biotechnology & Life Sciences",Biotechnology,Biotechnology,942834690.0,2020-02-27T03:45:05Z,https://en.wikipedia.org/w/index.php?oldid=942834690,matched_gics
2020-02-29,AMZN,Amazon.com Inc.,Consumer Discretionary,Retailing,Internet & Direct Marketing Retail,Internet & Direct Marketing Retail,942834690.0,2020-02-27T03:45:05Z,https://en.wikipedia.org/w/index.php?oldid=942834690,matched_gics
2020-02-29,ANSS,ANSYS,Information Technology,Software & Services,Software,Application Software,942834690.0,2020-02-27T03:45:05Z,https://en.wikipedia.org/w/index.php?oldid=942834690,matched_gics
2020-02-29,ASML,ASML HOLDING NV,,,,,,,,missing_gics
2020-02-29,AVGO,Broadcom Inc.,Information Technology,Semiconductors & Semiconductor Equipment,Semiconductors & Semiconductor Equipment,Semiconductors,942834690.0,2020-02-27T03:45:05Z,https://en.wikipedia.org/w/index.php?oldid=942834690,matched_gics
2020-02-29,AZN,ASTRAZENECA PLC,,,,,,,,missing_gics
2020-02-29,BIDU,"Baidu, Inc.",,,,,,,,missing_gics
2020-02-29,BIIB,Biogen Inc.,Health Care,"Pharmaceuticals, Biotechnology & Life Sciences",Biotechnology,Biotechnology,942834690.0,2020-02-27T03:45:05Z,https://en.wikipedia.org/w/index.php?oldid=942834690,matched_gics
2020-02-29,BKNG,Booking Holdings Inc,Consumer Discretionary,Retailing,Internet & Direct Marketing Retail,Internet & Direct Marketing Retail,942834690.0,2020-02-27T03:45:05Z,https://en.wikipedia.org/w/index.php?oldid=942834690,matched_gics
2020-02-29,CDNS,Cadence Design Systems,Information Technology,Software & Services,Software,Application Software,942834690.0,2020-02-27T03:45:05Z,https://en.wikipedia.org/w/index.php?oldid=942834690,matched_gics
2020-02-29,CDW,CDW,Information Technology,Technology Hardware & Equipment,"Electronic Equipment, Instruments & Components",Technology Distributors,942834690.0,2020-02-27T03:45:05Z,https://en.wikipedia.org/w/index.php?oldid=942834690,matched_gics
2020-02-29,CEG,Constellation Energy Corp,,,,,,,,missing_gics
2020-02-29,CERN,Cerner,Health Care,Health Care Equipment & Services,Health Care Technology,Health Care Technology,942834690.0,2020-02-27T03:45:05Z,https://en.wikipedia.org/w/index.php?oldid=942834690,matched_gics
2020-02-29,CHKP,CHECK POINT SOFTWARE TECHNOLOGIES LTD,,,,,,,,missing_gics
2020-02-29,CHTR,Charter Communications,Communication Services,Media,Media,Cable & Satellite,942834690.0,2020-02-27T03:45:05Z,https://en.wikipedia.org/w/index.php?oldid=942834690,matched_gics
2020-02-29,CMCSA,Comcast Corp.,Communication Services,Media,Media,Cable & Satellite,942834690.0,2020-02-27T03:45:05Z,https://en.wikipedia.org/w/index.php?oldid=942834690,matched_gics
2020-02-29,COST,Costco Wholesale Corp.,Consumer Staples,Food & Staples Retailing,Food & Staples Retailing,Hypermarkets & Super Centers,942834690.0,2020-02-27T03:45:05Z,https://en.wikipedia.org/w/index.php?oldid=942834690,matched_gics
2020-02-29,CPRT,Copart Inc,Industrials,Commercial & Professional Services,Commercial Services & Supplies,Diversified Support Services,942834690.0,2020-02-27T03:45:05Z,https://en.wikipedia.org/w/index.php?oldid=942834690,matched_gics
2020-02-29,CRWD,"CrowdStrike Holdings, Inc.",,,,,,,,missing_gics
2020-02-29,CSCO,Cisco Systems,Information Technology,Technology Hardware & Equipment,Communications Equipment,Communications Equipment,942834690.0,2020-02-27T03:45:05Z,https://en.wikipedia.org/w/index.php?oldid=942834690,matched_gics
2020-02-29,CSX,CSX Corp.,Industrials,Transportation,Road & Rail,Railroads,942834690.0,2020-02-27T03:45:05Z,https://en.wikipedia.org/w/index.php?oldid=942834690,matched_gics
2020-02-29,CTAS,Cintas Corporation,Industrials,Commercial & Professional Services,Commercial Services & Supplies,Diversified Support Services,942834690.0,2020-02-27T03:45:05Z,https://en.wikipedia.org/w/index.php?oldid=942834690,matched_gics
2020-02-29,CTSH,Cognizant Technology Solutions,Information Technology,Software & Services,IT Services,IT Consulting & Other Services,942834690.0,2020-02-27T03:45:05Z,https://en.wikipedia.org/w/index.php?oldid=942834690,matched_gics
2020-02-29,DLTR,Dollar Tree,Consumer Discretionary,Retailing,Multiline Retail,General Merchandise Stores,942834690.0,2020-02-27T03:45:05Z,https://en.wikipedia.org/w/index.php?oldid=942834690,matched_gics
2020-02-29,DOCU,"DOCUSIGN, INC.",,,,,,,,missing_gics
2020-02-29,DXCM,DEXCOM INC,,,,,,,,missing_gics
2020-02-29,EA,Electronic Arts,Communication Services,Media & Entertainment,Entertainment,Interactive Home Entertainment,942834690.0,2020-02-27T03:45:05Z,https://en.wikipedia.org/w/index.php?oldid=942834690,matched_gics
2020-02-29,EBAY,eBay Inc.,Consumer Discretionary,Retailing,Internet & Direct Marketing Retail,Internet & Direct Marketing Retail,942834690.0,2020-02-27T03:45:05Z,https://en.wikipedia.org/w/index.php?oldid=942834690,matched_gics
2020-02-29,ENPH,"Enphase Energy, Inc.",,,,,,,,missing_gics
2020-02-29,EXC,Exelon Corp.,Utilities,Utilities,Multi-Utilities,Multi-Utilities,942834690.0,2020-02-27T03:45:05Z,https://en.wikipedia.org/w/index.php?oldid=942834690,matched_gics
2020-02-29,FAST,Fastenal Co,Industrials,Capital Goods,Building Products,Building Products,942834690.0,2020-02-27T03:45:05Z,https://en.wikipedia.org/w/index.php?oldid=942834690,matched_gics
2020-02-29,FOX,Fox Corporation Class B,Communication Services,Media & Entertainment,Entertainment,Movies & Entertainment,942834690.0,2020-02-27T03:45:05Z,https://en.wikipedia.org/w/index.php?oldid=942834690,matched_gics
2020-02-29,FOXA,Fox Corporation Class A,Communication Services,Media & Entertainment,Entertainment,Movies & Entertainment,942834690.0,2020-02-27T03:45:05Z,https://en.wikipedia.org/w/index.php?oldid=942834690,matched_gics
2020-02-29,GEHC,GE HealthCare Technologies Inc.,,,,,,,,missing_gics
2020-02-29,GILD,Gilead Sciences,Health Care,"Pharmaceuticals, Biotechnology & Life Sciences",Biotechnology,Biotechnology,942834690.0,2020-02-27T03:45:05Z,https://en.wikipedia.org/w/index.php?oldid=942834690,matched_gics
2020-02-29,GOOG,Alphabet Inc Class C,Communication Services,Media & Entertainment,Interactive Media & Services,Interactive Media & Services,942834690.0,2020-02-27T03:45:05Z,https://en.wikipedia.org/w/index.php?oldid=942834690,matched_gics
2020-02-29,GOOGL,Alphabet Inc Class A,Communication Services,Media & Entertainment,Interactive Media & Services,Interactive Media & Services,942834690.0,2020-02-27T03:45:05Z,https://en.wikipedia.org/w/index.php?oldid=942834690,matched_gics
2020-02-29,HON,Honeywell Int'l Inc.,Industrials,Capital Goods,Industrial Conglomerates,Industrial Conglomerates,942834690.0,2020-02-27T03:45:05Z,https://en.wikipedia.org/w/index.php?oldid=942834690,matched_gics
2020-02-29,IDXX,IDEXX Laboratories,Health Care,Health Care Equipment & Services,Health Care Equipment & Supplies,Health Care Equipment,942834690.0,2020-02-27T03:45:05Z,https://en.wikipedia.org/w/index.php?oldid=942834690,matched_gics
2020-02-29,ILMN,Illumina Inc,Health Care,"Pharmaceuticals, Biotechnology & Life Sciences",Life Sciences Tools & Services,Life Sciences Tools & Services,942834690.0,2020-02-27T03:45:05Z,https://en.wikipedia.org/w/index.php?oldid=942834690,matched_gics
2020-02-29,INCY,Incyte,Health Care,"Pharmaceuticals, Biotechnology & Life Sciences",Biotechnology,Biotechnology,942834690.0,2020-02-27T03:45:05Z,https://en.wikipedia.org/w/index.php?oldid=942834690,matched_gics
2020-02-29,INTC,Intel Corp.,Information Technology,Semiconductors & Semiconductor Equipment,Semiconductors & Semiconductor Equipment,Semiconductors,942834690.0,2020-02-27T03:45:05Z,https://en.wikipedia.org/w/index.php?oldid=942834690,matched_gics
2020-02-29,INTU,Intuit Inc.,Information Technology,Software & Services,Software,Application Software,942834690.0,2020-02-27T03:45:05Z,https://en.wikipedia.org/w/index.php?oldid=942834690,matched_gics
2020-02-29,ISRG,Intuitive Surgical Inc.,Health Care,Health Care Equipment & Services,Health Care Equipment & Supplies,Health Care Equipment,942834690.0,2020-02-27T03:45:05Z,https://en.wikipedia.org/w/index.php?oldid=942834690,matched_gics
2020-02-29,JD,"JD.com, Inc.",,,,,,,,missing_gics
2020-02-29,KDP,Keurig Dr Pepper Inc.,,,,,,,,missing_gics
2020-02-29,KHC,Kraft Heinz Co,Consumer Staples,"Food, Beverage & Tobacco",Food Products,Packaged Foods & Meats,942834690.0,2020-02-27T03:45:05Z,https://en.wikipedia.org/w/index.php?oldid=942834690,matched_gics
2020-02-29,KLAC,KLA Corporation,Information Technology,Semiconductors & Semiconductor Equipment,Semiconductors & Semiconductor Equipment,Semiconductor Equipment,942834690.0,2020-02-27T03:45:05Z,https://en.wikipedia.org/w/index.php?oldid=942834690,matched_gics
2020-02-29,LRCX,Lam Research,Information Technology,Semiconductors & Semiconductor Equipment,Semiconductors & Semiconductor Equipment,Semiconductor Equipment,942834690.0,2020-02-27T03:45:05Z,https://en.wikipedia.org/w/index.php?oldid=942834690,matched_gics
2020-02-29,LULU,lululemon athletica inc.,,,,,,,,missing_gics
2020-02-29,MAR,Marriott Int'l.,Consumer Discretionary,Consumer Services,"Hotels, Restaurants & Leisure","Hotels, Resorts & Cruise Lines",942834690.0,2020-02-27T03:45:05Z,https://en.wikipedia.org/w/index.php?oldid=942834690,matched_gics
2020-02-29,MCHP,Microchip Technology,Information Technology,Semiconductors & Semiconductor Equipment,Semiconductors & Semiconductor Equipment,Semiconductors,942834690.0,2020-02-27T03:45:05Z,https://en.wikipedia.org/w/index.php?oldid=942834690,matched_gics
2020-02-29,MDLZ,Mondelez International,Consumer Staples,"Food, Beverage & Tobacco",Food Products,Packaged Foods & Meats,942834690.0,2020-02-27T03:45:05Z,https://en.wikipedia.org/w/index.php?oldid=942834690,matched_gics
2020-02-29,MELI,MERCADOLIBRE INC,,,,,,,,missing_gics
2020-02-29,META,"Facebook, Inc.",Communication Services,Media & Entertainment,Interactive Media & Services,Interactive Media & Services,942834690.0,2020-02-27T03:45:05Z,https://en.wikipedia.org/w/index.php?oldid=942834690|historical_ticker_alias:FB->META,matched_gics
2020-02-29,MNST,Monster Beverage,Consumer Staples,"Food, Beverage & Tobacco",Beverages,Soft Drinks,942834690.0,2020-02-27T03:45:05Z,https://en.wikipedia.org/w/index.php?oldid=942834690,matched_gics
2020-02-29,MRNA,"Moderna, Inc.",,,,,,,,missing_gics
2020-02-29,MRVL,"Marvell Technology, Inc.",,,,,,,,missing_gics
2020-02-29,MSFT,Microsoft Corp.,Information Technology,Software & Services,Software,Systems Software,942834690.0,2020-02-27T03:45:05Z,https://en.wikipedia.org/w/index.php?oldid=942834690,matched_gics
2020-02-29,MTCH,"Match Group, Inc.",,,,,,,,missing_gics
2020-02-29,MU,Micron Technology,Information Technology,Semiconductors & Semiconductor Equipment,Semiconductors & Semiconductor Equipment,Semiconductors,942834690.0,2020-02-27T03:45:05Z,https://en.wikipedia.org/w/index.php?oldid=942834690,matched_gics
2020-02-29,NFLX,Netflix Inc.,Communication Services,Media & Entertainment,Entertainment,Movies & Entertainment,942834690.0,2020-02-27T03:45:05Z,https://en.wikipedia.org/w/index.php?oldid=942834690,matched_gics
2020-02-29,NTES,"NetEase, Inc.",,,,,,,,missing_gics
2020-02-29,NVDA,Nvidia Corporation,Information Technology,Semiconductors & Semiconductor Equipment,Semiconductors & Semiconductor Equipment,Semiconductors,942834690.0,2020-02-27T03:45:05Z,https://en.wikipedia.org/w/index.php?oldid=942834690,matched_gics
2020-02-29,NXPI,NXP Semiconductors N.V.,,,,,,,,missing_gics
2020-02-29,ODFL,Old Dominion Freight Line,Industrials,Transportation,Road & Rail,Trucking,942834690.0,2020-02-27T03:45:05Z,https://en.wikipedia.org/w/index.php?oldid=942834690,matched_gics
2020-02-29,ON,ON SEMICONDUCTOR CORP,,,,,,,,missing_gics
2020-02-29,ORLY,O'Reilly Automotive,Consumer Discretionary,Retailing,Specialty Retail,Specialty Stores,942834690.0,2020-02-27T03:45:05Z,https://en.wikipedia.org/w/index.php?oldid=942834690,matched_gics
2020-02-29,PAYX,Paychex Inc.,Information Technology,Software & Services,IT Services,Data Processing & Outsourced Services,942834690.0,2020-02-27T03:45:05Z,https://en.wikipedia.org/w/index.php?oldid=942834690,matched_gics
2020-02-29,PCAR,PACCAR Inc.,Industrials,Capital Goods,Machinery,Construction Machinery & Heavy Trucks,942834690.0,2020-02-27T03:45:05Z,https://en.wikipedia.org/w/index.php?oldid=942834690,matched_gics
2020-02-29,PDD,PDD Holdings Inc.,,,,,,,,missing_gics
2020-02-29,PEP,PepsiCo Inc.,Consumer Staples,"Food, Beverage & Tobacco",Beverages,Soft Drinks,942834690.0,2020-02-27T03:45:05Z,https://en.wikipedia.org/w/index.php?oldid=942834690,matched_gics
2020-02-29,PYPL,PayPal,Information Technology,Software & Services,IT Services,Data Processing & Outsourced Services,942834690.0,2020-02-27T03:45:05Z,https://en.wikipedia.org/w/index.php?oldid=942834690,matched_gics
2020-02-29,QCOM,QUALCOMM Inc.,Information Technology,Semiconductors & Semiconductor Equipment,Semiconductors & Semiconductor Equipment,Semiconductors,942834690.0,2020-02-27T03:45:05Z,https://en.wikipedia.org/w/index.php?oldid=942834690,matched_gics
2020-02-29,REGN,Regeneron Pharmaceuticals,Health Care,"Pharmaceuticals, Biotechnology & Life Sciences",Biotechnology,Biotechnology,942834690.0,2020-02-27T03:45:05Z,https://en.wikipedia.org/w/index.php?oldid=942834690,matched_gics
2020-02-29,ROST,Ross Stores,Consumer Discretionary,Retailing,Specialty Retail,Apparel Retail,942834690.0,2020-02-27T03:45:05Z,https://en.wikipedia.org/w/index.php?oldid=942834690,matched_gics
2020-02-29,SBUX,Starbucks Corp.,Consumer Discretionary,Consumer Services,"Hotels, Restaurants & Leisure",Restaurants,942834690.0,2020-02-27T03:45:05Z,https://en.wikipedia.org/w/index.php?oldid=942834690,matched_gics
2020-02-29,SGEN,Seagen Inc.,,,,,,,,missing_gics
2020-02-29,SIRI,SIRIUS XM HOLDINGS INC.,,,,,,,,missing_gics
2020-02-29,SNPS,Synopsys Inc.,Information Technology,Software & Services,Software,Application Software,942834690.0,2020-02-27T03:45:05Z,https://en.wikipedia.org/w/index.php?oldid=942834690,matched_gics
2020-02-29,SPLK,Splunk Inc.,,,,,,,,missing_gics
2020-02-29,SWKS,Skyworks Solutions,Information Technology,Semiconductors & Semiconductor Equipment,Semiconductors & Semiconductor Equipment,Semiconductors,942834690.0,2020-02-27T03:45:05Z,https://en.wikipedia.org/w/index.php?oldid=942834690,matched_gics
2020-02-29,TCOM,Trip.com Group Ltd,,,,,,,,missing_gics
2020-02-29,TEAM,Atlassian Corp,,,,,,,,missing_gics
2020-02-29,TMUS,T-Mobile US,Communication Services,Telecommunication Services,Wireless Telecommunication Services,Wireless Telecommunication Services,942834690.0,2020-02-27T03:45:05Z,https://en.wikipedia.org/w/index.php?oldid=942834690,matched_gics
2020-02-29,TSLA,"Tesla, Inc.",,,,,,,,missing_gics
2020-02-29,TTD,"Trade Desk, Inc.",,,,,,,,missing_gics
2020-02-29,TXN,Texas Instruments,Information Technology,Semiconductors & Semiconductor Equipment,Semiconductors & Semiconductor Equipment,Semiconductors,942834690.0,2020-02-27T03:45:05Z,https://en.wikipedia.org/w/index.php?oldid=942834690,matched_gics
2020-02-29,VRSK,Verisk Analytics,Industrials,Commercial & Professional Services,Professional Services,Research & Consulting Services,942834690.0,2020-02-27T03:45:05Z,https://en.wikipedia.org/w/index.php?oldid=942834690,matched_gics
2020-02-29,VRSN,Verisign Inc.,Information Technology,Software & Services,IT Services,Internet Services & Infrastructure,942834690.0,2020-02-27T03:45:05Z,https://en.wikipedia.org/w/index.php?oldid=942834690,matched_gics
2020-02-29,VRTX,Vertex Pharmaceuticals Inc,Health Care,"Pharmaceuticals, Biotechnology & Life Sciences",Biotechnology,Biotechnology,942834690.0,2020-02-27T03:45:05Z,https://en.wikipedia.org/w/index.php?oldid=942834690,matched_gics
2020-02-29,WBA,Walgreens Boots Alliance,Consumer Staples,Food & Staples Retailing,Food & Staples Retailing,Drug Retail,942834690.0,2020-02-27T03:45:05Z,https://en.wikipedia.org/w/index.php?oldid=942834690,matched_gics
2020-02-29,WDAY,"Workday, Inc.",,,,,,,,missing_gics
2020-02-29,XEL,Xcel Energy Inc,Utilities,Utilities,Multi-Utilities,Multi-Utilities,942834690.0,2020-02-27T03:45:05Z,https://en.wikipedia.org/w/index.php?oldid=942834690,matched_gics
2020-02-29,ZM,"Zoom Communications, Inc.",,,,,,,,missing_gics
2020-03-31,AAPL,Apple Inc.,Information Technology,Technology Hardware & Equipment,"Technology Hardware, Storage & Peripherals","Technology Hardware, Storage & Peripherals",945114809.0,2020-03-11T22:12:27Z,https://en.wikipedia.org/w/index.php?oldid=945114809,matched_gics
2020-03-31,ADBE,Adobe Inc.,Information Technology,Software & Services,Software,Application Software,945114809.0,2020-03-11T22:12:27Z,https://en.wikipedia.org/w/index.php?oldid=945114809,matched_gics
2020-03-31,ADI,"Analog Devices, Inc.",Information Technology,Semiconductors & Semiconductor Equipment,Semiconductors & Semiconductor Equipment,Semiconductors,945114809.0,2020-03-11T22:12:27Z,https://en.wikipedia.org/w/index.php?oldid=945114809,matched_gics
2020-03-31,ADP,Automatic Data Processing,Information Technology,Software & Services,IT Services,Internet Services & Infrastructure,945114809.0,2020-03-11T22:12:27Z,https://en.wikipedia.org/w/index.php?oldid=945114809,matched_gics
2020-03-31,ADSK,Autodesk Inc.,Information Technology,Software & Services,Software,Application Software,945114809.0,2020-03-11T22:12:27Z,https://en.wikipedia.org/w/index.php?oldid=945114809,matched_gics
2020-03-31,AEP,American Electric Power,Utilities,Utilities,Electric Utilities,Electric Utilities,945114809.0,2020-03-11T22:12:27Z,https://en.wikipedia.org/w/index.php?oldid=945114809,matched_gics
2020-03-31,ALGN,Align Technology,Health Care,Health Care Equipment & Services,Health Care Equipment & Supplies,Health Care Supplies,945114809.0,2020-03-11T22:12:27Z,https://en.wikipedia.org/w/index.php?oldid=945114809,matched_gics
2020-03-31,AMAT,Applied Materials Inc.,Information Technology,Semiconductors & Semiconductor Equipment,Semiconductors & Semiconductor Equipment,Semiconductor Equipment,945114809.0,2020-03-11T22:12:27Z,https://en.wikipedia.org/w/index.php?oldid=945114809,matched_gics
2020-03-31,AMD,Advanced Micro Devices Inc,Information Technology,Semiconductors & Semiconductor Equipment,Semiconductors & Semiconductor Equipment,Semiconductors,945114809.0,2020-03-11T22:12:27Z,https://en.wikipedia.org/w/index.php?oldid=945114809,matched_gics
2020-03-31,AMGN,Amgen Inc.,Health Care,"Pharmaceuticals, Biotechnology & Life Sciences",Biotechnology,Biotechnology,945114809.0,2020-03-11T22:12:27Z,https://en.wikipedia.org/w/index.php?oldid=945114809,matched_gics
2020-03-31,AMZN,Amazon.com Inc.,Consumer Discretionary,Retailing,Internet & Direct Marketing Retail,Internet & Direct Marketing Retail,945114809.0,2020-03-11T22:12:27Z,https://en.wikipedia.org/w/index.php?oldid=945114809,matched_gics
2020-03-31,ANSS,ANSYS,Information Technology,Software & Services,Software,Application Software,945114809.0,2020-03-11T22:12:27Z,https://en.wikipedia.org/w/index.php?oldid=945114809,matched_gics
2020-03-31,ASML,ASML HOLDING NV,,,,,,,,missing_gics
2020-03-31,AVGO,Broadcom Inc.,Information Technology,Semiconductors & Semiconductor Equipment,Semiconductors & Semiconductor Equipment,Semiconductors,945114809.0,2020-03-11T22:12:27Z,https://en.wikipedia.org/w/index.php?oldid=945114809,matched_gics
2020-03-31,AZN,ASTRAZENECA PLC,,,,,,,,missing_gics
2020-03-31,BIDU,"Baidu, Inc.",,,,,,,,missing_gics
2020-03-31,BIIB,Biogen Inc.,Health Care,"Pharmaceuticals, Biotechnology & Life Sciences",Biotechnology,Biotechnology,945114809.0,2020-03-11T22:12:27Z,https://en.wikipedia.org/w/index.php?oldid=945114809,matched_gics
2020-03-31,BKNG,Booking Holdings Inc,Consumer Discretionary,Retailing,Internet & Direct Marketing Retail,Internet & Direct Marketing Retail,945114809.0,2020-03-11T22:12:27Z,https://en.wikipedia.org/w/index.php?oldid=945114809,matched_gics
2020-03-31,CDNS,Cadence Design Systems,Information Technology,Software & Services,Software,Application Software,945114809.0,2020-03-11T22:12:27Z,https://en.wikipedia.org/w/index.php?oldid=945114809,matched_gics
2020-03-31,CDW,CDW,Information Technology,Technology Hardware & Equipment,"Electronic Equipment, Instruments & Components",Technology Distributors,945114809.0,2020-03-11T22:12:27Z,https://en.wikipedia.org/w/index.php?oldid=945114809,matched_gics
2020-03-31,CEG,Constellation Energy Corp,,,,,,,,missing_gics
2020-03-31,CERN,Cerner,Health Care,Health Care Equipment & Services,Health Care Technology,Health Care Technology,945114809.0,2020-03-11T22:12:27Z,https://en.wikipedia.org/w/index.php?oldid=945114809,matched_gics
2020-03-31,CHKP,CHECK POINT SOFTWARE TECHNOLOGIES LTD,,,,,,,,missing_gics
2020-03-31,CHTR,Charter Communications,Communication Services,Media,Media,Cable & Satellite,945114809.0,2020-03-11T22:12:27Z,https://en.wikipedia.org/w/index.php?oldid=945114809,matched_gics
2020-03-31,CMCSA,Comcast Corp.,Communication Services,Media,Media,Cable & Satellite,945114809.0,2020-03-11T22:12:27Z,https://en.wikipedia.org/w/index.php?oldid=945114809,matched_gics
2020-03-31,COST,Costco Wholesale Corp.,Consumer Staples,Food & Staples Retailing,Food & Staples Retailing,Hypermarkets & Super Centers,945114809.0,2020-03-11T22:12:27Z,https://en.wikipedia.org/w/index.php?oldid=945114809,matched_gics
2020-03-31,CPRT,Copart Inc,Industrials,Commercial & Professional Services,Commercial Services & Supplies,Diversified Support Services,945114809.0,2020-03-11T22:12:27Z,https://en.wikipedia.org/w/index.php?oldid=945114809,matched_gics
2020-03-31,CRWD,"CrowdStrike Holdings, Inc.",,,,,,,,missing_gics
2020-03-31,CSCO,Cisco Systems,Information Technology,Technology Hardware & Equipment,Communications Equipment,Communications Equipment,945114809.0,2020-03-11T22:12:27Z,https://en.wikipedia.org/w/index.php?oldid=945114809,matched_gics
2020-03-31,CSX,CSX Corp.,Industrials,Transportation,Road & Rail,Railroads,945114809.0,2020-03-11T22:12:27Z,https://en.wikipedia.org/w/index.php?oldid=945114809,matched_gics
2020-03-31,CTAS,Cintas Corporation,Industrials,Commercial & Professional Services,Commercial Services & Supplies,Diversified Support Services,945114809.0,2020-03-11T22:12:27Z,https://en.wikipedia.org/w/index.php?oldid=945114809,matched_gics
2020-03-31,CTSH,Cognizant Technology Solutions,Information Technology,Software & Services,IT Services,IT Consulting & Other Services,945114809.0,2020-03-11T22:12:27Z,https://en.wikipedia.org/w/index.php?oldid=945114809,matched_gics
2020-03-31,DLTR,Dollar Tree,Consumer Discretionary,Retailing,Multiline Retail,General Merchandise Stores,945114809.0,2020-03-11T22:12:27Z,https://en.wikipedia.org/w/index.php?oldid=945114809,matched_gics
2020-03-31,DOCU,"DOCUSIGN, INC.",,,,,,,,missing_gics
2020-03-31,DXCM,DEXCOM INC,,,,,,,,missing_gics
2020-03-31,EA,Electronic Arts,Communication Services,Media & Entertainment,Entertainment,Interactive Home Entertainment,945114809.0,2020-03-11T22:12:27Z,https://en.wikipedia.org/w/index.php?oldid=945114809,matched_gics
2020-03-31,EBAY,eBay Inc.,Consumer Discretionary,Retailing,Internet & Direct Marketing Retail,Internet & Direct Marketing Retail,945114809.0,2020-03-11T22:12:27Z,https://en.wikipedia.org/w/index.php?oldid=945114809,matched_gics
2020-03-31,ENPH,"Enphase Energy, Inc.",,,,,,,,missing_gics
2020-03-31,EXC,Exelon Corp.,Utilities,Utilities,Multi-Utilities,Multi-Utilities,945114809.0,2020-03-11T22:12:27Z,https://en.wikipedia.org/w/index.php?oldid=945114809,matched_gics
2020-03-31,FAST,Fastenal Co,Industrials,Capital Goods,Building Products,Building Products,945114809.0,2020-03-11T22:12:27Z,https://en.wikipedia.org/w/index.php?oldid=945114809,matched_gics
2020-03-31,FOX,Fox Corporation Class B,Communication Services,Media & Entertainment,Entertainment,Movies & Entertainment,945114809.0,2020-03-11T22:12:27Z,https://en.wikipedia.org/w/index.php?oldid=945114809,matched_gics
2020-03-31,FOXA,Fox Corporation Class A,Communication Services,Media & Entertainment,Entertainment,Movies & Entertainment,945114809.0,2020-03-11T22:12:27Z,https://en.wikipedia.org/w/index.php?oldid=945114809,matched_gics
2020-03-31,GEHC,GE HealthCare Technologies Inc.,,,,,,,,missing_gics
2020-03-31,GILD,Gilead Sciences,Health Care,"Pharmaceuticals, Biotechnology & Life Sciences",Biotechnology,Biotechnology,945114809.0,2020-03-11T22:12:27Z,https://en.wikipedia.org/w/index.php?oldid=945114809,matched_gics
2020-03-31,GOOG,Alphabet Inc Class C,Communication Services,Media & Entertainment,Interactive Media & Services,Interactive Media & Services,945114809.0,2020-03-11T22:12:27Z,https://en.wikipedia.org/w/index.php?oldid=945114809,matched_gics
2020-03-31,GOOGL,Alphabet Inc Class A,Communication Services,Media & Entertainment,Interactive Media & Services,Interactive Media & Services,945114809.0,2020-03-11T22:12:27Z,https://en.wikipedia.org/w/index.php?oldid=945114809,matched_gics
2020-03-31,HON,Honeywell Int'l Inc.,Industrials,Capital Goods,Industrial Conglomerates,Industrial Conglomerates,945114809.0,2020-03-11T22:12:27Z,https://en.wikipedia.org/w/index.php?oldid=945114809,matched_gics
2020-03-31,IDXX,IDEXX Laboratories,Health Care,Health Care Equipment & Services,Health Care Equipment & Supplies,Health Care Equipment,945114809.0,2020-03-11T22:12:27Z,https://en.wikipedia.org/w/index.php?oldid=945114809,matched_gics
2020-03-31,ILMN,Illumina Inc,Health Care,"Pharmaceuticals, Biotechnology & Life Sciences",Life Sciences Tools & Services,Life Sciences Tools & Services,945114809.0,2020-03-11T22:12:27Z,https://en.wikipedia.org/w/index.php?oldid=945114809,matched_gics
2020-03-31,INCY,Incyte,Health Care,"Pharmaceuticals, Biotechnology & Life Sciences",Biotechnology,Biotechnology,945114809.0,2020-03-11T22:12:27Z,https://en.wikipedia.org/w/index.php?oldid=945114809,matched_gics
2020-03-31,INTC,Intel Corp.,Information Technology,Semiconductors & Semiconductor Equipment,Semiconductors & Semiconductor Equipment,Semiconductors,945114809.0,2020-03-11T22:12:27Z,https://en.wikipedia.org/w/index.php?oldid=945114809,matched_gics
2020-03-31,INTU,Intuit Inc.,Information Technology,Software & Services,Software,Application Software,945114809.0,2020-03-11T22:12:27Z,https://en.wikipedia.org/w/index.php?oldid=945114809,matched_gics
2020-03-31,ISRG,Intuitive Surgical Inc.,Health Care,Health Care Equipment & Services,Health Care Equipment & Supplies,Health Care Equipment,945114809.0,2020-03-11T22:12:27Z,https://en.wikipedia.org/w/index.php?oldid=945114809,matched_gics
2020-03-31,JD,"JD.com, Inc.",,,,,,,,missing_gics
2020-03-31,KDP,Keurig Dr Pepper Inc.,,,,,,,,missing_gics
2020-03-31,KHC,Kraft Heinz Co,Consumer Staples,"Food, Beverage & Tobacco",Food Products,Packaged Foods & Meats,945114809.0,2020-03-11T22:12:27Z,https://en.wikipedia.org/w/index.php?oldid=945114809,matched_gics
2020-03-31,KLAC,KLA Corporation,Information Technology,Semiconductors & Semiconductor Equipment,Semiconductors & Semiconductor Equipment,Semiconductor Equipment,945114809.0,2020-03-11T22:12:27Z,https://en.wikipedia.org/w/index.php?oldid=945114809,matched_gics
2020-03-31,LRCX,Lam Research,Information Technology,Semiconductors & Semiconductor Equipment,Semiconductors & Semiconductor Equipment,Semiconductor Equipment,945114809.0,2020-03-11T22:12:27Z,https://en.wikipedia.org/w/index.php?oldid=945114809,matched_gics
2020-03-31,LULU,lululemon athletica inc.,,,,,,,,missing_gics
2020-03-31,MAR,Marriott Int'l.,Consumer Discretionary,Consumer Services,"Hotels, Restaurants & Leisure","Hotels, Resorts & Cruise Lines",945114809.0,2020-03-11T22:12:27Z,https://en.wikipedia.org/w/index.php?oldid=945114809,matched_gics
2020-03-31,MCHP,Microchip Technology,Information Technology,Semiconductors & Semiconductor Equipment,Semiconductors & Semiconductor Equipment,Semiconductors,945114809.0,2020-03-11T22:12:27Z,https://en.wikipedia.org/w/index.php?oldid=945114809,matched_gics
2020-03-31,MDLZ,Mondelez International,Consumer Staples,"Food, Beverage & Tobacco",Food Products,Packaged Foods & Meats,945114809.0,2020-03-11T22:12:27Z,https://en.wikipedia.org/w/index.php?oldid=945114809,matched_gics
2020-03-31,MELI,MERCADOLIBRE INC,,,,,,,,missing_gics
2020-03-31,META,"Facebook, Inc.",Communication Services,Media & Entertainment,Interactive Media & Services,Interactive Media & Services,945114809.0,2020-03-11T22:12:27Z,https://en.wikipedia.org/w/index.php?oldid=945114809|historical_ticker_alias:FB->META,matched_gics
2020-03-31,MNST,Monster Beverage,Consumer Staples,"Food, Beverage & Tobacco",Beverages,Soft Drinks,945114809.0,2020-03-11T22:12:27Z,https://en.wikipedia.org/w/index.php?oldid=945114809,matched_gics
2020-03-31,MRNA,"Moderna, Inc.",,,,,,,,missing_gics
2020-03-31,MRVL,"Marvell Technology, Inc.",,,,,,,,missing_gics
2020-03-31,MSFT,Microsoft Corp.,Information Technology,Software & Services,Software,Systems Software,945114809.0,2020-03-11T22:12:27Z,https://en.wikipedia.org/w/index.php?oldid=945114809,matched_gics
2020-03-31,MTCH,"Match Group, Inc.",,,,,,,,missing_gics
2020-03-31,MU,Micron Technology,Information Technology,Semiconductors & Semiconductor Equipment,Semiconductors & Semiconductor Equipment,Semiconductors,945114809.0,2020-03-11T22:12:27Z,https://en.wikipedia.org/w/index.php?oldid=945114809,matched_gics
2020-03-31,NFLX,Netflix Inc.,Communication Services,Media & Entertainment,Entertainment,Movies & Entertainment,945114809.0,2020-03-11T22:12:27Z,https://en.wikipedia.org/w/index.php?oldid=945114809,matched_gics
2020-03-31,NTES,"NetEase, Inc.",,,,,,,,missing_gics
2020-03-31,NVDA,Nvidia Corporation,Information Technology,Semiconductors & Semiconductor Equipment,Semiconductors & Semiconductor Equipment,Semiconductors,945114809.0,2020-03-11T22:12:27Z,https://en.wikipedia.org/w/index.php?oldid=945114809,matched_gics
2020-03-31,NXPI,NXP Semiconductors N.V.,,,,,,,,missing_gics
2020-03-31,ODFL,Old Dominion Freight Line,Industrials,Transportation,Road & Rail,Trucking,945114809.0,2020-03-11T22:12:27Z,https://en.wikipedia.org/w/index.php?oldid=945114809,matched_gics
2020-03-31,ON,ON SEMICONDUCTOR CORP,,,,,,,,missing_gics
2020-03-31,ORLY,O'Reilly Automotive,Consumer Discretionary,Retailing,Specialty Retail,Specialty Stores,945114809.0,2020-03-11T22:12:27Z,https://en.wikipedia.org/w/index.php?oldid=945114809,matched_gics
2020-03-31,PAYX,Paychex Inc.,Information Technology,Software & Services,IT Services,Data Processing & Outsourced Services,945114809.0,2020-03-11T22:12:27Z,https://en.wikipedia.org/w/index.php?oldid=945114809,matched_gics
2020-03-31,PCAR,PACCAR Inc.,Industrials,Capital Goods,Machinery,Construction Machinery & Heavy Trucks,945114809.0,2020-03-11T22:12:27Z,https://en.wikipedia.org/w/index.php?oldid=945114809,matched_gics
2020-03-31,PDD,PDD Holdings Inc.,,,,,,,,missing_gics
2020-03-31,PEP,PepsiCo Inc.,Consumer Staples,"Food, Beverage & Tobacco",Beverages,Soft Drinks,945114809.0,2020-03-11T22:12:27Z,https://en.wikipedia.org/w/index.php?oldid=945114809,matched_gics
2020-03-31,PYPL,PayPal,Information Technology,Software & Services,IT Services,Data Processing & Outsourced Services,945114809.0,2020-03-11T22:12:27Z,https://en.wikipedia.org/w/index.php?oldid=945114809,matched_gics
2020-03-31,QCOM,QUALCOMM Inc.,Information Technology,Semiconductors & Semiconductor Equipment,Semiconductors & Semiconductor Equipment,Semiconductors,945114809.0,2020-03-11T22:12:27Z,https://en.wikipedia.org/w/index.php?oldid=945114809,matched_gics
2020-03-31,REGN,Regeneron Pharmaceuticals,Health Care,"Pharmaceuticals, Biotechnology & Life Sciences",Biotechnology,Biotechnology,945114809.0,2020-03-11T22:12:27Z,https://en.wikipedia.org/w/index.php?oldid=945114809,matched_gics
2020-03-31,ROST,Ross Stores,Consumer Discretionary,Retailing,Specialty Retail,Apparel Retail,945114809.0,2020-03-11T22:12:27Z,https://en.wikipedia.org/w/index.php?oldid=945114809,matched_gics
2020-03-31,SBUX,Starbucks Corp.,Consumer Discretionary,Consumer Services,"Hotels, Restaurants & Leisure",Restaurants,945114809.0,2020-03-11T22:12:27Z,https://en.wikipedia.org/w/index.php?oldid=945114809,matched_gics
2020-03-31,SGEN,Seagen Inc.,,,,,,,,missing_gics
2020-03-31,SIRI,SIRIUS XM HOLDINGS INC.,,,,,,,,missing_gics
2020-03-31,SNPS,Synopsys Inc.,Information Technology,Software & Services,Software,Application Software,945114809.0,2020-03-11T22:12:27Z,https://en.wikipedia.org/w/index.php?oldid=945114809,matched_gics
2020-03-31,SPLK,Splunk Inc.,,,,,,,,missing_gics
2020-03-31,SWKS,Skyworks Solutions,Information Technology,Semiconductors & Semiconductor Equipment,Semiconductors & Semiconductor Equipment,Semiconductors,945114809.0,2020-03-11T22:12:27Z,https://en.wikipedia.org/w/index.php?oldid=945114809,matched_gics
2020-03-31,TCOM,Trip.com Group Ltd,,,,,,,,missing_gics
2020-03-31,TEAM,Atlassian Corp,,,,,,,,missing_gics
2020-03-31,TMUS,T-Mobile US,Communication Services,Telecommunication Services,Wireless Telecommunication Services,Wireless Telecommunication Services,945114809.0,2020-03-11T22:12:27Z,https://en.wikipedia.org/w/index.php?oldid=945114809,matched_gics
2020-03-31,TSLA,"Tesla, Inc.",,,,,,,,missing_gics
2020-03-31,TTD,"Trade Desk, Inc.",,,,,,,,missing_gics
2020-03-31,TXN,Texas Instruments,Information Technology,Semiconductors & Semiconductor Equipment,Semiconductors & Semiconductor Equipment,Semiconductors,945114809.0,2020-03-11T22:12:27Z,https://en.wikipedia.org/w/index.php?oldid=945114809,matched_gics
2020-03-31,VRSK,Verisk Analytics,Industrials,Commercial & Professional Services,Professional Services,Research & Consulting Services,945114809.0,2020-03-11T22:12:27Z,https://en.wikipedia.org/w/index.php?oldid=945114809,matched_gics
2020-03-31,VRSN,Verisign Inc.,Information Technology,Software & Services,IT Services,Internet Services & Infrastructure,945114809.0,2020-03-11T22:12:27Z,https://en.wikipedia.org/w/index.php?oldid=945114809,matched_gics
2020-03-31,VRTX,Vertex Pharmaceuticals Inc,Health Care,"Pharmaceuticals, Biotechnology & Life Sciences",Biotechnology,Biotechnology,945114809.0,2020-03-11T22:12:27Z,https://en.wikipedia.org/w/index.php?oldid=945114809,matched_gics
2020-03-31,WBA,Walgreens Boots Alliance,Consumer Staples,Food & Staples Retailing,Food & Staples Retailing,Drug Retail,945114809.0,2020-03-11T22:12:27Z,https://en.wikipedia.org/w/index.php?oldid=945114809,matched_gics
2020-03-31,WDAY,"Workday, Inc.",,,,,,,,missing_gics
2020-03-31,XEL,Xcel Energy Inc,Utilities,Utilities,Multi-Utilities,Multi-Utilities,945114809.0,2020-03-11T22:12:27Z,https://en.wikipedia.org/w/index.php?oldid=945114809,matched_gics
2020-03-31,ZM,"Zoom Communications, Inc.",,,,,,,,missing_gics
2020-04-30,AAPL,Apple Inc.,Information Technology,Technology Hardware & Equipment,"Technology Hardware, Storage & Peripherals","Technology Hardware, Storage & Peripherals",951876743.0,2020-04-19T10:16:03Z,https://en.wikipedia.org/w/index.php?oldid=951876743,matched_gics
2020-04-30,ADBE,Adobe Inc.,Information Technology,Software & Services,Software,Application Software,951876743.0,2020-04-19T10:16:03Z,https://en.wikipedia.org/w/index.php?oldid=951876743,matched_gics
2020-04-30,ADI,"Analog Devices, Inc.",Information Technology,Semiconductors & Semiconductor Equipment,Semiconductors & Semiconductor Equipment,Semiconductors,951876743.0,2020-04-19T10:16:03Z,https://en.wikipedia.org/w/index.php?oldid=951876743,matched_gics
2020-04-30,ADP,Automatic Data Processing,Information Technology,Software & Services,IT Services,Internet Services & Infrastructure,951876743.0,2020-04-19T10:16:03Z,https://en.wikipedia.org/w/index.php?oldid=951876743,matched_gics
2020-04-30,ADSK,Autodesk Inc.,Information Technology,Software & Services,Software,Application Software,951876743.0,2020-04-19T10:16:03Z,https://en.wikipedia.org/w/index.php?oldid=951876743,matched_gics
2020-04-30,AEP,American Electric Power,Utilities,Utilities,Electric Utilities,Electric Utilities,951876743.0,2020-04-19T10:16:03Z,https://en.wikipedia.org/w/index.php?oldid=951876743,matched_gics
2020-04-30,ALGN,Align Technology,Health Care,Health Care Equipment & Services,Health Care Equipment & Supplies,Health Care Supplies,951876743.0,2020-04-19T10:16:03Z,https://en.wikipedia.org/w/index.php?oldid=951876743,matched_gics
2020-04-30,AMAT,Applied Materials Inc.,Information Technology,Semiconductors & Semiconductor Equipment,Semiconductors & Semiconductor Equipment,Semiconductor Equipment,951876743.0,2020-04-19T10:16:03Z,https://en.wikipedia.org/w/index.php?oldid=951876743,matched_gics
2020-04-30,AMD,Advanced Micro Devices Inc,Information Technology,Semiconductors & Semiconductor Equipment,Semiconductors & Semiconductor Equipment,Semiconductors,951876743.0,2020-04-19T10:16:03Z,https://en.wikipedia.org/w/index.php?oldid=951876743,matched_gics
2020-04-30,AMGN,Amgen Inc.,Health Care,"Pharmaceuticals, Biotechnology & Life Sciences",Biotechnology,Biotechnology,951876743.0,2020-04-19T10:16:03Z,https://en.wikipedia.org/w/index.php?oldid=951876743,matched_gics
2020-04-30,AMZN,Amazon.com Inc.,Consumer Discretionary,Retailing,Internet & Direct Marketing Retail,Internet & Direct Marketing Retail,951876743.0,2020-04-19T10:16:03Z,https://en.wikipedia.org/w/index.php?oldid=951876743,matched_gics
2020-04-30,ANSS,ANSYS,Information Technology,Software & Services,Software,Application Software,951876743.0,2020-04-19T10:16:03Z,https://en.wikipedia.org/w/index.php?oldid=951876743,matched_gics
2020-04-30,ASML,ASML HOLDING NV,,,,,,,,missing_gics
2020-04-30,AVGO,Broadcom Inc.,Information Technology,Semiconductors & Semiconductor Equipment,Semiconductors & Semiconductor Equipment,Semiconductors,951876743.0,2020-04-19T10:16:03Z,https://en.wikipedia.org/w/index.php?oldid=951876743,matched_gics
2020-04-30,AZN,ASTRAZENECA PLC,,,,,,,,missing_gics
2020-04-30,BIDU,"Baidu, Inc.",,,,,,,,missing_gics
2020-04-30,BIIB,Biogen Inc.,Health Care,"Pharmaceuticals, Biotechnology & Life Sciences",Biotechnology,Biotechnology,951876743.0,2020-04-19T10:16:03Z,https://en.wikipedia.org/w/index.php?oldid=951876743,matched_gics
2020-04-30,BKNG,Booking Holdings Inc,Consumer Discretionary,Retailing,Internet & Direct Marketing Retail,Internet & Direct Marketing Retail,951876743.0,2020-04-19T10:16:03Z,https://en.wikipedia.org/w/index.php?oldid=951876743,matched_gics
2020-04-30,CDNS,Cadence Design Systems,Information Technology,Software & Services,Software,Application Software,951876743.0,2020-04-19T10:16:03Z,https://en.wikipedia.org/w/index.php?oldid=951876743,matched_gics
2020-04-30,CDW,CDW,Information Technology,Technology Hardware & Equipment,"Electronic Equipment, Instruments & Components",Technology Distributors,951876743.0,2020-04-19T10:16:03Z,https://en.wikipedia.org/w/index.php?oldid=951876743,matched_gics
2020-04-30,CEG,Constellation Energy Corp,,,,,,,,missing_gics
2020-04-30,CERN,Cerner,Health Care,Health Care Equipment & Services,Health Care Technology,Health Care Technology,951876743.0,2020-04-19T10:16:03Z,https://en.wikipedia.org/w/index.php?oldid=951876743,matched_gics
2020-04-30,CHKP,CHECK POINT SOFTWARE TECHNOLOGIES LTD,,,,,,,,missing_gics
2020-04-30,CHTR,Charter Communications,Communication Services,Media,Media,Cable & Satellite,951876743.0,2020-04-19T10:16:03Z,https://en.wikipedia.org/w/index.php?oldid=951876743,matched_gics
2020-04-30,CMCSA,Comcast Corp.,Communication Services,Media,Media,Cable & Satellite,951876743.0,2020-04-19T10:16:03Z,https://en.wikipedia.org/w/index.php?oldid=951876743,matched_gics
2020-04-30,COST,Costco Wholesale Corp.,Consumer Staples,Food & Staples Retailing,Food & Staples Retailing,Hypermarkets & Super Centers,951876743.0,2020-04-19T10:16:03Z,https://en.wikipedia.org/w/index.php?oldid=951876743,matched_gics
2020-04-30,CPRT,Copart Inc,Industrials,Commercial & Professional Services,Commercial Services & Supplies,Diversified Support Services,951876743.0,2020-04-19T10:16:03Z,https://en.wikipedia.org/w/index.php?oldid=951876743,matched_gics
2020-04-30,CRWD,"CrowdStrike Holdings, Inc.",,,,,,,,missing_gics
2020-04-30,CSCO,Cisco Systems,Information Technology,Technology Hardware & Equipment,Communications Equipment,Communications Equipment,951876743.0,2020-04-19T10:16:03Z,https://en.wikipedia.org/w/index.php?oldid=951876743,matched_gics
2020-04-30,CSX,CSX Corp.,Industrials,Transportation,Road & Rail,Railroads,951876743.0,2020-04-19T10:16:03Z,https://en.wikipedia.org/w/index.php?oldid=951876743,matched_gics
2020-04-30,CTAS,Cintas Corporation,Industrials,Commercial & Professional Services,Commercial Services & Supplies,Diversified Support Services,951876743.0,2020-04-19T10:16:03Z,https://en.wikipedia.org/w/index.php?oldid=951876743,matched_gics
2020-04-30,CTSH,Cognizant Technology Solutions,Information Technology,Software & Services,IT Services,IT Consulting & Other Services,951876743.0,2020-04-19T10:16:03Z,https://en.wikipedia.org/w/index.php?oldid=951876743,matched_gics
2020-04-30,DLTR,Dollar Tree,Consumer Discretionary,Retailing,Multiline Retail,General Merchandise Stores,951876743.0,2020-04-19T10:16:03Z,https://en.wikipedia.org/w/index.php?oldid=951876743,matched_gics
2020-04-30,DOCU,"DOCUSIGN, INC.",,,,,,,,missing_gics
2020-04-30,DXCM,DEXCOM INC,,,,,,,,missing_gics
2020-04-30,EA,Electronic Arts,Communication Services,Media & Entertainment,Entertainment,Interactive Home Entertainment,951876743.0,2020-04-19T10:16:03Z,https://en.wikipedia.org/w/index.php?oldid=951876743,matched_gics
2020-04-30,EBAY,eBay Inc.,Consumer Discretionary,Retailing,Internet & Direct Marketing Retail,Internet & Direct Marketing Retail,951876743.0,2020-04-19T10:16:03Z,https://en.wikipedia.org/w/index.php?oldid=951876743,matched_gics
2020-04-30,ENPH,"Enphase Energy, Inc.",,,,,,,,missing_gics
2020-04-30,EXC,Exelon Corp.,Utilities,Utilities,Multi-Utilities,Multi-Utilities,951876743.0,2020-04-19T10:16:03Z,https://en.wikipedia.org/w/index.php?oldid=951876743,matched_gics
2020-04-30,FAST,Fastenal Co,Industrials,Capital Goods,Building Products,Building Products,951876743.0,2020-04-19T10:16:03Z,https://en.wikipedia.org/w/index.php?oldid=951876743,matched_gics
2020-04-30,FOX,Fox Corporation Class B,Communication Services,Media & Entertainment,Entertainment,Movies & Entertainment,951876743.0,2020-04-19T10:16:03Z,https://en.wikipedia.org/w/index.php?oldid=951876743,matched_gics
2020-04-30,FOXA,Fox Corporation Class A,Communication Services,Media & Entertainment,Entertainment,Movies & Entertainment,951876743.0,2020-04-19T10:16:03Z,https://en.wikipedia.org/w/index.php?oldid=951876743,matched_gics
2020-04-30,GEHC,GE HealthCare Technologies Inc.,,,,,,,,missing_gics
2020-04-30,GILD,Gilead Sciences,Health Care,"Pharmaceuticals, Biotechnology & Life Sciences",Biotechnology,Biotechnology,951876743.0,2020-04-19T10:16:03Z,https://en.wikipedia.org/w/index.php?oldid=951876743,matched_gics
2020-04-30,GOOG,Alphabet Inc Class C,Communication Services,Media & Entertainment,Interactive Media & Services,Interactive Media & Services,951876743.0,2020-04-19T10:16:03Z,https://en.wikipedia.org/w/index.php?oldid=951876743,matched_gics
2020-04-30,GOOGL,Alphabet Inc Class A,Communication Services,Media & Entertainment,Interactive Media & Services,Interactive Media & Services,951876743.0,2020-04-19T10:16:03Z,https://en.wikipedia.org/w/index.php?oldid=951876743,matched_gics
2020-04-30,HON,Honeywell Int'l Inc.,Industrials,Capital Goods,Industrial Conglomerates,Industrial Conglomerates,951876743.0,2020-04-19T10:16:03Z,https://en.wikipedia.org/w/index.php?oldid=951876743,matched_gics
2020-04-30,IDXX,IDEXX Laboratories,Health Care,Health Care Equipment & Services,Health Care Equipment & Supplies,Health Care Equipment,951876743.0,2020-04-19T10:16:03Z,https://en.wikipedia.org/w/index.php?oldid=951876743,matched_gics
2020-04-30,ILMN,Illumina Inc,Health Care,"Pharmaceuticals, Biotechnology & Life Sciences",Life Sciences Tools & Services,Life Sciences Tools & Services,951876743.0,2020-04-19T10:16:03Z,https://en.wikipedia.org/w/index.php?oldid=951876743,matched_gics
2020-04-30,INCY,Incyte,Health Care,"Pharmaceuticals, Biotechnology & Life Sciences",Biotechnology,Biotechnology,951876743.0,2020-04-19T10:16:03Z,https://en.wikipedia.org/w/index.php?oldid=951876743,matched_gics
2020-04-30,INTC,Intel Corp.,Information Technology,Semiconductors & Semiconductor Equipment,Semiconductors & Semiconductor Equipment,Semiconductors,951876743.0,2020-04-19T10:16:03Z,https://en.wikipedia.org/w/index.php?oldid=951876743,matched_gics
2020-04-30,INTU,Intuit Inc.,Information Technology,Software & Services,Software,Application Software,951876743.0,2020-04-19T10:16:03Z,https://en.wikipedia.org/w/index.php?oldid=951876743,matched_gics
2020-04-30,ISRG,Intuitive Surgical Inc.,Health Care,Health Care Equipment & Services,Health Care Equipment & Supplies,Health Care Equipment,951876743.0,2020-04-19T10:16:03Z,https://en.wikipedia.org/w/index.php?oldid=951876743,matched_gics
2020-04-30,JD,"JD.com, Inc.",,,,,,,,missing_gics
2020-04-30,KDP,Keurig Dr Pepper Inc.,,,,,,,,missing_gics
2020-04-30,KHC,Kraft Heinz Co,Consumer Staples,"Food, Beverage & Tobacco",Food Products,Packaged Foods & Meats,951876743.0,2020-04-19T10:16:03Z,https://en.wikipedia.org/w/index.php?oldid=951876743,matched_gics
2020-04-30,KLAC,KLA Corporation,Information Technology,Semiconductors & Semiconductor Equipment,Semiconductors & Semiconductor Equipment,Semiconductor Equipment,951876743.0,2020-04-19T10:16:03Z,https://en.wikipedia.org/w/index.php?oldid=951876743,matched_gics
2020-04-30,LRCX,Lam Research,Information Technology,Semiconductors & Semiconductor Equipment,Semiconductors & Semiconductor Equipment,Semiconductor Equipment,951876743.0,2020-04-19T10:16:03Z,https://en.wikipedia.org/w/index.php?oldid=951876743,matched_gics
2020-04-30,LULU,lululemon athletica inc.,,,,,,,,missing_gics
2020-04-30,MAR,Marriott Int'l.,Consumer Discretionary,Consumer Services,"Hotels, Restaurants & Leisure","Hotels, Resorts & Cruise Lines",951876743.0,2020-04-19T10:16:03Z,https://en.wikipedia.org/w/index.php?oldid=951876743,matched_gics
2020-04-30,MCHP,Microchip Technology,Information Technology,Semiconductors & Semiconductor Equipment,Semiconductors & Semiconductor Equipment,Semiconductors,951876743.0,2020-04-19T10:16:03Z,https://en.wikipedia.org/w/index.php?oldid=951876743,matched_gics
2020-04-30,MDLZ,Mondelez International,Consumer Staples,"Food, Beverage & Tobacco",Food Products,Packaged Foods & Meats,951876743.0,2020-04-19T10:16:03Z,https://en.wikipedia.org/w/index.php?oldid=951876743,matched_gics
2020-04-30,MELI,MERCADOLIBRE INC,,,,,,,,missing_gics
2020-04-30,META,"Facebook, Inc.",Communication Services,Media & Entertainment,Interactive Media & Services,Interactive Media & Services,951876743.0,2020-04-19T10:16:03Z,https://en.wikipedia.org/w/index.php?oldid=951876743|historical_ticker_alias:FB->META,matched_gics
2020-04-30,MNST,Monster Beverage,Consumer Staples,"Food, Beverage & Tobacco",Beverages,Soft Drinks,951876743.0,2020-04-19T10:16:03Z,https://en.wikipedia.org/w/index.php?oldid=951876743,matched_gics
2020-04-30,MRNA,"Moderna, Inc.",,,,,,,,missing_gics
2020-04-30,MRVL,"Marvell Technology, Inc.",,,,,,,,missing_gics
2020-04-30,MSFT,Microsoft Corp.,Information Technology,Software & Services,Software,Systems Software,951876743.0,2020-04-19T10:16:03Z,https://en.wikipedia.org/w/index.php?oldid=951876743,matched_gics
2020-04-30,MTCH,"Match Group, Inc.",,,,,,,,missing_gics
2020-04-30,MU,Micron Technology,Information Technology,Semiconductors & Semiconductor Equipment,Semiconductors & Semiconductor Equipment,Semiconductors,951876743.0,2020-04-19T10:16:03Z,https://en.wikipedia.org/w/index.php?oldid=951876743,matched_gics
2020-04-30,NFLX,Netflix Inc.,Communication Services,Media & Entertainment,Entertainment,Movies & Entertainment,951876743.0,2020-04-19T10:16:03Z,https://en.wikipedia.org/w/index.php?oldid=951876743,matched_gics
2020-04-30,NTES,"NetEase, Inc.",,,,,,,,missing_gics
2020-04-30,NVDA,Nvidia Corporation,Information Technology,Semiconductors & Semiconductor Equipment,Semiconductors & Semiconductor Equipment,Semiconductors,951876743.0,2020-04-19T10:16:03Z,https://en.wikipedia.org/w/index.php?oldid=951876743,matched_gics
2020-04-30,NXPI,NXP Semiconductors N.V.,,,,,,,,missing_gics
2020-04-30,ODFL,Old Dominion Freight Line,Industrials,Transportation,Road & Rail,Trucking,951876743.0,2020-04-19T10:16:03Z,https://en.wikipedia.org/w/index.php?oldid=951876743,matched_gics
2020-04-30,ON,ON SEMICONDUCTOR CORP,,,,,,,,missing_gics
2020-04-30,ORLY,O'Reilly Automotive,Consumer Discretionary,Retailing,Specialty Retail,Specialty Stores,951876743.0,2020-04-19T10:16:03Z,https://en.wikipedia.org/w/index.php?oldid=951876743,matched_gics
2020-04-30,PAYX,Paychex Inc.,Information Technology,Software & Services,IT Services,Data Processing & Outsourced Services,951876743.0,2020-04-19T10:16:03Z,https://en.wikipedia.org/w/index.php?oldid=951876743,matched_gics
2020-04-30,PCAR,PACCAR Inc.,Industrials,Capital Goods,Machinery,Construction Machinery & Heavy Trucks,951876743.0,2020-04-19T10:16:03Z,https://en.wikipedia.org/w/index.php?oldid=951876743,matched_gics
2020-04-30,PDD,PDD Holdings Inc.,,,,,,,,missing_gics
2020-04-30,PEP,PepsiCo Inc.,Consumer Staples,"Food, Beverage & Tobacco",Beverages,Soft Drinks,951876743.0,2020-04-19T10:16:03Z,https://en.wikipedia.org/w/index.php?oldid=951876743,matched_gics
2020-04-30,PYPL,PayPal,Information Technology,Software & Services,IT Services,Data Processing & Outsourced Services,951876743.0,2020-04-19T10:16:03Z,https://en.wikipedia.org/w/index.php?oldid=951876743,matched_gics
2020-04-30,QCOM,QUALCOMM Inc.,Information Technology,Semiconductors & Semiconductor Equipment,Semiconductors & Semiconductor Equipment,Semiconductors,951876743.0,2020-04-19T10:16:03Z,https://en.wikipedia.org/w/index.php?oldid=951876743,matched_gics
2020-04-30,REGN,Regeneron Pharmaceuticals,Health Care,"Pharmaceuticals, Biotechnology & Life Sciences",Biotechnology,Biotechnology,951876743.0,2020-04-19T10:16:03Z,https://en.wikipedia.org/w/index.php?oldid=951876743,matched_gics
2020-04-30,ROST,Ross Stores,Consumer Discretionary,Retailing,Specialty Retail,Apparel Retail,951876743.0,2020-04-19T10:16:03Z,https://en.wikipedia.org/w/index.php?oldid=951876743,matched_gics
2020-04-30,SBUX,Starbucks Corp.,Consumer Discretionary,Consumer Services,"Hotels, Restaurants & Leisure",Restaurants,951876743.0,2020-04-19T10:16:03Z,https://en.wikipedia.org/w/index.php?oldid=951876743,matched_gics
2020-04-30,SGEN,Seagen Inc.,,,,,,,,missing_gics
2020-04-30,SIRI,SIRIUS XM HOLDINGS INC.,,,,,,,,missing_gics
2020-04-30,SNPS,Synopsys Inc.,Information Technology,Software & Services,Software,Application Software,951876743.0,2020-04-19T10:16:03Z,https://en.wikipedia.org/w/index.php?oldid=951876743,matched_gics
2020-04-30,SPLK,Splunk Inc.,,,,,,,,missing_gics
2020-04-30,SWKS,Skyworks Solutions,Information Technology,Semiconductors & Semiconductor Equipment,Semiconductors & Semiconductor Equipment,Semiconductors,951876743.0,2020-04-19T10:16:03Z,https://en.wikipedia.org/w/index.php?oldid=951876743,matched_gics
2020-04-30,TCOM,Trip.com Group Ltd,,,,,,,,missing_gics
2020-04-30,TEAM,Atlassian Corp,,,,,,,,missing_gics
2020-04-30,TMUS,T-Mobile US,Communication Services,Telecommunication Services,Wireless Telecommunication Services,Wireless Telecommunication Services,951876743.0,2020-04-19T10:16:03Z,https://en.wikipedia.org/w/index.php?oldid=951876743,matched_gics
2020-04-30,TSLA,"Tesla, Inc.",,,,,,,,missing_gics
2020-04-30,TTD,"Trade Desk, Inc.",,,,,,,,missing_gics
2020-04-30,TXN,Texas Instruments,Information Technology,Semiconductors & Semiconductor Equipment,Semiconductors & Semiconductor Equipment,Semiconductors,951876743.0,2020-04-19T10:16:03Z,https://en.wikipedia.org/w/index.php?oldid=951876743,matched_gics
2020-04-30,VRSK,Verisk Analytics,Industrials,Commercial & Professional Services,Professional Services,Research & Consulting Services,951876743.0,2020-04-19T10:16:03Z,https://en.wikipedia.org/w/index.php?oldid=951876743,matched_gics
2020-04-30,VRSN,Verisign Inc.,Information Technology,Software & Services,IT Services,Internet Services & Infrastructure,951876743.0,2020-04-19T10:16:03Z,https://en.wikipedia.org/w/index.php?oldid=951876743,matched_gics
2020-04-30,VRTX,Vertex Pharmaceuticals Inc,Health Care,"Pharmaceuticals, Biotechnology & Life Sciences",Biotechnology,Biotechnology,951876743.0,2020-04-19T10:16:03Z,https://en.wikipedia.org/w/index.php?oldid=951876743,matched_gics
2020-04-30,WBA,Walgreens Boots Alliance,Consumer Staples,Food & Staples Retailing,Food & Staples Retailing,Drug Retail,951876743.0,2020-04-19T10:16:03Z,https://en.wikipedia.org/w/index.php?oldid=951876743,matched_gics
2020-04-30,WDAY,"Workday, Inc.",,,,,,,,missing_gics
2020-04-30,XEL,Xcel Energy Inc,Utilities,Utilities,Multi-Utilities,Multi-Utilities,951876743.0,2020-04-19T10:16:03Z,https://en.wikipedia.org/w/index.php?oldid=951876743,matched_gics
2020-04-30,ZM,"Zoom Communications, Inc.",,,,,,,,missing_gics
2020-05-31,AAPL,Apple Inc.,Information Technology,Technology Hardware & Equipment,"Technology Hardware, Storage & Peripherals","Technology Hardware, Storage & Peripherals",959337467.0,2020-05-28T08:43:16Z,https://en.wikipedia.org/w/index.php?oldid=959337467,matched_gics
2020-05-31,ADBE,Adobe Inc.,Information Technology,Software & Services,Software,Application Software,959337467.0,2020-05-28T08:43:16Z,https://en.wikipedia.org/w/index.php?oldid=959337467,matched_gics
2020-05-31,ADI,"Analog Devices, Inc.",Information Technology,Semiconductors & Semiconductor Equipment,Semiconductors & Semiconductor Equipment,Semiconductors,959337467.0,2020-05-28T08:43:16Z,https://en.wikipedia.org/w/index.php?oldid=959337467,matched_gics
2020-05-31,ADP,Automatic Data Processing,Information Technology,Software & Services,IT Services,Internet Services & Infrastructure,959337467.0,2020-05-28T08:43:16Z,https://en.wikipedia.org/w/index.php?oldid=959337467,matched_gics
2020-05-31,ADSK,Autodesk Inc.,Information Technology,Software & Services,Software,Application Software,959337467.0,2020-05-28T08:43:16Z,https://en.wikipedia.org/w/index.php?oldid=959337467,matched_gics
2020-05-31,AEP,American Electric Power,Utilities,Utilities,Electric Utilities,Electric Utilities,959337467.0,2020-05-28T08:43:16Z,https://en.wikipedia.org/w/index.php?oldid=959337467,matched_gics
2020-05-31,ALGN,Align Technology,Health Care,Health Care Equipment & Services,Health Care Equipment & Supplies,Health Care Supplies,959337467.0,2020-05-28T08:43:16Z,https://en.wikipedia.org/w/index.php?oldid=959337467,matched_gics
2020-05-31,AMAT,Applied Materials Inc.,Information Technology,Semiconductors & Semiconductor Equipment,Semiconductors & Semiconductor Equipment,Semiconductor Equipment,959337467.0,2020-05-28T08:43:16Z,https://en.wikipedia.org/w/index.php?oldid=959337467,matched_gics
2020-05-31,AMD,Advanced Micro Devices Inc,Information Technology,Semiconductors & Semiconductor Equipment,Semiconductors & Semiconductor Equipment,Semiconductors,959337467.0,2020-05-28T08:43:16Z,https://en.wikipedia.org/w/index.php?oldid=959337467,matched_gics
2020-05-31,AMGN,Amgen Inc.,Health Care,"Pharmaceuticals, Biotechnology & Life Sciences",Biotechnology,Biotechnology,959337467.0,2020-05-28T08:43:16Z,https://en.wikipedia.org/w/index.php?oldid=959337467,matched_gics
2020-05-31,AMZN,Amazon.com Inc.,Consumer Discretionary,Retailing,Internet & Direct Marketing Retail,Internet & Direct Marketing Retail,959337467.0,2020-05-28T08:43:16Z,https://en.wikipedia.org/w/index.php?oldid=959337467,matched_gics
2020-05-31,ANSS,ANSYS,Information Technology,Software & Services,Software,Application Software,959337467.0,2020-05-28T08:43:16Z,https://en.wikipedia.org/w/index.php?oldid=959337467,matched_gics
2020-05-31,ASML,ASML HOLDING NV,,,,,,,,missing_gics
2020-05-31,AVGO,Broadcom Inc.,Information Technology,Semiconductors & Semiconductor Equipment,Semiconductors & Semiconductor Equipment,Semiconductors,959337467.0,2020-05-28T08:43:16Z,https://en.wikipedia.org/w/index.php?oldid=959337467,matched_gics
2020-05-31,AZN,ASTRAZENECA PLC,,,,,,,,missing_gics
2020-05-31,BIDU,"Baidu, Inc.",,,,,,,,missing_gics
2020-05-31,BIIB,Biogen Inc.,Health Care,"Pharmaceuticals, Biotechnology & Life Sciences",Biotechnology,Biotechnology,959337467.0,2020-05-28T08:43:16Z,https://en.wikipedia.org/w/index.php?oldid=959337467,matched_gics
2020-05-31,BKNG,Booking Holdings Inc,Consumer Discretionary,Retailing,Internet & Direct Marketing Retail,Internet & Direct Marketing Retail,959337467.0,2020-05-28T08:43:16Z,https://en.wikipedia.org/w/index.php?oldid=959337467,matched_gics
2020-05-31,CDNS,Cadence Design Systems,Information Technology,Software & Services,Software,Application Software,959337467.0,2020-05-28T08:43:16Z,https://en.wikipedia.org/w/index.php?oldid=959337467,matched_gics
2020-05-31,CDW,CDW,Information Technology,Technology Hardware & Equipment,"Electronic Equipment, Instruments & Components",Technology Distributors,959337467.0,2020-05-28T08:43:16Z,https://en.wikipedia.org/w/index.php?oldid=959337467,matched_gics
2020-05-31,CEG,Constellation Energy Corp,,,,,,,,missing_gics
2020-05-31,CERN,Cerner,Health Care,Health Care Equipment & Services,Health Care Technology,Health Care Technology,959337467.0,2020-05-28T08:43:16Z,https://en.wikipedia.org/w/index.php?oldid=959337467,matched_gics
2020-05-31,CHKP,CHECK POINT SOFTWARE TECHNOLOGIES LTD,,,,,,,,missing_gics
2020-05-31,CHTR,Charter Communications,Communication Services,Media,Media,Cable & Satellite,959337467.0,2020-05-28T08:43:16Z,https://en.wikipedia.org/w/index.php?oldid=959337467,matched_gics
2020-05-31,CMCSA,Comcast Corp.,Communication Services,Media,Media,Cable & Satellite,959337467.0,2020-05-28T08:43:16Z,https://en.wikipedia.org/w/index.php?oldid=959337467,matched_gics
2020-05-31,COST,Costco Wholesale Corp.,Consumer Staples,Food & Staples Retailing,Food & Staples Retailing,Hypermarkets & Super Centers,959337467.0,2020-05-28T08:43:16Z,https://en.wikipedia.org/w/index.php?oldid=959337467,matched_gics
2020-05-31,CPRT,Copart Inc,Industrials,Commercial & Professional Services,Commercial Services & Supplies,Diversified Support Services,959337467.0,2020-05-28T08:43:16Z,https://en.wikipedia.org/w/index.php?oldid=959337467,matched_gics
2020-05-31,CRWD,"CrowdStrike Holdings, Inc.",,,,,,,,missing_gics
2020-05-31,CSCO,Cisco Systems,Information Technology,Technology Hardware & Equipment,Communications Equipment,Communications Equipment,959337467.0,2020-05-28T08:43:16Z,https://en.wikipedia.org/w/index.php?oldid=959337467,matched_gics
2020-05-31,CSX,CSX Corp.,Industrials,Transportation,Road & Rail,Railroads,959337467.0,2020-05-28T08:43:16Z,https://en.wikipedia.org/w/index.php?oldid=959337467,matched_gics
2020-05-31,CTAS,Cintas Corporation,Industrials,Commercial & Professional Services,Commercial Services & Supplies,Diversified Support Services,959337467.0,2020-05-28T08:43:16Z,https://en.wikipedia.org/w/index.php?oldid=959337467,matched_gics
2020-05-31,CTSH,Cognizant Technology Solutions,Information Technology,Software & Services,IT Services,IT Consulting & Other Services,959337467.0,2020-05-28T08:43:16Z,https://en.wikipedia.org/w/index.php?oldid=959337467,matched_gics
2020-05-31,DLTR,Dollar Tree,Consumer Discretionary,Retailing,Multiline Retail,General Merchandise Stores,959337467.0,2020-05-28T08:43:16Z,https://en.wikipedia.org/w/index.php?oldid=959337467,matched_gics
2020-05-31,DOCU,"DOCUSIGN, INC.",,,,,,,,missing_gics
2020-05-31,DXCM,DexCom,Health Care,Health Care Equipment & Services,Health Care Equipment & Supplies,Health Care Equipment,959337467.0,2020-05-28T08:43:16Z,https://en.wikipedia.org/w/index.php?oldid=959337467,matched_gics
2020-05-31,EA,Electronic Arts,Communication Services,Media & Entertainment,Entertainment,Interactive Home Entertainment,959337467.0,2020-05-28T08:43:16Z,https://en.wikipedia.org/w/index.php?oldid=959337467,matched_gics
2020-05-31,EBAY,eBay Inc.,Consumer Discretionary,Retailing,Internet & Direct Marketing Retail,Internet & Direct Marketing Retail,959337467.0,2020-05-28T08:43:16Z,https://en.wikipedia.org/w/index.php?oldid=959337467,matched_gics
2020-05-31,ENPH,"Enphase Energy, Inc.",,,,,,,,missing_gics
2020-05-31,EXC,Exelon Corp.,Utilities,Utilities,Multi-Utilities,Multi-Utilities,959337467.0,2020-05-28T08:43:16Z,https://en.wikipedia.org/w/index.php?oldid=959337467,matched_gics
2020-05-31,FAST,Fastenal Co,Industrials,Capital Goods,Building Products,Building Products,959337467.0,2020-05-28T08:43:16Z,https://en.wikipedia.org/w/index.php?oldid=959337467,matched_gics
2020-05-31,FOX,Fox Corporation (Class B),Communication Services,Media & Entertainment,Entertainment,Movies & Entertainment,959337467.0,2020-05-28T08:43:16Z,https://en.wikipedia.org/w/index.php?oldid=959337467,matched_gics
2020-05-31,FOXA,Fox Corporation (Class A),Communication Services,Media & Entertainment,Entertainment,Movies & Entertainment,959337467.0,2020-05-28T08:43:16Z,https://en.wikipedia.org/w/index.php?oldid=959337467,matched_gics
2020-05-31,GEHC,GE HealthCare Technologies Inc.,,,,,,,,missing_gics
2020-05-31,GILD,Gilead Sciences,Health Care,"Pharmaceuticals, Biotechnology & Life Sciences",Biotechnology,Biotechnology,959337467.0,2020-05-28T08:43:16Z,https://en.wikipedia.org/w/index.php?oldid=959337467,matched_gics
2020-05-31,GOOG,Alphabet Inc. (Class C),Communication Services,Media & Entertainment,Interactive Media & Services,Interactive Media & Services,959337467.0,2020-05-28T08:43:16Z,https://en.wikipedia.org/w/index.php?oldid=959337467,matched_gics
2020-05-31,GOOGL,Alphabet Inc. (Class A),Communication Services,Media & Entertainment,Interactive Media & Services,Interactive Media & Services,959337467.0,2020-05-28T08:43:16Z,https://en.wikipedia.org/w/index.php?oldid=959337467,matched_gics
2020-05-31,HON,Honeywell Int'l Inc.,Industrials,Capital Goods,Industrial Conglomerates,Industrial Conglomerates,959337467.0,2020-05-28T08:43:16Z,https://en.wikipedia.org/w/index.php?oldid=959337467,matched_gics
2020-05-31,IDXX,IDEXX Laboratories,Health Care,Health Care Equipment & Services,Health Care Equipment & Supplies,Health Care Equipment,959337467.0,2020-05-28T08:43:16Z,https://en.wikipedia.org/w/index.php?oldid=959337467,matched_gics
2020-05-31,ILMN,Illumina Inc,Health Care,"Pharmaceuticals, Biotechnology & Life Sciences",Life Sciences Tools & Services,Life Sciences Tools & Services,959337467.0,2020-05-28T08:43:16Z,https://en.wikipedia.org/w/index.php?oldid=959337467,matched_gics
2020-05-31,INCY,Incyte,Health Care,"Pharmaceuticals, Biotechnology & Life Sciences",Biotechnology,Biotechnology,959337467.0,2020-05-28T08:43:16Z,https://en.wikipedia.org/w/index.php?oldid=959337467,matched_gics
2020-05-31,INTC,Intel Corp.,Information Technology,Semiconductors & Semiconductor Equipment,Semiconductors & Semiconductor Equipment,Semiconductors,959337467.0,2020-05-28T08:43:16Z,https://en.wikipedia.org/w/index.php?oldid=959337467,matched_gics
2020-05-31,INTU,Intuit Inc.,Information Technology,Software & Services,Software,Application Software,959337467.0,2020-05-28T08:43:16Z,https://en.wikipedia.org/w/index.php?oldid=959337467,matched_gics
2020-05-31,ISRG,Intuitive Surgical Inc.,Health Care,Health Care Equipment & Services,Health Care Equipment & Supplies,Health Care Equipment,959337467.0,2020-05-28T08:43:16Z,https://en.wikipedia.org/w/index.php?oldid=959337467,matched_gics
2020-05-31,JD,"JD.com, Inc.",,,,,,,,missing_gics
2020-05-31,KDP,Keurig Dr Pepper Inc.,,,,,,,,missing_gics
2020-05-31,KHC,Kraft Heinz Co,Consumer Staples,"Food, Beverage & Tobacco",Food Products,Packaged Foods & Meats,959337467.0,2020-05-28T08:43:16Z,https://en.wikipedia.org/w/index.php?oldid=959337467,matched_gics
2020-05-31,KLAC,KLA Corporation,Information Technology,Semiconductors & Semiconductor Equipment,Semiconductors & Semiconductor Equipment,Semiconductor Equipment,959337467.0,2020-05-28T08:43:16Z,https://en.wikipedia.org/w/index.php?oldid=959337467,matched_gics
2020-05-31,LRCX,Lam Research,Information Technology,Semiconductors & Semiconductor Equipment,Semiconductors & Semiconductor Equipment,Semiconductor Equipment,959337467.0,2020-05-28T08:43:16Z,https://en.wikipedia.org/w/index.php?oldid=959337467,matched_gics
2020-05-31,LULU,lululemon athletica inc.,,,,,,,,missing_gics
2020-05-31,MAR,Marriott Int'l.,Consumer Discretionary,Consumer Services,"Hotels, Restaurants & Leisure","Hotels, Resorts & Cruise Lines",959337467.0,2020-05-28T08:43:16Z,https://en.wikipedia.org/w/index.php?oldid=959337467,matched_gics
2020-05-31,MCHP,Microchip Technology,Information Technology,Semiconductors & Semiconductor Equipment,Semiconductors & Semiconductor Equipment,Semiconductors,959337467.0,2020-05-28T08:43:16Z,https://en.wikipedia.org/w/index.php?oldid=959337467,matched_gics
2020-05-31,MDLZ,Mondelez International,Consumer Staples,"Food, Beverage & Tobacco",Food Products,Packaged Foods & Meats,959337467.0,2020-05-28T08:43:16Z,https://en.wikipedia.org/w/index.php?oldid=959337467,matched_gics
2020-05-31,MELI,MERCADOLIBRE INC,,,,,,,,missing_gics
2020-05-31,META,"Facebook, Inc.",Communication Services,Media & Entertainment,Interactive Media & Services,Interactive Media & Services,959337467.0,2020-05-28T08:43:16Z,https://en.wikipedia.org/w/index.php?oldid=959337467|historical_ticker_alias:FB->META,matched_gics
2020-05-31,MNST,Monster Beverage,Consumer Staples,"Food, Beverage & Tobacco",Beverages,Soft Drinks,959337467.0,2020-05-28T08:43:16Z,https://en.wikipedia.org/w/index.php?oldid=959337467,matched_gics
2020-05-31,MRNA,"Moderna, Inc.",,,,,,,,missing_gics
2020-05-31,MRVL,"Marvell Technology, Inc.",,,,,,,,missing_gics
2020-05-31,MSFT,Microsoft Corp.,Information Technology,Software & Services,Software,Systems Software,959337467.0,2020-05-28T08:43:16Z,https://en.wikipedia.org/w/index.php?oldid=959337467,matched_gics
2020-05-31,MTCH,"Match Group, Inc.",,,,,,,,missing_gics
2020-05-31,MU,Micron Technology,Information Technology,Semiconductors & Semiconductor Equipment,Semiconductors & Semiconductor Equipment,Semiconductors,959337467.0,2020-05-28T08:43:16Z,https://en.wikipedia.org/w/index.php?oldid=959337467,matched_gics
2020-05-31,NFLX,Netflix Inc.,Communication Services,Media & Entertainment,Entertainment,Movies & Entertainment,959337467.0,2020-05-28T08:43:16Z,https://en.wikipedia.org/w/index.php?oldid=959337467,matched_gics
2020-05-31,NTES,"NetEase, Inc.",,,,,,,,missing_gics
2020-05-31,NVDA,Nvidia Corporation,Information Technology,Semiconductors & Semiconductor Equipment,Semiconductors & Semiconductor Equipment,Semiconductors,959337467.0,2020-05-28T08:43:16Z,https://en.wikipedia.org/w/index.php?oldid=959337467,matched_gics
2020-05-31,NXPI,NXP Semiconductors N.V.,,,,,,,,missing_gics
2020-05-31,ODFL,Old Dominion Freight Line,Industrials,Transportation,Road & Rail,Trucking,959337467.0,2020-05-28T08:43:16Z,https://en.wikipedia.org/w/index.php?oldid=959337467,matched_gics
2020-05-31,ON,ON SEMICONDUCTOR CORP,,,,,,,,missing_gics
2020-05-31,ORLY,O'Reilly Automotive,Consumer Discretionary,Retailing,Specialty Retail,Specialty Stores,959337467.0,2020-05-28T08:43:16Z,https://en.wikipedia.org/w/index.php?oldid=959337467,matched_gics
2020-05-31,PAYX,Paychex Inc.,Information Technology,Software & Services,IT Services,Data Processing & Outsourced Services,959337467.0,2020-05-28T08:43:16Z,https://en.wikipedia.org/w/index.php?oldid=959337467,matched_gics
2020-05-31,PCAR,PACCAR Inc.,Industrials,Capital Goods,Machinery,Construction Machinery & Heavy Trucks,959337467.0,2020-05-28T08:43:16Z,https://en.wikipedia.org/w/index.php?oldid=959337467,matched_gics
2020-05-31,PDD,PDD Holdings Inc.,,,,,,,,missing_gics
2020-05-31,PEP,PepsiCo Inc.,Consumer Staples,"Food, Beverage & Tobacco",Beverages,Soft Drinks,959337467.0,2020-05-28T08:43:16Z,https://en.wikipedia.org/w/index.php?oldid=959337467,matched_gics
2020-05-31,PYPL,PayPal,Information Technology,Software & Services,IT Services,Data Processing & Outsourced Services,959337467.0,2020-05-28T08:43:16Z,https://en.wikipedia.org/w/index.php?oldid=959337467,matched_gics
2020-05-31,QCOM,QUALCOMM Inc.,Information Technology,Semiconductors & Semiconductor Equipment,Semiconductors & Semiconductor Equipment,Semiconductors,959337467.0,2020-05-28T08:43:16Z,https://en.wikipedia.org/w/index.php?oldid=959337467,matched_gics
2020-05-31,REGN,Regeneron Pharmaceuticals,Health Care,"Pharmaceuticals, Biotechnology & Life Sciences",Biotechnology,Biotechnology,959337467.0,2020-05-28T08:43:16Z,https://en.wikipedia.org/w/index.php?oldid=959337467,matched_gics
2020-05-31,ROST,Ross Stores,Consumer Discretionary,Retailing,Specialty Retail,Apparel Retail,959337467.0,2020-05-28T08:43:16Z,https://en.wikipedia.org/w/index.php?oldid=959337467,matched_gics
2020-05-31,SBUX,Starbucks Corp.,Consumer Discretionary,Consumer Services,"Hotels, Restaurants & Leisure",Restaurants,959337467.0,2020-05-28T08:43:16Z,https://en.wikipedia.org/w/index.php?oldid=959337467,matched_gics
2020-05-31,SGEN,Seagen Inc.,,,,,,,,missing_gics
2020-05-31,SIRI,SIRIUS XM HOLDINGS INC.,,,,,,,,missing_gics
2020-05-31,SNPS,Synopsys Inc.,Information Technology,Software & Services,Software,Application Software,959337467.0,2020-05-28T08:43:16Z,https://en.wikipedia.org/w/index.php?oldid=959337467,matched_gics
2020-05-31,SPLK,Splunk Inc.,,,,,,,,missing_gics
2020-05-31,SWKS,Skyworks Solutions,Information Technology,Semiconductors & Semiconductor Equipment,Semiconductors & Semiconductor Equipment,Semiconductors,959337467.0,2020-05-28T08:43:16Z,https://en.wikipedia.org/w/index.php?oldid=959337467,matched_gics
2020-05-31,TCOM,Trip.com Group Ltd,,,,,,,,missing_gics
2020-05-31,TEAM,Atlassian Corp,,,,,,,,missing_gics
2020-05-31,TMUS,T-Mobile US,Communication Services,Telecommunication Services,Wireless Telecommunication Services,Wireless Telecommunication Services,959337467.0,2020-05-28T08:43:16Z,https://en.wikipedia.org/w/index.php?oldid=959337467,matched_gics
2020-05-31,TSLA,"Tesla, Inc.",,,,,,,,missing_gics
2020-05-31,TTD,"Trade Desk, Inc.",,,,,,,,missing_gics
2020-05-31,TXN,Texas Instruments,Information Technology,Semiconductors & Semiconductor Equipment,Semiconductors & Semiconductor Equipment,Semiconductors,959337467.0,2020-05-28T08:43:16Z,https://en.wikipedia.org/w/index.php?oldid=959337467,matched_gics
2020-05-31,VRSK,Verisk Analytics,Industrials,Commercial & Professional Services,Professional Services,Research & Consulting Services,959337467.0,2020-05-28T08:43:16Z,https://en.wikipedia.org/w/index.php?oldid=959337467,matched_gics
2020-05-31,VRSN,Verisign Inc.,Information Technology,Software & Services,IT Services,Internet Services & Infrastructure,959337467.0,2020-05-28T08:43:16Z,https://en.wikipedia.org/w/index.php?oldid=959337467,matched_gics
2020-05-31,VRTX,Vertex Pharmaceuticals Inc,Health Care,"Pharmaceuticals, Biotechnology & Life Sciences",Biotechnology,Biotechnology,959337467.0,2020-05-28T08:43:16Z,https://en.wikipedia.org/w/index.php?oldid=959337467,matched_gics
2020-05-31,WBA,Walgreens Boots Alliance,Consumer Staples,Food & Staples Retailing,Food & Staples Retailing,Drug Retail,959337467.0,2020-05-28T08:43:16Z,https://en.wikipedia.org/w/index.php?oldid=959337467,matched_gics
2020-05-31,WDAY,"Workday, Inc.",,,,,,,,missing_gics
2020-05-31,XEL,Xcel Energy Inc,Utilities,Utilities,Multi-Utilities,Multi-Utilities,959337467.0,2020-05-28T08:43:16Z,https://en.wikipedia.org/w/index.php?oldid=959337467,matched_gics
2020-05-31,ZM,"Zoom Communications, Inc.",,,,,,,,missing_gics
2020-06-30,AAPL,Apple Inc.,Information Technology,Technology Hardware & Equipment,"Technology Hardware, Storage & Peripherals","Technology Hardware, Storage & Peripherals",964964792.0,2020-06-28T16:52:01Z,https://en.wikipedia.org/w/index.php?oldid=964964792,matched_gics
2020-06-30,ADBE,Adobe Inc.,Information Technology,Software & Services,Software,Application Software,964964792.0,2020-06-28T16:52:01Z,https://en.wikipedia.org/w/index.php?oldid=964964792,matched_gics
2020-06-30,ADI,"Analog Devices, Inc.",Information Technology,Semiconductors & Semiconductor Equipment,Semiconductors & Semiconductor Equipment,Semiconductors,964964792.0,2020-06-28T16:52:01Z,https://en.wikipedia.org/w/index.php?oldid=964964792,matched_gics
2020-06-30,ADP,Automatic Data Processing,Information Technology,Software & Services,IT Services,Internet Services & Infrastructure,964964792.0,2020-06-28T16:52:01Z,https://en.wikipedia.org/w/index.php?oldid=964964792,matched_gics
2020-06-30,ADSK,Autodesk Inc.,Information Technology,Software & Services,Software,Application Software,964964792.0,2020-06-28T16:52:01Z,https://en.wikipedia.org/w/index.php?oldid=964964792,matched_gics
2020-06-30,AEP,American Electric Power,Utilities,Utilities,Electric Utilities,Electric Utilities,964964792.0,2020-06-28T16:52:01Z,https://en.wikipedia.org/w/index.php?oldid=964964792,matched_gics
2020-06-30,ALGN,Align Technology,Health Care,Health Care Equipment & Services,Health Care Equipment & Supplies,Health Care Supplies,964964792.0,2020-06-28T16:52:01Z,https://en.wikipedia.org/w/index.php?oldid=964964792,matched_gics
2020-06-30,AMAT,Applied Materials Inc.,Information Technology,Semiconductors & Semiconductor Equipment,Semiconductors & Semiconductor Equipment,Semiconductor Equipment,964964792.0,2020-06-28T16:52:01Z,https://en.wikipedia.org/w/index.php?oldid=964964792,matched_gics
2020-06-30,AMD,Advanced Micro Devices Inc,Information Technology,Semiconductors & Semiconductor Equipment,Semiconductors & Semiconductor Equipment,Semiconductors,964964792.0,2020-06-28T16:52:01Z,https://en.wikipedia.org/w/index.php?oldid=964964792,matched_gics
2020-06-30,AMGN,Amgen Inc.,Health Care,"Pharmaceuticals, Biotechnology & Life Sciences",Biotechnology,Biotechnology,964964792.0,2020-06-28T16:52:01Z,https://en.wikipedia.org/w/index.php?oldid=964964792,matched_gics
2020-06-30,AMZN,Amazon.com Inc.,Consumer Discretionary,Retailing,Internet & Direct Marketing Retail,Internet & Direct Marketing Retail,964964792.0,2020-06-28T16:52:01Z,https://en.wikipedia.org/w/index.php?oldid=964964792,matched_gics
2020-06-30,ANSS,ANSYS,Information Technology,Software & Services,Software,Application Software,964964792.0,2020-06-28T16:52:01Z,https://en.wikipedia.org/w/index.php?oldid=964964792,matched_gics
2020-06-30,ASML,ASML HOLDING NV,,,,,,,,missing_gics
2020-06-30,AVGO,Broadcom Inc.,Information Technology,Semiconductors & Semiconductor Equipment,Semiconductors & Semiconductor Equipment,Semiconductors,964964792.0,2020-06-28T16:52:01Z,https://en.wikipedia.org/w/index.php?oldid=964964792,matched_gics
2020-06-30,AZN,ASTRAZENECA PLC,,,,,,,,missing_gics
2020-06-30,BIDU,"Baidu, Inc.",,,,,,,,missing_gics
2020-06-30,BIIB,Biogen Inc.,Health Care,"Pharmaceuticals, Biotechnology & Life Sciences",Biotechnology,Biotechnology,964964792.0,2020-06-28T16:52:01Z,https://en.wikipedia.org/w/index.php?oldid=964964792,matched_gics
2020-06-30,BKNG,Booking Holdings Inc,Consumer Discretionary,Retailing,Internet & Direct Marketing Retail,Internet & Direct Marketing Retail,964964792.0,2020-06-28T16:52:01Z,https://en.wikipedia.org/w/index.php?oldid=964964792,matched_gics
2020-06-30,CDNS,Cadence Design Systems,Information Technology,Software & Services,Software,Application Software,964964792.0,2020-06-28T16:52:01Z,https://en.wikipedia.org/w/index.php?oldid=964964792,matched_gics
2020-06-30,CDW,CDW,Information Technology,Technology Hardware & Equipment,"Electronic Equipment, Instruments & Components",Technology Distributors,964964792.0,2020-06-28T16:52:01Z,https://en.wikipedia.org/w/index.php?oldid=964964792,matched_gics
2020-06-30,CEG,Constellation Energy Corp,,,,,,,,missing_gics
2020-06-30,CERN,Cerner,Health Care,Health Care Equipment & Services,Health Care Technology,Health Care Technology,964964792.0,2020-06-28T16:52:01Z,https://en.wikipedia.org/w/index.php?oldid=964964792,matched_gics
2020-06-30,CHKP,CHECK POINT SOFTWARE TECHNOLOGIES LTD,,,,,,,,missing_gics
2020-06-30,CHTR,Charter Communications,Communication Services,Media,Media,Cable & Satellite,964964792.0,2020-06-28T16:52:01Z,https://en.wikipedia.org/w/index.php?oldid=964964792,matched_gics
2020-06-30,CMCSA,Comcast Corp.,Communication Services,Media,Media,Cable & Satellite,964964792.0,2020-06-28T16:52:01Z,https://en.wikipedia.org/w/index.php?oldid=964964792,matched_gics
2020-06-30,COST,Costco Wholesale Corp.,Consumer Staples,Food & Staples Retailing,Food & Staples Retailing,Hypermarkets & Super Centers,964964792.0,2020-06-28T16:52:01Z,https://en.wikipedia.org/w/index.php?oldid=964964792,matched_gics
2020-06-30,CPRT,Copart Inc,Industrials,Commercial & Professional Services,Commercial Services & Supplies,Diversified Support Services,964964792.0,2020-06-28T16:52:01Z,https://en.wikipedia.org/w/index.php?oldid=964964792,matched_gics
2020-06-30,CRWD,"CrowdStrike Holdings, Inc.",,,,,,,,missing_gics
2020-06-30,CSCO,Cisco Systems,Information Technology,Technology Hardware & Equipment,Communications Equipment,Communications Equipment,964964792.0,2020-06-28T16:52:01Z,https://en.wikipedia.org/w/index.php?oldid=964964792,matched_gics
2020-06-30,CSX,CSX Corp.,Industrials,Transportation,Road & Rail,Railroads,964964792.0,2020-06-28T16:52:01Z,https://en.wikipedia.org/w/index.php?oldid=964964792,matched_gics
2020-06-30,CTAS,Cintas Corporation,Industrials,Commercial & Professional Services,Commercial Services & Supplies,Diversified Support Services,964964792.0,2020-06-28T16:52:01Z,https://en.wikipedia.org/w/index.php?oldid=964964792,matched_gics
2020-06-30,CTSH,Cognizant Technology Solutions,Information Technology,Software & Services,IT Services,IT Consulting & Other Services,964964792.0,2020-06-28T16:52:01Z,https://en.wikipedia.org/w/index.php?oldid=964964792,matched_gics
2020-06-30,DLTR,Dollar Tree,Consumer Discretionary,Retailing,Multiline Retail,General Merchandise Stores,964964792.0,2020-06-28T16:52:01Z,https://en.wikipedia.org/w/index.php?oldid=964964792,matched_gics
2020-06-30,DOCU,"DOCUSIGN, INC.",,,,,,,,missing_gics
2020-06-30,DXCM,DexCom,Health Care,Health Care Equipment & Services,Health Care Equipment & Supplies,Health Care Equipment,964964792.0,2020-06-28T16:52:01Z,https://en.wikipedia.org/w/index.php?oldid=964964792,matched_gics
2020-06-30,EA,Electronic Arts,Communication Services,Media & Entertainment,Entertainment,Interactive Home Entertainment,964964792.0,2020-06-28T16:52:01Z,https://en.wikipedia.org/w/index.php?oldid=964964792,matched_gics
2020-06-30,EBAY,eBay Inc.,Consumer Discretionary,Retailing,Internet & Direct Marketing Retail,Internet & Direct Marketing Retail,964964792.0,2020-06-28T16:52:01Z,https://en.wikipedia.org/w/index.php?oldid=964964792,matched_gics
2020-06-30,ENPH,"Enphase Energy, Inc.",,,,,,,,missing_gics
2020-06-30,EXC,Exelon Corp.,Utilities,Utilities,Multi-Utilities,Multi-Utilities,964964792.0,2020-06-28T16:52:01Z,https://en.wikipedia.org/w/index.php?oldid=964964792,matched_gics
2020-06-30,FAST,Fastenal Co,Industrials,Capital Goods,Building Products,Building Products,964964792.0,2020-06-28T16:52:01Z,https://en.wikipedia.org/w/index.php?oldid=964964792,matched_gics
2020-06-30,FOX,Fox Corporation (Class B),Communication Services,Media & Entertainment,Entertainment,Movies & Entertainment,964964792.0,2020-06-28T16:52:01Z,https://en.wikipedia.org/w/index.php?oldid=964964792,matched_gics
2020-06-30,FOXA,Fox Corporation (Class A),Communication Services,Media & Entertainment,Entertainment,Movies & Entertainment,964964792.0,2020-06-28T16:52:01Z,https://en.wikipedia.org/w/index.php?oldid=964964792,matched_gics
2020-06-30,GEHC,GE HealthCare Technologies Inc.,,,,,,,,missing_gics
2020-06-30,GILD,Gilead Sciences,Health Care,"Pharmaceuticals, Biotechnology & Life Sciences",Biotechnology,Biotechnology,964964792.0,2020-06-28T16:52:01Z,https://en.wikipedia.org/w/index.php?oldid=964964792,matched_gics
2020-06-30,GOOG,Alphabet Inc. (Class C),Communication Services,Media & Entertainment,Interactive Media & Services,Interactive Media & Services,964964792.0,2020-06-28T16:52:01Z,https://en.wikipedia.org/w/index.php?oldid=964964792,matched_gics
2020-06-30,GOOGL,Alphabet Inc. (Class A),Communication Services,Media & Entertainment,Interactive Media & Services,Interactive Media & Services,964964792.0,2020-06-28T16:52:01Z,https://en.wikipedia.org/w/index.php?oldid=964964792,matched_gics
2020-06-30,HON,Honeywell Int'l Inc.,Industrials,Capital Goods,Industrial Conglomerates,Industrial Conglomerates,964964792.0,2020-06-28T16:52:01Z,https://en.wikipedia.org/w/index.php?oldid=964964792,matched_gics
2020-06-30,IDXX,IDEXX Laboratories,Health Care,Health Care Equipment & Services,Health Care Equipment & Supplies,Health Care Equipment,964964792.0,2020-06-28T16:52:01Z,https://en.wikipedia.org/w/index.php?oldid=964964792,matched_gics
2020-06-30,ILMN,Illumina Inc,Health Care,"Pharmaceuticals, Biotechnology & Life Sciences",Life Sciences Tools & Services,Life Sciences Tools & Services,964964792.0,2020-06-28T16:52:01Z,https://en.wikipedia.org/w/index.php?oldid=964964792,matched_gics
2020-06-30,INCY,Incyte,Health Care,"Pharmaceuticals, Biotechnology & Life Sciences",Biotechnology,Biotechnology,964964792.0,2020-06-28T16:52:01Z,https://en.wikipedia.org/w/index.php?oldid=964964792,matched_gics
2020-06-30,INTC,Intel Corp.,Information Technology,Semiconductors & Semiconductor Equipment,Semiconductors & Semiconductor Equipment,Semiconductors,964964792.0,2020-06-28T16:52:01Z,https://en.wikipedia.org/w/index.php?oldid=964964792,matched_gics
2020-06-30,INTU,Intuit Inc.,Information Technology,Software & Services,Software,Application Software,964964792.0,2020-06-28T16:52:01Z,https://en.wikipedia.org/w/index.php?oldid=964964792,matched_gics
2020-06-30,ISRG,Intuitive Surgical Inc.,Health Care,Health Care Equipment & Services,Health Care Equipment & Supplies,Health Care Equipment,964964792.0,2020-06-28T16:52:01Z,https://en.wikipedia.org/w/index.php?oldid=964964792,matched_gics
2020-06-30,JD,"JD.com, Inc.",,,,,,,,missing_gics
2020-06-30,KDP,Keurig Dr Pepper Inc.,,,,,,,,missing_gics
2020-06-30,KHC,Kraft Heinz Co,Consumer Staples,"Food, Beverage & Tobacco",Food Products,Packaged Foods & Meats,964964792.0,2020-06-28T16:52:01Z,https://en.wikipedia.org/w/index.php?oldid=964964792,matched_gics
2020-06-30,KLAC,KLA Corporation,Information Technology,Semiconductors & Semiconductor Equipment,Semiconductors & Semiconductor Equipment,Semiconductor Equipment,964964792.0,2020-06-28T16:52:01Z,https://en.wikipedia.org/w/index.php?oldid=964964792,matched_gics
2020-06-30,LRCX,Lam Research,Information Technology,Semiconductors & Semiconductor Equipment,Semiconductors & Semiconductor Equipment,Semiconductor Equipment,964964792.0,2020-06-28T16:52:01Z,https://en.wikipedia.org/w/index.php?oldid=964964792,matched_gics
2020-06-30,LULU,lululemon athletica inc.,,,,,,,,missing_gics
2020-06-30,MAR,Marriott Int'l.,Consumer Discretionary,Consumer Services,"Hotels, Restaurants & Leisure","Hotels, Resorts & Cruise Lines",964964792.0,2020-06-28T16:52:01Z,https://en.wikipedia.org/w/index.php?oldid=964964792,matched_gics
2020-06-30,MCHP,Microchip Technology,Information Technology,Semiconductors & Semiconductor Equipment,Semiconductors & Semiconductor Equipment,Semiconductors,964964792.0,2020-06-28T16:52:01Z,https://en.wikipedia.org/w/index.php?oldid=964964792,matched_gics
2020-06-30,MDLZ,Mondelez International,Consumer Staples,"Food, Beverage & Tobacco",Food Products,Packaged Foods & Meats,964964792.0,2020-06-28T16:52:01Z,https://en.wikipedia.org/w/index.php?oldid=964964792,matched_gics
2020-06-30,MELI,MERCADOLIBRE INC,,,,,,,,missing_gics
2020-06-30,META,"Facebook, Inc.",Communication Services,Media & Entertainment,Interactive Media & Services,Interactive Media & Services,964964792.0,2020-06-28T16:52:01Z,https://en.wikipedia.org/w/index.php?oldid=964964792|historical_ticker_alias:FB->META,matched_gics
2020-06-30,MNST,Monster Beverage,Consumer Staples,"Food, Beverage & Tobacco",Beverages,Soft Drinks,964964792.0,2020-06-28T16:52:01Z,https://en.wikipedia.org/w/index.php?oldid=964964792,matched_gics
2020-06-30,MRNA,"Moderna, Inc.",,,,,,,,missing_gics
2020-06-30,MRVL,"Marvell Technology, Inc.",,,,,,,,missing_gics
2020-06-30,MSFT,Microsoft Corp.,Information Technology,Software & Services,Software,Systems Software,964964792.0,2020-06-28T16:52:01Z,https://en.wikipedia.org/w/index.php?oldid=964964792,matched_gics
2020-06-30,MTCH,"Match Group, Inc.",,,,,,,,missing_gics
2020-06-30,MU,Micron Technology,Information Technology,Semiconductors & Semiconductor Equipment,Semiconductors & Semiconductor Equipment,Semiconductors,964964792.0,2020-06-28T16:52:01Z,https://en.wikipedia.org/w/index.php?oldid=964964792,matched_gics
2020-06-30,NFLX,Netflix Inc.,Communication Services,Media & Entertainment,Entertainment,Movies & Entertainment,964964792.0,2020-06-28T16:52:01Z,https://en.wikipedia.org/w/index.php?oldid=964964792,matched_gics
2020-06-30,NTES,"NetEase, Inc.",,,,,,,,missing_gics
2020-06-30,NVDA,Nvidia Corporation,Information Technology,Semiconductors & Semiconductor Equipment,Semiconductors & Semiconductor Equipment,Semiconductors,964964792.0,2020-06-28T16:52:01Z,https://en.wikipedia.org/w/index.php?oldid=964964792,matched_gics
2020-06-30,NXPI,NXP Semiconductors N.V.,,,,,,,,missing_gics
2020-06-30,ODFL,Old Dominion Freight Line,Industrials,Transportation,Road & Rail,Trucking,964964792.0,2020-06-28T16:52:01Z,https://en.wikipedia.org/w/index.php?oldid=964964792,matched_gics
2020-06-30,ON,ON SEMICONDUCTOR CORP,,,,,,,,missing_gics
2020-06-30,ORLY,O'Reilly Automotive,Consumer Discretionary,Retailing,Specialty Retail,Specialty Stores,964964792.0,2020-06-28T16:52:01Z,https://en.wikipedia.org/w/index.php?oldid=964964792,matched_gics
2020-06-30,PAYX,Paychex Inc.,Information Technology,Software & Services,IT Services,Data Processing & Outsourced Services,964964792.0,2020-06-28T16:52:01Z,https://en.wikipedia.org/w/index.php?oldid=964964792,matched_gics
2020-06-30,PCAR,PACCAR Inc.,Industrials,Capital Goods,Machinery,Construction Machinery & Heavy Trucks,964964792.0,2020-06-28T16:52:01Z,https://en.wikipedia.org/w/index.php?oldid=964964792,matched_gics
2020-06-30,PDD,PDD Holdings Inc.,,,,,,,,missing_gics
2020-06-30,PEP,PepsiCo Inc.,Consumer Staples,"Food, Beverage & Tobacco",Beverages,Soft Drinks,964964792.0,2020-06-28T16:52:01Z,https://en.wikipedia.org/w/index.php?oldid=964964792,matched_gics
2020-06-30,PYPL,PayPal,Information Technology,Software & Services,IT Services,Data Processing & Outsourced Services,964964792.0,2020-06-28T16:52:01Z,https://en.wikipedia.org/w/index.php?oldid=964964792,matched_gics
2020-06-30,QCOM,QUALCOMM Inc.,Information Technology,Semiconductors & Semiconductor Equipment,Semiconductors & Semiconductor Equipment,Semiconductors,964964792.0,2020-06-28T16:52:01Z,https://en.wikipedia.org/w/index.php?oldid=964964792,matched_gics
2020-06-30,REGN,Regeneron Pharmaceuticals,Health Care,"Pharmaceuticals, Biotechnology & Life Sciences",Biotechnology,Biotechnology,964964792.0,2020-06-28T16:52:01Z,https://en.wikipedia.org/w/index.php?oldid=964964792,matched_gics
2020-06-30,ROST,Ross Stores,Consumer Discretionary,Retailing,Specialty Retail,Apparel Retail,964964792.0,2020-06-28T16:52:01Z,https://en.wikipedia.org/w/index.php?oldid=964964792,matched_gics
2020-06-30,SBUX,Starbucks Corp.,Consumer Discretionary,Consumer Services,"Hotels, Restaurants & Leisure",Restaurants,964964792.0,2020-06-28T16:52:01Z,https://en.wikipedia.org/w/index.php?oldid=964964792,matched_gics
2020-06-30,SGEN,Seagen Inc.,,,,,,,,missing_gics
2020-06-30,SIRI,SIRIUS XM HOLDINGS INC.,,,,,,,,missing_gics
2020-06-30,SNPS,Synopsys Inc.,Information Technology,Software & Services,Software,Application Software,964964792.0,2020-06-28T16:52:01Z,https://en.wikipedia.org/w/index.php?oldid=964964792,matched_gics
2020-06-30,SPLK,Splunk Inc.,,,,,,,,missing_gics
2020-06-30,SWKS,Skyworks Solutions,Information Technology,Semiconductors & Semiconductor Equipment,Semiconductors & Semiconductor Equipment,Semiconductors,964964792.0,2020-06-28T16:52:01Z,https://en.wikipedia.org/w/index.php?oldid=964964792,matched_gics
2020-06-30,TCOM,Trip.com Group Ltd,,,,,,,,missing_gics
2020-06-30,TEAM,Atlassian Corp,,,,,,,,missing_gics
2020-06-30,TMUS,T-Mobile US,Communication Services,Telecommunication Services,Wireless Telecommunication Services,Wireless Telecommunication Services,964964792.0,2020-06-28T16:52:01Z,https://en.wikipedia.org/w/index.php?oldid=964964792,matched_gics
2020-06-30,TSLA,"Tesla, Inc.",,,,,,,,missing_gics
2020-06-30,TTD,"Trade Desk, Inc.",,,,,,,,missing_gics
2020-06-30,TXN,Texas Instruments,Information Technology,Semiconductors & Semiconductor Equipment,Semiconductors & Semiconductor Equipment,Semiconductors,964964792.0,2020-06-28T16:52:01Z,https://en.wikipedia.org/w/index.php?oldid=964964792,matched_gics
2020-06-30,VRSK,Verisk Analytics,Industrials,Commercial & Professional Services,Professional Services,Research & Consulting Services,964964792.0,2020-06-28T16:52:01Z,https://en.wikipedia.org/w/index.php?oldid=964964792,matched_gics
2020-06-30,VRSN,Verisign Inc.,Information Technology,Software & Services,IT Services,Internet Services & Infrastructure,964964792.0,2020-06-28T16:52:01Z,https://en.wikipedia.org/w/index.php?oldid=964964792,matched_gics
2020-06-30,VRTX,Vertex Pharmaceuticals Inc,Health Care,"Pharmaceuticals, Biotechnology & Life Sciences",Biotechnology,Biotechnology,964964792.0,2020-06-28T16:52:01Z,https://en.wikipedia.org/w/index.php?oldid=964964792,matched_gics
2020-06-30,WBA,Walgreens Boots Alliance,Consumer Staples,Food & Staples Retailing,Food & Staples Retailing,Drug Retail,964964792.0,2020-06-28T16:52:01Z,https://en.wikipedia.org/w/index.php?oldid=964964792,matched_gics
2020-06-30,WDAY,"Workday, Inc.",,,,,,,,missing_gics
2020-06-30,XEL,Xcel Energy Inc,Utilities,Utilities,Multi-Utilities,Multi-Utilities,964964792.0,2020-06-28T16:52:01Z,https://en.wikipedia.org/w/index.php?oldid=964964792,matched_gics
2020-06-30,ZM,"Zoom Communications, Inc.",,,,,,,,missing_gics
2020-07-31,AAPL,Apple Inc.,Information Technology,Technology Hardware & Equipment,"Technology Hardware, Storage & Peripherals","Technology Hardware, Storage & Peripherals",970059090.0,2020-07-29T00:25:04Z,https://en.wikipedia.org/w/index.php?oldid=970059090,matched_gics
2020-07-31,ADBE,Adobe Inc.,Information Technology,Software & Services,Software,Application Software,970059090.0,2020-07-29T00:25:04Z,https://en.wikipedia.org/w/index.php?oldid=970059090,matched_gics
2020-07-31,ADI,"Analog Devices, Inc.",Information Technology,Semiconductors & Semiconductor Equipment,Semiconductors & Semiconductor Equipment,Semiconductors,970059090.0,2020-07-29T00:25:04Z,https://en.wikipedia.org/w/index.php?oldid=970059090,matched_gics
2020-07-31,ADP,Automatic Data Processing,Information Technology,Software & Services,IT Services,Internet Services & Infrastructure,970059090.0,2020-07-29T00:25:04Z,https://en.wikipedia.org/w/index.php?oldid=970059090,matched_gics
2020-07-31,ADSK,Autodesk Inc.,Information Technology,Software & Services,Software,Application Software,970059090.0,2020-07-29T00:25:04Z,https://en.wikipedia.org/w/index.php?oldid=970059090,matched_gics
2020-07-31,AEP,American Electric Power,Utilities,Utilities,Electric Utilities,Electric Utilities,970059090.0,2020-07-29T00:25:04Z,https://en.wikipedia.org/w/index.php?oldid=970059090,matched_gics
2020-07-31,ALGN,Align Technology,Health Care,Health Care Equipment & Services,Health Care Equipment & Supplies,Health Care Supplies,970059090.0,2020-07-29T00:25:04Z,https://en.wikipedia.org/w/index.php?oldid=970059090,matched_gics
2020-07-31,AMAT,Applied Materials Inc.,Information Technology,Semiconductors & Semiconductor Equipment,Semiconductors & Semiconductor Equipment,Semiconductor Equipment,970059090.0,2020-07-29T00:25:04Z,https://en.wikipedia.org/w/index.php?oldid=970059090,matched_gics
2020-07-31,AMD,Advanced Micro Devices Inc,Information Technology,Semiconductors & Semiconductor Equipment,Semiconductors & Semiconductor Equipment,Semiconductors,970059090.0,2020-07-29T00:25:04Z,https://en.wikipedia.org/w/index.php?oldid=970059090,matched_gics
2020-07-31,AMGN,Amgen Inc.,Health Care,"Pharmaceuticals, Biotechnology & Life Sciences",Biotechnology,Biotechnology,970059090.0,2020-07-29T00:25:04Z,https://en.wikipedia.org/w/index.php?oldid=970059090,matched_gics
2020-07-31,AMZN,Amazon.com Inc.,Consumer Discretionary,Retailing,Internet & Direct Marketing Retail,Internet & Direct Marketing Retail,970059090.0,2020-07-29T00:25:04Z,https://en.wikipedia.org/w/index.php?oldid=970059090,matched_gics
2020-07-31,ANSS,ANSYS,Information Technology,Software & Services,Software,Application Software,970059090.0,2020-07-29T00:25:04Z,https://en.wikipedia.org/w/index.php?oldid=970059090,matched_gics
2020-07-31,ASML,ASML HOLDING NV,,,,,,,,missing_gics
2020-07-31,AVGO,Broadcom Inc.,Information Technology,Semiconductors & Semiconductor Equipment,Semiconductors & Semiconductor Equipment,Semiconductors,970059090.0,2020-07-29T00:25:04Z,https://en.wikipedia.org/w/index.php?oldid=970059090,matched_gics
2020-07-31,AZN,ASTRAZENECA PLC,,,,,,,,missing_gics
2020-07-31,BIDU,"Baidu, Inc.",,,,,,,,missing_gics
2020-07-31,BIIB,Biogen Inc.,Health Care,"Pharmaceuticals, Biotechnology & Life Sciences",Biotechnology,Biotechnology,970059090.0,2020-07-29T00:25:04Z,https://en.wikipedia.org/w/index.php?oldid=970059090,matched_gics
2020-07-31,BKNG,Booking Holdings Inc,Consumer Discretionary,Retailing,Internet & Direct Marketing Retail,Internet & Direct Marketing Retail,970059090.0,2020-07-29T00:25:04Z,https://en.wikipedia.org/w/index.php?oldid=970059090,matched_gics
2020-07-31,CDNS,Cadence Design Systems,Information Technology,Software & Services,Software,Application Software,970059090.0,2020-07-29T00:25:04Z,https://en.wikipedia.org/w/index.php?oldid=970059090,matched_gics
2020-07-31,CDW,CDW,Information Technology,Technology Hardware & Equipment,"Electronic Equipment, Instruments & Components",Technology Distributors,970059090.0,2020-07-29T00:25:04Z,https://en.wikipedia.org/w/index.php?oldid=970059090,matched_gics
2020-07-31,CEG,Constellation Energy Corp,,,,,,,,missing_gics
2020-07-31,CERN,Cerner,Health Care,Health Care Equipment & Services,Health Care Technology,Health Care Technology,970059090.0,2020-07-29T00:25:04Z,https://en.wikipedia.org/w/index.php?oldid=970059090,matched_gics
2020-07-31,CHKP,CHECK POINT SOFTWARE TECHNOLOGIES LTD,,,,,,,,missing_gics
2020-07-31,CHTR,Charter Communications,Communication Services,Media,Media,Cable & Satellite,970059090.0,2020-07-29T00:25:04Z,https://en.wikipedia.org/w/index.php?oldid=970059090,matched_gics
2020-07-31,CMCSA,Comcast Corp.,Communication Services,Media,Media,Cable & Satellite,970059090.0,2020-07-29T00:25:04Z,https://en.wikipedia.org/w/index.php?oldid=970059090,matched_gics
2020-07-31,COST,Costco Wholesale Corp.,Consumer Staples,Food & Staples Retailing,Food & Staples Retailing,Hypermarkets & Super Centers,970059090.0,2020-07-29T00:25:04Z,https://en.wikipedia.org/w/index.php?oldid=970059090,matched_gics
2020-07-31,CPRT,Copart Inc,Industrials,Commercial & Professional Services,Commercial Services & Supplies,Diversified Support Services,970059090.0,2020-07-29T00:25:04Z,https://en.wikipedia.org/w/index.php?oldid=970059090,matched_gics
2020-07-31,CRWD,"CrowdStrike Holdings, Inc.",,,,,,,,missing_gics
2020-07-31,CSCO,Cisco Systems,Information Technology,Technology Hardware & Equipment,Communications Equipment,Communications Equipment,970059090.0,2020-07-29T00:25:04Z,https://en.wikipedia.org/w/index.php?oldid=970059090,matched_gics
2020-07-31,CSX,CSX Corp.,Industrials,Transportation,Road & Rail,Railroads,970059090.0,2020-07-29T00:25:04Z,https://en.wikipedia.org/w/index.php?oldid=970059090,matched_gics
2020-07-31,CTAS,Cintas Corporation,Industrials,Commercial & Professional Services,Commercial Services & Supplies,Diversified Support Services,970059090.0,2020-07-29T00:25:04Z,https://en.wikipedia.org/w/index.php?oldid=970059090,matched_gics
2020-07-31,CTSH,Cognizant Technology Solutions,Information Technology,Software & Services,IT Services,IT Consulting & Other Services,970059090.0,2020-07-29T00:25:04Z,https://en.wikipedia.org/w/index.php?oldid=970059090,matched_gics
2020-07-31,DLTR,Dollar Tree,Consumer Discretionary,Retailing,Multiline Retail,General Merchandise Stores,970059090.0,2020-07-29T00:25:04Z,https://en.wikipedia.org/w/index.php?oldid=970059090,matched_gics
2020-07-31,DOCU,"DOCUSIGN, INC.",,,,,,,,missing_gics
2020-07-31,DXCM,DexCom,Health Care,Health Care Equipment & Services,Health Care Equipment & Supplies,Health Care Equipment,970059090.0,2020-07-29T00:25:04Z,https://en.wikipedia.org/w/index.php?oldid=970059090,matched_gics
2020-07-31,EA,Electronic Arts,Communication Services,Media & Entertainment,Entertainment,Interactive Home Entertainment,970059090.0,2020-07-29T00:25:04Z,https://en.wikipedia.org/w/index.php?oldid=970059090,matched_gics
2020-07-31,EBAY,eBay Inc.,Consumer Discretionary,Retailing,Internet & Direct Marketing Retail,Internet & Direct Marketing Retail,970059090.0,2020-07-29T00:25:04Z,https://en.wikipedia.org/w/index.php?oldid=970059090,matched_gics
2020-07-31,ENPH,"Enphase Energy, Inc.",,,,,,,,missing_gics
2020-07-31,EXC,Exelon Corp.,Utilities,Utilities,Multi-Utilities,Multi-Utilities,970059090.0,2020-07-29T00:25:04Z,https://en.wikipedia.org/w/index.php?oldid=970059090,matched_gics
2020-07-31,FAST,Fastenal Co,Industrials,Capital Goods,Building Products,Building Products,970059090.0,2020-07-29T00:25:04Z,https://en.wikipedia.org/w/index.php?oldid=970059090,matched_gics
2020-07-31,FOX,Fox Corporation (Class B),Communication Services,Media & Entertainment,Entertainment,Movies & Entertainment,970059090.0,2020-07-29T00:25:04Z,https://en.wikipedia.org/w/index.php?oldid=970059090,matched_gics
2020-07-31,FOXA,Fox Corporation (Class A),Communication Services,Media & Entertainment,Entertainment,Movies & Entertainment,970059090.0,2020-07-29T00:25:04Z,https://en.wikipedia.org/w/index.php?oldid=970059090,matched_gics
2020-07-31,GEHC,GE HealthCare Technologies Inc.,,,,,,,,missing_gics
2020-07-31,GILD,Gilead Sciences,Health Care,"Pharmaceuticals, Biotechnology & Life Sciences",Biotechnology,Biotechnology,970059090.0,2020-07-29T00:25:04Z,https://en.wikipedia.org/w/index.php?oldid=970059090,matched_gics
2020-07-31,GOOG,Alphabet Inc. (Class C),Communication Services,Media & Entertainment,Interactive Media & Services,Interactive Media & Services,970059090.0,2020-07-29T00:25:04Z,https://en.wikipedia.org/w/index.php?oldid=970059090,matched_gics
2020-07-31,GOOGL,Alphabet Inc. (Class A),Communication Services,Media & Entertainment,Interactive Media & Services,Interactive Media & Services,970059090.0,2020-07-29T00:25:04Z,https://en.wikipedia.org/w/index.php?oldid=970059090,matched_gics
2020-07-31,HON,Honeywell Int'l Inc.,Industrials,Capital Goods,Industrial Conglomerates,Industrial Conglomerates,970059090.0,2020-07-29T00:25:04Z,https://en.wikipedia.org/w/index.php?oldid=970059090,matched_gics
2020-07-31,IDXX,IDEXX Laboratories,Health Care,Health Care Equipment & Services,Health Care Equipment & Supplies,Health Care Equipment,970059090.0,2020-07-29T00:25:04Z,https://en.wikipedia.org/w/index.php?oldid=970059090,matched_gics
2020-07-31,ILMN,Illumina Inc,Health Care,"Pharmaceuticals, Biotechnology & Life Sciences",Life Sciences Tools & Services,Life Sciences Tools & Services,970059090.0,2020-07-29T00:25:04Z,https://en.wikipedia.org/w/index.php?oldid=970059090,matched_gics
2020-07-31,INCY,Incyte,Health Care,"Pharmaceuticals, Biotechnology & Life Sciences",Biotechnology,Biotechnology,970059090.0,2020-07-29T00:25:04Z,https://en.wikipedia.org/w/index.php?oldid=970059090,matched_gics
2020-07-31,INTC,Intel Corp.,Information Technology,Semiconductors & Semiconductor Equipment,Semiconductors & Semiconductor Equipment,Semiconductors,970059090.0,2020-07-29T00:25:04Z,https://en.wikipedia.org/w/index.php?oldid=970059090,matched_gics
2020-07-31,INTU,Intuit Inc.,Information Technology,Software & Services,Software,Application Software,970059090.0,2020-07-29T00:25:04Z,https://en.wikipedia.org/w/index.php?oldid=970059090,matched_gics
2020-07-31,ISRG,Intuitive Surgical Inc.,Health Care,Health Care Equipment & Services,Health Care Equipment & Supplies,Health Care Equipment,970059090.0,2020-07-29T00:25:04Z,https://en.wikipedia.org/w/index.php?oldid=970059090,matched_gics
2020-07-31,JD,"JD.com, Inc.",,,,,,,,missing_gics
2020-07-31,KDP,Keurig Dr Pepper Inc.,,,,,,,,missing_gics
2020-07-31,KHC,Kraft Heinz Co,Consumer Staples,"Food, Beverage & Tobacco",Food Products,Packaged Foods & Meats,970059090.0,2020-07-29T00:25:04Z,https://en.wikipedia.org/w/index.php?oldid=970059090,matched_gics
2020-07-31,KLAC,KLA Corporation,Information Technology,Semiconductors & Semiconductor Equipment,Semiconductors & Semiconductor Equipment,Semiconductor Equipment,970059090.0,2020-07-29T00:25:04Z,https://en.wikipedia.org/w/index.php?oldid=970059090,matched_gics
2020-07-31,LRCX,Lam Research,Information Technology,Semiconductors & Semiconductor Equipment,Semiconductors & Semiconductor Equipment,Semiconductor Equipment,970059090.0,2020-07-29T00:25:04Z,https://en.wikipedia.org/w/index.php?oldid=970059090,matched_gics
2020-07-31,LULU,lululemon athletica inc.,,,,,,,,missing_gics
2020-07-31,MAR,Marriott Int'l.,Consumer Discretionary,Consumer Services,"Hotels, Restaurants & Leisure","Hotels, Resorts & Cruise Lines",970059090.0,2020-07-29T00:25:04Z,https://en.wikipedia.org/w/index.php?oldid=970059090,matched_gics
2020-07-31,MCHP,Microchip Technology,Information Technology,Semiconductors & Semiconductor Equipment,Semiconductors & Semiconductor Equipment,Semiconductors,970059090.0,2020-07-29T00:25:04Z,https://en.wikipedia.org/w/index.php?oldid=970059090,matched_gics
2020-07-31,MDLZ,Mondelez International,Consumer Staples,"Food, Beverage & Tobacco",Food Products,Packaged Foods & Meats,970059090.0,2020-07-29T00:25:04Z,https://en.wikipedia.org/w/index.php?oldid=970059090,matched_gics
2020-07-31,MELI,MERCADOLIBRE INC,,,,,,,,missing_gics
2020-07-31,META,"Facebook, Inc.",Communication Services,Media & Entertainment,Interactive Media & Services,Interactive Media & Services,970059090.0,2020-07-29T00:25:04Z,https://en.wikipedia.org/w/index.php?oldid=970059090|historical_ticker_alias:FB->META,matched_gics
2020-07-31,MNST,Monster Beverage,Consumer Staples,"Food, Beverage & Tobacco",Beverages,Soft Drinks,970059090.0,2020-07-29T00:25:04Z,https://en.wikipedia.org/w/index.php?oldid=970059090,matched_gics
2020-07-31,MRNA,"Moderna, Inc.",,,,,,,,missing_gics
2020-07-31,MRVL,"Marvell Technology, Inc.",,,,,,,,missing_gics
2020-07-31,MSFT,Microsoft Corp.,Information Technology,Software & Services,Software,Systems Software,970059090.0,2020-07-29T00:25:04Z,https://en.wikipedia.org/w/index.php?oldid=970059090,matched_gics
2020-07-31,MTCH,"Match Group, Inc.",,,,,,,,missing_gics
2020-07-31,MU,Micron Technology,Information Technology,Semiconductors & Semiconductor Equipment,Semiconductors & Semiconductor Equipment,Semiconductors,970059090.0,2020-07-29T00:25:04Z,https://en.wikipedia.org/w/index.php?oldid=970059090,matched_gics
2020-07-31,NFLX,Netflix Inc.,Communication Services,Media & Entertainment,Entertainment,Movies & Entertainment,970059090.0,2020-07-29T00:25:04Z,https://en.wikipedia.org/w/index.php?oldid=970059090,matched_gics
2020-07-31,NTES,"NetEase, Inc.",,,,,,,,missing_gics
2020-07-31,NVDA,Nvidia Corporation,Information Technology,Semiconductors & Semiconductor Equipment,Semiconductors & Semiconductor Equipment,Semiconductors,970059090.0,2020-07-29T00:25:04Z,https://en.wikipedia.org/w/index.php?oldid=970059090,matched_gics
2020-07-31,NXPI,NXP Semiconductors N.V.,,,,,,,,missing_gics
2020-07-31,ODFL,Old Dominion Freight Line,Industrials,Transportation,Road & Rail,Trucking,970059090.0,2020-07-29T00:25:04Z,https://en.wikipedia.org/w/index.php?oldid=970059090,matched_gics
2020-07-31,ON,ON SEMICONDUCTOR CORP,,,,,,,,missing_gics
2020-07-31,ORLY,O'Reilly Automotive,Consumer Discretionary,Retailing,Specialty Retail,Specialty Stores,970059090.0,2020-07-29T00:25:04Z,https://en.wikipedia.org/w/index.php?oldid=970059090,matched_gics
2020-07-31,PAYX,Paychex Inc.,Information Technology,Software & Services,IT Services,Data Processing & Outsourced Services,970059090.0,2020-07-29T00:25:04Z,https://en.wikipedia.org/w/index.php?oldid=970059090,matched_gics
2020-07-31,PCAR,PACCAR Inc.,Industrials,Capital Goods,Machinery,Construction Machinery & Heavy Trucks,970059090.0,2020-07-29T00:25:04Z,https://en.wikipedia.org/w/index.php?oldid=970059090,matched_gics
2020-07-31,PDD,PDD Holdings Inc.,,,,,,,,missing_gics
2020-07-31,PEP,PepsiCo Inc.,Consumer Staples,"Food, Beverage & Tobacco",Beverages,Soft Drinks,970059090.0,2020-07-29T00:25:04Z,https://en.wikipedia.org/w/index.php?oldid=970059090,matched_gics
2020-07-31,PYPL,PayPal,Information Technology,Software & Services,IT Services,Data Processing & Outsourced Services,970059090.0,2020-07-29T00:25:04Z,https://en.wikipedia.org/w/index.php?oldid=970059090,matched_gics
2020-07-31,QCOM,QUALCOMM Inc.,Information Technology,Semiconductors & Semiconductor Equipment,Semiconductors & Semiconductor Equipment,Semiconductors,970059090.0,2020-07-29T00:25:04Z,https://en.wikipedia.org/w/index.php?oldid=970059090,matched_gics
2020-07-31,REGN,Regeneron Pharmaceuticals,Health Care,"Pharmaceuticals, Biotechnology & Life Sciences",Biotechnology,Biotechnology,970059090.0,2020-07-29T00:25:04Z,https://en.wikipedia.org/w/index.php?oldid=970059090,matched_gics
2020-07-31,ROST,Ross Stores,Consumer Discretionary,Retailing,Specialty Retail,Apparel Retail,970059090.0,2020-07-29T00:25:04Z,https://en.wikipedia.org/w/index.php?oldid=970059090,matched_gics
2020-07-31,SBUX,Starbucks Corp.,Consumer Discretionary,Consumer Services,"Hotels, Restaurants & Leisure",Restaurants,970059090.0,2020-07-29T00:25:04Z,https://en.wikipedia.org/w/index.php?oldid=970059090,matched_gics
2020-07-31,SGEN,Seagen Inc.,,,,,,,,missing_gics
2020-07-31,SIRI,SIRIUS XM HOLDINGS INC.,,,,,,,,missing_gics
2020-07-31,SNPS,Synopsys Inc.,Information Technology,Software & Services,Software,Application Software,970059090.0,2020-07-29T00:25:04Z,https://en.wikipedia.org/w/index.php?oldid=970059090,matched_gics
2020-07-31,SPLK,Splunk Inc.,,,,,,,,missing_gics
2020-07-31,SWKS,Skyworks Solutions,Information Technology,Semiconductors & Semiconductor Equipment,Semiconductors & Semiconductor Equipment,Semiconductors,970059090.0,2020-07-29T00:25:04Z,https://en.wikipedia.org/w/index.php?oldid=970059090,matched_gics
2020-07-31,TCOM,Trip.com Group Ltd,,,,,,,,missing_gics
2020-07-31,TEAM,Atlassian Corp,,,,,,,,missing_gics
2020-07-31,TMUS,T-Mobile US,Communication Services,Telecommunication Services,Wireless Telecommunication Services,Wireless Telecommunication Services,970059090.0,2020-07-29T00:25:04Z,https://en.wikipedia.org/w/index.php?oldid=970059090,matched_gics
2020-07-31,TSLA,"Tesla, Inc.",,,,,,,,missing_gics
2020-07-31,TTD,"Trade Desk, Inc.",,,,,,,,missing_gics
2020-07-31,TXN,Texas Instruments,Information Technology,Semiconductors & Semiconductor Equipment,Semiconductors & Semiconductor Equipment,Semiconductors,970059090.0,2020-07-29T00:25:04Z,https://en.wikipedia.org/w/index.php?oldid=970059090,matched_gics
2020-07-31,VRSK,Verisk Analytics,Industrials,Commercial & Professional Services,Professional Services,Research & Consulting Services,970059090.0,2020-07-29T00:25:04Z,https://en.wikipedia.org/w/index.php?oldid=970059090,matched_gics
2020-07-31,VRSN,Verisign Inc.,Information Technology,Software & Services,IT Services,Internet Services & Infrastructure,970059090.0,2020-07-29T00:25:04Z,https://en.wikipedia.org/w/index.php?oldid=970059090,matched_gics
2020-07-31,VRTX,Vertex Pharmaceuticals Inc,Health Care,"Pharmaceuticals, Biotechnology & Life Sciences",Biotechnology,Biotechnology,970059090.0,2020-07-29T00:25:04Z,https://en.wikipedia.org/w/index.php?oldid=970059090,matched_gics
2020-07-31,WBA,Walgreens Boots Alliance,Consumer Staples,Food & Staples Retailing,Food & Staples Retailing,Drug Retail,970059090.0,2020-07-29T00:25:04Z,https://en.wikipedia.org/w/index.php?oldid=970059090,matched_gics
2020-07-31,WDAY,"Workday, Inc.",,,,,,,,missing_gics
2020-07-31,XEL,Xcel Energy Inc,Utilities,Utilities,Multi-Utilities,Multi-Utilities,970059090.0,2020-07-29T00:25:04Z,https://en.wikipedia.org/w/index.php?oldid=970059090,matched_gics
2020-07-31,ZM,"Zoom Communications, Inc.",,,,,,,,missing_gics
2020-08-31,AAPL,Apple Inc.,Information Technology,Technology Hardware & Equipment,"Technology Hardware, Storage & Peripherals","Technology Hardware, Storage & Peripherals",975804880.0,2020-08-30T14:31:05Z,https://en.wikipedia.org/w/index.php?oldid=975804880,matched_gics
2020-08-31,ADBE,Adobe Inc.,Information Technology,Software & Services,Software,Application Software,975804880.0,2020-08-30T14:31:05Z,https://en.wikipedia.org/w/index.php?oldid=975804880,matched_gics
2020-08-31,ADI,"Analog Devices, Inc.",Information Technology,Semiconductors & Semiconductor Equipment,Semiconductors & Semiconductor Equipment,Semiconductors,975804880.0,2020-08-30T14:31:05Z,https://en.wikipedia.org/w/index.php?oldid=975804880,matched_gics
2020-08-31,ADP,Automatic Data Processing,Information Technology,Software & Services,IT Services,Internet Services & Infrastructure,975804880.0,2020-08-30T14:31:05Z,https://en.wikipedia.org/w/index.php?oldid=975804880,matched_gics
2020-08-31,ADSK,Autodesk Inc.,Information Technology,Software & Services,Software,Application Software,975804880.0,2020-08-30T14:31:05Z,https://en.wikipedia.org/w/index.php?oldid=975804880,matched_gics
2020-08-31,AEP,American Electric Power,Utilities,Utilities,Electric Utilities,Electric Utilities,975804880.0,2020-08-30T14:31:05Z,https://en.wikipedia.org/w/index.php?oldid=975804880,matched_gics
2020-08-31,ALGN,Align Technology,Health Care,Health Care Equipment & Services,Health Care Equipment & Supplies,Health Care Supplies,975804880.0,2020-08-30T14:31:05Z,https://en.wikipedia.org/w/index.php?oldid=975804880,matched_gics
2020-08-31,AMAT,Applied Materials Inc.,Information Technology,Semiconductors & Semiconductor Equipment,Semiconductors & Semiconductor Equipment,Semiconductor Equipment,975804880.0,2020-08-30T14:31:05Z,https://en.wikipedia.org/w/index.php?oldid=975804880,matched_gics
2020-08-31,AMD,Advanced Micro Devices Inc,Information Technology,Semiconductors & Semiconductor Equipment,Semiconductors & Semiconductor Equipment,Semiconductors,975804880.0,2020-08-30T14:31:05Z,https://en.wikipedia.org/w/index.php?oldid=975804880,matched_gics
2020-08-31,AMGN,Amgen Inc.,Health Care,"Pharmaceuticals, Biotechnology & Life Sciences",Biotechnology,Biotechnology,975804880.0,2020-08-30T14:31:05Z,https://en.wikipedia.org/w/index.php?oldid=975804880,matched_gics
2020-08-31,AMZN,Amazon.com Inc.,Consumer Discretionary,Retailing,Internet & Direct Marketing Retail,Internet & Direct Marketing Retail,975804880.0,2020-08-30T14:31:05Z,https://en.wikipedia.org/w/index.php?oldid=975804880,matched_gics
2020-08-31,ANSS,ANSYS,Information Technology,Software & Services,Software,Application Software,975804880.0,2020-08-30T14:31:05Z,https://en.wikipedia.org/w/index.php?oldid=975804880,matched_gics
2020-08-31,ASML,ASML HOLDING NV,,,,,,,,missing_gics
2020-08-31,AVGO,Broadcom Inc.,Information Technology,Semiconductors & Semiconductor Equipment,Semiconductors & Semiconductor Equipment,Semiconductors,975804880.0,2020-08-30T14:31:05Z,https://en.wikipedia.org/w/index.php?oldid=975804880,matched_gics
2020-08-31,AZN,ASTRAZENECA PLC,,,,,,,,missing_gics
2020-08-31,BIDU,"Baidu, Inc.",,,,,,,,missing_gics
2020-08-31,BIIB,Biogen Inc.,Health Care,"Pharmaceuticals, Biotechnology & Life Sciences",Biotechnology,Biotechnology,975804880.0,2020-08-30T14:31:05Z,https://en.wikipedia.org/w/index.php?oldid=975804880,matched_gics
2020-08-31,BKNG,Booking Holdings Inc,Consumer Discretionary,Retailing,Internet & Direct Marketing Retail,Internet & Direct Marketing Retail,975804880.0,2020-08-30T14:31:05Z,https://en.wikipedia.org/w/index.php?oldid=975804880,matched_gics
2020-08-31,CDNS,Cadence Design Systems,Information Technology,Software & Services,Software,Application Software,975804880.0,2020-08-30T14:31:05Z,https://en.wikipedia.org/w/index.php?oldid=975804880,matched_gics
2020-08-31,CDW,CDW,Information Technology,Technology Hardware & Equipment,"Electronic Equipment, Instruments & Components",Technology Distributors,975804880.0,2020-08-30T14:31:05Z,https://en.wikipedia.org/w/index.php?oldid=975804880,matched_gics
2020-08-31,CEG,Constellation Energy Corp,,,,,,,,missing_gics
2020-08-31,CERN,Cerner,Health Care,Health Care Equipment & Services,Health Care Technology,Health Care Technology,975804880.0,2020-08-30T14:31:05Z,https://en.wikipedia.org/w/index.php?oldid=975804880,matched_gics
2020-08-31,CHKP,CHECK POINT SOFTWARE TECHNOLOGIES LTD,,,,,,,,missing_gics
2020-08-31,CHTR,Charter Communications,Communication Services,Media,Media,Cable & Satellite,975804880.0,2020-08-30T14:31:05Z,https://en.wikipedia.org/w/index.php?oldid=975804880,matched_gics
2020-08-31,CMCSA,Comcast Corp.,Communication Services,Media,Media,Cable & Satellite,975804880.0,2020-08-30T14:31:05Z,https://en.wikipedia.org/w/index.php?oldid=975804880,matched_gics
2020-08-31,COST,Costco Wholesale Corp.,Consumer Staples,Food & Staples Retailing,Food & Staples Retailing,Hypermarkets & Super Centers,975804880.0,2020-08-30T14:31:05Z,https://en.wikipedia.org/w/index.php?oldid=975804880,matched_gics
2020-08-31,CPRT,Copart Inc,Industrials,Commercial & Professional Services,Commercial Services & Supplies,Diversified Support Services,975804880.0,2020-08-30T14:31:05Z,https://en.wikipedia.org/w/index.php?oldid=975804880,matched_gics
2020-08-31,CRWD,"CrowdStrike Holdings, Inc.",,,,,,,,missing_gics
2020-08-31,CSCO,Cisco Systems,Information Technology,Technology Hardware & Equipment,Communications Equipment,Communications Equipment,975804880.0,2020-08-30T14:31:05Z,https://en.wikipedia.org/w/index.php?oldid=975804880,matched_gics
2020-08-31,CSX,CSX Corp.,Industrials,Transportation,Road & Rail,Railroads,975804880.0,2020-08-30T14:31:05Z,https://en.wikipedia.org/w/index.php?oldid=975804880,matched_gics
2020-08-31,CTAS,Cintas Corporation,Industrials,Commercial & Professional Services,Commercial Services & Supplies,Diversified Support Services,975804880.0,2020-08-30T14:31:05Z,https://en.wikipedia.org/w/index.php?oldid=975804880,matched_gics
2020-08-31,CTSH,Cognizant Technology Solutions,Information Technology,Software & Services,IT Services,IT Consulting & Other Services,975804880.0,2020-08-30T14:31:05Z,https://en.wikipedia.org/w/index.php?oldid=975804880,matched_gics
2020-08-31,DLTR,Dollar Tree,Consumer Discretionary,Retailing,Multiline Retail,General Merchandise Stores,975804880.0,2020-08-30T14:31:05Z,https://en.wikipedia.org/w/index.php?oldid=975804880,matched_gics
2020-08-31,DOCU,"DOCUSIGN, INC.",,,,,,,,missing_gics
2020-08-31,DXCM,DexCom,Health Care,Health Care Equipment & Services,Health Care Equipment & Supplies,Health Care Equipment,975804880.0,2020-08-30T14:31:05Z,https://en.wikipedia.org/w/index.php?oldid=975804880,matched_gics
2020-08-31,EA,Electronic Arts,Communication Services,Media & Entertainment,Entertainment,Interactive Home Entertainment,975804880.0,2020-08-30T14:31:05Z,https://en.wikipedia.org/w/index.php?oldid=975804880,matched_gics
2020-08-31,EBAY,eBay Inc.,Consumer Discretionary,Retailing,Internet & Direct Marketing Retail,Internet & Direct Marketing Retail,975804880.0,2020-08-30T14:31:05Z,https://en.wikipedia.org/w/index.php?oldid=975804880,matched_gics
2020-08-31,ENPH,"Enphase Energy, Inc.",,,,,,,,missing_gics
2020-08-31,EXC,Exelon Corp.,Utilities,Utilities,Multi-Utilities,Multi-Utilities,975804880.0,2020-08-30T14:31:05Z,https://en.wikipedia.org/w/index.php?oldid=975804880,matched_gics
2020-08-31,FAST,Fastenal Co,Industrials,Capital Goods,Building Products,Building Products,975804880.0,2020-08-30T14:31:05Z,https://en.wikipedia.org/w/index.php?oldid=975804880,matched_gics
2020-08-31,FOX,Fox Corporation (Class B),Communication Services,Media & Entertainment,Entertainment,Movies & Entertainment,975804880.0,2020-08-30T14:31:05Z,https://en.wikipedia.org/w/index.php?oldid=975804880,matched_gics
2020-08-31,FOXA,Fox Corporation (Class A),Communication Services,Media & Entertainment,Entertainment,Movies & Entertainment,975804880.0,2020-08-30T14:31:05Z,https://en.wikipedia.org/w/index.php?oldid=975804880,matched_gics
2020-08-31,GEHC,GE HealthCare Technologies Inc.,,,,,,,,missing_gics
2020-08-31,GILD,Gilead Sciences,Health Care,"Pharmaceuticals, Biotechnology & Life Sciences",Biotechnology,Biotechnology,975804880.0,2020-08-30T14:31:05Z,https://en.wikipedia.org/w/index.php?oldid=975804880,matched_gics
2020-08-31,GOOG,Alphabet Inc. (Class C),Communication Services,Media & Entertainment,Interactive Media & Services,Interactive Media & Services,975804880.0,2020-08-30T14:31:05Z,https://en.wikipedia.org/w/index.php?oldid=975804880,matched_gics
2020-08-31,GOOGL,Alphabet Inc. (Class A),Communication Services,Media & Entertainment,Interactive Media & Services,Interactive Media & Services,975804880.0,2020-08-30T14:31:05Z,https://en.wikipedia.org/w/index.php?oldid=975804880,matched_gics
2020-08-31,HON,Honeywell Int'l Inc.,Industrials,Capital Goods,Industrial Conglomerates,Industrial Conglomerates,975804880.0,2020-08-30T14:31:05Z,https://en.wikipedia.org/w/index.php?oldid=975804880,matched_gics
2020-08-31,IDXX,IDEXX Laboratories,Health Care,Health Care Equipment & Services,Health Care Equipment & Supplies,Health Care Equipment,975804880.0,2020-08-30T14:31:05Z,https://en.wikipedia.org/w/index.php?oldid=975804880,matched_gics
2020-08-31,ILMN,Illumina Inc,Health Care,"Pharmaceuticals, Biotechnology & Life Sciences",Life Sciences Tools & Services,Life Sciences Tools & Services,975804880.0,2020-08-30T14:31:05Z,https://en.wikipedia.org/w/index.php?oldid=975804880,matched_gics
2020-08-31,INCY,Incyte,Health Care,"Pharmaceuticals, Biotechnology & Life Sciences",Biotechnology,Biotechnology,975804880.0,2020-08-30T14:31:05Z,https://en.wikipedia.org/w/index.php?oldid=975804880,matched_gics
2020-08-31,INTC,Intel Corp.,Information Technology,Semiconductors & Semiconductor Equipment,Semiconductors & Semiconductor Equipment,Semiconductors,975804880.0,2020-08-30T14:31:05Z,https://en.wikipedia.org/w/index.php?oldid=975804880,matched_gics
2020-08-31,INTU,Intuit Inc.,Information Technology,Software & Services,Software,Application Software,975804880.0,2020-08-30T14:31:05Z,https://en.wikipedia.org/w/index.php?oldid=975804880,matched_gics
2020-08-31,ISRG,Intuitive Surgical Inc.,Health Care,Health Care Equipment & Services,Health Care Equipment & Supplies,Health Care Equipment,975804880.0,2020-08-30T14:31:05Z,https://en.wikipedia.org/w/index.php?oldid=975804880,matched_gics
2020-08-31,JD,"JD.com, Inc.",,,,,,,,missing_gics
2020-08-31,KDP,Keurig Dr Pepper Inc.,,,,,,,,missing_gics
2020-08-31,KHC,Kraft Heinz Co,Consumer Staples,"Food, Beverage & Tobacco",Food Products,Packaged Foods & Meats,975804880.0,2020-08-30T14:31:05Z,https://en.wikipedia.org/w/index.php?oldid=975804880,matched_gics
2020-08-31,KLAC,KLA Corporation,Information Technology,Semiconductors & Semiconductor Equipment,Semiconductors & Semiconductor Equipment,Semiconductor Equipment,975804880.0,2020-08-30T14:31:05Z,https://en.wikipedia.org/w/index.php?oldid=975804880,matched_gics
2020-08-31,LRCX,Lam Research,Information Technology,Semiconductors & Semiconductor Equipment,Semiconductors & Semiconductor Equipment,Semiconductor Equipment,975804880.0,2020-08-30T14:31:05Z,https://en.wikipedia.org/w/index.php?oldid=975804880,matched_gics
2020-08-31,LULU,lululemon athletica inc.,,,,,,,,missing_gics
2020-08-31,MAR,Marriott Int'l.,Consumer Discretionary,Consumer Services,"Hotels, Restaurants & Leisure","Hotels, Resorts & Cruise Lines",975804880.0,2020-08-30T14:31:05Z,https://en.wikipedia.org/w/index.php?oldid=975804880,matched_gics
2020-08-31,MCHP,Microchip Technology,Information Technology,Semiconductors & Semiconductor Equipment,Semiconductors & Semiconductor Equipment,Semiconductors,975804880.0,2020-08-30T14:31:05Z,https://en.wikipedia.org/w/index.php?oldid=975804880,matched_gics
2020-08-31,MDLZ,Mondelez International,Consumer Staples,"Food, Beverage & Tobacco",Food Products,Packaged Foods & Meats,975804880.0,2020-08-30T14:31:05Z,https://en.wikipedia.org/w/index.php?oldid=975804880,matched_gics
2020-08-31,MELI,MERCADOLIBRE INC,,,,,,,,missing_gics
2020-08-31,META,"Facebook, Inc.",Communication Services,Media & Entertainment,Interactive Media & Services,Interactive Media & Services,975804880.0,2020-08-30T14:31:05Z,https://en.wikipedia.org/w/index.php?oldid=975804880|historical_ticker_alias:FB->META,matched_gics
2020-08-31,MNST,Monster Beverage,Consumer Staples,"Food, Beverage & Tobacco",Beverages,Soft Drinks,975804880.0,2020-08-30T14:31:05Z,https://en.wikipedia.org/w/index.php?oldid=975804880,matched_gics
2020-08-31,MRNA,"Moderna, Inc.",,,,,,,,missing_gics
2020-08-31,MRVL,"Marvell Technology, Inc.",,,,,,,,missing_gics
2020-08-31,MSFT,Microsoft Corp.,Information Technology,Software & Services,Software,Systems Software,975804880.0,2020-08-30T14:31:05Z,https://en.wikipedia.org/w/index.php?oldid=975804880,matched_gics
2020-08-31,MTCH,"Match Group, Inc.",,,,,,,,missing_gics
2020-08-31,MU,Micron Technology,Information Technology,Semiconductors & Semiconductor Equipment,Semiconductors & Semiconductor Equipment,Semiconductors,975804880.0,2020-08-30T14:31:05Z,https://en.wikipedia.org/w/index.php?oldid=975804880,matched_gics
2020-08-31,NFLX,Netflix Inc.,Communication Services,Media & Entertainment,Entertainment,Movies & Entertainment,975804880.0,2020-08-30T14:31:05Z,https://en.wikipedia.org/w/index.php?oldid=975804880,matched_gics
2020-08-31,NTES,"NetEase, Inc.",,,,,,,,missing_gics
2020-08-31,NVDA,Nvidia Corporation,Information Technology,Semiconductors & Semiconductor Equipment,Semiconductors & Semiconductor Equipment,Semiconductors,975804880.0,2020-08-30T14:31:05Z,https://en.wikipedia.org/w/index.php?oldid=975804880,matched_gics
2020-08-31,NXPI,NXP Semiconductors N.V.,,,,,,,,missing_gics
2020-08-31,ODFL,Old Dominion Freight Line,Industrials,Transportation,Road & Rail,Trucking,975804880.0,2020-08-30T14:31:05Z,https://en.wikipedia.org/w/index.php?oldid=975804880,matched_gics
2020-08-31,ON,ON SEMICONDUCTOR CORP,,,,,,,,missing_gics
2020-08-31,ORLY,O'Reilly Automotive,Consumer Discretionary,Retailing,Specialty Retail,Specialty Stores,975804880.0,2020-08-30T14:31:05Z,https://en.wikipedia.org/w/index.php?oldid=975804880,matched_gics
2020-08-31,PAYX,Paychex Inc.,Information Technology,Software & Services,IT Services,Data Processing & Outsourced Services,975804880.0,2020-08-30T14:31:05Z,https://en.wikipedia.org/w/index.php?oldid=975804880,matched_gics
2020-08-31,PCAR,PACCAR Inc.,Industrials,Capital Goods,Machinery,Construction Machinery & Heavy Trucks,975804880.0,2020-08-30T14:31:05Z,https://en.wikipedia.org/w/index.php?oldid=975804880,matched_gics
2020-08-31,PDD,PDD Holdings Inc.,,,,,,,,missing_gics
2020-08-31,PEP,PepsiCo Inc.,Consumer Staples,"Food, Beverage & Tobacco",Beverages,Soft Drinks,975804880.0,2020-08-30T14:31:05Z,https://en.wikipedia.org/w/index.php?oldid=975804880,matched_gics
2020-08-31,PYPL,PayPal,Information Technology,Software & Services,IT Services,Data Processing & Outsourced Services,975804880.0,2020-08-30T14:31:05Z,https://en.wikipedia.org/w/index.php?oldid=975804880,matched_gics
2020-08-31,QCOM,QUALCOMM Inc.,Information Technology,Semiconductors & Semiconductor Equipment,Semiconductors & Semiconductor Equipment,Semiconductors,975804880.0,2020-08-30T14:31:05Z,https://en.wikipedia.org/w/index.php?oldid=975804880,matched_gics
2020-08-31,REGN,Regeneron Pharmaceuticals,Health Care,"Pharmaceuticals, Biotechnology & Life Sciences",Biotechnology,Biotechnology,975804880.0,2020-08-30T14:31:05Z,https://en.wikipedia.org/w/index.php?oldid=975804880,matched_gics
2020-08-31,ROST,Ross Stores,Consumer Discretionary,Retailing,Specialty Retail,Apparel Retail,975804880.0,2020-08-30T14:31:05Z,https://en.wikipedia.org/w/index.php?oldid=975804880,matched_gics
2020-08-31,SBUX,Starbucks Corp.,Consumer Discretionary,Consumer Services,"Hotels, Restaurants & Leisure",Restaurants,975804880.0,2020-08-30T14:31:05Z,https://en.wikipedia.org/w/index.php?oldid=975804880,matched_gics
2020-08-31,SGEN,Seagen Inc.,,,,,,,,missing_gics
2020-08-31,SIRI,SIRIUS XM HOLDINGS INC.,,,,,,,,missing_gics
2020-08-31,SNPS,Synopsys Inc.,Information Technology,Software & Services,Software,Application Software,975804880.0,2020-08-30T14:31:05Z,https://en.wikipedia.org/w/index.php?oldid=975804880,matched_gics
2020-08-31,SPLK,Splunk Inc.,,,,,,,,missing_gics
2020-08-31,SWKS,Skyworks Solutions,Information Technology,Semiconductors & Semiconductor Equipment,Semiconductors & Semiconductor Equipment,Semiconductors,975804880.0,2020-08-30T14:31:05Z,https://en.wikipedia.org/w/index.php?oldid=975804880,matched_gics
2020-08-31,TCOM,Trip.com Group Ltd,,,,,,,,missing_gics
2020-08-31,TEAM,Atlassian Corp,,,,,,,,missing_gics
2020-08-31,TMUS,T-Mobile US,Communication Services,Telecommunication Services,Wireless Telecommunication Services,Wireless Telecommunication Services,975804880.0,2020-08-30T14:31:05Z,https://en.wikipedia.org/w/index.php?oldid=975804880,matched_gics
2020-08-31,TSLA,"Tesla, Inc.",,,,,,,,missing_gics
2020-08-31,TTD,"Trade Desk, Inc.",,,,,,,,missing_gics
2020-08-31,TXN,Texas Instruments,Information Technology,Semiconductors & Semiconductor Equipment,Semiconductors & Semiconductor Equipment,Semiconductors,975804880.0,2020-08-30T14:31:05Z,https://en.wikipedia.org/w/index.php?oldid=975804880,matched_gics
2020-08-31,VRSK,Verisk Analytics,Industrials,Commercial & Professional Services,Professional Services,Research & Consulting Services,975804880.0,2020-08-30T14:31:05Z,https://en.wikipedia.org/w/index.php?oldid=975804880,matched_gics
2020-08-31,VRSN,Verisign Inc.,Information Technology,Software & Services,IT Services,Internet Services & Infrastructure,975804880.0,2020-08-30T14:31:05Z,https://en.wikipedia.org/w/index.php?oldid=975804880,matched_gics
2020-08-31,VRTX,Vertex Pharmaceuticals Inc,Health Care,"Pharmaceuticals, Biotechnology & Life Sciences",Biotechnology,Biotechnology,975804880.0,2020-08-30T14:31:05Z,https://en.wikipedia.org/w/index.php?oldid=975804880,matched_gics
2020-08-31,WBA,Walgreens Boots Alliance,Consumer Staples,Food & Staples Retailing,Food & Staples Retailing,Drug Retail,975804880.0,2020-08-30T14:31:05Z,https://en.wikipedia.org/w/index.php?oldid=975804880,matched_gics
2020-08-31,WDAY,"Workday, Inc.",,,,,,,,missing_gics
2020-08-31,XEL,Xcel Energy Inc,Utilities,Utilities,Multi-Utilities,Multi-Utilities,975804880.0,2020-08-30T14:31:05Z,https://en.wikipedia.org/w/index.php?oldid=975804880,matched_gics
2020-08-31,ZM,"Zoom Communications, Inc.",,,,,,,,missing_gics
2020-09-30,AAPL,Apple Inc.,Information Technology,Technology Hardware & Equipment,"Technology Hardware, Storage & Peripherals","Technology Hardware, Storage & Peripherals",980783480.0,2020-09-28T12:34:09Z,https://en.wikipedia.org/w/index.php?oldid=980783480,matched_gics
2020-09-30,ADBE,Adobe Inc.,Information Technology,Software & Services,Software,Application Software,980783480.0,2020-09-28T12:34:09Z,https://en.wikipedia.org/w/index.php?oldid=980783480,matched_gics
2020-09-30,ADI,"Analog Devices, Inc.",Information Technology,Semiconductors & Semiconductor Equipment,Semiconductors & Semiconductor Equipment,Semiconductors,980783480.0,2020-09-28T12:34:09Z,https://en.wikipedia.org/w/index.php?oldid=980783480,matched_gics
2020-09-30,ADP,Automatic Data Processing,Information Technology,Software & Services,IT Services,Internet Services & Infrastructure,980783480.0,2020-09-28T12:34:09Z,https://en.wikipedia.org/w/index.php?oldid=980783480,matched_gics
2020-09-30,ADSK,Autodesk Inc.,Information Technology,Software & Services,Software,Application Software,980783480.0,2020-09-28T12:34:09Z,https://en.wikipedia.org/w/index.php?oldid=980783480,matched_gics
2020-09-30,AEP,American Electric Power,Utilities,Utilities,Electric Utilities,Electric Utilities,980783480.0,2020-09-28T12:34:09Z,https://en.wikipedia.org/w/index.php?oldid=980783480,matched_gics
2020-09-30,ALGN,Align Technology,Health Care,Health Care Equipment & Services,Health Care Equipment & Supplies,Health Care Supplies,980783480.0,2020-09-28T12:34:09Z,https://en.wikipedia.org/w/index.php?oldid=980783480,matched_gics
2020-09-30,AMAT,Applied Materials Inc.,Information Technology,Semiconductors & Semiconductor Equipment,Semiconductors & Semiconductor Equipment,Semiconductor Equipment,980783480.0,2020-09-28T12:34:09Z,https://en.wikipedia.org/w/index.php?oldid=980783480,matched_gics
2020-09-30,AMD,Advanced Micro Devices Inc,Information Technology,Semiconductors & Semiconductor Equipment,Semiconductors & Semiconductor Equipment,Semiconductors,980783480.0,2020-09-28T12:34:09Z,https://en.wikipedia.org/w/index.php?oldid=980783480,matched_gics
2020-09-30,AMGN,Amgen Inc.,Health Care,"Pharmaceuticals, Biotechnology & Life Sciences",Biotechnology,Biotechnology,980783480.0,2020-09-28T12:34:09Z,https://en.wikipedia.org/w/index.php?oldid=980783480,matched_gics
2020-09-30,AMZN,Amazon.com Inc.,Consumer Discretionary,Retailing,Internet & Direct Marketing Retail,Internet & Direct Marketing Retail,980783480.0,2020-09-28T12:34:09Z,https://en.wikipedia.org/w/index.php?oldid=980783480,matched_gics
2020-09-30,ANSS,ANSYS,Information Technology,Software & Services,Software,Application Software,980783480.0,2020-09-28T12:34:09Z,https://en.wikipedia.org/w/index.php?oldid=980783480,matched_gics
2020-09-30,ASML,ASML HOLDING NV,,,,,,,,missing_gics
2020-09-30,AVGO,Broadcom Inc.,Information Technology,Semiconductors & Semiconductor Equipment,Semiconductors & Semiconductor Equipment,Semiconductors,980783480.0,2020-09-28T12:34:09Z,https://en.wikipedia.org/w/index.php?oldid=980783480,matched_gics
2020-09-30,AZN,ASTRAZENECA PLC,,,,,,,,missing_gics
2020-09-30,BIDU,"Baidu, Inc.",,,,,,,,missing_gics
2020-09-30,BIIB,Biogen Inc.,Health Care,"Pharmaceuticals, Biotechnology & Life Sciences",Biotechnology,Biotechnology,980783480.0,2020-09-28T12:34:09Z,https://en.wikipedia.org/w/index.php?oldid=980783480,matched_gics
2020-09-30,BKNG,Booking Holdings Inc,Consumer Discretionary,Retailing,Internet & Direct Marketing Retail,Internet & Direct Marketing Retail,980783480.0,2020-09-28T12:34:09Z,https://en.wikipedia.org/w/index.php?oldid=980783480,matched_gics
2020-09-30,CDNS,Cadence Design Systems,Information Technology,Software & Services,Software,Application Software,980783480.0,2020-09-28T12:34:09Z,https://en.wikipedia.org/w/index.php?oldid=980783480,matched_gics
2020-09-30,CDW,CDW,Information Technology,Technology Hardware & Equipment,"Electronic Equipment, Instruments & Components",Technology Distributors,980783480.0,2020-09-28T12:34:09Z,https://en.wikipedia.org/w/index.php?oldid=980783480,matched_gics
2020-09-30,CEG,Constellation Energy Corp,,,,,,,,missing_gics
2020-09-30,CERN,Cerner,Health Care,Health Care Equipment & Services,Health Care Technology,Health Care Technology,980783480.0,2020-09-28T12:34:09Z,https://en.wikipedia.org/w/index.php?oldid=980783480,matched_gics
2020-09-30,CHKP,CHECK POINT SOFTWARE TECHNOLOGIES LTD,,,,,,,,missing_gics
2020-09-30,CHTR,Charter Communications,Communication Services,Media,Media,Cable & Satellite,980783480.0,2020-09-28T12:34:09Z,https://en.wikipedia.org/w/index.php?oldid=980783480,matched_gics
2020-09-30,CMCSA,Comcast Corp.,Communication Services,Media,Media,Cable & Satellite,980783480.0,2020-09-28T12:34:09Z,https://en.wikipedia.org/w/index.php?oldid=980783480,matched_gics
2020-09-30,COST,Costco Wholesale Corp.,Consumer Staples,Food & Staples Retailing,Food & Staples Retailing,Hypermarkets & Super Centers,980783480.0,2020-09-28T12:34:09Z,https://en.wikipedia.org/w/index.php?oldid=980783480,matched_gics
2020-09-30,CPRT,Copart Inc,Industrials,Commercial & Professional Services,Commercial Services & Supplies,Diversified Support Services,980783480.0,2020-09-28T12:34:09Z,https://en.wikipedia.org/w/index.php?oldid=980783480,matched_gics
2020-09-30,CRWD,"CrowdStrike Holdings, Inc.",,,,,,,,missing_gics
2020-09-30,CSCO,Cisco Systems,Information Technology,Technology Hardware & Equipment,Communications Equipment,Communications Equipment,980783480.0,2020-09-28T12:34:09Z,https://en.wikipedia.org/w/index.php?oldid=980783480,matched_gics
2020-09-30,CSX,CSX Corp.,Industrials,Transportation,Road & Rail,Railroads,980783480.0,2020-09-28T12:34:09Z,https://en.wikipedia.org/w/index.php?oldid=980783480,matched_gics
2020-09-30,CTAS,Cintas Corporation,Industrials,Commercial & Professional Services,Commercial Services & Supplies,Diversified Support Services,980783480.0,2020-09-28T12:34:09Z,https://en.wikipedia.org/w/index.php?oldid=980783480,matched_gics
2020-09-30,CTSH,Cognizant Technology Solutions,Information Technology,Software & Services,IT Services,IT Consulting & Other Services,980783480.0,2020-09-28T12:34:09Z,https://en.wikipedia.org/w/index.php?oldid=980783480,matched_gics
2020-09-30,DLTR,Dollar Tree,Consumer Discretionary,Retailing,Multiline Retail,General Merchandise Stores,980783480.0,2020-09-28T12:34:09Z,https://en.wikipedia.org/w/index.php?oldid=980783480,matched_gics
2020-09-30,DOCU,"DOCUSIGN, INC.",,,,,,,,missing_gics
2020-09-30,DXCM,DexCom,Health Care,Health Care Equipment & Services,Health Care Equipment & Supplies,Health Care Equipment,980783480.0,2020-09-28T12:34:09Z,https://en.wikipedia.org/w/index.php?oldid=980783480,matched_gics
2020-09-30,EA,Electronic Arts,Communication Services,Media & Entertainment,Entertainment,Interactive Home Entertainment,980783480.0,2020-09-28T12:34:09Z,https://en.wikipedia.org/w/index.php?oldid=980783480,matched_gics
2020-09-30,EBAY,eBay Inc.,Consumer Discretionary,Retailing,Internet & Direct Marketing Retail,Internet & Direct Marketing Retail,980783480.0,2020-09-28T12:34:09Z,https://en.wikipedia.org/w/index.php?oldid=980783480,matched_gics
2020-09-30,ENPH,"Enphase Energy, Inc.",,,,,,,,missing_gics
2020-09-30,EXC,Exelon Corp.,Utilities,Utilities,Multi-Utilities,Multi-Utilities,980783480.0,2020-09-28T12:34:09Z,https://en.wikipedia.org/w/index.php?oldid=980783480,matched_gics
2020-09-30,FAST,Fastenal Co,Industrials,Capital Goods,Building Products,Building Products,980783480.0,2020-09-28T12:34:09Z,https://en.wikipedia.org/w/index.php?oldid=980783480,matched_gics
2020-09-30,FOX,Fox Corporation (Class B),Communication Services,Media & Entertainment,Entertainment,Movies & Entertainment,980783480.0,2020-09-28T12:34:09Z,https://en.wikipedia.org/w/index.php?oldid=980783480,matched_gics
2020-09-30,FOXA,Fox Corporation (Class A),Communication Services,Media & Entertainment,Entertainment,Movies & Entertainment,980783480.0,2020-09-28T12:34:09Z,https://en.wikipedia.org/w/index.php?oldid=980783480,matched_gics
2020-09-30,GEHC,GE HealthCare Technologies Inc.,,,,,,,,missing_gics
2020-09-30,GILD,Gilead Sciences,Health Care,"Pharmaceuticals, Biotechnology & Life Sciences",Biotechnology,Biotechnology,980783480.0,2020-09-28T12:34:09Z,https://en.wikipedia.org/w/index.php?oldid=980783480,matched_gics
2020-09-30,GOOG,Alphabet Inc. (Class C),Communication Services,Media & Entertainment,Interactive Media & Services,Interactive Media & Services,980783480.0,2020-09-28T12:34:09Z,https://en.wikipedia.org/w/index.php?oldid=980783480,matched_gics
2020-09-30,GOOGL,Alphabet Inc. (Class A),Communication Services,Media & Entertainment,Interactive Media & Services,Interactive Media & Services,980783480.0,2020-09-28T12:34:09Z,https://en.wikipedia.org/w/index.php?oldid=980783480,matched_gics
2020-09-30,HON,Honeywell Int'l Inc.,Industrials,Capital Goods,Industrial Conglomerates,Industrial Conglomerates,980783480.0,2020-09-28T12:34:09Z,https://en.wikipedia.org/w/index.php?oldid=980783480,matched_gics
2020-09-30,IDXX,IDEXX Laboratories,Health Care,Health Care Equipment & Services,Health Care Equipment & Supplies,Health Care Equipment,980783480.0,2020-09-28T12:34:09Z,https://en.wikipedia.org/w/index.php?oldid=980783480,matched_gics
2020-09-30,ILMN,Illumina Inc,Health Care,"Pharmaceuticals, Biotechnology & Life Sciences",Life Sciences Tools & Services,Life Sciences Tools & Services,980783480.0,2020-09-28T12:34:09Z,https://en.wikipedia.org/w/index.php?oldid=980783480,matched_gics
2020-09-30,INCY,Incyte,Health Care,"Pharmaceuticals, Biotechnology & Life Sciences",Biotechnology,Biotechnology,980783480.0,2020-09-28T12:34:09Z,https://en.wikipedia.org/w/index.php?oldid=980783480,matched_gics
2020-09-30,INTC,Intel Corp.,Information Technology,Semiconductors & Semiconductor Equipment,Semiconductors & Semiconductor Equipment,Semiconductors,980783480.0,2020-09-28T12:34:09Z,https://en.wikipedia.org/w/index.php?oldid=980783480,matched_gics
2020-09-30,INTU,Intuit Inc.,Information Technology,Software & Services,Software,Application Software,980783480.0,2020-09-28T12:34:09Z,https://en.wikipedia.org/w/index.php?oldid=980783480,matched_gics
2020-09-30,ISRG,Intuitive Surgical Inc.,Health Care,Health Care Equipment & Services,Health Care Equipment & Supplies,Health Care Equipment,980783480.0,2020-09-28T12:34:09Z,https://en.wikipedia.org/w/index.php?oldid=980783480,matched_gics
2020-09-30,JD,"JD.com, Inc.",,,,,,,,missing_gics
2020-09-30,KDP,Keurig Dr Pepper Inc.,,,,,,,,missing_gics
2020-09-30,KHC,Kraft Heinz Co,Consumer Staples,"Food, Beverage & Tobacco",Food Products,Packaged Foods & Meats,980783480.0,2020-09-28T12:34:09Z,https://en.wikipedia.org/w/index.php?oldid=980783480,matched_gics
2020-09-30,KLAC,KLA Corporation,Information Technology,Semiconductors & Semiconductor Equipment,Semiconductors & Semiconductor Equipment,Semiconductor Equipment,980783480.0,2020-09-28T12:34:09Z,https://en.wikipedia.org/w/index.php?oldid=980783480,matched_gics
2020-09-30,LRCX,Lam Research,Information Technology,Semiconductors & Semiconductor Equipment,Semiconductors & Semiconductor Equipment,Semiconductor Equipment,980783480.0,2020-09-28T12:34:09Z,https://en.wikipedia.org/w/index.php?oldid=980783480,matched_gics
2020-09-30,LULU,lululemon athletica inc.,,,,,,,,missing_gics
2020-09-30,MAR,Marriott Int'l.,Consumer Discretionary,Consumer Services,"Hotels, Restaurants & Leisure","Hotels, Resorts & Cruise Lines",980783480.0,2020-09-28T12:34:09Z,https://en.wikipedia.org/w/index.php?oldid=980783480,matched_gics
2020-09-30,MCHP,Microchip Technology,Information Technology,Semiconductors & Semiconductor Equipment,Semiconductors & Semiconductor Equipment,Semiconductors,980783480.0,2020-09-28T12:34:09Z,https://en.wikipedia.org/w/index.php?oldid=980783480,matched_gics
2020-09-30,MDLZ,Mondelez International,Consumer Staples,"Food, Beverage & Tobacco",Food Products,Packaged Foods & Meats,980783480.0,2020-09-28T12:34:09Z,https://en.wikipedia.org/w/index.php?oldid=980783480,matched_gics
2020-09-30,MELI,MERCADOLIBRE INC,,,,,,,,missing_gics
2020-09-30,META,"Facebook, Inc.",Communication Services,Media & Entertainment,Interactive Media & Services,Interactive Media & Services,980783480.0,2020-09-28T12:34:09Z,https://en.wikipedia.org/w/index.php?oldid=980783480|historical_ticker_alias:FB->META,matched_gics
2020-09-30,MNST,Monster Beverage,Consumer Staples,"Food, Beverage & Tobacco",Beverages,Soft Drinks,980783480.0,2020-09-28T12:34:09Z,https://en.wikipedia.org/w/index.php?oldid=980783480,matched_gics
2020-09-30,MRNA,"Moderna, Inc.",,,,,,,,missing_gics
2020-09-30,MRVL,"Marvell Technology, Inc.",,,,,,,,missing_gics
2020-09-30,MSFT,Microsoft Corp.,Information Technology,Software & Services,Software,Systems Software,980783480.0,2020-09-28T12:34:09Z,https://en.wikipedia.org/w/index.php?oldid=980783480,matched_gics
2020-09-30,MTCH,"Match Group, Inc.",,,,,,,,missing_gics
2020-09-30,MU,Micron Technology,Information Technology,Semiconductors & Semiconductor Equipment,Semiconductors & Semiconductor Equipment,Semiconductors,980783480.0,2020-09-28T12:34:09Z,https://en.wikipedia.org/w/index.php?oldid=980783480,matched_gics
2020-09-30,NFLX,Netflix Inc.,Communication Services,Media & Entertainment,Entertainment,Movies & Entertainment,980783480.0,2020-09-28T12:34:09Z,https://en.wikipedia.org/w/index.php?oldid=980783480,matched_gics
2020-09-30,NTES,"NetEase, Inc.",,,,,,,,missing_gics
2020-09-30,NVDA,Nvidia Corporation,Information Technology,Semiconductors & Semiconductor Equipment,Semiconductors & Semiconductor Equipment,Semiconductors,980783480.0,2020-09-28T12:34:09Z,https://en.wikipedia.org/w/index.php?oldid=980783480,matched_gics
2020-09-30,NXPI,NXP Semiconductors N.V.,,,,,,,,missing_gics
2020-09-30,ODFL,Old Dominion Freight Line,Industrials,Transportation,Road & Rail,Trucking,980783480.0,2020-09-28T12:34:09Z,https://en.wikipedia.org/w/index.php?oldid=980783480,matched_gics
2020-09-30,ON,ON SEMICONDUCTOR CORP,,,,,,,,missing_gics
2020-09-30,ORLY,O'Reilly Automotive,Consumer Discretionary,Retailing,Specialty Retail,Specialty Stores,980783480.0,2020-09-28T12:34:09Z,https://en.wikipedia.org/w/index.php?oldid=980783480,matched_gics
2020-09-30,PAYX,Paychex Inc.,Information Technology,Software & Services,IT Services,Data Processing & Outsourced Services,980783480.0,2020-09-28T12:34:09Z,https://en.wikipedia.org/w/index.php?oldid=980783480,matched_gics
2020-09-30,PCAR,PACCAR Inc.,Industrials,Capital Goods,Machinery,Construction Machinery & Heavy Trucks,980783480.0,2020-09-28T12:34:09Z,https://en.wikipedia.org/w/index.php?oldid=980783480,matched_gics
2020-09-30,PDD,PDD Holdings Inc.,,,,,,,,missing_gics
2020-09-30,PEP,PepsiCo Inc.,Consumer Staples,"Food, Beverage & Tobacco",Beverages,Soft Drinks,980783480.0,2020-09-28T12:34:09Z,https://en.wikipedia.org/w/index.php?oldid=980783480,matched_gics
2020-09-30,PYPL,PayPal,Information Technology,Software & Services,IT Services,Data Processing & Outsourced Services,980783480.0,2020-09-28T12:34:09Z,https://en.wikipedia.org/w/index.php?oldid=980783480,matched_gics
2020-09-30,QCOM,QUALCOMM Inc.,Information Technology,Semiconductors & Semiconductor Equipment,Semiconductors & Semiconductor Equipment,Semiconductors,980783480.0,2020-09-28T12:34:09Z,https://en.wikipedia.org/w/index.php?oldid=980783480,matched_gics
2020-09-30,REGN,Regeneron Pharmaceuticals,Health Care,"Pharmaceuticals, Biotechnology & Life Sciences",Biotechnology,Biotechnology,980783480.0,2020-09-28T12:34:09Z,https://en.wikipedia.org/w/index.php?oldid=980783480,matched_gics
2020-09-30,ROST,Ross Stores,Consumer Discretionary,Retailing,Specialty Retail,Apparel Retail,980783480.0,2020-09-28T12:34:09Z,https://en.wikipedia.org/w/index.php?oldid=980783480,matched_gics
2020-09-30,SBUX,Starbucks Corp.,Consumer Discretionary,Consumer Services,"Hotels, Restaurants & Leisure",Restaurants,980783480.0,2020-09-28T12:34:09Z,https://en.wikipedia.org/w/index.php?oldid=980783480,matched_gics
2020-09-30,SGEN,Seagen Inc.,,,,,,,,missing_gics
2020-09-30,SIRI,SIRIUS XM HOLDINGS INC.,,,,,,,,missing_gics
2020-09-30,SNPS,Synopsys Inc.,Information Technology,Software & Services,Software,Application Software,980783480.0,2020-09-28T12:34:09Z,https://en.wikipedia.org/w/index.php?oldid=980783480,matched_gics
2020-09-30,SPLK,Splunk Inc.,,,,,,,,missing_gics
2020-09-30,SWKS,Skyworks Solutions,Information Technology,Semiconductors & Semiconductor Equipment,Semiconductors & Semiconductor Equipment,Semiconductors,980783480.0,2020-09-28T12:34:09Z,https://en.wikipedia.org/w/index.php?oldid=980783480,matched_gics
2020-09-30,TCOM,Trip.com Group Ltd,,,,,,,,missing_gics
2020-09-30,TEAM,Atlassian Corp,,,,,,,,missing_gics
2020-09-30,TMUS,T-Mobile US,Communication Services,Telecommunication Services,Wireless Telecommunication Services,Wireless Telecommunication Services,980783480.0,2020-09-28T12:34:09Z,https://en.wikipedia.org/w/index.php?oldid=980783480,matched_gics
2020-09-30,TSLA,"Tesla, Inc.",,,,,,,,missing_gics
2020-09-30,TTD,"Trade Desk, Inc.",,,,,,,,missing_gics
2020-09-30,TXN,Texas Instruments,Information Technology,Semiconductors & Semiconductor Equipment,Semiconductors & Semiconductor Equipment,Semiconductors,980783480.0,2020-09-28T12:34:09Z,https://en.wikipedia.org/w/index.php?oldid=980783480,matched_gics
2020-09-30,VRSK,Verisk Analytics,Industrials,Commercial & Professional Services,Professional Services,Research & Consulting Services,980783480.0,2020-09-28T12:34:09Z,https://en.wikipedia.org/w/index.php?oldid=980783480,matched_gics
2020-09-30,VRSN,Verisign Inc.,Information Technology,Software & Services,IT Services,Internet Services & Infrastructure,980783480.0,2020-09-28T12:34:09Z,https://en.wikipedia.org/w/index.php?oldid=980783480,matched_gics
2020-09-30,VRTX,Vertex Pharmaceuticals Inc,Health Care,"Pharmaceuticals, Biotechnology & Life Sciences",Biotechnology,Biotechnology,980783480.0,2020-09-28T12:34:09Z,https://en.wikipedia.org/w/index.php?oldid=980783480,matched_gics
2020-09-30,WBA,Walgreens Boots Alliance,Consumer Staples,Food & Staples Retailing,Food & Staples Retailing,Drug Retail,980783480.0,2020-09-28T12:34:09Z,https://en.wikipedia.org/w/index.php?oldid=980783480,matched_gics
2020-09-30,WDAY,"Workday, Inc.",,,,,,,,missing_gics
2020-09-30,XEL,Xcel Energy Inc,Utilities,Utilities,Multi-Utilities,Multi-Utilities,980783480.0,2020-09-28T12:34:09Z,https://en.wikipedia.org/w/index.php?oldid=980783480,matched_gics
2020-09-30,ZM,"Zoom Communications, Inc.",,,,,,,,missing_gics
2020-10-31,AAPL,Apple Inc.,Information Technology,Technology Hardware & Equipment,"Technology Hardware, Storage & Peripherals","Technology Hardware, Storage & Peripherals",986445016.0,2020-10-31T22:25:27Z,https://en.wikipedia.org/w/index.php?oldid=986445016,matched_gics
2020-10-31,ADBE,Adobe Inc.,Information Technology,Software & Services,Software,Application Software,986445016.0,2020-10-31T22:25:27Z,https://en.wikipedia.org/w/index.php?oldid=986445016,matched_gics
2020-10-31,ADI,"Analog Devices, Inc.",Information Technology,Semiconductors & Semiconductor Equipment,Semiconductors & Semiconductor Equipment,Semiconductors,986445016.0,2020-10-31T22:25:27Z,https://en.wikipedia.org/w/index.php?oldid=986445016,matched_gics
2020-10-31,ADP,Automatic Data Processing,Information Technology,Software & Services,IT Services,Internet Services & Infrastructure,986445016.0,2020-10-31T22:25:27Z,https://en.wikipedia.org/w/index.php?oldid=986445016,matched_gics
2020-10-31,ADSK,Autodesk Inc.,Information Technology,Software & Services,Software,Application Software,986445016.0,2020-10-31T22:25:27Z,https://en.wikipedia.org/w/index.php?oldid=986445016,matched_gics
2020-10-31,AEP,American Electric Power,Utilities,Utilities,Electric Utilities,Electric Utilities,986445016.0,2020-10-31T22:25:27Z,https://en.wikipedia.org/w/index.php?oldid=986445016,matched_gics
2020-10-31,ALGN,Align Technology,Health Care,Health Care Equipment & Services,Health Care Equipment & Supplies,Health Care Supplies,986445016.0,2020-10-31T22:25:27Z,https://en.wikipedia.org/w/index.php?oldid=986445016,matched_gics
2020-10-31,AMAT,Applied Materials Inc.,Information Technology,Semiconductors & Semiconductor Equipment,Semiconductors & Semiconductor Equipment,Semiconductor Equipment,986445016.0,2020-10-31T22:25:27Z,https://en.wikipedia.org/w/index.php?oldid=986445016,matched_gics
2020-10-31,AMD,Advanced Micro Devices Inc,Information Technology,Semiconductors & Semiconductor Equipment,Semiconductors & Semiconductor Equipment,Semiconductors,986445016.0,2020-10-31T22:25:27Z,https://en.wikipedia.org/w/index.php?oldid=986445016,matched_gics
2020-10-31,AMGN,Amgen Inc.,Health Care,"Pharmaceuticals, Biotechnology & Life Sciences",Biotechnology,Biotechnology,986445016.0,2020-10-31T22:25:27Z,https://en.wikipedia.org/w/index.php?oldid=986445016,matched_gics
2020-10-31,AMZN,Amazon.com Inc.,Consumer Discretionary,Retailing,Internet & Direct Marketing Retail,Internet & Direct Marketing Retail,986445016.0,2020-10-31T22:25:27Z,https://en.wikipedia.org/w/index.php?oldid=986445016,matched_gics
2020-10-31,ANSS,ANSYS,Information Technology,Software & Services,Software,Application Software,986445016.0,2020-10-31T22:25:27Z,https://en.wikipedia.org/w/index.php?oldid=986445016,matched_gics
2020-10-31,ASML,ASML HOLDING NV,,,,,,,,missing_gics
2020-10-31,AVGO,Broadcom Inc.,Information Technology,Semiconductors & Semiconductor Equipment,Semiconductors & Semiconductor Equipment,Semiconductors,986445016.0,2020-10-31T22:25:27Z,https://en.wikipedia.org/w/index.php?oldid=986445016,matched_gics
2020-10-31,AZN,ASTRAZENECA PLC,,,,,,,,missing_gics
2020-10-31,BIDU,"Baidu, Inc.",,,,,,,,missing_gics
2020-10-31,BIIB,Biogen Inc.,Health Care,"Pharmaceuticals, Biotechnology & Life Sciences",Biotechnology,Biotechnology,986445016.0,2020-10-31T22:25:27Z,https://en.wikipedia.org/w/index.php?oldid=986445016,matched_gics
2020-10-31,BKNG,Booking Holdings Inc,Consumer Discretionary,Retailing,Internet & Direct Marketing Retail,Internet & Direct Marketing Retail,986445016.0,2020-10-31T22:25:27Z,https://en.wikipedia.org/w/index.php?oldid=986445016,matched_gics
2020-10-31,CDNS,Cadence Design Systems,Information Technology,Software & Services,Software,Application Software,986445016.0,2020-10-31T22:25:27Z,https://en.wikipedia.org/w/index.php?oldid=986445016,matched_gics
2020-10-31,CDW,CDW,Information Technology,Technology Hardware & Equipment,"Electronic Equipment, Instruments & Components",Technology Distributors,986445016.0,2020-10-31T22:25:27Z,https://en.wikipedia.org/w/index.php?oldid=986445016,matched_gics
2020-10-31,CEG,Constellation Energy Corp,,,,,,,,missing_gics
2020-10-31,CERN,Cerner,Health Care,Health Care Equipment & Services,Health Care Technology,Health Care Technology,986445016.0,2020-10-31T22:25:27Z,https://en.wikipedia.org/w/index.php?oldid=986445016,matched_gics
2020-10-31,CHKP,CHECK POINT SOFTWARE TECHNOLOGIES LTD,,,,,,,,missing_gics
2020-10-31,CHTR,Charter Communications,Communication Services,Media,Media,Cable & Satellite,986445016.0,2020-10-31T22:25:27Z,https://en.wikipedia.org/w/index.php?oldid=986445016,matched_gics
2020-10-31,CMCSA,Comcast Corp.,Communication Services,Media,Media,Cable & Satellite,986445016.0,2020-10-31T22:25:27Z,https://en.wikipedia.org/w/index.php?oldid=986445016,matched_gics
2020-10-31,COST,Costco Wholesale Corp.,Consumer Staples,Food & Staples Retailing,Food & Staples Retailing,Hypermarkets & Super Centers,986445016.0,2020-10-31T22:25:27Z,https://en.wikipedia.org/w/index.php?oldid=986445016,matched_gics
2020-10-31,CPRT,Copart Inc,Industrials,Commercial & Professional Services,Commercial Services & Supplies,Diversified Support Services,986445016.0,2020-10-31T22:25:27Z,https://en.wikipedia.org/w/index.php?oldid=986445016,matched_gics
2020-10-31,CRWD,"CrowdStrike Holdings, Inc.",,,,,,,,missing_gics
2020-10-31,CSCO,Cisco Systems,Information Technology,Technology Hardware & Equipment,Communications Equipment,Communications Equipment,986445016.0,2020-10-31T22:25:27Z,https://en.wikipedia.org/w/index.php?oldid=986445016,matched_gics
2020-10-31,CSX,CSX Corp.,Industrials,Transportation,Road & Rail,Railroads,986445016.0,2020-10-31T22:25:27Z,https://en.wikipedia.org/w/index.php?oldid=986445016,matched_gics
2020-10-31,CTAS,Cintas Corporation,Industrials,Commercial & Professional Services,Commercial Services & Supplies,Diversified Support Services,986445016.0,2020-10-31T22:25:27Z,https://en.wikipedia.org/w/index.php?oldid=986445016,matched_gics
2020-10-31,CTSH,Cognizant Technology Solutions,Information Technology,Software & Services,IT Services,IT Consulting & Other Services,986445016.0,2020-10-31T22:25:27Z,https://en.wikipedia.org/w/index.php?oldid=986445016,matched_gics
2020-10-31,DLTR,Dollar Tree,Consumer Discretionary,Retailing,Multiline Retail,General Merchandise Stores,986445016.0,2020-10-31T22:25:27Z,https://en.wikipedia.org/w/index.php?oldid=986445016,matched_gics
2020-10-31,DOCU,"DOCUSIGN, INC.",,,,,,,,missing_gics
2020-10-31,DXCM,DexCom,Health Care,Health Care Equipment & Services,Health Care Equipment & Supplies,Health Care Equipment,986445016.0,2020-10-31T22:25:27Z,https://en.wikipedia.org/w/index.php?oldid=986445016,matched_gics
2020-10-31,EA,Electronic Arts,Communication Services,Media & Entertainment,Entertainment,Interactive Home Entertainment,986445016.0,2020-10-31T22:25:27Z,https://en.wikipedia.org/w/index.php?oldid=986445016,matched_gics
2020-10-31,EBAY,eBay Inc.,Consumer Discretionary,Retailing,Internet & Direct Marketing Retail,Internet & Direct Marketing Retail,986445016.0,2020-10-31T22:25:27Z,https://en.wikipedia.org/w/index.php?oldid=986445016,matched_gics
2020-10-31,ENPH,"Enphase Energy, Inc.",,,,,,,,missing_gics
2020-10-31,EXC,Exelon Corp.,Utilities,Utilities,Multi-Utilities,Multi-Utilities,986445016.0,2020-10-31T22:25:27Z,https://en.wikipedia.org/w/index.php?oldid=986445016,matched_gics
2020-10-31,FAST,Fastenal Co,Industrials,Capital Goods,Building Products,Building Products,986445016.0,2020-10-31T22:25:27Z,https://en.wikipedia.org/w/index.php?oldid=986445016,matched_gics
2020-10-31,FOX,Fox Corporation (Class B),Communication Services,Media & Entertainment,Entertainment,Movies & Entertainment,986445016.0,2020-10-31T22:25:27Z,https://en.wikipedia.org/w/index.php?oldid=986445016,matched_gics
2020-10-31,FOXA,Fox Corporation (Class A),Communication Services,Media & Entertainment,Entertainment,Movies & Entertainment,986445016.0,2020-10-31T22:25:27Z,https://en.wikipedia.org/w/index.php?oldid=986445016,matched_gics
2020-10-31,GEHC,GE HealthCare Technologies Inc.,,,,,,,,missing_gics
2020-10-31,GILD,Gilead Sciences,Health Care,"Pharmaceuticals, Biotechnology & Life Sciences",Biotechnology,Biotechnology,986445016.0,2020-10-31T22:25:27Z,https://en.wikipedia.org/w/index.php?oldid=986445016,matched_gics
2020-10-31,GOOG,Alphabet Inc. (Class C),Communication Services,Media & Entertainment,Interactive Media & Services,Interactive Media & Services,986445016.0,2020-10-31T22:25:27Z,https://en.wikipedia.org/w/index.php?oldid=986445016,matched_gics
2020-10-31,GOOGL,Alphabet Inc. (Class A),Communication Services,Media & Entertainment,Interactive Media & Services,Interactive Media & Services,986445016.0,2020-10-31T22:25:27Z,https://en.wikipedia.org/w/index.php?oldid=986445016,matched_gics
2020-10-31,HON,Honeywell Int'l Inc.,Industrials,Capital Goods,Industrial Conglomerates,Industrial Conglomerates,986445016.0,2020-10-31T22:25:27Z,https://en.wikipedia.org/w/index.php?oldid=986445016,matched_gics
2020-10-31,IDXX,IDEXX Laboratories,Health Care,Health Care Equipment & Services,Health Care Equipment & Supplies,Health Care Equipment,986445016.0,2020-10-31T22:25:27Z,https://en.wikipedia.org/w/index.php?oldid=986445016,matched_gics
2020-10-31,ILMN,Illumina Inc,Health Care,"Pharmaceuticals, Biotechnology & Life Sciences",Life Sciences Tools & Services,Life Sciences Tools & Services,986445016.0,2020-10-31T22:25:27Z,https://en.wikipedia.org/w/index.php?oldid=986445016,matched_gics
2020-10-31,INCY,Incyte,Health Care,"Pharmaceuticals, Biotechnology & Life Sciences",Biotechnology,Biotechnology,986445016.0,2020-10-31T22:25:27Z,https://en.wikipedia.org/w/index.php?oldid=986445016,matched_gics
2020-10-31,INTC,Intel Corp.,Information Technology,Semiconductors & Semiconductor Equipment,Semiconductors & Semiconductor Equipment,Semiconductors,986445016.0,2020-10-31T22:25:27Z,https://en.wikipedia.org/w/index.php?oldid=986445016,matched_gics
2020-10-31,INTU,Intuit Inc.,Information Technology,Software & Services,Software,Application Software,986445016.0,2020-10-31T22:25:27Z,https://en.wikipedia.org/w/index.php?oldid=986445016,matched_gics
2020-10-31,ISRG,Intuitive Surgical Inc.,Health Care,Health Care Equipment & Services,Health Care Equipment & Supplies,Health Care Equipment,986445016.0,2020-10-31T22:25:27Z,https://en.wikipedia.org/w/index.php?oldid=986445016,matched_gics
2020-10-31,JD,"JD.com, Inc.",,,,,,,,missing_gics
2020-10-31,KDP,Keurig Dr Pepper Inc.,,,,,,,,missing_gics
2020-10-31,KHC,Kraft Heinz Co,Consumer Staples,"Food, Beverage & Tobacco",Food Products,Packaged Foods & Meats,986445016.0,2020-10-31T22:25:27Z,https://en.wikipedia.org/w/index.php?oldid=986445016,matched_gics
2020-10-31,KLAC,KLA Corporation,Information Technology,Semiconductors & Semiconductor Equipment,Semiconductors & Semiconductor Equipment,Semiconductor Equipment,986445016.0,2020-10-31T22:25:27Z,https://en.wikipedia.org/w/index.php?oldid=986445016,matched_gics
2020-10-31,LRCX,Lam Research,Information Technology,Semiconductors & Semiconductor Equipment,Semiconductors & Semiconductor Equipment,Semiconductor Equipment,986445016.0,2020-10-31T22:25:27Z,https://en.wikipedia.org/w/index.php?oldid=986445016,matched_gics
2020-10-31,LULU,lululemon athletica inc.,,,,,,,,missing_gics
2020-10-31,MAR,Marriott Int'l.,Consumer Discretionary,Consumer Services,"Hotels, Restaurants & Leisure","Hotels, Resorts & Cruise Lines",986445016.0,2020-10-31T22:25:27Z,https://en.wikipedia.org/w/index.php?oldid=986445016,matched_gics
2020-10-31,MCHP,Microchip Technology,Information Technology,Semiconductors & Semiconductor Equipment,Semiconductors & Semiconductor Equipment,Semiconductors,986445016.0,2020-10-31T22:25:27Z,https://en.wikipedia.org/w/index.php?oldid=986445016,matched_gics
2020-10-31,MDLZ,Mondelez International,Consumer Staples,"Food, Beverage & Tobacco",Food Products,Packaged Foods & Meats,986445016.0,2020-10-31T22:25:27Z,https://en.wikipedia.org/w/index.php?oldid=986445016,matched_gics
2020-10-31,MELI,MERCADOLIBRE INC,,,,,,,,missing_gics
2020-10-31,META,"Facebook, Inc.",Communication Services,Media & Entertainment,Interactive Media & Services,Interactive Media & Services,986445016.0,2020-10-31T22:25:27Z,https://en.wikipedia.org/w/index.php?oldid=986445016|historical_ticker_alias:FB->META,matched_gics
2020-10-31,MNST,Monster Beverage,Consumer Staples,"Food, Beverage & Tobacco",Beverages,Soft Drinks,986445016.0,2020-10-31T22:25:27Z,https://en.wikipedia.org/w/index.php?oldid=986445016,matched_gics
2020-10-31,MRNA,"Moderna, Inc.",,,,,,,,missing_gics
2020-10-31,MRVL,"Marvell Technology, Inc.",,,,,,,,missing_gics
2020-10-31,MSFT,Microsoft Corp.,Information Technology,Software & Services,Software,Systems Software,986445016.0,2020-10-31T22:25:27Z,https://en.wikipedia.org/w/index.php?oldid=986445016,matched_gics
2020-10-31,MTCH,"Match Group, Inc.",,,,,,,,missing_gics
2020-10-31,MU,Micron Technology,Information Technology,Semiconductors & Semiconductor Equipment,Semiconductors & Semiconductor Equipment,Semiconductors,986445016.0,2020-10-31T22:25:27Z,https://en.wikipedia.org/w/index.php?oldid=986445016,matched_gics
2020-10-31,NFLX,Netflix Inc.,Communication Services,Media & Entertainment,Entertainment,Movies & Entertainment,986445016.0,2020-10-31T22:25:27Z,https://en.wikipedia.org/w/index.php?oldid=986445016,matched_gics
2020-10-31,NTES,"NetEase, Inc.",,,,,,,,missing_gics
2020-10-31,NVDA,Nvidia Corporation,Information Technology,Semiconductors & Semiconductor Equipment,Semiconductors & Semiconductor Equipment,Semiconductors,986445016.0,2020-10-31T22:25:27Z,https://en.wikipedia.org/w/index.php?oldid=986445016,matched_gics
2020-10-31,NXPI,NXP Semiconductors N.V.,,,,,,,,missing_gics
2020-10-31,ODFL,Old Dominion Freight Line,Industrials,Transportation,Road & Rail,Trucking,986445016.0,2020-10-31T22:25:27Z,https://en.wikipedia.org/w/index.php?oldid=986445016,matched_gics
2020-10-31,ON,ON SEMICONDUCTOR CORP,,,,,,,,missing_gics
2020-10-31,ORLY,O'Reilly Automotive,Consumer Discretionary,Retailing,Specialty Retail,Specialty Stores,986445016.0,2020-10-31T22:25:27Z,https://en.wikipedia.org/w/index.php?oldid=986445016,matched_gics
2020-10-31,PAYX,Paychex Inc.,Information Technology,Software & Services,IT Services,Data Processing & Outsourced Services,986445016.0,2020-10-31T22:25:27Z,https://en.wikipedia.org/w/index.php?oldid=986445016,matched_gics
2020-10-31,PCAR,PACCAR Inc.,Industrials,Capital Goods,Machinery,Construction Machinery & Heavy Trucks,986445016.0,2020-10-31T22:25:27Z,https://en.wikipedia.org/w/index.php?oldid=986445016,matched_gics
2020-10-31,PDD,PDD Holdings Inc.,,,,,,,,missing_gics
2020-10-31,PEP,PepsiCo Inc.,Consumer Staples,"Food, Beverage & Tobacco",Beverages,Soft Drinks,986445016.0,2020-10-31T22:25:27Z,https://en.wikipedia.org/w/index.php?oldid=986445016,matched_gics
2020-10-31,PYPL,PayPal,Information Technology,Software & Services,IT Services,Data Processing & Outsourced Services,986445016.0,2020-10-31T22:25:27Z,https://en.wikipedia.org/w/index.php?oldid=986445016,matched_gics
2020-10-31,QCOM,QUALCOMM Inc.,Information Technology,Semiconductors & Semiconductor Equipment,Semiconductors & Semiconductor Equipment,Semiconductors,986445016.0,2020-10-31T22:25:27Z,https://en.wikipedia.org/w/index.php?oldid=986445016,matched_gics
2020-10-31,REGN,Regeneron Pharmaceuticals,Health Care,"Pharmaceuticals, Biotechnology & Life Sciences",Biotechnology,Biotechnology,986445016.0,2020-10-31T22:25:27Z,https://en.wikipedia.org/w/index.php?oldid=986445016,matched_gics
2020-10-31,ROST,Ross Stores,Consumer Discretionary,Retailing,Specialty Retail,Apparel Retail,986445016.0,2020-10-31T22:25:27Z,https://en.wikipedia.org/w/index.php?oldid=986445016,matched_gics
2020-10-31,SBUX,Starbucks Corp.,Consumer Discretionary,Consumer Services,"Hotels, Restaurants & Leisure",Restaurants,986445016.0,2020-10-31T22:25:27Z,https://en.wikipedia.org/w/index.php?oldid=986445016,matched_gics
2020-10-31,SGEN,Seagen Inc.,,,,,,,,missing_gics
2020-10-31,SIRI,SIRIUS XM HOLDINGS INC.,,,,,,,,missing_gics
2020-10-31,SNPS,Synopsys Inc.,Information Technology,Software & Services,Software,Application Software,986445016.0,2020-10-31T22:25:27Z,https://en.wikipedia.org/w/index.php?oldid=986445016,matched_gics
2020-10-31,SPLK,Splunk Inc.,,,,,,,,missing_gics
2020-10-31,SWKS,Skyworks Solutions,Information Technology,Semiconductors & Semiconductor Equipment,Semiconductors & Semiconductor Equipment,Semiconductors,986445016.0,2020-10-31T22:25:27Z,https://en.wikipedia.org/w/index.php?oldid=986445016,matched_gics
2020-10-31,TCOM,Trip.com Group Ltd,,,,,,,,missing_gics
2020-10-31,TEAM,Atlassian Corp,,,,,,,,missing_gics
2020-10-31,TMUS,T-Mobile US,Communication Services,Telecommunication Services,Wireless Telecommunication Services,Wireless Telecommunication Services,986445016.0,2020-10-31T22:25:27Z,https://en.wikipedia.org/w/index.php?oldid=986445016,matched_gics
2020-10-31,TSLA,"Tesla, Inc.",,,,,,,,missing_gics
2020-10-31,TTD,"Trade Desk, Inc.",,,,,,,,missing_gics
2020-10-31,TXN,Texas Instruments,Information Technology,Semiconductors & Semiconductor Equipment,Semiconductors & Semiconductor Equipment,Semiconductors,986445016.0,2020-10-31T22:25:27Z,https://en.wikipedia.org/w/index.php?oldid=986445016,matched_gics
2020-10-31,VRSK,Verisk Analytics,Industrials,Commercial & Professional Services,Professional Services,Research & Consulting Services,986445016.0,2020-10-31T22:25:27Z,https://en.wikipedia.org/w/index.php?oldid=986445016,matched_gics
2020-10-31,VRSN,Verisign Inc.,Information Technology,Software & Services,IT Services,Internet Services & Infrastructure,986445016.0,2020-10-31T22:25:27Z,https://en.wikipedia.org/w/index.php?oldid=986445016,matched_gics
2020-10-31,VRTX,Vertex Pharmaceuticals Inc,Health Care,"Pharmaceuticals, Biotechnology & Life Sciences",Biotechnology,Biotechnology,986445016.0,2020-10-31T22:25:27Z,https://en.wikipedia.org/w/index.php?oldid=986445016,matched_gics
2020-10-31,WBA,Walgreens Boots Alliance,Consumer Staples,Food & Staples Retailing,Food & Staples Retailing,Drug Retail,986445016.0,2020-10-31T22:25:27Z,https://en.wikipedia.org/w/index.php?oldid=986445016,matched_gics
2020-10-31,WDAY,"Workday, Inc.",,,,,,,,missing_gics
2020-10-31,XEL,Xcel Energy Inc,Utilities,Utilities,Multi-Utilities,Multi-Utilities,986445016.0,2020-10-31T22:25:27Z,https://en.wikipedia.org/w/index.php?oldid=986445016,matched_gics
2020-10-31,ZM,"Zoom Communications, Inc.",,,,,,,,missing_gics
2020-11-30,AAPL,Apple Inc.,Information Technology,Technology Hardware & Equipment,"Technology Hardware, Storage & Peripherals","Technology Hardware, Storage & Peripherals",991614697.0,2020-11-30T23:51:44Z,https://en.wikipedia.org/w/index.php?oldid=991614697,matched_gics
2020-11-30,ADBE,Adobe Inc.,Information Technology,Software & Services,Software,Application Software,991614697.0,2020-11-30T23:51:44Z,https://en.wikipedia.org/w/index.php?oldid=991614697,matched_gics
2020-11-30,ADI,"Analog Devices, Inc.",Information Technology,Semiconductors & Semiconductor Equipment,Semiconductors & Semiconductor Equipment,Semiconductors,991614697.0,2020-11-30T23:51:44Z,https://en.wikipedia.org/w/index.php?oldid=991614697,matched_gics
2020-11-30,ADP,Automatic Data Processing,Information Technology,Software & Services,IT Services,Internet Services & Infrastructure,991614697.0,2020-11-30T23:51:44Z,https://en.wikipedia.org/w/index.php?oldid=991614697,matched_gics
2020-11-30,ADSK,Autodesk Inc.,Information Technology,Software & Services,Software,Application Software,991614697.0,2020-11-30T23:51:44Z,https://en.wikipedia.org/w/index.php?oldid=991614697,matched_gics
2020-11-30,AEP,American Electric Power,Utilities,Utilities,Electric Utilities,Electric Utilities,991614697.0,2020-11-30T23:51:44Z,https://en.wikipedia.org/w/index.php?oldid=991614697,matched_gics
2020-11-30,ALGN,Align Technology,Health Care,Health Care Equipment & Services,Health Care Equipment & Supplies,Health Care Supplies,991614697.0,2020-11-30T23:51:44Z,https://en.wikipedia.org/w/index.php?oldid=991614697,matched_gics
2020-11-30,AMAT,Applied Materials Inc.,Information Technology,Semiconductors & Semiconductor Equipment,Semiconductors & Semiconductor Equipment,Semiconductor Equipment,991614697.0,2020-11-30T23:51:44Z,https://en.wikipedia.org/w/index.php?oldid=991614697,matched_gics
2020-11-30,AMD,Advanced Micro Devices Inc,Information Technology,Semiconductors & Semiconductor Equipment,Semiconductors & Semiconductor Equipment,Semiconductors,991614697.0,2020-11-30T23:51:44Z,https://en.wikipedia.org/w/index.php?oldid=991614697,matched_gics
2020-11-30,AMGN,Amgen Inc.,Health Care,"Pharmaceuticals, Biotechnology & Life Sciences",Biotechnology,Biotechnology,991614697.0,2020-11-30T23:51:44Z,https://en.wikipedia.org/w/index.php?oldid=991614697,matched_gics
2020-11-30,AMZN,Amazon.com Inc.,Consumer Discretionary,Retailing,Internet & Direct Marketing Retail,Internet & Direct Marketing Retail,991614697.0,2020-11-30T23:51:44Z,https://en.wikipedia.org/w/index.php?oldid=991614697,matched_gics
2020-11-30,ANSS,ANSYS,Information Technology,Software & Services,Software,Application Software,991614697.0,2020-11-30T23:51:44Z,https://en.wikipedia.org/w/index.php?oldid=991614697,matched_gics
2020-11-30,ASML,ASML HOLDING NV,,,,,,,,missing_gics
2020-11-30,AVGO,Broadcom Inc.,Information Technology,Semiconductors & Semiconductor Equipment,Semiconductors & Semiconductor Equipment,Semiconductors,991614697.0,2020-11-30T23:51:44Z,https://en.wikipedia.org/w/index.php?oldid=991614697,matched_gics
2020-11-30,AZN,ASTRAZENECA PLC,,,,,,,,missing_gics
2020-11-30,BIDU,"Baidu, Inc.",,,,,,,,missing_gics
2020-11-30,BIIB,Biogen Inc.,Health Care,"Pharmaceuticals, Biotechnology & Life Sciences",Biotechnology,Biotechnology,991614697.0,2020-11-30T23:51:44Z,https://en.wikipedia.org/w/index.php?oldid=991614697,matched_gics
2020-11-30,BKNG,Booking Holdings Inc,Consumer Discretionary,Retailing,Internet & Direct Marketing Retail,Internet & Direct Marketing Retail,991614697.0,2020-11-30T23:51:44Z,https://en.wikipedia.org/w/index.php?oldid=991614697,matched_gics
2020-11-30,CDNS,Cadence Design Systems,Information Technology,Software & Services,Software,Application Software,991614697.0,2020-11-30T23:51:44Z,https://en.wikipedia.org/w/index.php?oldid=991614697,matched_gics
2020-11-30,CDW,CDW,Information Technology,Technology Hardware & Equipment,"Electronic Equipment, Instruments & Components",Technology Distributors,991614697.0,2020-11-30T23:51:44Z,https://en.wikipedia.org/w/index.php?oldid=991614697,matched_gics
2020-11-30,CEG,Constellation Energy Corp,,,,,,,,missing_gics
2020-11-30,CERN,Cerner,Health Care,Health Care Equipment & Services,Health Care Technology,Health Care Technology,991614697.0,2020-11-30T23:51:44Z,https://en.wikipedia.org/w/index.php?oldid=991614697,matched_gics
2020-11-30,CHKP,CHECK POINT SOFTWARE TECHNOLOGIES LTD,,,,,,,,missing_gics
2020-11-30,CHTR,Charter Communications,Communication Services,Media,Media,Cable & Satellite,991614697.0,2020-11-30T23:51:44Z,https://en.wikipedia.org/w/index.php?oldid=991614697,matched_gics
2020-11-30,CMCSA,Comcast Corp.,Communication Services,Media,Media,Cable & Satellite,991614697.0,2020-11-30T23:51:44Z,https://en.wikipedia.org/w/index.php?oldid=991614697,matched_gics
2020-11-30,COST,Costco Wholesale Corp.,Consumer Staples,Food & Staples Retailing,Food & Staples Retailing,Hypermarkets & Super Centers,991614697.0,2020-11-30T23:51:44Z,https://en.wikipedia.org/w/index.php?oldid=991614697,matched_gics
2020-11-30,CPRT,Copart Inc,Industrials,Commercial & Professional Services,Commercial Services & Supplies,Diversified Support Services,991614697.0,2020-11-30T23:51:44Z,https://en.wikipedia.org/w/index.php?oldid=991614697,matched_gics
2020-11-30,CRWD,"CrowdStrike Holdings, Inc.",,,,,,,,missing_gics
2020-11-30,CSCO,Cisco Systems,Information Technology,Technology Hardware & Equipment,Communications Equipment,Communications Equipment,991614697.0,2020-11-30T23:51:44Z,https://en.wikipedia.org/w/index.php?oldid=991614697,matched_gics
2020-11-30,CSX,CSX Corp.,Industrials,Transportation,Road & Rail,Railroads,991614697.0,2020-11-30T23:51:44Z,https://en.wikipedia.org/w/index.php?oldid=991614697,matched_gics
2020-11-30,CTAS,Cintas Corporation,Industrials,Commercial & Professional Services,Commercial Services & Supplies,Diversified Support Services,991614697.0,2020-11-30T23:51:44Z,https://en.wikipedia.org/w/index.php?oldid=991614697,matched_gics
2020-11-30,CTSH,Cognizant Technology Solutions,Information Technology,Software & Services,IT Services,IT Consulting & Other Services,991614697.0,2020-11-30T23:51:44Z,https://en.wikipedia.org/w/index.php?oldid=991614697,matched_gics
2020-11-30,DLTR,Dollar Tree,Consumer Discretionary,Retailing,Multiline Retail,General Merchandise Stores,991614697.0,2020-11-30T23:51:44Z,https://en.wikipedia.org/w/index.php?oldid=991614697,matched_gics
2020-11-30,DOCU,"DOCUSIGN, INC.",,,,,,,,missing_gics
2020-11-30,DXCM,DexCom,Health Care,Health Care Equipment & Services,Health Care Equipment & Supplies,Health Care Equipment,991614697.0,2020-11-30T23:51:44Z,https://en.wikipedia.org/w/index.php?oldid=991614697,matched_gics
2020-11-30,EA,Electronic Arts,Communication Services,Media & Entertainment,Entertainment,Interactive Home Entertainment,991614697.0,2020-11-30T23:51:44Z,https://en.wikipedia.org/w/index.php?oldid=991614697,matched_gics
2020-11-30,EBAY,eBay Inc.,Consumer Discretionary,Retailing,Internet & Direct Marketing Retail,Internet & Direct Marketing Retail,991614697.0,2020-11-30T23:51:44Z,https://en.wikipedia.org/w/index.php?oldid=991614697,matched_gics
2020-11-30,ENPH,"Enphase Energy, Inc.",,,,,,,,missing_gics
2020-11-30,EXC,Exelon Corp.,Utilities,Utilities,Multi-Utilities,Multi-Utilities,991614697.0,2020-11-30T23:51:44Z,https://en.wikipedia.org/w/index.php?oldid=991614697,matched_gics
2020-11-30,FAST,Fastenal Co,Industrials,Capital Goods,Building Products,Building Products,991614697.0,2020-11-30T23:51:44Z,https://en.wikipedia.org/w/index.php?oldid=991614697,matched_gics
2020-11-30,FOX,Fox Corporation (Class B),Communication Services,Media & Entertainment,Entertainment,Movies & Entertainment,991614697.0,2020-11-30T23:51:44Z,https://en.wikipedia.org/w/index.php?oldid=991614697,matched_gics
2020-11-30,FOXA,Fox Corporation (Class A),Communication Services,Media & Entertainment,Entertainment,Movies & Entertainment,991614697.0,2020-11-30T23:51:44Z,https://en.wikipedia.org/w/index.php?oldid=991614697,matched_gics
2020-11-30,GEHC,GE HealthCare Technologies Inc.,,,,,,,,missing_gics
2020-11-30,GILD,Gilead Sciences,Health Care,"Pharmaceuticals, Biotechnology & Life Sciences",Biotechnology,Biotechnology,991614697.0,2020-11-30T23:51:44Z,https://en.wikipedia.org/w/index.php?oldid=991614697,matched_gics
2020-11-30,GOOG,Alphabet Inc. (Class C),Communication Services,Media & Entertainment,Interactive Media & Services,Interactive Media & Services,991614697.0,2020-11-30T23:51:44Z,https://en.wikipedia.org/w/index.php?oldid=991614697,matched_gics
2020-11-30,GOOGL,Alphabet Inc. (Class A),Communication Services,Media & Entertainment,Interactive Media & Services,Interactive Media & Services,991614697.0,2020-11-30T23:51:44Z,https://en.wikipedia.org/w/index.php?oldid=991614697,matched_gics
2020-11-30,HON,Honeywell Int'l Inc.,Industrials,Capital Goods,Industrial Conglomerates,Industrial Conglomerates,991614697.0,2020-11-30T23:51:44Z,https://en.wikipedia.org/w/index.php?oldid=991614697,matched_gics
2020-11-30,IDXX,IDEXX Laboratories,Health Care,Health Care Equipment & Services,Health Care Equipment & Supplies,Health Care Equipment,991614697.0,2020-11-30T23:51:44Z,https://en.wikipedia.org/w/index.php?oldid=991614697,matched_gics
2020-11-30,ILMN,Illumina Inc,Health Care,"Pharmaceuticals, Biotechnology & Life Sciences",Life Sciences Tools & Services,Life Sciences Tools & Services,991614697.0,2020-11-30T23:51:44Z,https://en.wikipedia.org/w/index.php?oldid=991614697,matched_gics
2020-11-30,INCY,Incyte,Health Care,"Pharmaceuticals, Biotechnology & Life Sciences",Biotechnology,Biotechnology,991614697.0,2020-11-30T23:51:44Z,https://en.wikipedia.org/w/index.php?oldid=991614697,matched_gics
2020-11-30,INTC,Intel Corp.,Information Technology,Semiconductors & Semiconductor Equipment,Semiconductors & Semiconductor Equipment,Semiconductors,991614697.0,2020-11-30T23:51:44Z,https://en.wikipedia.org/w/index.php?oldid=991614697,matched_gics
2020-11-30,INTU,Intuit Inc.,Information Technology,Software & Services,Software,Application Software,991614697.0,2020-11-30T23:51:44Z,https://en.wikipedia.org/w/index.php?oldid=991614697,matched_gics
2020-11-30,ISRG,Intuitive Surgical Inc.,Health Care,Health Care Equipment & Services,Health Care Equipment & Supplies,Health Care Equipment,991614697.0,2020-11-30T23:51:44Z,https://en.wikipedia.org/w/index.php?oldid=991614697,matched_gics
2020-11-30,JD,"JD.com, Inc.",,,,,,,,missing_gics
2020-11-30,KDP,Keurig Dr Pepper Inc.,,,,,,,,missing_gics
2020-11-30,KHC,Kraft Heinz Co,Consumer Staples,"Food, Beverage & Tobacco",Food Products,Packaged Foods & Meats,991614697.0,2020-11-30T23:51:44Z,https://en.wikipedia.org/w/index.php?oldid=991614697,matched_gics
2020-11-30,KLAC,KLA Corporation,Information Technology,Semiconductors & Semiconductor Equipment,Semiconductors & Semiconductor Equipment,Semiconductor Equipment,991614697.0,2020-11-30T23:51:44Z,https://en.wikipedia.org/w/index.php?oldid=991614697,matched_gics
2020-11-30,LRCX,Lam Research,Information Technology,Semiconductors & Semiconductor Equipment,Semiconductors & Semiconductor Equipment,Semiconductor Equipment,991614697.0,2020-11-30T23:51:44Z,https://en.wikipedia.org/w/index.php?oldid=991614697,matched_gics
2020-11-30,LULU,lululemon athletica inc.,,,,,,,,missing_gics
2020-11-30,MAR,Marriott Int'l.,Consumer Discretionary,Consumer Services,"Hotels, Restaurants & Leisure","Hotels, Resorts & Cruise Lines",991614697.0,2020-11-30T23:51:44Z,https://en.wikipedia.org/w/index.php?oldid=991614697,matched_gics
2020-11-30,MCHP,Microchip Technology,Information Technology,Semiconductors & Semiconductor Equipment,Semiconductors & Semiconductor Equipment,Semiconductors,991614697.0,2020-11-30T23:51:44Z,https://en.wikipedia.org/w/index.php?oldid=991614697,matched_gics
2020-11-30,MDLZ,Mondelez International,Consumer Staples,"Food, Beverage & Tobacco",Food Products,Packaged Foods & Meats,991614697.0,2020-11-30T23:51:44Z,https://en.wikipedia.org/w/index.php?oldid=991614697,matched_gics
2020-11-30,MELI,MERCADOLIBRE INC,,,,,,,,missing_gics
2020-11-30,META,"Facebook, Inc.",Communication Services,Media & Entertainment,Interactive Media & Services,Interactive Media & Services,991614697.0,2020-11-30T23:51:44Z,https://en.wikipedia.org/w/index.php?oldid=991614697|historical_ticker_alias:FB->META,matched_gics
2020-11-30,MNST,Monster Beverage,Consumer Staples,"Food, Beverage & Tobacco",Beverages,Soft Drinks,991614697.0,2020-11-30T23:51:44Z,https://en.wikipedia.org/w/index.php?oldid=991614697,matched_gics
2020-11-30,MRNA,"Moderna, Inc.",,,,,,,,missing_gics
2020-11-30,MRVL,"Marvell Technology, Inc.",,,,,,,,missing_gics
2020-11-30,MSFT,Microsoft Corp.,Information Technology,Software & Services,Software,Systems Software,991614697.0,2020-11-30T23:51:44Z,https://en.wikipedia.org/w/index.php?oldid=991614697,matched_gics
2020-11-30,MTCH,"Match Group, Inc.",,,,,,,,missing_gics
2020-11-30,MU,Micron Technology,Information Technology,Semiconductors & Semiconductor Equipment,Semiconductors & Semiconductor Equipment,Semiconductors,991614697.0,2020-11-30T23:51:44Z,https://en.wikipedia.org/w/index.php?oldid=991614697,matched_gics
2020-11-30,NFLX,Netflix Inc.,Communication Services,Media & Entertainment,Entertainment,Movies & Entertainment,991614697.0,2020-11-30T23:51:44Z,https://en.wikipedia.org/w/index.php?oldid=991614697,matched_gics
2020-11-30,NTES,"NetEase, Inc.",,,,,,,,missing_gics
2020-11-30,NVDA,Nvidia Corporation,Information Technology,Semiconductors & Semiconductor Equipment,Semiconductors & Semiconductor Equipment,Semiconductors,991614697.0,2020-11-30T23:51:44Z,https://en.wikipedia.org/w/index.php?oldid=991614697,matched_gics
2020-11-30,NXPI,NXP Semiconductors N.V.,,,,,,,,missing_gics
2020-11-30,ODFL,Old Dominion Freight Line,Industrials,Transportation,Road & Rail,Trucking,991614697.0,2020-11-30T23:51:44Z,https://en.wikipedia.org/w/index.php?oldid=991614697,matched_gics
2020-11-30,ON,ON SEMICONDUCTOR CORP,,,,,,,,missing_gics
2020-11-30,ORLY,O'Reilly Automotive,Consumer Discretionary,Retailing,Specialty Retail,Specialty Stores,991614697.0,2020-11-30T23:51:44Z,https://en.wikipedia.org/w/index.php?oldid=991614697,matched_gics
2020-11-30,PAYX,Paychex Inc.,Information Technology,Software & Services,IT Services,Data Processing & Outsourced Services,991614697.0,2020-11-30T23:51:44Z,https://en.wikipedia.org/w/index.php?oldid=991614697,matched_gics
2020-11-30,PCAR,PACCAR Inc.,Industrials,Capital Goods,Machinery,Construction Machinery & Heavy Trucks,991614697.0,2020-11-30T23:51:44Z,https://en.wikipedia.org/w/index.php?oldid=991614697,matched_gics
2020-11-30,PDD,PDD Holdings Inc.,,,,,,,,missing_gics
2020-11-30,PEP,PepsiCo Inc.,Consumer Staples,"Food, Beverage & Tobacco",Beverages,Soft Drinks,991614697.0,2020-11-30T23:51:44Z,https://en.wikipedia.org/w/index.php?oldid=991614697,matched_gics
2020-11-30,PYPL,PayPal,Information Technology,Software & Services,IT Services,Data Processing & Outsourced Services,991614697.0,2020-11-30T23:51:44Z,https://en.wikipedia.org/w/index.php?oldid=991614697,matched_gics
2020-11-30,QCOM,QUALCOMM Inc.,Information Technology,Semiconductors & Semiconductor Equipment,Semiconductors & Semiconductor Equipment,Semiconductors,991614697.0,2020-11-30T23:51:44Z,https://en.wikipedia.org/w/index.php?oldid=991614697,matched_gics
2020-11-30,REGN,Regeneron Pharmaceuticals,Health Care,"Pharmaceuticals, Biotechnology & Life Sciences",Biotechnology,Biotechnology,991614697.0,2020-11-30T23:51:44Z,https://en.wikipedia.org/w/index.php?oldid=991614697,matched_gics
2020-11-30,ROST,Ross Stores,Consumer Discretionary,Retailing,Specialty Retail,Apparel Retail,991614697.0,2020-11-30T23:51:44Z,https://en.wikipedia.org/w/index.php?oldid=991614697,matched_gics
2020-11-30,SBUX,Starbucks Corp.,Consumer Discretionary,Consumer Services,"Hotels, Restaurants & Leisure",Restaurants,991614697.0,2020-11-30T23:51:44Z,https://en.wikipedia.org/w/index.php?oldid=991614697,matched_gics
2020-11-30,SGEN,Seagen Inc.,,,,,,,,missing_gics
2020-11-30,SIRI,SIRIUS XM HOLDINGS INC.,,,,,,,,missing_gics
2020-11-30,SNPS,Synopsys Inc.,Information Technology,Software & Services,Software,Application Software,991614697.0,2020-11-30T23:51:44Z,https://en.wikipedia.org/w/index.php?oldid=991614697,matched_gics
2020-11-30,SPLK,Splunk Inc.,,,,,,,,missing_gics
2020-11-30,SWKS,Skyworks Solutions,Information Technology,Semiconductors & Semiconductor Equipment,Semiconductors & Semiconductor Equipment,Semiconductors,991614697.0,2020-11-30T23:51:44Z,https://en.wikipedia.org/w/index.php?oldid=991614697,matched_gics
2020-11-30,TCOM,Trip.com Group Ltd,,,,,,,,missing_gics
2020-11-30,TEAM,Atlassian Corp,,,,,,,,missing_gics
2020-11-30,TMUS,T-Mobile US,Communication Services,Telecommunication Services,Wireless Telecommunication Services,Wireless Telecommunication Services,991614697.0,2020-11-30T23:51:44Z,https://en.wikipedia.org/w/index.php?oldid=991614697,matched_gics
2020-11-30,TSLA,"Tesla, Inc.",,,,,,,,missing_gics
2020-11-30,TTD,"Trade Desk, Inc.",,,,,,,,missing_gics
2020-11-30,TXN,Texas Instruments,Information Technology,Semiconductors & Semiconductor Equipment,Semiconductors & Semiconductor Equipment,Semiconductors,991614697.0,2020-11-30T23:51:44Z,https://en.wikipedia.org/w/index.php?oldid=991614697,matched_gics
2020-11-30,VRSK,Verisk Analytics,Industrials,Commercial & Professional Services,Professional Services,Research & Consulting Services,991614697.0,2020-11-30T23:51:44Z,https://en.wikipedia.org/w/index.php?oldid=991614697,matched_gics
2020-11-30,VRSN,Verisign Inc.,Information Technology,Software & Services,IT Services,Internet Services & Infrastructure,991614697.0,2020-11-30T23:51:44Z,https://en.wikipedia.org/w/index.php?oldid=991614697,matched_gics
2020-11-30,VRTX,Vertex Pharmaceuticals Inc,Health Care,"Pharmaceuticals, Biotechnology & Life Sciences",Biotechnology,Biotechnology,991614697.0,2020-11-30T23:51:44Z,https://en.wikipedia.org/w/index.php?oldid=991614697,matched_gics
2020-11-30,WBA,Walgreens Boots Alliance,Consumer Staples,Food & Staples Retailing,Food & Staples Retailing,Drug Retail,991614697.0,2020-11-30T23:51:44Z,https://en.wikipedia.org/w/index.php?oldid=991614697,matched_gics
2020-11-30,WDAY,"Workday, Inc.",,,,,,,,missing_gics
2020-11-30,XEL,Xcel Energy Inc,Utilities,Utilities,Multi-Utilities,Multi-Utilities,991614697.0,2020-11-30T23:51:44Z,https://en.wikipedia.org/w/index.php?oldid=991614697,matched_gics
2020-11-30,ZM,"Zoom Communications, Inc.",,,,,,,,missing_gics
2020-12-31,AAPL,Apple Inc.,Information Technology,Technology Hardware & Equipment,"Technology Hardware, Storage & Peripherals","Technology Hardware, Storage & Peripherals",997494787.0,2020-12-31T19:55:41Z,https://en.wikipedia.org/w/index.php?oldid=997494787,matched_gics
2020-12-31,ADBE,Adobe Inc.,Information Technology,Software & Services,Software,Application Software,997494787.0,2020-12-31T19:55:41Z,https://en.wikipedia.org/w/index.php?oldid=997494787,matched_gics
2020-12-31,ADI,"Analog Devices, Inc.",Information Technology,Semiconductors & Semiconductor Equipment,Semiconductors & Semiconductor Equipment,Semiconductors,997494787.0,2020-12-31T19:55:41Z,https://en.wikipedia.org/w/index.php?oldid=997494787,matched_gics
2020-12-31,ADP,Automatic Data Processing,Information Technology,Software & Services,IT Services,Internet Services & Infrastructure,997494787.0,2020-12-31T19:55:41Z,https://en.wikipedia.org/w/index.php?oldid=997494787,matched_gics
2020-12-31,ADSK,Autodesk Inc.,Information Technology,Software & Services,Software,Application Software,997494787.0,2020-12-31T19:55:41Z,https://en.wikipedia.org/w/index.php?oldid=997494787,matched_gics
2020-12-31,AEP,American Electric Power,Utilities,Utilities,Electric Utilities,Electric Utilities,997494787.0,2020-12-31T19:55:41Z,https://en.wikipedia.org/w/index.php?oldid=997494787,matched_gics
2020-12-31,ALGN,Align Technology,Health Care,Health Care Equipment & Services,Health Care Equipment & Supplies,Health Care Supplies,997494787.0,2020-12-31T19:55:41Z,https://en.wikipedia.org/w/index.php?oldid=997494787,matched_gics
2020-12-31,AMAT,Applied Materials Inc.,Information Technology,Semiconductors & Semiconductor Equipment,Semiconductors & Semiconductor Equipment,Semiconductor Equipment,997494787.0,2020-12-31T19:55:41Z,https://en.wikipedia.org/w/index.php?oldid=997494787,matched_gics
2020-12-31,AMD,Advanced Micro Devices Inc,Information Technology,Semiconductors & Semiconductor Equipment,Semiconductors & Semiconductor Equipment,Semiconductors,997494787.0,2020-12-31T19:55:41Z,https://en.wikipedia.org/w/index.php?oldid=997494787,matched_gics
2020-12-31,AMGN,Amgen Inc.,Health Care,"Pharmaceuticals, Biotechnology & Life Sciences",Biotechnology,Biotechnology,997494787.0,2020-12-31T19:55:41Z,https://en.wikipedia.org/w/index.php?oldid=997494787,matched_gics
2020-12-31,AMZN,Amazon.com Inc.,Consumer Discretionary,Retailing,Internet & Direct Marketing Retail,Internet & Direct Marketing Retail,997494787.0,2020-12-31T19:55:41Z,https://en.wikipedia.org/w/index.php?oldid=997494787,matched_gics
2020-12-31,ANSS,ANSYS,Information Technology,Software & Services,Software,Application Software,997494787.0,2020-12-31T19:55:41Z,https://en.wikipedia.org/w/index.php?oldid=997494787,matched_gics
2020-12-31,ASML,ASML HOLDING NV,,,,,,,,missing_gics
2020-12-31,AVGO,Broadcom Inc.,Information Technology,Semiconductors & Semiconductor Equipment,Semiconductors & Semiconductor Equipment,Semiconductors,997494787.0,2020-12-31T19:55:41Z,https://en.wikipedia.org/w/index.php?oldid=997494787,matched_gics
2020-12-31,AZN,ASTRAZENECA PLC,,,,,,,,missing_gics
2020-12-31,BIDU,"Baidu, Inc.",,,,,,,,missing_gics
2020-12-31,BIIB,Biogen Inc.,Health Care,"Pharmaceuticals, Biotechnology & Life Sciences",Biotechnology,Biotechnology,997494787.0,2020-12-31T19:55:41Z,https://en.wikipedia.org/w/index.php?oldid=997494787,matched_gics
2020-12-31,BKNG,Booking Holdings Inc,Consumer Discretionary,Retailing,Internet & Direct Marketing Retail,Internet & Direct Marketing Retail,997494787.0,2020-12-31T19:55:41Z,https://en.wikipedia.org/w/index.php?oldid=997494787,matched_gics
2020-12-31,CDNS,Cadence Design Systems,Information Technology,Software & Services,Software,Application Software,997494787.0,2020-12-31T19:55:41Z,https://en.wikipedia.org/w/index.php?oldid=997494787,matched_gics
2020-12-31,CDW,CDW,Information Technology,Technology Hardware & Equipment,"Electronic Equipment, Instruments & Components",Technology Distributors,997494787.0,2020-12-31T19:55:41Z,https://en.wikipedia.org/w/index.php?oldid=997494787,matched_gics
2020-12-31,CEG,Constellation Energy Corp,,,,,,,,missing_gics
2020-12-31,CERN,Cerner,Health Care,Health Care Equipment & Services,Health Care Technology,Health Care Technology,997494787.0,2020-12-31T19:55:41Z,https://en.wikipedia.org/w/index.php?oldid=997494787,matched_gics
2020-12-31,CHKP,CHECK POINT SOFTWARE TECHNOLOGIES LTD,,,,,,,,missing_gics
2020-12-31,CHTR,Charter Communications,Communication Services,Media,Media,Cable & Satellite,997494787.0,2020-12-31T19:55:41Z,https://en.wikipedia.org/w/index.php?oldid=997494787,matched_gics
2020-12-31,CMCSA,Comcast Corp.,Communication Services,Media,Media,Cable & Satellite,997494787.0,2020-12-31T19:55:41Z,https://en.wikipedia.org/w/index.php?oldid=997494787,matched_gics
2020-12-31,COST,Costco Wholesale Corp.,Consumer Staples,Food & Staples Retailing,Food & Staples Retailing,Hypermarkets & Super Centers,997494787.0,2020-12-31T19:55:41Z,https://en.wikipedia.org/w/index.php?oldid=997494787,matched_gics
2020-12-31,CPRT,Copart Inc,Industrials,Commercial & Professional Services,Commercial Services & Supplies,Diversified Support Services,997494787.0,2020-12-31T19:55:41Z,https://en.wikipedia.org/w/index.php?oldid=997494787,matched_gics
2020-12-31,CRWD,"CrowdStrike Holdings, Inc.",,,,,,,,missing_gics
2020-12-31,CSCO,Cisco Systems,Information Technology,Technology Hardware & Equipment,Communications Equipment,Communications Equipment,997494787.0,2020-12-31T19:55:41Z,https://en.wikipedia.org/w/index.php?oldid=997494787,matched_gics
2020-12-31,CSX,CSX Corp.,Industrials,Transportation,Road & Rail,Railroads,997494787.0,2020-12-31T19:55:41Z,https://en.wikipedia.org/w/index.php?oldid=997494787,matched_gics
2020-12-31,CTAS,Cintas Corporation,Industrials,Commercial & Professional Services,Commercial Services & Supplies,Diversified Support Services,997494787.0,2020-12-31T19:55:41Z,https://en.wikipedia.org/w/index.php?oldid=997494787,matched_gics
2020-12-31,CTSH,Cognizant Technology Solutions,Information Technology,Software & Services,IT Services,IT Consulting & Other Services,997494787.0,2020-12-31T19:55:41Z,https://en.wikipedia.org/w/index.php?oldid=997494787,matched_gics
2020-12-31,DLTR,Dollar Tree,Consumer Discretionary,Retailing,Multiline Retail,General Merchandise Stores,997494787.0,2020-12-31T19:55:41Z,https://en.wikipedia.org/w/index.php?oldid=997494787,matched_gics
2020-12-31,DOCU,"DOCUSIGN, INC.",,,,,,,,missing_gics
2020-12-31,DXCM,DexCom,Health Care,Health Care Equipment & Services,Health Care Equipment & Supplies,Health Care Equipment,997494787.0,2020-12-31T19:55:41Z,https://en.wikipedia.org/w/index.php?oldid=997494787,matched_gics
2020-12-31,EA,Electronic Arts,Communication Services,Media & Entertainment,Entertainment,Interactive Home Entertainment,997494787.0,2020-12-31T19:55:41Z,https://en.wikipedia.org/w/index.php?oldid=997494787,matched_gics
2020-12-31,EBAY,eBay Inc.,Consumer Discretionary,Retailing,Internet & Direct Marketing Retail,Internet & Direct Marketing Retail,997494787.0,2020-12-31T19:55:41Z,https://en.wikipedia.org/w/index.php?oldid=997494787,matched_gics
2020-12-31,ENPH,"Enphase Energy, Inc.",,,,,,,,missing_gics
2020-12-31,EXC,Exelon Corp.,Utilities,Utilities,Multi-Utilities,Multi-Utilities,997494787.0,2020-12-31T19:55:41Z,https://en.wikipedia.org/w/index.php?oldid=997494787,matched_gics
2020-12-31,FAST,Fastenal Co,Industrials,Capital Goods,Building Products,Building Products,997494787.0,2020-12-31T19:55:41Z,https://en.wikipedia.org/w/index.php?oldid=997494787,matched_gics
2020-12-31,FOX,Fox Corporation (Class B),Communication Services,Media & Entertainment,Entertainment,Movies & Entertainment,997494787.0,2020-12-31T19:55:41Z,https://en.wikipedia.org/w/index.php?oldid=997494787,matched_gics
2020-12-31,FOXA,Fox Corporation (Class A),Communication Services,Media & Entertainment,Entertainment,Movies & Entertainment,997494787.0,2020-12-31T19:55:41Z,https://en.wikipedia.org/w/index.php?oldid=997494787,matched_gics
2020-12-31,GEHC,GE HealthCare Technologies Inc.,,,,,,,,missing_gics
2020-12-31,GILD,Gilead Sciences,Health Care,"Pharmaceuticals, Biotechnology & Life Sciences",Biotechnology,Biotechnology,997494787.0,2020-12-31T19:55:41Z,https://en.wikipedia.org/w/index.php?oldid=997494787,matched_gics
2020-12-31,GOOG,Alphabet Inc. (Class C),Communication Services,Media & Entertainment,Interactive Media & Services,Interactive Media & Services,997494787.0,2020-12-31T19:55:41Z,https://en.wikipedia.org/w/index.php?oldid=997494787,matched_gics
2020-12-31,GOOGL,Alphabet Inc. (Class A),Communication Services,Media & Entertainment,Interactive Media & Services,Interactive Media & Services,997494787.0,2020-12-31T19:55:41Z,https://en.wikipedia.org/w/index.php?oldid=997494787,matched_gics
2020-12-31,HON,Honeywell Int'l Inc.,Industrials,Capital Goods,Industrial Conglomerates,Industrial Conglomerates,997494787.0,2020-12-31T19:55:41Z,https://en.wikipedia.org/w/index.php?oldid=997494787,matched_gics
2020-12-31,IDXX,IDEXX Laboratories,Health Care,Health Care Equipment & Services,Health Care Equipment & Supplies,Health Care Equipment,997494787.0,2020-12-31T19:55:41Z,https://en.wikipedia.org/w/index.php?oldid=997494787,matched_gics
2020-12-31,ILMN,Illumina Inc,Health Care,"Pharmaceuticals, Biotechnology & Life Sciences",Life Sciences Tools & Services,Life Sciences Tools & Services,997494787.0,2020-12-31T19:55:41Z,https://en.wikipedia.org/w/index.php?oldid=997494787,matched_gics
2020-12-31,INCY,Incyte,Health Care,"Pharmaceuticals, Biotechnology & Life Sciences",Biotechnology,Biotechnology,997494787.0,2020-12-31T19:55:41Z,https://en.wikipedia.org/w/index.php?oldid=997494787,matched_gics
2020-12-31,INTC,Intel Corp.,Information Technology,Semiconductors & Semiconductor Equipment,Semiconductors & Semiconductor Equipment,Semiconductors,997494787.0,2020-12-31T19:55:41Z,https://en.wikipedia.org/w/index.php?oldid=997494787,matched_gics
2020-12-31,INTU,Intuit Inc.,Information Technology,Software & Services,Software,Application Software,997494787.0,2020-12-31T19:55:41Z,https://en.wikipedia.org/w/index.php?oldid=997494787,matched_gics
2020-12-31,ISRG,Intuitive Surgical Inc.,Health Care,Health Care Equipment & Services,Health Care Equipment & Supplies,Health Care Equipment,997494787.0,2020-12-31T19:55:41Z,https://en.wikipedia.org/w/index.php?oldid=997494787,matched_gics
2020-12-31,JD,"JD.com, Inc.",,,,,,,,missing_gics
2020-12-31,KDP,Keurig Dr Pepper Inc.,,,,,,,,missing_gics
2020-12-31,KHC,Kraft Heinz Co,Consumer Staples,"Food, Beverage & Tobacco",Food Products,Packaged Foods & Meats,997494787.0,2020-12-31T19:55:41Z,https://en.wikipedia.org/w/index.php?oldid=997494787,matched_gics
2020-12-31,KLAC,KLA Corporation,Information Technology,Semiconductors & Semiconductor Equipment,Semiconductors & Semiconductor Equipment,Semiconductor Equipment,997494787.0,2020-12-31T19:55:41Z,https://en.wikipedia.org/w/index.php?oldid=997494787,matched_gics
2020-12-31,LRCX,Lam Research,Information Technology,Semiconductors & Semiconductor Equipment,Semiconductors & Semiconductor Equipment,Semiconductor Equipment,997494787.0,2020-12-31T19:55:41Z,https://en.wikipedia.org/w/index.php?oldid=997494787,matched_gics
2020-12-31,LULU,lululemon athletica inc.,,,,,,,,missing_gics
2020-12-31,MAR,Marriott Int'l.,Consumer Discretionary,Consumer Services,"Hotels, Restaurants & Leisure","Hotels, Resorts & Cruise Lines",997494787.0,2020-12-31T19:55:41Z,https://en.wikipedia.org/w/index.php?oldid=997494787,matched_gics
2020-12-31,MCHP,Microchip Technology,Information Technology,Semiconductors & Semiconductor Equipment,Semiconductors & Semiconductor Equipment,Semiconductors,997494787.0,2020-12-31T19:55:41Z,https://en.wikipedia.org/w/index.php?oldid=997494787,matched_gics
2020-12-31,MDLZ,Mondelez International,Consumer Staples,"Food, Beverage & Tobacco",Food Products,Packaged Foods & Meats,997494787.0,2020-12-31T19:55:41Z,https://en.wikipedia.org/w/index.php?oldid=997494787,matched_gics
2020-12-31,MELI,MERCADOLIBRE INC,,,,,,,,missing_gics
2020-12-31,META,"Facebook, Inc.",Communication Services,Media & Entertainment,Interactive Media & Services,Interactive Media & Services,997494787.0,2020-12-31T19:55:41Z,https://en.wikipedia.org/w/index.php?oldid=997494787|historical_ticker_alias:FB->META,matched_gics
2020-12-31,MNST,Monster Beverage,Consumer Staples,"Food, Beverage & Tobacco",Beverages,Soft Drinks,997494787.0,2020-12-31T19:55:41Z,https://en.wikipedia.org/w/index.php?oldid=997494787,matched_gics
2020-12-31,MRNA,"Moderna, Inc.",,,,,,,,missing_gics
2020-12-31,MRVL,"Marvell Technology, Inc.",,,,,,,,missing_gics
2020-12-31,MSFT,Microsoft Corp.,Information Technology,Software & Services,Software,Systems Software,997494787.0,2020-12-31T19:55:41Z,https://en.wikipedia.org/w/index.php?oldid=997494787,matched_gics
2020-12-31,MTCH,"Match Group, Inc.",,,,,,,,missing_gics
2020-12-31,MU,Micron Technology,Information Technology,Semiconductors & Semiconductor Equipment,Semiconductors & Semiconductor Equipment,Semiconductors,997494787.0,2020-12-31T19:55:41Z,https://en.wikipedia.org/w/index.php?oldid=997494787,matched_gics
2020-12-31,NFLX,Netflix Inc.,Communication Services,Media & Entertainment,Entertainment,Movies & Entertainment,997494787.0,2020-12-31T19:55:41Z,https://en.wikipedia.org/w/index.php?oldid=997494787,matched_gics
2020-12-31,NTES,"NetEase, Inc.",,,,,,,,missing_gics
2020-12-31,NVDA,Nvidia Corporation,Information Technology,Semiconductors & Semiconductor Equipment,Semiconductors & Semiconductor Equipment,Semiconductors,997494787.0,2020-12-31T19:55:41Z,https://en.wikipedia.org/w/index.php?oldid=997494787,matched_gics
2020-12-31,NXPI,NXP Semiconductors N.V.,,,,,,,,missing_gics
2020-12-31,ODFL,Old Dominion Freight Line,Industrials,Transportation,Road & Rail,Trucking,997494787.0,2020-12-31T19:55:41Z,https://en.wikipedia.org/w/index.php?oldid=997494787,matched_gics
2020-12-31,ON,ON SEMICONDUCTOR CORP,,,,,,,,missing_gics
2020-12-31,ORLY,O'Reilly Automotive,Consumer Discretionary,Retailing,Specialty Retail,Specialty Stores,997494787.0,2020-12-31T19:55:41Z,https://en.wikipedia.org/w/index.php?oldid=997494787,matched_gics
2020-12-31,PAYX,Paychex Inc.,Information Technology,Software & Services,IT Services,Data Processing & Outsourced Services,997494787.0,2020-12-31T19:55:41Z,https://en.wikipedia.org/w/index.php?oldid=997494787,matched_gics
2020-12-31,PCAR,PACCAR Inc.,Industrials,Capital Goods,Machinery,Construction Machinery & Heavy Trucks,997494787.0,2020-12-31T19:55:41Z,https://en.wikipedia.org/w/index.php?oldid=997494787,matched_gics
2020-12-31,PDD,PDD Holdings Inc.,,,,,,,,missing_gics
2020-12-31,PEP,PepsiCo Inc.,Consumer Staples,"Food, Beverage & Tobacco",Beverages,Soft Drinks,997494787.0,2020-12-31T19:55:41Z,https://en.wikipedia.org/w/index.php?oldid=997494787,matched_gics
2020-12-31,PYPL,PayPal,Information Technology,Software & Services,IT Services,Data Processing & Outsourced Services,997494787.0,2020-12-31T19:55:41Z,https://en.wikipedia.org/w/index.php?oldid=997494787,matched_gics
2020-12-31,QCOM,QUALCOMM Inc.,Information Technology,Semiconductors & Semiconductor Equipment,Semiconductors & Semiconductor Equipment,Semiconductors,997494787.0,2020-12-31T19:55:41Z,https://en.wikipedia.org/w/index.php?oldid=997494787,matched_gics
2020-12-31,REGN,Regeneron Pharmaceuticals,Health Care,"Pharmaceuticals, Biotechnology & Life Sciences",Biotechnology,Biotechnology,997494787.0,2020-12-31T19:55:41Z,https://en.wikipedia.org/w/index.php?oldid=997494787,matched_gics
2020-12-31,ROST,Ross Stores,Consumer Discretionary,Retailing,Specialty Retail,Apparel Retail,997494787.0,2020-12-31T19:55:41Z,https://en.wikipedia.org/w/index.php?oldid=997494787,matched_gics
2020-12-31,SBUX,Starbucks Corp.,Consumer Discretionary,Consumer Services,"Hotels, Restaurants & Leisure",Restaurants,997494787.0,2020-12-31T19:55:41Z,https://en.wikipedia.org/w/index.php?oldid=997494787,matched_gics
2020-12-31,SGEN,Seagen Inc.,,,,,,,,missing_gics
2020-12-31,SIRI,SIRIUS XM HOLDINGS INC.,,,,,,,,missing_gics
2020-12-31,SNPS,Synopsys Inc.,Information Technology,Software & Services,Software,Application Software,997494787.0,2020-12-31T19:55:41Z,https://en.wikipedia.org/w/index.php?oldid=997494787,matched_gics
2020-12-31,SPLK,Splunk Inc.,,,,,,,,missing_gics
2020-12-31,SWKS,Skyworks Solutions,Information Technology,Semiconductors & Semiconductor Equipment,Semiconductors & Semiconductor Equipment,Semiconductors,997494787.0,2020-12-31T19:55:41Z,https://en.wikipedia.org/w/index.php?oldid=997494787,matched_gics
2020-12-31,TCOM,Trip.com Group Ltd,,,,,,,,missing_gics
2020-12-31,TEAM,Atlassian Corp,,,,,,,,missing_gics
2020-12-31,TMUS,T-Mobile US,Communication Services,Telecommunication Services,Wireless Telecommunication Services,Wireless Telecommunication Services,997494787.0,2020-12-31T19:55:41Z,https://en.wikipedia.org/w/index.php?oldid=997494787,matched_gics
2020-12-31,TSLA,"Tesla, Inc.",Consumer Discretionary,Automobiles & Components,Automobiles,Automobile Manufacturers,997494787.0,2020-12-31T19:55:41Z,https://en.wikipedia.org/w/index.php?oldid=997494787,matched_gics
2020-12-31,TTD,"Trade Desk, Inc.",,,,,,,,missing_gics
2020-12-31,TXN,Texas Instruments,Information Technology,Semiconductors & Semiconductor Equipment,Semiconductors & Semiconductor Equipment,Semiconductors,997494787.0,2020-12-31T19:55:41Z,https://en.wikipedia.org/w/index.php?oldid=997494787,matched_gics
2020-12-31,VRSK,Verisk Analytics,Industrials,Commercial & Professional Services,Professional Services,Research & Consulting Services,997494787.0,2020-12-31T19:55:41Z,https://en.wikipedia.org/w/index.php?oldid=997494787,matched_gics
2020-12-31,VRSN,Verisign Inc.,Information Technology,Software & Services,IT Services,Internet Services & Infrastructure,997494787.0,2020-12-31T19:55:41Z,https://en.wikipedia.org/w/index.php?oldid=997494787,matched_gics
2020-12-31,VRTX,Vertex Pharmaceuticals Inc,Health Care,"Pharmaceuticals, Biotechnology & Life Sciences",Biotechnology,Biotechnology,997494787.0,2020-12-31T19:55:41Z,https://en.wikipedia.org/w/index.php?oldid=997494787,matched_gics
2020-12-31,WBA,Walgreens Boots Alliance,Consumer Staples,Food & Staples Retailing,Food & Staples Retailing,Drug Retail,997494787.0,2020-12-31T19:55:41Z,https://en.wikipedia.org/w/index.php?oldid=997494787,matched_gics
2020-12-31,WDAY,"Workday, Inc.",,,,,,,,missing_gics
2020-12-31,XEL,Xcel Energy Inc,Utilities,Utilities,Multi-Utilities,Multi-Utilities,997494787.0,2020-12-31T19:55:41Z,https://en.wikipedia.org/w/index.php?oldid=997494787,matched_gics
2020-12-31,ZM,"Zoom Communications, Inc.",,,,,,,,missing_gics
2021-01-31,AAPL,Apple Inc.,Information Technology,Technology Hardware & Equipment,"Technology Hardware, Storage & Peripherals","Technology Hardware, Storage & Peripherals",1003675500.0,2021-01-30T03:44:00Z,https://en.wikipedia.org/w/index.php?oldid=1003675500,matched_gics
2021-01-31,ABNB,"Airbnb, Inc.",,,,,,,,missing_gics
2021-01-31,ADBE,Adobe Inc.,Information Technology,Software & Services,Software,Application Software,1003675500.0,2021-01-30T03:44:00Z,https://en.wikipedia.org/w/index.php?oldid=1003675500,matched_gics
2021-01-31,ADI,"Analog Devices, Inc.",Information Technology,Semiconductors & Semiconductor Equipment,Semiconductors & Semiconductor Equipment,Semiconductors,1003675500.0,2021-01-30T03:44:00Z,https://en.wikipedia.org/w/index.php?oldid=1003675500,matched_gics
2021-01-31,ADP,Automatic Data Processing,Information Technology,Software & Services,IT Services,Data Processing & Outsourced Services,1003675500.0,2021-01-30T03:44:00Z,https://en.wikipedia.org/w/index.php?oldid=1003675500,matched_gics
2021-01-31,ADSK,Autodesk Inc.,Information Technology,Software & Services,Software,Application Software,1003675500.0,2021-01-30T03:44:00Z,https://en.wikipedia.org/w/index.php?oldid=1003675500,matched_gics
2021-01-31,AEP,American Electric Power,Utilities,Utilities,Electric Utilities,Electric Utilities,1003675500.0,2021-01-30T03:44:00Z,https://en.wikipedia.org/w/index.php?oldid=1003675500,matched_gics
2021-01-31,ALGN,Align Technology,Health Care,Health Care Equipment & Services,Health Care Equipment & Supplies,Health Care Supplies,1003675500.0,2021-01-30T03:44:00Z,https://en.wikipedia.org/w/index.php?oldid=1003675500,matched_gics
2021-01-31,AMAT,Applied Materials Inc.,Information Technology,Semiconductors & Semiconductor Equipment,Semiconductors & Semiconductor Equipment,Semiconductor Equipment,1003675500.0,2021-01-30T03:44:00Z,https://en.wikipedia.org/w/index.php?oldid=1003675500,matched_gics
2021-01-31,AMD,Advanced Micro Devices Inc,Information Technology,Semiconductors & Semiconductor Equipment,Semiconductors & Semiconductor Equipment,Semiconductors,1003675500.0,2021-01-30T03:44:00Z,https://en.wikipedia.org/w/index.php?oldid=1003675500,matched_gics
2021-01-31,AMGN,Amgen Inc.,Health Care,"Pharmaceuticals, Biotechnology & Life Sciences",Biotechnology,Biotechnology,1003675500.0,2021-01-30T03:44:00Z,https://en.wikipedia.org/w/index.php?oldid=1003675500,matched_gics
2021-01-31,AMZN,Amazon.com Inc.,Consumer Discretionary,Retailing,Internet & Direct Marketing Retail,Internet & Direct Marketing Retail,1003675500.0,2021-01-30T03:44:00Z,https://en.wikipedia.org/w/index.php?oldid=1003675500,matched_gics
2021-01-31,ANSS,"ANSYS, Inc.",Information Technology,Software & Services,Software,Application Software,1003675500.0,2021-01-30T03:44:00Z,https://en.wikipedia.org/w/index.php?oldid=1003675500,matched_gics
2021-01-31,ASML,ASML HOLDING NV,,,,,,,,missing_gics
2021-01-31,AVGO,Broadcom Inc.,Information Technology,Semiconductors & Semiconductor Equipment,Semiconductors & Semiconductor Equipment,Semiconductors,1003675500.0,2021-01-30T03:44:00Z,https://en.wikipedia.org/w/index.php?oldid=1003675500,matched_gics
2021-01-31,AZN,ASTRAZENECA PLC,,,,,,,,missing_gics
2021-01-31,BIDU,"Baidu, Inc.",,,,,,,,missing_gics
2021-01-31,BIIB,Biogen Inc.,Health Care,"Pharmaceuticals, Biotechnology & Life Sciences",Biotechnology,Biotechnology,1003675500.0,2021-01-30T03:44:00Z,https://en.wikipedia.org/w/index.php?oldid=1003675500,matched_gics
2021-01-31,BKNG,Booking Holdings Inc,Consumer Discretionary,Retailing,Internet & Direct Marketing Retail,Internet & Direct Marketing Retail,1003675500.0,2021-01-30T03:44:00Z,https://en.wikipedia.org/w/index.php?oldid=1003675500,matched_gics
2021-01-31,CDNS,Cadence Design Systems,Information Technology,Software & Services,Software,Application Software,1003675500.0,2021-01-30T03:44:00Z,https://en.wikipedia.org/w/index.php?oldid=1003675500,matched_gics
2021-01-31,CEG,Constellation Energy Corp,,,,,,,,missing_gics
2021-01-31,CHTR,Charter Communications,Communication Services,Media,Media,Cable & Satellite,1003675500.0,2021-01-30T03:44:00Z,https://en.wikipedia.org/w/index.php?oldid=1003675500,matched_gics
2021-01-31,CMCSA,Comcast Corp.,Communication Services,Media,Media,Cable & Satellite,1003675500.0,2021-01-30T03:44:00Z,https://en.wikipedia.org/w/index.php?oldid=1003675500,matched_gics
2021-01-31,COST,Costco Wholesale Corp.,Consumer Staples,Food & Staples Retailing,Food & Staples Retailing,Hypermarkets & Super Centers,1003675500.0,2021-01-30T03:44:00Z,https://en.wikipedia.org/w/index.php?oldid=1003675500,matched_gics
2021-01-31,CPRT,Copart Inc,Industrials,Commercial & Professional Services,Commercial Services & Supplies,Diversified Support Services,1003675500.0,2021-01-30T03:44:00Z,https://en.wikipedia.org/w/index.php?oldid=1003675500,matched_gics
2021-01-31,CRWD,"CrowdStrike Holdings, Inc.",,,,,,,,missing_gics
2021-01-31,CSCO,Cisco Systems,Information Technology,Technology Hardware & Equipment,Communications Equipment,Communications Equipment,1003675500.0,2021-01-30T03:44:00Z,https://en.wikipedia.org/w/index.php?oldid=1003675500,matched_gics
2021-01-31,CSX,CSX Corp.,Industrials,Transportation,Road & Rail,Railroads,1003675500.0,2021-01-30T03:44:00Z,https://en.wikipedia.org/w/index.php?oldid=1003675500,matched_gics
2021-01-31,CTAS,Cintas Corporation,Industrials,Commercial & Professional Services,Commercial Services & Supplies,Diversified Support Services,1003675500.0,2021-01-30T03:44:00Z,https://en.wikipedia.org/w/index.php?oldid=1003675500,matched_gics
2021-01-31,CTSH,Cognizant Technology Solutions,Information Technology,Software & Services,IT Services,IT Consulting & Other Services,1003675500.0,2021-01-30T03:44:00Z,https://en.wikipedia.org/w/index.php?oldid=1003675500,matched_gics
2021-01-31,DDOG,"Datadog, Inc.",,,,,,,,missing_gics
2021-01-31,DLTR,Dollar Tree,Consumer Discretionary,Retailing,Multiline Retail,General Merchandise Stores,1003675500.0,2021-01-30T03:44:00Z,https://en.wikipedia.org/w/index.php?oldid=1003675500,matched_gics
2021-01-31,DOCU,"DOCUSIGN, INC.",,,,,,,,missing_gics
2021-01-31,DXCM,DexCom,Health Care,Health Care Equipment & Services,Health Care Equipment & Supplies,Health Care Equipment,1003675500.0,2021-01-30T03:44:00Z,https://en.wikipedia.org/w/index.php?oldid=1003675500,matched_gics
2021-01-31,EA,Electronic Arts,Communication Services,Media & Entertainment,Entertainment,Interactive Home Entertainment,1003675500.0,2021-01-30T03:44:00Z,https://en.wikipedia.org/w/index.php?oldid=1003675500,matched_gics
2021-01-31,EBAY,eBay Inc.,Consumer Discretionary,Retailing,Internet & Direct Marketing Retail,Internet & Direct Marketing Retail,1003675500.0,2021-01-30T03:44:00Z,https://en.wikipedia.org/w/index.php?oldid=1003675500,matched_gics
2021-01-31,ENPH,Enphase Energy,Information Technology,Semiconductors & Semiconductor Equipment,Semiconductors & Semiconductor Equipment,Semiconductor Equipment,1003675500.0,2021-01-30T03:44:00Z,https://en.wikipedia.org/w/index.php?oldid=1003675500,matched_gics
2021-01-31,EXC,Exelon Corp.,Utilities,Utilities,Multi-Utilities,Multi-Utilities,1003675500.0,2021-01-30T03:44:00Z,https://en.wikipedia.org/w/index.php?oldid=1003675500,matched_gics
2021-01-31,FAST,Fastenal Co,Industrials,Capital Goods,Building Products,Building Products,1003675500.0,2021-01-30T03:44:00Z,https://en.wikipedia.org/w/index.php?oldid=1003675500,matched_gics
2021-01-31,FTNT,Fortinet,Information Technology,Software & Services,Software,Systems Software,1003675500.0,2021-01-30T03:44:00Z,https://en.wikipedia.org/w/index.php?oldid=1003675500,matched_gics
2021-01-31,GEHC,GE HealthCare Technologies Inc.,,,,,,,,missing_gics
2021-01-31,GILD,Gilead Sciences,Health Care,"Pharmaceuticals, Biotechnology & Life Sciences",Biotechnology,Biotechnology,1003675500.0,2021-01-30T03:44:00Z,https://en.wikipedia.org/w/index.php?oldid=1003675500,matched_gics
2021-01-31,GOOG,Alphabet Inc. (Class C),Communication Services,Media & Entertainment,Interactive Media & Services,Interactive Media & Services,1003675500.0,2021-01-30T03:44:00Z,https://en.wikipedia.org/w/index.php?oldid=1003675500,matched_gics
2021-01-31,GOOGL,Alphabet Inc. (Class A),Communication Services,Media & Entertainment,Interactive Media & Services,Interactive Media & Services,1003675500.0,2021-01-30T03:44:00Z,https://en.wikipedia.org/w/index.php?oldid=1003675500,matched_gics
2021-01-31,HON,Honeywell Int'l Inc.,Industrials,Capital Goods,Industrial Conglomerates,Industrial Conglomerates,1003675500.0,2021-01-30T03:44:00Z,https://en.wikipedia.org/w/index.php?oldid=1003675500,matched_gics
2021-01-31,IDXX,IDEXX Laboratories,Health Care,Health Care Equipment & Services,Health Care Equipment & Supplies,Health Care Equipment,1003675500.0,2021-01-30T03:44:00Z,https://en.wikipedia.org/w/index.php?oldid=1003675500,matched_gics
2021-01-31,ILMN,Illumina Inc,Health Care,"Pharmaceuticals, Biotechnology & Life Sciences",Life Sciences Tools & Services,Life Sciences Tools & Services,1003675500.0,2021-01-30T03:44:00Z,https://en.wikipedia.org/w/index.php?oldid=1003675500,matched_gics
2021-01-31,INTC,Intel Corp.,Information Technology,Semiconductors & Semiconductor Equipment,Semiconductors & Semiconductor Equipment,Semiconductors,1003675500.0,2021-01-30T03:44:00Z,https://en.wikipedia.org/w/index.php?oldid=1003675500,matched_gics
2021-01-31,INTU,Intuit Inc.,Information Technology,Software & Services,Software,Application Software,1003675500.0,2021-01-30T03:44:00Z,https://en.wikipedia.org/w/index.php?oldid=1003675500,matched_gics
2021-01-31,ISRG,Intuitive Surgical Inc.,Health Care,Health Care Equipment & Services,Health Care Equipment & Supplies,Health Care Equipment,1003675500.0,2021-01-30T03:44:00Z,https://en.wikipedia.org/w/index.php?oldid=1003675500,matched_gics
2021-01-31,JD,"JD.com, Inc.",,,,,,,,missing_gics
2021-01-31,KDP,Keurig Dr Pepper Inc.,,,,,,,,missing_gics
2021-01-31,KHC,Kraft Heinz Co,Consumer Staples,"Food, Beverage & Tobacco",Food Products,Packaged Foods & Meats,1003675500.0,2021-01-30T03:44:00Z,https://en.wikipedia.org/w/index.php?oldid=1003675500,matched_gics
2021-01-31,KLAC,KLA Corporation,Information Technology,Semiconductors & Semiconductor Equipment,Semiconductors & Semiconductor Equipment,Semiconductor Equipment,1003675500.0,2021-01-30T03:44:00Z,https://en.wikipedia.org/w/index.php?oldid=1003675500,matched_gics
2021-01-31,LCID,"Lucid Group, Inc.",,,,,,,,missing_gics
2021-01-31,LRCX,Lam Research,Information Technology,Semiconductors & Semiconductor Equipment,Semiconductors & Semiconductor Equipment,Semiconductor Equipment,1003675500.0,2021-01-30T03:44:00Z,https://en.wikipedia.org/w/index.php?oldid=1003675500,matched_gics
2021-01-31,LULU,lululemon athletica inc.,,,,,,,,missing_gics
2021-01-31,MAR,Marriott Int'l.,Consumer Discretionary,Consumer Services,"Hotels, Restaurants & Leisure","Hotels, Resorts & Cruise Lines",1003675500.0,2021-01-30T03:44:00Z,https://en.wikipedia.org/w/index.php?oldid=1003675500,matched_gics
2021-01-31,MCHP,Microchip Technology,Information Technology,Semiconductors & Semiconductor Equipment,Semiconductors & Semiconductor Equipment,Semiconductors,1003675500.0,2021-01-30T03:44:00Z,https://en.wikipedia.org/w/index.php?oldid=1003675500,matched_gics
2021-01-31,MDLZ,Mondelez International,Consumer Staples,"Food, Beverage & Tobacco",Food Products,Packaged Foods & Meats,1003675500.0,2021-01-30T03:44:00Z,https://en.wikipedia.org/w/index.php?oldid=1003675500,matched_gics
2021-01-31,MELI,MERCADOLIBRE INC,,,,,,,,missing_gics
2021-01-31,META,"Facebook, Inc.",Communication Services,Media & Entertainment,Interactive Media & Services,Interactive Media & Services,1003675500.0,2021-01-30T03:44:00Z,https://en.wikipedia.org/w/index.php?oldid=1003675500|historical_ticker_alias:FB->META,matched_gics
2021-01-31,MNST,Monster Beverage,Consumer Staples,"Food, Beverage & Tobacco",Beverages,Soft Drinks,1003675500.0,2021-01-30T03:44:00Z,https://en.wikipedia.org/w/index.php?oldid=1003675500,matched_gics
2021-01-31,MRNA,"Moderna, Inc.",,,,,,,,missing_gics
2021-01-31,MRVL,"Marvell Technology, Inc.",,,,,,,,missing_gics
2021-01-31,MSFT,Microsoft Corp.,Information Technology,Software & Services,Software,Systems Software,1003675500.0,2021-01-30T03:44:00Z,https://en.wikipedia.org/w/index.php?oldid=1003675500,matched_gics
2021-01-31,MTCH,"Match Group, Inc.",,,,,,,,missing_gics
2021-01-31,MU,Micron Technology,Information Technology,Semiconductors & Semiconductor Equipment,Semiconductors & Semiconductor Equipment,Semiconductors,1003675500.0,2021-01-30T03:44:00Z,https://en.wikipedia.org/w/index.php?oldid=1003675500,matched_gics
2021-01-31,NFLX,Netflix Inc.,Communication Services,Media & Entertainment,Entertainment,Movies & Entertainment,1003675500.0,2021-01-30T03:44:00Z,https://en.wikipedia.org/w/index.php?oldid=1003675500,matched_gics
2021-01-31,NTES,"NetEase, Inc.",,,,,,,,missing_gics
2021-01-31,NVDA,Nvidia Corporation,Information Technology,Semiconductors & Semiconductor Equipment,Semiconductors & Semiconductor Equipment,Semiconductors,1003675500.0,2021-01-30T03:44:00Z,https://en.wikipedia.org/w/index.php?oldid=1003675500,matched_gics
2021-01-31,NXPI,NXP Semiconductors N.V.,,,,,,,,missing_gics
2021-01-31,ODFL,Old Dominion Freight Line,Industrials,Transportation,Road & Rail,Trucking,1003675500.0,2021-01-30T03:44:00Z,https://en.wikipedia.org/w/index.php?oldid=1003675500,matched_gics
2021-01-31,ON,ON SEMICONDUCTOR CORP,,,,,,,,missing_gics
2021-01-31,ORLY,O'Reilly Automotive,Consumer Discretionary,Retailing,Specialty Retail,Specialty Stores,1003675500.0,2021-01-30T03:44:00Z,https://en.wikipedia.org/w/index.php?oldid=1003675500,matched_gics
2021-01-31,PANW,Palo Alto Networks Inc,,,,,,,,missing_gics
2021-01-31,PAYX,Paychex Inc.,Information Technology,Software & Services,IT Services,Data Processing & Outsourced Services,1003675500.0,2021-01-30T03:44:00Z,https://en.wikipedia.org/w/index.php?oldid=1003675500,matched_gics
2021-01-31,PCAR,PACCAR Inc.,Industrials,Capital Goods,Machinery,Construction Machinery & Heavy Trucks,1003675500.0,2021-01-30T03:44:00Z,https://en.wikipedia.org/w/index.php?oldid=1003675500,matched_gics
2021-01-31,PDD,PDD Holdings Inc.,,,,,,,,missing_gics
2021-01-31,PEP,PepsiCo Inc.,Consumer Staples,"Food, Beverage & Tobacco",Beverages,Soft Drinks,1003675500.0,2021-01-30T03:44:00Z,https://en.wikipedia.org/w/index.php?oldid=1003675500,matched_gics
2021-01-31,PYPL,PayPal,Information Technology,Software & Services,IT Services,Data Processing & Outsourced Services,1003675500.0,2021-01-30T03:44:00Z,https://en.wikipedia.org/w/index.php?oldid=1003675500,matched_gics
2021-01-31,QCOM,QUALCOMM Inc.,Information Technology,Semiconductors & Semiconductor Equipment,Semiconductors & Semiconductor Equipment,Semiconductors,1003675500.0,2021-01-30T03:44:00Z,https://en.wikipedia.org/w/index.php?oldid=1003675500,matched_gics
2021-01-31,REGN,Regeneron Pharmaceuticals,Health Care,"Pharmaceuticals, Biotechnology & Life Sciences",Biotechnology,Biotechnology,1003675500.0,2021-01-30T03:44:00Z,https://en.wikipedia.org/w/index.php?oldid=1003675500,matched_gics
2021-01-31,ROST,Ross Stores,Consumer Discretionary,Retailing,Specialty Retail,Apparel Retail,1003675500.0,2021-01-30T03:44:00Z,https://en.wikipedia.org/w/index.php?oldid=1003675500,matched_gics
2021-01-31,SBUX,Starbucks Corp.,Consumer Discretionary,Consumer Services,"Hotels, Restaurants & Leisure",Restaurants,1003675500.0,2021-01-30T03:44:00Z,https://en.wikipedia.org/w/index.php?oldid=1003675500,matched_gics
2021-01-31,SGEN,Seagen Inc.,,,,,,,,missing_gics
2021-01-31,SIRI,SIRIUS XM HOLDINGS INC.,,,,,,,,missing_gics
2021-01-31,SNPS,Synopsys Inc.,Information Technology,Software & Services,Software,Application Software,1003675500.0,2021-01-30T03:44:00Z,https://en.wikipedia.org/w/index.php?oldid=1003675500,matched_gics
2021-01-31,SPLK,Splunk Inc.,,,,,,,,missing_gics
2021-01-31,SWKS,Skyworks Solutions,Information Technology,Semiconductors & Semiconductor Equipment,Semiconductors & Semiconductor Equipment,Semiconductors,1003675500.0,2021-01-30T03:44:00Z,https://en.wikipedia.org/w/index.php?oldid=1003675500,matched_gics
2021-01-31,TEAM,Atlassian Corp,,,,,,,,missing_gics
2021-01-31,TMUS,T-Mobile US,Communication Services,Telecommunication Services,Wireless Telecommunication Services,Wireless Telecommunication Services,1003675500.0,2021-01-30T03:44:00Z,https://en.wikipedia.org/w/index.php?oldid=1003675500,matched_gics
2021-01-31,TSLA,"Tesla, Inc.",Consumer Discretionary,Automobiles & Components,Automobiles,Automobile Manufacturers,1003675500.0,2021-01-30T03:44:00Z,https://en.wikipedia.org/w/index.php?oldid=1003675500,matched_gics
2021-01-31,TTD,"Trade Desk, Inc.",,,,,,,,missing_gics
2021-01-31,TXN,Texas Instruments,Information Technology,Semiconductors & Semiconductor Equipment,Semiconductors & Semiconductor Equipment,Semiconductors,1003675500.0,2021-01-30T03:44:00Z,https://en.wikipedia.org/w/index.php?oldid=1003675500,matched_gics
2021-01-31,VRSK,Verisk Analytics,Industrials,Commercial & Professional Services,Professional Services,Research & Consulting Services,1003675500.0,2021-01-30T03:44:00Z,https://en.wikipedia.org/w/index.php?oldid=1003675500,matched_gics
2021-01-31,VRSN,Verisign Inc.,Information Technology,Software & Services,IT Services,Internet Services & Infrastructure,1003675500.0,2021-01-30T03:44:00Z,https://en.wikipedia.org/w/index.php?oldid=1003675500,matched_gics
2021-01-31,VRTX,Vertex Pharmaceuticals Inc,Health Care,"Pharmaceuticals, Biotechnology & Life Sciences",Biotechnology,Biotechnology,1003675500.0,2021-01-30T03:44:00Z,https://en.wikipedia.org/w/index.php?oldid=1003675500,matched_gics
2021-01-31,WBA,Walgreens Boots Alliance,Consumer Staples,Food & Staples Retailing,Food & Staples Retailing,Drug Retail,1003675500.0,2021-01-30T03:44:00Z,https://en.wikipedia.org/w/index.php?oldid=1003675500,matched_gics
2021-01-31,WDAY,"Workday, Inc.",,,,,,,,missing_gics
2021-01-31,XEL,Xcel Energy Inc,Utilities,Utilities,Multi-Utilities,Multi-Utilities,1003675500.0,2021-01-30T03:44:00Z,https://en.wikipedia.org/w/index.php?oldid=1003675500,matched_gics
2021-01-31,ZM,"Zoom Communications, Inc.",,,,,,,,missing_gics
2021-01-31,ZS,"Zscaler, Inc.",,,,,,,,missing_gics
2021-02-28,AAPL,Apple Inc.,Information Technology,Technology Hardware & Equipment,"Technology Hardware, Storage & Peripherals","Technology Hardware, Storage & Peripherals",1009336661.0,2021-02-28T01:39:30Z,https://en.wikipedia.org/w/index.php?oldid=1009336661,matched_gics
2021-02-28,ABNB,"Airbnb, Inc.",,,,,,,,missing_gics
2021-02-28,ADBE,Adobe Inc.,Information Technology,Software & Services,Software,Application Software,1009336661.0,2021-02-28T01:39:30Z,https://en.wikipedia.org/w/index.php?oldid=1009336661,matched_gics
2021-02-28,ADI,"Analog Devices, Inc.",Information Technology,Semiconductors & Semiconductor Equipment,Semiconductors & Semiconductor Equipment,Semiconductors,1009336661.0,2021-02-28T01:39:30Z,https://en.wikipedia.org/w/index.php?oldid=1009336661,matched_gics
2021-02-28,ADP,Automatic Data Processing,Information Technology,Software & Services,IT Services,Data Processing & Outsourced Services,1009336661.0,2021-02-28T01:39:30Z,https://en.wikipedia.org/w/index.php?oldid=1009336661,matched_gics
2021-02-28,ADSK,Autodesk Inc.,Information Technology,Software & Services,Software,Application Software,1009336661.0,2021-02-28T01:39:30Z,https://en.wikipedia.org/w/index.php?oldid=1009336661,matched_gics
2021-02-28,AEP,American Electric Power,Utilities,Utilities,Electric Utilities,Electric Utilities,1009336661.0,2021-02-28T01:39:30Z,https://en.wikipedia.org/w/index.php?oldid=1009336661,matched_gics
2021-02-28,ALGN,Align Technology,Health Care,Health Care Equipment & Services,Health Care Equipment & Supplies,Health Care Supplies,1009336661.0,2021-02-28T01:39:30Z,https://en.wikipedia.org/w/index.php?oldid=1009336661,matched_gics
2021-02-28,AMAT,Applied Materials Inc.,Information Technology,Semiconductors & Semiconductor Equipment,Semiconductors & Semiconductor Equipment,Semiconductor Equipment,1009336661.0,2021-02-28T01:39:30Z,https://en.wikipedia.org/w/index.php?oldid=1009336661,matched_gics
2021-02-28,AMD,Advanced Micro Devices,Information Technology,Semiconductors & Semiconductor Equipment,Semiconductors & Semiconductor Equipment,Semiconductors,1009336661.0,2021-02-28T01:39:30Z,https://en.wikipedia.org/w/index.php?oldid=1009336661,matched_gics
2021-02-28,AMGN,Amgen Inc.,Health Care,"Pharmaceuticals, Biotechnology & Life Sciences",Biotechnology,Biotechnology,1009336661.0,2021-02-28T01:39:30Z,https://en.wikipedia.org/w/index.php?oldid=1009336661,matched_gics
2021-02-28,AMZN,Amazon.com Inc.,Consumer Discretionary,Retailing,Internet & Direct Marketing Retail,Internet & Direct Marketing Retail,1009336661.0,2021-02-28T01:39:30Z,https://en.wikipedia.org/w/index.php?oldid=1009336661,matched_gics
2021-02-28,ANSS,"ANSYS, Inc.",Information Technology,Software & Services,Software,Application Software,1009336661.0,2021-02-28T01:39:30Z,https://en.wikipedia.org/w/index.php?oldid=1009336661,matched_gics
2021-02-28,ASML,ASML HOLDING NV,,,,,,,,missing_gics
2021-02-28,AVGO,Broadcom Inc.,Information Technology,Semiconductors & Semiconductor Equipment,Semiconductors & Semiconductor Equipment,Semiconductors,1009336661.0,2021-02-28T01:39:30Z,https://en.wikipedia.org/w/index.php?oldid=1009336661,matched_gics
2021-02-28,AZN,ASTRAZENECA PLC,,,,,,,,missing_gics
2021-02-28,BIDU,"Baidu, Inc.",,,,,,,,missing_gics
2021-02-28,BIIB,Biogen Inc.,Health Care,"Pharmaceuticals, Biotechnology & Life Sciences",Biotechnology,Biotechnology,1009336661.0,2021-02-28T01:39:30Z,https://en.wikipedia.org/w/index.php?oldid=1009336661,matched_gics
2021-02-28,BKNG,Booking Holdings Inc,Consumer Discretionary,Retailing,Internet & Direct Marketing Retail,Internet & Direct Marketing Retail,1009336661.0,2021-02-28T01:39:30Z,https://en.wikipedia.org/w/index.php?oldid=1009336661,matched_gics
2021-02-28,CDNS,Cadence Design Systems,Information Technology,Software & Services,Software,Application Software,1009336661.0,2021-02-28T01:39:30Z,https://en.wikipedia.org/w/index.php?oldid=1009336661,matched_gics
2021-02-28,CEG,Constellation Energy Corp,,,,,,,,missing_gics
2021-02-28,CHTR,Charter Communications,Communication Services,Media,Media,Cable & Satellite,1009336661.0,2021-02-28T01:39:30Z,https://en.wikipedia.org/w/index.php?oldid=1009336661,matched_gics
2021-02-28,CMCSA,Comcast Corp.,Communication Services,Media,Media,Cable & Satellite,1009336661.0,2021-02-28T01:39:30Z,https://en.wikipedia.org/w/index.php?oldid=1009336661,matched_gics
2021-02-28,COST,Costco Wholesale Corp.,Consumer Staples,Food & Staples Retailing,Food & Staples Retailing,Hypermarkets & Super Centers,1009336661.0,2021-02-28T01:39:30Z,https://en.wikipedia.org/w/index.php?oldid=1009336661,matched_gics
2021-02-28,CPRT,Copart Inc,Industrials,Commercial & Professional Services,Commercial Services & Supplies,Diversified Support Services,1009336661.0,2021-02-28T01:39:30Z,https://en.wikipedia.org/w/index.php?oldid=1009336661,matched_gics
2021-02-28,CRWD,"CrowdStrike Holdings, Inc.",,,,,,,,missing_gics
2021-02-28,CSCO,Cisco Systems,Information Technology,Technology Hardware & Equipment,Communications Equipment,Communications Equipment,1009336661.0,2021-02-28T01:39:30Z,https://en.wikipedia.org/w/index.php?oldid=1009336661,matched_gics
2021-02-28,CSX,CSX Corp.,Industrials,Transportation,Road & Rail,Railroads,1009336661.0,2021-02-28T01:39:30Z,https://en.wikipedia.org/w/index.php?oldid=1009336661,matched_gics
2021-02-28,CTAS,Cintas Corporation,Industrials,Commercial & Professional Services,Commercial Services & Supplies,Diversified Support Services,1009336661.0,2021-02-28T01:39:30Z,https://en.wikipedia.org/w/index.php?oldid=1009336661,matched_gics
2021-02-28,CTSH,Cognizant Technology Solutions,Information Technology,Software & Services,IT Services,IT Consulting & Other Services,1009336661.0,2021-02-28T01:39:30Z,https://en.wikipedia.org/w/index.php?oldid=1009336661,matched_gics
2021-02-28,DDOG,"Datadog, Inc.",,,,,,,,missing_gics
2021-02-28,DLTR,Dollar Tree,Consumer Discretionary,Retailing,Multiline Retail,General Merchandise Stores,1009336661.0,2021-02-28T01:39:30Z,https://en.wikipedia.org/w/index.php?oldid=1009336661,matched_gics
2021-02-28,DOCU,"DOCUSIGN, INC.",,,,,,,,missing_gics
2021-02-28,DXCM,DexCom,Health Care,Health Care Equipment & Services,Health Care Equipment & Supplies,Health Care Equipment,1009336661.0,2021-02-28T01:39:30Z,https://en.wikipedia.org/w/index.php?oldid=1009336661,matched_gics
2021-02-28,EA,Electronic Arts,Communication Services,Media & Entertainment,Entertainment,Interactive Home Entertainment,1009336661.0,2021-02-28T01:39:30Z,https://en.wikipedia.org/w/index.php?oldid=1009336661,matched_gics
2021-02-28,EBAY,eBay Inc.,Consumer Discretionary,Retailing,Internet & Direct Marketing Retail,Internet & Direct Marketing Retail,1009336661.0,2021-02-28T01:39:30Z,https://en.wikipedia.org/w/index.php?oldid=1009336661,matched_gics
2021-02-28,ENPH,Enphase Energy,Information Technology,Semiconductors & Semiconductor Equipment,Semiconductors & Semiconductor Equipment,Semiconductor Equipment,1009336661.0,2021-02-28T01:39:30Z,https://en.wikipedia.org/w/index.php?oldid=1009336661,matched_gics
2021-02-28,EXC,Exelon Corp.,Utilities,Utilities,Multi-Utilities,Multi-Utilities,1009336661.0,2021-02-28T01:39:30Z,https://en.wikipedia.org/w/index.php?oldid=1009336661,matched_gics
2021-02-28,FAST,Fastenal Co,Industrials,Capital Goods,Building Products,Building Products,1009336661.0,2021-02-28T01:39:30Z,https://en.wikipedia.org/w/index.php?oldid=1009336661,matched_gics
2021-02-28,FTNT,Fortinet,Information Technology,Software & Services,Software,Systems Software,1009336661.0,2021-02-28T01:39:30Z,https://en.wikipedia.org/w/index.php?oldid=1009336661,matched_gics
2021-02-28,GEHC,GE HealthCare Technologies Inc.,,,,,,,,missing_gics
2021-02-28,GILD,Gilead Sciences,Health Care,"Pharmaceuticals, Biotechnology & Life Sciences",Biotechnology,Biotechnology,1009336661.0,2021-02-28T01:39:30Z,https://en.wikipedia.org/w/index.php?oldid=1009336661,matched_gics
2021-02-28,GOOG,Alphabet Inc. (Class C),Communication Services,Media & Entertainment,Interactive Media & Services,Interactive Media & Services,1009336661.0,2021-02-28T01:39:30Z,https://en.wikipedia.org/w/index.php?oldid=1009336661,matched_gics
2021-02-28,GOOGL,Alphabet Inc. (Class A),Communication Services,Media & Entertainment,Interactive Media & Services,Interactive Media & Services,1009336661.0,2021-02-28T01:39:30Z,https://en.wikipedia.org/w/index.php?oldid=1009336661,matched_gics
2021-02-28,HON,Honeywell Int'l Inc.,Industrials,Capital Goods,Industrial Conglomerates,Industrial Conglomerates,1009336661.0,2021-02-28T01:39:30Z,https://en.wikipedia.org/w/index.php?oldid=1009336661,matched_gics
2021-02-28,IDXX,Idexx Laboratories,Health Care,Health Care Equipment & Services,Health Care Equipment & Supplies,Health Care Equipment,1009336661.0,2021-02-28T01:39:30Z,https://en.wikipedia.org/w/index.php?oldid=1009336661,matched_gics
2021-02-28,ILMN,Illumina Inc,Health Care,"Pharmaceuticals, Biotechnology & Life Sciences",Life Sciences Tools & Services,Life Sciences Tools & Services,1009336661.0,2021-02-28T01:39:30Z,https://en.wikipedia.org/w/index.php?oldid=1009336661,matched_gics
2021-02-28,INTC,Intel Corp.,Information Technology,Semiconductors & Semiconductor Equipment,Semiconductors & Semiconductor Equipment,Semiconductors,1009336661.0,2021-02-28T01:39:30Z,https://en.wikipedia.org/w/index.php?oldid=1009336661,matched_gics
2021-02-28,INTU,Intuit Inc.,Information Technology,Software & Services,Software,Application Software,1009336661.0,2021-02-28T01:39:30Z,https://en.wikipedia.org/w/index.php?oldid=1009336661,matched_gics
2021-02-28,ISRG,Intuitive Surgical Inc.,Health Care,Health Care Equipment & Services,Health Care Equipment & Supplies,Health Care Equipment,1009336661.0,2021-02-28T01:39:30Z,https://en.wikipedia.org/w/index.php?oldid=1009336661,matched_gics
2021-02-28,JD,"JD.com, Inc.",,,,,,,,missing_gics
2021-02-28,KDP,Keurig Dr Pepper Inc.,,,,,,,,missing_gics
2021-02-28,KHC,Kraft Heinz Co,Consumer Staples,"Food, Beverage & Tobacco",Food Products,Packaged Foods & Meats,1009336661.0,2021-02-28T01:39:30Z,https://en.wikipedia.org/w/index.php?oldid=1009336661,matched_gics
2021-02-28,KLAC,KLA Corporation,Information Technology,Semiconductors & Semiconductor Equipment,Semiconductors & Semiconductor Equipment,Semiconductor Equipment,1009336661.0,2021-02-28T01:39:30Z,https://en.wikipedia.org/w/index.php?oldid=1009336661,matched_gics
2021-02-28,LCID,"Lucid Group, Inc.",,,,,,,,missing_gics
2021-02-28,LRCX,Lam Research,Information Technology,Semiconductors & Semiconductor Equipment,Semiconductors & Semiconductor Equipment,Semiconductor Equipment,1009336661.0,2021-02-28T01:39:30Z,https://en.wikipedia.org/w/index.php?oldid=1009336661,matched_gics
2021-02-28,LULU,lululemon athletica inc.,,,,,,,,missing_gics
2021-02-28,MAR,Marriott International,Consumer Discretionary,Consumer Services,"Hotels, Restaurants & Leisure","Hotels, Resorts & Cruise Lines",1009336661.0,2021-02-28T01:39:30Z,https://en.wikipedia.org/w/index.php?oldid=1009336661,matched_gics
2021-02-28,MCHP,Microchip Technology,Information Technology,Semiconductors & Semiconductor Equipment,Semiconductors & Semiconductor Equipment,Semiconductors,1009336661.0,2021-02-28T01:39:30Z,https://en.wikipedia.org/w/index.php?oldid=1009336661,matched_gics
2021-02-28,MDLZ,Mondelez International,Consumer Staples,"Food, Beverage & Tobacco",Food Products,Packaged Foods & Meats,1009336661.0,2021-02-28T01:39:30Z,https://en.wikipedia.org/w/index.php?oldid=1009336661,matched_gics
2021-02-28,MELI,MERCADOLIBRE INC,,,,,,,,missing_gics
2021-02-28,META,"Facebook, Inc.",Communication Services,Media & Entertainment,Interactive Media & Services,Interactive Media & Services,1009336661.0,2021-02-28T01:39:30Z,https://en.wikipedia.org/w/index.php?oldid=1009336661|historical_ticker_alias:FB->META,matched_gics
2021-02-28,MNST,Monster Beverage,Consumer Staples,"Food, Beverage & Tobacco",Beverages,Soft Drinks,1009336661.0,2021-02-28T01:39:30Z,https://en.wikipedia.org/w/index.php?oldid=1009336661,matched_gics
2021-02-28,MRNA,"Moderna, Inc.",,,,,,,,missing_gics
2021-02-28,MRVL,"Marvell Technology, Inc.",,,,,,,,missing_gics
2021-02-28,MSFT,Microsoft Corp.,Information Technology,Software & Services,Software,Systems Software,1009336661.0,2021-02-28T01:39:30Z,https://en.wikipedia.org/w/index.php?oldid=1009336661,matched_gics
2021-02-28,MTCH,"Match Group, Inc.",,,,,,,,missing_gics
2021-02-28,MU,Micron Technology,Information Technology,Semiconductors & Semiconductor Equipment,Semiconductors & Semiconductor Equipment,Semiconductors,1009336661.0,2021-02-28T01:39:30Z,https://en.wikipedia.org/w/index.php?oldid=1009336661,matched_gics
2021-02-28,NFLX,Netflix Inc.,Communication Services,Media & Entertainment,Entertainment,Movies & Entertainment,1009336661.0,2021-02-28T01:39:30Z,https://en.wikipedia.org/w/index.php?oldid=1009336661,matched_gics
2021-02-28,NTES,"NetEase, Inc.",,,,,,,,missing_gics
2021-02-28,NVDA,Nvidia Corporation,Information Technology,Semiconductors & Semiconductor Equipment,Semiconductors & Semiconductor Equipment,Semiconductors,1009336661.0,2021-02-28T01:39:30Z,https://en.wikipedia.org/w/index.php?oldid=1009336661,matched_gics
2021-02-28,NXPI,NXP Semiconductors N.V.,,,,,,,,missing_gics
2021-02-28,ODFL,Old Dominion Freight Line,Industrials,Transportation,Road & Rail,Trucking,1009336661.0,2021-02-28T01:39:30Z,https://en.wikipedia.org/w/index.php?oldid=1009336661,matched_gics
2021-02-28,ON,ON SEMICONDUCTOR CORP,,,,,,,,missing_gics
2021-02-28,ORLY,O'Reilly Automotive,Consumer Discretionary,Retailing,Specialty Retail,Specialty Stores,1009336661.0,2021-02-28T01:39:30Z,https://en.wikipedia.org/w/index.php?oldid=1009336661,matched_gics
2021-02-28,PANW,Palo Alto Networks Inc,,,,,,,,missing_gics
2021-02-28,PAYX,Paychex Inc.,Information Technology,Software & Services,IT Services,Data Processing & Outsourced Services,1009336661.0,2021-02-28T01:39:30Z,https://en.wikipedia.org/w/index.php?oldid=1009336661,matched_gics
2021-02-28,PCAR,Paccar,Industrials,Capital Goods,Machinery,Construction Machinery & Heavy Trucks,1009336661.0,2021-02-28T01:39:30Z,https://en.wikipedia.org/w/index.php?oldid=1009336661,matched_gics
2021-02-28,PDD,PDD Holdings Inc.,,,,,,,,missing_gics
2021-02-28,PEP,PepsiCo Inc.,Consumer Staples,"Food, Beverage & Tobacco",Beverages,Soft Drinks,1009336661.0,2021-02-28T01:39:30Z,https://en.wikipedia.org/w/index.php?oldid=1009336661,matched_gics
2021-02-28,PYPL,PayPal,Information Technology,Software & Services,IT Services,Data Processing & Outsourced Services,1009336661.0,2021-02-28T01:39:30Z,https://en.wikipedia.org/w/index.php?oldid=1009336661,matched_gics
2021-02-28,QCOM,Qualcomm,Information Technology,Semiconductors & Semiconductor Equipment,Semiconductors & Semiconductor Equipment,Semiconductors,1009336661.0,2021-02-28T01:39:30Z,https://en.wikipedia.org/w/index.php?oldid=1009336661,matched_gics
2021-02-28,REGN,Regeneron Pharmaceuticals,Health Care,"Pharmaceuticals, Biotechnology & Life Sciences",Biotechnology,Biotechnology,1009336661.0,2021-02-28T01:39:30Z,https://en.wikipedia.org/w/index.php?oldid=1009336661,matched_gics
2021-02-28,ROST,Ross Stores,Consumer Discretionary,Retailing,Specialty Retail,Apparel Retail,1009336661.0,2021-02-28T01:39:30Z,https://en.wikipedia.org/w/index.php?oldid=1009336661,matched_gics
2021-02-28,SBUX,Starbucks Corp.,Consumer Discretionary,Consumer Services,"Hotels, Restaurants & Leisure",Restaurants,1009336661.0,2021-02-28T01:39:30Z,https://en.wikipedia.org/w/index.php?oldid=1009336661,matched_gics
2021-02-28,SGEN,Seagen Inc.,,,,,,,,missing_gics
2021-02-28,SIRI,SIRIUS XM HOLDINGS INC.,,,,,,,,missing_gics
2021-02-28,SNPS,Synopsys Inc.,Information Technology,Software & Services,Software,Application Software,1009336661.0,2021-02-28T01:39:30Z,https://en.wikipedia.org/w/index.php?oldid=1009336661,matched_gics
2021-02-28,SPLK,Splunk Inc.,,,,,,,,missing_gics
2021-02-28,SWKS,Skyworks Solutions,Information Technology,Semiconductors & Semiconductor Equipment,Semiconductors & Semiconductor Equipment,Semiconductors,1009336661.0,2021-02-28T01:39:30Z,https://en.wikipedia.org/w/index.php?oldid=1009336661,matched_gics
2021-02-28,TEAM,Atlassian Corp,,,,,,,,missing_gics
2021-02-28,TMUS,T-Mobile US,Communication Services,Telecommunication Services,Wireless Telecommunication Services,Wireless Telecommunication Services,1009336661.0,2021-02-28T01:39:30Z,https://en.wikipedia.org/w/index.php?oldid=1009336661,matched_gics
2021-02-28,TSLA,"Tesla, Inc.",Consumer Discretionary,Automobiles & Components,Automobiles,Automobile Manufacturers,1009336661.0,2021-02-28T01:39:30Z,https://en.wikipedia.org/w/index.php?oldid=1009336661,matched_gics
2021-02-28,TTD,"Trade Desk, Inc.",,,,,,,,missing_gics
2021-02-28,TXN,Texas Instruments,Information Technology,Semiconductors & Semiconductor Equipment,Semiconductors & Semiconductor Equipment,Semiconductors,1009336661.0,2021-02-28T01:39:30Z,https://en.wikipedia.org/w/index.php?oldid=1009336661,matched_gics
2021-02-28,VRSK,Verisk Analytics,Industrials,Commercial & Professional Services,Professional Services,Research & Consulting Services,1009336661.0,2021-02-28T01:39:30Z,https://en.wikipedia.org/w/index.php?oldid=1009336661,matched_gics
2021-02-28,VRSN,Verisign Inc.,Information Technology,Software & Services,IT Services,Internet Services & Infrastructure,1009336661.0,2021-02-28T01:39:30Z,https://en.wikipedia.org/w/index.php?oldid=1009336661,matched_gics
2021-02-28,VRTX,Vertex Pharmaceuticals Inc,Health Care,"Pharmaceuticals, Biotechnology & Life Sciences",Biotechnology,Biotechnology,1009336661.0,2021-02-28T01:39:30Z,https://en.wikipedia.org/w/index.php?oldid=1009336661,matched_gics
2021-02-28,WBA,Walgreens Boots Alliance,Consumer Staples,Food & Staples Retailing,Food & Staples Retailing,Drug Retail,1009336661.0,2021-02-28T01:39:30Z,https://en.wikipedia.org/w/index.php?oldid=1009336661,matched_gics
2021-02-28,WDAY,"Workday, Inc.",,,,,,,,missing_gics
2021-02-28,XEL,Xcel Energy Inc,Utilities,Utilities,Multi-Utilities,Multi-Utilities,1009336661.0,2021-02-28T01:39:30Z,https://en.wikipedia.org/w/index.php?oldid=1009336661,matched_gics
2021-02-28,ZM,"Zoom Communications, Inc.",,,,,,,,missing_gics
2021-02-28,ZS,"Zscaler, Inc.",,,,,,,,missing_gics
2021-03-31,AAPL,Apple Inc.,Information Technology,Technology Hardware & Equipment,"Technology Hardware, Storage & Peripherals","Technology Hardware, Storage & Peripherals",1014924736.0,2021-03-29T19:48:21Z,https://en.wikipedia.org/w/index.php?oldid=1014924736,matched_gics
2021-03-31,ABNB,"Airbnb, Inc.",,,,,,,,missing_gics
2021-03-31,ADBE,Adobe Inc.,Information Technology,Software & Services,Software,Application Software,1014924736.0,2021-03-29T19:48:21Z,https://en.wikipedia.org/w/index.php?oldid=1014924736,matched_gics
2021-03-31,ADI,"Analog Devices, Inc.",Information Technology,Semiconductors & Semiconductor Equipment,Semiconductors & Semiconductor Equipment,Semiconductors,1014924736.0,2021-03-29T19:48:21Z,https://en.wikipedia.org/w/index.php?oldid=1014924736,matched_gics
2021-03-31,ADP,Automatic Data Processing,Information Technology,Software & Services,IT Services,Data Processing & Outsourced Services,1014924736.0,2021-03-29T19:48:21Z,https://en.wikipedia.org/w/index.php?oldid=1014924736,matched_gics
2021-03-31,ADSK,Autodesk Inc.,Information Technology,Software & Services,Software,Application Software,1014924736.0,2021-03-29T19:48:21Z,https://en.wikipedia.org/w/index.php?oldid=1014924736,matched_gics
2021-03-31,AEP,American Electric Power,Utilities,Utilities,Electric Utilities,Electric Utilities,1014924736.0,2021-03-29T19:48:21Z,https://en.wikipedia.org/w/index.php?oldid=1014924736,matched_gics
2021-03-31,ALGN,Align Technology,Health Care,Health Care Equipment & Services,Health Care Equipment & Supplies,Health Care Supplies,1014924736.0,2021-03-29T19:48:21Z,https://en.wikipedia.org/w/index.php?oldid=1014924736,matched_gics
2021-03-31,AMAT,Applied Materials Inc.,Information Technology,Semiconductors & Semiconductor Equipment,Semiconductors & Semiconductor Equipment,Semiconductor Equipment,1014924736.0,2021-03-29T19:48:21Z,https://en.wikipedia.org/w/index.php?oldid=1014924736,matched_gics
2021-03-31,AMD,Advanced Micro Devices,Information Technology,Semiconductors & Semiconductor Equipment,Semiconductors & Semiconductor Equipment,Semiconductors,1014924736.0,2021-03-29T19:48:21Z,https://en.wikipedia.org/w/index.php?oldid=1014924736,matched_gics
2021-03-31,AMGN,Amgen Inc.,Health Care,"Pharmaceuticals, Biotechnology & Life Sciences",Biotechnology,Biotechnology,1014924736.0,2021-03-29T19:48:21Z,https://en.wikipedia.org/w/index.php?oldid=1014924736,matched_gics
2021-03-31,AMZN,Amazon.com Inc.,Consumer Discretionary,Retailing,Internet & Direct Marketing Retail,Internet & Direct Marketing Retail,1014924736.0,2021-03-29T19:48:21Z,https://en.wikipedia.org/w/index.php?oldid=1014924736,matched_gics
2021-03-31,ANSS,"ANSYS, Inc.",Information Technology,Software & Services,Software,Application Software,1014924736.0,2021-03-29T19:48:21Z,https://en.wikipedia.org/w/index.php?oldid=1014924736,matched_gics
2021-03-31,ASML,ASML HOLDING NV,,,,,,,,missing_gics
2021-03-31,AVGO,Broadcom Inc.,Information Technology,Semiconductors & Semiconductor Equipment,Semiconductors & Semiconductor Equipment,Semiconductors,1014924736.0,2021-03-29T19:48:21Z,https://en.wikipedia.org/w/index.php?oldid=1014924736,matched_gics
2021-03-31,AZN,ASTRAZENECA PLC,,,,,,,,missing_gics
2021-03-31,BIDU,"Baidu, Inc.",,,,,,,,missing_gics
2021-03-31,BIIB,Biogen Inc.,Health Care,"Pharmaceuticals, Biotechnology & Life Sciences",Biotechnology,Biotechnology,1014924736.0,2021-03-29T19:48:21Z,https://en.wikipedia.org/w/index.php?oldid=1014924736,matched_gics
2021-03-31,BKNG,Booking Holdings Inc,Consumer Discretionary,Retailing,Internet & Direct Marketing Retail,Internet & Direct Marketing Retail,1014924736.0,2021-03-29T19:48:21Z,https://en.wikipedia.org/w/index.php?oldid=1014924736,matched_gics
2021-03-31,CDNS,Cadence Design Systems,Information Technology,Software & Services,Software,Application Software,1014924736.0,2021-03-29T19:48:21Z,https://en.wikipedia.org/w/index.php?oldid=1014924736,matched_gics
2021-03-31,CEG,Constellation Energy Corp,,,,,,,,missing_gics
2021-03-31,CHTR,Charter Communications,Communication Services,Media,Media,Cable & Satellite,1014924736.0,2021-03-29T19:48:21Z,https://en.wikipedia.org/w/index.php?oldid=1014924736,matched_gics
2021-03-31,CMCSA,Comcast Corp.,Communication Services,Media,Media,Cable & Satellite,1014924736.0,2021-03-29T19:48:21Z,https://en.wikipedia.org/w/index.php?oldid=1014924736,matched_gics
2021-03-31,COST,Costco Wholesale Corp.,Consumer Staples,Food & Staples Retailing,Food & Staples Retailing,Hypermarkets & Super Centers,1014924736.0,2021-03-29T19:48:21Z,https://en.wikipedia.org/w/index.php?oldid=1014924736,matched_gics
2021-03-31,CPRT,Copart Inc,Industrials,Commercial & Professional Services,Commercial Services & Supplies,Diversified Support Services,1014924736.0,2021-03-29T19:48:21Z,https://en.wikipedia.org/w/index.php?oldid=1014924736,matched_gics
2021-03-31,CRWD,"CrowdStrike Holdings, Inc.",,,,,,,,missing_gics
2021-03-31,CSCO,Cisco Systems,Information Technology,Technology Hardware & Equipment,Communications Equipment,Communications Equipment,1014924736.0,2021-03-29T19:48:21Z,https://en.wikipedia.org/w/index.php?oldid=1014924736,matched_gics
2021-03-31,CSX,CSX Corp.,Industrials,Transportation,Road & Rail,Railroads,1014924736.0,2021-03-29T19:48:21Z,https://en.wikipedia.org/w/index.php?oldid=1014924736,matched_gics
2021-03-31,CTAS,Cintas Corporation,Industrials,Commercial & Professional Services,Commercial Services & Supplies,Diversified Support Services,1014924736.0,2021-03-29T19:48:21Z,https://en.wikipedia.org/w/index.php?oldid=1014924736,matched_gics
2021-03-31,CTSH,Cognizant Technology Solutions,Information Technology,Software & Services,IT Services,IT Consulting & Other Services,1014924736.0,2021-03-29T19:48:21Z,https://en.wikipedia.org/w/index.php?oldid=1014924736,matched_gics
2021-03-31,DDOG,"Datadog, Inc.",,,,,,,,missing_gics
2021-03-31,DLTR,Dollar Tree,Consumer Discretionary,Retailing,Multiline Retail,General Merchandise Stores,1014924736.0,2021-03-29T19:48:21Z,https://en.wikipedia.org/w/index.php?oldid=1014924736,matched_gics
2021-03-31,DOCU,"DOCUSIGN, INC.",,,,,,,,missing_gics
2021-03-31,DXCM,DexCom,Health Care,Health Care Equipment & Services,Health Care Equipment & Supplies,Health Care Equipment,1014924736.0,2021-03-29T19:48:21Z,https://en.wikipedia.org/w/index.php?oldid=1014924736,matched_gics
2021-03-31,EA,Electronic Arts,Communication Services,Media & Entertainment,Entertainment,Interactive Home Entertainment,1014924736.0,2021-03-29T19:48:21Z,https://en.wikipedia.org/w/index.php?oldid=1014924736,matched_gics
2021-03-31,EBAY,eBay Inc.,Consumer Discretionary,Retailing,Internet & Direct Marketing Retail,Internet & Direct Marketing Retail,1014924736.0,2021-03-29T19:48:21Z,https://en.wikipedia.org/w/index.php?oldid=1014924736,matched_gics
2021-03-31,ENPH,Enphase Energy,Information Technology,Technology Hardware & Equipment,"Electronic Equipment, Instruments & Components",Electronic Components,1014924736.0,2021-03-29T19:48:21Z,https://en.wikipedia.org/w/index.php?oldid=1014924736,matched_gics
2021-03-31,EXC,Exelon Corp.,Utilities,Utilities,Multi-Utilities,Multi-Utilities,1014924736.0,2021-03-29T19:48:21Z,https://en.wikipedia.org/w/index.php?oldid=1014924736,matched_gics
2021-03-31,FAST,Fastenal Co,Industrials,Capital Goods,Building Products,Building Products,1014924736.0,2021-03-29T19:48:21Z,https://en.wikipedia.org/w/index.php?oldid=1014924736,matched_gics
2021-03-31,FTNT,Fortinet,Information Technology,Software & Services,Software,Systems Software,1014924736.0,2021-03-29T19:48:21Z,https://en.wikipedia.org/w/index.php?oldid=1014924736,matched_gics
2021-03-31,GEHC,GE HealthCare Technologies Inc.,,,,,,,,missing_gics
2021-03-31,GILD,Gilead Sciences,Health Care,"Pharmaceuticals, Biotechnology & Life Sciences",Biotechnology,Biotechnology,1014924736.0,2021-03-29T19:48:21Z,https://en.wikipedia.org/w/index.php?oldid=1014924736,matched_gics
2021-03-31,GOOG,Alphabet Inc. (Class C),Communication Services,Media & Entertainment,Interactive Media & Services,Interactive Media & Services,1014924736.0,2021-03-29T19:48:21Z,https://en.wikipedia.org/w/index.php?oldid=1014924736,matched_gics
2021-03-31,GOOGL,Alphabet Inc. (Class A),Communication Services,Media & Entertainment,Interactive Media & Services,Interactive Media & Services,1014924736.0,2021-03-29T19:48:21Z,https://en.wikipedia.org/w/index.php?oldid=1014924736,matched_gics
2021-03-31,HON,Honeywell Int'l Inc.,Industrials,Capital Goods,Industrial Conglomerates,Industrial Conglomerates,1014924736.0,2021-03-29T19:48:21Z,https://en.wikipedia.org/w/index.php?oldid=1014924736,matched_gics
2021-03-31,IDXX,Idexx Laboratories,Health Care,Health Care Equipment & Services,Health Care Equipment & Supplies,Health Care Equipment,1014924736.0,2021-03-29T19:48:21Z,https://en.wikipedia.org/w/index.php?oldid=1014924736,matched_gics
2021-03-31,ILMN,Illumina Inc,Health Care,"Pharmaceuticals, Biotechnology & Life Sciences",Life Sciences Tools & Services,Life Sciences Tools & Services,1014924736.0,2021-03-29T19:48:21Z,https://en.wikipedia.org/w/index.php?oldid=1014924736,matched_gics
2021-03-31,INTC,Intel Corp.,Information Technology,Semiconductors & Semiconductor Equipment,Semiconductors & Semiconductor Equipment,Semiconductors,1014924736.0,2021-03-29T19:48:21Z,https://en.wikipedia.org/w/index.php?oldid=1014924736,matched_gics
2021-03-31,INTU,Intuit Inc.,Information Technology,Software & Services,Software,Application Software,1014924736.0,2021-03-29T19:48:21Z,https://en.wikipedia.org/w/index.php?oldid=1014924736,matched_gics
2021-03-31,ISRG,Intuitive Surgical Inc.,Health Care,Health Care Equipment & Services,Health Care Equipment & Supplies,Health Care Equipment,1014924736.0,2021-03-29T19:48:21Z,https://en.wikipedia.org/w/index.php?oldid=1014924736,matched_gics
2021-03-31,JD,"JD.com, Inc.",,,,,,,,missing_gics
2021-03-31,KDP,Keurig Dr Pepper Inc.,,,,,,,,missing_gics
2021-03-31,KHC,Kraft Heinz Co,Consumer Staples,"Food, Beverage & Tobacco",Food Products,Packaged Foods & Meats,1014924736.0,2021-03-29T19:48:21Z,https://en.wikipedia.org/w/index.php?oldid=1014924736,matched_gics
2021-03-31,KLAC,KLA Corporation,Information Technology,Semiconductors & Semiconductor Equipment,Semiconductors & Semiconductor Equipment,Semiconductor Equipment,1014924736.0,2021-03-29T19:48:21Z,https://en.wikipedia.org/w/index.php?oldid=1014924736,matched_gics
2021-03-31,LCID,"Lucid Group, Inc.",,,,,,,,missing_gics
2021-03-31,LRCX,Lam Research,Information Technology,Semiconductors & Semiconductor Equipment,Semiconductors & Semiconductor Equipment,Semiconductor Equipment,1014924736.0,2021-03-29T19:48:21Z,https://en.wikipedia.org/w/index.php?oldid=1014924736,matched_gics
2021-03-31,LULU,lululemon athletica inc.,,,,,,,,missing_gics
2021-03-31,MAR,Marriott International,Consumer Discretionary,Consumer Services,"Hotels, Restaurants & Leisure","Hotels, Resorts & Cruise Lines",1014924736.0,2021-03-29T19:48:21Z,https://en.wikipedia.org/w/index.php?oldid=1014924736,matched_gics
2021-03-31,MCHP,Microchip Technology,Information Technology,Semiconductors & Semiconductor Equipment,Semiconductors & Semiconductor Equipment,Semiconductors,1014924736.0,2021-03-29T19:48:21Z,https://en.wikipedia.org/w/index.php?oldid=1014924736,matched_gics
2021-03-31,MDLZ,Mondelez International,Consumer Staples,"Food, Beverage & Tobacco",Food Products,Packaged Foods & Meats,1014924736.0,2021-03-29T19:48:21Z,https://en.wikipedia.org/w/index.php?oldid=1014924736,matched_gics
2021-03-31,MELI,MERCADOLIBRE INC,,,,,,,,missing_gics
2021-03-31,META,"Facebook, Inc.",Communication Services,Media & Entertainment,Interactive Media & Services,Interactive Media & Services,1014924736.0,2021-03-29T19:48:21Z,https://en.wikipedia.org/w/index.php?oldid=1014924736|historical_ticker_alias:FB->META,matched_gics
2021-03-31,MNST,Monster Beverage,Consumer Staples,"Food, Beverage & Tobacco",Beverages,Soft Drinks,1014924736.0,2021-03-29T19:48:21Z,https://en.wikipedia.org/w/index.php?oldid=1014924736,matched_gics
2021-03-31,MRNA,"Moderna, Inc.",,,,,,,,missing_gics
2021-03-31,MRVL,"Marvell Technology, Inc.",,,,,,,,missing_gics
2021-03-31,MSFT,Microsoft Corp.,Information Technology,Software & Services,Software,Systems Software,1014924736.0,2021-03-29T19:48:21Z,https://en.wikipedia.org/w/index.php?oldid=1014924736,matched_gics
2021-03-31,MTCH,"Match Group, Inc.",,,,,,,,missing_gics
2021-03-31,MU,Micron Technology,Information Technology,Semiconductors & Semiconductor Equipment,Semiconductors & Semiconductor Equipment,Semiconductors,1014924736.0,2021-03-29T19:48:21Z,https://en.wikipedia.org/w/index.php?oldid=1014924736,matched_gics
2021-03-31,NFLX,Netflix Inc.,Communication Services,Media & Entertainment,Entertainment,Movies & Entertainment,1014924736.0,2021-03-29T19:48:21Z,https://en.wikipedia.org/w/index.php?oldid=1014924736,matched_gics
2021-03-31,NTES,"NetEase, Inc.",,,,,,,,missing_gics
2021-03-31,NVDA,Nvidia Corporation,Information Technology,Semiconductors & Semiconductor Equipment,Semiconductors & Semiconductor Equipment,Semiconductors,1014924736.0,2021-03-29T19:48:21Z,https://en.wikipedia.org/w/index.php?oldid=1014924736,matched_gics
2021-03-31,NXPI,NXP Semiconductors,Information Technology,Semiconductors & Semiconductor Equipment,Semiconductors & Semiconductor Equipment,Semiconductors,1014924736.0,2021-03-29T19:48:21Z,https://en.wikipedia.org/w/index.php?oldid=1014924736,matched_gics
2021-03-31,ODFL,Old Dominion Freight Line,Industrials,Transportation,Road & Rail,Trucking,1014924736.0,2021-03-29T19:48:21Z,https://en.wikipedia.org/w/index.php?oldid=1014924736,matched_gics
2021-03-31,ON,ON SEMICONDUCTOR CORP,,,,,,,,missing_gics
2021-03-31,ORLY,O'Reilly Automotive,Consumer Discretionary,Retailing,Specialty Retail,Specialty Stores,1014924736.0,2021-03-29T19:48:21Z,https://en.wikipedia.org/w/index.php?oldid=1014924736,matched_gics
2021-03-31,PANW,Palo Alto Networks Inc,,,,,,,,missing_gics
2021-03-31,PAYX,Paychex Inc.,Information Technology,Software & Services,IT Services,Data Processing & Outsourced Services,1014924736.0,2021-03-29T19:48:21Z,https://en.wikipedia.org/w/index.php?oldid=1014924736,matched_gics
2021-03-31,PCAR,Paccar,Industrials,Capital Goods,Machinery,Construction Machinery & Heavy Trucks,1014924736.0,2021-03-29T19:48:21Z,https://en.wikipedia.org/w/index.php?oldid=1014924736,matched_gics
2021-03-31,PDD,PDD Holdings Inc.,,,,,,,,missing_gics
2021-03-31,PEP,PepsiCo Inc.,Consumer Staples,"Food, Beverage & Tobacco",Beverages,Soft Drinks,1014924736.0,2021-03-29T19:48:21Z,https://en.wikipedia.org/w/index.php?oldid=1014924736,matched_gics
2021-03-31,PYPL,PayPal,Information Technology,Software & Services,IT Services,Data Processing & Outsourced Services,1014924736.0,2021-03-29T19:48:21Z,https://en.wikipedia.org/w/index.php?oldid=1014924736,matched_gics
2021-03-31,QCOM,Qualcomm,Information Technology,Semiconductors & Semiconductor Equipment,Semiconductors & Semiconductor Equipment,Semiconductors,1014924736.0,2021-03-29T19:48:21Z,https://en.wikipedia.org/w/index.php?oldid=1014924736,matched_gics
2021-03-31,REGN,Regeneron Pharmaceuticals,Health Care,"Pharmaceuticals, Biotechnology & Life Sciences",Biotechnology,Biotechnology,1014924736.0,2021-03-29T19:48:21Z,https://en.wikipedia.org/w/index.php?oldid=1014924736,matched_gics
2021-03-31,ROST,Ross Stores,Consumer Discretionary,Retailing,Specialty Retail,Apparel Retail,1014924736.0,2021-03-29T19:48:21Z,https://en.wikipedia.org/w/index.php?oldid=1014924736,matched_gics
2021-03-31,SBUX,Starbucks Corp.,Consumer Discretionary,Consumer Services,"Hotels, Restaurants & Leisure",Restaurants,1014924736.0,2021-03-29T19:48:21Z,https://en.wikipedia.org/w/index.php?oldid=1014924736,matched_gics
2021-03-31,SGEN,Seagen Inc.,,,,,,,,missing_gics
2021-03-31,SIRI,SIRIUS XM HOLDINGS INC.,,,,,,,,missing_gics
2021-03-31,SNPS,Synopsys Inc.,Information Technology,Software & Services,Software,Application Software,1014924736.0,2021-03-29T19:48:21Z,https://en.wikipedia.org/w/index.php?oldid=1014924736,matched_gics
2021-03-31,SPLK,Splunk Inc.,,,,,,,,missing_gics
2021-03-31,SWKS,Skyworks Solutions,Information Technology,Semiconductors & Semiconductor Equipment,Semiconductors & Semiconductor Equipment,Semiconductors,1014924736.0,2021-03-29T19:48:21Z,https://en.wikipedia.org/w/index.php?oldid=1014924736,matched_gics
2021-03-31,TEAM,Atlassian Corp,,,,,,,,missing_gics
2021-03-31,TMUS,T-Mobile US,Communication Services,Telecommunication Services,Wireless Telecommunication Services,Wireless Telecommunication Services,1014924736.0,2021-03-29T19:48:21Z,https://en.wikipedia.org/w/index.php?oldid=1014924736,matched_gics
2021-03-31,TSLA,"Tesla, Inc.",Consumer Discretionary,Automobiles & Components,Automobiles,Automobile Manufacturers,1014924736.0,2021-03-29T19:48:21Z,https://en.wikipedia.org/w/index.php?oldid=1014924736,matched_gics
2021-03-31,TTD,"Trade Desk, Inc.",,,,,,,,missing_gics
2021-03-31,TXN,Texas Instruments,Information Technology,Semiconductors & Semiconductor Equipment,Semiconductors & Semiconductor Equipment,Semiconductors,1014924736.0,2021-03-29T19:48:21Z,https://en.wikipedia.org/w/index.php?oldid=1014924736,matched_gics
2021-03-31,VRSK,Verisk Analytics,Industrials,Commercial & Professional Services,Professional Services,Research & Consulting Services,1014924736.0,2021-03-29T19:48:21Z,https://en.wikipedia.org/w/index.php?oldid=1014924736,matched_gics
2021-03-31,VRSN,Verisign Inc.,Information Technology,Software & Services,IT Services,Internet Services & Infrastructure,1014924736.0,2021-03-29T19:48:21Z,https://en.wikipedia.org/w/index.php?oldid=1014924736,matched_gics
2021-03-31,VRTX,Vertex Pharmaceuticals Inc,Health Care,"Pharmaceuticals, Biotechnology & Life Sciences",Biotechnology,Biotechnology,1014924736.0,2021-03-29T19:48:21Z,https://en.wikipedia.org/w/index.php?oldid=1014924736,matched_gics
2021-03-31,WBA,Walgreens Boots Alliance,Consumer Staples,Food & Staples Retailing,Food & Staples Retailing,Drug Retail,1014924736.0,2021-03-29T19:48:21Z,https://en.wikipedia.org/w/index.php?oldid=1014924736,matched_gics
2021-03-31,WDAY,"Workday, Inc.",,,,,,,,missing_gics
2021-03-31,XEL,Xcel Energy Inc,Utilities,Utilities,Multi-Utilities,Multi-Utilities,1014924736.0,2021-03-29T19:48:21Z,https://en.wikipedia.org/w/index.php?oldid=1014924736,matched_gics
2021-03-31,ZM,"Zoom Communications, Inc.",,,,,,,,missing_gics
2021-03-31,ZS,"Zscaler, Inc.",,,,,,,,missing_gics
2021-04-30,AAPL,Apple Inc.,Information Technology,Technology Hardware & Equipment,"Technology Hardware, Storage & Peripherals","Technology Hardware, Storage & Peripherals",1019447802.0,2021-04-23T11:42:25Z,https://en.wikipedia.org/w/index.php?oldid=1019447802,matched_gics
2021-04-30,ABNB,"Airbnb, Inc.",,,,,,,,missing_gics
2021-04-30,ADBE,Adobe Inc.,Information Technology,Software & Services,Software,Application Software,1019447802.0,2021-04-23T11:42:25Z,https://en.wikipedia.org/w/index.php?oldid=1019447802,matched_gics
2021-04-30,ADI,"Analog Devices, Inc.",Information Technology,Semiconductors & Semiconductor Equipment,Semiconductors & Semiconductor Equipment,Semiconductors,1019447802.0,2021-04-23T11:42:25Z,https://en.wikipedia.org/w/index.php?oldid=1019447802,matched_gics
2021-04-30,ADP,Automatic Data Processing,Information Technology,Software & Services,IT Services,Data Processing & Outsourced Services,1019447802.0,2021-04-23T11:42:25Z,https://en.wikipedia.org/w/index.php?oldid=1019447802,matched_gics
2021-04-30,ADSK,Autodesk Inc.,Information Technology,Software & Services,Software,Application Software,1019447802.0,2021-04-23T11:42:25Z,https://en.wikipedia.org/w/index.php?oldid=1019447802,matched_gics
2021-04-30,AEP,American Electric Power,Utilities,Utilities,Electric Utilities,Electric Utilities,1019447802.0,2021-04-23T11:42:25Z,https://en.wikipedia.org/w/index.php?oldid=1019447802,matched_gics
2021-04-30,ALGN,Align Technology,Health Care,Health Care Equipment & Services,Health Care Equipment & Supplies,Health Care Supplies,1019447802.0,2021-04-23T11:42:25Z,https://en.wikipedia.org/w/index.php?oldid=1019447802,matched_gics
2021-04-30,AMAT,Applied Materials Inc.,Information Technology,Semiconductors & Semiconductor Equipment,Semiconductors & Semiconductor Equipment,Semiconductor Equipment,1019447802.0,2021-04-23T11:42:25Z,https://en.wikipedia.org/w/index.php?oldid=1019447802,matched_gics
2021-04-30,AMD,Advanced Micro Devices,Information Technology,Semiconductors & Semiconductor Equipment,Semiconductors & Semiconductor Equipment,Semiconductors,1019447802.0,2021-04-23T11:42:25Z,https://en.wikipedia.org/w/index.php?oldid=1019447802,matched_gics
2021-04-30,AMGN,Amgen Inc.,Health Care,"Pharmaceuticals, Biotechnology & Life Sciences",Biotechnology,Biotechnology,1019447802.0,2021-04-23T11:42:25Z,https://en.wikipedia.org/w/index.php?oldid=1019447802,matched_gics
2021-04-30,AMZN,Amazon.com Inc.,Consumer Discretionary,Retailing,Internet & Direct Marketing Retail,Internet & Direct Marketing Retail,1019447802.0,2021-04-23T11:42:25Z,https://en.wikipedia.org/w/index.php?oldid=1019447802,matched_gics
2021-04-30,ANSS,"ANSYS, Inc.",Information Technology,Software & Services,Software,Application Software,1019447802.0,2021-04-23T11:42:25Z,https://en.wikipedia.org/w/index.php?oldid=1019447802,matched_gics
2021-04-30,ASML,ASML HOLDING NV,,,,,,,,missing_gics
2021-04-30,AVGO,Broadcom Inc.,Information Technology,Semiconductors & Semiconductor Equipment,Semiconductors & Semiconductor Equipment,Semiconductors,1019447802.0,2021-04-23T11:42:25Z,https://en.wikipedia.org/w/index.php?oldid=1019447802,matched_gics
2021-04-30,AZN,ASTRAZENECA PLC,,,,,,,,missing_gics
2021-04-30,BIDU,"Baidu, Inc.",,,,,,,,missing_gics
2021-04-30,BIIB,Biogen Inc.,Health Care,"Pharmaceuticals, Biotechnology & Life Sciences",Biotechnology,Biotechnology,1019447802.0,2021-04-23T11:42:25Z,https://en.wikipedia.org/w/index.php?oldid=1019447802,matched_gics
2021-04-30,BKNG,Booking Holdings Inc,Consumer Discretionary,Retailing,Internet & Direct Marketing Retail,Internet & Direct Marketing Retail,1019447802.0,2021-04-23T11:42:25Z,https://en.wikipedia.org/w/index.php?oldid=1019447802,matched_gics
2021-04-30,CDNS,Cadence Design Systems,Information Technology,Software & Services,Software,Application Software,1019447802.0,2021-04-23T11:42:25Z,https://en.wikipedia.org/w/index.php?oldid=1019447802,matched_gics
2021-04-30,CEG,Constellation Energy Corp,,,,,,,,missing_gics
2021-04-30,CHTR,Charter Communications,Communication Services,Media,Media,Cable & Satellite,1019447802.0,2021-04-23T11:42:25Z,https://en.wikipedia.org/w/index.php?oldid=1019447802,matched_gics
2021-04-30,CMCSA,Comcast Corp.,Communication Services,Media,Media,Cable & Satellite,1019447802.0,2021-04-23T11:42:25Z,https://en.wikipedia.org/w/index.php?oldid=1019447802,matched_gics
2021-04-30,COST,Costco Wholesale Corp.,Consumer Staples,Food & Staples Retailing,Food & Staples Retailing,Hypermarkets & Super Centers,1019447802.0,2021-04-23T11:42:25Z,https://en.wikipedia.org/w/index.php?oldid=1019447802,matched_gics
2021-04-30,CPRT,Copart Inc,Industrials,Commercial & Professional Services,Commercial Services & Supplies,Diversified Support Services,1019447802.0,2021-04-23T11:42:25Z,https://en.wikipedia.org/w/index.php?oldid=1019447802,matched_gics
2021-04-30,CRWD,"CrowdStrike Holdings, Inc.",,,,,,,,missing_gics
2021-04-30,CSCO,Cisco Systems,Information Technology,Technology Hardware & Equipment,Communications Equipment,Communications Equipment,1019447802.0,2021-04-23T11:42:25Z,https://en.wikipedia.org/w/index.php?oldid=1019447802,matched_gics
2021-04-30,CSX,CSX Corp.,Industrials,Transportation,Road & Rail,Railroads,1019447802.0,2021-04-23T11:42:25Z,https://en.wikipedia.org/w/index.php?oldid=1019447802,matched_gics
2021-04-30,CTAS,Cintas Corporation,Industrials,Commercial & Professional Services,Commercial Services & Supplies,Diversified Support Services,1019447802.0,2021-04-23T11:42:25Z,https://en.wikipedia.org/w/index.php?oldid=1019447802,matched_gics
2021-04-30,CTSH,Cognizant Technology Solutions,Information Technology,Software & Services,IT Services,IT Consulting & Other Services,1019447802.0,2021-04-23T11:42:25Z,https://en.wikipedia.org/w/index.php?oldid=1019447802,matched_gics
2021-04-30,DDOG,"Datadog, Inc.",,,,,,,,missing_gics
2021-04-30,DLTR,Dollar Tree,Consumer Discretionary,Retailing,Multiline Retail,General Merchandise Stores,1019447802.0,2021-04-23T11:42:25Z,https://en.wikipedia.org/w/index.php?oldid=1019447802,matched_gics
2021-04-30,DOCU,"DOCUSIGN, INC.",,,,,,,,missing_gics
2021-04-30,DXCM,DexCom,Health Care,Health Care Equipment & Services,Health Care Equipment & Supplies,Health Care Equipment,1019447802.0,2021-04-23T11:42:25Z,https://en.wikipedia.org/w/index.php?oldid=1019447802,matched_gics
2021-04-30,EA,Electronic Arts,Communication Services,Media & Entertainment,Entertainment,Interactive Home Entertainment,1019447802.0,2021-04-23T11:42:25Z,https://en.wikipedia.org/w/index.php?oldid=1019447802,matched_gics
2021-04-30,EBAY,eBay Inc.,Consumer Discretionary,Retailing,Internet & Direct Marketing Retail,Internet & Direct Marketing Retail,1019447802.0,2021-04-23T11:42:25Z,https://en.wikipedia.org/w/index.php?oldid=1019447802,matched_gics
2021-04-30,ENPH,Enphase Energy,Information Technology,Technology Hardware & Equipment,"Electronic Equipment, Instruments & Components",Electronic Components,1019447802.0,2021-04-23T11:42:25Z,https://en.wikipedia.org/w/index.php?oldid=1019447802,matched_gics
2021-04-30,EXC,Exelon Corp.,Utilities,Utilities,Multi-Utilities,Multi-Utilities,1019447802.0,2021-04-23T11:42:25Z,https://en.wikipedia.org/w/index.php?oldid=1019447802,matched_gics
2021-04-30,FAST,Fastenal Co,Industrials,Capital Goods,Building Products,Building Products,1019447802.0,2021-04-23T11:42:25Z,https://en.wikipedia.org/w/index.php?oldid=1019447802,matched_gics
2021-04-30,FTNT,Fortinet,Information Technology,Software & Services,Software,Systems Software,1019447802.0,2021-04-23T11:42:25Z,https://en.wikipedia.org/w/index.php?oldid=1019447802,matched_gics
2021-04-30,GEHC,GE HealthCare Technologies Inc.,,,,,,,,missing_gics
2021-04-30,GILD,Gilead Sciences,Health Care,"Pharmaceuticals, Biotechnology & Life Sciences",Biotechnology,Biotechnology,1019447802.0,2021-04-23T11:42:25Z,https://en.wikipedia.org/w/index.php?oldid=1019447802,matched_gics
2021-04-30,GOOG,Alphabet Inc. (Class C),Communication Services,Media & Entertainment,Interactive Media & Services,Interactive Media & Services,1019447802.0,2021-04-23T11:42:25Z,https://en.wikipedia.org/w/index.php?oldid=1019447802,matched_gics
2021-04-30,GOOGL,Alphabet Inc. (Class A),Communication Services,Media & Entertainment,Interactive Media & Services,Interactive Media & Services,1019447802.0,2021-04-23T11:42:25Z,https://en.wikipedia.org/w/index.php?oldid=1019447802,matched_gics
2021-04-30,HON,Honeywell Int'l Inc.,Industrials,Capital Goods,Industrial Conglomerates,Industrial Conglomerates,1019447802.0,2021-04-23T11:42:25Z,https://en.wikipedia.org/w/index.php?oldid=1019447802,matched_gics
2021-04-30,IDXX,Idexx Laboratories,Health Care,Health Care Equipment & Services,Health Care Equipment & Supplies,Health Care Equipment,1019447802.0,2021-04-23T11:42:25Z,https://en.wikipedia.org/w/index.php?oldid=1019447802,matched_gics
2021-04-30,ILMN,Illumina Inc,Health Care,"Pharmaceuticals, Biotechnology & Life Sciences",Life Sciences Tools & Services,Life Sciences Tools & Services,1019447802.0,2021-04-23T11:42:25Z,https://en.wikipedia.org/w/index.php?oldid=1019447802,matched_gics
2021-04-30,INTC,Intel Corp.,Information Technology,Semiconductors & Semiconductor Equipment,Semiconductors & Semiconductor Equipment,Semiconductors,1019447802.0,2021-04-23T11:42:25Z,https://en.wikipedia.org/w/index.php?oldid=1019447802,matched_gics
2021-04-30,INTU,Intuit Inc.,Information Technology,Software & Services,Software,Application Software,1019447802.0,2021-04-23T11:42:25Z,https://en.wikipedia.org/w/index.php?oldid=1019447802,matched_gics
2021-04-30,ISRG,Intuitive Surgical Inc.,Health Care,Health Care Equipment & Services,Health Care Equipment & Supplies,Health Care Equipment,1019447802.0,2021-04-23T11:42:25Z,https://en.wikipedia.org/w/index.php?oldid=1019447802,matched_gics
2021-04-30,JD,"JD.com, Inc.",,,,,,,,missing_gics
2021-04-30,KDP,Keurig Dr Pepper Inc.,,,,,,,,missing_gics
2021-04-30,KHC,Kraft Heinz Co,Consumer Staples,"Food, Beverage & Tobacco",Food Products,Packaged Foods & Meats,1019447802.0,2021-04-23T11:42:25Z,https://en.wikipedia.org/w/index.php?oldid=1019447802,matched_gics
2021-04-30,KLAC,KLA Corporation,Information Technology,Semiconductors & Semiconductor Equipment,Semiconductors & Semiconductor Equipment,Semiconductor Equipment,1019447802.0,2021-04-23T11:42:25Z,https://en.wikipedia.org/w/index.php?oldid=1019447802,matched_gics
2021-04-30,LCID,"Lucid Group, Inc.",,,,,,,,missing_gics
2021-04-30,LRCX,Lam Research,Information Technology,Semiconductors & Semiconductor Equipment,Semiconductors & Semiconductor Equipment,Semiconductor Equipment,1019447802.0,2021-04-23T11:42:25Z,https://en.wikipedia.org/w/index.php?oldid=1019447802,matched_gics
2021-04-30,LULU,lululemon athletica inc.,,,,,,,,missing_gics
2021-04-30,MAR,Marriott International,Consumer Discretionary,Consumer Services,"Hotels, Restaurants & Leisure","Hotels, Resorts & Cruise Lines",1019447802.0,2021-04-23T11:42:25Z,https://en.wikipedia.org/w/index.php?oldid=1019447802,matched_gics
2021-04-30,MCHP,Microchip Technology,Information Technology,Semiconductors & Semiconductor Equipment,Semiconductors & Semiconductor Equipment,Semiconductors,1019447802.0,2021-04-23T11:42:25Z,https://en.wikipedia.org/w/index.php?oldid=1019447802,matched_gics
2021-04-30,MDLZ,Mondelez International,Consumer Staples,"Food, Beverage & Tobacco",Food Products,Packaged Foods & Meats,1019447802.0,2021-04-23T11:42:25Z,https://en.wikipedia.org/w/index.php?oldid=1019447802,matched_gics
2021-04-30,MELI,MERCADOLIBRE INC,,,,,,,,missing_gics
2021-04-30,META,"Facebook, Inc.",Communication Services,Media & Entertainment,Interactive Media & Services,Interactive Media & Services,1019447802.0,2021-04-23T11:42:25Z,https://en.wikipedia.org/w/index.php?oldid=1019447802|historical_ticker_alias:FB->META,matched_gics
2021-04-30,MNST,Monster Beverage,Consumer Staples,"Food, Beverage & Tobacco",Beverages,Soft Drinks,1019447802.0,2021-04-23T11:42:25Z,https://en.wikipedia.org/w/index.php?oldid=1019447802,matched_gics
2021-04-30,MRNA,"Moderna, Inc.",,,,,,,,missing_gics
2021-04-30,MRVL,"Marvell Technology, Inc.",,,,,,,,missing_gics
2021-04-30,MSFT,Microsoft Corp.,Information Technology,Software & Services,Software,Systems Software,1019447802.0,2021-04-23T11:42:25Z,https://en.wikipedia.org/w/index.php?oldid=1019447802,matched_gics
2021-04-30,MTCH,"Match Group, Inc.",,,,,,,,missing_gics
2021-04-30,MU,Micron Technology,Information Technology,Semiconductors & Semiconductor Equipment,Semiconductors & Semiconductor Equipment,Semiconductors,1019447802.0,2021-04-23T11:42:25Z,https://en.wikipedia.org/w/index.php?oldid=1019447802,matched_gics
2021-04-30,NFLX,Netflix Inc.,Communication Services,Media & Entertainment,Entertainment,Movies & Entertainment,1019447802.0,2021-04-23T11:42:25Z,https://en.wikipedia.org/w/index.php?oldid=1019447802,matched_gics
2021-04-30,NTES,"NetEase, Inc.",,,,,,,,missing_gics
2021-04-30,NVDA,Nvidia Corporation,Information Technology,Semiconductors & Semiconductor Equipment,Semiconductors & Semiconductor Equipment,Semiconductors,1019447802.0,2021-04-23T11:42:25Z,https://en.wikipedia.org/w/index.php?oldid=1019447802,matched_gics
2021-04-30,NXPI,NXP Semiconductors,Information Technology,Semiconductors & Semiconductor Equipment,Semiconductors & Semiconductor Equipment,Semiconductors,1019447802.0,2021-04-23T11:42:25Z,https://en.wikipedia.org/w/index.php?oldid=1019447802,matched_gics
2021-04-30,ODFL,Old Dominion Freight Line,Industrials,Transportation,Road & Rail,Trucking,1019447802.0,2021-04-23T11:42:25Z,https://en.wikipedia.org/w/index.php?oldid=1019447802,matched_gics
2021-04-30,ON,ON SEMICONDUCTOR CORP,,,,,,,,missing_gics
2021-04-30,ORLY,O'Reilly Automotive,Consumer Discretionary,Retailing,Specialty Retail,Specialty Stores,1019447802.0,2021-04-23T11:42:25Z,https://en.wikipedia.org/w/index.php?oldid=1019447802,matched_gics
2021-04-30,PANW,Palo Alto Networks Inc,,,,,,,,missing_gics
2021-04-30,PAYX,Paychex Inc.,Information Technology,Software & Services,IT Services,Data Processing & Outsourced Services,1019447802.0,2021-04-23T11:42:25Z,https://en.wikipedia.org/w/index.php?oldid=1019447802,matched_gics
2021-04-30,PCAR,Paccar,Industrials,Capital Goods,Machinery,Construction Machinery & Heavy Trucks,1019447802.0,2021-04-23T11:42:25Z,https://en.wikipedia.org/w/index.php?oldid=1019447802,matched_gics
2021-04-30,PDD,PDD Holdings Inc.,,,,,,,,missing_gics
2021-04-30,PEP,PepsiCo Inc.,Consumer Staples,"Food, Beverage & Tobacco",Beverages,Soft Drinks,1019447802.0,2021-04-23T11:42:25Z,https://en.wikipedia.org/w/index.php?oldid=1019447802,matched_gics
2021-04-30,PYPL,PayPal,Information Technology,Software & Services,IT Services,Data Processing & Outsourced Services,1019447802.0,2021-04-23T11:42:25Z,https://en.wikipedia.org/w/index.php?oldid=1019447802,matched_gics
2021-04-30,QCOM,Qualcomm,Information Technology,Semiconductors & Semiconductor Equipment,Semiconductors & Semiconductor Equipment,Semiconductors,1019447802.0,2021-04-23T11:42:25Z,https://en.wikipedia.org/w/index.php?oldid=1019447802,matched_gics
2021-04-30,REGN,Regeneron Pharmaceuticals,Health Care,"Pharmaceuticals, Biotechnology & Life Sciences",Biotechnology,Biotechnology,1019447802.0,2021-04-23T11:42:25Z,https://en.wikipedia.org/w/index.php?oldid=1019447802,matched_gics
2021-04-30,ROST,Ross Stores,Consumer Discretionary,Retailing,Specialty Retail,Apparel Retail,1019447802.0,2021-04-23T11:42:25Z,https://en.wikipedia.org/w/index.php?oldid=1019447802,matched_gics
2021-04-30,SBUX,Starbucks Corp.,Consumer Discretionary,Consumer Services,"Hotels, Restaurants & Leisure",Restaurants,1019447802.0,2021-04-23T11:42:25Z,https://en.wikipedia.org/w/index.php?oldid=1019447802,matched_gics
2021-04-30,SGEN,Seagen Inc.,,,,,,,,missing_gics
2021-04-30,SIRI,SIRIUS XM HOLDINGS INC.,,,,,,,,missing_gics
2021-04-30,SNPS,Synopsys Inc.,Information Technology,Software & Services,Software,Application Software,1019447802.0,2021-04-23T11:42:25Z,https://en.wikipedia.org/w/index.php?oldid=1019447802,matched_gics
2021-04-30,SPLK,Splunk Inc.,,,,,,,,missing_gics
2021-04-30,SWKS,Skyworks Solutions,Information Technology,Semiconductors & Semiconductor Equipment,Semiconductors & Semiconductor Equipment,Semiconductors,1019447802.0,2021-04-23T11:42:25Z,https://en.wikipedia.org/w/index.php?oldid=1019447802,matched_gics
2021-04-30,TEAM,Atlassian Corp,,,,,,,,missing_gics
2021-04-30,TMUS,T-Mobile US,Communication Services,Telecommunication Services,Wireless Telecommunication Services,Wireless Telecommunication Services,1019447802.0,2021-04-23T11:42:25Z,https://en.wikipedia.org/w/index.php?oldid=1019447802,matched_gics
2021-04-30,TSLA,"Tesla, Inc.",Consumer Discretionary,Automobiles & Components,Automobiles,Automobile Manufacturers,1019447802.0,2021-04-23T11:42:25Z,https://en.wikipedia.org/w/index.php?oldid=1019447802,matched_gics
2021-04-30,TTD,"Trade Desk, Inc.",,,,,,,,missing_gics
2021-04-30,TXN,Texas Instruments,Information Technology,Semiconductors & Semiconductor Equipment,Semiconductors & Semiconductor Equipment,Semiconductors,1019447802.0,2021-04-23T11:42:25Z,https://en.wikipedia.org/w/index.php?oldid=1019447802,matched_gics
2021-04-30,VRSK,Verisk Analytics,Industrials,Commercial & Professional Services,Professional Services,Research & Consulting Services,1019447802.0,2021-04-23T11:42:25Z,https://en.wikipedia.org/w/index.php?oldid=1019447802,matched_gics
2021-04-30,VRSN,Verisign Inc.,Information Technology,Software & Services,IT Services,Internet Services & Infrastructure,1019447802.0,2021-04-23T11:42:25Z,https://en.wikipedia.org/w/index.php?oldid=1019447802,matched_gics
2021-04-30,VRTX,Vertex Pharmaceuticals Inc,Health Care,"Pharmaceuticals, Biotechnology & Life Sciences",Biotechnology,Biotechnology,1019447802.0,2021-04-23T11:42:25Z,https://en.wikipedia.org/w/index.php?oldid=1019447802,matched_gics
2021-04-30,WBA,Walgreens Boots Alliance,Consumer Staples,Food & Staples Retailing,Food & Staples Retailing,Drug Retail,1019447802.0,2021-04-23T11:42:25Z,https://en.wikipedia.org/w/index.php?oldid=1019447802,matched_gics
2021-04-30,WDAY,"Workday, Inc.",,,,,,,,missing_gics
2021-04-30,XEL,Xcel Energy Inc,Utilities,Utilities,Multi-Utilities,Multi-Utilities,1019447802.0,2021-04-23T11:42:25Z,https://en.wikipedia.org/w/index.php?oldid=1019447802,matched_gics
2021-04-30,ZM,"Zoom Communications, Inc.",,,,,,,,missing_gics
2021-04-30,ZS,"Zscaler, Inc.",,,,,,,,missing_gics
2021-05-31,AAPL,Apple Inc.,Information Technology,Technology Hardware & Equipment,"Technology Hardware, Storage & Peripherals","Technology Hardware, Storage & Peripherals",1025307873.0,2021-05-26T21:33:15Z,https://en.wikipedia.org/w/index.php?oldid=1025307873,matched_gics
2021-05-31,ABNB,"Airbnb, Inc.",,,,,,,,missing_gics
2021-05-31,ADBE,Adobe Inc.,Information Technology,Software & Services,Software,Application Software,1025307873.0,2021-05-26T21:33:15Z,https://en.wikipedia.org/w/index.php?oldid=1025307873,matched_gics
2021-05-31,ADI,"Analog Devices, Inc.",Information Technology,Semiconductors & Semiconductor Equipment,Semiconductors & Semiconductor Equipment,Semiconductors,1025307873.0,2021-05-26T21:33:15Z,https://en.wikipedia.org/w/index.php?oldid=1025307873,matched_gics
2021-05-31,ADP,Automatic Data Processing,Information Technology,Software & Services,IT Services,Data Processing & Outsourced Services,1025307873.0,2021-05-26T21:33:15Z,https://en.wikipedia.org/w/index.php?oldid=1025307873,matched_gics
2021-05-31,ADSK,Autodesk Inc.,Information Technology,Software & Services,Software,Application Software,1025307873.0,2021-05-26T21:33:15Z,https://en.wikipedia.org/w/index.php?oldid=1025307873,matched_gics
2021-05-31,AEP,American Electric Power,Utilities,Utilities,Electric Utilities,Electric Utilities,1025307873.0,2021-05-26T21:33:15Z,https://en.wikipedia.org/w/index.php?oldid=1025307873,matched_gics
2021-05-31,ALGN,Align Technology,Health Care,Health Care Equipment & Services,Health Care Equipment & Supplies,Health Care Supplies,1025307873.0,2021-05-26T21:33:15Z,https://en.wikipedia.org/w/index.php?oldid=1025307873,matched_gics
2021-05-31,AMAT,Applied Materials Inc.,Information Technology,Semiconductors & Semiconductor Equipment,Semiconductors & Semiconductor Equipment,Semiconductor Equipment,1025307873.0,2021-05-26T21:33:15Z,https://en.wikipedia.org/w/index.php?oldid=1025307873,matched_gics
2021-05-31,AMD,Advanced Micro Devices,Information Technology,Semiconductors & Semiconductor Equipment,Semiconductors & Semiconductor Equipment,Semiconductors,1025307873.0,2021-05-26T21:33:15Z,https://en.wikipedia.org/w/index.php?oldid=1025307873,matched_gics
2021-05-31,AMGN,Amgen Inc.,Health Care,"Pharmaceuticals, Biotechnology & Life Sciences",Biotechnology,Biotechnology,1025307873.0,2021-05-26T21:33:15Z,https://en.wikipedia.org/w/index.php?oldid=1025307873,matched_gics
2021-05-31,AMZN,Amazon.com Inc.,Consumer Discretionary,Retailing,Internet & Direct Marketing Retail,Internet & Direct Marketing Retail,1025307873.0,2021-05-26T21:33:15Z,https://en.wikipedia.org/w/index.php?oldid=1025307873,matched_gics
2021-05-31,ANSS,"ANSYS, Inc.",Information Technology,Software & Services,Software,Application Software,1025307873.0,2021-05-26T21:33:15Z,https://en.wikipedia.org/w/index.php?oldid=1025307873,matched_gics
2021-05-31,ASML,ASML HOLDING NV,,,,,,,,missing_gics
2021-05-31,AVGO,Broadcom Inc.,Information Technology,Semiconductors & Semiconductor Equipment,Semiconductors & Semiconductor Equipment,Semiconductors,1025307873.0,2021-05-26T21:33:15Z,https://en.wikipedia.org/w/index.php?oldid=1025307873,matched_gics
2021-05-31,AZN,ASTRAZENECA PLC,,,,,,,,missing_gics
2021-05-31,BIDU,"Baidu, Inc.",,,,,,,,missing_gics
2021-05-31,BIIB,Biogen Inc.,Health Care,"Pharmaceuticals, Biotechnology & Life Sciences",Biotechnology,Biotechnology,1025307873.0,2021-05-26T21:33:15Z,https://en.wikipedia.org/w/index.php?oldid=1025307873,matched_gics
2021-05-31,BKNG,Booking Holdings Inc,Consumer Discretionary,Retailing,Internet & Direct Marketing Retail,Internet & Direct Marketing Retail,1025307873.0,2021-05-26T21:33:15Z,https://en.wikipedia.org/w/index.php?oldid=1025307873,matched_gics
2021-05-31,CDNS,Cadence Design Systems,Information Technology,Software & Services,Software,Application Software,1025307873.0,2021-05-26T21:33:15Z,https://en.wikipedia.org/w/index.php?oldid=1025307873,matched_gics
2021-05-31,CEG,Constellation Energy Corp,,,,,,,,missing_gics
2021-05-31,CHTR,Charter Communications,Communication Services,Media,Media,Cable & Satellite,1025307873.0,2021-05-26T21:33:15Z,https://en.wikipedia.org/w/index.php?oldid=1025307873,matched_gics
2021-05-31,CMCSA,Comcast Corp.,Communication Services,Media,Media,Cable & Satellite,1025307873.0,2021-05-26T21:33:15Z,https://en.wikipedia.org/w/index.php?oldid=1025307873,matched_gics
2021-05-31,COST,Costco Wholesale Corp.,Consumer Staples,Food & Staples Retailing,Food & Staples Retailing,Hypermarkets & Super Centers,1025307873.0,2021-05-26T21:33:15Z,https://en.wikipedia.org/w/index.php?oldid=1025307873,matched_gics
2021-05-31,CPRT,Copart Inc,Industrials,Commercial & Professional Services,Commercial Services & Supplies,Diversified Support Services,1025307873.0,2021-05-26T21:33:15Z,https://en.wikipedia.org/w/index.php?oldid=1025307873,matched_gics
2021-05-31,CRWD,"CrowdStrike Holdings, Inc.",,,,,,,,missing_gics
2021-05-31,CSCO,Cisco Systems,Information Technology,Technology Hardware & Equipment,Communications Equipment,Communications Equipment,1025307873.0,2021-05-26T21:33:15Z,https://en.wikipedia.org/w/index.php?oldid=1025307873,matched_gics
2021-05-31,CSX,CSX Corp.,Industrials,Transportation,Road & Rail,Railroads,1025307873.0,2021-05-26T21:33:15Z,https://en.wikipedia.org/w/index.php?oldid=1025307873,matched_gics
2021-05-31,CTAS,Cintas Corporation,Industrials,Commercial & Professional Services,Commercial Services & Supplies,Diversified Support Services,1025307873.0,2021-05-26T21:33:15Z,https://en.wikipedia.org/w/index.php?oldid=1025307873,matched_gics
2021-05-31,CTSH,Cognizant Technology Solutions,Information Technology,Software & Services,IT Services,IT Consulting & Other Services,1025307873.0,2021-05-26T21:33:15Z,https://en.wikipedia.org/w/index.php?oldid=1025307873,matched_gics
2021-05-31,DDOG,"Datadog, Inc.",,,,,,,,missing_gics
2021-05-31,DLTR,Dollar Tree,Consumer Discretionary,Retailing,Multiline Retail,General Merchandise Stores,1025307873.0,2021-05-26T21:33:15Z,https://en.wikipedia.org/w/index.php?oldid=1025307873,matched_gics
2021-05-31,DOCU,"DOCUSIGN, INC.",,,,,,,,missing_gics
2021-05-31,DXCM,DexCom,Health Care,Health Care Equipment & Services,Health Care Equipment & Supplies,Health Care Equipment,1025307873.0,2021-05-26T21:33:15Z,https://en.wikipedia.org/w/index.php?oldid=1025307873,matched_gics
2021-05-31,EA,Electronic Arts,Communication Services,Media & Entertainment,Entertainment,Interactive Home Entertainment,1025307873.0,2021-05-26T21:33:15Z,https://en.wikipedia.org/w/index.php?oldid=1025307873,matched_gics
2021-05-31,EBAY,eBay Inc.,Consumer Discretionary,Retailing,Internet & Direct Marketing Retail,Internet & Direct Marketing Retail,1025307873.0,2021-05-26T21:33:15Z,https://en.wikipedia.org/w/index.php?oldid=1025307873,matched_gics
2021-05-31,ENPH,Enphase Energy,Information Technology,Technology Hardware & Equipment,"Electronic Equipment, Instruments & Components",Electronic Components,1025307873.0,2021-05-26T21:33:15Z,https://en.wikipedia.org/w/index.php?oldid=1025307873,matched_gics
2021-05-31,EXC,Exelon Corp.,Utilities,Utilities,Multi-Utilities,Multi-Utilities,1025307873.0,2021-05-26T21:33:15Z,https://en.wikipedia.org/w/index.php?oldid=1025307873,matched_gics
2021-05-31,FAST,Fastenal Co,Industrials,Capital Goods,Building Products,Building Products,1025307873.0,2021-05-26T21:33:15Z,https://en.wikipedia.org/w/index.php?oldid=1025307873,matched_gics
2021-05-31,FTNT,Fortinet,Information Technology,Software & Services,Software,Systems Software,1025307873.0,2021-05-26T21:33:15Z,https://en.wikipedia.org/w/index.php?oldid=1025307873,matched_gics
2021-05-31,GEHC,GE HealthCare Technologies Inc.,,,,,,,,missing_gics
2021-05-31,GILD,Gilead Sciences,Health Care,"Pharmaceuticals, Biotechnology & Life Sciences",Biotechnology,Biotechnology,1025307873.0,2021-05-26T21:33:15Z,https://en.wikipedia.org/w/index.php?oldid=1025307873,matched_gics
2021-05-31,GOOG,Alphabet Inc. (Class C),Communication Services,Media & Entertainment,Interactive Media & Services,Interactive Media & Services,1025307873.0,2021-05-26T21:33:15Z,https://en.wikipedia.org/w/index.php?oldid=1025307873,matched_gics
2021-05-31,GOOGL,Alphabet Inc. (Class A),Communication Services,Media & Entertainment,Interactive Media & Services,Interactive Media & Services,1025307873.0,2021-05-26T21:33:15Z,https://en.wikipedia.org/w/index.php?oldid=1025307873,matched_gics
2021-05-31,HON,Honeywell Int'l Inc.,Industrials,Capital Goods,Industrial Conglomerates,Industrial Conglomerates,1025307873.0,2021-05-26T21:33:15Z,https://en.wikipedia.org/w/index.php?oldid=1025307873,matched_gics
2021-05-31,IDXX,Idexx Laboratories,Health Care,Health Care Equipment & Services,Health Care Equipment & Supplies,Health Care Equipment,1025307873.0,2021-05-26T21:33:15Z,https://en.wikipedia.org/w/index.php?oldid=1025307873,matched_gics
2021-05-31,ILMN,Illumina Inc,Health Care,"Pharmaceuticals, Biotechnology & Life Sciences",Life Sciences Tools & Services,Life Sciences Tools & Services,1025307873.0,2021-05-26T21:33:15Z,https://en.wikipedia.org/w/index.php?oldid=1025307873,matched_gics
2021-05-31,INTC,Intel Corp.,Information Technology,Semiconductors & Semiconductor Equipment,Semiconductors & Semiconductor Equipment,Semiconductors,1025307873.0,2021-05-26T21:33:15Z,https://en.wikipedia.org/w/index.php?oldid=1025307873,matched_gics
2021-05-31,INTU,Intuit Inc.,Information Technology,Software & Services,Software,Application Software,1025307873.0,2021-05-26T21:33:15Z,https://en.wikipedia.org/w/index.php?oldid=1025307873,matched_gics
2021-05-31,ISRG,Intuitive Surgical Inc.,Health Care,Health Care Equipment & Services,Health Care Equipment & Supplies,Health Care Equipment,1025307873.0,2021-05-26T21:33:15Z,https://en.wikipedia.org/w/index.php?oldid=1025307873,matched_gics
2021-05-31,JD,"JD.com, Inc.",,,,,,,,missing_gics
2021-05-31,KDP,Keurig Dr Pepper Inc.,,,,,,,,missing_gics
2021-05-31,KHC,Kraft Heinz Co,Consumer Staples,"Food, Beverage & Tobacco",Food Products,Packaged Foods & Meats,1025307873.0,2021-05-26T21:33:15Z,https://en.wikipedia.org/w/index.php?oldid=1025307873,matched_gics
2021-05-31,KLAC,KLA Corporation,Information Technology,Semiconductors & Semiconductor Equipment,Semiconductors & Semiconductor Equipment,Semiconductor Equipment,1025307873.0,2021-05-26T21:33:15Z,https://en.wikipedia.org/w/index.php?oldid=1025307873,matched_gics
2021-05-31,LCID,"Lucid Group, Inc.",,,,,,,,missing_gics
2021-05-31,LRCX,Lam Research,Information Technology,Semiconductors & Semiconductor Equipment,Semiconductors & Semiconductor Equipment,Semiconductor Equipment,1025307873.0,2021-05-26T21:33:15Z,https://en.wikipedia.org/w/index.php?oldid=1025307873,matched_gics
2021-05-31,LULU,lululemon athletica inc.,,,,,,,,missing_gics
2021-05-31,MAR,Marriott International,Consumer Discretionary,Consumer Services,"Hotels, Restaurants & Leisure","Hotels, Resorts & Cruise Lines",1025307873.0,2021-05-26T21:33:15Z,https://en.wikipedia.org/w/index.php?oldid=1025307873,matched_gics
2021-05-31,MCHP,Microchip Technology,Information Technology,Semiconductors & Semiconductor Equipment,Semiconductors & Semiconductor Equipment,Semiconductors,1025307873.0,2021-05-26T21:33:15Z,https://en.wikipedia.org/w/index.php?oldid=1025307873,matched_gics
2021-05-31,MDLZ,Mondelez International,Consumer Staples,"Food, Beverage & Tobacco",Food Products,Packaged Foods & Meats,1025307873.0,2021-05-26T21:33:15Z,https://en.wikipedia.org/w/index.php?oldid=1025307873,matched_gics
2021-05-31,MELI,MERCADOLIBRE INC,,,,,,,,missing_gics
2021-05-31,META,"Facebook, Inc.",Communication Services,Media & Entertainment,Interactive Media & Services,Interactive Media & Services,1025307873.0,2021-05-26T21:33:15Z,https://en.wikipedia.org/w/index.php?oldid=1025307873|historical_ticker_alias:FB->META,matched_gics
2021-05-31,MNST,Monster Beverage,Consumer Staples,"Food, Beverage & Tobacco",Beverages,Soft Drinks,1025307873.0,2021-05-26T21:33:15Z,https://en.wikipedia.org/w/index.php?oldid=1025307873,matched_gics
2021-05-31,MRNA,"Moderna, Inc.",,,,,,,,missing_gics
2021-05-31,MRVL,"Marvell Technology, Inc.",,,,,,,,missing_gics
2021-05-31,MSFT,Microsoft Corp.,Information Technology,Software & Services,Software,Systems Software,1025307873.0,2021-05-26T21:33:15Z,https://en.wikipedia.org/w/index.php?oldid=1025307873,matched_gics
2021-05-31,MTCH,"Match Group, Inc.",,,,,,,,missing_gics
2021-05-31,MU,Micron Technology,Information Technology,Semiconductors & Semiconductor Equipment,Semiconductors & Semiconductor Equipment,Semiconductors,1025307873.0,2021-05-26T21:33:15Z,https://en.wikipedia.org/w/index.php?oldid=1025307873,matched_gics
2021-05-31,NFLX,Netflix Inc.,Communication Services,Media & Entertainment,Entertainment,Movies & Entertainment,1025307873.0,2021-05-26T21:33:15Z,https://en.wikipedia.org/w/index.php?oldid=1025307873,matched_gics
2021-05-31,NTES,"NetEase, Inc.",,,,,,,,missing_gics
2021-05-31,NVDA,Nvidia Corporation,Information Technology,Semiconductors & Semiconductor Equipment,Semiconductors & Semiconductor Equipment,Semiconductors,1025307873.0,2021-05-26T21:33:15Z,https://en.wikipedia.org/w/index.php?oldid=1025307873,matched_gics
2021-05-31,NXPI,NXP Semiconductors,Information Technology,Semiconductors & Semiconductor Equipment,Semiconductors & Semiconductor Equipment,Semiconductors,1025307873.0,2021-05-26T21:33:15Z,https://en.wikipedia.org/w/index.php?oldid=1025307873,matched_gics
2021-05-31,ODFL,Old Dominion Freight Line,Industrials,Transportation,Road & Rail,Trucking,1025307873.0,2021-05-26T21:33:15Z,https://en.wikipedia.org/w/index.php?oldid=1025307873,matched_gics
2021-05-31,ON,ON SEMICONDUCTOR CORP,,,,,,,,missing_gics
2021-05-31,ORLY,O'Reilly Automotive,Consumer Discretionary,Retailing,Specialty Retail,Specialty Stores,1025307873.0,2021-05-26T21:33:15Z,https://en.wikipedia.org/w/index.php?oldid=1025307873,matched_gics
2021-05-31,PANW,Palo Alto Networks Inc,,,,,,,,missing_gics
2021-05-31,PAYX,Paychex Inc.,Information Technology,Software & Services,IT Services,Data Processing & Outsourced Services,1025307873.0,2021-05-26T21:33:15Z,https://en.wikipedia.org/w/index.php?oldid=1025307873,matched_gics
2021-05-31,PCAR,Paccar,Industrials,Capital Goods,Machinery,Construction Machinery & Heavy Trucks,1025307873.0,2021-05-26T21:33:15Z,https://en.wikipedia.org/w/index.php?oldid=1025307873,matched_gics
2021-05-31,PDD,PDD Holdings Inc.,,,,,,,,missing_gics
2021-05-31,PEP,PepsiCo Inc.,Consumer Staples,"Food, Beverage & Tobacco",Beverages,Soft Drinks,1025307873.0,2021-05-26T21:33:15Z,https://en.wikipedia.org/w/index.php?oldid=1025307873,matched_gics
2021-05-31,PYPL,PayPal,Information Technology,Software & Services,IT Services,Data Processing & Outsourced Services,1025307873.0,2021-05-26T21:33:15Z,https://en.wikipedia.org/w/index.php?oldid=1025307873,matched_gics
2021-05-31,QCOM,Qualcomm,Information Technology,Semiconductors & Semiconductor Equipment,Semiconductors & Semiconductor Equipment,Semiconductors,1025307873.0,2021-05-26T21:33:15Z,https://en.wikipedia.org/w/index.php?oldid=1025307873,matched_gics
2021-05-31,REGN,Regeneron Pharmaceuticals,Health Care,"Pharmaceuticals, Biotechnology & Life Sciences",Biotechnology,Biotechnology,1025307873.0,2021-05-26T21:33:15Z,https://en.wikipedia.org/w/index.php?oldid=1025307873,matched_gics
2021-05-31,ROST,Ross Stores,Consumer Discretionary,Retailing,Specialty Retail,Apparel Retail,1025307873.0,2021-05-26T21:33:15Z,https://en.wikipedia.org/w/index.php?oldid=1025307873,matched_gics
2021-05-31,SBUX,Starbucks Corp.,Consumer Discretionary,Consumer Services,"Hotels, Restaurants & Leisure",Restaurants,1025307873.0,2021-05-26T21:33:15Z,https://en.wikipedia.org/w/index.php?oldid=1025307873,matched_gics
2021-05-31,SGEN,Seagen Inc.,,,,,,,,missing_gics
2021-05-31,SIRI,SIRIUS XM HOLDINGS INC.,,,,,,,,missing_gics
2021-05-31,SNPS,Synopsys Inc.,Information Technology,Software & Services,Software,Application Software,1025307873.0,2021-05-26T21:33:15Z,https://en.wikipedia.org/w/index.php?oldid=1025307873,matched_gics
2021-05-31,SPLK,Splunk Inc.,,,,,,,,missing_gics
2021-05-31,SWKS,Skyworks Solutions,Information Technology,Semiconductors & Semiconductor Equipment,Semiconductors & Semiconductor Equipment,Semiconductors,1025307873.0,2021-05-26T21:33:15Z,https://en.wikipedia.org/w/index.php?oldid=1025307873,matched_gics
2021-05-31,TEAM,Atlassian Corp,,,,,,,,missing_gics
2021-05-31,TMUS,T-Mobile US,Communication Services,Telecommunication Services,Wireless Telecommunication Services,Wireless Telecommunication Services,1025307873.0,2021-05-26T21:33:15Z,https://en.wikipedia.org/w/index.php?oldid=1025307873,matched_gics
2021-05-31,TSLA,"Tesla, Inc.",Consumer Discretionary,Automobiles & Components,Automobiles,Automobile Manufacturers,1025307873.0,2021-05-26T21:33:15Z,https://en.wikipedia.org/w/index.php?oldid=1025307873,matched_gics
2021-05-31,TTD,"Trade Desk, Inc.",,,,,,,,missing_gics
2021-05-31,TXN,Texas Instruments,Information Technology,Semiconductors & Semiconductor Equipment,Semiconductors & Semiconductor Equipment,Semiconductors,1025307873.0,2021-05-26T21:33:15Z,https://en.wikipedia.org/w/index.php?oldid=1025307873,matched_gics
2021-05-31,VRSK,Verisk Analytics,Industrials,Commercial & Professional Services,Professional Services,Research & Consulting Services,1025307873.0,2021-05-26T21:33:15Z,https://en.wikipedia.org/w/index.php?oldid=1025307873,matched_gics
2021-05-31,VRSN,Verisign Inc.,Information Technology,Software & Services,IT Services,Internet Services & Infrastructure,1025307873.0,2021-05-26T21:33:15Z,https://en.wikipedia.org/w/index.php?oldid=1025307873,matched_gics
2021-05-31,VRTX,Vertex Pharmaceuticals Inc,Health Care,"Pharmaceuticals, Biotechnology & Life Sciences",Biotechnology,Biotechnology,1025307873.0,2021-05-26T21:33:15Z,https://en.wikipedia.org/w/index.php?oldid=1025307873,matched_gics
2021-05-31,WBA,Walgreens Boots Alliance,Consumer Staples,Food & Staples Retailing,Food & Staples Retailing,Drug Retail,1025307873.0,2021-05-26T21:33:15Z,https://en.wikipedia.org/w/index.php?oldid=1025307873,matched_gics
2021-05-31,WDAY,"Workday, Inc.",,,,,,,,missing_gics
2021-05-31,XEL,Xcel Energy Inc,Utilities,Utilities,Multi-Utilities,Multi-Utilities,1025307873.0,2021-05-26T21:33:15Z,https://en.wikipedia.org/w/index.php?oldid=1025307873,matched_gics
2021-05-31,ZM,"Zoom Communications, Inc.",,,,,,,,missing_gics
2021-05-31,ZS,"Zscaler, Inc.",,,,,,,,missing_gics
2021-06-30,AAPL,Apple,Information Technology,Technology Hardware & Equipment,"Technology Hardware, Storage & Peripherals","Technology Hardware, Storage & Peripherals",1030573330.0,2021-06-26T19:47:51Z,https://en.wikipedia.org/w/index.php?oldid=1030573330,matched_gics
2021-06-30,ABNB,"Airbnb, Inc.",,,,,,,,missing_gics
2021-06-30,ADBE,Adobe,Information Technology,Software & Services,Software,Application Software,1030573330.0,2021-06-26T19:47:51Z,https://en.wikipedia.org/w/index.php?oldid=1030573330,matched_gics
2021-06-30,ADI,Analog Devices,Information Technology,Semiconductors & Semiconductor Equipment,Semiconductors & Semiconductor Equipment,Semiconductors,1030573330.0,2021-06-26T19:47:51Z,https://en.wikipedia.org/w/index.php?oldid=1030573330,matched_gics
2021-06-30,ADP,Automatic Data Processing,Information Technology,Software & Services,IT Services,Data Processing & Outsourced Services,1030573330.0,2021-06-26T19:47:51Z,https://en.wikipedia.org/w/index.php?oldid=1030573330,matched_gics
2021-06-30,ADSK,Autodesk,Information Technology,Software & Services,Software,Application Software,1030573330.0,2021-06-26T19:47:51Z,https://en.wikipedia.org/w/index.php?oldid=1030573330,matched_gics
2021-06-30,AEP,American Electric Power,Utilities,Utilities,Electric Utilities,Electric Utilities,1030573330.0,2021-06-26T19:47:51Z,https://en.wikipedia.org/w/index.php?oldid=1030573330,matched_gics
2021-06-30,ALGN,Align Technology,Health Care,Health Care Equipment & Services,Health Care Equipment & Supplies,Health Care Supplies,1030573330.0,2021-06-26T19:47:51Z,https://en.wikipedia.org/w/index.php?oldid=1030573330,matched_gics
2021-06-30,AMAT,Applied Materials,Information Technology,Semiconductors & Semiconductor Equipment,Semiconductors & Semiconductor Equipment,Semiconductor Equipment,1030573330.0,2021-06-26T19:47:51Z,https://en.wikipedia.org/w/index.php?oldid=1030573330,matched_gics
2021-06-30,AMD,Advanced Micro Devices,Information Technology,Semiconductors & Semiconductor Equipment,Semiconductors & Semiconductor Equipment,Semiconductors,1030573330.0,2021-06-26T19:47:51Z,https://en.wikipedia.org/w/index.php?oldid=1030573330,matched_gics
2021-06-30,AMGN,Amgen,Health Care,"Pharmaceuticals, Biotechnology & Life Sciences",Biotechnology,Biotechnology,1030573330.0,2021-06-26T19:47:51Z,https://en.wikipedia.org/w/index.php?oldid=1030573330,matched_gics
2021-06-30,AMZN,Amazon,Consumer Discretionary,Retailing,Internet & Direct Marketing Retail,Internet & Direct Marketing Retail,1030573330.0,2021-06-26T19:47:51Z,https://en.wikipedia.org/w/index.php?oldid=1030573330,matched_gics
2021-06-30,ANSS,Ansys,Information Technology,Software & Services,Software,Application Software,1030573330.0,2021-06-26T19:47:51Z,https://en.wikipedia.org/w/index.php?oldid=1030573330,matched_gics
2021-06-30,ASML,ASML HOLDING NV,,,,,,,,missing_gics
2021-06-30,AVGO,Broadcom,Information Technology,Semiconductors & Semiconductor Equipment,Semiconductors & Semiconductor Equipment,Semiconductors,1030573330.0,2021-06-26T19:47:51Z,https://en.wikipedia.org/w/index.php?oldid=1030573330,matched_gics
2021-06-30,AZN,ASTRAZENECA PLC,,,,,,,,missing_gics
2021-06-30,BIDU,"Baidu, Inc.",,,,,,,,missing_gics
2021-06-30,BIIB,Biogen,Health Care,"Pharmaceuticals, Biotechnology & Life Sciences",Biotechnology,Biotechnology,1030573330.0,2021-06-26T19:47:51Z,https://en.wikipedia.org/w/index.php?oldid=1030573330,matched_gics
2021-06-30,BKNG,Booking Holdings,Consumer Discretionary,Retailing,Internet & Direct Marketing Retail,Internet & Direct Marketing Retail,1030573330.0,2021-06-26T19:47:51Z,https://en.wikipedia.org/w/index.php?oldid=1030573330,matched_gics
2021-06-30,CDNS,Cadence Design Systems,Information Technology,Software & Services,Software,Application Software,1030573330.0,2021-06-26T19:47:51Z,https://en.wikipedia.org/w/index.php?oldid=1030573330,matched_gics
2021-06-30,CEG,Constellation Energy Corp,,,,,,,,missing_gics
2021-06-30,CHTR,Charter Communications,Communication Services,Media,Media,Cable & Satellite,1030573330.0,2021-06-26T19:47:51Z,https://en.wikipedia.org/w/index.php?oldid=1030573330,matched_gics
2021-06-30,CMCSA,Comcast,Communication Services,Media,Media,Cable & Satellite,1030573330.0,2021-06-26T19:47:51Z,https://en.wikipedia.org/w/index.php?oldid=1030573330,matched_gics
2021-06-30,COST,Costco,Consumer Staples,Food & Staples Retailing,Food & Staples Retailing,Hypermarkets & Super Centers,1030573330.0,2021-06-26T19:47:51Z,https://en.wikipedia.org/w/index.php?oldid=1030573330,matched_gics
2021-06-30,CPRT,Copart,Industrials,Commercial & Professional Services,Commercial Services & Supplies,Diversified Support Services,1030573330.0,2021-06-26T19:47:51Z,https://en.wikipedia.org/w/index.php?oldid=1030573330,matched_gics
2021-06-30,CRWD,"CrowdStrike Holdings, Inc.",,,,,,,,missing_gics
2021-06-30,CSCO,Cisco Systems,Information Technology,Technology Hardware & Equipment,Communications Equipment,Communications Equipment,1030573330.0,2021-06-26T19:47:51Z,https://en.wikipedia.org/w/index.php?oldid=1030573330,matched_gics
2021-06-30,CSX,CSX,Industrials,Transportation,Road & Rail,Railroads,1030573330.0,2021-06-26T19:47:51Z,https://en.wikipedia.org/w/index.php?oldid=1030573330,matched_gics
2021-06-30,CTAS,Cintas Corporation,Industrials,Commercial & Professional Services,Commercial Services & Supplies,Diversified Support Services,1030573330.0,2021-06-26T19:47:51Z,https://en.wikipedia.org/w/index.php?oldid=1030573330,matched_gics
2021-06-30,CTSH,Cognizant Technology Solutions,Information Technology,Software & Services,IT Services,IT Consulting & Other Services,1030573330.0,2021-06-26T19:47:51Z,https://en.wikipedia.org/w/index.php?oldid=1030573330,matched_gics
2021-06-30,DDOG,"Datadog, Inc.",,,,,,,,missing_gics
2021-06-30,DLTR,Dollar Tree,Consumer Discretionary,Retailing,Multiline Retail,General Merchandise Stores,1030573330.0,2021-06-26T19:47:51Z,https://en.wikipedia.org/w/index.php?oldid=1030573330,matched_gics
2021-06-30,DOCU,"DOCUSIGN, INC.",,,,,,,,missing_gics
2021-06-30,DXCM,DexCom,Health Care,Health Care Equipment & Services,Health Care Equipment & Supplies,Health Care Equipment,1030573330.0,2021-06-26T19:47:51Z,https://en.wikipedia.org/w/index.php?oldid=1030573330,matched_gics
2021-06-30,EA,Electronic Arts,Communication Services,Media & Entertainment,Entertainment,Interactive Home Entertainment,1030573330.0,2021-06-26T19:47:51Z,https://en.wikipedia.org/w/index.php?oldid=1030573330,matched_gics
2021-06-30,EBAY,eBay,Consumer Discretionary,Retailing,Internet & Direct Marketing Retail,Internet & Direct Marketing Retail,1030573330.0,2021-06-26T19:47:51Z,https://en.wikipedia.org/w/index.php?oldid=1030573330,matched_gics
2021-06-30,ENPH,Enphase Energy,Information Technology,Technology Hardware & Equipment,"Electronic Equipment, Instruments & Components",Electronic Components,1030573330.0,2021-06-26T19:47:51Z,https://en.wikipedia.org/w/index.php?oldid=1030573330,matched_gics
2021-06-30,EXC,Exelon,Utilities,Utilities,Multi-Utilities,Multi-Utilities,1030573330.0,2021-06-26T19:47:51Z,https://en.wikipedia.org/w/index.php?oldid=1030573330,matched_gics
2021-06-30,FAST,Fastenal,Industrials,Capital Goods,Building Products,Building Products,1030573330.0,2021-06-26T19:47:51Z,https://en.wikipedia.org/w/index.php?oldid=1030573330,matched_gics
2021-06-30,FTNT,Fortinet,Information Technology,Software & Services,Software,Systems Software,1030573330.0,2021-06-26T19:47:51Z,https://en.wikipedia.org/w/index.php?oldid=1030573330,matched_gics
2021-06-30,GEHC,GE HealthCare Technologies Inc.,,,,,,,,missing_gics
2021-06-30,GILD,Gilead Sciences,Health Care,"Pharmaceuticals, Biotechnology & Life Sciences",Biotechnology,Biotechnology,1030573330.0,2021-06-26T19:47:51Z,https://en.wikipedia.org/w/index.php?oldid=1030573330,matched_gics
2021-06-30,GOOG,Alphabet (Class C),Communication Services,Media & Entertainment,Interactive Media & Services,Interactive Media & Services,1030573330.0,2021-06-26T19:47:51Z,https://en.wikipedia.org/w/index.php?oldid=1030573330,matched_gics
2021-06-30,GOOGL,Alphabet (Class A),Communication Services,Media & Entertainment,Interactive Media & Services,Interactive Media & Services,1030573330.0,2021-06-26T19:47:51Z,https://en.wikipedia.org/w/index.php?oldid=1030573330,matched_gics
2021-06-30,HON,Honeywell,Industrials,Capital Goods,Industrial Conglomerates,Industrial Conglomerates,1030573330.0,2021-06-26T19:47:51Z,https://en.wikipedia.org/w/index.php?oldid=1030573330,matched_gics
2021-06-30,IDXX,Idexx Laboratories,Health Care,Health Care Equipment & Services,Health Care Equipment & Supplies,Health Care Equipment,1030573330.0,2021-06-26T19:47:51Z,https://en.wikipedia.org/w/index.php?oldid=1030573330,matched_gics
2021-06-30,ILMN,Illumina,Health Care,"Pharmaceuticals, Biotechnology & Life Sciences",Life Sciences Tools & Services,Life Sciences Tools & Services,1030573330.0,2021-06-26T19:47:51Z,https://en.wikipedia.org/w/index.php?oldid=1030573330,matched_gics
2021-06-30,INTC,Intel,Information Technology,Semiconductors & Semiconductor Equipment,Semiconductors & Semiconductor Equipment,Semiconductors,1030573330.0,2021-06-26T19:47:51Z,https://en.wikipedia.org/w/index.php?oldid=1030573330,matched_gics
2021-06-30,INTU,Intuit,Information Technology,Software & Services,Software,Application Software,1030573330.0,2021-06-26T19:47:51Z,https://en.wikipedia.org/w/index.php?oldid=1030573330,matched_gics
2021-06-30,ISRG,Intuitive Surgical,Health Care,Health Care Equipment & Services,Health Care Equipment & Supplies,Health Care Equipment,1030573330.0,2021-06-26T19:47:51Z,https://en.wikipedia.org/w/index.php?oldid=1030573330,matched_gics
2021-06-30,JD,"JD.com, Inc.",,,,,,,,missing_gics
2021-06-30,KDP,Keurig Dr Pepper Inc.,,,,,,,,missing_gics
2021-06-30,KHC,Kraft Heinz,Consumer Staples,"Food, Beverage & Tobacco",Food Products,Packaged Foods & Meats,1030573330.0,2021-06-26T19:47:51Z,https://en.wikipedia.org/w/index.php?oldid=1030573330,matched_gics
2021-06-30,KLAC,KLA Corporation,Information Technology,Semiconductors & Semiconductor Equipment,Semiconductors & Semiconductor Equipment,Semiconductor Equipment,1030573330.0,2021-06-26T19:47:51Z,https://en.wikipedia.org/w/index.php?oldid=1030573330,matched_gics
2021-06-30,LCID,"Lucid Group, Inc.",,,,,,,,missing_gics
2021-06-30,LRCX,Lam Research,Information Technology,Semiconductors & Semiconductor Equipment,Semiconductors & Semiconductor Equipment,Semiconductor Equipment,1030573330.0,2021-06-26T19:47:51Z,https://en.wikipedia.org/w/index.php?oldid=1030573330,matched_gics
2021-06-30,LULU,lululemon athletica inc.,,,,,,,,missing_gics
2021-06-30,MAR,Marriott International,Consumer Discretionary,Consumer Services,"Hotels, Restaurants & Leisure","Hotels, Resorts & Cruise Lines",1030573330.0,2021-06-26T19:47:51Z,https://en.wikipedia.org/w/index.php?oldid=1030573330,matched_gics
2021-06-30,MCHP,Microchip Technology,Information Technology,Semiconductors & Semiconductor Equipment,Semiconductors & Semiconductor Equipment,Semiconductors,1030573330.0,2021-06-26T19:47:51Z,https://en.wikipedia.org/w/index.php?oldid=1030573330,matched_gics
2021-06-30,MDLZ,Mondelez International,Consumer Staples,"Food, Beverage & Tobacco",Food Products,Packaged Foods & Meats,1030573330.0,2021-06-26T19:47:51Z,https://en.wikipedia.org/w/index.php?oldid=1030573330,matched_gics
2021-06-30,MELI,MERCADOLIBRE INC,,,,,,,,missing_gics
2021-06-30,META,Facebook,Communication Services,Media & Entertainment,Interactive Media & Services,Interactive Media & Services,1030573330.0,2021-06-26T19:47:51Z,https://en.wikipedia.org/w/index.php?oldid=1030573330|historical_ticker_alias:FB->META,matched_gics
2021-06-30,MNST,Monster Beverage,Consumer Staples,"Food, Beverage & Tobacco",Beverages,Soft Drinks,1030573330.0,2021-06-26T19:47:51Z,https://en.wikipedia.org/w/index.php?oldid=1030573330,matched_gics
2021-06-30,MRNA,"Moderna, Inc.",,,,,,,,missing_gics
2021-06-30,MRVL,"Marvell Technology, Inc.",,,,,,,,missing_gics
2021-06-30,MSFT,Microsoft,Information Technology,Software & Services,Software,Systems Software,1030573330.0,2021-06-26T19:47:51Z,https://en.wikipedia.org/w/index.php?oldid=1030573330,matched_gics
2021-06-30,MTCH,"Match Group, Inc.",,,,,,,,missing_gics
2021-06-30,MU,Micron Technology,Information Technology,Semiconductors & Semiconductor Equipment,Semiconductors & Semiconductor Equipment,Semiconductors,1030573330.0,2021-06-26T19:47:51Z,https://en.wikipedia.org/w/index.php?oldid=1030573330,matched_gics
2021-06-30,NFLX,Netflix,Communication Services,Media & Entertainment,Entertainment,Movies & Entertainment,1030573330.0,2021-06-26T19:47:51Z,https://en.wikipedia.org/w/index.php?oldid=1030573330,matched_gics
2021-06-30,NTES,"NetEase, Inc.",,,,,,,,missing_gics
2021-06-30,NVDA,Nvidia,Information Technology,Semiconductors & Semiconductor Equipment,Semiconductors & Semiconductor Equipment,Semiconductors,1030573330.0,2021-06-26T19:47:51Z,https://en.wikipedia.org/w/index.php?oldid=1030573330,matched_gics
2021-06-30,NXPI,NXP,Information Technology,Semiconductors & Semiconductor Equipment,Semiconductors & Semiconductor Equipment,Semiconductors,1030573330.0,2021-06-26T19:47:51Z,https://en.wikipedia.org/w/index.php?oldid=1030573330,matched_gics
2021-06-30,ODFL,Old Dominion Freight Line,Industrials,Transportation,Road & Rail,Trucking,1030573330.0,2021-06-26T19:47:51Z,https://en.wikipedia.org/w/index.php?oldid=1030573330,matched_gics
2021-06-30,ON,ON SEMICONDUCTOR CORP,,,,,,,,missing_gics
2021-06-30,ORLY,O'Reilly Automotive,Consumer Discretionary,Retailing,Specialty Retail,Specialty Stores,1030573330.0,2021-06-26T19:47:51Z,https://en.wikipedia.org/w/index.php?oldid=1030573330,matched_gics
2021-06-30,PANW,Palo Alto Networks Inc,,,,,,,,missing_gics
2021-06-30,PAYX,Paychex,Information Technology,Software & Services,IT Services,Data Processing & Outsourced Services,1030573330.0,2021-06-26T19:47:51Z,https://en.wikipedia.org/w/index.php?oldid=1030573330,matched_gics
2021-06-30,PCAR,Paccar,Industrials,Capital Goods,Machinery,Construction Machinery & Heavy Trucks,1030573330.0,2021-06-26T19:47:51Z,https://en.wikipedia.org/w/index.php?oldid=1030573330,matched_gics
2021-06-30,PDD,PDD Holdings Inc.,,,,,,,,missing_gics
2021-06-30,PEP,PepsiCo,Consumer Staples,"Food, Beverage & Tobacco",Beverages,Soft Drinks,1030573330.0,2021-06-26T19:47:51Z,https://en.wikipedia.org/w/index.php?oldid=1030573330,matched_gics
2021-06-30,PYPL,PayPal,Information Technology,Software & Services,IT Services,Data Processing & Outsourced Services,1030573330.0,2021-06-26T19:47:51Z,https://en.wikipedia.org/w/index.php?oldid=1030573330,matched_gics
2021-06-30,QCOM,Qualcomm,Information Technology,Semiconductors & Semiconductor Equipment,Semiconductors & Semiconductor Equipment,Semiconductors,1030573330.0,2021-06-26T19:47:51Z,https://en.wikipedia.org/w/index.php?oldid=1030573330,matched_gics
2021-06-30,REGN,Regeneron Pharmaceuticals,Health Care,"Pharmaceuticals, Biotechnology & Life Sciences",Biotechnology,Biotechnology,1030573330.0,2021-06-26T19:47:51Z,https://en.wikipedia.org/w/index.php?oldid=1030573330,matched_gics
2021-06-30,ROST,Ross Stores,Consumer Discretionary,Retailing,Specialty Retail,Apparel Retail,1030573330.0,2021-06-26T19:47:51Z,https://en.wikipedia.org/w/index.php?oldid=1030573330,matched_gics
2021-06-30,SBUX,Starbucks,Consumer Discretionary,Consumer Services,"Hotels, Restaurants & Leisure",Restaurants,1030573330.0,2021-06-26T19:47:51Z,https://en.wikipedia.org/w/index.php?oldid=1030573330,matched_gics
2021-06-30,SGEN,Seagen Inc.,,,,,,,,missing_gics
2021-06-30,SIRI,SIRIUS XM HOLDINGS INC.,,,,,,,,missing_gics
2021-06-30,SNPS,Synopsys,Information Technology,Software & Services,Software,Application Software,1030573330.0,2021-06-26T19:47:51Z,https://en.wikipedia.org/w/index.php?oldid=1030573330,matched_gics
2021-06-30,SPLK,Splunk Inc.,,,,,,,,missing_gics
2021-06-30,SWKS,Skyworks Solutions,Information Technology,Semiconductors & Semiconductor Equipment,Semiconductors & Semiconductor Equipment,Semiconductors,1030573330.0,2021-06-26T19:47:51Z,https://en.wikipedia.org/w/index.php?oldid=1030573330,matched_gics
2021-06-30,TEAM,Atlassian Corp,,,,,,,,missing_gics
2021-06-30,TMUS,T-Mobile US,Communication Services,Telecommunication Services,Wireless Telecommunication Services,Wireless Telecommunication Services,1030573330.0,2021-06-26T19:47:51Z,https://en.wikipedia.org/w/index.php?oldid=1030573330,matched_gics
2021-06-30,TSLA,Tesla,Consumer Discretionary,Automobiles & Components,Automobiles,Automobile Manufacturers,1030573330.0,2021-06-26T19:47:51Z,https://en.wikipedia.org/w/index.php?oldid=1030573330,matched_gics
2021-06-30,TTD,"Trade Desk, Inc.",,,,,,,,missing_gics
2021-06-30,TXN,Texas Instruments,Information Technology,Semiconductors & Semiconductor Equipment,Semiconductors & Semiconductor Equipment,Semiconductors,1030573330.0,2021-06-26T19:47:51Z,https://en.wikipedia.org/w/index.php?oldid=1030573330,matched_gics
2021-06-30,VRSK,Verisk Analytics,Industrials,Commercial & Professional Services,Professional Services,Research & Consulting Services,1030573330.0,2021-06-26T19:47:51Z,https://en.wikipedia.org/w/index.php?oldid=1030573330,matched_gics
2021-06-30,VRSN,Verisign,Information Technology,Software & Services,IT Services,Internet Services & Infrastructure,1030573330.0,2021-06-26T19:47:51Z,https://en.wikipedia.org/w/index.php?oldid=1030573330,matched_gics
2021-06-30,VRTX,Vertex Pharmaceuticals,Health Care,"Pharmaceuticals, Biotechnology & Life Sciences",Biotechnology,Biotechnology,1030573330.0,2021-06-26T19:47:51Z,https://en.wikipedia.org/w/index.php?oldid=1030573330,matched_gics
2021-06-30,WBA,Walgreens Boots Alliance,Consumer Staples,Food & Staples Retailing,Food & Staples Retailing,Drug Retail,1030573330.0,2021-06-26T19:47:51Z,https://en.wikipedia.org/w/index.php?oldid=1030573330,matched_gics
2021-06-30,WDAY,"Workday, Inc.",,,,,,,,missing_gics
2021-06-30,XEL,Xcel Energy,Utilities,Utilities,Multi-Utilities,Multi-Utilities,1030573330.0,2021-06-26T19:47:51Z,https://en.wikipedia.org/w/index.php?oldid=1030573330,matched_gics
2021-06-30,ZM,"Zoom Communications, Inc.",,,,,,,,missing_gics
2021-06-30,ZS,"Zscaler, Inc.",,,,,,,,missing_gics
2021-07-31,AAPL,Apple,Information Technology,Technology Hardware & Equipment,"Technology Hardware, Storage & Peripherals","Technology Hardware, Storage & Peripherals",1034925865.0,2021-07-22T16:10:28Z,https://en.wikipedia.org/w/index.php?oldid=1034925865,matched_gics
2021-07-31,ABNB,"Airbnb, Inc.",,,,,,,,missing_gics
2021-07-31,ADBE,Adobe,Information Technology,Software & Services,Software,Application Software,1034925865.0,2021-07-22T16:10:28Z,https://en.wikipedia.org/w/index.php?oldid=1034925865,matched_gics
2021-07-31,ADI,Analog Devices,Information Technology,Semiconductors & Semiconductor Equipment,Semiconductors & Semiconductor Equipment,Semiconductors,1034925865.0,2021-07-22T16:10:28Z,https://en.wikipedia.org/w/index.php?oldid=1034925865,matched_gics
2021-07-31,ADP,Automatic Data Processing,Information Technology,Software & Services,IT Services,Data Processing & Outsourced Services,1034925865.0,2021-07-22T16:10:28Z,https://en.wikipedia.org/w/index.php?oldid=1034925865,matched_gics
2021-07-31,ADSK,Autodesk,Information Technology,Software & Services,Software,Application Software,1034925865.0,2021-07-22T16:10:28Z,https://en.wikipedia.org/w/index.php?oldid=1034925865,matched_gics
2021-07-31,AEP,American Electric Power,Utilities,Utilities,Electric Utilities,Electric Utilities,1034925865.0,2021-07-22T16:10:28Z,https://en.wikipedia.org/w/index.php?oldid=1034925865,matched_gics
2021-07-31,ALGN,Align Technology,Health Care,Health Care Equipment & Services,Health Care Equipment & Supplies,Health Care Supplies,1034925865.0,2021-07-22T16:10:28Z,https://en.wikipedia.org/w/index.php?oldid=1034925865,matched_gics
2021-07-31,AMAT,Applied Materials,Information Technology,Semiconductors & Semiconductor Equipment,Semiconductors & Semiconductor Equipment,Semiconductor Equipment,1034925865.0,2021-07-22T16:10:28Z,https://en.wikipedia.org/w/index.php?oldid=1034925865,matched_gics
2021-07-31,AMD,Advanced Micro Devices,Information Technology,Semiconductors & Semiconductor Equipment,Semiconductors & Semiconductor Equipment,Semiconductors,1034925865.0,2021-07-22T16:10:28Z,https://en.wikipedia.org/w/index.php?oldid=1034925865,matched_gics
2021-07-31,AMGN,Amgen,Health Care,"Pharmaceuticals, Biotechnology & Life Sciences",Biotechnology,Biotechnology,1034925865.0,2021-07-22T16:10:28Z,https://en.wikipedia.org/w/index.php?oldid=1034925865,matched_gics
2021-07-31,AMZN,Amazon,Consumer Discretionary,Retailing,Internet & Direct Marketing Retail,Internet & Direct Marketing Retail,1034925865.0,2021-07-22T16:10:28Z,https://en.wikipedia.org/w/index.php?oldid=1034925865,matched_gics
2021-07-31,ANSS,Ansys,Information Technology,Software & Services,Software,Application Software,1034925865.0,2021-07-22T16:10:28Z,https://en.wikipedia.org/w/index.php?oldid=1034925865,matched_gics
2021-07-31,ASML,ASML HOLDING NV,,,,,,,,missing_gics
2021-07-31,AVGO,Broadcom,Information Technology,Semiconductors & Semiconductor Equipment,Semiconductors & Semiconductor Equipment,Semiconductors,1034925865.0,2021-07-22T16:10:28Z,https://en.wikipedia.org/w/index.php?oldid=1034925865,matched_gics
2021-07-31,AZN,ASTRAZENECA PLC,,,,,,,,missing_gics
2021-07-31,BIDU,"Baidu, Inc.",,,,,,,,missing_gics
2021-07-31,BIIB,Biogen,Health Care,"Pharmaceuticals, Biotechnology & Life Sciences",Biotechnology,Biotechnology,1034925865.0,2021-07-22T16:10:28Z,https://en.wikipedia.org/w/index.php?oldid=1034925865,matched_gics
2021-07-31,BKNG,Booking Holdings,Consumer Discretionary,Retailing,Internet & Direct Marketing Retail,Internet & Direct Marketing Retail,1034925865.0,2021-07-22T16:10:28Z,https://en.wikipedia.org/w/index.php?oldid=1034925865,matched_gics
2021-07-31,CDNS,Cadence Design Systems,Information Technology,Software & Services,Software,Application Software,1034925865.0,2021-07-22T16:10:28Z,https://en.wikipedia.org/w/index.php?oldid=1034925865,matched_gics
2021-07-31,CEG,Constellation Energy Corp,,,,,,,,missing_gics
2021-07-31,CHTR,Charter Communications,Communication Services,Media,Media,Cable & Satellite,1034925865.0,2021-07-22T16:10:28Z,https://en.wikipedia.org/w/index.php?oldid=1034925865,matched_gics
2021-07-31,CMCSA,Comcast,Communication Services,Media,Media,Cable & Satellite,1034925865.0,2021-07-22T16:10:28Z,https://en.wikipedia.org/w/index.php?oldid=1034925865,matched_gics
2021-07-31,COST,Costco,Consumer Staples,Food & Staples Retailing,Food & Staples Retailing,Hypermarkets & Super Centers,1034925865.0,2021-07-22T16:10:28Z,https://en.wikipedia.org/w/index.php?oldid=1034925865,matched_gics
2021-07-31,CPRT,Copart,Industrials,Commercial & Professional Services,Commercial Services & Supplies,Diversified Support Services,1034925865.0,2021-07-22T16:10:28Z,https://en.wikipedia.org/w/index.php?oldid=1034925865,matched_gics
2021-07-31,CRWD,"CrowdStrike Holdings, Inc.",,,,,,,,missing_gics
2021-07-31,CSCO,Cisco Systems,Information Technology,Technology Hardware & Equipment,Communications Equipment,Communications Equipment,1034925865.0,2021-07-22T16:10:28Z,https://en.wikipedia.org/w/index.php?oldid=1034925865,matched_gics
2021-07-31,CSX,CSX,Industrials,Transportation,Road & Rail,Railroads,1034925865.0,2021-07-22T16:10:28Z,https://en.wikipedia.org/w/index.php?oldid=1034925865,matched_gics
2021-07-31,CTAS,Cintas Corporation,Industrials,Commercial & Professional Services,Commercial Services & Supplies,Diversified Support Services,1034925865.0,2021-07-22T16:10:28Z,https://en.wikipedia.org/w/index.php?oldid=1034925865,matched_gics
2021-07-31,CTSH,Cognizant Technology Solutions,Information Technology,Software & Services,IT Services,IT Consulting & Other Services,1034925865.0,2021-07-22T16:10:28Z,https://en.wikipedia.org/w/index.php?oldid=1034925865,matched_gics
2021-07-31,DDOG,"Datadog, Inc.",,,,,,,,missing_gics
2021-07-31,DLTR,Dollar Tree,Consumer Discretionary,Retailing,Multiline Retail,General Merchandise Stores,1034925865.0,2021-07-22T16:10:28Z,https://en.wikipedia.org/w/index.php?oldid=1034925865,matched_gics
2021-07-31,DOCU,"DOCUSIGN, INC.",,,,,,,,missing_gics
2021-07-31,DXCM,DexCom,Health Care,Health Care Equipment & Services,Health Care Equipment & Supplies,Health Care Equipment,1034925865.0,2021-07-22T16:10:28Z,https://en.wikipedia.org/w/index.php?oldid=1034925865,matched_gics
2021-07-31,EA,Electronic Arts,Communication Services,Media & Entertainment,Entertainment,Interactive Home Entertainment,1034925865.0,2021-07-22T16:10:28Z,https://en.wikipedia.org/w/index.php?oldid=1034925865,matched_gics
2021-07-31,EBAY,eBay,Consumer Discretionary,Retailing,Internet & Direct Marketing Retail,Internet & Direct Marketing Retail,1034925865.0,2021-07-22T16:10:28Z,https://en.wikipedia.org/w/index.php?oldid=1034925865,matched_gics
2021-07-31,ENPH,Enphase Energy,Information Technology,Technology Hardware & Equipment,"Electronic Equipment, Instruments & Components",Electronic Components,1034925865.0,2021-07-22T16:10:28Z,https://en.wikipedia.org/w/index.php?oldid=1034925865,matched_gics
2021-07-31,EXC,Exelon,Utilities,Utilities,Multi-Utilities,Multi-Utilities,1034925865.0,2021-07-22T16:10:28Z,https://en.wikipedia.org/w/index.php?oldid=1034925865,matched_gics
2021-07-31,FAST,Fastenal,Industrials,Capital Goods,Building Products,Building Products,1034925865.0,2021-07-22T16:10:28Z,https://en.wikipedia.org/w/index.php?oldid=1034925865,matched_gics
2021-07-31,FTNT,Fortinet,Information Technology,Software & Services,Software,Systems Software,1034925865.0,2021-07-22T16:10:28Z,https://en.wikipedia.org/w/index.php?oldid=1034925865,matched_gics
2021-07-31,GEHC,GE HealthCare Technologies Inc.,,,,,,,,missing_gics
2021-07-31,GILD,Gilead Sciences,Health Care,"Pharmaceuticals, Biotechnology & Life Sciences",Biotechnology,Biotechnology,1034925865.0,2021-07-22T16:10:28Z,https://en.wikipedia.org/w/index.php?oldid=1034925865,matched_gics
2021-07-31,GOOG,Alphabet (Class C),Communication Services,Media & Entertainment,Interactive Media & Services,Interactive Media & Services,1034925865.0,2021-07-22T16:10:28Z,https://en.wikipedia.org/w/index.php?oldid=1034925865,matched_gics
2021-07-31,GOOGL,Alphabet (Class A),Communication Services,Media & Entertainment,Interactive Media & Services,Interactive Media & Services,1034925865.0,2021-07-22T16:10:28Z,https://en.wikipedia.org/w/index.php?oldid=1034925865,matched_gics
2021-07-31,HON,Honeywell,Industrials,Capital Goods,Industrial Conglomerates,Industrial Conglomerates,1034925865.0,2021-07-22T16:10:28Z,https://en.wikipedia.org/w/index.php?oldid=1034925865,matched_gics
2021-07-31,IDXX,Idexx Laboratories,Health Care,Health Care Equipment & Services,Health Care Equipment & Supplies,Health Care Equipment,1034925865.0,2021-07-22T16:10:28Z,https://en.wikipedia.org/w/index.php?oldid=1034925865,matched_gics
2021-07-31,ILMN,Illumina,Health Care,"Pharmaceuticals, Biotechnology & Life Sciences",Life Sciences Tools & Services,Life Sciences Tools & Services,1034925865.0,2021-07-22T16:10:28Z,https://en.wikipedia.org/w/index.php?oldid=1034925865,matched_gics
2021-07-31,INTC,Intel,Information Technology,Semiconductors & Semiconductor Equipment,Semiconductors & Semiconductor Equipment,Semiconductors,1034925865.0,2021-07-22T16:10:28Z,https://en.wikipedia.org/w/index.php?oldid=1034925865,matched_gics
2021-07-31,INTU,Intuit,Information Technology,Software & Services,Software,Application Software,1034925865.0,2021-07-22T16:10:28Z,https://en.wikipedia.org/w/index.php?oldid=1034925865,matched_gics
2021-07-31,ISRG,Intuitive Surgical,Health Care,Health Care Equipment & Services,Health Care Equipment & Supplies,Health Care Equipment,1034925865.0,2021-07-22T16:10:28Z,https://en.wikipedia.org/w/index.php?oldid=1034925865,matched_gics
2021-07-31,JD,"JD.com, Inc.",,,,,,,,missing_gics
2021-07-31,KDP,Keurig Dr Pepper Inc.,,,,,,,,missing_gics
2021-07-31,KHC,Kraft Heinz,Consumer Staples,"Food, Beverage & Tobacco",Food Products,Packaged Foods & Meats,1034925865.0,2021-07-22T16:10:28Z,https://en.wikipedia.org/w/index.php?oldid=1034925865,matched_gics
2021-07-31,KLAC,KLA Corporation,Information Technology,Semiconductors & Semiconductor Equipment,Semiconductors & Semiconductor Equipment,Semiconductor Equipment,1034925865.0,2021-07-22T16:10:28Z,https://en.wikipedia.org/w/index.php?oldid=1034925865,matched_gics
2021-07-31,LCID,"Lucid Group, Inc.",,,,,,,,missing_gics
2021-07-31,LRCX,Lam Research,Information Technology,Semiconductors & Semiconductor Equipment,Semiconductors & Semiconductor Equipment,Semiconductor Equipment,1034925865.0,2021-07-22T16:10:28Z,https://en.wikipedia.org/w/index.php?oldid=1034925865,matched_gics
2021-07-31,LULU,lululemon athletica inc.,,,,,,,,missing_gics
2021-07-31,MAR,Marriott International,Consumer Discretionary,Consumer Services,"Hotels, Restaurants & Leisure","Hotels, Resorts & Cruise Lines",1034925865.0,2021-07-22T16:10:28Z,https://en.wikipedia.org/w/index.php?oldid=1034925865,matched_gics
2021-07-31,MCHP,Microchip Technology,Information Technology,Semiconductors & Semiconductor Equipment,Semiconductors & Semiconductor Equipment,Semiconductors,1034925865.0,2021-07-22T16:10:28Z,https://en.wikipedia.org/w/index.php?oldid=1034925865,matched_gics
2021-07-31,MDLZ,Mondelez International,Consumer Staples,"Food, Beverage & Tobacco",Food Products,Packaged Foods & Meats,1034925865.0,2021-07-22T16:10:28Z,https://en.wikipedia.org/w/index.php?oldid=1034925865,matched_gics
2021-07-31,MELI,MERCADOLIBRE INC,,,,,,,,missing_gics
2021-07-31,META,Facebook,Communication Services,Media & Entertainment,Interactive Media & Services,Interactive Media & Services,1034925865.0,2021-07-22T16:10:28Z,https://en.wikipedia.org/w/index.php?oldid=1034925865|historical_ticker_alias:FB->META,matched_gics
2021-07-31,MNST,Monster Beverage,Consumer Staples,"Food, Beverage & Tobacco",Beverages,Soft Drinks,1034925865.0,2021-07-22T16:10:28Z,https://en.wikipedia.org/w/index.php?oldid=1034925865,matched_gics
2021-07-31,MRNA,Moderna,Health Care,"Pharmaceuticals, Biotechnology & Life Sciences",Biotechnology,Biotechnology,1034925865.0,2021-07-22T16:10:28Z,https://en.wikipedia.org/w/index.php?oldid=1034925865,matched_gics
2021-07-31,MRVL,"Marvell Technology, Inc.",,,,,,,,missing_gics
2021-07-31,MSFT,Microsoft,Information Technology,Software & Services,Software,Systems Software,1034925865.0,2021-07-22T16:10:28Z,https://en.wikipedia.org/w/index.php?oldid=1034925865,matched_gics
2021-07-31,MTCH,"Match Group, Inc.",,,,,,,,missing_gics
2021-07-31,MU,Micron Technology,Information Technology,Semiconductors & Semiconductor Equipment,Semiconductors & Semiconductor Equipment,Semiconductors,1034925865.0,2021-07-22T16:10:28Z,https://en.wikipedia.org/w/index.php?oldid=1034925865,matched_gics
2021-07-31,NFLX,Netflix,Communication Services,Media & Entertainment,Entertainment,Movies & Entertainment,1034925865.0,2021-07-22T16:10:28Z,https://en.wikipedia.org/w/index.php?oldid=1034925865,matched_gics
2021-07-31,NTES,"NetEase, Inc.",,,,,,,,missing_gics
2021-07-31,NVDA,Nvidia,Information Technology,Semiconductors & Semiconductor Equipment,Semiconductors & Semiconductor Equipment,Semiconductors,1034925865.0,2021-07-22T16:10:28Z,https://en.wikipedia.org/w/index.php?oldid=1034925865,matched_gics
2021-07-31,NXPI,NXP,Information Technology,Semiconductors & Semiconductor Equipment,Semiconductors & Semiconductor Equipment,Semiconductors,1034925865.0,2021-07-22T16:10:28Z,https://en.wikipedia.org/w/index.php?oldid=1034925865,matched_gics
2021-07-31,ODFL,Old Dominion Freight Line,Industrials,Transportation,Road & Rail,Trucking,1034925865.0,2021-07-22T16:10:28Z,https://en.wikipedia.org/w/index.php?oldid=1034925865,matched_gics
2021-07-31,ON,ON SEMICONDUCTOR CORP,,,,,,,,missing_gics
2021-07-31,ORLY,O'Reilly Automotive,Consumer Discretionary,Retailing,Specialty Retail,Specialty Stores,1034925865.0,2021-07-22T16:10:28Z,https://en.wikipedia.org/w/index.php?oldid=1034925865,matched_gics
2021-07-31,PANW,Palo Alto Networks Inc,,,,,,,,missing_gics
2021-07-31,PAYX,Paychex,Information Technology,Software & Services,IT Services,Data Processing & Outsourced Services,1034925865.0,2021-07-22T16:10:28Z,https://en.wikipedia.org/w/index.php?oldid=1034925865,matched_gics
2021-07-31,PCAR,Paccar,Industrials,Capital Goods,Machinery,Construction Machinery & Heavy Trucks,1034925865.0,2021-07-22T16:10:28Z,https://en.wikipedia.org/w/index.php?oldid=1034925865,matched_gics
2021-07-31,PDD,PDD Holdings Inc.,,,,,,,,missing_gics
2021-07-31,PEP,PepsiCo,Consumer Staples,"Food, Beverage & Tobacco",Beverages,Soft Drinks,1034925865.0,2021-07-22T16:10:28Z,https://en.wikipedia.org/w/index.php?oldid=1034925865,matched_gics
2021-07-31,PYPL,PayPal,Information Technology,Software & Services,IT Services,Data Processing & Outsourced Services,1034925865.0,2021-07-22T16:10:28Z,https://en.wikipedia.org/w/index.php?oldid=1034925865,matched_gics
2021-07-31,QCOM,Qualcomm,Information Technology,Semiconductors & Semiconductor Equipment,Semiconductors & Semiconductor Equipment,Semiconductors,1034925865.0,2021-07-22T16:10:28Z,https://en.wikipedia.org/w/index.php?oldid=1034925865,matched_gics
2021-07-31,REGN,Regeneron Pharmaceuticals,Health Care,"Pharmaceuticals, Biotechnology & Life Sciences",Biotechnology,Biotechnology,1034925865.0,2021-07-22T16:10:28Z,https://en.wikipedia.org/w/index.php?oldid=1034925865,matched_gics
2021-07-31,ROST,Ross Stores,Consumer Discretionary,Retailing,Specialty Retail,Apparel Retail,1034925865.0,2021-07-22T16:10:28Z,https://en.wikipedia.org/w/index.php?oldid=1034925865,matched_gics
2021-07-31,SBUX,Starbucks,Consumer Discretionary,Consumer Services,"Hotels, Restaurants & Leisure",Restaurants,1034925865.0,2021-07-22T16:10:28Z,https://en.wikipedia.org/w/index.php?oldid=1034925865,matched_gics
2021-07-31,SGEN,Seagen Inc.,,,,,,,,missing_gics
2021-07-31,SIRI,SIRIUS XM HOLDINGS INC.,,,,,,,,missing_gics
2021-07-31,SNPS,Synopsys,Information Technology,Software & Services,Software,Application Software,1034925865.0,2021-07-22T16:10:28Z,https://en.wikipedia.org/w/index.php?oldid=1034925865,matched_gics
2021-07-31,SPLK,Splunk Inc.,,,,,,,,missing_gics
2021-07-31,SWKS,Skyworks Solutions,Information Technology,Semiconductors & Semiconductor Equipment,Semiconductors & Semiconductor Equipment,Semiconductors,1034925865.0,2021-07-22T16:10:28Z,https://en.wikipedia.org/w/index.php?oldid=1034925865,matched_gics
2021-07-31,TEAM,Atlassian Corp,,,,,,,,missing_gics
2021-07-31,TMUS,T-Mobile US,Communication Services,Telecommunication Services,Wireless Telecommunication Services,Wireless Telecommunication Services,1034925865.0,2021-07-22T16:10:28Z,https://en.wikipedia.org/w/index.php?oldid=1034925865,matched_gics
2021-07-31,TSLA,Tesla,Consumer Discretionary,Automobiles & Components,Automobiles,Automobile Manufacturers,1034925865.0,2021-07-22T16:10:28Z,https://en.wikipedia.org/w/index.php?oldid=1034925865,matched_gics
2021-07-31,TTD,"Trade Desk, Inc.",,,,,,,,missing_gics
2021-07-31,TXN,Texas Instruments,Information Technology,Semiconductors & Semiconductor Equipment,Semiconductors & Semiconductor Equipment,Semiconductors,1034925865.0,2021-07-22T16:10:28Z,https://en.wikipedia.org/w/index.php?oldid=1034925865,matched_gics
2021-07-31,VRSK,Verisk Analytics,Industrials,Commercial & Professional Services,Professional Services,Research & Consulting Services,1034925865.0,2021-07-22T16:10:28Z,https://en.wikipedia.org/w/index.php?oldid=1034925865,matched_gics
2021-07-31,VRSN,Verisign,Information Technology,Software & Services,IT Services,Internet Services & Infrastructure,1034925865.0,2021-07-22T16:10:28Z,https://en.wikipedia.org/w/index.php?oldid=1034925865,matched_gics
2021-07-31,VRTX,Vertex Pharmaceuticals,Health Care,"Pharmaceuticals, Biotechnology & Life Sciences",Biotechnology,Biotechnology,1034925865.0,2021-07-22T16:10:28Z,https://en.wikipedia.org/w/index.php?oldid=1034925865,matched_gics
2021-07-31,WBA,Walgreens Boots Alliance,Consumer Staples,Food & Staples Retailing,Food & Staples Retailing,Drug Retail,1034925865.0,2021-07-22T16:10:28Z,https://en.wikipedia.org/w/index.php?oldid=1034925865,matched_gics
2021-07-31,WDAY,"Workday, Inc.",,,,,,,,missing_gics
2021-07-31,XEL,Xcel Energy,Utilities,Utilities,Multi-Utilities,Multi-Utilities,1034925865.0,2021-07-22T16:10:28Z,https://en.wikipedia.org/w/index.php?oldid=1034925865,matched_gics
2021-07-31,ZM,"Zoom Communications, Inc.",,,,,,,,missing_gics
2021-07-31,ZS,"Zscaler, Inc.",,,,,,,,missing_gics
2021-08-31,AAPL,Apple,Information Technology,Technology Hardware & Equipment,"Technology Hardware, Storage & Peripherals","Technology Hardware, Storage & Peripherals",1041124731.0,2021-08-28T18:25:49Z,https://en.wikipedia.org/w/index.php?oldid=1041124731,matched_gics
2021-08-31,ABNB,"Airbnb, Inc.",,,,,,,,missing_gics
2021-08-31,ADBE,Adobe,Information Technology,Software & Services,Software,Application Software,1041124731.0,2021-08-28T18:25:49Z,https://en.wikipedia.org/w/index.php?oldid=1041124731,matched_gics
2021-08-31,ADI,Analog Devices,Information Technology,Semiconductors & Semiconductor Equipment,Semiconductors & Semiconductor Equipment,Semiconductors,1041124731.0,2021-08-28T18:25:49Z,https://en.wikipedia.org/w/index.php?oldid=1041124731,matched_gics
2021-08-31,ADP,Automatic Data Processing,Information Technology,Software & Services,IT Services,Data Processing & Outsourced Services,1041124731.0,2021-08-28T18:25:49Z,https://en.wikipedia.org/w/index.php?oldid=1041124731,matched_gics
2021-08-31,ADSK,Autodesk,Information Technology,Software & Services,Software,Application Software,1041124731.0,2021-08-28T18:25:49Z,https://en.wikipedia.org/w/index.php?oldid=1041124731,matched_gics
2021-08-31,AEP,American Electric Power,Utilities,Utilities,Electric Utilities,Electric Utilities,1041124731.0,2021-08-28T18:25:49Z,https://en.wikipedia.org/w/index.php?oldid=1041124731,matched_gics
2021-08-31,ALGN,Align Technology,Health Care,Health Care Equipment & Services,Health Care Equipment & Supplies,Health Care Supplies,1041124731.0,2021-08-28T18:25:49Z,https://en.wikipedia.org/w/index.php?oldid=1041124731,matched_gics
2021-08-31,AMAT,Applied Materials,Information Technology,Semiconductors & Semiconductor Equipment,Semiconductors & Semiconductor Equipment,Semiconductor Equipment,1041124731.0,2021-08-28T18:25:49Z,https://en.wikipedia.org/w/index.php?oldid=1041124731,matched_gics
2021-08-31,AMD,Advanced Micro Devices,Information Technology,Semiconductors & Semiconductor Equipment,Semiconductors & Semiconductor Equipment,Semiconductors,1041124731.0,2021-08-28T18:25:49Z,https://en.wikipedia.org/w/index.php?oldid=1041124731,matched_gics
2021-08-31,AMGN,Amgen,Health Care,"Pharmaceuticals, Biotechnology & Life Sciences",Biotechnology,Biotechnology,1041124731.0,2021-08-28T18:25:49Z,https://en.wikipedia.org/w/index.php?oldid=1041124731,matched_gics
2021-08-31,AMZN,Amazon,Consumer Discretionary,Retailing,Internet & Direct Marketing Retail,Internet & Direct Marketing Retail,1041124731.0,2021-08-28T18:25:49Z,https://en.wikipedia.org/w/index.php?oldid=1041124731,matched_gics
2021-08-31,ANSS,Ansys,Information Technology,Software & Services,Software,Application Software,1041124731.0,2021-08-28T18:25:49Z,https://en.wikipedia.org/w/index.php?oldid=1041124731,matched_gics
2021-08-31,ASML,ASML HOLDING NV,,,,,,,,missing_gics
2021-08-31,AVGO,Broadcom,Information Technology,Semiconductors & Semiconductor Equipment,Semiconductors & Semiconductor Equipment,Semiconductors,1041124731.0,2021-08-28T18:25:49Z,https://en.wikipedia.org/w/index.php?oldid=1041124731,matched_gics
2021-08-31,AZN,ASTRAZENECA PLC,,,,,,,,missing_gics
2021-08-31,BIDU,"Baidu, Inc.",,,,,,,,missing_gics
2021-08-31,BIIB,Biogen,Health Care,"Pharmaceuticals, Biotechnology & Life Sciences",Biotechnology,Biotechnology,1041124731.0,2021-08-28T18:25:49Z,https://en.wikipedia.org/w/index.php?oldid=1041124731,matched_gics
2021-08-31,BKNG,Booking Holdings,Consumer Discretionary,Retailing,Internet & Direct Marketing Retail,Internet & Direct Marketing Retail,1041124731.0,2021-08-28T18:25:49Z,https://en.wikipedia.org/w/index.php?oldid=1041124731,matched_gics
2021-08-31,CDNS,Cadence Design Systems,Information Technology,Software & Services,Software,Application Software,1041124731.0,2021-08-28T18:25:49Z,https://en.wikipedia.org/w/index.php?oldid=1041124731,matched_gics
2021-08-31,CEG,Constellation Energy Corp,,,,,,,,missing_gics
2021-08-31,CHTR,Charter Communications,Communication Services,Media,Media,Cable & Satellite,1041124731.0,2021-08-28T18:25:49Z,https://en.wikipedia.org/w/index.php?oldid=1041124731,matched_gics
2021-08-31,CMCSA,Comcast,Communication Services,Media,Media,Cable & Satellite,1041124731.0,2021-08-28T18:25:49Z,https://en.wikipedia.org/w/index.php?oldid=1041124731,matched_gics
2021-08-31,COST,Costco,Consumer Staples,Food & Staples Retailing,Food & Staples Retailing,Hypermarkets & Super Centers,1041124731.0,2021-08-28T18:25:49Z,https://en.wikipedia.org/w/index.php?oldid=1041124731,matched_gics
2021-08-31,CPRT,Copart,Industrials,Commercial & Professional Services,Commercial Services & Supplies,Diversified Support Services,1041124731.0,2021-08-28T18:25:49Z,https://en.wikipedia.org/w/index.php?oldid=1041124731,matched_gics
2021-08-31,CRWD,"CrowdStrike Holdings, Inc.",,,,,,,,missing_gics
2021-08-31,CSCO,Cisco Systems,Information Technology,Technology Hardware & Equipment,Communications Equipment,Communications Equipment,1041124731.0,2021-08-28T18:25:49Z,https://en.wikipedia.org/w/index.php?oldid=1041124731,matched_gics
2021-08-31,CSX,CSX,Industrials,Transportation,Road & Rail,Railroads,1041124731.0,2021-08-28T18:25:49Z,https://en.wikipedia.org/w/index.php?oldid=1041124731,matched_gics
2021-08-31,CTAS,Cintas Corporation,Industrials,Commercial & Professional Services,Commercial Services & Supplies,Diversified Support Services,1041124731.0,2021-08-28T18:25:49Z,https://en.wikipedia.org/w/index.php?oldid=1041124731,matched_gics
2021-08-31,CTSH,Cognizant Technology Solutions,Information Technology,Software & Services,IT Services,IT Consulting & Other Services,1041124731.0,2021-08-28T18:25:49Z,https://en.wikipedia.org/w/index.php?oldid=1041124731,matched_gics
2021-08-31,DDOG,"Datadog, Inc.",,,,,,,,missing_gics
2021-08-31,DLTR,Dollar Tree,Consumer Discretionary,Retailing,Multiline Retail,General Merchandise Stores,1041124731.0,2021-08-28T18:25:49Z,https://en.wikipedia.org/w/index.php?oldid=1041124731,matched_gics
2021-08-31,DOCU,"DOCUSIGN, INC.",,,,,,,,missing_gics
2021-08-31,DXCM,DexCom,Health Care,Health Care Equipment & Services,Health Care Equipment & Supplies,Health Care Equipment,1041124731.0,2021-08-28T18:25:49Z,https://en.wikipedia.org/w/index.php?oldid=1041124731,matched_gics
2021-08-31,EA,Electronic Arts,Communication Services,Media & Entertainment,Entertainment,Interactive Home Entertainment,1041124731.0,2021-08-28T18:25:49Z,https://en.wikipedia.org/w/index.php?oldid=1041124731,matched_gics
2021-08-31,EBAY,eBay,Consumer Discretionary,Retailing,Internet & Direct Marketing Retail,Internet & Direct Marketing Retail,1041124731.0,2021-08-28T18:25:49Z,https://en.wikipedia.org/w/index.php?oldid=1041124731,matched_gics
2021-08-31,ENPH,Enphase Energy,Information Technology,Technology Hardware & Equipment,"Electronic Equipment, Instruments & Components",Electronic Components,1041124731.0,2021-08-28T18:25:49Z,https://en.wikipedia.org/w/index.php?oldid=1041124731,matched_gics
2021-08-31,EXC,Exelon,Utilities,Utilities,Multi-Utilities,Multi-Utilities,1041124731.0,2021-08-28T18:25:49Z,https://en.wikipedia.org/w/index.php?oldid=1041124731,matched_gics
2021-08-31,FAST,Fastenal,Industrials,Capital Goods,Building Products,Building Products,1041124731.0,2021-08-28T18:25:49Z,https://en.wikipedia.org/w/index.php?oldid=1041124731,matched_gics
2021-08-31,FTNT,Fortinet,Information Technology,Software & Services,Software,Systems Software,1041124731.0,2021-08-28T18:25:49Z,https://en.wikipedia.org/w/index.php?oldid=1041124731,matched_gics
2021-08-31,GEHC,GE HealthCare Technologies Inc.,,,,,,,,missing_gics
2021-08-31,GILD,Gilead Sciences,Health Care,"Pharmaceuticals, Biotechnology & Life Sciences",Biotechnology,Biotechnology,1041124731.0,2021-08-28T18:25:49Z,https://en.wikipedia.org/w/index.php?oldid=1041124731,matched_gics
2021-08-31,GOOG,Alphabet (Class C),Communication Services,Media & Entertainment,Interactive Media & Services,Interactive Media & Services,1041124731.0,2021-08-28T18:25:49Z,https://en.wikipedia.org/w/index.php?oldid=1041124731,matched_gics
2021-08-31,GOOGL,Alphabet (Class A),Communication Services,Media & Entertainment,Interactive Media & Services,Interactive Media & Services,1041124731.0,2021-08-28T18:25:49Z,https://en.wikipedia.org/w/index.php?oldid=1041124731,matched_gics
2021-08-31,HON,Honeywell,Industrials,Capital Goods,Industrial Conglomerates,Industrial Conglomerates,1041124731.0,2021-08-28T18:25:49Z,https://en.wikipedia.org/w/index.php?oldid=1041124731,matched_gics
2021-08-31,IDXX,Idexx Laboratories,Health Care,Health Care Equipment & Services,Health Care Equipment & Supplies,Health Care Equipment,1041124731.0,2021-08-28T18:25:49Z,https://en.wikipedia.org/w/index.php?oldid=1041124731,matched_gics
2021-08-31,ILMN,Illumina,Health Care,"Pharmaceuticals, Biotechnology & Life Sciences",Life Sciences Tools & Services,Life Sciences Tools & Services,1041124731.0,2021-08-28T18:25:49Z,https://en.wikipedia.org/w/index.php?oldid=1041124731,matched_gics
2021-08-31,INTC,Intel,Information Technology,Semiconductors & Semiconductor Equipment,Semiconductors & Semiconductor Equipment,Semiconductors,1041124731.0,2021-08-28T18:25:49Z,https://en.wikipedia.org/w/index.php?oldid=1041124731,matched_gics
2021-08-31,INTU,Intuit,Information Technology,Software & Services,Software,Application Software,1041124731.0,2021-08-28T18:25:49Z,https://en.wikipedia.org/w/index.php?oldid=1041124731,matched_gics
2021-08-31,ISRG,Intuitive Surgical,Health Care,Health Care Equipment & Services,Health Care Equipment & Supplies,Health Care Equipment,1041124731.0,2021-08-28T18:25:49Z,https://en.wikipedia.org/w/index.php?oldid=1041124731,matched_gics
2021-08-31,JD,"JD.com, Inc.",,,,,,,,missing_gics
2021-08-31,KDP,Keurig Dr Pepper Inc.,,,,,,,,missing_gics
2021-08-31,KHC,Kraft Heinz,Consumer Staples,"Food, Beverage & Tobacco",Food Products,Packaged Foods & Meats,1041124731.0,2021-08-28T18:25:49Z,https://en.wikipedia.org/w/index.php?oldid=1041124731,matched_gics
2021-08-31,KLAC,KLA Corporation,Information Technology,Semiconductors & Semiconductor Equipment,Semiconductors & Semiconductor Equipment,Semiconductor Equipment,1041124731.0,2021-08-28T18:25:49Z,https://en.wikipedia.org/w/index.php?oldid=1041124731,matched_gics
2021-08-31,LCID,"Lucid Group, Inc.",,,,,,,,missing_gics
2021-08-31,LRCX,Lam Research,Information Technology,Semiconductors & Semiconductor Equipment,Semiconductors & Semiconductor Equipment,Semiconductor Equipment,1041124731.0,2021-08-28T18:25:49Z,https://en.wikipedia.org/w/index.php?oldid=1041124731,matched_gics
2021-08-31,LULU,lululemon athletica inc.,,,,,,,,missing_gics
2021-08-31,MAR,Marriott International,Consumer Discretionary,Consumer Services,"Hotels, Restaurants & Leisure","Hotels, Resorts & Cruise Lines",1041124731.0,2021-08-28T18:25:49Z,https://en.wikipedia.org/w/index.php?oldid=1041124731,matched_gics
2021-08-31,MCHP,Microchip Technology,Information Technology,Semiconductors & Semiconductor Equipment,Semiconductors & Semiconductor Equipment,Semiconductors,1041124731.0,2021-08-28T18:25:49Z,https://en.wikipedia.org/w/index.php?oldid=1041124731,matched_gics
2021-08-31,MDLZ,Mondelez International,Consumer Staples,"Food, Beverage & Tobacco",Food Products,Packaged Foods & Meats,1041124731.0,2021-08-28T18:25:49Z,https://en.wikipedia.org/w/index.php?oldid=1041124731,matched_gics
2021-08-31,MELI,MERCADOLIBRE INC,,,,,,,,missing_gics
2021-08-31,META,Facebook,Communication Services,Media & Entertainment,Interactive Media & Services,Interactive Media & Services,1041124731.0,2021-08-28T18:25:49Z,https://en.wikipedia.org/w/index.php?oldid=1041124731|historical_ticker_alias:FB->META,matched_gics
2021-08-31,MNST,Monster Beverage,Consumer Staples,"Food, Beverage & Tobacco",Beverages,Soft Drinks,1041124731.0,2021-08-28T18:25:49Z,https://en.wikipedia.org/w/index.php?oldid=1041124731,matched_gics
2021-08-31,MRNA,Moderna,Health Care,"Pharmaceuticals, Biotechnology & Life Sciences",Biotechnology,Biotechnology,1041124731.0,2021-08-28T18:25:49Z,https://en.wikipedia.org/w/index.php?oldid=1041124731,matched_gics
2021-08-31,MRVL,"Marvell Technology, Inc.",,,,,,,,missing_gics
2021-08-31,MSFT,Microsoft,Information Technology,Software & Services,Software,Systems Software,1041124731.0,2021-08-28T18:25:49Z,https://en.wikipedia.org/w/index.php?oldid=1041124731,matched_gics
2021-08-31,MTCH,"Match Group, Inc.",,,,,,,,missing_gics
2021-08-31,MU,Micron Technology,Information Technology,Semiconductors & Semiconductor Equipment,Semiconductors & Semiconductor Equipment,Semiconductors,1041124731.0,2021-08-28T18:25:49Z,https://en.wikipedia.org/w/index.php?oldid=1041124731,matched_gics
2021-08-31,NFLX,Netflix,Communication Services,Media & Entertainment,Entertainment,Movies & Entertainment,1041124731.0,2021-08-28T18:25:49Z,https://en.wikipedia.org/w/index.php?oldid=1041124731,matched_gics
2021-08-31,NTES,"NetEase, Inc.",,,,,,,,missing_gics
2021-08-31,NVDA,Nvidia,Information Technology,Semiconductors & Semiconductor Equipment,Semiconductors & Semiconductor Equipment,Semiconductors,1041124731.0,2021-08-28T18:25:49Z,https://en.wikipedia.org/w/index.php?oldid=1041124731,matched_gics
2021-08-31,NXPI,NXP,Information Technology,Semiconductors & Semiconductor Equipment,Semiconductors & Semiconductor Equipment,Semiconductors,1041124731.0,2021-08-28T18:25:49Z,https://en.wikipedia.org/w/index.php?oldid=1041124731,matched_gics
2021-08-31,ODFL,Old Dominion Freight Line,Industrials,Transportation,Road & Rail,Trucking,1041124731.0,2021-08-28T18:25:49Z,https://en.wikipedia.org/w/index.php?oldid=1041124731,matched_gics
2021-08-31,ON,ON SEMICONDUCTOR CORP,,,,,,,,missing_gics
2021-08-31,ORLY,O'Reilly Automotive,Consumer Discretionary,Retailing,Specialty Retail,Specialty Stores,1041124731.0,2021-08-28T18:25:49Z,https://en.wikipedia.org/w/index.php?oldid=1041124731,matched_gics
2021-08-31,PANW,Palo Alto Networks Inc,,,,,,,,missing_gics
2021-08-31,PAYX,Paychex,Information Technology,Software & Services,IT Services,Data Processing & Outsourced Services,1041124731.0,2021-08-28T18:25:49Z,https://en.wikipedia.org/w/index.php?oldid=1041124731,matched_gics
2021-08-31,PCAR,Paccar,Industrials,Capital Goods,Machinery,Construction Machinery & Heavy Trucks,1041124731.0,2021-08-28T18:25:49Z,https://en.wikipedia.org/w/index.php?oldid=1041124731,matched_gics
2021-08-31,PDD,PDD Holdings Inc.,,,,,,,,missing_gics
2021-08-31,PEP,PepsiCo,Consumer Staples,"Food, Beverage & Tobacco",Beverages,Soft Drinks,1041124731.0,2021-08-28T18:25:49Z,https://en.wikipedia.org/w/index.php?oldid=1041124731,matched_gics
2021-08-31,PYPL,PayPal,Information Technology,Software & Services,IT Services,Data Processing & Outsourced Services,1041124731.0,2021-08-28T18:25:49Z,https://en.wikipedia.org/w/index.php?oldid=1041124731,matched_gics
2021-08-31,QCOM,Qualcomm,Information Technology,Semiconductors & Semiconductor Equipment,Semiconductors & Semiconductor Equipment,Semiconductors,1041124731.0,2021-08-28T18:25:49Z,https://en.wikipedia.org/w/index.php?oldid=1041124731,matched_gics
2021-08-31,REGN,Regeneron Pharmaceuticals,Health Care,"Pharmaceuticals, Biotechnology & Life Sciences",Biotechnology,Biotechnology,1041124731.0,2021-08-28T18:25:49Z,https://en.wikipedia.org/w/index.php?oldid=1041124731,matched_gics
2021-08-31,ROST,Ross Stores,Consumer Discretionary,Retailing,Specialty Retail,Apparel Retail,1041124731.0,2021-08-28T18:25:49Z,https://en.wikipedia.org/w/index.php?oldid=1041124731,matched_gics
2021-08-31,SBUX,Starbucks,Consumer Discretionary,Consumer Services,"Hotels, Restaurants & Leisure",Restaurants,1041124731.0,2021-08-28T18:25:49Z,https://en.wikipedia.org/w/index.php?oldid=1041124731,matched_gics
2021-08-31,SGEN,Seagen Inc.,,,,,,,,missing_gics
2021-08-31,SIRI,SIRIUS XM HOLDINGS INC.,,,,,,,,missing_gics
2021-08-31,SNPS,Synopsys,Information Technology,Software & Services,Software,Application Software,1041124731.0,2021-08-28T18:25:49Z,https://en.wikipedia.org/w/index.php?oldid=1041124731,matched_gics
2021-08-31,SPLK,Splunk Inc.,,,,,,,,missing_gics
2021-08-31,SWKS,Skyworks Solutions,Information Technology,Semiconductors & Semiconductor Equipment,Semiconductors & Semiconductor Equipment,Semiconductors,1041124731.0,2021-08-28T18:25:49Z,https://en.wikipedia.org/w/index.php?oldid=1041124731,matched_gics
2021-08-31,TEAM,Atlassian Corp,,,,,,,,missing_gics
2021-08-31,TMUS,T-Mobile US,Communication Services,Telecommunication Services,Wireless Telecommunication Services,Wireless Telecommunication Services,1041124731.0,2021-08-28T18:25:49Z,https://en.wikipedia.org/w/index.php?oldid=1041124731,matched_gics
2021-08-31,TSLA,Tesla,Consumer Discretionary,Automobiles & Components,Automobiles,Automobile Manufacturers,1041124731.0,2021-08-28T18:25:49Z,https://en.wikipedia.org/w/index.php?oldid=1041124731,matched_gics
2021-08-31,TTD,"Trade Desk, Inc.",,,,,,,,missing_gics
2021-08-31,TXN,Texas Instruments,Information Technology,Semiconductors & Semiconductor Equipment,Semiconductors & Semiconductor Equipment,Semiconductors,1041124731.0,2021-08-28T18:25:49Z,https://en.wikipedia.org/w/index.php?oldid=1041124731,matched_gics
2021-08-31,VRSK,Verisk Analytics,Industrials,Commercial & Professional Services,Professional Services,Research & Consulting Services,1041124731.0,2021-08-28T18:25:49Z,https://en.wikipedia.org/w/index.php?oldid=1041124731,matched_gics
2021-08-31,VRSN,Verisign,Information Technology,Software & Services,IT Services,Internet Services & Infrastructure,1041124731.0,2021-08-28T18:25:49Z,https://en.wikipedia.org/w/index.php?oldid=1041124731,matched_gics
2021-08-31,VRTX,Vertex Pharmaceuticals,Health Care,"Pharmaceuticals, Biotechnology & Life Sciences",Biotechnology,Biotechnology,1041124731.0,2021-08-28T18:25:49Z,https://en.wikipedia.org/w/index.php?oldid=1041124731,matched_gics
2021-08-31,WBA,Walgreens Boots Alliance,Consumer Staples,Food & Staples Retailing,Food & Staples Retailing,Drug Retail,1041124731.0,2021-08-28T18:25:49Z,https://en.wikipedia.org/w/index.php?oldid=1041124731,matched_gics
2021-08-31,WDAY,"Workday, Inc.",,,,,,,,missing_gics
2021-08-31,XEL,Xcel Energy,Utilities,Utilities,Multi-Utilities,Multi-Utilities,1041124731.0,2021-08-28T18:25:49Z,https://en.wikipedia.org/w/index.php?oldid=1041124731,matched_gics
2021-08-31,ZM,"Zoom Communications, Inc.",,,,,,,,missing_gics
2021-08-31,ZS,"Zscaler, Inc.",,,,,,,,missing_gics
2021-09-30,AAPL,Apple,Information Technology,Technology Hardware & Equipment,"Technology Hardware, Storage & Peripherals","Technology Hardware, Storage & Peripherals",1046858083.0,2021-09-27T19:26:07Z,https://en.wikipedia.org/w/index.php?oldid=1046858083,matched_gics
2021-09-30,ABNB,"Airbnb, Inc.",,,,,,,,missing_gics
2021-09-30,ADBE,Adobe,Information Technology,Software & Services,Software,Application Software,1046858083.0,2021-09-27T19:26:07Z,https://en.wikipedia.org/w/index.php?oldid=1046858083,matched_gics
2021-09-30,ADI,Analog Devices,Information Technology,Semiconductors & Semiconductor Equipment,Semiconductors & Semiconductor Equipment,Semiconductors,1046858083.0,2021-09-27T19:26:07Z,https://en.wikipedia.org/w/index.php?oldid=1046858083,matched_gics
2021-09-30,ADP,Automatic Data Processing,Information Technology,Software & Services,IT Services,Data Processing & Outsourced Services,1046858083.0,2021-09-27T19:26:07Z,https://en.wikipedia.org/w/index.php?oldid=1046858083,matched_gics
2021-09-30,ADSK,Autodesk,Information Technology,Software & Services,Software,Application Software,1046858083.0,2021-09-27T19:26:07Z,https://en.wikipedia.org/w/index.php?oldid=1046858083,matched_gics
2021-09-30,AEP,American Electric Power,Utilities,Utilities,Electric Utilities,Electric Utilities,1046858083.0,2021-09-27T19:26:07Z,https://en.wikipedia.org/w/index.php?oldid=1046858083,matched_gics
2021-09-30,ALGN,Align Technology,Health Care,Health Care Equipment & Services,Health Care Equipment & Supplies,Health Care Supplies,1046858083.0,2021-09-27T19:26:07Z,https://en.wikipedia.org/w/index.php?oldid=1046858083,matched_gics
2021-09-30,AMAT,Applied Materials,Information Technology,Semiconductors & Semiconductor Equipment,Semiconductors & Semiconductor Equipment,Semiconductor Equipment,1046858083.0,2021-09-27T19:26:07Z,https://en.wikipedia.org/w/index.php?oldid=1046858083,matched_gics
2021-09-30,AMD,Advanced Micro Devices,Information Technology,Semiconductors & Semiconductor Equipment,Semiconductors & Semiconductor Equipment,Semiconductors,1046858083.0,2021-09-27T19:26:07Z,https://en.wikipedia.org/w/index.php?oldid=1046858083,matched_gics
2021-09-30,AMGN,Amgen,Health Care,"Pharmaceuticals, Biotechnology & Life Sciences",Biotechnology,Biotechnology,1046858083.0,2021-09-27T19:26:07Z,https://en.wikipedia.org/w/index.php?oldid=1046858083,matched_gics
2021-09-30,AMZN,Amazon,Consumer Discretionary,Retailing,Internet & Direct Marketing Retail,Internet & Direct Marketing Retail,1046858083.0,2021-09-27T19:26:07Z,https://en.wikipedia.org/w/index.php?oldid=1046858083,matched_gics
2021-09-30,ANSS,Ansys,Information Technology,Software & Services,Software,Application Software,1046858083.0,2021-09-27T19:26:07Z,https://en.wikipedia.org/w/index.php?oldid=1046858083,matched_gics
2021-09-30,ASML,ASML HOLDING NV,,,,,,,,missing_gics
2021-09-30,AVGO,Broadcom,Information Technology,Semiconductors & Semiconductor Equipment,Semiconductors & Semiconductor Equipment,Semiconductors,1046858083.0,2021-09-27T19:26:07Z,https://en.wikipedia.org/w/index.php?oldid=1046858083,matched_gics
2021-09-30,AZN,ASTRAZENECA PLC,,,,,,,,missing_gics
2021-09-30,BIDU,"Baidu, Inc.",,,,,,,,missing_gics
2021-09-30,BIIB,Biogen,Health Care,"Pharmaceuticals, Biotechnology & Life Sciences",Biotechnology,Biotechnology,1046858083.0,2021-09-27T19:26:07Z,https://en.wikipedia.org/w/index.php?oldid=1046858083,matched_gics
2021-09-30,BKNG,Booking Holdings,Consumer Discretionary,Retailing,Internet & Direct Marketing Retail,Internet & Direct Marketing Retail,1046858083.0,2021-09-27T19:26:07Z,https://en.wikipedia.org/w/index.php?oldid=1046858083,matched_gics
2021-09-30,CDNS,Cadence Design Systems,Information Technology,Software & Services,Software,Application Software,1046858083.0,2021-09-27T19:26:07Z,https://en.wikipedia.org/w/index.php?oldid=1046858083,matched_gics
2021-09-30,CEG,Constellation Energy Corp,,,,,,,,missing_gics
2021-09-30,CHTR,Charter Communications,Communication Services,Media,Media,Cable & Satellite,1046858083.0,2021-09-27T19:26:07Z,https://en.wikipedia.org/w/index.php?oldid=1046858083,matched_gics
2021-09-30,CMCSA,Comcast,Communication Services,Media,Media,Cable & Satellite,1046858083.0,2021-09-27T19:26:07Z,https://en.wikipedia.org/w/index.php?oldid=1046858083,matched_gics
2021-09-30,COST,Costco,Consumer Staples,Food & Staples Retailing,Food & Staples Retailing,Hypermarkets & Super Centers,1046858083.0,2021-09-27T19:26:07Z,https://en.wikipedia.org/w/index.php?oldid=1046858083,matched_gics
2021-09-30,CPRT,Copart,Industrials,Commercial & Professional Services,Commercial Services & Supplies,Diversified Support Services,1046858083.0,2021-09-27T19:26:07Z,https://en.wikipedia.org/w/index.php?oldid=1046858083,matched_gics
2021-09-30,CRWD,"CrowdStrike Holdings, Inc.",,,,,,,,missing_gics
2021-09-30,CSCO,Cisco Systems,Information Technology,Technology Hardware & Equipment,Communications Equipment,Communications Equipment,1046858083.0,2021-09-27T19:26:07Z,https://en.wikipedia.org/w/index.php?oldid=1046858083,matched_gics
2021-09-30,CSX,CSX,Industrials,Transportation,Road & Rail,Railroads,1046858083.0,2021-09-27T19:26:07Z,https://en.wikipedia.org/w/index.php?oldid=1046858083,matched_gics
2021-09-30,CTAS,Cintas Corporation,Industrials,Commercial & Professional Services,Commercial Services & Supplies,Diversified Support Services,1046858083.0,2021-09-27T19:26:07Z,https://en.wikipedia.org/w/index.php?oldid=1046858083,matched_gics
2021-09-30,CTSH,Cognizant Technology Solutions,Information Technology,Software & Services,IT Services,IT Consulting & Other Services,1046858083.0,2021-09-27T19:26:07Z,https://en.wikipedia.org/w/index.php?oldid=1046858083,matched_gics
2021-09-30,DDOG,"Datadog, Inc.",,,,,,,,missing_gics
2021-09-30,DLTR,Dollar Tree,Consumer Discretionary,Retailing,Multiline Retail,General Merchandise Stores,1046858083.0,2021-09-27T19:26:07Z,https://en.wikipedia.org/w/index.php?oldid=1046858083,matched_gics
2021-09-30,DOCU,"DOCUSIGN, INC.",,,,,,,,missing_gics
2021-09-30,DXCM,DexCom,Health Care,Health Care Equipment & Services,Health Care Equipment & Supplies,Health Care Equipment,1046858083.0,2021-09-27T19:26:07Z,https://en.wikipedia.org/w/index.php?oldid=1046858083,matched_gics
2021-09-30,EA,Electronic Arts,Communication Services,Media & Entertainment,Entertainment,Interactive Home Entertainment,1046858083.0,2021-09-27T19:26:07Z,https://en.wikipedia.org/w/index.php?oldid=1046858083,matched_gics
2021-09-30,EBAY,eBay,Consumer Discretionary,Retailing,Internet & Direct Marketing Retail,Internet & Direct Marketing Retail,1046858083.0,2021-09-27T19:26:07Z,https://en.wikipedia.org/w/index.php?oldid=1046858083,matched_gics
2021-09-30,ENPH,Enphase Energy,Information Technology,Technology Hardware & Equipment,"Electronic Equipment, Instruments & Components",Electronic Components,1046858083.0,2021-09-27T19:26:07Z,https://en.wikipedia.org/w/index.php?oldid=1046858083,matched_gics
2021-09-30,EXC,Exelon,Utilities,Utilities,Multi-Utilities,Multi-Utilities,1046858083.0,2021-09-27T19:26:07Z,https://en.wikipedia.org/w/index.php?oldid=1046858083,matched_gics
2021-09-30,FAST,Fastenal,Industrials,Capital Goods,Building Products,Building Products,1046858083.0,2021-09-27T19:26:07Z,https://en.wikipedia.org/w/index.php?oldid=1046858083,matched_gics
2021-09-30,FTNT,Fortinet,Information Technology,Software & Services,Software,Systems Software,1046858083.0,2021-09-27T19:26:07Z,https://en.wikipedia.org/w/index.php?oldid=1046858083,matched_gics
2021-09-30,GEHC,GE HealthCare Technologies Inc.,,,,,,,,missing_gics
2021-09-30,GILD,Gilead Sciences,Health Care,"Pharmaceuticals, Biotechnology & Life Sciences",Biotechnology,Biotechnology,1046858083.0,2021-09-27T19:26:07Z,https://en.wikipedia.org/w/index.php?oldid=1046858083,matched_gics
2021-09-30,GOOG,Alphabet (Class C),Communication Services,Media & Entertainment,Interactive Media & Services,Interactive Media & Services,1046858083.0,2021-09-27T19:26:07Z,https://en.wikipedia.org/w/index.php?oldid=1046858083,matched_gics
2021-09-30,GOOGL,Alphabet (Class A),Communication Services,Media & Entertainment,Interactive Media & Services,Interactive Media & Services,1046858083.0,2021-09-27T19:26:07Z,https://en.wikipedia.org/w/index.php?oldid=1046858083,matched_gics
2021-09-30,HON,Honeywell,Industrials,Capital Goods,Industrial Conglomerates,Industrial Conglomerates,1046858083.0,2021-09-27T19:26:07Z,https://en.wikipedia.org/w/index.php?oldid=1046858083,matched_gics
2021-09-30,IDXX,Idexx Laboratories,Health Care,Health Care Equipment & Services,Health Care Equipment & Supplies,Health Care Equipment,1046858083.0,2021-09-27T19:26:07Z,https://en.wikipedia.org/w/index.php?oldid=1046858083,matched_gics
2021-09-30,ILMN,Illumina,Health Care,"Pharmaceuticals, Biotechnology & Life Sciences",Life Sciences Tools & Services,Life Sciences Tools & Services,1046858083.0,2021-09-27T19:26:07Z,https://en.wikipedia.org/w/index.php?oldid=1046858083,matched_gics
2021-09-30,INTC,Intel,Information Technology,Semiconductors & Semiconductor Equipment,Semiconductors & Semiconductor Equipment,Semiconductors,1046858083.0,2021-09-27T19:26:07Z,https://en.wikipedia.org/w/index.php?oldid=1046858083,matched_gics
2021-09-30,INTU,Intuit,Information Technology,Software & Services,Software,Application Software,1046858083.0,2021-09-27T19:26:07Z,https://en.wikipedia.org/w/index.php?oldid=1046858083,matched_gics
2021-09-30,ISRG,Intuitive Surgical,Health Care,Health Care Equipment & Services,Health Care Equipment & Supplies,Health Care Equipment,1046858083.0,2021-09-27T19:26:07Z,https://en.wikipedia.org/w/index.php?oldid=1046858083,matched_gics
2021-09-30,JD,"JD.com, Inc.",,,,,,,,missing_gics
2021-09-30,KDP,Keurig Dr Pepper Inc.,,,,,,,,missing_gics
2021-09-30,KHC,Kraft Heinz,Consumer Staples,"Food, Beverage & Tobacco",Food Products,Packaged Foods & Meats,1046858083.0,2021-09-27T19:26:07Z,https://en.wikipedia.org/w/index.php?oldid=1046858083,matched_gics
2021-09-30,KLAC,KLA Corporation,Information Technology,Semiconductors & Semiconductor Equipment,Semiconductors & Semiconductor Equipment,Semiconductor Equipment,1046858083.0,2021-09-27T19:26:07Z,https://en.wikipedia.org/w/index.php?oldid=1046858083,matched_gics
2021-09-30,LCID,"Lucid Group, Inc.",,,,,,,,missing_gics
2021-09-30,LRCX,Lam Research,Information Technology,Semiconductors & Semiconductor Equipment,Semiconductors & Semiconductor Equipment,Semiconductor Equipment,1046858083.0,2021-09-27T19:26:07Z,https://en.wikipedia.org/w/index.php?oldid=1046858083,matched_gics
2021-09-30,LULU,lululemon athletica inc.,,,,,,,,missing_gics
2021-09-30,MAR,Marriott International,Consumer Discretionary,Consumer Services,"Hotels, Restaurants & Leisure","Hotels, Resorts & Cruise Lines",1046858083.0,2021-09-27T19:26:07Z,https://en.wikipedia.org/w/index.php?oldid=1046858083,matched_gics
2021-09-30,MCHP,Microchip Technology,Information Technology,Semiconductors & Semiconductor Equipment,Semiconductors & Semiconductor Equipment,Semiconductors,1046858083.0,2021-09-27T19:26:07Z,https://en.wikipedia.org/w/index.php?oldid=1046858083,matched_gics
2021-09-30,MDLZ,Mondelez International,Consumer Staples,"Food, Beverage & Tobacco",Food Products,Packaged Foods & Meats,1046858083.0,2021-09-27T19:26:07Z,https://en.wikipedia.org/w/index.php?oldid=1046858083,matched_gics
2021-09-30,MELI,MERCADOLIBRE INC,,,,,,,,missing_gics
2021-09-30,META,Facebook,Communication Services,Media & Entertainment,Interactive Media & Services,Interactive Media & Services,1046858083.0,2021-09-27T19:26:07Z,https://en.wikipedia.org/w/index.php?oldid=1046858083|historical_ticker_alias:FB->META,matched_gics
2021-09-30,MNST,Monster Beverage,Consumer Staples,"Food, Beverage & Tobacco",Beverages,Soft Drinks,1046858083.0,2021-09-27T19:26:07Z,https://en.wikipedia.org/w/index.php?oldid=1046858083,matched_gics
2021-09-30,MRNA,Moderna,Health Care,"Pharmaceuticals, Biotechnology & Life Sciences",Biotechnology,Biotechnology,1046858083.0,2021-09-27T19:26:07Z,https://en.wikipedia.org/w/index.php?oldid=1046858083,matched_gics
2021-09-30,MRVL,"Marvell Technology, Inc.",,,,,,,,missing_gics
2021-09-30,MSFT,Microsoft,Information Technology,Software & Services,Software,Systems Software,1046858083.0,2021-09-27T19:26:07Z,https://en.wikipedia.org/w/index.php?oldid=1046858083,matched_gics
2021-09-30,MTCH,Match Group,Communication Services,Media & Entertainment,Interactive Media & Services,Interactive Media & Services,1046858083.0,2021-09-27T19:26:07Z,https://en.wikipedia.org/w/index.php?oldid=1046858083,matched_gics
2021-09-30,MU,Micron Technology,Information Technology,Semiconductors & Semiconductor Equipment,Semiconductors & Semiconductor Equipment,Semiconductors,1046858083.0,2021-09-27T19:26:07Z,https://en.wikipedia.org/w/index.php?oldid=1046858083,matched_gics
2021-09-30,NFLX,Netflix,Communication Services,Media & Entertainment,Entertainment,Movies & Entertainment,1046858083.0,2021-09-27T19:26:07Z,https://en.wikipedia.org/w/index.php?oldid=1046858083,matched_gics
2021-09-30,NTES,"NetEase, Inc.",,,,,,,,missing_gics
2021-09-30,NVDA,Nvidia,Information Technology,Semiconductors & Semiconductor Equipment,Semiconductors & Semiconductor Equipment,Semiconductors,1046858083.0,2021-09-27T19:26:07Z,https://en.wikipedia.org/w/index.php?oldid=1046858083,matched_gics
2021-09-30,NXPI,NXP,Information Technology,Semiconductors & Semiconductor Equipment,Semiconductors & Semiconductor Equipment,Semiconductors,1046858083.0,2021-09-27T19:26:07Z,https://en.wikipedia.org/w/index.php?oldid=1046858083,matched_gics
2021-09-30,ODFL,Old Dominion Freight Line,Industrials,Transportation,Road & Rail,Trucking,1046858083.0,2021-09-27T19:26:07Z,https://en.wikipedia.org/w/index.php?oldid=1046858083,matched_gics
2021-09-30,ON,ON SEMICONDUCTOR CORP,,,,,,,,missing_gics
2021-09-30,ORLY,O'Reilly Automotive,Consumer Discretionary,Retailing,Specialty Retail,Specialty Stores,1046858083.0,2021-09-27T19:26:07Z,https://en.wikipedia.org/w/index.php?oldid=1046858083,matched_gics
2021-09-30,PANW,Palo Alto Networks Inc,,,,,,,,missing_gics
2021-09-30,PAYX,Paychex,Information Technology,Software & Services,IT Services,Data Processing & Outsourced Services,1046858083.0,2021-09-27T19:26:07Z,https://en.wikipedia.org/w/index.php?oldid=1046858083,matched_gics
2021-09-30,PCAR,Paccar,Industrials,Capital Goods,Machinery,Construction Machinery & Heavy Trucks,1046858083.0,2021-09-27T19:26:07Z,https://en.wikipedia.org/w/index.php?oldid=1046858083,matched_gics
2021-09-30,PDD,PDD Holdings Inc.,,,,,,,,missing_gics
2021-09-30,PEP,PepsiCo,Consumer Staples,"Food, Beverage & Tobacco",Beverages,Soft Drinks,1046858083.0,2021-09-27T19:26:07Z,https://en.wikipedia.org/w/index.php?oldid=1046858083,matched_gics
2021-09-30,PYPL,PayPal,Information Technology,Software & Services,IT Services,Data Processing & Outsourced Services,1046858083.0,2021-09-27T19:26:07Z,https://en.wikipedia.org/w/index.php?oldid=1046858083,matched_gics
2021-09-30,QCOM,Qualcomm,Information Technology,Semiconductors & Semiconductor Equipment,Semiconductors & Semiconductor Equipment,Semiconductors,1046858083.0,2021-09-27T19:26:07Z,https://en.wikipedia.org/w/index.php?oldid=1046858083,matched_gics
2021-09-30,REGN,Regeneron Pharmaceuticals,Health Care,"Pharmaceuticals, Biotechnology & Life Sciences",Biotechnology,Biotechnology,1046858083.0,2021-09-27T19:26:07Z,https://en.wikipedia.org/w/index.php?oldid=1046858083,matched_gics
2021-09-30,ROST,Ross Stores,Consumer Discretionary,Retailing,Specialty Retail,Apparel Retail,1046858083.0,2021-09-27T19:26:07Z,https://en.wikipedia.org/w/index.php?oldid=1046858083,matched_gics
2021-09-30,SBUX,Starbucks,Consumer Discretionary,Consumer Services,"Hotels, Restaurants & Leisure",Restaurants,1046858083.0,2021-09-27T19:26:07Z,https://en.wikipedia.org/w/index.php?oldid=1046858083,matched_gics
2021-09-30,SGEN,Seagen Inc.,,,,,,,,missing_gics
2021-09-30,SIRI,SIRIUS XM HOLDINGS INC.,,,,,,,,missing_gics
2021-09-30,SNPS,Synopsys,Information Technology,Software & Services,Software,Application Software,1046858083.0,2021-09-27T19:26:07Z,https://en.wikipedia.org/w/index.php?oldid=1046858083,matched_gics
2021-09-30,SPLK,Splunk Inc.,,,,,,,,missing_gics
2021-09-30,SWKS,Skyworks Solutions,Information Technology,Semiconductors & Semiconductor Equipment,Semiconductors & Semiconductor Equipment,Semiconductors,1046858083.0,2021-09-27T19:26:07Z,https://en.wikipedia.org/w/index.php?oldid=1046858083,matched_gics
2021-09-30,TEAM,Atlassian Corp,,,,,,,,missing_gics
2021-09-30,TMUS,T-Mobile US,Communication Services,Telecommunication Services,Wireless Telecommunication Services,Wireless Telecommunication Services,1046858083.0,2021-09-27T19:26:07Z,https://en.wikipedia.org/w/index.php?oldid=1046858083,matched_gics
2021-09-30,TSLA,Tesla,Consumer Discretionary,Automobiles & Components,Automobiles,Automobile Manufacturers,1046858083.0,2021-09-27T19:26:07Z,https://en.wikipedia.org/w/index.php?oldid=1046858083,matched_gics
2021-09-30,TTD,"Trade Desk, Inc.",,,,,,,,missing_gics
2021-09-30,TXN,Texas Instruments,Information Technology,Semiconductors & Semiconductor Equipment,Semiconductors & Semiconductor Equipment,Semiconductors,1046858083.0,2021-09-27T19:26:07Z,https://en.wikipedia.org/w/index.php?oldid=1046858083,matched_gics
2021-09-30,VRSK,Verisk Analytics,Industrials,Commercial & Professional Services,Professional Services,Research & Consulting Services,1046858083.0,2021-09-27T19:26:07Z,https://en.wikipedia.org/w/index.php?oldid=1046858083,matched_gics
2021-09-30,VRSN,Verisign,Information Technology,Software & Services,IT Services,Internet Services & Infrastructure,1046858083.0,2021-09-27T19:26:07Z,https://en.wikipedia.org/w/index.php?oldid=1046858083,matched_gics
2021-09-30,VRTX,Vertex Pharmaceuticals,Health Care,"Pharmaceuticals, Biotechnology & Life Sciences",Biotechnology,Biotechnology,1046858083.0,2021-09-27T19:26:07Z,https://en.wikipedia.org/w/index.php?oldid=1046858083,matched_gics
2021-09-30,WBA,Walgreens Boots Alliance,Consumer Staples,Food & Staples Retailing,Food & Staples Retailing,Drug Retail,1046858083.0,2021-09-27T19:26:07Z,https://en.wikipedia.org/w/index.php?oldid=1046858083,matched_gics
2021-09-30,WDAY,"Workday, Inc.",,,,,,,,missing_gics
2021-09-30,XEL,Xcel Energy,Utilities,Utilities,Multi-Utilities,Multi-Utilities,1046858083.0,2021-09-27T19:26:07Z,https://en.wikipedia.org/w/index.php?oldid=1046858083,matched_gics
2021-09-30,ZM,"Zoom Communications, Inc.",,,,,,,,missing_gics
2021-09-30,ZS,"Zscaler, Inc.",,,,,,,,missing_gics
2021-10-31,AAPL,Apple,Information Technology,Technology Hardware & Equipment,"Technology Hardware, Storage & Peripherals","Technology Hardware, Storage & Peripherals",1052601537.0,2021-10-30T02:53:07Z,https://en.wikipedia.org/w/index.php?oldid=1052601537,matched_gics
2021-10-31,ABNB,"Airbnb, Inc.",,,,,,,,missing_gics
2021-10-31,ADBE,Adobe,Information Technology,Software & Services,Software,Application Software,1052601537.0,2021-10-30T02:53:07Z,https://en.wikipedia.org/w/index.php?oldid=1052601537,matched_gics
2021-10-31,ADI,Analog Devices,Information Technology,Semiconductors & Semiconductor Equipment,Semiconductors & Semiconductor Equipment,Semiconductors,1052601537.0,2021-10-30T02:53:07Z,https://en.wikipedia.org/w/index.php?oldid=1052601537,matched_gics
2021-10-31,ADP,Automatic Data Processing,Information Technology,Software & Services,IT Services,Data Processing & Outsourced Services,1052601537.0,2021-10-30T02:53:07Z,https://en.wikipedia.org/w/index.php?oldid=1052601537,matched_gics
2021-10-31,ADSK,Autodesk,Information Technology,Software & Services,Software,Application Software,1052601537.0,2021-10-30T02:53:07Z,https://en.wikipedia.org/w/index.php?oldid=1052601537,matched_gics
2021-10-31,AEP,American Electric Power,Utilities,Utilities,Electric Utilities,Electric Utilities,1052601537.0,2021-10-30T02:53:07Z,https://en.wikipedia.org/w/index.php?oldid=1052601537,matched_gics
2021-10-31,ALGN,Align Technology,Health Care,Health Care Equipment & Services,Health Care Equipment & Supplies,Health Care Supplies,1052601537.0,2021-10-30T02:53:07Z,https://en.wikipedia.org/w/index.php?oldid=1052601537,matched_gics
2021-10-31,AMAT,Applied Materials,Information Technology,Semiconductors & Semiconductor Equipment,Semiconductors & Semiconductor Equipment,Semiconductor Equipment,1052601537.0,2021-10-30T02:53:07Z,https://en.wikipedia.org/w/index.php?oldid=1052601537,matched_gics
2021-10-31,AMD,Advanced Micro Devices,Information Technology,Semiconductors & Semiconductor Equipment,Semiconductors & Semiconductor Equipment,Semiconductors,1052601537.0,2021-10-30T02:53:07Z,https://en.wikipedia.org/w/index.php?oldid=1052601537,matched_gics
2021-10-31,AMGN,Amgen,Health Care,"Pharmaceuticals, Biotechnology & Life Sciences",Biotechnology,Biotechnology,1052601537.0,2021-10-30T02:53:07Z,https://en.wikipedia.org/w/index.php?oldid=1052601537,matched_gics
2021-10-31,AMZN,Amazon,Consumer Discretionary,Retailing,Internet & Direct Marketing Retail,Internet & Direct Marketing Retail,1052601537.0,2021-10-30T02:53:07Z,https://en.wikipedia.org/w/index.php?oldid=1052601537,matched_gics
2021-10-31,ANSS,Ansys,Information Technology,Software & Services,Software,Application Software,1052601537.0,2021-10-30T02:53:07Z,https://en.wikipedia.org/w/index.php?oldid=1052601537,matched_gics
2021-10-31,ASML,ASML HOLDING NV,,,,,,,,missing_gics
2021-10-31,AVGO,Broadcom,Information Technology,Semiconductors & Semiconductor Equipment,Semiconductors & Semiconductor Equipment,Semiconductors,1052601537.0,2021-10-30T02:53:07Z,https://en.wikipedia.org/w/index.php?oldid=1052601537,matched_gics
2021-10-31,AZN,ASTRAZENECA PLC,,,,,,,,missing_gics
2021-10-31,BIDU,"Baidu, Inc.",,,,,,,,missing_gics
2021-10-31,BIIB,Biogen,Health Care,"Pharmaceuticals, Biotechnology & Life Sciences",Biotechnology,Biotechnology,1052601537.0,2021-10-30T02:53:07Z,https://en.wikipedia.org/w/index.php?oldid=1052601537,matched_gics
2021-10-31,BKNG,Booking Holdings,Consumer Discretionary,Retailing,Internet & Direct Marketing Retail,Internet & Direct Marketing Retail,1052601537.0,2021-10-30T02:53:07Z,https://en.wikipedia.org/w/index.php?oldid=1052601537,matched_gics
2021-10-31,CDNS,Cadence Design Systems,Information Technology,Software & Services,Software,Application Software,1052601537.0,2021-10-30T02:53:07Z,https://en.wikipedia.org/w/index.php?oldid=1052601537,matched_gics
2021-10-31,CEG,Constellation Energy Corp,,,,,,,,missing_gics
2021-10-31,CHTR,Charter Communications,Communication Services,Media,Media,Cable & Satellite,1052601537.0,2021-10-30T02:53:07Z,https://en.wikipedia.org/w/index.php?oldid=1052601537,matched_gics
2021-10-31,CMCSA,Comcast,Communication Services,Media,Media,Cable & Satellite,1052601537.0,2021-10-30T02:53:07Z,https://en.wikipedia.org/w/index.php?oldid=1052601537,matched_gics
2021-10-31,COST,Costco,Consumer Staples,Food & Staples Retailing,Food & Staples Retailing,Hypermarkets & Super Centers,1052601537.0,2021-10-30T02:53:07Z,https://en.wikipedia.org/w/index.php?oldid=1052601537,matched_gics
2021-10-31,CPRT,Copart,Industrials,Commercial & Professional Services,Commercial Services & Supplies,Diversified Support Services,1052601537.0,2021-10-30T02:53:07Z,https://en.wikipedia.org/w/index.php?oldid=1052601537,matched_gics
2021-10-31,CRWD,"CrowdStrike Holdings, Inc.",,,,,,,,missing_gics
2021-10-31,CSCO,Cisco Systems,Information Technology,Technology Hardware & Equipment,Communications Equipment,Communications Equipment,1052601537.0,2021-10-30T02:53:07Z,https://en.wikipedia.org/w/index.php?oldid=1052601537,matched_gics
2021-10-31,CSX,CSX,Industrials,Transportation,Road & Rail,Railroads,1052601537.0,2021-10-30T02:53:07Z,https://en.wikipedia.org/w/index.php?oldid=1052601537,matched_gics
2021-10-31,CTAS,Cintas Corporation,Industrials,Commercial & Professional Services,Commercial Services & Supplies,Diversified Support Services,1052601537.0,2021-10-30T02:53:07Z,https://en.wikipedia.org/w/index.php?oldid=1052601537,matched_gics
2021-10-31,CTSH,Cognizant Technology Solutions,Information Technology,Software & Services,IT Services,IT Consulting & Other Services,1052601537.0,2021-10-30T02:53:07Z,https://en.wikipedia.org/w/index.php?oldid=1052601537,matched_gics
2021-10-31,DDOG,"Datadog, Inc.",,,,,,,,missing_gics
2021-10-31,DLTR,Dollar Tree,Consumer Discretionary,Retailing,Multiline Retail,General Merchandise Stores,1052601537.0,2021-10-30T02:53:07Z,https://en.wikipedia.org/w/index.php?oldid=1052601537,matched_gics
2021-10-31,DOCU,"DOCUSIGN, INC.",,,,,,,,missing_gics
2021-10-31,DXCM,DexCom,Health Care,Health Care Equipment & Services,Health Care Equipment & Supplies,Health Care Equipment,1052601537.0,2021-10-30T02:53:07Z,https://en.wikipedia.org/w/index.php?oldid=1052601537,matched_gics
2021-10-31,EA,Electronic Arts,Communication Services,Media & Entertainment,Entertainment,Interactive Home Entertainment,1052601537.0,2021-10-30T02:53:07Z,https://en.wikipedia.org/w/index.php?oldid=1052601537,matched_gics
2021-10-31,EBAY,eBay,Consumer Discretionary,Retailing,Internet & Direct Marketing Retail,Internet & Direct Marketing Retail,1052601537.0,2021-10-30T02:53:07Z,https://en.wikipedia.org/w/index.php?oldid=1052601537,matched_gics
2021-10-31,ENPH,Enphase Energy,Information Technology,Technology Hardware & Equipment,"Electronic Equipment, Instruments & Components",Electronic Components,1052601537.0,2021-10-30T02:53:07Z,https://en.wikipedia.org/w/index.php?oldid=1052601537,matched_gics
2021-10-31,EXC,Exelon,Utilities,Utilities,Multi-Utilities,Multi-Utilities,1052601537.0,2021-10-30T02:53:07Z,https://en.wikipedia.org/w/index.php?oldid=1052601537,matched_gics
2021-10-31,FAST,Fastenal,Industrials,Capital Goods,Building Products,Building Products,1052601537.0,2021-10-30T02:53:07Z,https://en.wikipedia.org/w/index.php?oldid=1052601537,matched_gics
2021-10-31,FTNT,Fortinet,Information Technology,Software & Services,Software,Systems Software,1052601537.0,2021-10-30T02:53:07Z,https://en.wikipedia.org/w/index.php?oldid=1052601537,matched_gics
2021-10-31,GEHC,GE HealthCare Technologies Inc.,,,,,,,,missing_gics
2021-10-31,GILD,Gilead Sciences,Health Care,"Pharmaceuticals, Biotechnology & Life Sciences",Biotechnology,Biotechnology,1052601537.0,2021-10-30T02:53:07Z,https://en.wikipedia.org/w/index.php?oldid=1052601537,matched_gics
2021-10-31,GOOG,Alphabet (Class C),Communication Services,Media & Entertainment,Interactive Media & Services,Interactive Media & Services,1052601537.0,2021-10-30T02:53:07Z,https://en.wikipedia.org/w/index.php?oldid=1052601537,matched_gics
2021-10-31,GOOGL,Alphabet (Class A),Communication Services,Media & Entertainment,Interactive Media & Services,Interactive Media & Services,1052601537.0,2021-10-30T02:53:07Z,https://en.wikipedia.org/w/index.php?oldid=1052601537,matched_gics
2021-10-31,HON,Honeywell,Industrials,Capital Goods,Industrial Conglomerates,Industrial Conglomerates,1052601537.0,2021-10-30T02:53:07Z,https://en.wikipedia.org/w/index.php?oldid=1052601537,matched_gics
2021-10-31,IDXX,Idexx Laboratories,Health Care,Health Care Equipment & Services,Health Care Equipment & Supplies,Health Care Equipment,1052601537.0,2021-10-30T02:53:07Z,https://en.wikipedia.org/w/index.php?oldid=1052601537,matched_gics
2021-10-31,ILMN,Illumina,Health Care,"Pharmaceuticals, Biotechnology & Life Sciences",Life Sciences Tools & Services,Life Sciences Tools & Services,1052601537.0,2021-10-30T02:53:07Z,https://en.wikipedia.org/w/index.php?oldid=1052601537,matched_gics
2021-10-31,INTC,Intel,Information Technology,Semiconductors & Semiconductor Equipment,Semiconductors & Semiconductor Equipment,Semiconductors,1052601537.0,2021-10-30T02:53:07Z,https://en.wikipedia.org/w/index.php?oldid=1052601537,matched_gics
2021-10-31,INTU,Intuit,Information Technology,Software & Services,Software,Application Software,1052601537.0,2021-10-30T02:53:07Z,https://en.wikipedia.org/w/index.php?oldid=1052601537,matched_gics
2021-10-31,ISRG,Intuitive Surgical,Health Care,Health Care Equipment & Services,Health Care Equipment & Supplies,Health Care Equipment,1052601537.0,2021-10-30T02:53:07Z,https://en.wikipedia.org/w/index.php?oldid=1052601537,matched_gics
2021-10-31,JD,"JD.com, Inc.",,,,,,,,missing_gics
2021-10-31,KDP,Keurig Dr Pepper Inc.,,,,,,,,missing_gics
2021-10-31,KHC,Kraft Heinz,Consumer Staples,"Food, Beverage & Tobacco",Food Products,Packaged Foods & Meats,1052601537.0,2021-10-30T02:53:07Z,https://en.wikipedia.org/w/index.php?oldid=1052601537,matched_gics
2021-10-31,KLAC,KLA Corporation,Information Technology,Semiconductors & Semiconductor Equipment,Semiconductors & Semiconductor Equipment,Semiconductor Equipment,1052601537.0,2021-10-30T02:53:07Z,https://en.wikipedia.org/w/index.php?oldid=1052601537,matched_gics
2021-10-31,LCID,"Lucid Group, Inc.",,,,,,,,missing_gics
2021-10-31,LRCX,Lam Research,Information Technology,Semiconductors & Semiconductor Equipment,Semiconductors & Semiconductor Equipment,Semiconductor Equipment,1052601537.0,2021-10-30T02:53:07Z,https://en.wikipedia.org/w/index.php?oldid=1052601537,matched_gics
2021-10-31,LULU,lululemon athletica inc.,,,,,,,,missing_gics
2021-10-31,MAR,Marriott International,Consumer Discretionary,Consumer Services,"Hotels, Restaurants & Leisure","Hotels, Resorts & Cruise Lines",1052601537.0,2021-10-30T02:53:07Z,https://en.wikipedia.org/w/index.php?oldid=1052601537,matched_gics
2021-10-31,MCHP,Microchip Technology,Information Technology,Semiconductors & Semiconductor Equipment,Semiconductors & Semiconductor Equipment,Semiconductors,1052601537.0,2021-10-30T02:53:07Z,https://en.wikipedia.org/w/index.php?oldid=1052601537,matched_gics
2021-10-31,MDLZ,Mondelez International,Consumer Staples,"Food, Beverage & Tobacco",Food Products,Packaged Foods & Meats,1052601537.0,2021-10-30T02:53:07Z,https://en.wikipedia.org/w/index.php?oldid=1052601537,matched_gics
2021-10-31,MELI,MERCADOLIBRE INC,,,,,,,,missing_gics
2021-10-31,META,Facebook,Communication Services,Media & Entertainment,Interactive Media & Services,Interactive Media & Services,1052601537.0,2021-10-30T02:53:07Z,https://en.wikipedia.org/w/index.php?oldid=1052601537|historical_ticker_alias:FB->META,matched_gics
2021-10-31,MNST,Monster Beverage,Consumer Staples,"Food, Beverage & Tobacco",Beverages,Soft Drinks,1052601537.0,2021-10-30T02:53:07Z,https://en.wikipedia.org/w/index.php?oldid=1052601537,matched_gics
2021-10-31,MRNA,Moderna,Health Care,"Pharmaceuticals, Biotechnology & Life Sciences",Biotechnology,Biotechnology,1052601537.0,2021-10-30T02:53:07Z,https://en.wikipedia.org/w/index.php?oldid=1052601537,matched_gics
2021-10-31,MRVL,"Marvell Technology, Inc.",,,,,,,,missing_gics
2021-10-31,MSFT,Microsoft,Information Technology,Software & Services,Software,Systems Software,1052601537.0,2021-10-30T02:53:07Z,https://en.wikipedia.org/w/index.php?oldid=1052601537,matched_gics
2021-10-31,MTCH,Match Group,Communication Services,Media & Entertainment,Interactive Media & Services,Interactive Media & Services,1052601537.0,2021-10-30T02:53:07Z,https://en.wikipedia.org/w/index.php?oldid=1052601537,matched_gics
2021-10-31,MU,Micron Technology,Information Technology,Semiconductors & Semiconductor Equipment,Semiconductors & Semiconductor Equipment,Semiconductors,1052601537.0,2021-10-30T02:53:07Z,https://en.wikipedia.org/w/index.php?oldid=1052601537,matched_gics
2021-10-31,NFLX,Netflix,Communication Services,Media & Entertainment,Entertainment,Movies & Entertainment,1052601537.0,2021-10-30T02:53:07Z,https://en.wikipedia.org/w/index.php?oldid=1052601537,matched_gics
2021-10-31,NTES,"NetEase, Inc.",,,,,,,,missing_gics
2021-10-31,NVDA,Nvidia,Information Technology,Semiconductors & Semiconductor Equipment,Semiconductors & Semiconductor Equipment,Semiconductors,1052601537.0,2021-10-30T02:53:07Z,https://en.wikipedia.org/w/index.php?oldid=1052601537,matched_gics
2021-10-31,NXPI,NXP,Information Technology,Semiconductors & Semiconductor Equipment,Semiconductors & Semiconductor Equipment,Semiconductors,1052601537.0,2021-10-30T02:53:07Z,https://en.wikipedia.org/w/index.php?oldid=1052601537,matched_gics
2021-10-31,ODFL,Old Dominion Freight Line,Industrials,Transportation,Road & Rail,Trucking,1052601537.0,2021-10-30T02:53:07Z,https://en.wikipedia.org/w/index.php?oldid=1052601537,matched_gics
2021-10-31,ON,ON SEMICONDUCTOR CORP,,,,,,,,missing_gics
2021-10-31,ORLY,O'Reilly Automotive,Consumer Discretionary,Retailing,Specialty Retail,Specialty Stores,1052601537.0,2021-10-30T02:53:07Z,https://en.wikipedia.org/w/index.php?oldid=1052601537,matched_gics
2021-10-31,PANW,Palo Alto Networks Inc,,,,,,,,missing_gics
2021-10-31,PAYX,Paychex,Information Technology,Software & Services,IT Services,Data Processing & Outsourced Services,1052601537.0,2021-10-30T02:53:07Z,https://en.wikipedia.org/w/index.php?oldid=1052601537,matched_gics
2021-10-31,PCAR,Paccar,Industrials,Capital Goods,Machinery,Construction Machinery & Heavy Trucks,1052601537.0,2021-10-30T02:53:07Z,https://en.wikipedia.org/w/index.php?oldid=1052601537,matched_gics
2021-10-31,PDD,PDD Holdings Inc.,,,,,,,,missing_gics
2021-10-31,PEP,PepsiCo,Consumer Staples,"Food, Beverage & Tobacco",Beverages,Soft Drinks,1052601537.0,2021-10-30T02:53:07Z,https://en.wikipedia.org/w/index.php?oldid=1052601537,matched_gics
2021-10-31,PYPL,PayPal,Information Technology,Software & Services,IT Services,Data Processing & Outsourced Services,1052601537.0,2021-10-30T02:53:07Z,https://en.wikipedia.org/w/index.php?oldid=1052601537,matched_gics
2021-10-31,QCOM,Qualcomm,Information Technology,Semiconductors & Semiconductor Equipment,Semiconductors & Semiconductor Equipment,Semiconductors,1052601537.0,2021-10-30T02:53:07Z,https://en.wikipedia.org/w/index.php?oldid=1052601537,matched_gics
2021-10-31,REGN,Regeneron Pharmaceuticals,Health Care,"Pharmaceuticals, Biotechnology & Life Sciences",Biotechnology,Biotechnology,1052601537.0,2021-10-30T02:53:07Z,https://en.wikipedia.org/w/index.php?oldid=1052601537,matched_gics
2021-10-31,ROST,Ross Stores,Consumer Discretionary,Retailing,Specialty Retail,Apparel Retail,1052601537.0,2021-10-30T02:53:07Z,https://en.wikipedia.org/w/index.php?oldid=1052601537,matched_gics
2021-10-31,SBUX,Starbucks,Consumer Discretionary,Consumer Services,"Hotels, Restaurants & Leisure",Restaurants,1052601537.0,2021-10-30T02:53:07Z,https://en.wikipedia.org/w/index.php?oldid=1052601537,matched_gics
2021-10-31,SGEN,Seagen Inc.,,,,,,,,missing_gics
2021-10-31,SIRI,SIRIUS XM HOLDINGS INC.,,,,,,,,missing_gics
2021-10-31,SNPS,Synopsys,Information Technology,Software & Services,Software,Application Software,1052601537.0,2021-10-30T02:53:07Z,https://en.wikipedia.org/w/index.php?oldid=1052601537,matched_gics
2021-10-31,SPLK,Splunk Inc.,,,,,,,,missing_gics
2021-10-31,SWKS,Skyworks Solutions,Information Technology,Semiconductors & Semiconductor Equipment,Semiconductors & Semiconductor Equipment,Semiconductors,1052601537.0,2021-10-30T02:53:07Z,https://en.wikipedia.org/w/index.php?oldid=1052601537,matched_gics
2021-10-31,TEAM,Atlassian Corp,,,,,,,,missing_gics
2021-10-31,TMUS,T-Mobile US,Communication Services,Telecommunication Services,Wireless Telecommunication Services,Wireless Telecommunication Services,1052601537.0,2021-10-30T02:53:07Z,https://en.wikipedia.org/w/index.php?oldid=1052601537,matched_gics
2021-10-31,TSLA,Tesla,Consumer Discretionary,Automobiles & Components,Automobiles,Automobile Manufacturers,1052601537.0,2021-10-30T02:53:07Z,https://en.wikipedia.org/w/index.php?oldid=1052601537,matched_gics
2021-10-31,TTD,"Trade Desk, Inc.",,,,,,,,missing_gics
2021-10-31,TXN,Texas Instruments,Information Technology,Semiconductors & Semiconductor Equipment,Semiconductors & Semiconductor Equipment,Semiconductors,1052601537.0,2021-10-30T02:53:07Z,https://en.wikipedia.org/w/index.php?oldid=1052601537,matched_gics
2021-10-31,VRSK,Verisk Analytics,Industrials,Commercial & Professional Services,Professional Services,Research & Consulting Services,1052601537.0,2021-10-30T02:53:07Z,https://en.wikipedia.org/w/index.php?oldid=1052601537,matched_gics
2021-10-31,VRSN,Verisign,Information Technology,Software & Services,IT Services,Internet Services & Infrastructure,1052601537.0,2021-10-30T02:53:07Z,https://en.wikipedia.org/w/index.php?oldid=1052601537,matched_gics
2021-10-31,VRTX,Vertex Pharmaceuticals,Health Care,"Pharmaceuticals, Biotechnology & Life Sciences",Biotechnology,Biotechnology,1052601537.0,2021-10-30T02:53:07Z,https://en.wikipedia.org/w/index.php?oldid=1052601537,matched_gics
2021-10-31,WBA,Walgreens Boots Alliance,Consumer Staples,Food & Staples Retailing,Food & Staples Retailing,Drug Retail,1052601537.0,2021-10-30T02:53:07Z,https://en.wikipedia.org/w/index.php?oldid=1052601537,matched_gics
2021-10-31,WDAY,"Workday, Inc.",,,,,,,,missing_gics
2021-10-31,XEL,Xcel Energy,Utilities,Utilities,Multi-Utilities,Multi-Utilities,1052601537.0,2021-10-30T02:53:07Z,https://en.wikipedia.org/w/index.php?oldid=1052601537,matched_gics
2021-10-31,ZM,"Zoom Communications, Inc.",,,,,,,,missing_gics
2021-10-31,ZS,"Zscaler, Inc.",,,,,,,,missing_gics
2021-11-30,AAPL,Apple,Information Technology,Technology Hardware & Equipment,"Technology Hardware, Storage & Peripherals","Technology Hardware, Storage & Peripherals",1057954438.0,2021-11-30T16:42:06Z,https://en.wikipedia.org/w/index.php?oldid=1057954438,matched_gics
2021-11-30,ABNB,"Airbnb, Inc.",,,,,,,,missing_gics
2021-11-30,ADBE,Adobe,Information Technology,Software & Services,Software,Application Software,1057954438.0,2021-11-30T16:42:06Z,https://en.wikipedia.org/w/index.php?oldid=1057954438,matched_gics
2021-11-30,ADI,Analog Devices,Information Technology,Semiconductors & Semiconductor Equipment,Semiconductors & Semiconductor Equipment,Semiconductors,1057954438.0,2021-11-30T16:42:06Z,https://en.wikipedia.org/w/index.php?oldid=1057954438,matched_gics
2021-11-30,ADP,Automatic Data Processing,Information Technology,Software & Services,IT Services,Data Processing & Outsourced Services,1057954438.0,2021-11-30T16:42:06Z,https://en.wikipedia.org/w/index.php?oldid=1057954438,matched_gics
2021-11-30,ADSK,Autodesk,Information Technology,Software & Services,Software,Application Software,1057954438.0,2021-11-30T16:42:06Z,https://en.wikipedia.org/w/index.php?oldid=1057954438,matched_gics
2021-11-30,AEP,American Electric Power,Utilities,Utilities,Electric Utilities,Electric Utilities,1057954438.0,2021-11-30T16:42:06Z,https://en.wikipedia.org/w/index.php?oldid=1057954438,matched_gics
2021-11-30,ALGN,Align Technology,Health Care,Health Care Equipment & Services,Health Care Equipment & Supplies,Health Care Supplies,1057954438.0,2021-11-30T16:42:06Z,https://en.wikipedia.org/w/index.php?oldid=1057954438,matched_gics
2021-11-30,AMAT,Applied Materials,Information Technology,Semiconductors & Semiconductor Equipment,Semiconductors & Semiconductor Equipment,Semiconductor Equipment,1057954438.0,2021-11-30T16:42:06Z,https://en.wikipedia.org/w/index.php?oldid=1057954438,matched_gics
2021-11-30,AMD,Advanced Micro Devices,Information Technology,Semiconductors & Semiconductor Equipment,Semiconductors & Semiconductor Equipment,Semiconductors,1057954438.0,2021-11-30T16:42:06Z,https://en.wikipedia.org/w/index.php?oldid=1057954438,matched_gics
2021-11-30,AMGN,Amgen,Health Care,"Pharmaceuticals, Biotechnology & Life Sciences",Biotechnology,Biotechnology,1057954438.0,2021-11-30T16:42:06Z,https://en.wikipedia.org/w/index.php?oldid=1057954438,matched_gics
2021-11-30,AMZN,Amazon,Consumer Discretionary,Retailing,Internet & Direct Marketing Retail,Internet & Direct Marketing Retail,1057954438.0,2021-11-30T16:42:06Z,https://en.wikipedia.org/w/index.php?oldid=1057954438,matched_gics
2021-11-30,ANSS,Ansys,Information Technology,Software & Services,Software,Application Software,1057954438.0,2021-11-30T16:42:06Z,https://en.wikipedia.org/w/index.php?oldid=1057954438,matched_gics
2021-11-30,ASML,ASML HOLDING NV,,,,,,,,missing_gics
2021-11-30,AVGO,Broadcom,Information Technology,Semiconductors & Semiconductor Equipment,Semiconductors & Semiconductor Equipment,Semiconductors,1057954438.0,2021-11-30T16:42:06Z,https://en.wikipedia.org/w/index.php?oldid=1057954438,matched_gics
2021-11-30,AZN,ASTRAZENECA PLC,,,,,,,,missing_gics
2021-11-30,BIDU,"Baidu, Inc.",,,,,,,,missing_gics
2021-11-30,BIIB,Biogen,Health Care,"Pharmaceuticals, Biotechnology & Life Sciences",Biotechnology,Biotechnology,1057954438.0,2021-11-30T16:42:06Z,https://en.wikipedia.org/w/index.php?oldid=1057954438,matched_gics
2021-11-30,BKNG,Booking Holdings,Consumer Discretionary,Retailing,Internet & Direct Marketing Retail,Internet & Direct Marketing Retail,1057954438.0,2021-11-30T16:42:06Z,https://en.wikipedia.org/w/index.php?oldid=1057954438,matched_gics
2021-11-30,CDNS,Cadence Design Systems,Information Technology,Software & Services,Software,Application Software,1057954438.0,2021-11-30T16:42:06Z,https://en.wikipedia.org/w/index.php?oldid=1057954438,matched_gics
2021-11-30,CEG,Constellation Energy Corp,,,,,,,,missing_gics
2021-11-30,CHTR,Charter Communications,Communication Services,Media,Media,Cable & Satellite,1057954438.0,2021-11-30T16:42:06Z,https://en.wikipedia.org/w/index.php?oldid=1057954438,matched_gics
2021-11-30,CMCSA,Comcast,Communication Services,Media,Media,Cable & Satellite,1057954438.0,2021-11-30T16:42:06Z,https://en.wikipedia.org/w/index.php?oldid=1057954438,matched_gics
2021-11-30,COST,Costco,Consumer Staples,Food & Staples Retailing,Food & Staples Retailing,Hypermarkets & Super Centers,1057954438.0,2021-11-30T16:42:06Z,https://en.wikipedia.org/w/index.php?oldid=1057954438,matched_gics
2021-11-30,CPRT,Copart,Industrials,Commercial & Professional Services,Commercial Services & Supplies,Diversified Support Services,1057954438.0,2021-11-30T16:42:06Z,https://en.wikipedia.org/w/index.php?oldid=1057954438,matched_gics
2021-11-30,CRWD,"CrowdStrike Holdings, Inc.",,,,,,,,missing_gics
2021-11-30,CSCO,Cisco Systems,Information Technology,Technology Hardware & Equipment,Communications Equipment,Communications Equipment,1057954438.0,2021-11-30T16:42:06Z,https://en.wikipedia.org/w/index.php?oldid=1057954438,matched_gics
2021-11-30,CSX,CSX,Industrials,Transportation,Road & Rail,Railroads,1057954438.0,2021-11-30T16:42:06Z,https://en.wikipedia.org/w/index.php?oldid=1057954438,matched_gics
2021-11-30,CTAS,Cintas Corporation,Industrials,Commercial & Professional Services,Commercial Services & Supplies,Diversified Support Services,1057954438.0,2021-11-30T16:42:06Z,https://en.wikipedia.org/w/index.php?oldid=1057954438,matched_gics
2021-11-30,CTSH,Cognizant Technology Solutions,Information Technology,Software & Services,IT Services,IT Consulting & Other Services,1057954438.0,2021-11-30T16:42:06Z,https://en.wikipedia.org/w/index.php?oldid=1057954438,matched_gics
2021-11-30,DDOG,"Datadog, Inc.",,,,,,,,missing_gics
2021-11-30,DLTR,Dollar Tree,Consumer Discretionary,Retailing,Multiline Retail,General Merchandise Stores,1057954438.0,2021-11-30T16:42:06Z,https://en.wikipedia.org/w/index.php?oldid=1057954438,matched_gics
2021-11-30,DOCU,"DOCUSIGN, INC.",,,,,,,,missing_gics
2021-11-30,DXCM,DexCom,Health Care,Health Care Equipment & Services,Health Care Equipment & Supplies,Health Care Equipment,1057954438.0,2021-11-30T16:42:06Z,https://en.wikipedia.org/w/index.php?oldid=1057954438,matched_gics
2021-11-30,EA,Electronic Arts,Communication Services,Media & Entertainment,Entertainment,Interactive Home Entertainment,1057954438.0,2021-11-30T16:42:06Z,https://en.wikipedia.org/w/index.php?oldid=1057954438,matched_gics
2021-11-30,EBAY,eBay,Consumer Discretionary,Retailing,Internet & Direct Marketing Retail,Internet & Direct Marketing Retail,1057954438.0,2021-11-30T16:42:06Z,https://en.wikipedia.org/w/index.php?oldid=1057954438,matched_gics
2021-11-30,ENPH,Enphase Energy,Information Technology,Technology Hardware & Equipment,"Electronic Equipment, Instruments & Components",Electronic Components,1057954438.0,2021-11-30T16:42:06Z,https://en.wikipedia.org/w/index.php?oldid=1057954438,matched_gics
2021-11-30,EXC,Exelon,Utilities,Utilities,Multi-Utilities,Multi-Utilities,1057954438.0,2021-11-30T16:42:06Z,https://en.wikipedia.org/w/index.php?oldid=1057954438,matched_gics
2021-11-30,FAST,Fastenal,Industrials,Capital Goods,Building Products,Building Products,1057954438.0,2021-11-30T16:42:06Z,https://en.wikipedia.org/w/index.php?oldid=1057954438,matched_gics
2021-11-30,FTNT,Fortinet,Information Technology,Software & Services,Software,Systems Software,1057954438.0,2021-11-30T16:42:06Z,https://en.wikipedia.org/w/index.php?oldid=1057954438,matched_gics
2021-11-30,GEHC,GE HealthCare Technologies Inc.,,,,,,,,missing_gics
2021-11-30,GILD,Gilead Sciences,Health Care,"Pharmaceuticals, Biotechnology & Life Sciences",Biotechnology,Biotechnology,1057954438.0,2021-11-30T16:42:06Z,https://en.wikipedia.org/w/index.php?oldid=1057954438,matched_gics
2021-11-30,GOOG,Alphabet (Class C),Communication Services,Media & Entertainment,Interactive Media & Services,Interactive Media & Services,1057954438.0,2021-11-30T16:42:06Z,https://en.wikipedia.org/w/index.php?oldid=1057954438,matched_gics
2021-11-30,GOOGL,Alphabet (Class A),Communication Services,Media & Entertainment,Interactive Media & Services,Interactive Media & Services,1057954438.0,2021-11-30T16:42:06Z,https://en.wikipedia.org/w/index.php?oldid=1057954438,matched_gics
2021-11-30,HON,Honeywell,Industrials,Capital Goods,Industrial Conglomerates,Industrial Conglomerates,1057954438.0,2021-11-30T16:42:06Z,https://en.wikipedia.org/w/index.php?oldid=1057954438,matched_gics
2021-11-30,IDXX,Idexx Laboratories,Health Care,Health Care Equipment & Services,Health Care Equipment & Supplies,Health Care Equipment,1057954438.0,2021-11-30T16:42:06Z,https://en.wikipedia.org/w/index.php?oldid=1057954438,matched_gics
2021-11-30,ILMN,Illumina,Health Care,"Pharmaceuticals, Biotechnology & Life Sciences",Life Sciences Tools & Services,Life Sciences Tools & Services,1057954438.0,2021-11-30T16:42:06Z,https://en.wikipedia.org/w/index.php?oldid=1057954438,matched_gics
2021-11-30,INTC,Intel,Information Technology,Semiconductors & Semiconductor Equipment,Semiconductors & Semiconductor Equipment,Semiconductors,1057954438.0,2021-11-30T16:42:06Z,https://en.wikipedia.org/w/index.php?oldid=1057954438,matched_gics
2021-11-30,INTU,Intuit,Information Technology,Software & Services,Software,Application Software,1057954438.0,2021-11-30T16:42:06Z,https://en.wikipedia.org/w/index.php?oldid=1057954438,matched_gics
2021-11-30,ISRG,Intuitive Surgical,Health Care,Health Care Equipment & Services,Health Care Equipment & Supplies,Health Care Equipment,1057954438.0,2021-11-30T16:42:06Z,https://en.wikipedia.org/w/index.php?oldid=1057954438,matched_gics
2021-11-30,JD,"JD.com, Inc.",,,,,,,,missing_gics
2021-11-30,KDP,Keurig Dr Pepper Inc.,,,,,,,,missing_gics
2021-11-30,KHC,Kraft Heinz,Consumer Staples,"Food, Beverage & Tobacco",Food Products,Packaged Foods & Meats,1057954438.0,2021-11-30T16:42:06Z,https://en.wikipedia.org/w/index.php?oldid=1057954438,matched_gics
2021-11-30,KLAC,KLA Corporation,Information Technology,Semiconductors & Semiconductor Equipment,Semiconductors & Semiconductor Equipment,Semiconductor Equipment,1057954438.0,2021-11-30T16:42:06Z,https://en.wikipedia.org/w/index.php?oldid=1057954438,matched_gics
2021-11-30,LCID,"Lucid Group, Inc.",,,,,,,,missing_gics
2021-11-30,LRCX,Lam Research,Information Technology,Semiconductors & Semiconductor Equipment,Semiconductors & Semiconductor Equipment,Semiconductor Equipment,1057954438.0,2021-11-30T16:42:06Z,https://en.wikipedia.org/w/index.php?oldid=1057954438,matched_gics
2021-11-30,LULU,lululemon athletica inc.,,,,,,,,missing_gics
2021-11-30,MAR,Marriott International,Consumer Discretionary,Consumer Services,"Hotels, Restaurants & Leisure","Hotels, Resorts & Cruise Lines",1057954438.0,2021-11-30T16:42:06Z,https://en.wikipedia.org/w/index.php?oldid=1057954438,matched_gics
2021-11-30,MCHP,Microchip Technology,Information Technology,Semiconductors & Semiconductor Equipment,Semiconductors & Semiconductor Equipment,Semiconductors,1057954438.0,2021-11-30T16:42:06Z,https://en.wikipedia.org/w/index.php?oldid=1057954438,matched_gics
2021-11-30,MDLZ,Mondelez International,Consumer Staples,"Food, Beverage & Tobacco",Food Products,Packaged Foods & Meats,1057954438.0,2021-11-30T16:42:06Z,https://en.wikipedia.org/w/index.php?oldid=1057954438,matched_gics
2021-11-30,MELI,MERCADOLIBRE INC,,,,,,,,missing_gics
2021-11-30,META,Meta Platforms,Communication Services,Media & Entertainment,Interactive Media & Services,Interactive Media & Services,1057954438.0,2021-11-30T16:42:06Z,https://en.wikipedia.org/w/index.php?oldid=1057954438|historical_ticker_alias:FB->META,matched_gics
2021-11-30,MNST,Monster Beverage,Consumer Staples,"Food, Beverage & Tobacco",Beverages,Soft Drinks,1057954438.0,2021-11-30T16:42:06Z,https://en.wikipedia.org/w/index.php?oldid=1057954438,matched_gics
2021-11-30,MRNA,Moderna,Health Care,"Pharmaceuticals, Biotechnology & Life Sciences",Biotechnology,Biotechnology,1057954438.0,2021-11-30T16:42:06Z,https://en.wikipedia.org/w/index.php?oldid=1057954438,matched_gics
2021-11-30,MRVL,"Marvell Technology, Inc.",,,,,,,,missing_gics
2021-11-30,MSFT,Microsoft,Information Technology,Software & Services,Software,Systems Software,1057954438.0,2021-11-30T16:42:06Z,https://en.wikipedia.org/w/index.php?oldid=1057954438,matched_gics
2021-11-30,MTCH,Match Group,Communication Services,Media & Entertainment,Interactive Media & Services,Interactive Media & Services,1057954438.0,2021-11-30T16:42:06Z,https://en.wikipedia.org/w/index.php?oldid=1057954438,matched_gics
2021-11-30,MU,Micron Technology,Information Technology,Semiconductors & Semiconductor Equipment,Semiconductors & Semiconductor Equipment,Semiconductors,1057954438.0,2021-11-30T16:42:06Z,https://en.wikipedia.org/w/index.php?oldid=1057954438,matched_gics
2021-11-30,NFLX,Netflix,Communication Services,Media & Entertainment,Entertainment,Movies & Entertainment,1057954438.0,2021-11-30T16:42:06Z,https://en.wikipedia.org/w/index.php?oldid=1057954438,matched_gics
2021-11-30,NTES,"NetEase, Inc.",,,,,,,,missing_gics
2021-11-30,NVDA,Nvidia,Information Technology,Semiconductors & Semiconductor Equipment,Semiconductors & Semiconductor Equipment,Semiconductors,1057954438.0,2021-11-30T16:42:06Z,https://en.wikipedia.org/w/index.php?oldid=1057954438,matched_gics
2021-11-30,NXPI,NXP,Information Technology,Semiconductors & Semiconductor Equipment,Semiconductors & Semiconductor Equipment,Semiconductors,1057954438.0,2021-11-30T16:42:06Z,https://en.wikipedia.org/w/index.php?oldid=1057954438,matched_gics
2021-11-30,ODFL,Old Dominion Freight Line,Industrials,Transportation,Road & Rail,Trucking,1057954438.0,2021-11-30T16:42:06Z,https://en.wikipedia.org/w/index.php?oldid=1057954438,matched_gics
2021-11-30,ON,ON SEMICONDUCTOR CORP,,,,,,,,missing_gics
2021-11-30,ORLY,O'Reilly Automotive,Consumer Discretionary,Retailing,Specialty Retail,Specialty Stores,1057954438.0,2021-11-30T16:42:06Z,https://en.wikipedia.org/w/index.php?oldid=1057954438,matched_gics
2021-11-30,PANW,Palo Alto Networks Inc,,,,,,,,missing_gics
2021-11-30,PAYX,Paychex,Information Technology,Software & Services,IT Services,Data Processing & Outsourced Services,1057954438.0,2021-11-30T16:42:06Z,https://en.wikipedia.org/w/index.php?oldid=1057954438,matched_gics
2021-11-30,PCAR,Paccar,Industrials,Capital Goods,Machinery,Construction Machinery & Heavy Trucks,1057954438.0,2021-11-30T16:42:06Z,https://en.wikipedia.org/w/index.php?oldid=1057954438,matched_gics
2021-11-30,PDD,PDD Holdings Inc.,,,,,,,,missing_gics
2021-11-30,PEP,PepsiCo,Consumer Staples,"Food, Beverage & Tobacco",Beverages,Soft Drinks,1057954438.0,2021-11-30T16:42:06Z,https://en.wikipedia.org/w/index.php?oldid=1057954438,matched_gics
2021-11-30,PYPL,PayPal,Information Technology,Software & Services,IT Services,Data Processing & Outsourced Services,1057954438.0,2021-11-30T16:42:06Z,https://en.wikipedia.org/w/index.php?oldid=1057954438,matched_gics
2021-11-30,QCOM,Qualcomm,Information Technology,Semiconductors & Semiconductor Equipment,Semiconductors & Semiconductor Equipment,Semiconductors,1057954438.0,2021-11-30T16:42:06Z,https://en.wikipedia.org/w/index.php?oldid=1057954438,matched_gics
2021-11-30,REGN,Regeneron Pharmaceuticals,Health Care,"Pharmaceuticals, Biotechnology & Life Sciences",Biotechnology,Biotechnology,1057954438.0,2021-11-30T16:42:06Z,https://en.wikipedia.org/w/index.php?oldid=1057954438,matched_gics
2021-11-30,ROST,Ross Stores,Consumer Discretionary,Retailing,Specialty Retail,Apparel Retail,1057954438.0,2021-11-30T16:42:06Z,https://en.wikipedia.org/w/index.php?oldid=1057954438,matched_gics
2021-11-30,SBUX,Starbucks,Consumer Discretionary,Consumer Services,"Hotels, Restaurants & Leisure",Restaurants,1057954438.0,2021-11-30T16:42:06Z,https://en.wikipedia.org/w/index.php?oldid=1057954438,matched_gics
2021-11-30,SGEN,Seagen Inc.,,,,,,,,missing_gics
2021-11-30,SIRI,SIRIUS XM HOLDINGS INC.,,,,,,,,missing_gics
2021-11-30,SNPS,Synopsys,Information Technology,Software & Services,Software,Application Software,1057954438.0,2021-11-30T16:42:06Z,https://en.wikipedia.org/w/index.php?oldid=1057954438,matched_gics
2021-11-30,SPLK,Splunk Inc.,,,,,,,,missing_gics
2021-11-30,SWKS,Skyworks Solutions,Information Technology,Semiconductors & Semiconductor Equipment,Semiconductors & Semiconductor Equipment,Semiconductors,1057954438.0,2021-11-30T16:42:06Z,https://en.wikipedia.org/w/index.php?oldid=1057954438,matched_gics
2021-11-30,TEAM,Atlassian Corp,,,,,,,,missing_gics
2021-11-30,TMUS,T-Mobile US,Communication Services,Telecommunication Services,Wireless Telecommunication Services,Wireless Telecommunication Services,1057954438.0,2021-11-30T16:42:06Z,https://en.wikipedia.org/w/index.php?oldid=1057954438,matched_gics
2021-11-30,TSLA,Tesla,Consumer Discretionary,Automobiles & Components,Automobiles,Automobile Manufacturers,1057954438.0,2021-11-30T16:42:06Z,https://en.wikipedia.org/w/index.php?oldid=1057954438,matched_gics
2021-11-30,TTD,"Trade Desk, Inc.",,,,,,,,missing_gics
2021-11-30,TXN,Texas Instruments,Information Technology,Semiconductors & Semiconductor Equipment,Semiconductors & Semiconductor Equipment,Semiconductors,1057954438.0,2021-11-30T16:42:06Z,https://en.wikipedia.org/w/index.php?oldid=1057954438,matched_gics
2021-11-30,VRSK,Verisk Analytics,Industrials,Commercial & Professional Services,Professional Services,Research & Consulting Services,1057954438.0,2021-11-30T16:42:06Z,https://en.wikipedia.org/w/index.php?oldid=1057954438,matched_gics
2021-11-30,VRSN,Verisign,Information Technology,Software & Services,IT Services,Internet Services & Infrastructure,1057954438.0,2021-11-30T16:42:06Z,https://en.wikipedia.org/w/index.php?oldid=1057954438,matched_gics
2021-11-30,VRTX,Vertex Pharmaceuticals,Health Care,"Pharmaceuticals, Biotechnology & Life Sciences",Biotechnology,Biotechnology,1057954438.0,2021-11-30T16:42:06Z,https://en.wikipedia.org/w/index.php?oldid=1057954438,matched_gics
2021-11-30,WBA,Walgreens Boots Alliance,Consumer Staples,Food & Staples Retailing,Food & Staples Retailing,Drug Retail,1057954438.0,2021-11-30T16:42:06Z,https://en.wikipedia.org/w/index.php?oldid=1057954438,matched_gics
2021-11-30,WDAY,"Workday, Inc.",,,,,,,,missing_gics
2021-11-30,XEL,Xcel Energy,Utilities,Utilities,Multi-Utilities,Multi-Utilities,1057954438.0,2021-11-30T16:42:06Z,https://en.wikipedia.org/w/index.php?oldid=1057954438,matched_gics
2021-11-30,ZM,"Zoom Communications, Inc.",,,,,,,,missing_gics
2021-11-30,ZS,"Zscaler, Inc.",,,,,,,,missing_gics
2021-12-31,AAPL,Apple,Information Technology,Technology Hardware & Equipment,"Technology Hardware, Storage & Peripherals","Technology Hardware, Storage & Peripherals",1062834329.0,2021-12-30T20:37:08Z,https://en.wikipedia.org/w/index.php?oldid=1062834329,matched_gics
2021-12-31,ABNB,"Airbnb, Inc.",,,,,,,,missing_gics
2021-12-31,ADBE,Adobe,Information Technology,Software & Services,Software,Application Software,1062834329.0,2021-12-30T20:37:08Z,https://en.wikipedia.org/w/index.php?oldid=1062834329,matched_gics
2021-12-31,ADI,Analog Devices,Information Technology,Semiconductors & Semiconductor Equipment,Semiconductors & Semiconductor Equipment,Semiconductors,1062834329.0,2021-12-30T20:37:08Z,https://en.wikipedia.org/w/index.php?oldid=1062834329,matched_gics
2021-12-31,ADP,Automatic Data Processing,Information Technology,Software & Services,IT Services,Data Processing & Outsourced Services,1062834329.0,2021-12-30T20:37:08Z,https://en.wikipedia.org/w/index.php?oldid=1062834329,matched_gics
2021-12-31,ADSK,Autodesk,Information Technology,Software & Services,Software,Application Software,1062834329.0,2021-12-30T20:37:08Z,https://en.wikipedia.org/w/index.php?oldid=1062834329,matched_gics
2021-12-31,AEP,American Electric Power,Utilities,Utilities,Electric Utilities,Electric Utilities,1062834329.0,2021-12-30T20:37:08Z,https://en.wikipedia.org/w/index.php?oldid=1062834329,matched_gics
2021-12-31,ALGN,Align Technology,Health Care,Health Care Equipment & Services,Health Care Equipment & Supplies,Health Care Supplies,1062834329.0,2021-12-30T20:37:08Z,https://en.wikipedia.org/w/index.php?oldid=1062834329,matched_gics
2021-12-31,AMAT,Applied Materials,Information Technology,Semiconductors & Semiconductor Equipment,Semiconductors & Semiconductor Equipment,Semiconductor Equipment,1062834329.0,2021-12-30T20:37:08Z,https://en.wikipedia.org/w/index.php?oldid=1062834329,matched_gics
2021-12-31,AMD,Advanced Micro Devices,Information Technology,Semiconductors & Semiconductor Equipment,Semiconductors & Semiconductor Equipment,Semiconductors,1062834329.0,2021-12-30T20:37:08Z,https://en.wikipedia.org/w/index.php?oldid=1062834329,matched_gics
2021-12-31,AMGN,Amgen,Health Care,"Pharmaceuticals, Biotechnology & Life Sciences",Biotechnology,Biotechnology,1062834329.0,2021-12-30T20:37:08Z,https://en.wikipedia.org/w/index.php?oldid=1062834329,matched_gics
2021-12-31,AMZN,Amazon,Consumer Discretionary,Retailing,Internet & Direct Marketing Retail,Internet & Direct Marketing Retail,1062834329.0,2021-12-30T20:37:08Z,https://en.wikipedia.org/w/index.php?oldid=1062834329,matched_gics
2021-12-31,ANSS,Ansys,Information Technology,Software & Services,Software,Application Software,1062834329.0,2021-12-30T20:37:08Z,https://en.wikipedia.org/w/index.php?oldid=1062834329,matched_gics
2021-12-31,ASML,ASML HOLDING NV,,,,,,,,missing_gics
2021-12-31,AVGO,Broadcom,Information Technology,Semiconductors & Semiconductor Equipment,Semiconductors & Semiconductor Equipment,Semiconductors,1062834329.0,2021-12-30T20:37:08Z,https://en.wikipedia.org/w/index.php?oldid=1062834329,matched_gics
2021-12-31,AZN,ASTRAZENECA PLC,,,,,,,,missing_gics
2021-12-31,BIDU,"Baidu, Inc.",,,,,,,,missing_gics
2021-12-31,BIIB,Biogen,Health Care,"Pharmaceuticals, Biotechnology & Life Sciences",Biotechnology,Biotechnology,1062834329.0,2021-12-30T20:37:08Z,https://en.wikipedia.org/w/index.php?oldid=1062834329,matched_gics
2021-12-31,BKNG,Booking Holdings,Consumer Discretionary,Retailing,Internet & Direct Marketing Retail,Internet & Direct Marketing Retail,1062834329.0,2021-12-30T20:37:08Z,https://en.wikipedia.org/w/index.php?oldid=1062834329,matched_gics
2021-12-31,CDNS,Cadence Design Systems,Information Technology,Software & Services,Software,Application Software,1062834329.0,2021-12-30T20:37:08Z,https://en.wikipedia.org/w/index.php?oldid=1062834329,matched_gics
2021-12-31,CEG,Constellation Energy Corp,,,,,,,,missing_gics
2021-12-31,CHTR,Charter Communications,Communication Services,Media,Media,Cable & Satellite,1062834329.0,2021-12-30T20:37:08Z,https://en.wikipedia.org/w/index.php?oldid=1062834329,matched_gics
2021-12-31,CMCSA,Comcast,Communication Services,Media,Media,Cable & Satellite,1062834329.0,2021-12-30T20:37:08Z,https://en.wikipedia.org/w/index.php?oldid=1062834329,matched_gics
2021-12-31,COST,Costco,Consumer Staples,Food & Staples Retailing,Food & Staples Retailing,Hypermarkets & Super Centers,1062834329.0,2021-12-30T20:37:08Z,https://en.wikipedia.org/w/index.php?oldid=1062834329,matched_gics
2021-12-31,CPRT,Copart,Industrials,Commercial & Professional Services,Commercial Services & Supplies,Diversified Support Services,1062834329.0,2021-12-30T20:37:08Z,https://en.wikipedia.org/w/index.php?oldid=1062834329,matched_gics
2021-12-31,CRWD,"CrowdStrike Holdings, Inc.",,,,,,,,missing_gics
2021-12-31,CSCO,Cisco Systems,Information Technology,Technology Hardware & Equipment,Communications Equipment,Communications Equipment,1062834329.0,2021-12-30T20:37:08Z,https://en.wikipedia.org/w/index.php?oldid=1062834329,matched_gics
2021-12-31,CSX,CSX,Industrials,Transportation,Road & Rail,Railroads,1062834329.0,2021-12-30T20:37:08Z,https://en.wikipedia.org/w/index.php?oldid=1062834329,matched_gics
2021-12-31,CTAS,Cintas Corporation,Industrials,Commercial & Professional Services,Commercial Services & Supplies,Diversified Support Services,1062834329.0,2021-12-30T20:37:08Z,https://en.wikipedia.org/w/index.php?oldid=1062834329,matched_gics
2021-12-31,CTSH,Cognizant Technology Solutions,Information Technology,Software & Services,IT Services,IT Consulting & Other Services,1062834329.0,2021-12-30T20:37:08Z,https://en.wikipedia.org/w/index.php?oldid=1062834329,matched_gics
2021-12-31,DDOG,"Datadog, Inc.",,,,,,,,missing_gics
2021-12-31,DLTR,Dollar Tree,Consumer Discretionary,Retailing,Multiline Retail,General Merchandise Stores,1062834329.0,2021-12-30T20:37:08Z,https://en.wikipedia.org/w/index.php?oldid=1062834329,matched_gics
2021-12-31,DOCU,"DOCUSIGN, INC.",,,,,,,,missing_gics
2021-12-31,DXCM,DexCom,Health Care,Health Care Equipment & Services,Health Care Equipment & Supplies,Health Care Equipment,1062834329.0,2021-12-30T20:37:08Z,https://en.wikipedia.org/w/index.php?oldid=1062834329,matched_gics
2021-12-31,EA,Electronic Arts,Communication Services,Media & Entertainment,Entertainment,Interactive Home Entertainment,1062834329.0,2021-12-30T20:37:08Z,https://en.wikipedia.org/w/index.php?oldid=1062834329,matched_gics
2021-12-31,EBAY,eBay,Consumer Discretionary,Retailing,Internet & Direct Marketing Retail,Internet & Direct Marketing Retail,1062834329.0,2021-12-30T20:37:08Z,https://en.wikipedia.org/w/index.php?oldid=1062834329,matched_gics
2021-12-31,ENPH,Enphase Energy,Information Technology,Technology Hardware & Equipment,"Electronic Equipment, Instruments & Components",Electronic Components,1062834329.0,2021-12-30T20:37:08Z,https://en.wikipedia.org/w/index.php?oldid=1062834329,matched_gics
2021-12-31,EXC,Exelon,Utilities,Utilities,Multi-Utilities,Multi-Utilities,1062834329.0,2021-12-30T20:37:08Z,https://en.wikipedia.org/w/index.php?oldid=1062834329,matched_gics
2021-12-31,FAST,Fastenal,Industrials,Capital Goods,Building Products,Building Products,1062834329.0,2021-12-30T20:37:08Z,https://en.wikipedia.org/w/index.php?oldid=1062834329,matched_gics
2021-12-31,FTNT,Fortinet,Information Technology,Software & Services,Software,Systems Software,1062834329.0,2021-12-30T20:37:08Z,https://en.wikipedia.org/w/index.php?oldid=1062834329,matched_gics
2021-12-31,GEHC,GE HealthCare Technologies Inc.,,,,,,,,missing_gics
2021-12-31,GILD,Gilead Sciences,Health Care,"Pharmaceuticals, Biotechnology & Life Sciences",Biotechnology,Biotechnology,1062834329.0,2021-12-30T20:37:08Z,https://en.wikipedia.org/w/index.php?oldid=1062834329,matched_gics
2021-12-31,GOOG,Alphabet (Class C),Communication Services,Media & Entertainment,Interactive Media & Services,Interactive Media & Services,1062834329.0,2021-12-30T20:37:08Z,https://en.wikipedia.org/w/index.php?oldid=1062834329,matched_gics
2021-12-31,GOOGL,Alphabet (Class A),Communication Services,Media & Entertainment,Interactive Media & Services,Interactive Media & Services,1062834329.0,2021-12-30T20:37:08Z,https://en.wikipedia.org/w/index.php?oldid=1062834329,matched_gics
2021-12-31,HON,Honeywell,Industrials,Capital Goods,Industrial Conglomerates,Industrial Conglomerates,1062834329.0,2021-12-30T20:37:08Z,https://en.wikipedia.org/w/index.php?oldid=1062834329,matched_gics
2021-12-31,IDXX,Idexx Laboratories,Health Care,Health Care Equipment & Services,Health Care Equipment & Supplies,Health Care Equipment,1062834329.0,2021-12-30T20:37:08Z,https://en.wikipedia.org/w/index.php?oldid=1062834329,matched_gics
2021-12-31,ILMN,Illumina,Health Care,"Pharmaceuticals, Biotechnology & Life Sciences",Life Sciences Tools & Services,Life Sciences Tools & Services,1062834329.0,2021-12-30T20:37:08Z,https://en.wikipedia.org/w/index.php?oldid=1062834329,matched_gics
2021-12-31,INTC,Intel,Information Technology,Semiconductors & Semiconductor Equipment,Semiconductors & Semiconductor Equipment,Semiconductors,1062834329.0,2021-12-30T20:37:08Z,https://en.wikipedia.org/w/index.php?oldid=1062834329,matched_gics
2021-12-31,INTU,Intuit,Information Technology,Software & Services,Software,Application Software,1062834329.0,2021-12-30T20:37:08Z,https://en.wikipedia.org/w/index.php?oldid=1062834329,matched_gics
2021-12-31,ISRG,Intuitive Surgical,Health Care,Health Care Equipment & Services,Health Care Equipment & Supplies,Health Care Equipment,1062834329.0,2021-12-30T20:37:08Z,https://en.wikipedia.org/w/index.php?oldid=1062834329,matched_gics
2021-12-31,JD,"JD.com, Inc.",,,,,,,,missing_gics
2021-12-31,KDP,Keurig Dr Pepper Inc.,,,,,,,,missing_gics
2021-12-31,KHC,Kraft Heinz,Consumer Staples,"Food, Beverage & Tobacco",Food Products,Packaged Foods & Meats,1062834329.0,2021-12-30T20:37:08Z,https://en.wikipedia.org/w/index.php?oldid=1062834329,matched_gics
2021-12-31,KLAC,KLA Corporation,Information Technology,Semiconductors & Semiconductor Equipment,Semiconductors & Semiconductor Equipment,Semiconductor Equipment,1062834329.0,2021-12-30T20:37:08Z,https://en.wikipedia.org/w/index.php?oldid=1062834329,matched_gics
2021-12-31,LCID,"Lucid Group, Inc.",,,,,,,,missing_gics
2021-12-31,LRCX,Lam Research,Information Technology,Semiconductors & Semiconductor Equipment,Semiconductors & Semiconductor Equipment,Semiconductor Equipment,1062834329.0,2021-12-30T20:37:08Z,https://en.wikipedia.org/w/index.php?oldid=1062834329,matched_gics
2021-12-31,LULU,lululemon athletica inc.,,,,,,,,missing_gics
2021-12-31,MAR,Marriott International,Consumer Discretionary,Consumer Services,"Hotels, Restaurants & Leisure","Hotels, Resorts & Cruise Lines",1062834329.0,2021-12-30T20:37:08Z,https://en.wikipedia.org/w/index.php?oldid=1062834329,matched_gics
2021-12-31,MCHP,Microchip Technology,Information Technology,Semiconductors & Semiconductor Equipment,Semiconductors & Semiconductor Equipment,Semiconductors,1062834329.0,2021-12-30T20:37:08Z,https://en.wikipedia.org/w/index.php?oldid=1062834329,matched_gics
2021-12-31,MDLZ,Mondelez International,Consumer Staples,"Food, Beverage & Tobacco",Food Products,Packaged Foods & Meats,1062834329.0,2021-12-30T20:37:08Z,https://en.wikipedia.org/w/index.php?oldid=1062834329,matched_gics
2021-12-31,MELI,MERCADOLIBRE INC,,,,,,,,missing_gics
2021-12-31,META,Meta Platforms,Communication Services,Media & Entertainment,Interactive Media & Services,Interactive Media & Services,1062834329.0,2021-12-30T20:37:08Z,https://en.wikipedia.org/w/index.php?oldid=1062834329|historical_ticker_alias:FB->META,matched_gics
2021-12-31,MNST,Monster Beverage,Consumer Staples,"Food, Beverage & Tobacco",Beverages,Soft Drinks,1062834329.0,2021-12-30T20:37:08Z,https://en.wikipedia.org/w/index.php?oldid=1062834329,matched_gics
2021-12-31,MRNA,Moderna,Health Care,"Pharmaceuticals, Biotechnology & Life Sciences",Biotechnology,Biotechnology,1062834329.0,2021-12-30T20:37:08Z,https://en.wikipedia.org/w/index.php?oldid=1062834329,matched_gics
2021-12-31,MRVL,"Marvell Technology, Inc.",,,,,,,,missing_gics
2021-12-31,MSFT,Microsoft,Information Technology,Software & Services,Software,Systems Software,1062834329.0,2021-12-30T20:37:08Z,https://en.wikipedia.org/w/index.php?oldid=1062834329,matched_gics
2021-12-31,MTCH,Match Group,Communication Services,Media & Entertainment,Interactive Media & Services,Interactive Media & Services,1062834329.0,2021-12-30T20:37:08Z,https://en.wikipedia.org/w/index.php?oldid=1062834329,matched_gics
2021-12-31,MU,Micron Technology,Information Technology,Semiconductors & Semiconductor Equipment,Semiconductors & Semiconductor Equipment,Semiconductors,1062834329.0,2021-12-30T20:37:08Z,https://en.wikipedia.org/w/index.php?oldid=1062834329,matched_gics
2021-12-31,NFLX,Netflix,Communication Services,Media & Entertainment,Entertainment,Movies & Entertainment,1062834329.0,2021-12-30T20:37:08Z,https://en.wikipedia.org/w/index.php?oldid=1062834329,matched_gics
2021-12-31,NTES,"NetEase, Inc.",,,,,,,,missing_gics
2021-12-31,NVDA,Nvidia,Information Technology,Semiconductors & Semiconductor Equipment,Semiconductors & Semiconductor Equipment,Semiconductors,1062834329.0,2021-12-30T20:37:08Z,https://en.wikipedia.org/w/index.php?oldid=1062834329,matched_gics
2021-12-31,NXPI,NXP,Information Technology,Semiconductors & Semiconductor Equipment,Semiconductors & Semiconductor Equipment,Semiconductors,1062834329.0,2021-12-30T20:37:08Z,https://en.wikipedia.org/w/index.php?oldid=1062834329,matched_gics
2021-12-31,ODFL,Old Dominion Freight Line,Industrials,Transportation,Road & Rail,Trucking,1062834329.0,2021-12-30T20:37:08Z,https://en.wikipedia.org/w/index.php?oldid=1062834329,matched_gics
2021-12-31,ON,ON SEMICONDUCTOR CORP,,,,,,,,missing_gics
2021-12-31,ORLY,O'Reilly Automotive,Consumer Discretionary,Retailing,Specialty Retail,Specialty Stores,1062834329.0,2021-12-30T20:37:08Z,https://en.wikipedia.org/w/index.php?oldid=1062834329,matched_gics
2021-12-31,PANW,Palo Alto Networks Inc,,,,,,,,missing_gics
2021-12-31,PAYX,Paychex,Information Technology,Software & Services,IT Services,Data Processing & Outsourced Services,1062834329.0,2021-12-30T20:37:08Z,https://en.wikipedia.org/w/index.php?oldid=1062834329,matched_gics
2021-12-31,PCAR,Paccar,Industrials,Capital Goods,Machinery,Construction Machinery & Heavy Trucks,1062834329.0,2021-12-30T20:37:08Z,https://en.wikipedia.org/w/index.php?oldid=1062834329,matched_gics
2021-12-31,PDD,PDD Holdings Inc.,,,,,,,,missing_gics
2021-12-31,PEP,PepsiCo,Consumer Staples,"Food, Beverage & Tobacco",Beverages,Soft Drinks,1062834329.0,2021-12-30T20:37:08Z,https://en.wikipedia.org/w/index.php?oldid=1062834329,matched_gics
2021-12-31,PYPL,PayPal,Information Technology,Software & Services,IT Services,Data Processing & Outsourced Services,1062834329.0,2021-12-30T20:37:08Z,https://en.wikipedia.org/w/index.php?oldid=1062834329,matched_gics
2021-12-31,QCOM,Qualcomm,Information Technology,Semiconductors & Semiconductor Equipment,Semiconductors & Semiconductor Equipment,Semiconductors,1062834329.0,2021-12-30T20:37:08Z,https://en.wikipedia.org/w/index.php?oldid=1062834329,matched_gics
2021-12-31,REGN,Regeneron Pharmaceuticals,Health Care,"Pharmaceuticals, Biotechnology & Life Sciences",Biotechnology,Biotechnology,1062834329.0,2021-12-30T20:37:08Z,https://en.wikipedia.org/w/index.php?oldid=1062834329,matched_gics
2021-12-31,ROST,Ross Stores,Consumer Discretionary,Retailing,Specialty Retail,Apparel Retail,1062834329.0,2021-12-30T20:37:08Z,https://en.wikipedia.org/w/index.php?oldid=1062834329,matched_gics
2021-12-31,SBUX,Starbucks,Consumer Discretionary,Consumer Services,"Hotels, Restaurants & Leisure",Restaurants,1062834329.0,2021-12-30T20:37:08Z,https://en.wikipedia.org/w/index.php?oldid=1062834329,matched_gics
2021-12-31,SGEN,Seagen Inc.,,,,,,,,missing_gics
2021-12-31,SIRI,SIRIUS XM HOLDINGS INC.,,,,,,,,missing_gics
2021-12-31,SNPS,Synopsys,Information Technology,Software & Services,Software,Application Software,1062834329.0,2021-12-30T20:37:08Z,https://en.wikipedia.org/w/index.php?oldid=1062834329,matched_gics
2021-12-31,SPLK,Splunk Inc.,,,,,,,,missing_gics
2021-12-31,SWKS,Skyworks Solutions,Information Technology,Semiconductors & Semiconductor Equipment,Semiconductors & Semiconductor Equipment,Semiconductors,1062834329.0,2021-12-30T20:37:08Z,https://en.wikipedia.org/w/index.php?oldid=1062834329,matched_gics
2021-12-31,TEAM,Atlassian Corp,,,,,,,,missing_gics
2021-12-31,TMUS,T-Mobile US,Communication Services,Telecommunication Services,Wireless Telecommunication Services,Wireless Telecommunication Services,1062834329.0,2021-12-30T20:37:08Z,https://en.wikipedia.org/w/index.php?oldid=1062834329,matched_gics
2021-12-31,TSLA,Tesla,Consumer Discretionary,Automobiles & Components,Automobiles,Automobile Manufacturers,1062834329.0,2021-12-30T20:37:08Z,https://en.wikipedia.org/w/index.php?oldid=1062834329,matched_gics
2021-12-31,TTD,"Trade Desk, Inc.",,,,,,,,missing_gics
2021-12-31,TXN,Texas Instruments,Information Technology,Semiconductors & Semiconductor Equipment,Semiconductors & Semiconductor Equipment,Semiconductors,1062834329.0,2021-12-30T20:37:08Z,https://en.wikipedia.org/w/index.php?oldid=1062834329,matched_gics
2021-12-31,VRSK,Verisk Analytics,Industrials,Commercial & Professional Services,Professional Services,Research & Consulting Services,1062834329.0,2021-12-30T20:37:08Z,https://en.wikipedia.org/w/index.php?oldid=1062834329,matched_gics
2021-12-31,VRSN,Verisign,Information Technology,Software & Services,IT Services,Internet Services & Infrastructure,1062834329.0,2021-12-30T20:37:08Z,https://en.wikipedia.org/w/index.php?oldid=1062834329,matched_gics
2021-12-31,VRTX,Vertex Pharmaceuticals,Health Care,"Pharmaceuticals, Biotechnology & Life Sciences",Biotechnology,Biotechnology,1062834329.0,2021-12-30T20:37:08Z,https://en.wikipedia.org/w/index.php?oldid=1062834329,matched_gics
2021-12-31,WBA,Walgreens Boots Alliance,Consumer Staples,Food & Staples Retailing,Food & Staples Retailing,Drug Retail,1062834329.0,2021-12-30T20:37:08Z,https://en.wikipedia.org/w/index.php?oldid=1062834329,matched_gics
2021-12-31,WDAY,"Workday, Inc.",,,,,,,,missing_gics
2021-12-31,XEL,Xcel Energy,Utilities,Utilities,Multi-Utilities,Multi-Utilities,1062834329.0,2021-12-30T20:37:08Z,https://en.wikipedia.org/w/index.php?oldid=1062834329,matched_gics
2021-12-31,ZM,"Zoom Communications, Inc.",,,,,,,,missing_gics
2021-12-31,ZS,"Zscaler, Inc.",,,,,,,,missing_gics
2022-01-31,AAPL,Apple,Information Technology,Technology Hardware & Equipment,"Technology Hardware, Storage & Peripherals","Technology Hardware, Storage & Peripherals",1068687285.0,2022-01-29T20:25:35Z,https://en.wikipedia.org/w/index.php?oldid=1068687285,matched_gics
2022-01-31,ABNB,"Airbnb, Inc.",,,,,,,,missing_gics
2022-01-31,ADBE,Adobe,Information Technology,Software & Services,Software,Application Software,1068687285.0,2022-01-29T20:25:35Z,https://en.wikipedia.org/w/index.php?oldid=1068687285,matched_gics
2022-01-31,ADI,Analog Devices,Information Technology,Semiconductors & Semiconductor Equipment,Semiconductors & Semiconductor Equipment,Semiconductors,1068687285.0,2022-01-29T20:25:35Z,https://en.wikipedia.org/w/index.php?oldid=1068687285,matched_gics
2022-01-31,ADP,ADP,Information Technology,Software & Services,IT Services,Data Processing & Outsourced Services,1068687285.0,2022-01-29T20:25:35Z,https://en.wikipedia.org/w/index.php?oldid=1068687285,matched_gics
2022-01-31,ADSK,Autodesk,Information Technology,Software & Services,Software,Application Software,1068687285.0,2022-01-29T20:25:35Z,https://en.wikipedia.org/w/index.php?oldid=1068687285,matched_gics
2022-01-31,AEP,American Electric Power,Utilities,Utilities,Electric Utilities,Electric Utilities,1068687285.0,2022-01-29T20:25:35Z,https://en.wikipedia.org/w/index.php?oldid=1068687285,matched_gics
2022-01-31,ALGN,Align,Health Care,Health Care Equipment & Services,Health Care Equipment & Supplies,Health Care Supplies,1068687285.0,2022-01-29T20:25:35Z,https://en.wikipedia.org/w/index.php?oldid=1068687285,matched_gics
2022-01-31,AMAT,Applied Materials,Information Technology,Semiconductors & Semiconductor Equipment,Semiconductors & Semiconductor Equipment,Semiconductor Equipment,1068687285.0,2022-01-29T20:25:35Z,https://en.wikipedia.org/w/index.php?oldid=1068687285,matched_gics
2022-01-31,AMD,AMD,Information Technology,Semiconductors & Semiconductor Equipment,Semiconductors & Semiconductor Equipment,Semiconductors,1068687285.0,2022-01-29T20:25:35Z,https://en.wikipedia.org/w/index.php?oldid=1068687285,matched_gics
2022-01-31,AMGN,Amgen,Health Care,"Pharmaceuticals, Biotechnology & Life Sciences",Biotechnology,Biotechnology,1068687285.0,2022-01-29T20:25:35Z,https://en.wikipedia.org/w/index.php?oldid=1068687285,matched_gics
2022-01-31,AMZN,Amazon,Consumer Discretionary,Retailing,Internet & Direct Marketing Retail,Internet & Direct Marketing Retail,1068687285.0,2022-01-29T20:25:35Z,https://en.wikipedia.org/w/index.php?oldid=1068687285,matched_gics
2022-01-31,ANSS,Ansys,Information Technology,Software & Services,Software,Application Software,1068687285.0,2022-01-29T20:25:35Z,https://en.wikipedia.org/w/index.php?oldid=1068687285,matched_gics
2022-01-31,ASML,ASML HOLDING NV,,,,,,,,missing_gics
2022-01-31,AVGO,Broadcom,Information Technology,Semiconductors & Semiconductor Equipment,Semiconductors & Semiconductor Equipment,Semiconductors,1068687285.0,2022-01-29T20:25:35Z,https://en.wikipedia.org/w/index.php?oldid=1068687285,matched_gics
2022-01-31,AZN,ASTRAZENECA PLC,,,,,,,,missing_gics
2022-01-31,BIIB,Biogen,Health Care,"Pharmaceuticals, Biotechnology & Life Sciences",Biotechnology,Biotechnology,1068687285.0,2022-01-29T20:25:35Z,https://en.wikipedia.org/w/index.php?oldid=1068687285,matched_gics
2022-01-31,BKNG,Booking Holdings,Consumer Discretionary,Retailing,Internet & Direct Marketing Retail,Internet & Direct Marketing Retail,1068687285.0,2022-01-29T20:25:35Z,https://en.wikipedia.org/w/index.php?oldid=1068687285,matched_gics
2022-01-31,BKR,Baker Hughes,Energy,Energy,Energy Equipment & Services,Oil & Gas Equipment & Services,1068687285.0,2022-01-29T20:25:35Z,https://en.wikipedia.org/w/index.php?oldid=1068687285,matched_gics
2022-01-31,CDNS,Cadence,Information Technology,Software & Services,Software,Application Software,1068687285.0,2022-01-29T20:25:35Z,https://en.wikipedia.org/w/index.php?oldid=1068687285,matched_gics
2022-01-31,CEG,Constellation Energy Corp,,,,,,,,missing_gics
2022-01-31,CHTR,Charter Communications,Communication Services,Media,Media,Cable & Satellite,1068687285.0,2022-01-29T20:25:35Z,https://en.wikipedia.org/w/index.php?oldid=1068687285,matched_gics
2022-01-31,CMCSA,Comcast,Communication Services,Media,Media,Cable & Satellite,1068687285.0,2022-01-29T20:25:35Z,https://en.wikipedia.org/w/index.php?oldid=1068687285,matched_gics
2022-01-31,COST,Costco,Consumer Staples,Food & Staples Retailing,Food & Staples Retailing,Hypermarkets & Super Centers,1068687285.0,2022-01-29T20:25:35Z,https://en.wikipedia.org/w/index.php?oldid=1068687285,matched_gics
2022-01-31,CPRT,Copart,Industrials,Commercial & Professional Services,Commercial Services & Supplies,Diversified Support Services,1068687285.0,2022-01-29T20:25:35Z,https://en.wikipedia.org/w/index.php?oldid=1068687285,matched_gics
2022-01-31,CRWD,"CrowdStrike Holdings, Inc.",,,,,,,,missing_gics
2022-01-31,CSCO,Cisco,Information Technology,Technology Hardware & Equipment,Communications Equipment,Communications Equipment,1068687285.0,2022-01-29T20:25:35Z,https://en.wikipedia.org/w/index.php?oldid=1068687285,matched_gics
2022-01-31,CSGP,"COSTAR GROUP, INC.",,,,,,,,missing_gics
2022-01-31,CSX,CSX,Industrials,Transportation,Road & Rail,Railroads,1068687285.0,2022-01-29T20:25:35Z,https://en.wikipedia.org/w/index.php?oldid=1068687285,matched_gics
2022-01-31,CTAS,Cintas,Industrials,Commercial & Professional Services,Commercial Services & Supplies,Diversified Support Services,1068687285.0,2022-01-29T20:25:35Z,https://en.wikipedia.org/w/index.php?oldid=1068687285,matched_gics
2022-01-31,CTSH,Cognizant,Information Technology,Software & Services,IT Services,IT Consulting & Other Services,1068687285.0,2022-01-29T20:25:35Z,https://en.wikipedia.org/w/index.php?oldid=1068687285,matched_gics
2022-01-31,DDOG,"Datadog, Inc.",,,,,,,,missing_gics
2022-01-31,DLTR,Dollar Tree,Consumer Discretionary,Retailing,Multiline Retail,General Merchandise Stores,1068687285.0,2022-01-29T20:25:35Z,https://en.wikipedia.org/w/index.php?oldid=1068687285,matched_gics
2022-01-31,DXCM,DexCom,Health Care,Health Care Equipment & Services,Health Care Equipment & Supplies,Health Care Equipment,1068687285.0,2022-01-29T20:25:35Z,https://en.wikipedia.org/w/index.php?oldid=1068687285,matched_gics
2022-01-31,EA,Electronic Arts,Communication Services,Media & Entertainment,Entertainment,Interactive Home Entertainment,1068687285.0,2022-01-29T20:25:35Z,https://en.wikipedia.org/w/index.php?oldid=1068687285,matched_gics
2022-01-31,EBAY,eBay,Consumer Discretionary,Retailing,Internet & Direct Marketing Retail,Internet & Direct Marketing Retail,1068687285.0,2022-01-29T20:25:35Z,https://en.wikipedia.org/w/index.php?oldid=1068687285,matched_gics
2022-01-31,ENPH,Enphase,Information Technology,Technology Hardware & Equipment,"Electronic Equipment, Instruments & Components",Electronic Components,1068687285.0,2022-01-29T20:25:35Z,https://en.wikipedia.org/w/index.php?oldid=1068687285,matched_gics
2022-01-31,EXC,Exelon,Utilities,Utilities,Multi-Utilities,Multi-Utilities,1068687285.0,2022-01-29T20:25:35Z,https://en.wikipedia.org/w/index.php?oldid=1068687285,matched_gics
2022-01-31,FANG,Diamondback,Energy,Energy,"Oil, Gas & Consumable Fuels",Oil & Gas Exploration & Production,1068687285.0,2022-01-29T20:25:35Z,https://en.wikipedia.org/w/index.php?oldid=1068687285,matched_gics
2022-01-31,FAST,Fastenal,Industrials,Capital Goods,Building Products,Building Products,1068687285.0,2022-01-29T20:25:35Z,https://en.wikipedia.org/w/index.php?oldid=1068687285,matched_gics
2022-01-31,FTNT,Fortinet,Information Technology,Software & Services,Software,Systems Software,1068687285.0,2022-01-29T20:25:35Z,https://en.wikipedia.org/w/index.php?oldid=1068687285,matched_gics
2022-01-31,GEHC,GE HealthCare Technologies Inc.,,,,,,,,missing_gics
2022-01-31,GFS,GLOBALFOUNDRIES Inc.,,,,,,,,missing_gics
2022-01-31,GILD,Gilead Sciences,Health Care,"Pharmaceuticals, Biotechnology & Life Sciences",Biotechnology,Biotechnology,1068687285.0,2022-01-29T20:25:35Z,https://en.wikipedia.org/w/index.php?oldid=1068687285,matched_gics
2022-01-31,GOOG,Alphabet (Class C),Communication Services,Media & Entertainment,Interactive Media & Services,Interactive Media & Services,1068687285.0,2022-01-29T20:25:35Z,https://en.wikipedia.org/w/index.php?oldid=1068687285,matched_gics
2022-01-31,GOOGL,Alphabet (Class A),Communication Services,Media & Entertainment,Interactive Media & Services,Interactive Media & Services,1068687285.0,2022-01-29T20:25:35Z,https://en.wikipedia.org/w/index.php?oldid=1068687285,matched_gics
2022-01-31,HON,Honeywell,Industrials,Capital Goods,Industrial Conglomerates,Industrial Conglomerates,1068687285.0,2022-01-29T20:25:35Z,https://en.wikipedia.org/w/index.php?oldid=1068687285,matched_gics
2022-01-31,IDXX,Idexx Laboratories,Health Care,Health Care Equipment & Services,Health Care Equipment & Supplies,Health Care Equipment,1068687285.0,2022-01-29T20:25:35Z,https://en.wikipedia.org/w/index.php?oldid=1068687285,matched_gics
2022-01-31,ILMN,Illumina,Health Care,"Pharmaceuticals, Biotechnology & Life Sciences",Life Sciences Tools & Services,Life Sciences Tools & Services,1068687285.0,2022-01-29T20:25:35Z,https://en.wikipedia.org/w/index.php?oldid=1068687285,matched_gics
2022-01-31,INTC,Intel,Information Technology,Semiconductors & Semiconductor Equipment,Semiconductors & Semiconductor Equipment,Semiconductors,1068687285.0,2022-01-29T20:25:35Z,https://en.wikipedia.org/w/index.php?oldid=1068687285,matched_gics
2022-01-31,INTU,Intuit,Information Technology,Software & Services,Software,Application Software,1068687285.0,2022-01-29T20:25:35Z,https://en.wikipedia.org/w/index.php?oldid=1068687285,matched_gics
2022-01-31,ISRG,Intuitive Surgical,Health Care,Health Care Equipment & Services,Health Care Equipment & Supplies,Health Care Equipment,1068687285.0,2022-01-29T20:25:35Z,https://en.wikipedia.org/w/index.php?oldid=1068687285,matched_gics
2022-01-31,JD,"JD.com, Inc.",,,,,,,,missing_gics
2022-01-31,KDP,Keurig Dr Pepper Inc.,,,,,,,,missing_gics
2022-01-31,KHC,Kraft Heinz,Consumer Staples,"Food, Beverage & Tobacco",Food Products,Packaged Foods & Meats,1068687285.0,2022-01-29T20:25:35Z,https://en.wikipedia.org/w/index.php?oldid=1068687285,matched_gics
2022-01-31,KLAC,KLA Corporation,Information Technology,Semiconductors & Semiconductor Equipment,Semiconductors & Semiconductor Equipment,Semiconductor Equipment,1068687285.0,2022-01-29T20:25:35Z,https://en.wikipedia.org/w/index.php?oldid=1068687285,matched_gics
2022-01-31,LCID,"Lucid Group, Inc.",,,,,,,,missing_gics
2022-01-31,LRCX,Lam Research,Information Technology,Semiconductors & Semiconductor Equipment,Semiconductors & Semiconductor Equipment,Semiconductor Equipment,1068687285.0,2022-01-29T20:25:35Z,https://en.wikipedia.org/w/index.php?oldid=1068687285,matched_gics
2022-01-31,LULU,lululemon athletica inc.,,,,,,,,missing_gics
2022-01-31,MAR,Marriott International,Consumer Discretionary,Consumer Services,"Hotels, Restaurants & Leisure","Hotels, Resorts & Cruise Lines",1068687285.0,2022-01-29T20:25:35Z,https://en.wikipedia.org/w/index.php?oldid=1068687285,matched_gics
2022-01-31,MCHP,Microchip Technology,Information Technology,Semiconductors & Semiconductor Equipment,Semiconductors & Semiconductor Equipment,Semiconductors,1068687285.0,2022-01-29T20:25:35Z,https://en.wikipedia.org/w/index.php?oldid=1068687285,matched_gics
2022-01-31,MDLZ,Mondelez International,Consumer Staples,"Food, Beverage & Tobacco",Food Products,Packaged Foods & Meats,1068687285.0,2022-01-29T20:25:35Z,https://en.wikipedia.org/w/index.php?oldid=1068687285,matched_gics
2022-01-31,MELI,MERCADOLIBRE INC,,,,,,,,missing_gics
2022-01-31,META,Meta Platforms,Communication Services,Media & Entertainment,Interactive Media & Services,Interactive Media & Services,1068687285.0,2022-01-29T20:25:35Z,https://en.wikipedia.org/w/index.php?oldid=1068687285|historical_ticker_alias:FB->META,matched_gics
2022-01-31,MNST,Monster Beverage,Consumer Staples,"Food, Beverage & Tobacco",Beverages,Soft Drinks,1068687285.0,2022-01-29T20:25:35Z,https://en.wikipedia.org/w/index.php?oldid=1068687285,matched_gics
2022-01-31,MRNA,Moderna,Health Care,"Pharmaceuticals, Biotechnology & Life Sciences",Biotechnology,Biotechnology,1068687285.0,2022-01-29T20:25:35Z,https://en.wikipedia.org/w/index.php?oldid=1068687285,matched_gics
2022-01-31,MRVL,"Marvell Technology, Inc.",,,,,,,,missing_gics
2022-01-31,MSFT,Microsoft,Information Technology,Software & Services,Software,Systems Software,1068687285.0,2022-01-29T20:25:35Z,https://en.wikipedia.org/w/index.php?oldid=1068687285,matched_gics
2022-01-31,MU,Micron Technology,Information Technology,Semiconductors & Semiconductor Equipment,Semiconductors & Semiconductor Equipment,Semiconductors,1068687285.0,2022-01-29T20:25:35Z,https://en.wikipedia.org/w/index.php?oldid=1068687285,matched_gics
2022-01-31,NFLX,Netflix,Communication Services,Media & Entertainment,Entertainment,Movies & Entertainment,1068687285.0,2022-01-29T20:25:35Z,https://en.wikipedia.org/w/index.php?oldid=1068687285,matched_gics
2022-01-31,NVDA,Nvidia,Information Technology,Semiconductors & Semiconductor Equipment,Semiconductors & Semiconductor Equipment,Semiconductors,1068687285.0,2022-01-29T20:25:35Z,https://en.wikipedia.org/w/index.php?oldid=1068687285,matched_gics
2022-01-31,NXPI,NXP,Information Technology,Semiconductors & Semiconductor Equipment,Semiconductors & Semiconductor Equipment,Semiconductors,1068687285.0,2022-01-29T20:25:35Z,https://en.wikipedia.org/w/index.php?oldid=1068687285,matched_gics
2022-01-31,ODFL,Old Dominion Freight Line,Industrials,Transportation,Road & Rail,Trucking,1068687285.0,2022-01-29T20:25:35Z,https://en.wikipedia.org/w/index.php?oldid=1068687285,matched_gics
2022-01-31,ON,ON SEMICONDUCTOR CORP,,,,,,,,missing_gics
2022-01-31,ORLY,O'Reilly Automotive,Consumer Discretionary,Retailing,Specialty Retail,Specialty Stores,1068687285.0,2022-01-29T20:25:35Z,https://en.wikipedia.org/w/index.php?oldid=1068687285,matched_gics
2022-01-31,PANW,Palo Alto Networks Inc,,,,,,,,missing_gics
2022-01-31,PAYX,Paychex,Information Technology,Software & Services,IT Services,Data Processing & Outsourced Services,1068687285.0,2022-01-29T20:25:35Z,https://en.wikipedia.org/w/index.php?oldid=1068687285,matched_gics
2022-01-31,PCAR,Paccar,Industrials,Capital Goods,Machinery,Construction Machinery & Heavy Trucks,1068687285.0,2022-01-29T20:25:35Z,https://en.wikipedia.org/w/index.php?oldid=1068687285,matched_gics
2022-01-31,PDD,PDD Holdings Inc.,,,,,,,,missing_gics
2022-01-31,PEP,PepsiCo,Consumer Staples,"Food, Beverage & Tobacco",Beverages,Soft Drinks,1068687285.0,2022-01-29T20:25:35Z,https://en.wikipedia.org/w/index.php?oldid=1068687285,matched_gics
2022-01-31,PYPL,PayPal,Information Technology,Software & Services,IT Services,Data Processing & Outsourced Services,1068687285.0,2022-01-29T20:25:35Z,https://en.wikipedia.org/w/index.php?oldid=1068687285,matched_gics
2022-01-31,QCOM,Qualcomm,Information Technology,Semiconductors & Semiconductor Equipment,Semiconductors & Semiconductor Equipment,Semiconductors,1068687285.0,2022-01-29T20:25:35Z,https://en.wikipedia.org/w/index.php?oldid=1068687285,matched_gics
2022-01-31,REGN,Regeneron Pharmaceuticals,Health Care,"Pharmaceuticals, Biotechnology & Life Sciences",Biotechnology,Biotechnology,1068687285.0,2022-01-29T20:25:35Z,https://en.wikipedia.org/w/index.php?oldid=1068687285,matched_gics
2022-01-31,ROST,Ross Stores,Consumer Discretionary,Retailing,Specialty Retail,Apparel Retail,1068687285.0,2022-01-29T20:25:35Z,https://en.wikipedia.org/w/index.php?oldid=1068687285,matched_gics
2022-01-31,SBUX,Starbucks,Consumer Discretionary,Consumer Services,"Hotels, Restaurants & Leisure",Restaurants,1068687285.0,2022-01-29T20:25:35Z,https://en.wikipedia.org/w/index.php?oldid=1068687285,matched_gics
2022-01-31,SGEN,Seagen Inc.,,,,,,,,missing_gics
2022-01-31,SIRI,SIRIUS XM HOLDINGS INC.,,,,,,,,missing_gics
2022-01-31,SNPS,Synopsys,Information Technology,Software & Services,Software,Application Software,1068687285.0,2022-01-29T20:25:35Z,https://en.wikipedia.org/w/index.php?oldid=1068687285,matched_gics
2022-01-31,TEAM,Atlassian Corp,,,,,,,,missing_gics
2022-01-31,TMUS,T-Mobile US,Communication Services,Telecommunication Services,Wireless Telecommunication Services,Wireless Telecommunication Services,1068687285.0,2022-01-29T20:25:35Z,https://en.wikipedia.org/w/index.php?oldid=1068687285,matched_gics
2022-01-31,TSLA,Tesla,Consumer Discretionary,Automobiles & Components,Automobiles,Automobile Manufacturers,1068687285.0,2022-01-29T20:25:35Z,https://en.wikipedia.org/w/index.php?oldid=1068687285,matched_gics
2022-01-31,TTD,"Trade Desk, Inc.",,,,,,,,missing_gics
2022-01-31,TXN,Texas Instruments,Information Technology,Semiconductors & Semiconductor Equipment,Semiconductors & Semiconductor Equipment,Semiconductors,1068687285.0,2022-01-29T20:25:35Z,https://en.wikipedia.org/w/index.php?oldid=1068687285,matched_gics
2022-01-31,VRSK,Verisk Analytics,Industrials,Commercial & Professional Services,Professional Services,Research & Consulting Services,1068687285.0,2022-01-29T20:25:35Z,https://en.wikipedia.org/w/index.php?oldid=1068687285,matched_gics
2022-01-31,VRTX,Vertex Pharmaceuticals,Health Care,"Pharmaceuticals, Biotechnology & Life Sciences",Biotechnology,Biotechnology,1068687285.0,2022-01-29T20:25:35Z,https://en.wikipedia.org/w/index.php?oldid=1068687285,matched_gics
2022-01-31,WBA,Walgreens Boots Alliance,Consumer Staples,Food & Staples Retailing,Food & Staples Retailing,Drug Retail,1068687285.0,2022-01-29T20:25:35Z,https://en.wikipedia.org/w/index.php?oldid=1068687285,matched_gics
2022-01-31,WBD,Discovery (Series A),Communication Services,Media & Entertainment,Media,Broadcasting,1068687285.0,2022-01-29T20:25:35Z,https://en.wikipedia.org/w/index.php?oldid=1068687285|historical_ticker_alias:DISCA->WBD,matched_gics
2022-01-31,WDAY,"Workday, Inc.",,,,,,,,missing_gics
2022-01-31,XEL,Xcel Energy,Utilities,Utilities,Multi-Utilities,Multi-Utilities,1068687285.0,2022-01-29T20:25:35Z,https://en.wikipedia.org/w/index.php?oldid=1068687285,matched_gics
2022-01-31,ZM,"Zoom Communications, Inc.",,,,,,,,missing_gics
2022-01-31,ZS,"Zscaler, Inc.",,,,,,,,missing_gics
2022-02-28,AAPL,Apple,Information Technology,Technology Hardware & Equipment,"Technology Hardware, Storage & Peripherals","Technology Hardware, Storage & Peripherals",1074046438.0,2022-02-26T03:46:20Z,https://en.wikipedia.org/w/index.php?oldid=1074046438,matched_gics
2022-02-28,ABNB,"Airbnb, Inc.",,,,,,,,missing_gics
2022-02-28,ADBE,Adobe,Information Technology,Software & Services,Software,Application Software,1074046438.0,2022-02-26T03:46:20Z,https://en.wikipedia.org/w/index.php?oldid=1074046438,matched_gics
2022-02-28,ADI,Analog Devices,Information Technology,Semiconductors & Semiconductor Equipment,Semiconductors & Semiconductor Equipment,Semiconductors,1074046438.0,2022-02-26T03:46:20Z,https://en.wikipedia.org/w/index.php?oldid=1074046438,matched_gics
2022-02-28,ADP,ADP,Information Technology,Software & Services,IT Services,Data Processing & Outsourced Services,1074046438.0,2022-02-26T03:46:20Z,https://en.wikipedia.org/w/index.php?oldid=1074046438,matched_gics
2022-02-28,ADSK,Autodesk,Information Technology,Software & Services,Software,Application Software,1074046438.0,2022-02-26T03:46:20Z,https://en.wikipedia.org/w/index.php?oldid=1074046438,matched_gics
2022-02-28,AEP,American Electric Power,Utilities,Utilities,Electric Utilities,Electric Utilities,1074046438.0,2022-02-26T03:46:20Z,https://en.wikipedia.org/w/index.php?oldid=1074046438,matched_gics
2022-02-28,ALGN,Align,Health Care,Health Care Equipment & Services,Health Care Equipment & Supplies,Health Care Supplies,1074046438.0,2022-02-26T03:46:20Z,https://en.wikipedia.org/w/index.php?oldid=1074046438,matched_gics
2022-02-28,AMAT,Applied Materials,Information Technology,Semiconductors & Semiconductor Equipment,Semiconductors & Semiconductor Equipment,Semiconductor Equipment,1074046438.0,2022-02-26T03:46:20Z,https://en.wikipedia.org/w/index.php?oldid=1074046438,matched_gics
2022-02-28,AMD,AMD,Information Technology,Semiconductors & Semiconductor Equipment,Semiconductors & Semiconductor Equipment,Semiconductors,1074046438.0,2022-02-26T03:46:20Z,https://en.wikipedia.org/w/index.php?oldid=1074046438,matched_gics
2022-02-28,AMGN,Amgen,Health Care,"Pharmaceuticals, Biotechnology & Life Sciences",Biotechnology,Biotechnology,1074046438.0,2022-02-26T03:46:20Z,https://en.wikipedia.org/w/index.php?oldid=1074046438,matched_gics
2022-02-28,AMZN,Amazon,Consumer Discretionary,Retailing,Internet & Direct Marketing Retail,Internet & Direct Marketing Retail,1074046438.0,2022-02-26T03:46:20Z,https://en.wikipedia.org/w/index.php?oldid=1074046438,matched_gics
2022-02-28,ANSS,Ansys,Information Technology,Software & Services,Software,Application Software,1074046438.0,2022-02-26T03:46:20Z,https://en.wikipedia.org/w/index.php?oldid=1074046438,matched_gics
2022-02-28,ASML,ASML HOLDING NV,,,,,,,,missing_gics
2022-02-28,AVGO,Broadcom,Information Technology,Semiconductors & Semiconductor Equipment,Semiconductors & Semiconductor Equipment,Semiconductors,1074046438.0,2022-02-26T03:46:20Z,https://en.wikipedia.org/w/index.php?oldid=1074046438,matched_gics
2022-02-28,AZN,ASTRAZENECA PLC,,,,,,,,missing_gics
2022-02-28,BIIB,Biogen,Health Care,"Pharmaceuticals, Biotechnology & Life Sciences",Biotechnology,Biotechnology,1074046438.0,2022-02-26T03:46:20Z,https://en.wikipedia.org/w/index.php?oldid=1074046438,matched_gics
2022-02-28,BKNG,Booking Holdings,Consumer Discretionary,Retailing,Internet & Direct Marketing Retail,Internet & Direct Marketing Retail,1074046438.0,2022-02-26T03:46:20Z,https://en.wikipedia.org/w/index.php?oldid=1074046438,matched_gics
2022-02-28,BKR,Baker Hughes,Energy,Energy,Energy Equipment & Services,Oil & Gas Equipment & Services,1074046438.0,2022-02-26T03:46:20Z,https://en.wikipedia.org/w/index.php?oldid=1074046438,matched_gics
2022-02-28,CDNS,Cadence,Information Technology,Software & Services,Software,Application Software,1074046438.0,2022-02-26T03:46:20Z,https://en.wikipedia.org/w/index.php?oldid=1074046438,matched_gics
2022-02-28,CEG,Constellation Energy,Utilities,Utilities,Multi-Utilities,Multi-Utilities,1074046438.0,2022-02-26T03:46:20Z,https://en.wikipedia.org/w/index.php?oldid=1074046438,matched_gics
2022-02-28,CHTR,Charter Communications,Communication Services,Media,Media,Cable & Satellite,1074046438.0,2022-02-26T03:46:20Z,https://en.wikipedia.org/w/index.php?oldid=1074046438,matched_gics
2022-02-28,CMCSA,Comcast,Communication Services,Media,Media,Cable & Satellite,1074046438.0,2022-02-26T03:46:20Z,https://en.wikipedia.org/w/index.php?oldid=1074046438,matched_gics
2022-02-28,COST,Costco,Consumer Staples,Food & Staples Retailing,Food & Staples Retailing,Hypermarkets & Super Centers,1074046438.0,2022-02-26T03:46:20Z,https://en.wikipedia.org/w/index.php?oldid=1074046438,matched_gics
2022-02-28,CPRT,Copart,Industrials,Commercial & Professional Services,Commercial Services & Supplies,Diversified Support Services,1074046438.0,2022-02-26T03:46:20Z,https://en.wikipedia.org/w/index.php?oldid=1074046438,matched_gics
2022-02-28,CRWD,"CrowdStrike Holdings, Inc.",,,,,,,,missing_gics
2022-02-28,CSCO,Cisco,Information Technology,Technology Hardware & Equipment,Communications Equipment,Communications Equipment,1074046438.0,2022-02-26T03:46:20Z,https://en.wikipedia.org/w/index.php?oldid=1074046438,matched_gics
2022-02-28,CSGP,"COSTAR GROUP, INC.",,,,,,,,missing_gics
2022-02-28,CSX,CSX,Industrials,Transportation,Road & Rail,Railroads,1074046438.0,2022-02-26T03:46:20Z,https://en.wikipedia.org/w/index.php?oldid=1074046438,matched_gics
2022-02-28,CTAS,Cintas,Industrials,Commercial & Professional Services,Commercial Services & Supplies,Diversified Support Services,1074046438.0,2022-02-26T03:46:20Z,https://en.wikipedia.org/w/index.php?oldid=1074046438,matched_gics
2022-02-28,CTSH,Cognizant,Information Technology,Software & Services,IT Services,IT Consulting & Other Services,1074046438.0,2022-02-26T03:46:20Z,https://en.wikipedia.org/w/index.php?oldid=1074046438,matched_gics
2022-02-28,DDOG,"Datadog, Inc.",,,,,,,,missing_gics
2022-02-28,DLTR,Dollar Tree,Consumer Discretionary,Retailing,Multiline Retail,General Merchandise Stores,1074046438.0,2022-02-26T03:46:20Z,https://en.wikipedia.org/w/index.php?oldid=1074046438,matched_gics
2022-02-28,DXCM,DexCom,Health Care,Health Care Equipment & Services,Health Care Equipment & Supplies,Health Care Equipment,1074046438.0,2022-02-26T03:46:20Z,https://en.wikipedia.org/w/index.php?oldid=1074046438,matched_gics
2022-02-28,EA,Electronic Arts,Communication Services,Media & Entertainment,Entertainment,Interactive Home Entertainment,1074046438.0,2022-02-26T03:46:20Z,https://en.wikipedia.org/w/index.php?oldid=1074046438,matched_gics
2022-02-28,EBAY,eBay,Consumer Discretionary,Retailing,Internet & Direct Marketing Retail,Internet & Direct Marketing Retail,1074046438.0,2022-02-26T03:46:20Z,https://en.wikipedia.org/w/index.php?oldid=1074046438,matched_gics
2022-02-28,ENPH,Enphase,Information Technology,Technology Hardware & Equipment,"Electronic Equipment, Instruments & Components",Electronic Components,1074046438.0,2022-02-26T03:46:20Z,https://en.wikipedia.org/w/index.php?oldid=1074046438,matched_gics
2022-02-28,EXC,Exelon,Utilities,Utilities,Multi-Utilities,Multi-Utilities,1074046438.0,2022-02-26T03:46:20Z,https://en.wikipedia.org/w/index.php?oldid=1074046438,matched_gics
2022-02-28,FANG,Diamondback,Energy,Energy,"Oil, Gas & Consumable Fuels",Oil & Gas Exploration & Production,1074046438.0,2022-02-26T03:46:20Z,https://en.wikipedia.org/w/index.php?oldid=1074046438,matched_gics
2022-02-28,FAST,Fastenal,Industrials,Capital Goods,Building Products,Building Products,1074046438.0,2022-02-26T03:46:20Z,https://en.wikipedia.org/w/index.php?oldid=1074046438,matched_gics
2022-02-28,FTNT,Fortinet,Information Technology,Software & Services,Software,Systems Software,1074046438.0,2022-02-26T03:46:20Z,https://en.wikipedia.org/w/index.php?oldid=1074046438,matched_gics
2022-02-28,GEHC,GE HealthCare Technologies Inc.,,,,,,,,missing_gics
2022-02-28,GFS,GLOBALFOUNDRIES Inc.,,,,,,,,missing_gics
2022-02-28,GILD,Gilead,Health Care,"Pharmaceuticals, Biotechnology & Life Sciences",Biotechnology,Biotechnology,1074046438.0,2022-02-26T03:46:20Z,https://en.wikipedia.org/w/index.php?oldid=1074046438,matched_gics
2022-02-28,GOOG,Alphabet (Class C),Communication Services,Media & Entertainment,Interactive Media & Services,Interactive Media & Services,1074046438.0,2022-02-26T03:46:20Z,https://en.wikipedia.org/w/index.php?oldid=1074046438,matched_gics
2022-02-28,GOOGL,Alphabet (Class A),Communication Services,Media & Entertainment,Interactive Media & Services,Interactive Media & Services,1074046438.0,2022-02-26T03:46:20Z,https://en.wikipedia.org/w/index.php?oldid=1074046438,matched_gics
2022-02-28,HON,Honeywell,Industrials,Capital Goods,Industrial Conglomerates,Industrial Conglomerates,1074046438.0,2022-02-26T03:46:20Z,https://en.wikipedia.org/w/index.php?oldid=1074046438,matched_gics
2022-02-28,IDXX,Idexx Laboratories,Health Care,Health Care Equipment & Services,Health Care Equipment & Supplies,Health Care Equipment,1074046438.0,2022-02-26T03:46:20Z,https://en.wikipedia.org/w/index.php?oldid=1074046438,matched_gics
2022-02-28,ILMN,Illumina,Health Care,"Pharmaceuticals, Biotechnology & Life Sciences",Life Sciences Tools & Services,Life Sciences Tools & Services,1074046438.0,2022-02-26T03:46:20Z,https://en.wikipedia.org/w/index.php?oldid=1074046438,matched_gics
2022-02-28,INTC,Intel,Information Technology,Semiconductors & Semiconductor Equipment,Semiconductors & Semiconductor Equipment,Semiconductors,1074046438.0,2022-02-26T03:46:20Z,https://en.wikipedia.org/w/index.php?oldid=1074046438,matched_gics
2022-02-28,INTU,Intuit,Information Technology,Software & Services,Software,Application Software,1074046438.0,2022-02-26T03:46:20Z,https://en.wikipedia.org/w/index.php?oldid=1074046438,matched_gics
2022-02-28,ISRG,Intuitive Surgical,Health Care,Health Care Equipment & Services,Health Care Equipment & Supplies,Health Care Equipment,1074046438.0,2022-02-26T03:46:20Z,https://en.wikipedia.org/w/index.php?oldid=1074046438,matched_gics
2022-02-28,JD,"JD.com, Inc.",,,,,,,,missing_gics
2022-02-28,KDP,Keurig Dr Pepper Inc.,,,,,,,,missing_gics
2022-02-28,KHC,Kraft Heinz,Consumer Staples,"Food, Beverage & Tobacco",Food Products,Packaged Foods & Meats,1074046438.0,2022-02-26T03:46:20Z,https://en.wikipedia.org/w/index.php?oldid=1074046438,matched_gics
2022-02-28,KLAC,KLA,Information Technology,Semiconductors & Semiconductor Equipment,Semiconductors & Semiconductor Equipment,Semiconductor Equipment,1074046438.0,2022-02-26T03:46:20Z,https://en.wikipedia.org/w/index.php?oldid=1074046438,matched_gics
2022-02-28,LCID,"Lucid Group, Inc.",,,,,,,,missing_gics
2022-02-28,LRCX,Lam Research,Information Technology,Semiconductors & Semiconductor Equipment,Semiconductors & Semiconductor Equipment,Semiconductor Equipment,1074046438.0,2022-02-26T03:46:20Z,https://en.wikipedia.org/w/index.php?oldid=1074046438,matched_gics
2022-02-28,LULU,lululemon athletica inc.,,,,,,,,missing_gics
2022-02-28,MAR,Marriott International,Consumer Discretionary,Consumer Services,"Hotels, Restaurants & Leisure","Hotels, Resorts & Cruise Lines",1074046438.0,2022-02-26T03:46:20Z,https://en.wikipedia.org/w/index.php?oldid=1074046438,matched_gics
2022-02-28,MCHP,Microchip,Information Technology,Semiconductors & Semiconductor Equipment,Semiconductors & Semiconductor Equipment,Semiconductors,1074046438.0,2022-02-26T03:46:20Z,https://en.wikipedia.org/w/index.php?oldid=1074046438,matched_gics
2022-02-28,MDLZ,Mondelez International,Consumer Staples,"Food, Beverage & Tobacco",Food Products,Packaged Foods & Meats,1074046438.0,2022-02-26T03:46:20Z,https://en.wikipedia.org/w/index.php?oldid=1074046438,matched_gics
2022-02-28,MELI,MERCADOLIBRE INC,,,,,,,,missing_gics
2022-02-28,META,Meta,Communication Services,Media & Entertainment,Interactive Media & Services,Interactive Media & Services,1074046438.0,2022-02-26T03:46:20Z,https://en.wikipedia.org/w/index.php?oldid=1074046438|historical_ticker_alias:FB->META,matched_gics
2022-02-28,MNST,Monster Beverage,Consumer Staples,"Food, Beverage & Tobacco",Beverages,Soft Drinks,1074046438.0,2022-02-26T03:46:20Z,https://en.wikipedia.org/w/index.php?oldid=1074046438,matched_gics
2022-02-28,MRNA,Moderna,Health Care,"Pharmaceuticals, Biotechnology & Life Sciences",Biotechnology,Biotechnology,1074046438.0,2022-02-26T03:46:20Z,https://en.wikipedia.org/w/index.php?oldid=1074046438,matched_gics
2022-02-28,MRVL,"Marvell Technology, Inc.",,,,,,,,missing_gics
2022-02-28,MSFT,Microsoft,Information Technology,Software & Services,Software,Systems Software,1074046438.0,2022-02-26T03:46:20Z,https://en.wikipedia.org/w/index.php?oldid=1074046438,matched_gics
2022-02-28,MU,Micron,Information Technology,Semiconductors & Semiconductor Equipment,Semiconductors & Semiconductor Equipment,Semiconductors,1074046438.0,2022-02-26T03:46:20Z,https://en.wikipedia.org/w/index.php?oldid=1074046438,matched_gics
2022-02-28,NFLX,Netflix,Communication Services,Media & Entertainment,Entertainment,Movies & Entertainment,1074046438.0,2022-02-26T03:46:20Z,https://en.wikipedia.org/w/index.php?oldid=1074046438,matched_gics
2022-02-28,NVDA,Nvidia,Information Technology,Semiconductors & Semiconductor Equipment,Semiconductors & Semiconductor Equipment,Semiconductors,1074046438.0,2022-02-26T03:46:20Z,https://en.wikipedia.org/w/index.php?oldid=1074046438,matched_gics
2022-02-28,NXPI,NXP,Information Technology,Semiconductors & Semiconductor Equipment,Semiconductors & Semiconductor Equipment,Semiconductors,1074046438.0,2022-02-26T03:46:20Z,https://en.wikipedia.org/w/index.php?oldid=1074046438,matched_gics
2022-02-28,ODFL,Old Dominion,Industrials,Transportation,Road & Rail,Trucking,1074046438.0,2022-02-26T03:46:20Z,https://en.wikipedia.org/w/index.php?oldid=1074046438,matched_gics
2022-02-28,ON,ON SEMICONDUCTOR CORP,,,,,,,,missing_gics
2022-02-28,ORLY,O'Reilly Automotive,Consumer Discretionary,Retailing,Specialty Retail,Specialty Stores,1074046438.0,2022-02-26T03:46:20Z,https://en.wikipedia.org/w/index.php?oldid=1074046438,matched_gics
2022-02-28,PANW,Palo Alto Networks Inc,,,,,,,,missing_gics
2022-02-28,PAYX,Paychex,Information Technology,Software & Services,IT Services,Data Processing & Outsourced Services,1074046438.0,2022-02-26T03:46:20Z,https://en.wikipedia.org/w/index.php?oldid=1074046438,matched_gics
2022-02-28,PCAR,Paccar,Industrials,Capital Goods,Machinery,Construction Machinery & Heavy Trucks,1074046438.0,2022-02-26T03:46:20Z,https://en.wikipedia.org/w/index.php?oldid=1074046438,matched_gics
2022-02-28,PDD,PDD Holdings Inc.,,,,,,,,missing_gics
2022-02-28,PEP,PepsiCo,Consumer Staples,"Food, Beverage & Tobacco",Beverages,Soft Drinks,1074046438.0,2022-02-26T03:46:20Z,https://en.wikipedia.org/w/index.php?oldid=1074046438,matched_gics
2022-02-28,PYPL,PayPal,Information Technology,Software & Services,IT Services,Data Processing & Outsourced Services,1074046438.0,2022-02-26T03:46:20Z,https://en.wikipedia.org/w/index.php?oldid=1074046438,matched_gics
2022-02-28,QCOM,Qualcomm,Information Technology,Semiconductors & Semiconductor Equipment,Semiconductors & Semiconductor Equipment,Semiconductors,1074046438.0,2022-02-26T03:46:20Z,https://en.wikipedia.org/w/index.php?oldid=1074046438,matched_gics
2022-02-28,REGN,Regeneron,Health Care,"Pharmaceuticals, Biotechnology & Life Sciences",Biotechnology,Biotechnology,1074046438.0,2022-02-26T03:46:20Z,https://en.wikipedia.org/w/index.php?oldid=1074046438,matched_gics
2022-02-28,ROST,Ross,Consumer Discretionary,Retailing,Specialty Retail,Apparel Retail,1074046438.0,2022-02-26T03:46:20Z,https://en.wikipedia.org/w/index.php?oldid=1074046438,matched_gics
2022-02-28,SBUX,Starbucks,Consumer Discretionary,Consumer Services,"Hotels, Restaurants & Leisure",Restaurants,1074046438.0,2022-02-26T03:46:20Z,https://en.wikipedia.org/w/index.php?oldid=1074046438,matched_gics
2022-02-28,SGEN,Seagen Inc.,,,,,,,,missing_gics
2022-02-28,SIRI,SIRIUS XM HOLDINGS INC.,,,,,,,,missing_gics
2022-02-28,SNPS,Synopsys,Information Technology,Software & Services,Software,Application Software,1074046438.0,2022-02-26T03:46:20Z,https://en.wikipedia.org/w/index.php?oldid=1074046438,matched_gics
2022-02-28,TEAM,Atlassian Corp,,,,,,,,missing_gics
2022-02-28,TMUS,T-Mobile,Communication Services,Telecommunication Services,Wireless Telecommunication Services,Wireless Telecommunication Services,1074046438.0,2022-02-26T03:46:20Z,https://en.wikipedia.org/w/index.php?oldid=1074046438,matched_gics
2022-02-28,TSLA,Tesla,Consumer Discretionary,Automobiles & Components,Automobiles,Automobile Manufacturers,1074046438.0,2022-02-26T03:46:20Z,https://en.wikipedia.org/w/index.php?oldid=1074046438,matched_gics
2022-02-28,TTD,"Trade Desk, Inc.",,,,,,,,missing_gics
2022-02-28,TXN,Texas Instruments,Information Technology,Semiconductors & Semiconductor Equipment,Semiconductors & Semiconductor Equipment,Semiconductors,1074046438.0,2022-02-26T03:46:20Z,https://en.wikipedia.org/w/index.php?oldid=1074046438,matched_gics
2022-02-28,VRSK,Verisk,Industrials,Commercial & Professional Services,Professional Services,Research & Consulting Services,1074046438.0,2022-02-26T03:46:20Z,https://en.wikipedia.org/w/index.php?oldid=1074046438,matched_gics
2022-02-28,VRTX,Vertex,Health Care,"Pharmaceuticals, Biotechnology & Life Sciences",Biotechnology,Biotechnology,1074046438.0,2022-02-26T03:46:20Z,https://en.wikipedia.org/w/index.php?oldid=1074046438,matched_gics
2022-02-28,WBA,Walgreens Boots Alliance,Consumer Staples,Food & Staples Retailing,Food & Staples Retailing,Drug Retail,1074046438.0,2022-02-26T03:46:20Z,https://en.wikipedia.org/w/index.php?oldid=1074046438,matched_gics
2022-02-28,WBD,Discovery (Series A),Communication Services,Media & Entertainment,Media,Broadcasting,1074046438.0,2022-02-26T03:46:20Z,https://en.wikipedia.org/w/index.php?oldid=1074046438|historical_ticker_alias:DISCA->WBD,matched_gics
2022-02-28,WDAY,"Workday, Inc.",,,,,,,,missing_gics
2022-02-28,XEL,Xcel Energy,Utilities,Utilities,Multi-Utilities,Multi-Utilities,1074046438.0,2022-02-26T03:46:20Z,https://en.wikipedia.org/w/index.php?oldid=1074046438,matched_gics
2022-02-28,ZM,"Zoom Communications, Inc.",,,,,,,,missing_gics
2022-02-28,ZS,"Zscaler, Inc.",,,,,,,,missing_gics
2022-03-31,AAPL,Apple,Information Technology,Technology Hardware & Equipment,"Technology Hardware, Storage & Peripherals","Technology Hardware, Storage & Peripherals",1078861896.0,2022-03-23T18:46:32Z,https://en.wikipedia.org/w/index.php?oldid=1078861896,matched_gics
2022-03-31,ABNB,"Airbnb, Inc.",,,,,,,,missing_gics
2022-03-31,ADBE,Adobe,Information Technology,Software & Services,Software,Application Software,1078861896.0,2022-03-23T18:46:32Z,https://en.wikipedia.org/w/index.php?oldid=1078861896,matched_gics
2022-03-31,ADI,Analog Devices,Information Technology,Semiconductors & Semiconductor Equipment,Semiconductors & Semiconductor Equipment,Semiconductors,1078861896.0,2022-03-23T18:46:32Z,https://en.wikipedia.org/w/index.php?oldid=1078861896,matched_gics
2022-03-31,ADP,ADP,Information Technology,Software & Services,IT Services,Data Processing & Outsourced Services,1078861896.0,2022-03-23T18:46:32Z,https://en.wikipedia.org/w/index.php?oldid=1078861896,matched_gics
2022-03-31,ADSK,Autodesk,Information Technology,Software & Services,Software,Application Software,1078861896.0,2022-03-23T18:46:32Z,https://en.wikipedia.org/w/index.php?oldid=1078861896,matched_gics
2022-03-31,AEP,American Electric Power,Utilities,Utilities,Electric Utilities,Electric Utilities,1078861896.0,2022-03-23T18:46:32Z,https://en.wikipedia.org/w/index.php?oldid=1078861896,matched_gics
2022-03-31,ALGN,Align,Health Care,Health Care Equipment & Services,Health Care Equipment & Supplies,Health Care Supplies,1078861896.0,2022-03-23T18:46:32Z,https://en.wikipedia.org/w/index.php?oldid=1078861896,matched_gics
2022-03-31,AMAT,Applied Materials,Information Technology,Semiconductors & Semiconductor Equipment,Semiconductors & Semiconductor Equipment,Semiconductor Equipment,1078861896.0,2022-03-23T18:46:32Z,https://en.wikipedia.org/w/index.php?oldid=1078861896,matched_gics
2022-03-31,AMD,AMD,Information Technology,Semiconductors & Semiconductor Equipment,Semiconductors & Semiconductor Equipment,Semiconductors,1078861896.0,2022-03-23T18:46:32Z,https://en.wikipedia.org/w/index.php?oldid=1078861896,matched_gics
2022-03-31,AMGN,Amgen,Health Care,"Pharmaceuticals, Biotechnology & Life Sciences",Biotechnology,Biotechnology,1078861896.0,2022-03-23T18:46:32Z,https://en.wikipedia.org/w/index.php?oldid=1078861896,matched_gics
2022-03-31,AMZN,Amazon,Consumer Discretionary,Retailing,Internet & Direct Marketing Retail,Internet & Direct Marketing Retail,1078861896.0,2022-03-23T18:46:32Z,https://en.wikipedia.org/w/index.php?oldid=1078861896,matched_gics
2022-03-31,ANSS,Ansys,Information Technology,Software & Services,Software,Application Software,1078861896.0,2022-03-23T18:46:32Z,https://en.wikipedia.org/w/index.php?oldid=1078861896,matched_gics
2022-03-31,ASML,ASML HOLDING NV,,,,,,,,missing_gics
2022-03-31,AVGO,Broadcom,Information Technology,Semiconductors & Semiconductor Equipment,Semiconductors & Semiconductor Equipment,Semiconductors,1078861896.0,2022-03-23T18:46:32Z,https://en.wikipedia.org/w/index.php?oldid=1078861896,matched_gics
2022-03-31,AZN,ASTRAZENECA PLC,,,,,,,,missing_gics
2022-03-31,BIIB,Biogen,Health Care,"Pharmaceuticals, Biotechnology & Life Sciences",Biotechnology,Biotechnology,1078861896.0,2022-03-23T18:46:32Z,https://en.wikipedia.org/w/index.php?oldid=1078861896,matched_gics
2022-03-31,BKNG,Booking Holdings,Consumer Discretionary,Retailing,Internet & Direct Marketing Retail,Internet & Direct Marketing Retail,1078861896.0,2022-03-23T18:46:32Z,https://en.wikipedia.org/w/index.php?oldid=1078861896,matched_gics
2022-03-31,BKR,Baker Hughes,Energy,Energy,Energy Equipment & Services,Oil & Gas Equipment & Services,1078861896.0,2022-03-23T18:46:32Z,https://en.wikipedia.org/w/index.php?oldid=1078861896,matched_gics
2022-03-31,CDNS,Cadence,Information Technology,Software & Services,Software,Application Software,1078861896.0,2022-03-23T18:46:32Z,https://en.wikipedia.org/w/index.php?oldid=1078861896,matched_gics
2022-03-31,CEG,Constellation Energy,Utilities,Utilities,Multi-Utilities,Multi-Utilities,1078861896.0,2022-03-23T18:46:32Z,https://en.wikipedia.org/w/index.php?oldid=1078861896,matched_gics
2022-03-31,CHTR,Charter Communications,Communication Services,Media,Media,Cable & Satellite,1078861896.0,2022-03-23T18:46:32Z,https://en.wikipedia.org/w/index.php?oldid=1078861896,matched_gics
2022-03-31,CMCSA,Comcast,Communication Services,Media,Media,Cable & Satellite,1078861896.0,2022-03-23T18:46:32Z,https://en.wikipedia.org/w/index.php?oldid=1078861896,matched_gics
2022-03-31,COST,Costco,Consumer Staples,Food & Staples Retailing,Food & Staples Retailing,Hypermarkets & Super Centers,1078861896.0,2022-03-23T18:46:32Z,https://en.wikipedia.org/w/index.php?oldid=1078861896,matched_gics
2022-03-31,CPRT,Copart,Industrials,Commercial & Professional Services,Commercial Services & Supplies,Diversified Support Services,1078861896.0,2022-03-23T18:46:32Z,https://en.wikipedia.org/w/index.php?oldid=1078861896,matched_gics
2022-03-31,CRWD,"CrowdStrike Holdings, Inc.",,,,,,,,missing_gics
2022-03-31,CSCO,Cisco,Information Technology,Technology Hardware & Equipment,Communications Equipment,Communications Equipment,1078861896.0,2022-03-23T18:46:32Z,https://en.wikipedia.org/w/index.php?oldid=1078861896,matched_gics
2022-03-31,CSGP,"COSTAR GROUP, INC.",,,,,,,,missing_gics
2022-03-31,CSX,CSX,Industrials,Transportation,Road & Rail,Railroads,1078861896.0,2022-03-23T18:46:32Z,https://en.wikipedia.org/w/index.php?oldid=1078861896,matched_gics
2022-03-31,CTAS,Cintas,Industrials,Commercial & Professional Services,Commercial Services & Supplies,Diversified Support Services,1078861896.0,2022-03-23T18:46:32Z,https://en.wikipedia.org/w/index.php?oldid=1078861896,matched_gics
2022-03-31,CTSH,Cognizant,Information Technology,Software & Services,IT Services,IT Consulting & Other Services,1078861896.0,2022-03-23T18:46:32Z,https://en.wikipedia.org/w/index.php?oldid=1078861896,matched_gics
2022-03-31,DDOG,"Datadog, Inc.",,,,,,,,missing_gics
2022-03-31,DLTR,Dollar Tree,Consumer Discretionary,Retailing,Multiline Retail,General Merchandise Stores,1078861896.0,2022-03-23T18:46:32Z,https://en.wikipedia.org/w/index.php?oldid=1078861896,matched_gics
2022-03-31,DXCM,DexCom,Health Care,Health Care Equipment & Services,Health Care Equipment & Supplies,Health Care Equipment,1078861896.0,2022-03-23T18:46:32Z,https://en.wikipedia.org/w/index.php?oldid=1078861896,matched_gics
2022-03-31,EA,Electronic Arts,Communication Services,Media & Entertainment,Entertainment,Interactive Home Entertainment,1078861896.0,2022-03-23T18:46:32Z,https://en.wikipedia.org/w/index.php?oldid=1078861896,matched_gics
2022-03-31,EBAY,eBay,Consumer Discretionary,Retailing,Internet & Direct Marketing Retail,Internet & Direct Marketing Retail,1078861896.0,2022-03-23T18:46:32Z,https://en.wikipedia.org/w/index.php?oldid=1078861896,matched_gics
2022-03-31,ENPH,Enphase,Information Technology,Technology Hardware & Equipment,"Electronic Equipment, Instruments & Components",Electronic Components,1078861896.0,2022-03-23T18:46:32Z,https://en.wikipedia.org/w/index.php?oldid=1078861896,matched_gics
2022-03-31,EXC,Exelon,Utilities,Utilities,Multi-Utilities,Multi-Utilities,1078861896.0,2022-03-23T18:46:32Z,https://en.wikipedia.org/w/index.php?oldid=1078861896,matched_gics
2022-03-31,FANG,Diamondback,Energy,Energy,"Oil, Gas & Consumable Fuels",Oil & Gas Exploration & Production,1078861896.0,2022-03-23T18:46:32Z,https://en.wikipedia.org/w/index.php?oldid=1078861896,matched_gics
2022-03-31,FAST,Fastenal,Industrials,Capital Goods,Building Products,Building Products,1078861896.0,2022-03-23T18:46:32Z,https://en.wikipedia.org/w/index.php?oldid=1078861896,matched_gics
2022-03-31,FTNT,Fortinet,Information Technology,Software & Services,Software,Systems Software,1078861896.0,2022-03-23T18:46:32Z,https://en.wikipedia.org/w/index.php?oldid=1078861896,matched_gics
2022-03-31,GEHC,GE HealthCare Technologies Inc.,,,,,,,,missing_gics
2022-03-31,GFS,GLOBALFOUNDRIES Inc.,,,,,,,,missing_gics
2022-03-31,GILD,Gilead,Health Care,"Pharmaceuticals, Biotechnology & Life Sciences",Biotechnology,Biotechnology,1078861896.0,2022-03-23T18:46:32Z,https://en.wikipedia.org/w/index.php?oldid=1078861896,matched_gics
2022-03-31,GOOG,Alphabet (Class C),Communication Services,Media & Entertainment,Interactive Media & Services,Interactive Media & Services,1078861896.0,2022-03-23T18:46:32Z,https://en.wikipedia.org/w/index.php?oldid=1078861896,matched_gics
2022-03-31,GOOGL,Alphabet (Class A),Communication Services,Media & Entertainment,Interactive Media & Services,Interactive Media & Services,1078861896.0,2022-03-23T18:46:32Z,https://en.wikipedia.org/w/index.php?oldid=1078861896,matched_gics
2022-03-31,HON,Honeywell,Industrials,Capital Goods,Industrial Conglomerates,Industrial Conglomerates,1078861896.0,2022-03-23T18:46:32Z,https://en.wikipedia.org/w/index.php?oldid=1078861896,matched_gics
2022-03-31,IDXX,Idexx Laboratories,Health Care,Health Care Equipment & Services,Health Care Equipment & Supplies,Health Care Equipment,1078861896.0,2022-03-23T18:46:32Z,https://en.wikipedia.org/w/index.php?oldid=1078861896,matched_gics
2022-03-31,ILMN,Illumina,Health Care,"Pharmaceuticals, Biotechnology & Life Sciences",Life Sciences Tools & Services,Life Sciences Tools & Services,1078861896.0,2022-03-23T18:46:32Z,https://en.wikipedia.org/w/index.php?oldid=1078861896,matched_gics
2022-03-31,INTC,Intel,Information Technology,Semiconductors & Semiconductor Equipment,Semiconductors & Semiconductor Equipment,Semiconductors,1078861896.0,2022-03-23T18:46:32Z,https://en.wikipedia.org/w/index.php?oldid=1078861896,matched_gics
2022-03-31,INTU,Intuit,Information Technology,Software & Services,Software,Application Software,1078861896.0,2022-03-23T18:46:32Z,https://en.wikipedia.org/w/index.php?oldid=1078861896,matched_gics
2022-03-31,ISRG,Intuitive Surgical,Health Care,Health Care Equipment & Services,Health Care Equipment & Supplies,Health Care Equipment,1078861896.0,2022-03-23T18:46:32Z,https://en.wikipedia.org/w/index.php?oldid=1078861896,matched_gics
2022-03-31,JD,"JD.com, Inc.",,,,,,,,missing_gics
2022-03-31,KDP,Keurig Dr Pepper Inc.,,,,,,,,missing_gics
2022-03-31,KHC,Kraft Heinz,Consumer Staples,"Food, Beverage & Tobacco",Food Products,Packaged Foods & Meats,1078861896.0,2022-03-23T18:46:32Z,https://en.wikipedia.org/w/index.php?oldid=1078861896,matched_gics
2022-03-31,KLAC,KLA,Information Technology,Semiconductors & Semiconductor Equipment,Semiconductors & Semiconductor Equipment,Semiconductor Equipment,1078861896.0,2022-03-23T18:46:32Z,https://en.wikipedia.org/w/index.php?oldid=1078861896,matched_gics
2022-03-31,LCID,"Lucid Group, Inc.",,,,,,,,missing_gics
2022-03-31,LRCX,Lam Research,Information Technology,Semiconductors & Semiconductor Equipment,Semiconductors & Semiconductor Equipment,Semiconductor Equipment,1078861896.0,2022-03-23T18:46:32Z,https://en.wikipedia.org/w/index.php?oldid=1078861896,matched_gics
2022-03-31,LULU,lululemon athletica inc.,,,,,,,,missing_gics
2022-03-31,MAR,Marriott International,Consumer Discretionary,Consumer Services,"Hotels, Restaurants & Leisure","Hotels, Resorts & Cruise Lines",1078861896.0,2022-03-23T18:46:32Z,https://en.wikipedia.org/w/index.php?oldid=1078861896,matched_gics
2022-03-31,MCHP,Microchip,Information Technology,Semiconductors & Semiconductor Equipment,Semiconductors & Semiconductor Equipment,Semiconductors,1078861896.0,2022-03-23T18:46:32Z,https://en.wikipedia.org/w/index.php?oldid=1078861896,matched_gics
2022-03-31,MDLZ,Mondelez International,Consumer Staples,"Food, Beverage & Tobacco",Food Products,Packaged Foods & Meats,1078861896.0,2022-03-23T18:46:32Z,https://en.wikipedia.org/w/index.php?oldid=1078861896,matched_gics
2022-03-31,MELI,MERCADOLIBRE INC,,,,,,,,missing_gics
2022-03-31,META,Meta,Communication Services,Media & Entertainment,Interactive Media & Services,Interactive Media & Services,1078861896.0,2022-03-23T18:46:32Z,https://en.wikipedia.org/w/index.php?oldid=1078861896|historical_ticker_alias:FB->META,matched_gics
2022-03-31,MNST,Monster Beverage,Consumer Staples,"Food, Beverage & Tobacco",Beverages,Soft Drinks,1078861896.0,2022-03-23T18:46:32Z,https://en.wikipedia.org/w/index.php?oldid=1078861896,matched_gics
2022-03-31,MRNA,Moderna,Health Care,"Pharmaceuticals, Biotechnology & Life Sciences",Biotechnology,Biotechnology,1078861896.0,2022-03-23T18:46:32Z,https://en.wikipedia.org/w/index.php?oldid=1078861896,matched_gics
2022-03-31,MRVL,"Marvell Technology, Inc.",,,,,,,,missing_gics
2022-03-31,MSFT,Microsoft,Information Technology,Software & Services,Software,Systems Software,1078861896.0,2022-03-23T18:46:32Z,https://en.wikipedia.org/w/index.php?oldid=1078861896,matched_gics
2022-03-31,MU,Micron,Information Technology,Semiconductors & Semiconductor Equipment,Semiconductors & Semiconductor Equipment,Semiconductors,1078861896.0,2022-03-23T18:46:32Z,https://en.wikipedia.org/w/index.php?oldid=1078861896,matched_gics
2022-03-31,NFLX,Netflix,Communication Services,Media & Entertainment,Entertainment,Movies & Entertainment,1078861896.0,2022-03-23T18:46:32Z,https://en.wikipedia.org/w/index.php?oldid=1078861896,matched_gics
2022-03-31,NVDA,Nvidia,Information Technology,Semiconductors & Semiconductor Equipment,Semiconductors & Semiconductor Equipment,Semiconductors,1078861896.0,2022-03-23T18:46:32Z,https://en.wikipedia.org/w/index.php?oldid=1078861896,matched_gics
2022-03-31,NXPI,NXP,Information Technology,Semiconductors & Semiconductor Equipment,Semiconductors & Semiconductor Equipment,Semiconductors,1078861896.0,2022-03-23T18:46:32Z,https://en.wikipedia.org/w/index.php?oldid=1078861896,matched_gics
2022-03-31,ODFL,Old Dominion,Industrials,Transportation,Road & Rail,Trucking,1078861896.0,2022-03-23T18:46:32Z,https://en.wikipedia.org/w/index.php?oldid=1078861896,matched_gics
2022-03-31,ON,ON SEMICONDUCTOR CORP,,,,,,,,missing_gics
2022-03-31,ORLY,O'Reilly Automotive,Consumer Discretionary,Retailing,Specialty Retail,Specialty Stores,1078861896.0,2022-03-23T18:46:32Z,https://en.wikipedia.org/w/index.php?oldid=1078861896,matched_gics
2022-03-31,PANW,Palo Alto Networks Inc,,,,,,,,missing_gics
2022-03-31,PAYX,Paychex,Information Technology,Software & Services,IT Services,Data Processing & Outsourced Services,1078861896.0,2022-03-23T18:46:32Z,https://en.wikipedia.org/w/index.php?oldid=1078861896,matched_gics
2022-03-31,PCAR,Paccar,Industrials,Capital Goods,Machinery,Construction Machinery & Heavy Trucks,1078861896.0,2022-03-23T18:46:32Z,https://en.wikipedia.org/w/index.php?oldid=1078861896,matched_gics
2022-03-31,PDD,PDD Holdings Inc.,,,,,,,,missing_gics
2022-03-31,PEP,PepsiCo,Consumer Staples,"Food, Beverage & Tobacco",Beverages,Soft Drinks,1078861896.0,2022-03-23T18:46:32Z,https://en.wikipedia.org/w/index.php?oldid=1078861896,matched_gics
2022-03-31,PYPL,PayPal,Information Technology,Software & Services,IT Services,Data Processing & Outsourced Services,1078861896.0,2022-03-23T18:46:32Z,https://en.wikipedia.org/w/index.php?oldid=1078861896,matched_gics
2022-03-31,QCOM,Qualcomm,Information Technology,Semiconductors & Semiconductor Equipment,Semiconductors & Semiconductor Equipment,Semiconductors,1078861896.0,2022-03-23T18:46:32Z,https://en.wikipedia.org/w/index.php?oldid=1078861896,matched_gics
2022-03-31,REGN,Regeneron,Health Care,"Pharmaceuticals, Biotechnology & Life Sciences",Biotechnology,Biotechnology,1078861896.0,2022-03-23T18:46:32Z,https://en.wikipedia.org/w/index.php?oldid=1078861896,matched_gics
2022-03-31,ROST,Ross,Consumer Discretionary,Retailing,Specialty Retail,Apparel Retail,1078861896.0,2022-03-23T18:46:32Z,https://en.wikipedia.org/w/index.php?oldid=1078861896,matched_gics
2022-03-31,SBUX,Starbucks,Consumer Discretionary,Consumer Services,"Hotels, Restaurants & Leisure",Restaurants,1078861896.0,2022-03-23T18:46:32Z,https://en.wikipedia.org/w/index.php?oldid=1078861896,matched_gics
2022-03-31,SGEN,Seagen Inc.,,,,,,,,missing_gics
2022-03-31,SIRI,SIRIUS XM HOLDINGS INC.,,,,,,,,missing_gics
2022-03-31,SNPS,Synopsys,Information Technology,Software & Services,Software,Application Software,1078861896.0,2022-03-23T18:46:32Z,https://en.wikipedia.org/w/index.php?oldid=1078861896,matched_gics
2022-03-31,TEAM,Atlassian Corp,,,,,,,,missing_gics
2022-03-31,TMUS,T-Mobile,Communication Services,Telecommunication Services,Wireless Telecommunication Services,Wireless Telecommunication Services,1078861896.0,2022-03-23T18:46:32Z,https://en.wikipedia.org/w/index.php?oldid=1078861896,matched_gics
2022-03-31,TSLA,Tesla,Consumer Discretionary,Automobiles & Components,Automobiles,Automobile Manufacturers,1078861896.0,2022-03-23T18:46:32Z,https://en.wikipedia.org/w/index.php?oldid=1078861896,matched_gics
2022-03-31,TTD,"Trade Desk, Inc.",,,,,,,,missing_gics
2022-03-31,TXN,Texas Instruments,Information Technology,Semiconductors & Semiconductor Equipment,Semiconductors & Semiconductor Equipment,Semiconductors,1078861896.0,2022-03-23T18:46:32Z,https://en.wikipedia.org/w/index.php?oldid=1078861896,matched_gics
2022-03-31,VRSK,Verisk,Industrials,Commercial & Professional Services,Professional Services,Research & Consulting Services,1078861896.0,2022-03-23T18:46:32Z,https://en.wikipedia.org/w/index.php?oldid=1078861896,matched_gics
2022-03-31,VRTX,Vertex,Health Care,"Pharmaceuticals, Biotechnology & Life Sciences",Biotechnology,Biotechnology,1078861896.0,2022-03-23T18:46:32Z,https://en.wikipedia.org/w/index.php?oldid=1078861896,matched_gics
2022-03-31,WBA,Walgreens Boots Alliance,Consumer Staples,Food & Staples Retailing,Food & Staples Retailing,Drug Retail,1078861896.0,2022-03-23T18:46:32Z,https://en.wikipedia.org/w/index.php?oldid=1078861896,matched_gics
2022-03-31,WBD,Discovery (Series A),Communication Services,Media & Entertainment,Media,Broadcasting,1078861896.0,2022-03-23T18:46:32Z,https://en.wikipedia.org/w/index.php?oldid=1078861896|historical_ticker_alias:DISCA->WBD,matched_gics
2022-03-31,WDAY,"Workday, Inc.",,,,,,,,missing_gics
2022-03-31,XEL,Xcel Energy,Utilities,Utilities,Multi-Utilities,Multi-Utilities,1078861896.0,2022-03-23T18:46:32Z,https://en.wikipedia.org/w/index.php?oldid=1078861896,matched_gics
2022-03-31,ZM,"Zoom Communications, Inc.",,,,,,,,missing_gics
2022-03-31,ZS,"Zscaler, Inc.",,,,,,,,missing_gics
2022-04-30,AAPL,Apple,Information Technology,Technology Hardware & Equipment,"Technology Hardware, Storage & Peripherals","Technology Hardware, Storage & Peripherals",1084651745.0,2022-04-25T19:29:53Z,https://en.wikipedia.org/w/index.php?oldid=1084651745,matched_gics
2022-04-30,ABNB,"Airbnb, Inc.",,,,,,,,missing_gics
2022-04-30,ADBE,Adobe,Information Technology,Software & Services,Software,Application Software,1084651745.0,2022-04-25T19:29:53Z,https://en.wikipedia.org/w/index.php?oldid=1084651745,matched_gics
2022-04-30,ADI,Analog Devices,Information Technology,Semiconductors & Semiconductor Equipment,Semiconductors & Semiconductor Equipment,Semiconductors,1084651745.0,2022-04-25T19:29:53Z,https://en.wikipedia.org/w/index.php?oldid=1084651745,matched_gics
2022-04-30,ADP,ADP,Information Technology,Software & Services,IT Services,Data Processing & Outsourced Services,1084651745.0,2022-04-25T19:29:53Z,https://en.wikipedia.org/w/index.php?oldid=1084651745,matched_gics
2022-04-30,ADSK,Autodesk,Information Technology,Software & Services,Software,Application Software,1084651745.0,2022-04-25T19:29:53Z,https://en.wikipedia.org/w/index.php?oldid=1084651745,matched_gics
2022-04-30,AEP,American Electric Power,Utilities,Utilities,Electric Utilities,Electric Utilities,1084651745.0,2022-04-25T19:29:53Z,https://en.wikipedia.org/w/index.php?oldid=1084651745,matched_gics
2022-04-30,ALGN,Align,Health Care,Health Care Equipment & Services,Health Care Equipment & Supplies,Health Care Supplies,1084651745.0,2022-04-25T19:29:53Z,https://en.wikipedia.org/w/index.php?oldid=1084651745,matched_gics
2022-04-30,AMAT,Applied Materials,Information Technology,Semiconductors & Semiconductor Equipment,Semiconductors & Semiconductor Equipment,Semiconductor Equipment,1084651745.0,2022-04-25T19:29:53Z,https://en.wikipedia.org/w/index.php?oldid=1084651745,matched_gics
2022-04-30,AMD,AMD,Information Technology,Semiconductors & Semiconductor Equipment,Semiconductors & Semiconductor Equipment,Semiconductors,1084651745.0,2022-04-25T19:29:53Z,https://en.wikipedia.org/w/index.php?oldid=1084651745,matched_gics
2022-04-30,AMGN,Amgen,Health Care,"Pharmaceuticals, Biotechnology & Life Sciences",Biotechnology,Biotechnology,1084651745.0,2022-04-25T19:29:53Z,https://en.wikipedia.org/w/index.php?oldid=1084651745,matched_gics
2022-04-30,AMZN,Amazon,Consumer Discretionary,Retailing,Internet & Direct Marketing Retail,Internet & Direct Marketing Retail,1084651745.0,2022-04-25T19:29:53Z,https://en.wikipedia.org/w/index.php?oldid=1084651745,matched_gics
2022-04-30,ANSS,Ansys,Information Technology,Software & Services,Software,Application Software,1084651745.0,2022-04-25T19:29:53Z,https://en.wikipedia.org/w/index.php?oldid=1084651745,matched_gics
2022-04-30,ASML,ASML HOLDING NV,,,,,,,,missing_gics
2022-04-30,AVGO,Broadcom,Information Technology,Semiconductors & Semiconductor Equipment,Semiconductors & Semiconductor Equipment,Semiconductors,1084651745.0,2022-04-25T19:29:53Z,https://en.wikipedia.org/w/index.php?oldid=1084651745,matched_gics
2022-04-30,AZN,ASTRAZENECA PLC,,,,,,,,missing_gics
2022-04-30,BIIB,Biogen,Health Care,"Pharmaceuticals, Biotechnology & Life Sciences",Biotechnology,Biotechnology,1084651745.0,2022-04-25T19:29:53Z,https://en.wikipedia.org/w/index.php?oldid=1084651745,matched_gics
2022-04-30,BKNG,Booking Holdings,Consumer Discretionary,Retailing,Internet & Direct Marketing Retail,Internet & Direct Marketing Retail,1084651745.0,2022-04-25T19:29:53Z,https://en.wikipedia.org/w/index.php?oldid=1084651745,matched_gics
2022-04-30,BKR,Baker Hughes,Energy,Energy,Energy Equipment & Services,Oil & Gas Equipment & Services,1084651745.0,2022-04-25T19:29:53Z,https://en.wikipedia.org/w/index.php?oldid=1084651745,matched_gics
2022-04-30,CDNS,Cadence,Information Technology,Software & Services,Software,Application Software,1084651745.0,2022-04-25T19:29:53Z,https://en.wikipedia.org/w/index.php?oldid=1084651745,matched_gics
2022-04-30,CEG,Constellation Energy,Utilities,Utilities,Multi-Utilities,Multi-Utilities,1084651745.0,2022-04-25T19:29:53Z,https://en.wikipedia.org/w/index.php?oldid=1084651745,matched_gics
2022-04-30,CHTR,Charter Communications,Communication Services,Media,Media,Cable & Satellite,1084651745.0,2022-04-25T19:29:53Z,https://en.wikipedia.org/w/index.php?oldid=1084651745,matched_gics
2022-04-30,CMCSA,Comcast,Communication Services,Media,Media,Cable & Satellite,1084651745.0,2022-04-25T19:29:53Z,https://en.wikipedia.org/w/index.php?oldid=1084651745,matched_gics
2022-04-30,COST,Costco,Consumer Staples,Food & Staples Retailing,Food & Staples Retailing,Hypermarkets & Super Centers,1084651745.0,2022-04-25T19:29:53Z,https://en.wikipedia.org/w/index.php?oldid=1084651745,matched_gics
2022-04-30,CPRT,Copart,Industrials,Commercial & Professional Services,Commercial Services & Supplies,Diversified Support Services,1084651745.0,2022-04-25T19:29:53Z,https://en.wikipedia.org/w/index.php?oldid=1084651745,matched_gics
2022-04-30,CRWD,"CrowdStrike Holdings, Inc.",,,,,,,,missing_gics
2022-04-30,CSCO,Cisco,Information Technology,Technology Hardware & Equipment,Communications Equipment,Communications Equipment,1084651745.0,2022-04-25T19:29:53Z,https://en.wikipedia.org/w/index.php?oldid=1084651745,matched_gics
2022-04-30,CSGP,"COSTAR GROUP, INC.",,,,,,,,missing_gics
2022-04-30,CSX,CSX,Industrials,Transportation,Road & Rail,Railroads,1084651745.0,2022-04-25T19:29:53Z,https://en.wikipedia.org/w/index.php?oldid=1084651745,matched_gics
2022-04-30,CTAS,Cintas,Industrials,Commercial & Professional Services,Commercial Services & Supplies,Diversified Support Services,1084651745.0,2022-04-25T19:29:53Z,https://en.wikipedia.org/w/index.php?oldid=1084651745,matched_gics
2022-04-30,CTSH,Cognizant,Information Technology,Software & Services,IT Services,IT Consulting & Other Services,1084651745.0,2022-04-25T19:29:53Z,https://en.wikipedia.org/w/index.php?oldid=1084651745,matched_gics
2022-04-30,DDOG,"Datadog, Inc.",,,,,,,,missing_gics
2022-04-30,DLTR,Dollar Tree,Consumer Discretionary,Retailing,Multiline Retail,General Merchandise Stores,1084651745.0,2022-04-25T19:29:53Z,https://en.wikipedia.org/w/index.php?oldid=1084651745,matched_gics
2022-04-30,DXCM,DexCom,Health Care,Health Care Equipment & Services,Health Care Equipment & Supplies,Health Care Equipment,1084651745.0,2022-04-25T19:29:53Z,https://en.wikipedia.org/w/index.php?oldid=1084651745,matched_gics
2022-04-30,EA,Electronic Arts,Communication Services,Media & Entertainment,Entertainment,Interactive Home Entertainment,1084651745.0,2022-04-25T19:29:53Z,https://en.wikipedia.org/w/index.php?oldid=1084651745,matched_gics
2022-04-30,EBAY,eBay,Consumer Discretionary,Retailing,Internet & Direct Marketing Retail,Internet & Direct Marketing Retail,1084651745.0,2022-04-25T19:29:53Z,https://en.wikipedia.org/w/index.php?oldid=1084651745,matched_gics
2022-04-30,ENPH,Enphase,Information Technology,Technology Hardware & Equipment,"Electronic Equipment, Instruments & Components",Electronic Components,1084651745.0,2022-04-25T19:29:53Z,https://en.wikipedia.org/w/index.php?oldid=1084651745,matched_gics
2022-04-30,EXC,Exelon,Utilities,Utilities,Multi-Utilities,Multi-Utilities,1084651745.0,2022-04-25T19:29:53Z,https://en.wikipedia.org/w/index.php?oldid=1084651745,matched_gics
2022-04-30,FANG,Diamondback,Energy,Energy,"Oil, Gas & Consumable Fuels",Oil & Gas Exploration & Production,1084651745.0,2022-04-25T19:29:53Z,https://en.wikipedia.org/w/index.php?oldid=1084651745,matched_gics
2022-04-30,FAST,Fastenal,Industrials,Capital Goods,Building Products,Building Products,1084651745.0,2022-04-25T19:29:53Z,https://en.wikipedia.org/w/index.php?oldid=1084651745,matched_gics
2022-04-30,FTNT,Fortinet,Information Technology,Software & Services,Software,Systems Software,1084651745.0,2022-04-25T19:29:53Z,https://en.wikipedia.org/w/index.php?oldid=1084651745,matched_gics
2022-04-30,GEHC,GE HealthCare Technologies Inc.,,,,,,,,missing_gics
2022-04-30,GFS,GLOBALFOUNDRIES Inc.,,,,,,,,missing_gics
2022-04-30,GILD,Gilead,Health Care,"Pharmaceuticals, Biotechnology & Life Sciences",Biotechnology,Biotechnology,1084651745.0,2022-04-25T19:29:53Z,https://en.wikipedia.org/w/index.php?oldid=1084651745,matched_gics
2022-04-30,GOOG,Alphabet (Class C),Communication Services,Media & Entertainment,Interactive Media & Services,Interactive Media & Services,1084651745.0,2022-04-25T19:29:53Z,https://en.wikipedia.org/w/index.php?oldid=1084651745,matched_gics
2022-04-30,GOOGL,Alphabet (Class A),Communication Services,Media & Entertainment,Interactive Media & Services,Interactive Media & Services,1084651745.0,2022-04-25T19:29:53Z,https://en.wikipedia.org/w/index.php?oldid=1084651745,matched_gics
2022-04-30,HON,Honeywell,Industrials,Capital Goods,Industrial Conglomerates,Industrial Conglomerates,1084651745.0,2022-04-25T19:29:53Z,https://en.wikipedia.org/w/index.php?oldid=1084651745,matched_gics
2022-04-30,IDXX,Idexx Laboratories,Health Care,Health Care Equipment & Services,Health Care Equipment & Supplies,Health Care Equipment,1084651745.0,2022-04-25T19:29:53Z,https://en.wikipedia.org/w/index.php?oldid=1084651745,matched_gics
2022-04-30,ILMN,Illumina,Health Care,"Pharmaceuticals, Biotechnology & Life Sciences",Life Sciences Tools & Services,Life Sciences Tools & Services,1084651745.0,2022-04-25T19:29:53Z,https://en.wikipedia.org/w/index.php?oldid=1084651745,matched_gics
2022-04-30,INTC,Intel,Information Technology,Semiconductors & Semiconductor Equipment,Semiconductors & Semiconductor Equipment,Semiconductors,1084651745.0,2022-04-25T19:29:53Z,https://en.wikipedia.org/w/index.php?oldid=1084651745,matched_gics
2022-04-30,INTU,Intuit,Information Technology,Software & Services,Software,Application Software,1084651745.0,2022-04-25T19:29:53Z,https://en.wikipedia.org/w/index.php?oldid=1084651745,matched_gics
2022-04-30,ISRG,Intuitive Surgical,Health Care,Health Care Equipment & Services,Health Care Equipment & Supplies,Health Care Equipment,1084651745.0,2022-04-25T19:29:53Z,https://en.wikipedia.org/w/index.php?oldid=1084651745,matched_gics
2022-04-30,JD,"JD.com, Inc.",,,,,,,,missing_gics
2022-04-30,KDP,Keurig Dr Pepper Inc.,,,,,,,,missing_gics
2022-04-30,KHC,Kraft Heinz,Consumer Staples,"Food, Beverage & Tobacco",Food Products,Packaged Foods & Meats,1084651745.0,2022-04-25T19:29:53Z,https://en.wikipedia.org/w/index.php?oldid=1084651745,matched_gics
2022-04-30,KLAC,KLA,Information Technology,Semiconductors & Semiconductor Equipment,Semiconductors & Semiconductor Equipment,Semiconductor Equipment,1084651745.0,2022-04-25T19:29:53Z,https://en.wikipedia.org/w/index.php?oldid=1084651745,matched_gics
2022-04-30,LCID,"Lucid Group, Inc.",,,,,,,,missing_gics
2022-04-30,LRCX,Lam Research,Information Technology,Semiconductors & Semiconductor Equipment,Semiconductors & Semiconductor Equipment,Semiconductor Equipment,1084651745.0,2022-04-25T19:29:53Z,https://en.wikipedia.org/w/index.php?oldid=1084651745,matched_gics
2022-04-30,LULU,lululemon athletica inc.,,,,,,,,missing_gics
2022-04-30,MAR,Marriott International,Consumer Discretionary,Consumer Services,"Hotels, Restaurants & Leisure","Hotels, Resorts & Cruise Lines",1084651745.0,2022-04-25T19:29:53Z,https://en.wikipedia.org/w/index.php?oldid=1084651745,matched_gics
2022-04-30,MCHP,Microchip,Information Technology,Semiconductors & Semiconductor Equipment,Semiconductors & Semiconductor Equipment,Semiconductors,1084651745.0,2022-04-25T19:29:53Z,https://en.wikipedia.org/w/index.php?oldid=1084651745,matched_gics
2022-04-30,MDLZ,Mondelez International,Consumer Staples,"Food, Beverage & Tobacco",Food Products,Packaged Foods & Meats,1084651745.0,2022-04-25T19:29:53Z,https://en.wikipedia.org/w/index.php?oldid=1084651745,matched_gics
2022-04-30,MELI,MERCADOLIBRE INC,,,,,,,,missing_gics
2022-04-30,META,Meta,Communication Services,Media & Entertainment,Interactive Media & Services,Interactive Media & Services,1084651745.0,2022-04-25T19:29:53Z,https://en.wikipedia.org/w/index.php?oldid=1084651745|historical_ticker_alias:FB->META,matched_gics
2022-04-30,MNST,Monster Beverage,Consumer Staples,"Food, Beverage & Tobacco",Beverages,Soft Drinks,1084651745.0,2022-04-25T19:29:53Z,https://en.wikipedia.org/w/index.php?oldid=1084651745,matched_gics
2022-04-30,MRNA,Moderna,Health Care,"Pharmaceuticals, Biotechnology & Life Sciences",Biotechnology,Biotechnology,1084651745.0,2022-04-25T19:29:53Z,https://en.wikipedia.org/w/index.php?oldid=1084651745,matched_gics
2022-04-30,MRVL,"Marvell Technology, Inc.",,,,,,,,missing_gics
2022-04-30,MSFT,Microsoft,Information Technology,Software & Services,Software,Systems Software,1084651745.0,2022-04-25T19:29:53Z,https://en.wikipedia.org/w/index.php?oldid=1084651745,matched_gics
2022-04-30,MU,Micron,Information Technology,Semiconductors & Semiconductor Equipment,Semiconductors & Semiconductor Equipment,Semiconductors,1084651745.0,2022-04-25T19:29:53Z,https://en.wikipedia.org/w/index.php?oldid=1084651745,matched_gics
2022-04-30,NFLX,Netflix,Communication Services,Media & Entertainment,Entertainment,Movies & Entertainment,1084651745.0,2022-04-25T19:29:53Z,https://en.wikipedia.org/w/index.php?oldid=1084651745,matched_gics
2022-04-30,NVDA,Nvidia,Information Technology,Semiconductors & Semiconductor Equipment,Semiconductors & Semiconductor Equipment,Semiconductors,1084651745.0,2022-04-25T19:29:53Z,https://en.wikipedia.org/w/index.php?oldid=1084651745,matched_gics
2022-04-30,NXPI,NXP,Information Technology,Semiconductors & Semiconductor Equipment,Semiconductors & Semiconductor Equipment,Semiconductors,1084651745.0,2022-04-25T19:29:53Z,https://en.wikipedia.org/w/index.php?oldid=1084651745,matched_gics
2022-04-30,ODFL,Old Dominion,Industrials,Transportation,Road & Rail,Trucking,1084651745.0,2022-04-25T19:29:53Z,https://en.wikipedia.org/w/index.php?oldid=1084651745,matched_gics
2022-04-30,ON,ON SEMICONDUCTOR CORP,,,,,,,,missing_gics
2022-04-30,ORLY,O'Reilly Automotive,Consumer Discretionary,Retailing,Specialty Retail,Specialty Stores,1084651745.0,2022-04-25T19:29:53Z,https://en.wikipedia.org/w/index.php?oldid=1084651745,matched_gics
2022-04-30,PANW,Palo Alto Networks Inc,,,,,,,,missing_gics
2022-04-30,PAYX,Paychex,Information Technology,Software & Services,IT Services,Data Processing & Outsourced Services,1084651745.0,2022-04-25T19:29:53Z,https://en.wikipedia.org/w/index.php?oldid=1084651745,matched_gics
2022-04-30,PCAR,Paccar,Industrials,Capital Goods,Machinery,Construction Machinery & Heavy Trucks,1084651745.0,2022-04-25T19:29:53Z,https://en.wikipedia.org/w/index.php?oldid=1084651745,matched_gics
2022-04-30,PDD,PDD Holdings Inc.,,,,,,,,missing_gics
2022-04-30,PEP,PepsiCo,Consumer Staples,"Food, Beverage & Tobacco",Beverages,Soft Drinks,1084651745.0,2022-04-25T19:29:53Z,https://en.wikipedia.org/w/index.php?oldid=1084651745,matched_gics
2022-04-30,PYPL,PayPal,Information Technology,Software & Services,IT Services,Data Processing & Outsourced Services,1084651745.0,2022-04-25T19:29:53Z,https://en.wikipedia.org/w/index.php?oldid=1084651745,matched_gics
2022-04-30,QCOM,Qualcomm,Information Technology,Semiconductors & Semiconductor Equipment,Semiconductors & Semiconductor Equipment,Semiconductors,1084651745.0,2022-04-25T19:29:53Z,https://en.wikipedia.org/w/index.php?oldid=1084651745,matched_gics
2022-04-30,REGN,Regeneron,Health Care,"Pharmaceuticals, Biotechnology & Life Sciences",Biotechnology,Biotechnology,1084651745.0,2022-04-25T19:29:53Z,https://en.wikipedia.org/w/index.php?oldid=1084651745,matched_gics
2022-04-30,ROST,Ross,Consumer Discretionary,Retailing,Specialty Retail,Apparel Retail,1084651745.0,2022-04-25T19:29:53Z,https://en.wikipedia.org/w/index.php?oldid=1084651745,matched_gics
2022-04-30,SBUX,Starbucks,Consumer Discretionary,Consumer Services,"Hotels, Restaurants & Leisure",Restaurants,1084651745.0,2022-04-25T19:29:53Z,https://en.wikipedia.org/w/index.php?oldid=1084651745,matched_gics
2022-04-30,SGEN,Seagen Inc.,,,,,,,,missing_gics
2022-04-30,SIRI,SIRIUS XM HOLDINGS INC.,,,,,,,,missing_gics
2022-04-30,SNPS,Synopsys,Information Technology,Software & Services,Software,Application Software,1084651745.0,2022-04-25T19:29:53Z,https://en.wikipedia.org/w/index.php?oldid=1084651745,matched_gics
2022-04-30,TEAM,Atlassian Corp,,,,,,,,missing_gics
2022-04-30,TMUS,T-Mobile,Communication Services,Telecommunication Services,Wireless Telecommunication Services,Wireless Telecommunication Services,1084651745.0,2022-04-25T19:29:53Z,https://en.wikipedia.org/w/index.php?oldid=1084651745,matched_gics
2022-04-30,TSLA,Tesla,Consumer Discretionary,Automobiles & Components,Automobiles,Automobile Manufacturers,1084651745.0,2022-04-25T19:29:53Z,https://en.wikipedia.org/w/index.php?oldid=1084651745,matched_gics
2022-04-30,TTD,"Trade Desk, Inc.",,,,,,,,missing_gics
2022-04-30,TXN,Texas Instruments,Information Technology,Semiconductors & Semiconductor Equipment,Semiconductors & Semiconductor Equipment,Semiconductors,1084651745.0,2022-04-25T19:29:53Z,https://en.wikipedia.org/w/index.php?oldid=1084651745,matched_gics
2022-04-30,VRSK,Verisk,Industrials,Commercial & Professional Services,Professional Services,Research & Consulting Services,1084651745.0,2022-04-25T19:29:53Z,https://en.wikipedia.org/w/index.php?oldid=1084651745,matched_gics
2022-04-30,VRTX,Vertex,Health Care,"Pharmaceuticals, Biotechnology & Life Sciences",Biotechnology,Biotechnology,1084651745.0,2022-04-25T19:29:53Z,https://en.wikipedia.org/w/index.php?oldid=1084651745,matched_gics
2022-04-30,WBA,Walgreens Boots Alliance,Consumer Staples,Food & Staples Retailing,Food & Staples Retailing,Drug Retail,1084651745.0,2022-04-25T19:29:53Z,https://en.wikipedia.org/w/index.php?oldid=1084651745,matched_gics
2022-04-30,WBD,Warner Bros. Discovery,Communication Services,Media & Entertainment,Media,Broadcasting,1084651745.0,2022-04-25T19:29:53Z,https://en.wikipedia.org/w/index.php?oldid=1084651745,matched_gics
2022-04-30,WDAY,"Workday, Inc.",,,,,,,,missing_gics
2022-04-30,XEL,Xcel Energy,Utilities,Utilities,Multi-Utilities,Multi-Utilities,1084651745.0,2022-04-25T19:29:53Z,https://en.wikipedia.org/w/index.php?oldid=1084651745,matched_gics
2022-04-30,ZM,"Zoom Communications, Inc.",,,,,,,,missing_gics
2022-04-30,ZS,"Zscaler, Inc.",,,,,,,,missing_gics
2022-05-31,AAPL,Apple,Information Technology,Technology Hardware & Equipment,"Technology Hardware, Storage & Peripherals","Technology Hardware, Storage & Peripherals",1088943114.0,2022-05-20T23:55:38Z,https://en.wikipedia.org/w/index.php?oldid=1088943114,matched_gics
2022-05-31,ABNB,"Airbnb, Inc.",,,,,,,,missing_gics
2022-05-31,ADBE,Adobe,Information Technology,Software & Services,Software,Application Software,1088943114.0,2022-05-20T23:55:38Z,https://en.wikipedia.org/w/index.php?oldid=1088943114,matched_gics
2022-05-31,ADI,Analog Devices,Information Technology,Semiconductors & Semiconductor Equipment,Semiconductors & Semiconductor Equipment,Semiconductors,1088943114.0,2022-05-20T23:55:38Z,https://en.wikipedia.org/w/index.php?oldid=1088943114,matched_gics
2022-05-31,ADP,ADP,Information Technology,Software & Services,IT Services,Data Processing & Outsourced Services,1088943114.0,2022-05-20T23:55:38Z,https://en.wikipedia.org/w/index.php?oldid=1088943114,matched_gics
2022-05-31,ADSK,Autodesk,Information Technology,Software & Services,Software,Application Software,1088943114.0,2022-05-20T23:55:38Z,https://en.wikipedia.org/w/index.php?oldid=1088943114,matched_gics
2022-05-31,AEP,American Electric Power,Utilities,Utilities,Electric Utilities,Electric Utilities,1088943114.0,2022-05-20T23:55:38Z,https://en.wikipedia.org/w/index.php?oldid=1088943114,matched_gics
2022-05-31,ALGN,Align,Health Care,Health Care Equipment & Services,Health Care Equipment & Supplies,Health Care Supplies,1088943114.0,2022-05-20T23:55:38Z,https://en.wikipedia.org/w/index.php?oldid=1088943114,matched_gics
2022-05-31,AMAT,Applied Materials,Information Technology,Semiconductors & Semiconductor Equipment,Semiconductors & Semiconductor Equipment,Semiconductor Equipment,1088943114.0,2022-05-20T23:55:38Z,https://en.wikipedia.org/w/index.php?oldid=1088943114,matched_gics
2022-05-31,AMD,AMD,Information Technology,Semiconductors & Semiconductor Equipment,Semiconductors & Semiconductor Equipment,Semiconductors,1088943114.0,2022-05-20T23:55:38Z,https://en.wikipedia.org/w/index.php?oldid=1088943114,matched_gics
2022-05-31,AMGN,Amgen,Health Care,"Pharmaceuticals, Biotechnology & Life Sciences",Biotechnology,Biotechnology,1088943114.0,2022-05-20T23:55:38Z,https://en.wikipedia.org/w/index.php?oldid=1088943114,matched_gics
2022-05-31,AMZN,Amazon,Consumer Discretionary,Retailing,Internet & Direct Marketing Retail,Internet & Direct Marketing Retail,1088943114.0,2022-05-20T23:55:38Z,https://en.wikipedia.org/w/index.php?oldid=1088943114,matched_gics
2022-05-31,ANSS,Ansys,Information Technology,Software & Services,Software,Application Software,1088943114.0,2022-05-20T23:55:38Z,https://en.wikipedia.org/w/index.php?oldid=1088943114,matched_gics
2022-05-31,ASML,ASML HOLDING NV,,,,,,,,missing_gics
2022-05-31,AVGO,Broadcom,Information Technology,Semiconductors & Semiconductor Equipment,Semiconductors & Semiconductor Equipment,Semiconductors,1088943114.0,2022-05-20T23:55:38Z,https://en.wikipedia.org/w/index.php?oldid=1088943114,matched_gics
2022-05-31,AZN,ASTRAZENECA PLC,,,,,,,,missing_gics
2022-05-31,BIIB,Biogen,Health Care,"Pharmaceuticals, Biotechnology & Life Sciences",Biotechnology,Biotechnology,1088943114.0,2022-05-20T23:55:38Z,https://en.wikipedia.org/w/index.php?oldid=1088943114,matched_gics
2022-05-31,BKNG,Booking Holdings,Consumer Discretionary,Retailing,Internet & Direct Marketing Retail,Internet & Direct Marketing Retail,1088943114.0,2022-05-20T23:55:38Z,https://en.wikipedia.org/w/index.php?oldid=1088943114,matched_gics
2022-05-31,BKR,Baker Hughes,Energy,Energy,Energy Equipment & Services,Oil & Gas Equipment & Services,1088943114.0,2022-05-20T23:55:38Z,https://en.wikipedia.org/w/index.php?oldid=1088943114,matched_gics
2022-05-31,CDNS,Cadence,Information Technology,Software & Services,Software,Application Software,1088943114.0,2022-05-20T23:55:38Z,https://en.wikipedia.org/w/index.php?oldid=1088943114,matched_gics
2022-05-31,CEG,Constellation Energy,Utilities,Utilities,Multi-Utilities,Multi-Utilities,1088943114.0,2022-05-20T23:55:38Z,https://en.wikipedia.org/w/index.php?oldid=1088943114,matched_gics
2022-05-31,CHTR,Charter Communications,Communication Services,Media,Media,Cable & Satellite,1088943114.0,2022-05-20T23:55:38Z,https://en.wikipedia.org/w/index.php?oldid=1088943114,matched_gics
2022-05-31,CMCSA,Comcast,Communication Services,Media,Media,Cable & Satellite,1088943114.0,2022-05-20T23:55:38Z,https://en.wikipedia.org/w/index.php?oldid=1088943114,matched_gics
2022-05-31,COST,Costco,Consumer Staples,Food & Staples Retailing,Food & Staples Retailing,Hypermarkets & Super Centers,1088943114.0,2022-05-20T23:55:38Z,https://en.wikipedia.org/w/index.php?oldid=1088943114,matched_gics
2022-05-31,CPRT,Copart,Industrials,Commercial & Professional Services,Commercial Services & Supplies,Diversified Support Services,1088943114.0,2022-05-20T23:55:38Z,https://en.wikipedia.org/w/index.php?oldid=1088943114,matched_gics
2022-05-31,CRWD,"CrowdStrike Holdings, Inc.",,,,,,,,missing_gics
2022-05-31,CSCO,Cisco,Information Technology,Technology Hardware & Equipment,Communications Equipment,Communications Equipment,1088943114.0,2022-05-20T23:55:38Z,https://en.wikipedia.org/w/index.php?oldid=1088943114,matched_gics
2022-05-31,CSGP,"COSTAR GROUP, INC.",,,,,,,,missing_gics
2022-05-31,CSX,CSX,Industrials,Transportation,Road & Rail,Railroads,1088943114.0,2022-05-20T23:55:38Z,https://en.wikipedia.org/w/index.php?oldid=1088943114,matched_gics
2022-05-31,CTAS,Cintas,Industrials,Commercial & Professional Services,Commercial Services & Supplies,Diversified Support Services,1088943114.0,2022-05-20T23:55:38Z,https://en.wikipedia.org/w/index.php?oldid=1088943114,matched_gics
2022-05-31,CTSH,Cognizant,Information Technology,Software & Services,IT Services,IT Consulting & Other Services,1088943114.0,2022-05-20T23:55:38Z,https://en.wikipedia.org/w/index.php?oldid=1088943114,matched_gics
2022-05-31,DDOG,"Datadog, Inc.",,,,,,,,missing_gics
2022-05-31,DLTR,Dollar Tree,Consumer Discretionary,Retailing,Multiline Retail,General Merchandise Stores,1088943114.0,2022-05-20T23:55:38Z,https://en.wikipedia.org/w/index.php?oldid=1088943114,matched_gics
2022-05-31,DXCM,DexCom,Health Care,Health Care Equipment & Services,Health Care Equipment & Supplies,Health Care Equipment,1088943114.0,2022-05-20T23:55:38Z,https://en.wikipedia.org/w/index.php?oldid=1088943114,matched_gics
2022-05-31,EA,Electronic Arts,Communication Services,Media & Entertainment,Entertainment,Interactive Home Entertainment,1088943114.0,2022-05-20T23:55:38Z,https://en.wikipedia.org/w/index.php?oldid=1088943114,matched_gics
2022-05-31,EBAY,eBay,Consumer Discretionary,Retailing,Internet & Direct Marketing Retail,Internet & Direct Marketing Retail,1088943114.0,2022-05-20T23:55:38Z,https://en.wikipedia.org/w/index.php?oldid=1088943114,matched_gics
2022-05-31,ENPH,Enphase,Information Technology,Technology Hardware & Equipment,"Electronic Equipment, Instruments & Components",Electronic Components,1088943114.0,2022-05-20T23:55:38Z,https://en.wikipedia.org/w/index.php?oldid=1088943114,matched_gics
2022-05-31,EXC,Exelon,Utilities,Utilities,Multi-Utilities,Multi-Utilities,1088943114.0,2022-05-20T23:55:38Z,https://en.wikipedia.org/w/index.php?oldid=1088943114,matched_gics
2022-05-31,FANG,Diamondback,Energy,Energy,"Oil, Gas & Consumable Fuels",Oil & Gas Exploration & Production,1088943114.0,2022-05-20T23:55:38Z,https://en.wikipedia.org/w/index.php?oldid=1088943114,matched_gics
2022-05-31,FAST,Fastenal,Industrials,Capital Goods,Building Products,Building Products,1088943114.0,2022-05-20T23:55:38Z,https://en.wikipedia.org/w/index.php?oldid=1088943114,matched_gics
2022-05-31,FTNT,Fortinet,Information Technology,Software & Services,Software,Systems Software,1088943114.0,2022-05-20T23:55:38Z,https://en.wikipedia.org/w/index.php?oldid=1088943114,matched_gics
2022-05-31,GEHC,GE HealthCare Technologies Inc.,,,,,,,,missing_gics
2022-05-31,GFS,GLOBALFOUNDRIES Inc.,,,,,,,,missing_gics
2022-05-31,GILD,Gilead,Health Care,"Pharmaceuticals, Biotechnology & Life Sciences",Biotechnology,Biotechnology,1088943114.0,2022-05-20T23:55:38Z,https://en.wikipedia.org/w/index.php?oldid=1088943114,matched_gics
2022-05-31,GOOG,Alphabet (Class C),Communication Services,Media & Entertainment,Interactive Media & Services,Interactive Media & Services,1088943114.0,2022-05-20T23:55:38Z,https://en.wikipedia.org/w/index.php?oldid=1088943114,matched_gics
2022-05-31,GOOGL,Alphabet (Class A),Communication Services,Media & Entertainment,Interactive Media & Services,Interactive Media & Services,1088943114.0,2022-05-20T23:55:38Z,https://en.wikipedia.org/w/index.php?oldid=1088943114,matched_gics
2022-05-31,HON,Honeywell,Industrials,Capital Goods,Industrial Conglomerates,Industrial Conglomerates,1088943114.0,2022-05-20T23:55:38Z,https://en.wikipedia.org/w/index.php?oldid=1088943114,matched_gics
2022-05-31,IDXX,Idexx Laboratories,Health Care,Health Care Equipment & Services,Health Care Equipment & Supplies,Health Care Equipment,1088943114.0,2022-05-20T23:55:38Z,https://en.wikipedia.org/w/index.php?oldid=1088943114,matched_gics
2022-05-31,ILMN,Illumina,Health Care,"Pharmaceuticals, Biotechnology & Life Sciences",Life Sciences Tools & Services,Life Sciences Tools & Services,1088943114.0,2022-05-20T23:55:38Z,https://en.wikipedia.org/w/index.php?oldid=1088943114,matched_gics
2022-05-31,INTC,Intel,Information Technology,Semiconductors & Semiconductor Equipment,Semiconductors & Semiconductor Equipment,Semiconductors,1088943114.0,2022-05-20T23:55:38Z,https://en.wikipedia.org/w/index.php?oldid=1088943114,matched_gics
2022-05-31,INTU,Intuit,Information Technology,Software & Services,Software,Application Software,1088943114.0,2022-05-20T23:55:38Z,https://en.wikipedia.org/w/index.php?oldid=1088943114,matched_gics
2022-05-31,ISRG,Intuitive Surgical,Health Care,Health Care Equipment & Services,Health Care Equipment & Supplies,Health Care Equipment,1088943114.0,2022-05-20T23:55:38Z,https://en.wikipedia.org/w/index.php?oldid=1088943114,matched_gics
2022-05-31,JD,"JD.com, Inc.",,,,,,,,missing_gics
2022-05-31,KDP,Keurig Dr Pepper Inc.,,,,,,,,missing_gics
2022-05-31,KHC,Kraft Heinz,Consumer Staples,"Food, Beverage & Tobacco",Food Products,Packaged Foods & Meats,1088943114.0,2022-05-20T23:55:38Z,https://en.wikipedia.org/w/index.php?oldid=1088943114,matched_gics
2022-05-31,KLAC,KLA,Information Technology,Semiconductors & Semiconductor Equipment,Semiconductors & Semiconductor Equipment,Semiconductor Equipment,1088943114.0,2022-05-20T23:55:38Z,https://en.wikipedia.org/w/index.php?oldid=1088943114,matched_gics
2022-05-31,LCID,"Lucid Group, Inc.",,,,,,,,missing_gics
2022-05-31,LRCX,Lam Research,Information Technology,Semiconductors & Semiconductor Equipment,Semiconductors & Semiconductor Equipment,Semiconductor Equipment,1088943114.0,2022-05-20T23:55:38Z,https://en.wikipedia.org/w/index.php?oldid=1088943114,matched_gics
2022-05-31,LULU,lululemon athletica inc.,,,,,,,,missing_gics
2022-05-31,MAR,Marriott International,Consumer Discretionary,Consumer Services,"Hotels, Restaurants & Leisure","Hotels, Resorts & Cruise Lines",1088943114.0,2022-05-20T23:55:38Z,https://en.wikipedia.org/w/index.php?oldid=1088943114,matched_gics
2022-05-31,MCHP,Microchip,Information Technology,Semiconductors & Semiconductor Equipment,Semiconductors & Semiconductor Equipment,Semiconductors,1088943114.0,2022-05-20T23:55:38Z,https://en.wikipedia.org/w/index.php?oldid=1088943114,matched_gics
2022-05-31,MDLZ,Mondelez International,Consumer Staples,"Food, Beverage & Tobacco",Food Products,Packaged Foods & Meats,1088943114.0,2022-05-20T23:55:38Z,https://en.wikipedia.org/w/index.php?oldid=1088943114,matched_gics
2022-05-31,MELI,MERCADOLIBRE INC,,,,,,,,missing_gics
2022-05-31,META,Meta,Communication Services,Media & Entertainment,Interactive Media & Services,Interactive Media & Services,1088943114.0,2022-05-20T23:55:38Z,https://en.wikipedia.org/w/index.php?oldid=1088943114|historical_ticker_alias:FB->META,matched_gics
2022-05-31,MNST,Monster Beverage,Consumer Staples,"Food, Beverage & Tobacco",Beverages,Soft Drinks,1088943114.0,2022-05-20T23:55:38Z,https://en.wikipedia.org/w/index.php?oldid=1088943114,matched_gics
2022-05-31,MRNA,Moderna,Health Care,"Pharmaceuticals, Biotechnology & Life Sciences",Biotechnology,Biotechnology,1088943114.0,2022-05-20T23:55:38Z,https://en.wikipedia.org/w/index.php?oldid=1088943114,matched_gics
2022-05-31,MRVL,"Marvell Technology, Inc.",,,,,,,,missing_gics
2022-05-31,MSFT,Microsoft,Information Technology,Software & Services,Software,Systems Software,1088943114.0,2022-05-20T23:55:38Z,https://en.wikipedia.org/w/index.php?oldid=1088943114,matched_gics
2022-05-31,MU,Micron,Information Technology,Semiconductors & Semiconductor Equipment,Semiconductors & Semiconductor Equipment,Semiconductors,1088943114.0,2022-05-20T23:55:38Z,https://en.wikipedia.org/w/index.php?oldid=1088943114,matched_gics
2022-05-31,NFLX,Netflix,Communication Services,Media & Entertainment,Entertainment,Movies & Entertainment,1088943114.0,2022-05-20T23:55:38Z,https://en.wikipedia.org/w/index.php?oldid=1088943114,matched_gics
2022-05-31,NVDA,Nvidia,Information Technology,Semiconductors & Semiconductor Equipment,Semiconductors & Semiconductor Equipment,Semiconductors,1088943114.0,2022-05-20T23:55:38Z,https://en.wikipedia.org/w/index.php?oldid=1088943114,matched_gics
2022-05-31,NXPI,NXP,Information Technology,Semiconductors & Semiconductor Equipment,Semiconductors & Semiconductor Equipment,Semiconductors,1088943114.0,2022-05-20T23:55:38Z,https://en.wikipedia.org/w/index.php?oldid=1088943114,matched_gics
2022-05-31,ODFL,Old Dominion,Industrials,Transportation,Road & Rail,Trucking,1088943114.0,2022-05-20T23:55:38Z,https://en.wikipedia.org/w/index.php?oldid=1088943114,matched_gics
2022-05-31,ON,ON SEMICONDUCTOR CORP,,,,,,,,missing_gics
2022-05-31,ORLY,O'Reilly Automotive,Consumer Discretionary,Retailing,Specialty Retail,Specialty Stores,1088943114.0,2022-05-20T23:55:38Z,https://en.wikipedia.org/w/index.php?oldid=1088943114,matched_gics
2022-05-31,PANW,Palo Alto Networks Inc,,,,,,,,missing_gics
2022-05-31,PAYX,Paychex,Information Technology,Software & Services,IT Services,Data Processing & Outsourced Services,1088943114.0,2022-05-20T23:55:38Z,https://en.wikipedia.org/w/index.php?oldid=1088943114,matched_gics
2022-05-31,PCAR,Paccar,Industrials,Capital Goods,Machinery,Construction Machinery & Heavy Trucks,1088943114.0,2022-05-20T23:55:38Z,https://en.wikipedia.org/w/index.php?oldid=1088943114,matched_gics
2022-05-31,PDD,PDD Holdings Inc.,,,,,,,,missing_gics
2022-05-31,PEP,PepsiCo,Consumer Staples,"Food, Beverage & Tobacco",Beverages,Soft Drinks,1088943114.0,2022-05-20T23:55:38Z,https://en.wikipedia.org/w/index.php?oldid=1088943114,matched_gics
2022-05-31,PYPL,PayPal,Information Technology,Software & Services,IT Services,Data Processing & Outsourced Services,1088943114.0,2022-05-20T23:55:38Z,https://en.wikipedia.org/w/index.php?oldid=1088943114,matched_gics
2022-05-31,QCOM,Qualcomm,Information Technology,Semiconductors & Semiconductor Equipment,Semiconductors & Semiconductor Equipment,Semiconductors,1088943114.0,2022-05-20T23:55:38Z,https://en.wikipedia.org/w/index.php?oldid=1088943114,matched_gics
2022-05-31,REGN,Regeneron,Health Care,"Pharmaceuticals, Biotechnology & Life Sciences",Biotechnology,Biotechnology,1088943114.0,2022-05-20T23:55:38Z,https://en.wikipedia.org/w/index.php?oldid=1088943114,matched_gics
2022-05-31,ROST,Ross,Consumer Discretionary,Retailing,Specialty Retail,Apparel Retail,1088943114.0,2022-05-20T23:55:38Z,https://en.wikipedia.org/w/index.php?oldid=1088943114,matched_gics
2022-05-31,SBUX,Starbucks,Consumer Discretionary,Consumer Services,"Hotels, Restaurants & Leisure",Restaurants,1088943114.0,2022-05-20T23:55:38Z,https://en.wikipedia.org/w/index.php?oldid=1088943114,matched_gics
2022-05-31,SGEN,Seagen Inc.,,,,,,,,missing_gics
2022-05-31,SIRI,SIRIUS XM HOLDINGS INC.,,,,,,,,missing_gics
2022-05-31,SNPS,Synopsys,Information Technology,Software & Services,Software,Application Software,1088943114.0,2022-05-20T23:55:38Z,https://en.wikipedia.org/w/index.php?oldid=1088943114,matched_gics
2022-05-31,TEAM,Atlassian Corp,,,,,,,,missing_gics
2022-05-31,TMUS,T-Mobile,Communication Services,Telecommunication Services,Wireless Telecommunication Services,Wireless Telecommunication Services,1088943114.0,2022-05-20T23:55:38Z,https://en.wikipedia.org/w/index.php?oldid=1088943114,matched_gics
2022-05-31,TSLA,Tesla,Consumer Discretionary,Automobiles & Components,Automobiles,Automobile Manufacturers,1088943114.0,2022-05-20T23:55:38Z,https://en.wikipedia.org/w/index.php?oldid=1088943114,matched_gics
2022-05-31,TTD,"Trade Desk, Inc.",,,,,,,,missing_gics
2022-05-31,TXN,Texas Instruments,Information Technology,Semiconductors & Semiconductor Equipment,Semiconductors & Semiconductor Equipment,Semiconductors,1088943114.0,2022-05-20T23:55:38Z,https://en.wikipedia.org/w/index.php?oldid=1088943114,matched_gics
2022-05-31,VRSK,Verisk,Industrials,Commercial & Professional Services,Professional Services,Research & Consulting Services,1088943114.0,2022-05-20T23:55:38Z,https://en.wikipedia.org/w/index.php?oldid=1088943114,matched_gics
2022-05-31,VRTX,Vertex,Health Care,"Pharmaceuticals, Biotechnology & Life Sciences",Biotechnology,Biotechnology,1088943114.0,2022-05-20T23:55:38Z,https://en.wikipedia.org/w/index.php?oldid=1088943114,matched_gics
2022-05-31,WBA,Walgreens Boots Alliance,Consumer Staples,Food & Staples Retailing,Food & Staples Retailing,Drug Retail,1088943114.0,2022-05-20T23:55:38Z,https://en.wikipedia.org/w/index.php?oldid=1088943114,matched_gics
2022-05-31,WBD,Warner Bros. Discovery,Communication Services,Media & Entertainment,Media,Broadcasting,1088943114.0,2022-05-20T23:55:38Z,https://en.wikipedia.org/w/index.php?oldid=1088943114,matched_gics
2022-05-31,WDAY,"Workday, Inc.",,,,,,,,missing_gics
2022-05-31,XEL,Xcel Energy,Utilities,Utilities,Multi-Utilities,Multi-Utilities,1088943114.0,2022-05-20T23:55:38Z,https://en.wikipedia.org/w/index.php?oldid=1088943114,matched_gics
2022-05-31,ZM,"Zoom Communications, Inc.",,,,,,,,missing_gics
2022-05-31,ZS,"Zscaler, Inc.",,,,,,,,missing_gics
2022-06-30,AAPL,Apple Inc.,Information Technology,Technology Hardware & Equipment,"Technology Hardware, Storage & Peripherals","Technology Hardware, Storage & Peripherals",1095558369.0,2022-06-29T02:08:14Z,https://en.wikipedia.org/w/index.php?oldid=1095558369,matched_gics
2022-06-30,ABNB,"Airbnb, Inc.",,,,,,,,missing_gics
2022-06-30,ADBE,Adobe Inc.,Information Technology,Software & Services,Software,Application Software,1095558369.0,2022-06-29T02:08:14Z,https://en.wikipedia.org/w/index.php?oldid=1095558369,matched_gics
2022-06-30,ADI,Analog Devices,Information Technology,Semiconductors & Semiconductor Equipment,Semiconductors & Semiconductor Equipment,Semiconductors,1095558369.0,2022-06-29T02:08:14Z,https://en.wikipedia.org/w/index.php?oldid=1095558369,matched_gics
2022-06-30,ADP,ADP,Information Technology,Software & Services,IT Services,Data Processing & Outsourced Services,1095558369.0,2022-06-29T02:08:14Z,https://en.wikipedia.org/w/index.php?oldid=1095558369,matched_gics
2022-06-30,ADSK,Autodesk,Information Technology,Software & Services,Software,Application Software,1095558369.0,2022-06-29T02:08:14Z,https://en.wikipedia.org/w/index.php?oldid=1095558369,matched_gics
2022-06-30,AEP,American Electric Power,Utilities,Utilities,Electric Utilities,Electric Utilities,1095558369.0,2022-06-29T02:08:14Z,https://en.wikipedia.org/w/index.php?oldid=1095558369,matched_gics
2022-06-30,ALGN,Align Technology,Health Care,Health Care Equipment & Services,Health Care Equipment & Supplies,Health Care Supplies,1095558369.0,2022-06-29T02:08:14Z,https://en.wikipedia.org/w/index.php?oldid=1095558369,matched_gics
2022-06-30,AMAT,Applied Materials,Information Technology,Semiconductors & Semiconductor Equipment,Semiconductors & Semiconductor Equipment,Semiconductor Equipment,1095558369.0,2022-06-29T02:08:14Z,https://en.wikipedia.org/w/index.php?oldid=1095558369,matched_gics
2022-06-30,AMD,AMD,Information Technology,Semiconductors & Semiconductor Equipment,Semiconductors & Semiconductor Equipment,Semiconductors,1095558369.0,2022-06-29T02:08:14Z,https://en.wikipedia.org/w/index.php?oldid=1095558369,matched_gics
2022-06-30,AMGN,Amgen,Health Care,"Pharmaceuticals, Biotechnology & Life Sciences",Biotechnology,Biotechnology,1095558369.0,2022-06-29T02:08:14Z,https://en.wikipedia.org/w/index.php?oldid=1095558369,matched_gics
2022-06-30,AMZN,Amazon,Consumer Discretionary,Retailing,Internet & Direct Marketing Retail,Internet & Direct Marketing Retail,1095558369.0,2022-06-29T02:08:14Z,https://en.wikipedia.org/w/index.php?oldid=1095558369,matched_gics
2022-06-30,ANSS,Ansys,Information Technology,Software & Services,Software,Application Software,1095558369.0,2022-06-29T02:08:14Z,https://en.wikipedia.org/w/index.php?oldid=1095558369,matched_gics
2022-06-30,ASML,ASML HOLDING NV,,,,,,,,missing_gics
2022-06-30,AVGO,Broadcom Inc.,Information Technology,Semiconductors & Semiconductor Equipment,Semiconductors & Semiconductor Equipment,Semiconductors,1095558369.0,2022-06-29T02:08:14Z,https://en.wikipedia.org/w/index.php?oldid=1095558369,matched_gics
2022-06-30,AZN,ASTRAZENECA PLC,,,,,,,,missing_gics
2022-06-30,BIIB,Biogen,Health Care,"Pharmaceuticals, Biotechnology & Life Sciences",Biotechnology,Biotechnology,1095558369.0,2022-06-29T02:08:14Z,https://en.wikipedia.org/w/index.php?oldid=1095558369,matched_gics
2022-06-30,BKNG,Booking Holdings,Consumer Discretionary,Retailing,Internet & Direct Marketing Retail,Internet & Direct Marketing Retail,1095558369.0,2022-06-29T02:08:14Z,https://en.wikipedia.org/w/index.php?oldid=1095558369,matched_gics
2022-06-30,BKR,Baker Hughes,Energy,Energy,Energy Equipment & Services,Oil & Gas Equipment & Services,1095558369.0,2022-06-29T02:08:14Z,https://en.wikipedia.org/w/index.php?oldid=1095558369,matched_gics
2022-06-30,CDNS,Cadence Design Systems,Information Technology,Software & Services,Software,Application Software,1095558369.0,2022-06-29T02:08:14Z,https://en.wikipedia.org/w/index.php?oldid=1095558369,matched_gics
2022-06-30,CEG,Constellation Energy,Utilities,Utilities,Multi-Utilities,Multi-Utilities,1095558369.0,2022-06-29T02:08:14Z,https://en.wikipedia.org/w/index.php?oldid=1095558369,matched_gics
2022-06-30,CHTR,Charter Communications,Communication Services,Media,Media,Cable & Satellite,1095558369.0,2022-06-29T02:08:14Z,https://en.wikipedia.org/w/index.php?oldid=1095558369,matched_gics
2022-06-30,CMCSA,Comcast,Communication Services,Media,Media,Cable & Satellite,1095558369.0,2022-06-29T02:08:14Z,https://en.wikipedia.org/w/index.php?oldid=1095558369,matched_gics
2022-06-30,COST,Costco,Consumer Staples,Food & Staples Retailing,Food & Staples Retailing,Hypermarkets & Super Centers,1095558369.0,2022-06-29T02:08:14Z,https://en.wikipedia.org/w/index.php?oldid=1095558369,matched_gics
2022-06-30,CPRT,Copart,Industrials,Commercial & Professional Services,Commercial Services & Supplies,Diversified Support Services,1095558369.0,2022-06-29T02:08:14Z,https://en.wikipedia.org/w/index.php?oldid=1095558369,matched_gics
2022-06-30,CRWD,"CrowdStrike Holdings, Inc.",,,,,,,,missing_gics
2022-06-30,CSCO,Cisco,Information Technology,Technology Hardware & Equipment,Communications Equipment,Communications Equipment,1095558369.0,2022-06-29T02:08:14Z,https://en.wikipedia.org/w/index.php?oldid=1095558369,matched_gics
2022-06-30,CSGP,"COSTAR GROUP, INC.",,,,,,,,missing_gics
2022-06-30,CSX,CSX,Industrials,Transportation,Road & Rail,Railroads,1095558369.0,2022-06-29T02:08:14Z,https://en.wikipedia.org/w/index.php?oldid=1095558369,matched_gics
2022-06-30,CTAS,Cintas,Industrials,Commercial & Professional Services,Commercial Services & Supplies,Diversified Support Services,1095558369.0,2022-06-29T02:08:14Z,https://en.wikipedia.org/w/index.php?oldid=1095558369,matched_gics
2022-06-30,CTSH,Cognizant,Information Technology,Software & Services,IT Services,IT Consulting & Other Services,1095558369.0,2022-06-29T02:08:14Z,https://en.wikipedia.org/w/index.php?oldid=1095558369,matched_gics
2022-06-30,DDOG,"Datadog, Inc.",,,,,,,,missing_gics
2022-06-30,DLTR,Dollar Tree,Consumer Discretionary,Retailing,Multiline Retail,General Merchandise Stores,1095558369.0,2022-06-29T02:08:14Z,https://en.wikipedia.org/w/index.php?oldid=1095558369,matched_gics
2022-06-30,DXCM,Dexcom,Health Care,Health Care Equipment & Services,Health Care Equipment & Supplies,Health Care Equipment,1095558369.0,2022-06-29T02:08:14Z,https://en.wikipedia.org/w/index.php?oldid=1095558369,matched_gics
2022-06-30,EA,Electronic Arts,Communication Services,Media & Entertainment,Entertainment,Interactive Home Entertainment,1095558369.0,2022-06-29T02:08:14Z,https://en.wikipedia.org/w/index.php?oldid=1095558369,matched_gics
2022-06-30,EBAY,eBay,Consumer Discretionary,Retailing,Internet & Direct Marketing Retail,Internet & Direct Marketing Retail,1095558369.0,2022-06-29T02:08:14Z,https://en.wikipedia.org/w/index.php?oldid=1095558369,matched_gics
2022-06-30,ENPH,Enphase,Information Technology,Technology Hardware & Equipment,"Electronic Equipment, Instruments & Components",Electronic Components,1095558369.0,2022-06-29T02:08:14Z,https://en.wikipedia.org/w/index.php?oldid=1095558369,matched_gics
2022-06-30,EXC,Exelon,Utilities,Utilities,Multi-Utilities,Multi-Utilities,1095558369.0,2022-06-29T02:08:14Z,https://en.wikipedia.org/w/index.php?oldid=1095558369,matched_gics
2022-06-30,FANG,Diamondback Energy,Energy,Energy,"Oil, Gas & Consumable Fuels",Oil & Gas Exploration & Production,1095558369.0,2022-06-29T02:08:14Z,https://en.wikipedia.org/w/index.php?oldid=1095558369,matched_gics
2022-06-30,FAST,Fastenal,Industrials,Capital Goods,Building Products,Building Products,1095558369.0,2022-06-29T02:08:14Z,https://en.wikipedia.org/w/index.php?oldid=1095558369,matched_gics
2022-06-30,FTNT,Fortinet,Information Technology,Software & Services,Software,Systems Software,1095558369.0,2022-06-29T02:08:14Z,https://en.wikipedia.org/w/index.php?oldid=1095558369,matched_gics
2022-06-30,GEHC,GE HealthCare Technologies Inc.,,,,,,,,missing_gics
2022-06-30,GFS,GLOBALFOUNDRIES Inc.,,,,,,,,missing_gics
2022-06-30,GILD,Gilead Sciences,Health Care,"Pharmaceuticals, Biotechnology & Life Sciences",Biotechnology,Biotechnology,1095558369.0,2022-06-29T02:08:14Z,https://en.wikipedia.org/w/index.php?oldid=1095558369,matched_gics
2022-06-30,GOOG,Alphabet Inc. (Class C),Communication Services,Media & Entertainment,Interactive Media & Services,Interactive Media & Services,1095558369.0,2022-06-29T02:08:14Z,https://en.wikipedia.org/w/index.php?oldid=1095558369,matched_gics
2022-06-30,GOOGL,Alphabet Inc. (Class A),Communication Services,Media & Entertainment,Interactive Media & Services,Interactive Media & Services,1095558369.0,2022-06-29T02:08:14Z,https://en.wikipedia.org/w/index.php?oldid=1095558369,matched_gics
2022-06-30,HON,Honeywell,Industrials,Capital Goods,Industrial Conglomerates,Industrial Conglomerates,1095558369.0,2022-06-29T02:08:14Z,https://en.wikipedia.org/w/index.php?oldid=1095558369,matched_gics
2022-06-30,IDXX,Idexx Laboratories,Health Care,Health Care Equipment & Services,Health Care Equipment & Supplies,Health Care Equipment,1095558369.0,2022-06-29T02:08:14Z,https://en.wikipedia.org/w/index.php?oldid=1095558369,matched_gics
2022-06-30,ILMN,Illumina,Health Care,"Pharmaceuticals, Biotechnology & Life Sciences",Life Sciences Tools & Services,Life Sciences Tools & Services,1095558369.0,2022-06-29T02:08:14Z,https://en.wikipedia.org/w/index.php?oldid=1095558369,matched_gics
2022-06-30,INTC,Intel,Information Technology,Semiconductors & Semiconductor Equipment,Semiconductors & Semiconductor Equipment,Semiconductors,1095558369.0,2022-06-29T02:08:14Z,https://en.wikipedia.org/w/index.php?oldid=1095558369,matched_gics
2022-06-30,INTU,Intuit,Information Technology,Software & Services,Software,Application Software,1095558369.0,2022-06-29T02:08:14Z,https://en.wikipedia.org/w/index.php?oldid=1095558369,matched_gics
2022-06-30,ISRG,Intuitive Surgical,Health Care,Health Care Equipment & Services,Health Care Equipment & Supplies,Health Care Equipment,1095558369.0,2022-06-29T02:08:14Z,https://en.wikipedia.org/w/index.php?oldid=1095558369,matched_gics
2022-06-30,JD,"JD.com, Inc.",,,,,,,,missing_gics
2022-06-30,KDP,Keurig Dr Pepper,Consumer Staples,"Food, Beverage & Tobacco",Beverages,Soft Drinks,1095558369.0,2022-06-29T02:08:14Z,https://en.wikipedia.org/w/index.php?oldid=1095558369,matched_gics
2022-06-30,KHC,Kraft Heinz,Consumer Staples,"Food, Beverage & Tobacco",Food Products,Packaged Foods & Meats,1095558369.0,2022-06-29T02:08:14Z,https://en.wikipedia.org/w/index.php?oldid=1095558369,matched_gics
2022-06-30,KLAC,KLA Corporation,Information Technology,Semiconductors & Semiconductor Equipment,Semiconductors & Semiconductor Equipment,Semiconductor Equipment,1095558369.0,2022-06-29T02:08:14Z,https://en.wikipedia.org/w/index.php?oldid=1095558369,matched_gics
2022-06-30,LCID,"Lucid Group, Inc.",,,,,,,,missing_gics
2022-06-30,LRCX,Lam Research,Information Technology,Semiconductors & Semiconductor Equipment,Semiconductors & Semiconductor Equipment,Semiconductor Equipment,1095558369.0,2022-06-29T02:08:14Z,https://en.wikipedia.org/w/index.php?oldid=1095558369,matched_gics
2022-06-30,LULU,lululemon athletica inc.,,,,,,,,missing_gics
2022-06-30,MAR,Marriott International,Consumer Discretionary,Consumer Services,"Hotels, Restaurants & Leisure","Hotels, Resorts & Cruise Lines",1095558369.0,2022-06-29T02:08:14Z,https://en.wikipedia.org/w/index.php?oldid=1095558369,matched_gics
2022-06-30,MCHP,Microchip Technology,Information Technology,Semiconductors & Semiconductor Equipment,Semiconductors & Semiconductor Equipment,Semiconductors,1095558369.0,2022-06-29T02:08:14Z,https://en.wikipedia.org/w/index.php?oldid=1095558369,matched_gics
2022-06-30,MDLZ,Mondelez International,Consumer Staples,"Food, Beverage & Tobacco",Food Products,Packaged Foods & Meats,1095558369.0,2022-06-29T02:08:14Z,https://en.wikipedia.org/w/index.php?oldid=1095558369,matched_gics
2022-06-30,MELI,MERCADOLIBRE INC,,,,,,,,missing_gics
2022-06-30,META,Meta Platforms,Communication Services,Media & Entertainment,Interactive Media & Services,Interactive Media & Services,1095558369.0,2022-06-29T02:08:14Z,https://en.wikipedia.org/w/index.php?oldid=1095558369,matched_gics
2022-06-30,MNST,Monster Beverage,Consumer Staples,"Food, Beverage & Tobacco",Beverages,Soft Drinks,1095558369.0,2022-06-29T02:08:14Z,https://en.wikipedia.org/w/index.php?oldid=1095558369,matched_gics
2022-06-30,MRNA,Moderna,Health Care,"Pharmaceuticals, Biotechnology & Life Sciences",Biotechnology,Biotechnology,1095558369.0,2022-06-29T02:08:14Z,https://en.wikipedia.org/w/index.php?oldid=1095558369,matched_gics
2022-06-30,MRVL,"Marvell Technology, Inc.",,,,,,,,missing_gics
2022-06-30,MSFT,Microsoft,Information Technology,Software & Services,Software,Systems Software,1095558369.0,2022-06-29T02:08:14Z,https://en.wikipedia.org/w/index.php?oldid=1095558369,matched_gics
2022-06-30,MU,Micron Technology,Information Technology,Semiconductors & Semiconductor Equipment,Semiconductors & Semiconductor Equipment,Semiconductors,1095558369.0,2022-06-29T02:08:14Z,https://en.wikipedia.org/w/index.php?oldid=1095558369,matched_gics
2022-06-30,NFLX,Netflix,Communication Services,Media & Entertainment,Entertainment,Movies & Entertainment,1095558369.0,2022-06-29T02:08:14Z,https://en.wikipedia.org/w/index.php?oldid=1095558369,matched_gics
2022-06-30,NVDA,Nvidia,Information Technology,Semiconductors & Semiconductor Equipment,Semiconductors & Semiconductor Equipment,Semiconductors,1095558369.0,2022-06-29T02:08:14Z,https://en.wikipedia.org/w/index.php?oldid=1095558369,matched_gics
2022-06-30,NXPI,NXP Semiconductors,Information Technology,Semiconductors & Semiconductor Equipment,Semiconductors & Semiconductor Equipment,Semiconductors,1095558369.0,2022-06-29T02:08:14Z,https://en.wikipedia.org/w/index.php?oldid=1095558369,matched_gics
2022-06-30,ODFL,Old Dominion,Industrials,Transportation,Road & Rail,Trucking,1095558369.0,2022-06-29T02:08:14Z,https://en.wikipedia.org/w/index.php?oldid=1095558369,matched_gics
2022-06-30,ON,ON Semiconductor,Information Technology,Semiconductors & Semiconductor Equipment,Semiconductors & Semiconductor Equipment,Semiconductors,1095558369.0,2022-06-29T02:08:14Z,https://en.wikipedia.org/w/index.php?oldid=1095558369,matched_gics
2022-06-30,ORLY,O'Reilly Auto Parts,Consumer Discretionary,Retailing,Specialty Retail,Specialty Stores,1095558369.0,2022-06-29T02:08:14Z,https://en.wikipedia.org/w/index.php?oldid=1095558369,matched_gics
2022-06-30,PANW,Palo Alto Networks Inc,,,,,,,,missing_gics
2022-06-30,PAYX,Paychex,Information Technology,Software & Services,IT Services,Data Processing & Outsourced Services,1095558369.0,2022-06-29T02:08:14Z,https://en.wikipedia.org/w/index.php?oldid=1095558369,matched_gics
2022-06-30,PCAR,Paccar,Industrials,Capital Goods,Machinery,Construction Machinery & Heavy Trucks,1095558369.0,2022-06-29T02:08:14Z,https://en.wikipedia.org/w/index.php?oldid=1095558369,matched_gics
2022-06-30,PDD,PDD Holdings Inc.,,,,,,,,missing_gics
2022-06-30,PEP,PepsiCo,Consumer Staples,"Food, Beverage & Tobacco",Beverages,Soft Drinks,1095558369.0,2022-06-29T02:08:14Z,https://en.wikipedia.org/w/index.php?oldid=1095558369,matched_gics
2022-06-30,PYPL,PayPal,Information Technology,Software & Services,IT Services,Data Processing & Outsourced Services,1095558369.0,2022-06-29T02:08:14Z,https://en.wikipedia.org/w/index.php?oldid=1095558369,matched_gics
2022-06-30,QCOM,Qualcomm,Information Technology,Semiconductors & Semiconductor Equipment,Semiconductors & Semiconductor Equipment,Semiconductors,1095558369.0,2022-06-29T02:08:14Z,https://en.wikipedia.org/w/index.php?oldid=1095558369,matched_gics
2022-06-30,REGN,Regeneron,Health Care,"Pharmaceuticals, Biotechnology & Life Sciences",Biotechnology,Biotechnology,1095558369.0,2022-06-29T02:08:14Z,https://en.wikipedia.org/w/index.php?oldid=1095558369,matched_gics
2022-06-30,ROST,Ross Stores,Consumer Discretionary,Retailing,Specialty Retail,Apparel Retail,1095558369.0,2022-06-29T02:08:14Z,https://en.wikipedia.org/w/index.php?oldid=1095558369,matched_gics
2022-06-30,SBUX,Starbucks,Consumer Discretionary,Consumer Services,"Hotels, Restaurants & Leisure",Restaurants,1095558369.0,2022-06-29T02:08:14Z,https://en.wikipedia.org/w/index.php?oldid=1095558369,matched_gics
2022-06-30,SGEN,Seagen Inc.,,,,,,,,missing_gics
2022-06-30,SIRI,SIRIUS XM HOLDINGS INC.,,,,,,,,missing_gics
2022-06-30,SNPS,Synopsys,Information Technology,Software & Services,Software,Application Software,1095558369.0,2022-06-29T02:08:14Z,https://en.wikipedia.org/w/index.php?oldid=1095558369,matched_gics
2022-06-30,TEAM,Atlassian Corp,,,,,,,,missing_gics
2022-06-30,TMUS,T-Mobile US,Communication Services,Telecommunication Services,Wireless Telecommunication Services,Wireless Telecommunication Services,1095558369.0,2022-06-29T02:08:14Z,https://en.wikipedia.org/w/index.php?oldid=1095558369,matched_gics
2022-06-30,TSLA,"Tesla, Inc.",Consumer Discretionary,Automobiles & Components,Automobiles,Automobile Manufacturers,1095558369.0,2022-06-29T02:08:14Z,https://en.wikipedia.org/w/index.php?oldid=1095558369,matched_gics
2022-06-30,TTD,"Trade Desk, Inc.",,,,,,,,missing_gics
2022-06-30,TXN,Texas Instruments,Information Technology,Semiconductors & Semiconductor Equipment,Semiconductors & Semiconductor Equipment,Semiconductors,1095558369.0,2022-06-29T02:08:14Z,https://en.wikipedia.org/w/index.php?oldid=1095558369,matched_gics
2022-06-30,VRSK,Verisk,Industrials,Commercial & Professional Services,Professional Services,Research & Consulting Services,1095558369.0,2022-06-29T02:08:14Z,https://en.wikipedia.org/w/index.php?oldid=1095558369,matched_gics
2022-06-30,VRTX,Vertex Pharmaceuticals,Health Care,"Pharmaceuticals, Biotechnology & Life Sciences",Biotechnology,Biotechnology,1095558369.0,2022-06-29T02:08:14Z,https://en.wikipedia.org/w/index.php?oldid=1095558369,matched_gics
2022-06-30,WBA,Walgreens Boots Alliance,Consumer Staples,Food & Staples Retailing,Food & Staples Retailing,Drug Retail,1095558369.0,2022-06-29T02:08:14Z,https://en.wikipedia.org/w/index.php?oldid=1095558369,matched_gics
2022-06-30,WBD,Warner Bros. Discovery,Communication Services,Media & Entertainment,Media,Broadcasting,1095558369.0,2022-06-29T02:08:14Z,https://en.wikipedia.org/w/index.php?oldid=1095558369,matched_gics
2022-06-30,WDAY,"Workday, Inc.",,,,,,,,missing_gics
2022-06-30,XEL,Xcel Energy,Utilities,Utilities,Multi-Utilities,Multi-Utilities,1095558369.0,2022-06-29T02:08:14Z,https://en.wikipedia.org/w/index.php?oldid=1095558369,matched_gics
2022-06-30,ZM,"Zoom Communications, Inc.",,,,,,,,missing_gics
2022-06-30,ZS,"Zscaler, Inc.",,,,,,,,missing_gics
2022-07-31,AAPL,Apple Inc.,Information Technology,Technology Hardware & Equipment,"Technology Hardware, Storage & Peripherals","Technology Hardware, Storage & Peripherals",1101270019.0,2022-07-30T04:38:00Z,https://en.wikipedia.org/w/index.php?oldid=1101270019,matched_gics
2022-07-31,ABNB,"Airbnb, Inc.",,,,,,,,missing_gics
2022-07-31,ADBE,Adobe Inc.,Information Technology,Software & Services,Software,Application Software,1101270019.0,2022-07-30T04:38:00Z,https://en.wikipedia.org/w/index.php?oldid=1101270019,matched_gics
2022-07-31,ADI,Analog Devices,Information Technology,Semiconductors & Semiconductor Equipment,Semiconductors & Semiconductor Equipment,Semiconductors,1101270019.0,2022-07-30T04:38:00Z,https://en.wikipedia.org/w/index.php?oldid=1101270019,matched_gics
2022-07-31,ADP,ADP,Information Technology,Software & Services,IT Services,Data Processing & Outsourced Services,1101270019.0,2022-07-30T04:38:00Z,https://en.wikipedia.org/w/index.php?oldid=1101270019,matched_gics
2022-07-31,ADSK,Autodesk,Information Technology,Software & Services,Software,Application Software,1101270019.0,2022-07-30T04:38:00Z,https://en.wikipedia.org/w/index.php?oldid=1101270019,matched_gics
2022-07-31,AEP,American Electric Power,Utilities,Utilities,Electric Utilities,Electric Utilities,1101270019.0,2022-07-30T04:38:00Z,https://en.wikipedia.org/w/index.php?oldid=1101270019,matched_gics
2022-07-31,ALGN,Align Technology,Health Care,Health Care Equipment & Services,Health Care Equipment & Supplies,Health Care Supplies,1101270019.0,2022-07-30T04:38:00Z,https://en.wikipedia.org/w/index.php?oldid=1101270019,matched_gics
2022-07-31,AMAT,Applied Materials,Information Technology,Semiconductors & Semiconductor Equipment,Semiconductors & Semiconductor Equipment,Semiconductor Equipment,1101270019.0,2022-07-30T04:38:00Z,https://en.wikipedia.org/w/index.php?oldid=1101270019,matched_gics
2022-07-31,AMD,AMD,Information Technology,Semiconductors & Semiconductor Equipment,Semiconductors & Semiconductor Equipment,Semiconductors,1101270019.0,2022-07-30T04:38:00Z,https://en.wikipedia.org/w/index.php?oldid=1101270019,matched_gics
2022-07-31,AMGN,Amgen,Health Care,"Pharmaceuticals, Biotechnology & Life Sciences",Biotechnology,Biotechnology,1101270019.0,2022-07-30T04:38:00Z,https://en.wikipedia.org/w/index.php?oldid=1101270019,matched_gics
2022-07-31,AMZN,Amazon,Consumer Discretionary,Retailing,Internet & Direct Marketing Retail,Internet & Direct Marketing Retail,1101270019.0,2022-07-30T04:38:00Z,https://en.wikipedia.org/w/index.php?oldid=1101270019,matched_gics
2022-07-31,ANSS,Ansys,Information Technology,Software & Services,Software,Application Software,1101270019.0,2022-07-30T04:38:00Z,https://en.wikipedia.org/w/index.php?oldid=1101270019,matched_gics
2022-07-31,ASML,ASML HOLDING NV,,,,,,,,missing_gics
2022-07-31,AVGO,Broadcom Inc.,Information Technology,Semiconductors & Semiconductor Equipment,Semiconductors & Semiconductor Equipment,Semiconductors,1101270019.0,2022-07-30T04:38:00Z,https://en.wikipedia.org/w/index.php?oldid=1101270019,matched_gics
2022-07-31,AZN,ASTRAZENECA PLC,,,,,,,,missing_gics
2022-07-31,BIIB,Biogen,Health Care,"Pharmaceuticals, Biotechnology & Life Sciences",Biotechnology,Biotechnology,1101270019.0,2022-07-30T04:38:00Z,https://en.wikipedia.org/w/index.php?oldid=1101270019,matched_gics
2022-07-31,BKNG,Booking Holdings,Consumer Discretionary,Retailing,Internet & Direct Marketing Retail,Internet & Direct Marketing Retail,1101270019.0,2022-07-30T04:38:00Z,https://en.wikipedia.org/w/index.php?oldid=1101270019,matched_gics
2022-07-31,BKR,Baker Hughes,Energy,Energy,Energy Equipment & Services,Oil & Gas Equipment & Services,1101270019.0,2022-07-30T04:38:00Z,https://en.wikipedia.org/w/index.php?oldid=1101270019,matched_gics
2022-07-31,CDNS,Cadence Design Systems,Information Technology,Software & Services,Software,Application Software,1101270019.0,2022-07-30T04:38:00Z,https://en.wikipedia.org/w/index.php?oldid=1101270019,matched_gics
2022-07-31,CEG,Constellation Energy,Utilities,Utilities,Multi-Utilities,Multi-Utilities,1101270019.0,2022-07-30T04:38:00Z,https://en.wikipedia.org/w/index.php?oldid=1101270019,matched_gics
2022-07-31,CHTR,Charter Communications,Communication Services,Media,Media,Cable & Satellite,1101270019.0,2022-07-30T04:38:00Z,https://en.wikipedia.org/w/index.php?oldid=1101270019,matched_gics
2022-07-31,CMCSA,Comcast,Communication Services,Media,Media,Cable & Satellite,1101270019.0,2022-07-30T04:38:00Z,https://en.wikipedia.org/w/index.php?oldid=1101270019,matched_gics
2022-07-31,COST,Costco,Consumer Staples,Food & Staples Retailing,Food & Staples Retailing,Hypermarkets & Super Centers,1101270019.0,2022-07-30T04:38:00Z,https://en.wikipedia.org/w/index.php?oldid=1101270019,matched_gics
2022-07-31,CPRT,Copart,Industrials,Commercial & Professional Services,Commercial Services & Supplies,Diversified Support Services,1101270019.0,2022-07-30T04:38:00Z,https://en.wikipedia.org/w/index.php?oldid=1101270019,matched_gics
2022-07-31,CRWD,"CrowdStrike Holdings, Inc.",,,,,,,,missing_gics
2022-07-31,CSCO,Cisco,Information Technology,Technology Hardware & Equipment,Communications Equipment,Communications Equipment,1101270019.0,2022-07-30T04:38:00Z,https://en.wikipedia.org/w/index.php?oldid=1101270019,matched_gics
2022-07-31,CSGP,"COSTAR GROUP, INC.",,,,,,,,missing_gics
2022-07-31,CSX,CSX,Industrials,Transportation,Road & Rail,Railroads,1101270019.0,2022-07-30T04:38:00Z,https://en.wikipedia.org/w/index.php?oldid=1101270019,matched_gics
2022-07-31,CTAS,Cintas,Industrials,Commercial & Professional Services,Commercial Services & Supplies,Diversified Support Services,1101270019.0,2022-07-30T04:38:00Z,https://en.wikipedia.org/w/index.php?oldid=1101270019,matched_gics
2022-07-31,CTSH,Cognizant,Information Technology,Software & Services,IT Services,IT Consulting & Other Services,1101270019.0,2022-07-30T04:38:00Z,https://en.wikipedia.org/w/index.php?oldid=1101270019,matched_gics
2022-07-31,DDOG,"Datadog, Inc.",,,,,,,,missing_gics
2022-07-31,DLTR,Dollar Tree,Consumer Discretionary,Retailing,Multiline Retail,General Merchandise Stores,1101270019.0,2022-07-30T04:38:00Z,https://en.wikipedia.org/w/index.php?oldid=1101270019,matched_gics
2022-07-31,DXCM,Dexcom,Health Care,Health Care Equipment & Services,Health Care Equipment & Supplies,Health Care Equipment,1101270019.0,2022-07-30T04:38:00Z,https://en.wikipedia.org/w/index.php?oldid=1101270019,matched_gics
2022-07-31,EA,Electronic Arts,Communication Services,Media & Entertainment,Entertainment,Interactive Home Entertainment,1101270019.0,2022-07-30T04:38:00Z,https://en.wikipedia.org/w/index.php?oldid=1101270019,matched_gics
2022-07-31,EBAY,eBay,Consumer Discretionary,Retailing,Internet & Direct Marketing Retail,Internet & Direct Marketing Retail,1101270019.0,2022-07-30T04:38:00Z,https://en.wikipedia.org/w/index.php?oldid=1101270019,matched_gics
2022-07-31,ENPH,Enphase,Information Technology,Technology Hardware & Equipment,"Electronic Equipment, Instruments & Components",Electronic Components,1101270019.0,2022-07-30T04:38:00Z,https://en.wikipedia.org/w/index.php?oldid=1101270019,matched_gics
2022-07-31,EXC,Exelon,Utilities,Utilities,Multi-Utilities,Multi-Utilities,1101270019.0,2022-07-30T04:38:00Z,https://en.wikipedia.org/w/index.php?oldid=1101270019,matched_gics
2022-07-31,FANG,Diamondback Energy,Energy,Energy,"Oil, Gas & Consumable Fuels",Oil & Gas Exploration & Production,1101270019.0,2022-07-30T04:38:00Z,https://en.wikipedia.org/w/index.php?oldid=1101270019,matched_gics
2022-07-31,FAST,Fastenal,Industrials,Capital Goods,Building Products,Building Products,1101270019.0,2022-07-30T04:38:00Z,https://en.wikipedia.org/w/index.php?oldid=1101270019,matched_gics
2022-07-31,FTNT,Fortinet,Information Technology,Software & Services,Software,Systems Software,1101270019.0,2022-07-30T04:38:00Z,https://en.wikipedia.org/w/index.php?oldid=1101270019,matched_gics
2022-07-31,GEHC,GE HealthCare Technologies Inc.,,,,,,,,missing_gics
2022-07-31,GFS,GLOBALFOUNDRIES Inc.,,,,,,,,missing_gics
2022-07-31,GILD,Gilead Sciences,Health Care,"Pharmaceuticals, Biotechnology & Life Sciences",Biotechnology,Biotechnology,1101270019.0,2022-07-30T04:38:00Z,https://en.wikipedia.org/w/index.php?oldid=1101270019,matched_gics
2022-07-31,GOOG,Alphabet Inc. (Class C),Communication Services,Media & Entertainment,Interactive Media & Services,Interactive Media & Services,1101270019.0,2022-07-30T04:38:00Z,https://en.wikipedia.org/w/index.php?oldid=1101270019,matched_gics
2022-07-31,GOOGL,Alphabet Inc. (Class A),Communication Services,Media & Entertainment,Interactive Media & Services,Interactive Media & Services,1101270019.0,2022-07-30T04:38:00Z,https://en.wikipedia.org/w/index.php?oldid=1101270019,matched_gics
2022-07-31,HON,Honeywell,Industrials,Capital Goods,Industrial Conglomerates,Industrial Conglomerates,1101270019.0,2022-07-30T04:38:00Z,https://en.wikipedia.org/w/index.php?oldid=1101270019,matched_gics
2022-07-31,IDXX,Idexx Laboratories,Health Care,Health Care Equipment & Services,Health Care Equipment & Supplies,Health Care Equipment,1101270019.0,2022-07-30T04:38:00Z,https://en.wikipedia.org/w/index.php?oldid=1101270019,matched_gics
2022-07-31,ILMN,Illumina,Health Care,"Pharmaceuticals, Biotechnology & Life Sciences",Life Sciences Tools & Services,Life Sciences Tools & Services,1101270019.0,2022-07-30T04:38:00Z,https://en.wikipedia.org/w/index.php?oldid=1101270019,matched_gics
2022-07-31,INTC,Intel,Information Technology,Semiconductors & Semiconductor Equipment,Semiconductors & Semiconductor Equipment,Semiconductors,1101270019.0,2022-07-30T04:38:00Z,https://en.wikipedia.org/w/index.php?oldid=1101270019,matched_gics
2022-07-31,INTU,Intuit,Information Technology,Software & Services,Software,Application Software,1101270019.0,2022-07-30T04:38:00Z,https://en.wikipedia.org/w/index.php?oldid=1101270019,matched_gics
2022-07-31,ISRG,Intuitive Surgical,Health Care,Health Care Equipment & Services,Health Care Equipment & Supplies,Health Care Equipment,1101270019.0,2022-07-30T04:38:00Z,https://en.wikipedia.org/w/index.php?oldid=1101270019,matched_gics
2022-07-31,JD,"JD.com, Inc.",,,,,,,,missing_gics
2022-07-31,KDP,Keurig Dr Pepper,Consumer Staples,"Food, Beverage & Tobacco",Beverages,Soft Drinks,1101270019.0,2022-07-30T04:38:00Z,https://en.wikipedia.org/w/index.php?oldid=1101270019,matched_gics
2022-07-31,KHC,Kraft Heinz,Consumer Staples,"Food, Beverage & Tobacco",Food Products,Packaged Foods & Meats,1101270019.0,2022-07-30T04:38:00Z,https://en.wikipedia.org/w/index.php?oldid=1101270019,matched_gics
2022-07-31,KLAC,KLA Corporation,Information Technology,Semiconductors & Semiconductor Equipment,Semiconductors & Semiconductor Equipment,Semiconductor Equipment,1101270019.0,2022-07-30T04:38:00Z,https://en.wikipedia.org/w/index.php?oldid=1101270019,matched_gics
2022-07-31,LCID,"Lucid Group, Inc.",,,,,,,,missing_gics
2022-07-31,LRCX,Lam Research,Information Technology,Semiconductors & Semiconductor Equipment,Semiconductors & Semiconductor Equipment,Semiconductor Equipment,1101270019.0,2022-07-30T04:38:00Z,https://en.wikipedia.org/w/index.php?oldid=1101270019,matched_gics
2022-07-31,LULU,lululemon athletica inc.,,,,,,,,missing_gics
2022-07-31,MAR,Marriott International,Consumer Discretionary,Consumer Services,"Hotels, Restaurants & Leisure","Hotels, Resorts & Cruise Lines",1101270019.0,2022-07-30T04:38:00Z,https://en.wikipedia.org/w/index.php?oldid=1101270019,matched_gics
2022-07-31,MCHP,Microchip Technology,Information Technology,Semiconductors & Semiconductor Equipment,Semiconductors & Semiconductor Equipment,Semiconductors,1101270019.0,2022-07-30T04:38:00Z,https://en.wikipedia.org/w/index.php?oldid=1101270019,matched_gics
2022-07-31,MDLZ,Mondelez International,Consumer Staples,"Food, Beverage & Tobacco",Food Products,Packaged Foods & Meats,1101270019.0,2022-07-30T04:38:00Z,https://en.wikipedia.org/w/index.php?oldid=1101270019,matched_gics
2022-07-31,MELI,MERCADOLIBRE INC,,,,,,,,missing_gics
2022-07-31,META,Meta Platforms,Communication Services,Media & Entertainment,Interactive Media & Services,Interactive Media & Services,1101270019.0,2022-07-30T04:38:00Z,https://en.wikipedia.org/w/index.php?oldid=1101270019,matched_gics
2022-07-31,MNST,Monster Beverage,Consumer Staples,"Food, Beverage & Tobacco",Beverages,Soft Drinks,1101270019.0,2022-07-30T04:38:00Z,https://en.wikipedia.org/w/index.php?oldid=1101270019,matched_gics
2022-07-31,MRNA,Moderna,Health Care,"Pharmaceuticals, Biotechnology & Life Sciences",Biotechnology,Biotechnology,1101270019.0,2022-07-30T04:38:00Z,https://en.wikipedia.org/w/index.php?oldid=1101270019,matched_gics
2022-07-31,MRVL,"Marvell Technology, Inc.",,,,,,,,missing_gics
2022-07-31,MSFT,Microsoft,Information Technology,Software & Services,Software,Systems Software,1101270019.0,2022-07-30T04:38:00Z,https://en.wikipedia.org/w/index.php?oldid=1101270019,matched_gics
2022-07-31,MU,Micron Technology,Information Technology,Semiconductors & Semiconductor Equipment,Semiconductors & Semiconductor Equipment,Semiconductors,1101270019.0,2022-07-30T04:38:00Z,https://en.wikipedia.org/w/index.php?oldid=1101270019,matched_gics
2022-07-31,NFLX,Netflix,Communication Services,Media & Entertainment,Entertainment,Movies & Entertainment,1101270019.0,2022-07-30T04:38:00Z,https://en.wikipedia.org/w/index.php?oldid=1101270019,matched_gics
2022-07-31,NVDA,Nvidia,Information Technology,Semiconductors & Semiconductor Equipment,Semiconductors & Semiconductor Equipment,Semiconductors,1101270019.0,2022-07-30T04:38:00Z,https://en.wikipedia.org/w/index.php?oldid=1101270019,matched_gics
2022-07-31,NXPI,NXP Semiconductors,Information Technology,Semiconductors & Semiconductor Equipment,Semiconductors & Semiconductor Equipment,Semiconductors,1101270019.0,2022-07-30T04:38:00Z,https://en.wikipedia.org/w/index.php?oldid=1101270019,matched_gics
2022-07-31,ODFL,Old Dominion,Industrials,Transportation,Road & Rail,Trucking,1101270019.0,2022-07-30T04:38:00Z,https://en.wikipedia.org/w/index.php?oldid=1101270019,matched_gics
2022-07-31,ON,ON Semiconductor,Information Technology,Semiconductors & Semiconductor Equipment,Semiconductors & Semiconductor Equipment,Semiconductors,1101270019.0,2022-07-30T04:38:00Z,https://en.wikipedia.org/w/index.php?oldid=1101270019,matched_gics
2022-07-31,ORLY,O'Reilly Auto Parts,Consumer Discretionary,Retailing,Specialty Retail,Specialty Stores,1101270019.0,2022-07-30T04:38:00Z,https://en.wikipedia.org/w/index.php?oldid=1101270019,matched_gics
2022-07-31,PANW,Palo Alto Networks Inc,,,,,,,,missing_gics
2022-07-31,PAYX,Paychex,Information Technology,Software & Services,IT Services,Data Processing & Outsourced Services,1101270019.0,2022-07-30T04:38:00Z,https://en.wikipedia.org/w/index.php?oldid=1101270019,matched_gics
2022-07-31,PCAR,Paccar,Industrials,Capital Goods,Machinery,Construction Machinery & Heavy Trucks,1101270019.0,2022-07-30T04:38:00Z,https://en.wikipedia.org/w/index.php?oldid=1101270019,matched_gics
2022-07-31,PDD,PDD Holdings Inc.,,,,,,,,missing_gics
2022-07-31,PEP,PepsiCo,Consumer Staples,"Food, Beverage & Tobacco",Beverages,Soft Drinks,1101270019.0,2022-07-30T04:38:00Z,https://en.wikipedia.org/w/index.php?oldid=1101270019,matched_gics
2022-07-31,PYPL,PayPal,Information Technology,Software & Services,IT Services,Data Processing & Outsourced Services,1101270019.0,2022-07-30T04:38:00Z,https://en.wikipedia.org/w/index.php?oldid=1101270019,matched_gics
2022-07-31,QCOM,Qualcomm,Information Technology,Semiconductors & Semiconductor Equipment,Semiconductors & Semiconductor Equipment,Semiconductors,1101270019.0,2022-07-30T04:38:00Z,https://en.wikipedia.org/w/index.php?oldid=1101270019,matched_gics
2022-07-31,REGN,Regeneron,Health Care,"Pharmaceuticals, Biotechnology & Life Sciences",Biotechnology,Biotechnology,1101270019.0,2022-07-30T04:38:00Z,https://en.wikipedia.org/w/index.php?oldid=1101270019,matched_gics
2022-07-31,ROST,Ross Stores,Consumer Discretionary,Retailing,Specialty Retail,Apparel Retail,1101270019.0,2022-07-30T04:38:00Z,https://en.wikipedia.org/w/index.php?oldid=1101270019,matched_gics
2022-07-31,SBUX,Starbucks,Consumer Discretionary,Consumer Services,"Hotels, Restaurants & Leisure",Restaurants,1101270019.0,2022-07-30T04:38:00Z,https://en.wikipedia.org/w/index.php?oldid=1101270019,matched_gics
2022-07-31,SGEN,Seagen Inc.,,,,,,,,missing_gics
2022-07-31,SIRI,SIRIUS XM HOLDINGS INC.,,,,,,,,missing_gics
2022-07-31,SNPS,Synopsys,Information Technology,Software & Services,Software,Application Software,1101270019.0,2022-07-30T04:38:00Z,https://en.wikipedia.org/w/index.php?oldid=1101270019,matched_gics
2022-07-31,TEAM,Atlassian Corp,,,,,,,,missing_gics
2022-07-31,TMUS,T-Mobile US,Communication Services,Telecommunication Services,Wireless Telecommunication Services,Wireless Telecommunication Services,1101270019.0,2022-07-30T04:38:00Z,https://en.wikipedia.org/w/index.php?oldid=1101270019,matched_gics
2022-07-31,TSLA,"Tesla, Inc.",Consumer Discretionary,Automobiles & Components,Automobiles,Automobile Manufacturers,1101270019.0,2022-07-30T04:38:00Z,https://en.wikipedia.org/w/index.php?oldid=1101270019,matched_gics
2022-07-31,TTD,"Trade Desk, Inc.",,,,,,,,missing_gics
2022-07-31,TXN,Texas Instruments,Information Technology,Semiconductors & Semiconductor Equipment,Semiconductors & Semiconductor Equipment,Semiconductors,1101270019.0,2022-07-30T04:38:00Z,https://en.wikipedia.org/w/index.php?oldid=1101270019,matched_gics
2022-07-31,VRSK,Verisk,Industrials,Commercial & Professional Services,Professional Services,Research & Consulting Services,1101270019.0,2022-07-30T04:38:00Z,https://en.wikipedia.org/w/index.php?oldid=1101270019,matched_gics
2022-07-31,VRTX,Vertex Pharmaceuticals,Health Care,"Pharmaceuticals, Biotechnology & Life Sciences",Biotechnology,Biotechnology,1101270019.0,2022-07-30T04:38:00Z,https://en.wikipedia.org/w/index.php?oldid=1101270019,matched_gics
2022-07-31,WBA,Walgreens Boots Alliance,Consumer Staples,Food & Staples Retailing,Food & Staples Retailing,Drug Retail,1101270019.0,2022-07-30T04:38:00Z,https://en.wikipedia.org/w/index.php?oldid=1101270019,matched_gics
2022-07-31,WBD,Warner Bros. Discovery,Communication Services,Media & Entertainment,Media,Broadcasting,1101270019.0,2022-07-30T04:38:00Z,https://en.wikipedia.org/w/index.php?oldid=1101270019,matched_gics
2022-07-31,WDAY,"Workday, Inc.",,,,,,,,missing_gics
2022-07-31,XEL,Xcel Energy,Utilities,Utilities,Multi-Utilities,Multi-Utilities,1101270019.0,2022-07-30T04:38:00Z,https://en.wikipedia.org/w/index.php?oldid=1101270019,matched_gics
2022-07-31,ZM,"Zoom Communications, Inc.",,,,,,,,missing_gics
2022-07-31,ZS,"Zscaler, Inc.",,,,,,,,missing_gics
2022-08-31,AAPL,Apple Inc.,Information Technology,Technology Hardware & Equipment,"Technology Hardware, Storage & Peripherals","Technology Hardware, Storage & Peripherals",1107350164.0,2022-08-29T14:53:54Z,https://en.wikipedia.org/w/index.php?oldid=1107350164,matched_gics
2022-08-31,ABNB,"Airbnb, Inc.",,,,,,,,missing_gics
2022-08-31,ADBE,Adobe Inc.,Information Technology,Software & Services,Software,Application Software,1107350164.0,2022-08-29T14:53:54Z,https://en.wikipedia.org/w/index.php?oldid=1107350164,matched_gics
2022-08-31,ADI,Analog Devices,Information Technology,Semiconductors & Semiconductor Equipment,Semiconductors & Semiconductor Equipment,Semiconductors,1107350164.0,2022-08-29T14:53:54Z,https://en.wikipedia.org/w/index.php?oldid=1107350164,matched_gics
2022-08-31,ADP,ADP,Information Technology,Software & Services,IT Services,Data Processing & Outsourced Services,1107350164.0,2022-08-29T14:53:54Z,https://en.wikipedia.org/w/index.php?oldid=1107350164,matched_gics
2022-08-31,ADSK,Autodesk,Information Technology,Software & Services,Software,Application Software,1107350164.0,2022-08-29T14:53:54Z,https://en.wikipedia.org/w/index.php?oldid=1107350164,matched_gics
2022-08-31,AEP,American Electric Power,Utilities,Utilities,Electric Utilities,Electric Utilities,1107350164.0,2022-08-29T14:53:54Z,https://en.wikipedia.org/w/index.php?oldid=1107350164,matched_gics
2022-08-31,ALGN,Align Technology,Health Care,Health Care Equipment & Services,Health Care Equipment & Supplies,Health Care Supplies,1107350164.0,2022-08-29T14:53:54Z,https://en.wikipedia.org/w/index.php?oldid=1107350164,matched_gics
2022-08-31,AMAT,Applied Materials,Information Technology,Semiconductors & Semiconductor Equipment,Semiconductors & Semiconductor Equipment,Semiconductor Equipment,1107350164.0,2022-08-29T14:53:54Z,https://en.wikipedia.org/w/index.php?oldid=1107350164,matched_gics
2022-08-31,AMD,AMD,Information Technology,Semiconductors & Semiconductor Equipment,Semiconductors & Semiconductor Equipment,Semiconductors,1107350164.0,2022-08-29T14:53:54Z,https://en.wikipedia.org/w/index.php?oldid=1107350164,matched_gics
2022-08-31,AMGN,Amgen,Health Care,"Pharmaceuticals, Biotechnology & Life Sciences",Biotechnology,Biotechnology,1107350164.0,2022-08-29T14:53:54Z,https://en.wikipedia.org/w/index.php?oldid=1107350164,matched_gics
2022-08-31,AMZN,Amazon,Consumer Discretionary,Retailing,Internet & Direct Marketing Retail,Internet & Direct Marketing Retail,1107350164.0,2022-08-29T14:53:54Z,https://en.wikipedia.org/w/index.php?oldid=1107350164,matched_gics
2022-08-31,ANSS,Ansys,Information Technology,Software & Services,Software,Application Software,1107350164.0,2022-08-29T14:53:54Z,https://en.wikipedia.org/w/index.php?oldid=1107350164,matched_gics
2022-08-31,ASML,ASML HOLDING NV,,,,,,,,missing_gics
2022-08-31,AVGO,Broadcom Inc.,Information Technology,Semiconductors & Semiconductor Equipment,Semiconductors & Semiconductor Equipment,Semiconductors,1107350164.0,2022-08-29T14:53:54Z,https://en.wikipedia.org/w/index.php?oldid=1107350164,matched_gics
2022-08-31,AZN,ASTRAZENECA PLC,,,,,,,,missing_gics
2022-08-31,BIIB,Biogen,Health Care,"Pharmaceuticals, Biotechnology & Life Sciences",Biotechnology,Biotechnology,1107350164.0,2022-08-29T14:53:54Z,https://en.wikipedia.org/w/index.php?oldid=1107350164,matched_gics
2022-08-31,BKNG,Booking Holdings,Consumer Discretionary,Retailing,Internet & Direct Marketing Retail,Internet & Direct Marketing Retail,1107350164.0,2022-08-29T14:53:54Z,https://en.wikipedia.org/w/index.php?oldid=1107350164,matched_gics
2022-08-31,BKR,Baker Hughes,Energy,Energy,Energy Equipment & Services,Oil & Gas Equipment & Services,1107350164.0,2022-08-29T14:53:54Z,https://en.wikipedia.org/w/index.php?oldid=1107350164,matched_gics
2022-08-31,CDNS,Cadence Design Systems,Information Technology,Software & Services,Software,Application Software,1107350164.0,2022-08-29T14:53:54Z,https://en.wikipedia.org/w/index.php?oldid=1107350164,matched_gics
2022-08-31,CEG,Constellation Energy,Utilities,Utilities,Multi-Utilities,Multi-Utilities,1107350164.0,2022-08-29T14:53:54Z,https://en.wikipedia.org/w/index.php?oldid=1107350164,matched_gics
2022-08-31,CHTR,Charter Communications,Communication Services,Media,Media,Cable & Satellite,1107350164.0,2022-08-29T14:53:54Z,https://en.wikipedia.org/w/index.php?oldid=1107350164,matched_gics
2022-08-31,CMCSA,Comcast,Communication Services,Media,Media,Cable & Satellite,1107350164.0,2022-08-29T14:53:54Z,https://en.wikipedia.org/w/index.php?oldid=1107350164,matched_gics
2022-08-31,COST,Costco,Consumer Staples,Food & Staples Retailing,Food & Staples Retailing,Hypermarkets & Super Centers,1107350164.0,2022-08-29T14:53:54Z,https://en.wikipedia.org/w/index.php?oldid=1107350164,matched_gics
2022-08-31,CPRT,Copart,Industrials,Commercial & Professional Services,Commercial Services & Supplies,Diversified Support Services,1107350164.0,2022-08-29T14:53:54Z,https://en.wikipedia.org/w/index.php?oldid=1107350164,matched_gics
2022-08-31,CRWD,"CrowdStrike Holdings, Inc.",,,,,,,,missing_gics
2022-08-31,CSCO,Cisco,Information Technology,Technology Hardware & Equipment,Communications Equipment,Communications Equipment,1107350164.0,2022-08-29T14:53:54Z,https://en.wikipedia.org/w/index.php?oldid=1107350164,matched_gics
2022-08-31,CSGP,"COSTAR GROUP, INC.",,,,,,,,missing_gics
2022-08-31,CSX,CSX,Industrials,Transportation,Road & Rail,Railroads,1107350164.0,2022-08-29T14:53:54Z,https://en.wikipedia.org/w/index.php?oldid=1107350164,matched_gics
2022-08-31,CTAS,Cintas,Industrials,Commercial & Professional Services,Commercial Services & Supplies,Diversified Support Services,1107350164.0,2022-08-29T14:53:54Z,https://en.wikipedia.org/w/index.php?oldid=1107350164,matched_gics
2022-08-31,CTSH,Cognizant,Information Technology,Software & Services,IT Services,IT Consulting & Other Services,1107350164.0,2022-08-29T14:53:54Z,https://en.wikipedia.org/w/index.php?oldid=1107350164,matched_gics
2022-08-31,DDOG,"Datadog, Inc.",,,,,,,,missing_gics
2022-08-31,DLTR,Dollar Tree,Consumer Discretionary,Retailing,Multiline Retail,General Merchandise Stores,1107350164.0,2022-08-29T14:53:54Z,https://en.wikipedia.org/w/index.php?oldid=1107350164,matched_gics
2022-08-31,DXCM,Dexcom,Health Care,Health Care Equipment & Services,Health Care Equipment & Supplies,Health Care Equipment,1107350164.0,2022-08-29T14:53:54Z,https://en.wikipedia.org/w/index.php?oldid=1107350164,matched_gics
2022-08-31,EA,Electronic Arts,Communication Services,Media & Entertainment,Entertainment,Interactive Home Entertainment,1107350164.0,2022-08-29T14:53:54Z,https://en.wikipedia.org/w/index.php?oldid=1107350164,matched_gics
2022-08-31,EBAY,eBay,Consumer Discretionary,Retailing,Internet & Direct Marketing Retail,Internet & Direct Marketing Retail,1107350164.0,2022-08-29T14:53:54Z,https://en.wikipedia.org/w/index.php?oldid=1107350164,matched_gics
2022-08-31,ENPH,Enphase,Information Technology,Technology Hardware & Equipment,"Electronic Equipment, Instruments & Components",Electronic Components,1107350164.0,2022-08-29T14:53:54Z,https://en.wikipedia.org/w/index.php?oldid=1107350164,matched_gics
2022-08-31,EXC,Exelon,Utilities,Utilities,Multi-Utilities,Multi-Utilities,1107350164.0,2022-08-29T14:53:54Z,https://en.wikipedia.org/w/index.php?oldid=1107350164,matched_gics
2022-08-31,FANG,Diamondback Energy,Energy,Energy,"Oil, Gas & Consumable Fuels",Oil & Gas Exploration & Production,1107350164.0,2022-08-29T14:53:54Z,https://en.wikipedia.org/w/index.php?oldid=1107350164,matched_gics
2022-08-31,FAST,Fastenal,Industrials,Capital Goods,Building Products,Building Products,1107350164.0,2022-08-29T14:53:54Z,https://en.wikipedia.org/w/index.php?oldid=1107350164,matched_gics
2022-08-31,FTNT,Fortinet,Information Technology,Software & Services,Software,Systems Software,1107350164.0,2022-08-29T14:53:54Z,https://en.wikipedia.org/w/index.php?oldid=1107350164,matched_gics
2022-08-31,GEHC,GE HealthCare Technologies Inc.,,,,,,,,missing_gics
2022-08-31,GFS,GLOBALFOUNDRIES Inc.,,,,,,,,missing_gics
2022-08-31,GILD,Gilead Sciences,Health Care,"Pharmaceuticals, Biotechnology & Life Sciences",Biotechnology,Biotechnology,1107350164.0,2022-08-29T14:53:54Z,https://en.wikipedia.org/w/index.php?oldid=1107350164,matched_gics
2022-08-31,GOOG,Alphabet Inc. (Class C),Communication Services,Media & Entertainment,Interactive Media & Services,Interactive Media & Services,1107350164.0,2022-08-29T14:53:54Z,https://en.wikipedia.org/w/index.php?oldid=1107350164,matched_gics
2022-08-31,GOOGL,Alphabet Inc. (Class A),Communication Services,Media & Entertainment,Interactive Media & Services,Interactive Media & Services,1107350164.0,2022-08-29T14:53:54Z,https://en.wikipedia.org/w/index.php?oldid=1107350164,matched_gics
2022-08-31,HON,Honeywell,Industrials,Capital Goods,Industrial Conglomerates,Industrial Conglomerates,1107350164.0,2022-08-29T14:53:54Z,https://en.wikipedia.org/w/index.php?oldid=1107350164,matched_gics
2022-08-31,IDXX,Idexx Laboratories,Health Care,Health Care Equipment & Services,Health Care Equipment & Supplies,Health Care Equipment,1107350164.0,2022-08-29T14:53:54Z,https://en.wikipedia.org/w/index.php?oldid=1107350164,matched_gics
2022-08-31,ILMN,Illumina,Health Care,"Pharmaceuticals, Biotechnology & Life Sciences",Life Sciences Tools & Services,Life Sciences Tools & Services,1107350164.0,2022-08-29T14:53:54Z,https://en.wikipedia.org/w/index.php?oldid=1107350164,matched_gics
2022-08-31,INTC,Intel,Information Technology,Semiconductors & Semiconductor Equipment,Semiconductors & Semiconductor Equipment,Semiconductors,1107350164.0,2022-08-29T14:53:54Z,https://en.wikipedia.org/w/index.php?oldid=1107350164,matched_gics
2022-08-31,INTU,Intuit,Information Technology,Software & Services,Software,Application Software,1107350164.0,2022-08-29T14:53:54Z,https://en.wikipedia.org/w/index.php?oldid=1107350164,matched_gics
2022-08-31,ISRG,Intuitive Surgical,Health Care,Health Care Equipment & Services,Health Care Equipment & Supplies,Health Care Equipment,1107350164.0,2022-08-29T14:53:54Z,https://en.wikipedia.org/w/index.php?oldid=1107350164,matched_gics
2022-08-31,JD,"JD.com, Inc.",,,,,,,,missing_gics
2022-08-31,KDP,Keurig Dr Pepper,Consumer Staples,"Food, Beverage & Tobacco",Beverages,Soft Drinks,1107350164.0,2022-08-29T14:53:54Z,https://en.wikipedia.org/w/index.php?oldid=1107350164,matched_gics
2022-08-31,KHC,Kraft Heinz,Consumer Staples,"Food, Beverage & Tobacco",Food Products,Packaged Foods & Meats,1107350164.0,2022-08-29T14:53:54Z,https://en.wikipedia.org/w/index.php?oldid=1107350164,matched_gics
2022-08-31,KLAC,KLA Corporation,Information Technology,Semiconductors & Semiconductor Equipment,Semiconductors & Semiconductor Equipment,Semiconductor Equipment,1107350164.0,2022-08-29T14:53:54Z,https://en.wikipedia.org/w/index.php?oldid=1107350164,matched_gics
2022-08-31,LCID,"Lucid Group, Inc.",,,,,,,,missing_gics
2022-08-31,LRCX,Lam Research,Information Technology,Semiconductors & Semiconductor Equipment,Semiconductors & Semiconductor Equipment,Semiconductor Equipment,1107350164.0,2022-08-29T14:53:54Z,https://en.wikipedia.org/w/index.php?oldid=1107350164,matched_gics
2022-08-31,LULU,lululemon athletica inc.,,,,,,,,missing_gics
2022-08-31,MAR,Marriott International,Consumer Discretionary,Consumer Services,"Hotels, Restaurants & Leisure","Hotels, Resorts & Cruise Lines",1107350164.0,2022-08-29T14:53:54Z,https://en.wikipedia.org/w/index.php?oldid=1107350164,matched_gics
2022-08-31,MCHP,Microchip Technology,Information Technology,Semiconductors & Semiconductor Equipment,Semiconductors & Semiconductor Equipment,Semiconductors,1107350164.0,2022-08-29T14:53:54Z,https://en.wikipedia.org/w/index.php?oldid=1107350164,matched_gics
2022-08-31,MDLZ,Mondelez International,Consumer Staples,"Food, Beverage & Tobacco",Food Products,Packaged Foods & Meats,1107350164.0,2022-08-29T14:53:54Z,https://en.wikipedia.org/w/index.php?oldid=1107350164,matched_gics
2022-08-31,MELI,MERCADOLIBRE INC,,,,,,,,missing_gics
2022-08-31,META,Meta Platforms,Communication Services,Media & Entertainment,Interactive Media & Services,Interactive Media & Services,1107350164.0,2022-08-29T14:53:54Z,https://en.wikipedia.org/w/index.php?oldid=1107350164,matched_gics
2022-08-31,MNST,Monster Beverage,Consumer Staples,"Food, Beverage & Tobacco",Beverages,Soft Drinks,1107350164.0,2022-08-29T14:53:54Z,https://en.wikipedia.org/w/index.php?oldid=1107350164,matched_gics
2022-08-31,MRNA,Moderna,Health Care,"Pharmaceuticals, Biotechnology & Life Sciences",Biotechnology,Biotechnology,1107350164.0,2022-08-29T14:53:54Z,https://en.wikipedia.org/w/index.php?oldid=1107350164,matched_gics
2022-08-31,MRVL,"Marvell Technology, Inc.",,,,,,,,missing_gics
2022-08-31,MSFT,Microsoft,Information Technology,Software & Services,Software,Systems Software,1107350164.0,2022-08-29T14:53:54Z,https://en.wikipedia.org/w/index.php?oldid=1107350164,matched_gics
2022-08-31,MU,Micron Technology,Information Technology,Semiconductors & Semiconductor Equipment,Semiconductors & Semiconductor Equipment,Semiconductors,1107350164.0,2022-08-29T14:53:54Z,https://en.wikipedia.org/w/index.php?oldid=1107350164,matched_gics
2022-08-31,NFLX,Netflix,Communication Services,Media & Entertainment,Entertainment,Movies & Entertainment,1107350164.0,2022-08-29T14:53:54Z,https://en.wikipedia.org/w/index.php?oldid=1107350164,matched_gics
2022-08-31,NVDA,Nvidia,Information Technology,Semiconductors & Semiconductor Equipment,Semiconductors & Semiconductor Equipment,Semiconductors,1107350164.0,2022-08-29T14:53:54Z,https://en.wikipedia.org/w/index.php?oldid=1107350164,matched_gics
2022-08-31,NXPI,NXP Semiconductors,Information Technology,Semiconductors & Semiconductor Equipment,Semiconductors & Semiconductor Equipment,Semiconductors,1107350164.0,2022-08-29T14:53:54Z,https://en.wikipedia.org/w/index.php?oldid=1107350164,matched_gics
2022-08-31,ODFL,Old Dominion,Industrials,Transportation,Road & Rail,Trucking,1107350164.0,2022-08-29T14:53:54Z,https://en.wikipedia.org/w/index.php?oldid=1107350164,matched_gics
2022-08-31,ON,ON Semiconductor,Information Technology,Semiconductors & Semiconductor Equipment,Semiconductors & Semiconductor Equipment,Semiconductors,1107350164.0,2022-08-29T14:53:54Z,https://en.wikipedia.org/w/index.php?oldid=1107350164,matched_gics
2022-08-31,ORLY,O'Reilly Auto Parts,Consumer Discretionary,Retailing,Specialty Retail,Specialty Stores,1107350164.0,2022-08-29T14:53:54Z,https://en.wikipedia.org/w/index.php?oldid=1107350164,matched_gics
2022-08-31,PANW,Palo Alto Networks Inc,,,,,,,,missing_gics
2022-08-31,PAYX,Paychex,Information Technology,Software & Services,IT Services,Data Processing & Outsourced Services,1107350164.0,2022-08-29T14:53:54Z,https://en.wikipedia.org/w/index.php?oldid=1107350164,matched_gics
2022-08-31,PCAR,Paccar,Industrials,Capital Goods,Machinery,Construction Machinery & Heavy Trucks,1107350164.0,2022-08-29T14:53:54Z,https://en.wikipedia.org/w/index.php?oldid=1107350164,matched_gics
2022-08-31,PDD,PDD Holdings Inc.,,,,,,,,missing_gics
2022-08-31,PEP,PepsiCo,Consumer Staples,"Food, Beverage & Tobacco",Beverages,Soft Drinks,1107350164.0,2022-08-29T14:53:54Z,https://en.wikipedia.org/w/index.php?oldid=1107350164,matched_gics
2022-08-31,PYPL,PayPal,Information Technology,Software & Services,IT Services,Data Processing & Outsourced Services,1107350164.0,2022-08-29T14:53:54Z,https://en.wikipedia.org/w/index.php?oldid=1107350164,matched_gics
2022-08-31,QCOM,Qualcomm,Information Technology,Semiconductors & Semiconductor Equipment,Semiconductors & Semiconductor Equipment,Semiconductors,1107350164.0,2022-08-29T14:53:54Z,https://en.wikipedia.org/w/index.php?oldid=1107350164,matched_gics
2022-08-31,REGN,Regeneron,Health Care,"Pharmaceuticals, Biotechnology & Life Sciences",Biotechnology,Biotechnology,1107350164.0,2022-08-29T14:53:54Z,https://en.wikipedia.org/w/index.php?oldid=1107350164,matched_gics
2022-08-31,ROST,Ross Stores,Consumer Discretionary,Retailing,Specialty Retail,Apparel Retail,1107350164.0,2022-08-29T14:53:54Z,https://en.wikipedia.org/w/index.php?oldid=1107350164,matched_gics
2022-08-31,SBUX,Starbucks,Consumer Discretionary,Consumer Services,"Hotels, Restaurants & Leisure",Restaurants,1107350164.0,2022-08-29T14:53:54Z,https://en.wikipedia.org/w/index.php?oldid=1107350164,matched_gics
2022-08-31,SGEN,Seagen Inc.,,,,,,,,missing_gics
2022-08-31,SIRI,SIRIUS XM HOLDINGS INC.,,,,,,,,missing_gics
2022-08-31,SNPS,Synopsys,Information Technology,Software & Services,Software,Application Software,1107350164.0,2022-08-29T14:53:54Z,https://en.wikipedia.org/w/index.php?oldid=1107350164,matched_gics
2022-08-31,TEAM,Atlassian Corp,,,,,,,,missing_gics
2022-08-31,TMUS,T-Mobile US,Communication Services,Telecommunication Services,Wireless Telecommunication Services,Wireless Telecommunication Services,1107350164.0,2022-08-29T14:53:54Z,https://en.wikipedia.org/w/index.php?oldid=1107350164,matched_gics
2022-08-31,TSLA,"Tesla, Inc.",Consumer Discretionary,Automobiles & Components,Automobiles,Automobile Manufacturers,1107350164.0,2022-08-29T14:53:54Z,https://en.wikipedia.org/w/index.php?oldid=1107350164,matched_gics
2022-08-31,TTD,"Trade Desk, Inc.",,,,,,,,missing_gics
2022-08-31,TXN,Texas Instruments,Information Technology,Semiconductors & Semiconductor Equipment,Semiconductors & Semiconductor Equipment,Semiconductors,1107350164.0,2022-08-29T14:53:54Z,https://en.wikipedia.org/w/index.php?oldid=1107350164,matched_gics
2022-08-31,VRSK,Verisk,Industrials,Commercial & Professional Services,Professional Services,Research & Consulting Services,1107350164.0,2022-08-29T14:53:54Z,https://en.wikipedia.org/w/index.php?oldid=1107350164,matched_gics
2022-08-31,VRTX,Vertex Pharmaceuticals,Health Care,"Pharmaceuticals, Biotechnology & Life Sciences",Biotechnology,Biotechnology,1107350164.0,2022-08-29T14:53:54Z,https://en.wikipedia.org/w/index.php?oldid=1107350164,matched_gics
2022-08-31,WBA,Walgreens Boots Alliance,Consumer Staples,Food & Staples Retailing,Food & Staples Retailing,Drug Retail,1107350164.0,2022-08-29T14:53:54Z,https://en.wikipedia.org/w/index.php?oldid=1107350164,matched_gics
2022-08-31,WBD,Warner Bros. Discovery,Communication Services,Media & Entertainment,Media,Broadcasting,1107350164.0,2022-08-29T14:53:54Z,https://en.wikipedia.org/w/index.php?oldid=1107350164,matched_gics
2022-08-31,WDAY,"Workday, Inc.",,,,,,,,missing_gics
2022-08-31,XEL,Xcel Energy,Utilities,Utilities,Multi-Utilities,Multi-Utilities,1107350164.0,2022-08-29T14:53:54Z,https://en.wikipedia.org/w/index.php?oldid=1107350164,matched_gics
2022-08-31,ZM,"Zoom Communications, Inc.",,,,,,,,missing_gics
2022-08-31,ZS,"Zscaler, Inc.",,,,,,,,missing_gics
2022-09-30,AAPL,Apple Inc.,Information Technology,Technology Hardware & Equipment,"Technology Hardware, Storage & Peripherals","Technology Hardware, Storage & Peripherals",1113035208.0,2022-09-29T11:20:05Z,https://en.wikipedia.org/w/index.php?oldid=1113035208,matched_gics
2022-09-30,ABNB,"Airbnb, Inc.",,,,,,,,missing_gics
2022-09-30,ADBE,Adobe Inc.,Information Technology,Software & Services,Software,Application Software,1113035208.0,2022-09-29T11:20:05Z,https://en.wikipedia.org/w/index.php?oldid=1113035208,matched_gics
2022-09-30,ADI,Analog Devices,Information Technology,Semiconductors & Semiconductor Equipment,Semiconductors & Semiconductor Equipment,Semiconductors,1113035208.0,2022-09-29T11:20:05Z,https://en.wikipedia.org/w/index.php?oldid=1113035208,matched_gics
2022-09-30,ADP,ADP,Information Technology,Software & Services,IT Services,Data Processing & Outsourced Services,1113035208.0,2022-09-29T11:20:05Z,https://en.wikipedia.org/w/index.php?oldid=1113035208,matched_gics
2022-09-30,ADSK,Autodesk,Information Technology,Software & Services,Software,Application Software,1113035208.0,2022-09-29T11:20:05Z,https://en.wikipedia.org/w/index.php?oldid=1113035208,matched_gics
2022-09-30,AEP,American Electric Power,Utilities,Utilities,Electric Utilities,Electric Utilities,1113035208.0,2022-09-29T11:20:05Z,https://en.wikipedia.org/w/index.php?oldid=1113035208,matched_gics
2022-09-30,ALGN,Align Technology,Health Care,Health Care Equipment & Services,Health Care Equipment & Supplies,Health Care Supplies,1113035208.0,2022-09-29T11:20:05Z,https://en.wikipedia.org/w/index.php?oldid=1113035208,matched_gics
2022-09-30,AMAT,Applied Materials,Information Technology,Semiconductors & Semiconductor Equipment,Semiconductors & Semiconductor Equipment,Semiconductor Equipment,1113035208.0,2022-09-29T11:20:05Z,https://en.wikipedia.org/w/index.php?oldid=1113035208,matched_gics
2022-09-30,AMD,AMD,Information Technology,Semiconductors & Semiconductor Equipment,Semiconductors & Semiconductor Equipment,Semiconductors,1113035208.0,2022-09-29T11:20:05Z,https://en.wikipedia.org/w/index.php?oldid=1113035208,matched_gics
2022-09-30,AMGN,Amgen,Health Care,"Pharmaceuticals, Biotechnology & Life Sciences",Biotechnology,Biotechnology,1113035208.0,2022-09-29T11:20:05Z,https://en.wikipedia.org/w/index.php?oldid=1113035208,matched_gics
2022-09-30,AMZN,Amazon,Consumer Discretionary,Retailing,Internet & Direct Marketing Retail,Internet & Direct Marketing Retail,1113035208.0,2022-09-29T11:20:05Z,https://en.wikipedia.org/w/index.php?oldid=1113035208,matched_gics
2022-09-30,ANSS,Ansys,Information Technology,Software & Services,Software,Application Software,1113035208.0,2022-09-29T11:20:05Z,https://en.wikipedia.org/w/index.php?oldid=1113035208,matched_gics
2022-09-30,ASML,ASML HOLDING NV,,,,,,,,missing_gics
2022-09-30,AVGO,Broadcom Inc.,Information Technology,Semiconductors & Semiconductor Equipment,Semiconductors & Semiconductor Equipment,Semiconductors,1113035208.0,2022-09-29T11:20:05Z,https://en.wikipedia.org/w/index.php?oldid=1113035208,matched_gics
2022-09-30,AZN,ASTRAZENECA PLC,,,,,,,,missing_gics
2022-09-30,BIIB,Biogen,Health Care,"Pharmaceuticals, Biotechnology & Life Sciences",Biotechnology,Biotechnology,1113035208.0,2022-09-29T11:20:05Z,https://en.wikipedia.org/w/index.php?oldid=1113035208,matched_gics
2022-09-30,BKNG,Booking Holdings,Consumer Discretionary,Retailing,Internet & Direct Marketing Retail,Internet & Direct Marketing Retail,1113035208.0,2022-09-29T11:20:05Z,https://en.wikipedia.org/w/index.php?oldid=1113035208,matched_gics
2022-09-30,BKR,Baker Hughes,Energy,Energy,Energy Equipment & Services,Oil & Gas Equipment & Services,1113035208.0,2022-09-29T11:20:05Z,https://en.wikipedia.org/w/index.php?oldid=1113035208,matched_gics
2022-09-30,CDNS,Cadence Design Systems,Information Technology,Software & Services,Software,Application Software,1113035208.0,2022-09-29T11:20:05Z,https://en.wikipedia.org/w/index.php?oldid=1113035208,matched_gics
2022-09-30,CEG,Constellation Energy,Utilities,Utilities,Multi-Utilities,Multi-Utilities,1113035208.0,2022-09-29T11:20:05Z,https://en.wikipedia.org/w/index.php?oldid=1113035208,matched_gics
2022-09-30,CHTR,Charter Communications,Communication Services,Media,Media,Cable & Satellite,1113035208.0,2022-09-29T11:20:05Z,https://en.wikipedia.org/w/index.php?oldid=1113035208,matched_gics
2022-09-30,CMCSA,Comcast,Communication Services,Media,Media,Cable & Satellite,1113035208.0,2022-09-29T11:20:05Z,https://en.wikipedia.org/w/index.php?oldid=1113035208,matched_gics
2022-09-30,COST,Costco,Consumer Staples,Food & Staples Retailing,Food & Staples Retailing,Hypermarkets & Super Centers,1113035208.0,2022-09-29T11:20:05Z,https://en.wikipedia.org/w/index.php?oldid=1113035208,matched_gics
2022-09-30,CPRT,Copart,Industrials,Commercial & Professional Services,Commercial Services & Supplies,Diversified Support Services,1113035208.0,2022-09-29T11:20:05Z,https://en.wikipedia.org/w/index.php?oldid=1113035208,matched_gics
2022-09-30,CRWD,"CrowdStrike Holdings, Inc.",,,,,,,,missing_gics
2022-09-30,CSCO,Cisco,Information Technology,Technology Hardware & Equipment,Communications Equipment,Communications Equipment,1113035208.0,2022-09-29T11:20:05Z,https://en.wikipedia.org/w/index.php?oldid=1113035208,matched_gics
2022-09-30,CSGP,CoStar Group,Industrials,Commercial & Professional Services,Professional Services,Research & Consulting Services,1113035208.0,2022-09-29T11:20:05Z,https://en.wikipedia.org/w/index.php?oldid=1113035208,matched_gics
2022-09-30,CSX,CSX,Industrials,Transportation,Road & Rail,Railroads,1113035208.0,2022-09-29T11:20:05Z,https://en.wikipedia.org/w/index.php?oldid=1113035208,matched_gics
2022-09-30,CTAS,Cintas,Industrials,Commercial & Professional Services,Commercial Services & Supplies,Diversified Support Services,1113035208.0,2022-09-29T11:20:05Z,https://en.wikipedia.org/w/index.php?oldid=1113035208,matched_gics
2022-09-30,CTSH,Cognizant,Information Technology,Software & Services,IT Services,IT Consulting & Other Services,1113035208.0,2022-09-29T11:20:05Z,https://en.wikipedia.org/w/index.php?oldid=1113035208,matched_gics
2022-09-30,DDOG,"Datadog, Inc.",,,,,,,,missing_gics
2022-09-30,DLTR,Dollar Tree,Consumer Discretionary,Retailing,Multiline Retail,General Merchandise Stores,1113035208.0,2022-09-29T11:20:05Z,https://en.wikipedia.org/w/index.php?oldid=1113035208,matched_gics
2022-09-30,DXCM,Dexcom,Health Care,Health Care Equipment & Services,Health Care Equipment & Supplies,Health Care Equipment,1113035208.0,2022-09-29T11:20:05Z,https://en.wikipedia.org/w/index.php?oldid=1113035208,matched_gics
2022-09-30,EA,Electronic Arts,Communication Services,Media & Entertainment,Entertainment,Interactive Home Entertainment,1113035208.0,2022-09-29T11:20:05Z,https://en.wikipedia.org/w/index.php?oldid=1113035208,matched_gics
2022-09-30,EBAY,eBay,Consumer Discretionary,Retailing,Internet & Direct Marketing Retail,Internet & Direct Marketing Retail,1113035208.0,2022-09-29T11:20:05Z,https://en.wikipedia.org/w/index.php?oldid=1113035208,matched_gics
2022-09-30,ENPH,Enphase,Information Technology,Technology Hardware & Equipment,"Electronic Equipment, Instruments & Components",Electronic Components,1113035208.0,2022-09-29T11:20:05Z,https://en.wikipedia.org/w/index.php?oldid=1113035208,matched_gics
2022-09-30,EXC,Exelon,Utilities,Utilities,Multi-Utilities,Multi-Utilities,1113035208.0,2022-09-29T11:20:05Z,https://en.wikipedia.org/w/index.php?oldid=1113035208,matched_gics
2022-09-30,FANG,Diamondback Energy,Energy,Energy,"Oil, Gas & Consumable Fuels",Oil & Gas Exploration & Production,1113035208.0,2022-09-29T11:20:05Z,https://en.wikipedia.org/w/index.php?oldid=1113035208,matched_gics
2022-09-30,FAST,Fastenal,Industrials,Capital Goods,Building Products,Building Products,1113035208.0,2022-09-29T11:20:05Z,https://en.wikipedia.org/w/index.php?oldid=1113035208,matched_gics
2022-09-30,FTNT,Fortinet,Information Technology,Software & Services,Software,Systems Software,1113035208.0,2022-09-29T11:20:05Z,https://en.wikipedia.org/w/index.php?oldid=1113035208,matched_gics
2022-09-30,GEHC,GE HealthCare Technologies Inc.,,,,,,,,missing_gics
2022-09-30,GFS,GLOBALFOUNDRIES Inc.,,,,,,,,missing_gics
2022-09-30,GILD,Gilead Sciences,Health Care,"Pharmaceuticals, Biotechnology & Life Sciences",Biotechnology,Biotechnology,1113035208.0,2022-09-29T11:20:05Z,https://en.wikipedia.org/w/index.php?oldid=1113035208,matched_gics
2022-09-30,GOOG,Alphabet Inc. (Class C),Communication Services,Media & Entertainment,Interactive Media & Services,Interactive Media & Services,1113035208.0,2022-09-29T11:20:05Z,https://en.wikipedia.org/w/index.php?oldid=1113035208,matched_gics
2022-09-30,GOOGL,Alphabet Inc. (Class A),Communication Services,Media & Entertainment,Interactive Media & Services,Interactive Media & Services,1113035208.0,2022-09-29T11:20:05Z,https://en.wikipedia.org/w/index.php?oldid=1113035208,matched_gics
2022-09-30,HON,Honeywell,Industrials,Capital Goods,Industrial Conglomerates,Industrial Conglomerates,1113035208.0,2022-09-29T11:20:05Z,https://en.wikipedia.org/w/index.php?oldid=1113035208,matched_gics
2022-09-30,IDXX,Idexx Laboratories,Health Care,Health Care Equipment & Services,Health Care Equipment & Supplies,Health Care Equipment,1113035208.0,2022-09-29T11:20:05Z,https://en.wikipedia.org/w/index.php?oldid=1113035208,matched_gics
2022-09-30,ILMN,Illumina,Health Care,"Pharmaceuticals, Biotechnology & Life Sciences",Life Sciences Tools & Services,Life Sciences Tools & Services,1113035208.0,2022-09-29T11:20:05Z,https://en.wikipedia.org/w/index.php?oldid=1113035208,matched_gics
2022-09-30,INTC,Intel,Information Technology,Semiconductors & Semiconductor Equipment,Semiconductors & Semiconductor Equipment,Semiconductors,1113035208.0,2022-09-29T11:20:05Z,https://en.wikipedia.org/w/index.php?oldid=1113035208,matched_gics
2022-09-30,INTU,Intuit,Information Technology,Software & Services,Software,Application Software,1113035208.0,2022-09-29T11:20:05Z,https://en.wikipedia.org/w/index.php?oldid=1113035208,matched_gics
2022-09-30,ISRG,Intuitive Surgical,Health Care,Health Care Equipment & Services,Health Care Equipment & Supplies,Health Care Equipment,1113035208.0,2022-09-29T11:20:05Z,https://en.wikipedia.org/w/index.php?oldid=1113035208,matched_gics
2022-09-30,JD,"JD.com, Inc.",,,,,,,,missing_gics
2022-09-30,KDP,Keurig Dr Pepper,Consumer Staples,"Food, Beverage & Tobacco",Beverages,Soft Drinks,1113035208.0,2022-09-29T11:20:05Z,https://en.wikipedia.org/w/index.php?oldid=1113035208,matched_gics
2022-09-30,KHC,Kraft Heinz,Consumer Staples,"Food, Beverage & Tobacco",Food Products,Packaged Foods & Meats,1113035208.0,2022-09-29T11:20:05Z,https://en.wikipedia.org/w/index.php?oldid=1113035208,matched_gics
2022-09-30,KLAC,KLA Corporation,Information Technology,Semiconductors & Semiconductor Equipment,Semiconductors & Semiconductor Equipment,Semiconductor Equipment,1113035208.0,2022-09-29T11:20:05Z,https://en.wikipedia.org/w/index.php?oldid=1113035208,matched_gics
2022-09-30,LCID,"Lucid Group, Inc.",,,,,,,,missing_gics
2022-09-30,LRCX,Lam Research,Information Technology,Semiconductors & Semiconductor Equipment,Semiconductors & Semiconductor Equipment,Semiconductor Equipment,1113035208.0,2022-09-29T11:20:05Z,https://en.wikipedia.org/w/index.php?oldid=1113035208,matched_gics
2022-09-30,LULU,lululemon athletica inc.,,,,,,,,missing_gics
2022-09-30,MAR,Marriott International,Consumer Discretionary,Consumer Services,"Hotels, Restaurants & Leisure","Hotels, Resorts & Cruise Lines",1113035208.0,2022-09-29T11:20:05Z,https://en.wikipedia.org/w/index.php?oldid=1113035208,matched_gics
2022-09-30,MCHP,Microchip Technology,Information Technology,Semiconductors & Semiconductor Equipment,Semiconductors & Semiconductor Equipment,Semiconductors,1113035208.0,2022-09-29T11:20:05Z,https://en.wikipedia.org/w/index.php?oldid=1113035208,matched_gics
2022-09-30,MDLZ,Mondelez International,Consumer Staples,"Food, Beverage & Tobacco",Food Products,Packaged Foods & Meats,1113035208.0,2022-09-29T11:20:05Z,https://en.wikipedia.org/w/index.php?oldid=1113035208,matched_gics
2022-09-30,MELI,MERCADOLIBRE INC,,,,,,,,missing_gics
2022-09-30,META,Meta Platforms,Communication Services,Media & Entertainment,Interactive Media & Services,Interactive Media & Services,1113035208.0,2022-09-29T11:20:05Z,https://en.wikipedia.org/w/index.php?oldid=1113035208,matched_gics
2022-09-30,MNST,Monster Beverage,Consumer Staples,"Food, Beverage & Tobacco",Beverages,Soft Drinks,1113035208.0,2022-09-29T11:20:05Z,https://en.wikipedia.org/w/index.php?oldid=1113035208,matched_gics
2022-09-30,MRNA,Moderna,Health Care,"Pharmaceuticals, Biotechnology & Life Sciences",Biotechnology,Biotechnology,1113035208.0,2022-09-29T11:20:05Z,https://en.wikipedia.org/w/index.php?oldid=1113035208,matched_gics
2022-09-30,MRVL,"Marvell Technology, Inc.",,,,,,,,missing_gics
2022-09-30,MSFT,Microsoft,Information Technology,Software & Services,Software,Systems Software,1113035208.0,2022-09-29T11:20:05Z,https://en.wikipedia.org/w/index.php?oldid=1113035208,matched_gics
2022-09-30,MU,Micron Technology,Information Technology,Semiconductors & Semiconductor Equipment,Semiconductors & Semiconductor Equipment,Semiconductors,1113035208.0,2022-09-29T11:20:05Z,https://en.wikipedia.org/w/index.php?oldid=1113035208,matched_gics
2022-09-30,NFLX,Netflix,Communication Services,Media & Entertainment,Entertainment,Movies & Entertainment,1113035208.0,2022-09-29T11:20:05Z,https://en.wikipedia.org/w/index.php?oldid=1113035208,matched_gics
2022-09-30,NVDA,Nvidia,Information Technology,Semiconductors & Semiconductor Equipment,Semiconductors & Semiconductor Equipment,Semiconductors,1113035208.0,2022-09-29T11:20:05Z,https://en.wikipedia.org/w/index.php?oldid=1113035208,matched_gics
2022-09-30,NXPI,NXP Semiconductors,Information Technology,Semiconductors & Semiconductor Equipment,Semiconductors & Semiconductor Equipment,Semiconductors,1113035208.0,2022-09-29T11:20:05Z,https://en.wikipedia.org/w/index.php?oldid=1113035208,matched_gics
2022-09-30,ODFL,Old Dominion,Industrials,Transportation,Road & Rail,Trucking,1113035208.0,2022-09-29T11:20:05Z,https://en.wikipedia.org/w/index.php?oldid=1113035208,matched_gics
2022-09-30,ON,ON Semiconductor,Information Technology,Semiconductors & Semiconductor Equipment,Semiconductors & Semiconductor Equipment,Semiconductors,1113035208.0,2022-09-29T11:20:05Z,https://en.wikipedia.org/w/index.php?oldid=1113035208,matched_gics
2022-09-30,ORLY,O'Reilly Auto Parts,Consumer Discretionary,Retailing,Specialty Retail,Specialty Stores,1113035208.0,2022-09-29T11:20:05Z,https://en.wikipedia.org/w/index.php?oldid=1113035208,matched_gics
2022-09-30,PANW,Palo Alto Networks Inc,,,,,,,,missing_gics
2022-09-30,PAYX,Paychex,Information Technology,Software & Services,IT Services,Data Processing & Outsourced Services,1113035208.0,2022-09-29T11:20:05Z,https://en.wikipedia.org/w/index.php?oldid=1113035208,matched_gics
2022-09-30,PCAR,Paccar,Industrials,Capital Goods,Machinery,Construction Machinery & Heavy Trucks,1113035208.0,2022-09-29T11:20:05Z,https://en.wikipedia.org/w/index.php?oldid=1113035208,matched_gics
2022-09-30,PDD,PDD Holdings Inc.,,,,,,,,missing_gics
2022-09-30,PEP,PepsiCo,Consumer Staples,"Food, Beverage & Tobacco",Beverages,Soft Drinks,1113035208.0,2022-09-29T11:20:05Z,https://en.wikipedia.org/w/index.php?oldid=1113035208,matched_gics
2022-09-30,PYPL,PayPal,Information Technology,Software & Services,IT Services,Data Processing & Outsourced Services,1113035208.0,2022-09-29T11:20:05Z,https://en.wikipedia.org/w/index.php?oldid=1113035208,matched_gics
2022-09-30,QCOM,Qualcomm,Information Technology,Semiconductors & Semiconductor Equipment,Semiconductors & Semiconductor Equipment,Semiconductors,1113035208.0,2022-09-29T11:20:05Z,https://en.wikipedia.org/w/index.php?oldid=1113035208,matched_gics
2022-09-30,REGN,Regeneron,Health Care,"Pharmaceuticals, Biotechnology & Life Sciences",Biotechnology,Biotechnology,1113035208.0,2022-09-29T11:20:05Z,https://en.wikipedia.org/w/index.php?oldid=1113035208,matched_gics
2022-09-30,ROST,Ross Stores,Consumer Discretionary,Retailing,Specialty Retail,Apparel Retail,1113035208.0,2022-09-29T11:20:05Z,https://en.wikipedia.org/w/index.php?oldid=1113035208,matched_gics
2022-09-30,SBUX,Starbucks,Consumer Discretionary,Consumer Services,"Hotels, Restaurants & Leisure",Restaurants,1113035208.0,2022-09-29T11:20:05Z,https://en.wikipedia.org/w/index.php?oldid=1113035208,matched_gics
2022-09-30,SGEN,Seagen Inc.,,,,,,,,missing_gics
2022-09-30,SIRI,SIRIUS XM HOLDINGS INC.,,,,,,,,missing_gics
2022-09-30,SNPS,Synopsys,Information Technology,Software & Services,Software,Application Software,1113035208.0,2022-09-29T11:20:05Z,https://en.wikipedia.org/w/index.php?oldid=1113035208,matched_gics
2022-09-30,TEAM,Atlassian Corp,,,,,,,,missing_gics
2022-09-30,TMUS,T-Mobile US,Communication Services,Telecommunication Services,Wireless Telecommunication Services,Wireless Telecommunication Services,1113035208.0,2022-09-29T11:20:05Z,https://en.wikipedia.org/w/index.php?oldid=1113035208,matched_gics
2022-09-30,TSLA,"Tesla, Inc.",Consumer Discretionary,Automobiles & Components,Automobiles,Automobile Manufacturers,1113035208.0,2022-09-29T11:20:05Z,https://en.wikipedia.org/w/index.php?oldid=1113035208,matched_gics
2022-09-30,TTD,"Trade Desk, Inc.",,,,,,,,missing_gics
2022-09-30,TXN,Texas Instruments,Information Technology,Semiconductors & Semiconductor Equipment,Semiconductors & Semiconductor Equipment,Semiconductors,1113035208.0,2022-09-29T11:20:05Z,https://en.wikipedia.org/w/index.php?oldid=1113035208,matched_gics
2022-09-30,VRSK,Verisk,Industrials,Commercial & Professional Services,Professional Services,Research & Consulting Services,1113035208.0,2022-09-29T11:20:05Z,https://en.wikipedia.org/w/index.php?oldid=1113035208,matched_gics
2022-09-30,VRTX,Vertex Pharmaceuticals,Health Care,"Pharmaceuticals, Biotechnology & Life Sciences",Biotechnology,Biotechnology,1113035208.0,2022-09-29T11:20:05Z,https://en.wikipedia.org/w/index.php?oldid=1113035208,matched_gics
2022-09-30,WBA,Walgreens Boots Alliance,Consumer Staples,Food & Staples Retailing,Food & Staples Retailing,Drug Retail,1113035208.0,2022-09-29T11:20:05Z,https://en.wikipedia.org/w/index.php?oldid=1113035208,matched_gics
2022-09-30,WBD,Warner Bros. Discovery,Communication Services,Media & Entertainment,Media,Broadcasting,1113035208.0,2022-09-29T11:20:05Z,https://en.wikipedia.org/w/index.php?oldid=1113035208,matched_gics
2022-09-30,WDAY,"Workday, Inc.",,,,,,,,missing_gics
2022-09-30,XEL,Xcel Energy,Utilities,Utilities,Multi-Utilities,Multi-Utilities,1113035208.0,2022-09-29T11:20:05Z,https://en.wikipedia.org/w/index.php?oldid=1113035208,matched_gics
2022-09-30,ZM,"Zoom Communications, Inc.",,,,,,,,missing_gics
2022-09-30,ZS,"Zscaler, Inc.",,,,,,,,missing_gics
2022-10-31,AAPL,Apple Inc.,Information Technology,Technology Hardware & Equipment,"Technology Hardware, Storage & Peripherals","Technology Hardware, Storage & Peripherals",1118820590.0,2022-10-29T03:02:31Z,https://en.wikipedia.org/w/index.php?oldid=1118820590,matched_gics
2022-10-31,ABNB,"Airbnb, Inc.",,,,,,,,missing_gics
2022-10-31,ADBE,Adobe Inc.,Information Technology,Software & Services,Software,Application Software,1118820590.0,2022-10-29T03:02:31Z,https://en.wikipedia.org/w/index.php?oldid=1118820590,matched_gics
2022-10-31,ADI,Analog Devices,Information Technology,Semiconductors & Semiconductor Equipment,Semiconductors & Semiconductor Equipment,Semiconductors,1118820590.0,2022-10-29T03:02:31Z,https://en.wikipedia.org/w/index.php?oldid=1118820590,matched_gics
2022-10-31,ADP,ADP,Information Technology,Software & Services,IT Services,Data Processing & Outsourced Services,1118820590.0,2022-10-29T03:02:31Z,https://en.wikipedia.org/w/index.php?oldid=1118820590,matched_gics
2022-10-31,ADSK,Autodesk,Information Technology,Software & Services,Software,Application Software,1118820590.0,2022-10-29T03:02:31Z,https://en.wikipedia.org/w/index.php?oldid=1118820590,matched_gics
2022-10-31,AEP,American Electric Power,Utilities,Utilities,Electric Utilities,Electric Utilities,1118820590.0,2022-10-29T03:02:31Z,https://en.wikipedia.org/w/index.php?oldid=1118820590,matched_gics
2022-10-31,ALGN,Align Technology,Health Care,Health Care Equipment & Services,Health Care Equipment & Supplies,Health Care Supplies,1118820590.0,2022-10-29T03:02:31Z,https://en.wikipedia.org/w/index.php?oldid=1118820590,matched_gics
2022-10-31,AMAT,Applied Materials,Information Technology,Semiconductors & Semiconductor Equipment,Semiconductors & Semiconductor Equipment,Semiconductor Equipment,1118820590.0,2022-10-29T03:02:31Z,https://en.wikipedia.org/w/index.php?oldid=1118820590,matched_gics
2022-10-31,AMD,AMD,Information Technology,Semiconductors & Semiconductor Equipment,Semiconductors & Semiconductor Equipment,Semiconductors,1118820590.0,2022-10-29T03:02:31Z,https://en.wikipedia.org/w/index.php?oldid=1118820590,matched_gics
2022-10-31,AMGN,Amgen,Health Care,"Pharmaceuticals, Biotechnology & Life Sciences",Biotechnology,Biotechnology,1118820590.0,2022-10-29T03:02:31Z,https://en.wikipedia.org/w/index.php?oldid=1118820590,matched_gics
2022-10-31,AMZN,Amazon,Consumer Discretionary,Retailing,Internet & Direct Marketing Retail,Internet & Direct Marketing Retail,1118820590.0,2022-10-29T03:02:31Z,https://en.wikipedia.org/w/index.php?oldid=1118820590,matched_gics
2022-10-31,ANSS,Ansys,Information Technology,Software & Services,Software,Application Software,1118820590.0,2022-10-29T03:02:31Z,https://en.wikipedia.org/w/index.php?oldid=1118820590,matched_gics
2022-10-31,ASML,ASML HOLDING NV,,,,,,,,missing_gics
2022-10-31,AVGO,Broadcom Inc.,Information Technology,Semiconductors & Semiconductor Equipment,Semiconductors & Semiconductor Equipment,Semiconductors,1118820590.0,2022-10-29T03:02:31Z,https://en.wikipedia.org/w/index.php?oldid=1118820590,matched_gics
2022-10-31,AZN,ASTRAZENECA PLC,,,,,,,,missing_gics
2022-10-31,BIIB,Biogen,Health Care,"Pharmaceuticals, Biotechnology & Life Sciences",Biotechnology,Biotechnology,1118820590.0,2022-10-29T03:02:31Z,https://en.wikipedia.org/w/index.php?oldid=1118820590,matched_gics
2022-10-31,BKNG,Booking Holdings,Consumer Discretionary,Retailing,Internet & Direct Marketing Retail,Internet & Direct Marketing Retail,1118820590.0,2022-10-29T03:02:31Z,https://en.wikipedia.org/w/index.php?oldid=1118820590,matched_gics
2022-10-31,BKR,Baker Hughes,Energy,Energy,Energy Equipment & Services,Oil & Gas Equipment & Services,1118820590.0,2022-10-29T03:02:31Z,https://en.wikipedia.org/w/index.php?oldid=1118820590,matched_gics
2022-10-31,CDNS,Cadence Design Systems,Information Technology,Software & Services,Software,Application Software,1118820590.0,2022-10-29T03:02:31Z,https://en.wikipedia.org/w/index.php?oldid=1118820590,matched_gics
2022-10-31,CEG,Constellation Energy,Utilities,Utilities,Multi-Utilities,Multi-Utilities,1118820590.0,2022-10-29T03:02:31Z,https://en.wikipedia.org/w/index.php?oldid=1118820590,matched_gics
2022-10-31,CHTR,Charter Communications,Communication Services,Media,Media,Cable & Satellite,1118820590.0,2022-10-29T03:02:31Z,https://en.wikipedia.org/w/index.php?oldid=1118820590,matched_gics
2022-10-31,CMCSA,Comcast,Communication Services,Media,Media,Cable & Satellite,1118820590.0,2022-10-29T03:02:31Z,https://en.wikipedia.org/w/index.php?oldid=1118820590,matched_gics
2022-10-31,COST,Costco,Consumer Staples,Food & Staples Retailing,Food & Staples Retailing,Hypermarkets & Super Centers,1118820590.0,2022-10-29T03:02:31Z,https://en.wikipedia.org/w/index.php?oldid=1118820590,matched_gics
2022-10-31,CPRT,Copart,Industrials,Commercial & Professional Services,Commercial Services & Supplies,Diversified Support Services,1118820590.0,2022-10-29T03:02:31Z,https://en.wikipedia.org/w/index.php?oldid=1118820590,matched_gics
2022-10-31,CRWD,"CrowdStrike Holdings, Inc.",,,,,,,,missing_gics
2022-10-31,CSCO,Cisco,Information Technology,Technology Hardware & Equipment,Communications Equipment,Communications Equipment,1118820590.0,2022-10-29T03:02:31Z,https://en.wikipedia.org/w/index.php?oldid=1118820590,matched_gics
2022-10-31,CSGP,CoStar Group,Industrials,Commercial & Professional Services,Professional Services,Research & Consulting Services,1118820590.0,2022-10-29T03:02:31Z,https://en.wikipedia.org/w/index.php?oldid=1118820590,matched_gics
2022-10-31,CSX,CSX,Industrials,Transportation,Road & Rail,Railroads,1118820590.0,2022-10-29T03:02:31Z,https://en.wikipedia.org/w/index.php?oldid=1118820590,matched_gics
2022-10-31,CTAS,Cintas,Industrials,Commercial & Professional Services,Commercial Services & Supplies,Diversified Support Services,1118820590.0,2022-10-29T03:02:31Z,https://en.wikipedia.org/w/index.php?oldid=1118820590,matched_gics
2022-10-31,CTSH,Cognizant,Information Technology,Software & Services,IT Services,IT Consulting & Other Services,1118820590.0,2022-10-29T03:02:31Z,https://en.wikipedia.org/w/index.php?oldid=1118820590,matched_gics
2022-10-31,DDOG,"Datadog, Inc.",,,,,,,,missing_gics
2022-10-31,DLTR,Dollar Tree,Consumer Discretionary,Retailing,Multiline Retail,General Merchandise Stores,1118820590.0,2022-10-29T03:02:31Z,https://en.wikipedia.org/w/index.php?oldid=1118820590,matched_gics
2022-10-31,DXCM,Dexcom,Health Care,Health Care Equipment & Services,Health Care Equipment & Supplies,Health Care Equipment,1118820590.0,2022-10-29T03:02:31Z,https://en.wikipedia.org/w/index.php?oldid=1118820590,matched_gics
2022-10-31,EA,Electronic Arts,Communication Services,Media & Entertainment,Entertainment,Interactive Home Entertainment,1118820590.0,2022-10-29T03:02:31Z,https://en.wikipedia.org/w/index.php?oldid=1118820590,matched_gics
2022-10-31,EBAY,eBay,Consumer Discretionary,Retailing,Internet & Direct Marketing Retail,Internet & Direct Marketing Retail,1118820590.0,2022-10-29T03:02:31Z,https://en.wikipedia.org/w/index.php?oldid=1118820590,matched_gics
2022-10-31,ENPH,Enphase,Information Technology,Technology Hardware & Equipment,"Electronic Equipment, Instruments & Components",Electronic Components,1118820590.0,2022-10-29T03:02:31Z,https://en.wikipedia.org/w/index.php?oldid=1118820590,matched_gics
2022-10-31,EXC,Exelon,Utilities,Utilities,Multi-Utilities,Multi-Utilities,1118820590.0,2022-10-29T03:02:31Z,https://en.wikipedia.org/w/index.php?oldid=1118820590,matched_gics
2022-10-31,FANG,Diamondback Energy,Energy,Energy,"Oil, Gas & Consumable Fuels",Oil & Gas Exploration & Production,1118820590.0,2022-10-29T03:02:31Z,https://en.wikipedia.org/w/index.php?oldid=1118820590,matched_gics
2022-10-31,FAST,Fastenal,Industrials,Capital Goods,Building Products,Building Products,1118820590.0,2022-10-29T03:02:31Z,https://en.wikipedia.org/w/index.php?oldid=1118820590,matched_gics
2022-10-31,FTNT,Fortinet,Information Technology,Software & Services,Software,Systems Software,1118820590.0,2022-10-29T03:02:31Z,https://en.wikipedia.org/w/index.php?oldid=1118820590,matched_gics
2022-10-31,GEHC,GE HealthCare Technologies Inc.,,,,,,,,missing_gics
2022-10-31,GFS,GLOBALFOUNDRIES Inc.,,,,,,,,missing_gics
2022-10-31,GILD,Gilead Sciences,Health Care,"Pharmaceuticals, Biotechnology & Life Sciences",Biotechnology,Biotechnology,1118820590.0,2022-10-29T03:02:31Z,https://en.wikipedia.org/w/index.php?oldid=1118820590,matched_gics
2022-10-31,GOOG,Alphabet Inc. (Class C),Communication Services,Media & Entertainment,Interactive Media & Services,Interactive Media & Services,1118820590.0,2022-10-29T03:02:31Z,https://en.wikipedia.org/w/index.php?oldid=1118820590,matched_gics
2022-10-31,GOOGL,Alphabet Inc. (Class A),Communication Services,Media & Entertainment,Interactive Media & Services,Interactive Media & Services,1118820590.0,2022-10-29T03:02:31Z,https://en.wikipedia.org/w/index.php?oldid=1118820590,matched_gics
2022-10-31,HON,Honeywell,Industrials,Capital Goods,Industrial Conglomerates,Industrial Conglomerates,1118820590.0,2022-10-29T03:02:31Z,https://en.wikipedia.org/w/index.php?oldid=1118820590,matched_gics
2022-10-31,IDXX,Idexx Laboratories,Health Care,Health Care Equipment & Services,Health Care Equipment & Supplies,Health Care Equipment,1118820590.0,2022-10-29T03:02:31Z,https://en.wikipedia.org/w/index.php?oldid=1118820590,matched_gics
2022-10-31,ILMN,Illumina,Health Care,"Pharmaceuticals, Biotechnology & Life Sciences",Life Sciences Tools & Services,Life Sciences Tools & Services,1118820590.0,2022-10-29T03:02:31Z,https://en.wikipedia.org/w/index.php?oldid=1118820590,matched_gics
2022-10-31,INTC,Intel,Information Technology,Semiconductors & Semiconductor Equipment,Semiconductors & Semiconductor Equipment,Semiconductors,1118820590.0,2022-10-29T03:02:31Z,https://en.wikipedia.org/w/index.php?oldid=1118820590,matched_gics
2022-10-31,INTU,Intuit,Information Technology,Software & Services,Software,Application Software,1118820590.0,2022-10-29T03:02:31Z,https://en.wikipedia.org/w/index.php?oldid=1118820590,matched_gics
2022-10-31,ISRG,Intuitive Surgical,Health Care,Health Care Equipment & Services,Health Care Equipment & Supplies,Health Care Equipment,1118820590.0,2022-10-29T03:02:31Z,https://en.wikipedia.org/w/index.php?oldid=1118820590,matched_gics
2022-10-31,JD,"JD.com, Inc.",,,,,,,,missing_gics
2022-10-31,KDP,Keurig Dr Pepper,Consumer Staples,"Food, Beverage & Tobacco",Beverages,Soft Drinks,1118820590.0,2022-10-29T03:02:31Z,https://en.wikipedia.org/w/index.php?oldid=1118820590,matched_gics
2022-10-31,KHC,Kraft Heinz,Consumer Staples,"Food, Beverage & Tobacco",Food Products,Packaged Foods & Meats,1118820590.0,2022-10-29T03:02:31Z,https://en.wikipedia.org/w/index.php?oldid=1118820590,matched_gics
2022-10-31,KLAC,KLA Corporation,Information Technology,Semiconductors & Semiconductor Equipment,Semiconductors & Semiconductor Equipment,Semiconductor Equipment,1118820590.0,2022-10-29T03:02:31Z,https://en.wikipedia.org/w/index.php?oldid=1118820590,matched_gics
2022-10-31,LCID,"Lucid Group, Inc.",,,,,,,,missing_gics
2022-10-31,LRCX,Lam Research,Information Technology,Semiconductors & Semiconductor Equipment,Semiconductors & Semiconductor Equipment,Semiconductor Equipment,1118820590.0,2022-10-29T03:02:31Z,https://en.wikipedia.org/w/index.php?oldid=1118820590,matched_gics
2022-10-31,LULU,lululemon athletica inc.,,,,,,,,missing_gics
2022-10-31,MAR,Marriott International,Consumer Discretionary,Consumer Services,"Hotels, Restaurants & Leisure","Hotels, Resorts & Cruise Lines",1118820590.0,2022-10-29T03:02:31Z,https://en.wikipedia.org/w/index.php?oldid=1118820590,matched_gics
2022-10-31,MCHP,Microchip Technology,Information Technology,Semiconductors & Semiconductor Equipment,Semiconductors & Semiconductor Equipment,Semiconductors,1118820590.0,2022-10-29T03:02:31Z,https://en.wikipedia.org/w/index.php?oldid=1118820590,matched_gics
2022-10-31,MDLZ,Mondelez International,Consumer Staples,"Food, Beverage & Tobacco",Food Products,Packaged Foods & Meats,1118820590.0,2022-10-29T03:02:31Z,https://en.wikipedia.org/w/index.php?oldid=1118820590,matched_gics
2022-10-31,MELI,MERCADOLIBRE INC,,,,,,,,missing_gics
2022-10-31,META,Meta Platforms,Communication Services,Media & Entertainment,Interactive Media & Services,Interactive Media & Services,1118820590.0,2022-10-29T03:02:31Z,https://en.wikipedia.org/w/index.php?oldid=1118820590,matched_gics
2022-10-31,MNST,Monster Beverage,Consumer Staples,"Food, Beverage & Tobacco",Beverages,Soft Drinks,1118820590.0,2022-10-29T03:02:31Z,https://en.wikipedia.org/w/index.php?oldid=1118820590,matched_gics
2022-10-31,MRNA,Moderna,Health Care,"Pharmaceuticals, Biotechnology & Life Sciences",Biotechnology,Biotechnology,1118820590.0,2022-10-29T03:02:31Z,https://en.wikipedia.org/w/index.php?oldid=1118820590,matched_gics
2022-10-31,MRVL,"Marvell Technology, Inc.",,,,,,,,missing_gics
2022-10-31,MSFT,Microsoft,Information Technology,Software & Services,Software,Systems Software,1118820590.0,2022-10-29T03:02:31Z,https://en.wikipedia.org/w/index.php?oldid=1118820590,matched_gics
2022-10-31,MU,Micron Technology,Information Technology,Semiconductors & Semiconductor Equipment,Semiconductors & Semiconductor Equipment,Semiconductors,1118820590.0,2022-10-29T03:02:31Z,https://en.wikipedia.org/w/index.php?oldid=1118820590,matched_gics
2022-10-31,NFLX,Netflix,Communication Services,Media & Entertainment,Entertainment,Movies & Entertainment,1118820590.0,2022-10-29T03:02:31Z,https://en.wikipedia.org/w/index.php?oldid=1118820590,matched_gics
2022-10-31,NVDA,Nvidia,Information Technology,Semiconductors & Semiconductor Equipment,Semiconductors & Semiconductor Equipment,Semiconductors,1118820590.0,2022-10-29T03:02:31Z,https://en.wikipedia.org/w/index.php?oldid=1118820590,matched_gics
2022-10-31,NXPI,NXP Semiconductors,Information Technology,Semiconductors & Semiconductor Equipment,Semiconductors & Semiconductor Equipment,Semiconductors,1118820590.0,2022-10-29T03:02:31Z,https://en.wikipedia.org/w/index.php?oldid=1118820590,matched_gics
2022-10-31,ODFL,Old Dominion,Industrials,Transportation,Road & Rail,Trucking,1118820590.0,2022-10-29T03:02:31Z,https://en.wikipedia.org/w/index.php?oldid=1118820590,matched_gics
2022-10-31,ON,ON Semiconductor,Information Technology,Semiconductors & Semiconductor Equipment,Semiconductors & Semiconductor Equipment,Semiconductors,1118820590.0,2022-10-29T03:02:31Z,https://en.wikipedia.org/w/index.php?oldid=1118820590,matched_gics
2022-10-31,ORLY,O'Reilly Auto Parts,Consumer Discretionary,Retailing,Specialty Retail,Specialty Stores,1118820590.0,2022-10-29T03:02:31Z,https://en.wikipedia.org/w/index.php?oldid=1118820590,matched_gics
2022-10-31,PANW,Palo Alto Networks Inc,,,,,,,,missing_gics
2022-10-31,PAYX,Paychex,Information Technology,Software & Services,IT Services,Data Processing & Outsourced Services,1118820590.0,2022-10-29T03:02:31Z,https://en.wikipedia.org/w/index.php?oldid=1118820590,matched_gics
2022-10-31,PCAR,Paccar,Industrials,Capital Goods,Machinery,Construction Machinery & Heavy Trucks,1118820590.0,2022-10-29T03:02:31Z,https://en.wikipedia.org/w/index.php?oldid=1118820590,matched_gics
2022-10-31,PDD,PDD Holdings Inc.,,,,,,,,missing_gics
2022-10-31,PEP,PepsiCo,Consumer Staples,"Food, Beverage & Tobacco",Beverages,Soft Drinks,1118820590.0,2022-10-29T03:02:31Z,https://en.wikipedia.org/w/index.php?oldid=1118820590,matched_gics
2022-10-31,PYPL,PayPal,Information Technology,Software & Services,IT Services,Data Processing & Outsourced Services,1118820590.0,2022-10-29T03:02:31Z,https://en.wikipedia.org/w/index.php?oldid=1118820590,matched_gics
2022-10-31,QCOM,Qualcomm,Information Technology,Semiconductors & Semiconductor Equipment,Semiconductors & Semiconductor Equipment,Semiconductors,1118820590.0,2022-10-29T03:02:31Z,https://en.wikipedia.org/w/index.php?oldid=1118820590,matched_gics
2022-10-31,REGN,Regeneron,Health Care,"Pharmaceuticals, Biotechnology & Life Sciences",Biotechnology,Biotechnology,1118820590.0,2022-10-29T03:02:31Z,https://en.wikipedia.org/w/index.php?oldid=1118820590,matched_gics
2022-10-31,ROST,Ross Stores,Consumer Discretionary,Retailing,Specialty Retail,Apparel Retail,1118820590.0,2022-10-29T03:02:31Z,https://en.wikipedia.org/w/index.php?oldid=1118820590,matched_gics
2022-10-31,SBUX,Starbucks,Consumer Discretionary,Consumer Services,"Hotels, Restaurants & Leisure",Restaurants,1118820590.0,2022-10-29T03:02:31Z,https://en.wikipedia.org/w/index.php?oldid=1118820590,matched_gics
2022-10-31,SGEN,Seagen Inc.,,,,,,,,missing_gics
2022-10-31,SIRI,SIRIUS XM HOLDINGS INC.,,,,,,,,missing_gics
2022-10-31,SNPS,Synopsys,Information Technology,Software & Services,Software,Application Software,1118820590.0,2022-10-29T03:02:31Z,https://en.wikipedia.org/w/index.php?oldid=1118820590,matched_gics
2022-10-31,TEAM,Atlassian Corp,,,,,,,,missing_gics
2022-10-31,TMUS,T-Mobile US,Communication Services,Telecommunication Services,Wireless Telecommunication Services,Wireless Telecommunication Services,1118820590.0,2022-10-29T03:02:31Z,https://en.wikipedia.org/w/index.php?oldid=1118820590,matched_gics
2022-10-31,TSLA,"Tesla, Inc.",Consumer Discretionary,Automobiles & Components,Automobiles,Automobile Manufacturers,1118820590.0,2022-10-29T03:02:31Z,https://en.wikipedia.org/w/index.php?oldid=1118820590,matched_gics
2022-10-31,TTD,"Trade Desk, Inc.",,,,,,,,missing_gics
2022-10-31,TXN,Texas Instruments,Information Technology,Semiconductors & Semiconductor Equipment,Semiconductors & Semiconductor Equipment,Semiconductors,1118820590.0,2022-10-29T03:02:31Z,https://en.wikipedia.org/w/index.php?oldid=1118820590,matched_gics
2022-10-31,VRSK,Verisk,Industrials,Commercial & Professional Services,Professional Services,Research & Consulting Services,1118820590.0,2022-10-29T03:02:31Z,https://en.wikipedia.org/w/index.php?oldid=1118820590,matched_gics
2022-10-31,VRTX,Vertex Pharmaceuticals,Health Care,"Pharmaceuticals, Biotechnology & Life Sciences",Biotechnology,Biotechnology,1118820590.0,2022-10-29T03:02:31Z,https://en.wikipedia.org/w/index.php?oldid=1118820590,matched_gics
2022-10-31,WBA,Walgreens Boots Alliance,Consumer Staples,Food & Staples Retailing,Food & Staples Retailing,Drug Retail,1118820590.0,2022-10-29T03:02:31Z,https://en.wikipedia.org/w/index.php?oldid=1118820590,matched_gics
2022-10-31,WBD,Warner Bros. Discovery,Communication Services,Media & Entertainment,Media,Broadcasting,1118820590.0,2022-10-29T03:02:31Z,https://en.wikipedia.org/w/index.php?oldid=1118820590,matched_gics
2022-10-31,WDAY,"Workday, Inc.",,,,,,,,missing_gics
2022-10-31,XEL,Xcel Energy,Utilities,Utilities,Multi-Utilities,Multi-Utilities,1118820590.0,2022-10-29T03:02:31Z,https://en.wikipedia.org/w/index.php?oldid=1118820590,matched_gics
2022-10-31,ZM,"Zoom Communications, Inc.",,,,,,,,missing_gics
2022-10-31,ZS,"Zscaler, Inc.",,,,,,,,missing_gics
2022-11-30,AAPL,Apple Inc.,Information Technology,Technology Hardware & Equipment,"Technology Hardware, Storage & Peripherals","Technology Hardware, Storage & Peripherals",1123392420.0,2022-11-23T13:50:03Z,https://en.wikipedia.org/w/index.php?oldid=1123392420,matched_gics
2022-11-30,ABNB,"Airbnb, Inc.",,,,,,,,missing_gics
2022-11-30,ADBE,Adobe Inc.,Information Technology,Software & Services,Software,Application Software,1123392420.0,2022-11-23T13:50:03Z,https://en.wikipedia.org/w/index.php?oldid=1123392420,matched_gics
2022-11-30,ADI,Analog Devices,Information Technology,Semiconductors & Semiconductor Equipment,Semiconductors & Semiconductor Equipment,Semiconductors,1123392420.0,2022-11-23T13:50:03Z,https://en.wikipedia.org/w/index.php?oldid=1123392420,matched_gics
2022-11-30,ADP,ADP,Information Technology,Software & Services,IT Services,Data Processing & Outsourced Services,1123392420.0,2022-11-23T13:50:03Z,https://en.wikipedia.org/w/index.php?oldid=1123392420,matched_gics
2022-11-30,ADSK,Autodesk,Information Technology,Software & Services,Software,Application Software,1123392420.0,2022-11-23T13:50:03Z,https://en.wikipedia.org/w/index.php?oldid=1123392420,matched_gics
2022-11-30,AEP,American Electric Power,Utilities,Utilities,Electric Utilities,Electric Utilities,1123392420.0,2022-11-23T13:50:03Z,https://en.wikipedia.org/w/index.php?oldid=1123392420,matched_gics
2022-11-30,ALGN,Align Technology,Health Care,Health Care Equipment & Services,Health Care Equipment & Supplies,Health Care Supplies,1123392420.0,2022-11-23T13:50:03Z,https://en.wikipedia.org/w/index.php?oldid=1123392420,matched_gics
2022-11-30,AMAT,Applied Materials,Information Technology,Semiconductors & Semiconductor Equipment,Semiconductors & Semiconductor Equipment,Semiconductor Equipment,1123392420.0,2022-11-23T13:50:03Z,https://en.wikipedia.org/w/index.php?oldid=1123392420,matched_gics
2022-11-30,AMD,AMD,Information Technology,Semiconductors & Semiconductor Equipment,Semiconductors & Semiconductor Equipment,Semiconductors,1123392420.0,2022-11-23T13:50:03Z,https://en.wikipedia.org/w/index.php?oldid=1123392420,matched_gics
2022-11-30,AMGN,Amgen,Health Care,"Pharmaceuticals, Biotechnology & Life Sciences",Biotechnology,Biotechnology,1123392420.0,2022-11-23T13:50:03Z,https://en.wikipedia.org/w/index.php?oldid=1123392420,matched_gics
2022-11-30,AMZN,Amazon,Consumer Discretionary,Retailing,Internet & Direct Marketing Retail,Internet & Direct Marketing Retail,1123392420.0,2022-11-23T13:50:03Z,https://en.wikipedia.org/w/index.php?oldid=1123392420,matched_gics
2022-11-30,ANSS,Ansys,Information Technology,Software & Services,Software,Application Software,1123392420.0,2022-11-23T13:50:03Z,https://en.wikipedia.org/w/index.php?oldid=1123392420,matched_gics
2022-11-30,ASML,ASML HOLDING NV,,,,,,,,missing_gics
2022-11-30,AVGO,Broadcom Inc.,Information Technology,Semiconductors & Semiconductor Equipment,Semiconductors & Semiconductor Equipment,Semiconductors,1123392420.0,2022-11-23T13:50:03Z,https://en.wikipedia.org/w/index.php?oldid=1123392420,matched_gics
2022-11-30,AZN,ASTRAZENECA PLC,,,,,,,,missing_gics
2022-11-30,BIIB,Biogen,Health Care,"Pharmaceuticals, Biotechnology & Life Sciences",Biotechnology,Biotechnology,1123392420.0,2022-11-23T13:50:03Z,https://en.wikipedia.org/w/index.php?oldid=1123392420,matched_gics
2022-11-30,BKNG,Booking Holdings,Consumer Discretionary,Retailing,Internet & Direct Marketing Retail,Internet & Direct Marketing Retail,1123392420.0,2022-11-23T13:50:03Z,https://en.wikipedia.org/w/index.php?oldid=1123392420,matched_gics
2022-11-30,BKR,Baker Hughes,Energy,Energy,Energy Equipment & Services,Oil & Gas Equipment & Services,1123392420.0,2022-11-23T13:50:03Z,https://en.wikipedia.org/w/index.php?oldid=1123392420,matched_gics
2022-11-30,CDNS,Cadence Design Systems,Information Technology,Software & Services,Software,Application Software,1123392420.0,2022-11-23T13:50:03Z,https://en.wikipedia.org/w/index.php?oldid=1123392420,matched_gics
2022-11-30,CEG,Constellation Energy,Utilities,Utilities,Multi-Utilities,Multi-Utilities,1123392420.0,2022-11-23T13:50:03Z,https://en.wikipedia.org/w/index.php?oldid=1123392420,matched_gics
2022-11-30,CHTR,Charter Communications,Communication Services,Media,Media,Cable & Satellite,1123392420.0,2022-11-23T13:50:03Z,https://en.wikipedia.org/w/index.php?oldid=1123392420,matched_gics
2022-11-30,CMCSA,Comcast,Communication Services,Media,Media,Cable & Satellite,1123392420.0,2022-11-23T13:50:03Z,https://en.wikipedia.org/w/index.php?oldid=1123392420,matched_gics
2022-11-30,COST,Costco,Consumer Staples,Food & Staples Retailing,Food & Staples Retailing,Hypermarkets & Super Centers,1123392420.0,2022-11-23T13:50:03Z,https://en.wikipedia.org/w/index.php?oldid=1123392420,matched_gics
2022-11-30,CPRT,Copart,Industrials,Commercial & Professional Services,Commercial Services & Supplies,Diversified Support Services,1123392420.0,2022-11-23T13:50:03Z,https://en.wikipedia.org/w/index.php?oldid=1123392420,matched_gics
2022-11-30,CRWD,"CrowdStrike Holdings, Inc.",,,,,,,,missing_gics
2022-11-30,CSCO,Cisco,Information Technology,Technology Hardware & Equipment,Communications Equipment,Communications Equipment,1123392420.0,2022-11-23T13:50:03Z,https://en.wikipedia.org/w/index.php?oldid=1123392420,matched_gics
2022-11-30,CSGP,CoStar Group,Industrials,Commercial & Professional Services,Professional Services,Research & Consulting Services,1123392420.0,2022-11-23T13:50:03Z,https://en.wikipedia.org/w/index.php?oldid=1123392420,matched_gics
2022-11-30,CSX,CSX,Industrials,Transportation,Road & Rail,Railroads,1123392420.0,2022-11-23T13:50:03Z,https://en.wikipedia.org/w/index.php?oldid=1123392420,matched_gics
2022-11-30,CTAS,Cintas,Industrials,Commercial & Professional Services,Commercial Services & Supplies,Diversified Support Services,1123392420.0,2022-11-23T13:50:03Z,https://en.wikipedia.org/w/index.php?oldid=1123392420,matched_gics
2022-11-30,CTSH,Cognizant,Information Technology,Software & Services,IT Services,IT Consulting & Other Services,1123392420.0,2022-11-23T13:50:03Z,https://en.wikipedia.org/w/index.php?oldid=1123392420,matched_gics
2022-11-30,DDOG,"Datadog, Inc.",,,,,,,,missing_gics
2022-11-30,DLTR,Dollar Tree,Consumer Discretionary,Retailing,Multiline Retail,General Merchandise Stores,1123392420.0,2022-11-23T13:50:03Z,https://en.wikipedia.org/w/index.php?oldid=1123392420,matched_gics
2022-11-30,DXCM,Dexcom,Health Care,Health Care Equipment & Services,Health Care Equipment & Supplies,Health Care Equipment,1123392420.0,2022-11-23T13:50:03Z,https://en.wikipedia.org/w/index.php?oldid=1123392420,matched_gics
2022-11-30,EA,Electronic Arts,Communication Services,Media & Entertainment,Entertainment,Interactive Home Entertainment,1123392420.0,2022-11-23T13:50:03Z,https://en.wikipedia.org/w/index.php?oldid=1123392420,matched_gics
2022-11-30,EBAY,eBay,Consumer Discretionary,Retailing,Internet & Direct Marketing Retail,Internet & Direct Marketing Retail,1123392420.0,2022-11-23T13:50:03Z,https://en.wikipedia.org/w/index.php?oldid=1123392420,matched_gics
2022-11-30,ENPH,Enphase,Information Technology,Technology Hardware & Equipment,"Electronic Equipment, Instruments & Components",Electronic Components,1123392420.0,2022-11-23T13:50:03Z,https://en.wikipedia.org/w/index.php?oldid=1123392420,matched_gics
2022-11-30,EXC,Exelon,Utilities,Utilities,Multi-Utilities,Multi-Utilities,1123392420.0,2022-11-23T13:50:03Z,https://en.wikipedia.org/w/index.php?oldid=1123392420,matched_gics
2022-11-30,FANG,Diamondback Energy,Energy,Energy,"Oil, Gas & Consumable Fuels",Oil & Gas Exploration & Production,1123392420.0,2022-11-23T13:50:03Z,https://en.wikipedia.org/w/index.php?oldid=1123392420,matched_gics
2022-11-30,FAST,Fastenal,Industrials,Capital Goods,Building Products,Building Products,1123392420.0,2022-11-23T13:50:03Z,https://en.wikipedia.org/w/index.php?oldid=1123392420,matched_gics
2022-11-30,FTNT,Fortinet,Information Technology,Software & Services,Software,Systems Software,1123392420.0,2022-11-23T13:50:03Z,https://en.wikipedia.org/w/index.php?oldid=1123392420,matched_gics
2022-11-30,GEHC,GE HealthCare Technologies Inc.,,,,,,,,missing_gics
2022-11-30,GFS,GLOBALFOUNDRIES Inc.,,,,,,,,missing_gics
2022-11-30,GILD,Gilead Sciences,Health Care,"Pharmaceuticals, Biotechnology & Life Sciences",Biotechnology,Biotechnology,1123392420.0,2022-11-23T13:50:03Z,https://en.wikipedia.org/w/index.php?oldid=1123392420,matched_gics
2022-11-30,GOOG,Alphabet Inc. (Class C),Communication Services,Media & Entertainment,Interactive Media & Services,Interactive Media & Services,1123392420.0,2022-11-23T13:50:03Z,https://en.wikipedia.org/w/index.php?oldid=1123392420,matched_gics
2022-11-30,GOOGL,Alphabet Inc. (Class A),Communication Services,Media & Entertainment,Interactive Media & Services,Interactive Media & Services,1123392420.0,2022-11-23T13:50:03Z,https://en.wikipedia.org/w/index.php?oldid=1123392420,matched_gics
2022-11-30,HON,Honeywell,Industrials,Capital Goods,Industrial Conglomerates,Industrial Conglomerates,1123392420.0,2022-11-23T13:50:03Z,https://en.wikipedia.org/w/index.php?oldid=1123392420,matched_gics
2022-11-30,IDXX,Idexx Laboratories,Health Care,Health Care Equipment & Services,Health Care Equipment & Supplies,Health Care Equipment,1123392420.0,2022-11-23T13:50:03Z,https://en.wikipedia.org/w/index.php?oldid=1123392420,matched_gics
2022-11-30,ILMN,Illumina,Health Care,"Pharmaceuticals, Biotechnology & Life Sciences",Life Sciences Tools & Services,Life Sciences Tools & Services,1123392420.0,2022-11-23T13:50:03Z,https://en.wikipedia.org/w/index.php?oldid=1123392420,matched_gics
2022-11-30,INTC,Intel,Information Technology,Semiconductors & Semiconductor Equipment,Semiconductors & Semiconductor Equipment,Semiconductors,1123392420.0,2022-11-23T13:50:03Z,https://en.wikipedia.org/w/index.php?oldid=1123392420,matched_gics
2022-11-30,INTU,Intuit,Information Technology,Software & Services,Software,Application Software,1123392420.0,2022-11-23T13:50:03Z,https://en.wikipedia.org/w/index.php?oldid=1123392420,matched_gics
2022-11-30,ISRG,Intuitive Surgical,Health Care,Health Care Equipment & Services,Health Care Equipment & Supplies,Health Care Equipment,1123392420.0,2022-11-23T13:50:03Z,https://en.wikipedia.org/w/index.php?oldid=1123392420,matched_gics
2022-11-30,JD,"JD.com, Inc.",,,,,,,,missing_gics
2022-11-30,KDP,Keurig Dr Pepper,Consumer Staples,"Food, Beverage & Tobacco",Beverages,Soft Drinks,1123392420.0,2022-11-23T13:50:03Z,https://en.wikipedia.org/w/index.php?oldid=1123392420,matched_gics
2022-11-30,KHC,Kraft Heinz,Consumer Staples,"Food, Beverage & Tobacco",Food Products,Packaged Foods & Meats,1123392420.0,2022-11-23T13:50:03Z,https://en.wikipedia.org/w/index.php?oldid=1123392420,matched_gics
2022-11-30,KLAC,KLA Corporation,Information Technology,Semiconductors & Semiconductor Equipment,Semiconductors & Semiconductor Equipment,Semiconductor Equipment,1123392420.0,2022-11-23T13:50:03Z,https://en.wikipedia.org/w/index.php?oldid=1123392420,matched_gics
2022-11-30,LCID,"Lucid Group, Inc.",,,,,,,,missing_gics
2022-11-30,LRCX,Lam Research,Information Technology,Semiconductors & Semiconductor Equipment,Semiconductors & Semiconductor Equipment,Semiconductor Equipment,1123392420.0,2022-11-23T13:50:03Z,https://en.wikipedia.org/w/index.php?oldid=1123392420,matched_gics
2022-11-30,LULU,lululemon athletica inc.,,,,,,,,missing_gics
2022-11-30,MAR,Marriott International,Consumer Discretionary,Consumer Services,"Hotels, Restaurants & Leisure","Hotels, Resorts & Cruise Lines",1123392420.0,2022-11-23T13:50:03Z,https://en.wikipedia.org/w/index.php?oldid=1123392420,matched_gics
2022-11-30,MCHP,Microchip Technology,Information Technology,Semiconductors & Semiconductor Equipment,Semiconductors & Semiconductor Equipment,Semiconductors,1123392420.0,2022-11-23T13:50:03Z,https://en.wikipedia.org/w/index.php?oldid=1123392420,matched_gics
2022-11-30,MDLZ,Mondelez International,Consumer Staples,"Food, Beverage & Tobacco",Food Products,Packaged Foods & Meats,1123392420.0,2022-11-23T13:50:03Z,https://en.wikipedia.org/w/index.php?oldid=1123392420,matched_gics
2022-11-30,MELI,MERCADOLIBRE INC,,,,,,,,missing_gics
2022-11-30,META,Meta Platforms,Communication Services,Media & Entertainment,Interactive Media & Services,Interactive Media & Services,1123392420.0,2022-11-23T13:50:03Z,https://en.wikipedia.org/w/index.php?oldid=1123392420,matched_gics
2022-11-30,MNST,Monster Beverage,Consumer Staples,"Food, Beverage & Tobacco",Beverages,Soft Drinks,1123392420.0,2022-11-23T13:50:03Z,https://en.wikipedia.org/w/index.php?oldid=1123392420,matched_gics
2022-11-30,MRNA,Moderna,Health Care,"Pharmaceuticals, Biotechnology & Life Sciences",Biotechnology,Biotechnology,1123392420.0,2022-11-23T13:50:03Z,https://en.wikipedia.org/w/index.php?oldid=1123392420,matched_gics
2022-11-30,MRVL,"Marvell Technology, Inc.",,,,,,,,missing_gics
2022-11-30,MSFT,Microsoft,Information Technology,Software & Services,Software,Systems Software,1123392420.0,2022-11-23T13:50:03Z,https://en.wikipedia.org/w/index.php?oldid=1123392420,matched_gics
2022-11-30,MU,Micron Technology,Information Technology,Semiconductors & Semiconductor Equipment,Semiconductors & Semiconductor Equipment,Semiconductors,1123392420.0,2022-11-23T13:50:03Z,https://en.wikipedia.org/w/index.php?oldid=1123392420,matched_gics
2022-11-30,NFLX,Netflix,Communication Services,Media & Entertainment,Entertainment,Movies & Entertainment,1123392420.0,2022-11-23T13:50:03Z,https://en.wikipedia.org/w/index.php?oldid=1123392420,matched_gics
2022-11-30,NVDA,Nvidia,Information Technology,Semiconductors & Semiconductor Equipment,Semiconductors & Semiconductor Equipment,Semiconductors,1123392420.0,2022-11-23T13:50:03Z,https://en.wikipedia.org/w/index.php?oldid=1123392420,matched_gics
2022-11-30,NXPI,NXP Semiconductors,Information Technology,Semiconductors & Semiconductor Equipment,Semiconductors & Semiconductor Equipment,Semiconductors,1123392420.0,2022-11-23T13:50:03Z,https://en.wikipedia.org/w/index.php?oldid=1123392420,matched_gics
2022-11-30,ODFL,Old Dominion,Industrials,Transportation,Road & Rail,Trucking,1123392420.0,2022-11-23T13:50:03Z,https://en.wikipedia.org/w/index.php?oldid=1123392420,matched_gics
2022-11-30,ON,ON Semiconductor,Information Technology,Semiconductors & Semiconductor Equipment,Semiconductors & Semiconductor Equipment,Semiconductors,1123392420.0,2022-11-23T13:50:03Z,https://en.wikipedia.org/w/index.php?oldid=1123392420,matched_gics
2022-11-30,ORLY,O'Reilly Auto Parts,Consumer Discretionary,Retailing,Specialty Retail,Specialty Stores,1123392420.0,2022-11-23T13:50:03Z,https://en.wikipedia.org/w/index.php?oldid=1123392420,matched_gics
2022-11-30,PANW,Palo Alto Networks Inc,,,,,,,,missing_gics
2022-11-30,PAYX,Paychex,Information Technology,Software & Services,IT Services,Data Processing & Outsourced Services,1123392420.0,2022-11-23T13:50:03Z,https://en.wikipedia.org/w/index.php?oldid=1123392420,matched_gics
2022-11-30,PCAR,Paccar,Industrials,Capital Goods,Machinery,Construction Machinery & Heavy Trucks,1123392420.0,2022-11-23T13:50:03Z,https://en.wikipedia.org/w/index.php?oldid=1123392420,matched_gics
2022-11-30,PDD,PDD Holdings Inc.,,,,,,,,missing_gics
2022-11-30,PEP,PepsiCo,Consumer Staples,"Food, Beverage & Tobacco",Beverages,Soft Drinks,1123392420.0,2022-11-23T13:50:03Z,https://en.wikipedia.org/w/index.php?oldid=1123392420,matched_gics
2022-11-30,PYPL,PayPal,Information Technology,Software & Services,IT Services,Data Processing & Outsourced Services,1123392420.0,2022-11-23T13:50:03Z,https://en.wikipedia.org/w/index.php?oldid=1123392420,matched_gics
2022-11-30,QCOM,Qualcomm,Information Technology,Semiconductors & Semiconductor Equipment,Semiconductors & Semiconductor Equipment,Semiconductors,1123392420.0,2022-11-23T13:50:03Z,https://en.wikipedia.org/w/index.php?oldid=1123392420,matched_gics
2022-11-30,REGN,Regeneron,Health Care,"Pharmaceuticals, Biotechnology & Life Sciences",Biotechnology,Biotechnology,1123392420.0,2022-11-23T13:50:03Z,https://en.wikipedia.org/w/index.php?oldid=1123392420,matched_gics
2022-11-30,ROST,Ross Stores,Consumer Discretionary,Retailing,Specialty Retail,Apparel Retail,1123392420.0,2022-11-23T13:50:03Z,https://en.wikipedia.org/w/index.php?oldid=1123392420,matched_gics
2022-11-30,SBUX,Starbucks,Consumer Discretionary,Consumer Services,"Hotels, Restaurants & Leisure",Restaurants,1123392420.0,2022-11-23T13:50:03Z,https://en.wikipedia.org/w/index.php?oldid=1123392420,matched_gics
2022-11-30,SGEN,Seagen Inc.,,,,,,,,missing_gics
2022-11-30,SIRI,SIRIUS XM HOLDINGS INC.,,,,,,,,missing_gics
2022-11-30,SNPS,Synopsys,Information Technology,Software & Services,Software,Application Software,1123392420.0,2022-11-23T13:50:03Z,https://en.wikipedia.org/w/index.php?oldid=1123392420,matched_gics
2022-11-30,TEAM,Atlassian Corp,,,,,,,,missing_gics
2022-11-30,TMUS,T-Mobile US,Communication Services,Telecommunication Services,Wireless Telecommunication Services,Wireless Telecommunication Services,1123392420.0,2022-11-23T13:50:03Z,https://en.wikipedia.org/w/index.php?oldid=1123392420,matched_gics
2022-11-30,TSLA,"Tesla, Inc.",Consumer Discretionary,Automobiles & Components,Automobiles,Automobile Manufacturers,1123392420.0,2022-11-23T13:50:03Z,https://en.wikipedia.org/w/index.php?oldid=1123392420,matched_gics
2022-11-30,TTD,"Trade Desk, Inc.",,,,,,,,missing_gics
2022-11-30,TXN,Texas Instruments,Information Technology,Semiconductors & Semiconductor Equipment,Semiconductors & Semiconductor Equipment,Semiconductors,1123392420.0,2022-11-23T13:50:03Z,https://en.wikipedia.org/w/index.php?oldid=1123392420,matched_gics
2022-11-30,VRSK,Verisk,Industrials,Commercial & Professional Services,Professional Services,Research & Consulting Services,1123392420.0,2022-11-23T13:50:03Z,https://en.wikipedia.org/w/index.php?oldid=1123392420,matched_gics
2022-11-30,VRTX,Vertex Pharmaceuticals,Health Care,"Pharmaceuticals, Biotechnology & Life Sciences",Biotechnology,Biotechnology,1123392420.0,2022-11-23T13:50:03Z,https://en.wikipedia.org/w/index.php?oldid=1123392420,matched_gics
2022-11-30,WBA,Walgreens Boots Alliance,Consumer Staples,Food & Staples Retailing,Food & Staples Retailing,Drug Retail,1123392420.0,2022-11-23T13:50:03Z,https://en.wikipedia.org/w/index.php?oldid=1123392420,matched_gics
2022-11-30,WBD,Warner Bros. Discovery,Communication Services,Media & Entertainment,Media,Broadcasting,1123392420.0,2022-11-23T13:50:03Z,https://en.wikipedia.org/w/index.php?oldid=1123392420,matched_gics
2022-11-30,WDAY,"Workday, Inc.",,,,,,,,missing_gics
2022-11-30,XEL,Xcel Energy,Utilities,Utilities,Multi-Utilities,Multi-Utilities,1123392420.0,2022-11-23T13:50:03Z,https://en.wikipedia.org/w/index.php?oldid=1123392420,matched_gics
2022-11-30,ZM,"Zoom Communications, Inc.",,,,,,,,missing_gics
2022-11-30,ZS,"Zscaler, Inc.",,,,,,,,missing_gics
2022-12-31,AAPL,Apple Inc.,Information Technology,Technology Hardware & Equipment,"Technology Hardware, Storage & Peripherals","Technology Hardware, Storage & Peripherals",1130173030.0,2022-12-28T23:23:50Z,https://en.wikipedia.org/w/index.php?oldid=1130173030,matched_gics
2022-12-31,ABNB,"Airbnb, Inc.",,,,,,,,missing_gics
2022-12-31,ADBE,Adobe Inc.,Information Technology,Software & Services,Software,Application Software,1130173030.0,2022-12-28T23:23:50Z,https://en.wikipedia.org/w/index.php?oldid=1130173030,matched_gics
2022-12-31,ADI,Analog Devices,Information Technology,Semiconductors & Semiconductor Equipment,Semiconductors & Semiconductor Equipment,Semiconductors,1130173030.0,2022-12-28T23:23:50Z,https://en.wikipedia.org/w/index.php?oldid=1130173030,matched_gics
2022-12-31,ADP,ADP,Information Technology,Software & Services,IT Services,Data Processing & Outsourced Services,1130173030.0,2022-12-28T23:23:50Z,https://en.wikipedia.org/w/index.php?oldid=1130173030,matched_gics
2022-12-31,ADSK,Autodesk,Information Technology,Software & Services,Software,Application Software,1130173030.0,2022-12-28T23:23:50Z,https://en.wikipedia.org/w/index.php?oldid=1130173030,matched_gics
2022-12-31,AEP,American Electric Power,Utilities,Utilities,Electric Utilities,Electric Utilities,1130173030.0,2022-12-28T23:23:50Z,https://en.wikipedia.org/w/index.php?oldid=1130173030,matched_gics
2022-12-31,ALGN,Align Technology,Health Care,Health Care Equipment & Services,Health Care Equipment & Supplies,Health Care Supplies,1130173030.0,2022-12-28T23:23:50Z,https://en.wikipedia.org/w/index.php?oldid=1130173030,matched_gics
2022-12-31,AMAT,Applied Materials,Information Technology,Semiconductors & Semiconductor Equipment,Semiconductors & Semiconductor Equipment,Semiconductor Equipment,1130173030.0,2022-12-28T23:23:50Z,https://en.wikipedia.org/w/index.php?oldid=1130173030,matched_gics
2022-12-31,AMD,AMD,Information Technology,Semiconductors & Semiconductor Equipment,Semiconductors & Semiconductor Equipment,Semiconductors,1130173030.0,2022-12-28T23:23:50Z,https://en.wikipedia.org/w/index.php?oldid=1130173030,matched_gics
2022-12-31,AMGN,Amgen,Health Care,"Pharmaceuticals, Biotechnology & Life Sciences",Biotechnology,Biotechnology,1130173030.0,2022-12-28T23:23:50Z,https://en.wikipedia.org/w/index.php?oldid=1130173030,matched_gics
2022-12-31,AMZN,Amazon,Consumer Discretionary,Retailing,Internet & Direct Marketing Retail,Internet & Direct Marketing Retail,1130173030.0,2022-12-28T23:23:50Z,https://en.wikipedia.org/w/index.php?oldid=1130173030,matched_gics
2022-12-31,ANSS,Ansys,Information Technology,Software & Services,Software,Application Software,1130173030.0,2022-12-28T23:23:50Z,https://en.wikipedia.org/w/index.php?oldid=1130173030,matched_gics
2022-12-31,ASML,ASML HOLDING NV,,,,,,,,missing_gics
2022-12-31,AVGO,Broadcom Inc.,Information Technology,Semiconductors & Semiconductor Equipment,Semiconductors & Semiconductor Equipment,Semiconductors,1130173030.0,2022-12-28T23:23:50Z,https://en.wikipedia.org/w/index.php?oldid=1130173030,matched_gics
2022-12-31,AZN,ASTRAZENECA PLC,,,,,,,,missing_gics
2022-12-31,BIIB,Biogen,Health Care,"Pharmaceuticals, Biotechnology & Life Sciences",Biotechnology,Biotechnology,1130173030.0,2022-12-28T23:23:50Z,https://en.wikipedia.org/w/index.php?oldid=1130173030,matched_gics
2022-12-31,BKNG,Booking Holdings,Consumer Discretionary,Retailing,Internet & Direct Marketing Retail,Internet & Direct Marketing Retail,1130173030.0,2022-12-28T23:23:50Z,https://en.wikipedia.org/w/index.php?oldid=1130173030,matched_gics
2022-12-31,BKR,Baker Hughes,Energy,Energy,Energy Equipment & Services,Oil & Gas Equipment & Services,1130173030.0,2022-12-28T23:23:50Z,https://en.wikipedia.org/w/index.php?oldid=1130173030,matched_gics
2022-12-31,CDNS,Cadence Design Systems,Information Technology,Software & Services,Software,Application Software,1130173030.0,2022-12-28T23:23:50Z,https://en.wikipedia.org/w/index.php?oldid=1130173030,matched_gics
2022-12-31,CEG,Constellation Energy,Utilities,Utilities,Multi-Utilities,Multi-Utilities,1130173030.0,2022-12-28T23:23:50Z,https://en.wikipedia.org/w/index.php?oldid=1130173030,matched_gics
2022-12-31,CHTR,Charter Communications,Communication Services,Media,Media,Cable & Satellite,1130173030.0,2022-12-28T23:23:50Z,https://en.wikipedia.org/w/index.php?oldid=1130173030,matched_gics
2022-12-31,CMCSA,Comcast,Communication Services,Media,Media,Cable & Satellite,1130173030.0,2022-12-28T23:23:50Z,https://en.wikipedia.org/w/index.php?oldid=1130173030,matched_gics
2022-12-31,COST,Costco,Consumer Staples,Food & Staples Retailing,Food & Staples Retailing,Hypermarkets & Super Centers,1130173030.0,2022-12-28T23:23:50Z,https://en.wikipedia.org/w/index.php?oldid=1130173030,matched_gics
2022-12-31,CPRT,Copart,Industrials,Commercial & Professional Services,Commercial Services & Supplies,Diversified Support Services,1130173030.0,2022-12-28T23:23:50Z,https://en.wikipedia.org/w/index.php?oldid=1130173030,matched_gics
2022-12-31,CRWD,"CrowdStrike Holdings, Inc.",,,,,,,,missing_gics
2022-12-31,CSCO,Cisco,Information Technology,Technology Hardware & Equipment,Communications Equipment,Communications Equipment,1130173030.0,2022-12-28T23:23:50Z,https://en.wikipedia.org/w/index.php?oldid=1130173030,matched_gics
2022-12-31,CSGP,CoStar Group,Industrials,Commercial & Professional Services,Professional Services,Research & Consulting Services,1130173030.0,2022-12-28T23:23:50Z,https://en.wikipedia.org/w/index.php?oldid=1130173030,matched_gics
2022-12-31,CSX,CSX,Industrials,Transportation,Road & Rail,Railroads,1130173030.0,2022-12-28T23:23:50Z,https://en.wikipedia.org/w/index.php?oldid=1130173030,matched_gics
2022-12-31,CTAS,Cintas,Industrials,Commercial & Professional Services,Commercial Services & Supplies,Diversified Support Services,1130173030.0,2022-12-28T23:23:50Z,https://en.wikipedia.org/w/index.php?oldid=1130173030,matched_gics
2022-12-31,CTSH,Cognizant,Information Technology,Software & Services,IT Services,IT Consulting & Other Services,1130173030.0,2022-12-28T23:23:50Z,https://en.wikipedia.org/w/index.php?oldid=1130173030,matched_gics
2022-12-31,DDOG,"Datadog, Inc.",,,,,,,,missing_gics
2022-12-31,DLTR,Dollar Tree,Consumer Discretionary,Retailing,Multiline Retail,General Merchandise Stores,1130173030.0,2022-12-28T23:23:50Z,https://en.wikipedia.org/w/index.php?oldid=1130173030,matched_gics
2022-12-31,DXCM,Dexcom,Health Care,Health Care Equipment & Services,Health Care Equipment & Supplies,Health Care Equipment,1130173030.0,2022-12-28T23:23:50Z,https://en.wikipedia.org/w/index.php?oldid=1130173030,matched_gics
2022-12-31,EA,Electronic Arts,Communication Services,Media & Entertainment,Entertainment,Interactive Home Entertainment,1130173030.0,2022-12-28T23:23:50Z,https://en.wikipedia.org/w/index.php?oldid=1130173030,matched_gics
2022-12-31,EBAY,eBay,Consumer Discretionary,Retailing,Internet & Direct Marketing Retail,Internet & Direct Marketing Retail,1130173030.0,2022-12-28T23:23:50Z,https://en.wikipedia.org/w/index.php?oldid=1130173030,matched_gics
2022-12-31,ENPH,Enphase,Information Technology,Technology Hardware & Equipment,"Electronic Equipment, Instruments & Components",Electronic Components,1130173030.0,2022-12-28T23:23:50Z,https://en.wikipedia.org/w/index.php?oldid=1130173030,matched_gics
2022-12-31,EXC,Exelon,Utilities,Utilities,Multi-Utilities,Multi-Utilities,1130173030.0,2022-12-28T23:23:50Z,https://en.wikipedia.org/w/index.php?oldid=1130173030,matched_gics
2022-12-31,FANG,Diamondback Energy,Energy,Energy,"Oil, Gas & Consumable Fuels",Oil & Gas Exploration & Production,1130173030.0,2022-12-28T23:23:50Z,https://en.wikipedia.org/w/index.php?oldid=1130173030,matched_gics
2022-12-31,FAST,Fastenal,Industrials,Capital Goods,Building Products,Building Products,1130173030.0,2022-12-28T23:23:50Z,https://en.wikipedia.org/w/index.php?oldid=1130173030,matched_gics
2022-12-31,FTNT,Fortinet,Information Technology,Software & Services,Software,Systems Software,1130173030.0,2022-12-28T23:23:50Z,https://en.wikipedia.org/w/index.php?oldid=1130173030,matched_gics
2022-12-31,GEHC,GE HealthCare Technologies Inc.,,,,,,,,missing_gics
2022-12-31,GFS,GLOBALFOUNDRIES Inc.,,,,,,,,missing_gics
2022-12-31,GILD,Gilead Sciences,Health Care,"Pharmaceuticals, Biotechnology & Life Sciences",Biotechnology,Biotechnology,1130173030.0,2022-12-28T23:23:50Z,https://en.wikipedia.org/w/index.php?oldid=1130173030,matched_gics
2022-12-31,GOOG,Alphabet Inc. (Class C),Communication Services,Media & Entertainment,Interactive Media & Services,Interactive Media & Services,1130173030.0,2022-12-28T23:23:50Z,https://en.wikipedia.org/w/index.php?oldid=1130173030,matched_gics
2022-12-31,GOOGL,Alphabet Inc. (Class A),Communication Services,Media & Entertainment,Interactive Media & Services,Interactive Media & Services,1130173030.0,2022-12-28T23:23:50Z,https://en.wikipedia.org/w/index.php?oldid=1130173030,matched_gics
2022-12-31,HON,Honeywell,Industrials,Capital Goods,Industrial Conglomerates,Industrial Conglomerates,1130173030.0,2022-12-28T23:23:50Z,https://en.wikipedia.org/w/index.php?oldid=1130173030,matched_gics
2022-12-31,IDXX,Idexx Laboratories,Health Care,Health Care Equipment & Services,Health Care Equipment & Supplies,Health Care Equipment,1130173030.0,2022-12-28T23:23:50Z,https://en.wikipedia.org/w/index.php?oldid=1130173030,matched_gics
2022-12-31,ILMN,Illumina,Health Care,"Pharmaceuticals, Biotechnology & Life Sciences",Life Sciences Tools & Services,Life Sciences Tools & Services,1130173030.0,2022-12-28T23:23:50Z,https://en.wikipedia.org/w/index.php?oldid=1130173030,matched_gics
2022-12-31,INTC,Intel,Information Technology,Semiconductors & Semiconductor Equipment,Semiconductors & Semiconductor Equipment,Semiconductors,1130173030.0,2022-12-28T23:23:50Z,https://en.wikipedia.org/w/index.php?oldid=1130173030,matched_gics
2022-12-31,INTU,Intuit,Information Technology,Software & Services,Software,Application Software,1130173030.0,2022-12-28T23:23:50Z,https://en.wikipedia.org/w/index.php?oldid=1130173030,matched_gics
2022-12-31,ISRG,Intuitive Surgical,Health Care,Health Care Equipment & Services,Health Care Equipment & Supplies,Health Care Equipment,1130173030.0,2022-12-28T23:23:50Z,https://en.wikipedia.org/w/index.php?oldid=1130173030,matched_gics
2022-12-31,JD,"JD.com, Inc.",,,,,,,,missing_gics
2022-12-31,KDP,Keurig Dr Pepper,Consumer Staples,"Food, Beverage & Tobacco",Beverages,Soft Drinks,1130173030.0,2022-12-28T23:23:50Z,https://en.wikipedia.org/w/index.php?oldid=1130173030,matched_gics
2022-12-31,KHC,Kraft Heinz,Consumer Staples,"Food, Beverage & Tobacco",Food Products,Packaged Foods & Meats,1130173030.0,2022-12-28T23:23:50Z,https://en.wikipedia.org/w/index.php?oldid=1130173030,matched_gics
2022-12-31,KLAC,KLA Corporation,Information Technology,Semiconductors & Semiconductor Equipment,Semiconductors & Semiconductor Equipment,Semiconductor Equipment,1130173030.0,2022-12-28T23:23:50Z,https://en.wikipedia.org/w/index.php?oldid=1130173030,matched_gics
2022-12-31,LCID,"Lucid Group, Inc.",,,,,,,,missing_gics
2022-12-31,LRCX,Lam Research,Information Technology,Semiconductors & Semiconductor Equipment,Semiconductors & Semiconductor Equipment,Semiconductor Equipment,1130173030.0,2022-12-28T23:23:50Z,https://en.wikipedia.org/w/index.php?oldid=1130173030,matched_gics
2022-12-31,LULU,lululemon athletica inc.,,,,,,,,missing_gics
2022-12-31,MAR,Marriott International,Consumer Discretionary,Consumer Services,"Hotels, Restaurants & Leisure","Hotels, Resorts & Cruise Lines",1130173030.0,2022-12-28T23:23:50Z,https://en.wikipedia.org/w/index.php?oldid=1130173030,matched_gics
2022-12-31,MCHP,Microchip Technology,Information Technology,Semiconductors & Semiconductor Equipment,Semiconductors & Semiconductor Equipment,Semiconductors,1130173030.0,2022-12-28T23:23:50Z,https://en.wikipedia.org/w/index.php?oldid=1130173030,matched_gics
2022-12-31,MDLZ,Mondelez International,Consumer Staples,"Food, Beverage & Tobacco",Food Products,Packaged Foods & Meats,1130173030.0,2022-12-28T23:23:50Z,https://en.wikipedia.org/w/index.php?oldid=1130173030,matched_gics
2022-12-31,MELI,MERCADOLIBRE INC,,,,,,,,missing_gics
2022-12-31,META,Meta Platforms,Communication Services,Media & Entertainment,Interactive Media & Services,Interactive Media & Services,1130173030.0,2022-12-28T23:23:50Z,https://en.wikipedia.org/w/index.php?oldid=1130173030,matched_gics
2022-12-31,MNST,Monster Beverage,Consumer Staples,"Food, Beverage & Tobacco",Beverages,Soft Drinks,1130173030.0,2022-12-28T23:23:50Z,https://en.wikipedia.org/w/index.php?oldid=1130173030,matched_gics
2022-12-31,MRNA,Moderna,Health Care,"Pharmaceuticals, Biotechnology & Life Sciences",Biotechnology,Biotechnology,1130173030.0,2022-12-28T23:23:50Z,https://en.wikipedia.org/w/index.php?oldid=1130173030,matched_gics
2022-12-31,MRVL,"Marvell Technology, Inc.",,,,,,,,missing_gics
2022-12-31,MSFT,Microsoft,Information Technology,Software & Services,Software,Systems Software,1130173030.0,2022-12-28T23:23:50Z,https://en.wikipedia.org/w/index.php?oldid=1130173030,matched_gics
2022-12-31,MU,Micron Technology,Information Technology,Semiconductors & Semiconductor Equipment,Semiconductors & Semiconductor Equipment,Semiconductors,1130173030.0,2022-12-28T23:23:50Z,https://en.wikipedia.org/w/index.php?oldid=1130173030,matched_gics
2022-12-31,NFLX,Netflix,Communication Services,Media & Entertainment,Entertainment,Movies & Entertainment,1130173030.0,2022-12-28T23:23:50Z,https://en.wikipedia.org/w/index.php?oldid=1130173030,matched_gics
2022-12-31,NVDA,Nvidia,Information Technology,Semiconductors & Semiconductor Equipment,Semiconductors & Semiconductor Equipment,Semiconductors,1130173030.0,2022-12-28T23:23:50Z,https://en.wikipedia.org/w/index.php?oldid=1130173030,matched_gics
2022-12-31,NXPI,NXP Semiconductors,Information Technology,Semiconductors & Semiconductor Equipment,Semiconductors & Semiconductor Equipment,Semiconductors,1130173030.0,2022-12-28T23:23:50Z,https://en.wikipedia.org/w/index.php?oldid=1130173030,matched_gics
2022-12-31,ODFL,Old Dominion,Industrials,Transportation,Road & Rail,Trucking,1130173030.0,2022-12-28T23:23:50Z,https://en.wikipedia.org/w/index.php?oldid=1130173030,matched_gics
2022-12-31,ON,ON Semiconductor,Information Technology,Semiconductors & Semiconductor Equipment,Semiconductors & Semiconductor Equipment,Semiconductors,1130173030.0,2022-12-28T23:23:50Z,https://en.wikipedia.org/w/index.php?oldid=1130173030,matched_gics
2022-12-31,ORLY,O'Reilly Auto Parts,Consumer Discretionary,Retailing,Specialty Retail,Specialty Stores,1130173030.0,2022-12-28T23:23:50Z,https://en.wikipedia.org/w/index.php?oldid=1130173030,matched_gics
2022-12-31,PANW,Palo Alto Networks Inc,,,,,,,,missing_gics
2022-12-31,PAYX,Paychex,Information Technology,Software & Services,IT Services,Data Processing & Outsourced Services,1130173030.0,2022-12-28T23:23:50Z,https://en.wikipedia.org/w/index.php?oldid=1130173030,matched_gics
2022-12-31,PCAR,Paccar,Industrials,Capital Goods,Machinery,Construction Machinery & Heavy Trucks,1130173030.0,2022-12-28T23:23:50Z,https://en.wikipedia.org/w/index.php?oldid=1130173030,matched_gics
2022-12-31,PDD,PDD Holdings Inc.,,,,,,,,missing_gics
2022-12-31,PEP,PepsiCo,Consumer Staples,"Food, Beverage & Tobacco",Beverages,Soft Drinks,1130173030.0,2022-12-28T23:23:50Z,https://en.wikipedia.org/w/index.php?oldid=1130173030,matched_gics
2022-12-31,PYPL,PayPal,Information Technology,Software & Services,IT Services,Data Processing & Outsourced Services,1130173030.0,2022-12-28T23:23:50Z,https://en.wikipedia.org/w/index.php?oldid=1130173030,matched_gics
2022-12-31,QCOM,Qualcomm,Information Technology,Semiconductors & Semiconductor Equipment,Semiconductors & Semiconductor Equipment,Semiconductors,1130173030.0,2022-12-28T23:23:50Z,https://en.wikipedia.org/w/index.php?oldid=1130173030,matched_gics
2022-12-31,REGN,Regeneron,Health Care,"Pharmaceuticals, Biotechnology & Life Sciences",Biotechnology,Biotechnology,1130173030.0,2022-12-28T23:23:50Z,https://en.wikipedia.org/w/index.php?oldid=1130173030,matched_gics
2022-12-31,ROST,Ross Stores,Consumer Discretionary,Retailing,Specialty Retail,Apparel Retail,1130173030.0,2022-12-28T23:23:50Z,https://en.wikipedia.org/w/index.php?oldid=1130173030,matched_gics
2022-12-31,SBUX,Starbucks,Consumer Discretionary,Consumer Services,"Hotels, Restaurants & Leisure",Restaurants,1130173030.0,2022-12-28T23:23:50Z,https://en.wikipedia.org/w/index.php?oldid=1130173030,matched_gics
2022-12-31,SGEN,Seagen Inc.,,,,,,,,missing_gics
2022-12-31,SIRI,SIRIUS XM HOLDINGS INC.,,,,,,,,missing_gics
2022-12-31,SNPS,Synopsys,Information Technology,Software & Services,Software,Application Software,1130173030.0,2022-12-28T23:23:50Z,https://en.wikipedia.org/w/index.php?oldid=1130173030,matched_gics
2022-12-31,TEAM,Atlassian Corp,,,,,,,,missing_gics
2022-12-31,TMUS,T-Mobile US,Communication Services,Telecommunication Services,Wireless Telecommunication Services,Wireless Telecommunication Services,1130173030.0,2022-12-28T23:23:50Z,https://en.wikipedia.org/w/index.php?oldid=1130173030,matched_gics
2022-12-31,TSLA,"Tesla, Inc.",Consumer Discretionary,Automobiles & Components,Automobiles,Automobile Manufacturers,1130173030.0,2022-12-28T23:23:50Z,https://en.wikipedia.org/w/index.php?oldid=1130173030,matched_gics
2022-12-31,TTD,"Trade Desk, Inc.",,,,,,,,missing_gics
2022-12-31,TXN,Texas Instruments,Information Technology,Semiconductors & Semiconductor Equipment,Semiconductors & Semiconductor Equipment,Semiconductors,1130173030.0,2022-12-28T23:23:50Z,https://en.wikipedia.org/w/index.php?oldid=1130173030,matched_gics
2022-12-31,VRSK,Verisk,Industrials,Commercial & Professional Services,Professional Services,Research & Consulting Services,1130173030.0,2022-12-28T23:23:50Z,https://en.wikipedia.org/w/index.php?oldid=1130173030,matched_gics
2022-12-31,VRTX,Vertex Pharmaceuticals,Health Care,"Pharmaceuticals, Biotechnology & Life Sciences",Biotechnology,Biotechnology,1130173030.0,2022-12-28T23:23:50Z,https://en.wikipedia.org/w/index.php?oldid=1130173030,matched_gics
2022-12-31,WBA,Walgreens Boots Alliance,Consumer Staples,Food & Staples Retailing,Food & Staples Retailing,Drug Retail,1130173030.0,2022-12-28T23:23:50Z,https://en.wikipedia.org/w/index.php?oldid=1130173030,matched_gics
2022-12-31,WBD,Warner Bros. Discovery,Communication Services,Media & Entertainment,Media,Broadcasting,1130173030.0,2022-12-28T23:23:50Z,https://en.wikipedia.org/w/index.php?oldid=1130173030,matched_gics
2022-12-31,WDAY,"Workday, Inc.",,,,,,,,missing_gics
2022-12-31,XEL,Xcel Energy,Utilities,Utilities,Multi-Utilities,Multi-Utilities,1130173030.0,2022-12-28T23:23:50Z,https://en.wikipedia.org/w/index.php?oldid=1130173030,matched_gics
2022-12-31,ZM,"Zoom Communications, Inc.",,,,,,,,missing_gics
2022-12-31,ZS,"Zscaler, Inc.",,,,,,,,missing_gics
2023-01-31,AAPL,Apple Inc.,Information Technology,Technology Hardware & Equipment,"Technology Hardware, Storage & Peripherals","Technology Hardware, Storage & Peripherals",1133913867.0,2023-01-16T03:05:01Z,https://en.wikipedia.org/w/index.php?oldid=1133913867,matched_gics
2023-01-31,ABNB,"Airbnb, Inc.",,,,,,,,missing_gics
2023-01-31,ADBE,Adobe Inc.,Information Technology,Software & Services,Software,Application Software,1133913867.0,2023-01-16T03:05:01Z,https://en.wikipedia.org/w/index.php?oldid=1133913867,matched_gics
2023-01-31,ADI,Analog Devices,Information Technology,Semiconductors & Semiconductor Equipment,Semiconductors & Semiconductor Equipment,Semiconductors,1133913867.0,2023-01-16T03:05:01Z,https://en.wikipedia.org/w/index.php?oldid=1133913867,matched_gics
2023-01-31,ADP,ADP,Information Technology,Software & Services,IT Services,Data Processing & Outsourced Services,1133913867.0,2023-01-16T03:05:01Z,https://en.wikipedia.org/w/index.php?oldid=1133913867,matched_gics
2023-01-31,ADSK,Autodesk,Information Technology,Software & Services,Software,Application Software,1133913867.0,2023-01-16T03:05:01Z,https://en.wikipedia.org/w/index.php?oldid=1133913867,matched_gics
2023-01-31,AEP,American Electric Power,Utilities,Utilities,Electric Utilities,Electric Utilities,1133913867.0,2023-01-16T03:05:01Z,https://en.wikipedia.org/w/index.php?oldid=1133913867,matched_gics
2023-01-31,AMAT,Applied Materials,Information Technology,Semiconductors & Semiconductor Equipment,Semiconductors & Semiconductor Equipment,Semiconductor Equipment,1133913867.0,2023-01-16T03:05:01Z,https://en.wikipedia.org/w/index.php?oldid=1133913867,matched_gics
2023-01-31,AMD,AMD,Information Technology,Semiconductors & Semiconductor Equipment,Semiconductors & Semiconductor Equipment,Semiconductors,1133913867.0,2023-01-16T03:05:01Z,https://en.wikipedia.org/w/index.php?oldid=1133913867,matched_gics
2023-01-31,AMGN,Amgen,Health Care,"Pharmaceuticals, Biotechnology & Life Sciences",Biotechnology,Biotechnology,1133913867.0,2023-01-16T03:05:01Z,https://en.wikipedia.org/w/index.php?oldid=1133913867,matched_gics
2023-01-31,AMZN,Amazon,Consumer Discretionary,Retailing,Internet & Direct Marketing Retail,Internet & Direct Marketing Retail,1133913867.0,2023-01-16T03:05:01Z,https://en.wikipedia.org/w/index.php?oldid=1133913867,matched_gics
2023-01-31,ANSS,Ansys,Information Technology,Software & Services,Software,Application Software,1133913867.0,2023-01-16T03:05:01Z,https://en.wikipedia.org/w/index.php?oldid=1133913867,matched_gics
2023-01-31,ASML,ASML HOLDING NV,,,,,,,,missing_gics
2023-01-31,AVGO,Broadcom Inc.,Information Technology,Semiconductors & Semiconductor Equipment,Semiconductors & Semiconductor Equipment,Semiconductors,1133913867.0,2023-01-16T03:05:01Z,https://en.wikipedia.org/w/index.php?oldid=1133913867,matched_gics
2023-01-31,AZN,ASTRAZENECA PLC,,,,,,,,missing_gics
2023-01-31,BIIB,Biogen,Health Care,"Pharmaceuticals, Biotechnology & Life Sciences",Biotechnology,Biotechnology,1133913867.0,2023-01-16T03:05:01Z,https://en.wikipedia.org/w/index.php?oldid=1133913867,matched_gics
2023-01-31,BKNG,Booking Holdings,Consumer Discretionary,Retailing,Internet & Direct Marketing Retail,Internet & Direct Marketing Retail,1133913867.0,2023-01-16T03:05:01Z,https://en.wikipedia.org/w/index.php?oldid=1133913867,matched_gics
2023-01-31,BKR,Baker Hughes,Energy,Energy,Energy Equipment & Services,Oil & Gas Equipment & Services,1133913867.0,2023-01-16T03:05:01Z,https://en.wikipedia.org/w/index.php?oldid=1133913867,matched_gics
2023-01-31,CCEP,COCA-COLA EUROPACIFIC PARTNERS plc,,,,,,,,missing_gics
2023-01-31,CDNS,Cadence Design Systems,Information Technology,Software & Services,Software,Application Software,1133913867.0,2023-01-16T03:05:01Z,https://en.wikipedia.org/w/index.php?oldid=1133913867,matched_gics
2023-01-31,CDW,CDW,Information Technology,Technology Hardware & Equipment,"Electronic Equipment, Instruments & Components",Technology Distributors,1133913867.0,2023-01-16T03:05:01Z,https://en.wikipedia.org/w/index.php?oldid=1133913867,matched_gics
2023-01-31,CEG,Constellation Energy,Utilities,Utilities,Multi-Utilities,Multi-Utilities,1133913867.0,2023-01-16T03:05:01Z,https://en.wikipedia.org/w/index.php?oldid=1133913867,matched_gics
2023-01-31,CHTR,Charter Communications,Communication Services,Media,Media,Cable & Satellite,1133913867.0,2023-01-16T03:05:01Z,https://en.wikipedia.org/w/index.php?oldid=1133913867,matched_gics
2023-01-31,CMCSA,Comcast,Communication Services,Media,Media,Cable & Satellite,1133913867.0,2023-01-16T03:05:01Z,https://en.wikipedia.org/w/index.php?oldid=1133913867,matched_gics
2023-01-31,COST,Costco,Consumer Staples,Food & Staples Retailing,Food & Staples Retailing,Hypermarkets & Super Centers,1133913867.0,2023-01-16T03:05:01Z,https://en.wikipedia.org/w/index.php?oldid=1133913867,matched_gics
2023-01-31,CPRT,Copart,Industrials,Commercial & Professional Services,Commercial Services & Supplies,Diversified Support Services,1133913867.0,2023-01-16T03:05:01Z,https://en.wikipedia.org/w/index.php?oldid=1133913867,matched_gics
2023-01-31,CRWD,"CrowdStrike Holdings, Inc.",,,,,,,,missing_gics
2023-01-31,CSCO,Cisco,Information Technology,Technology Hardware & Equipment,Communications Equipment,Communications Equipment,1133913867.0,2023-01-16T03:05:01Z,https://en.wikipedia.org/w/index.php?oldid=1133913867,matched_gics
2023-01-31,CSGP,CoStar Group,Industrials,Commercial & Professional Services,Professional Services,Research & Consulting Services,1133913867.0,2023-01-16T03:05:01Z,https://en.wikipedia.org/w/index.php?oldid=1133913867,matched_gics
2023-01-31,CSX,CSX,Industrials,Transportation,Road & Rail,Railroads,1133913867.0,2023-01-16T03:05:01Z,https://en.wikipedia.org/w/index.php?oldid=1133913867,matched_gics
2023-01-31,CTAS,Cintas,Industrials,Commercial & Professional Services,Commercial Services & Supplies,Diversified Support Services,1133913867.0,2023-01-16T03:05:01Z,https://en.wikipedia.org/w/index.php?oldid=1133913867,matched_gics
2023-01-31,CTSH,Cognizant,Information Technology,Software & Services,IT Services,IT Consulting & Other Services,1133913867.0,2023-01-16T03:05:01Z,https://en.wikipedia.org/w/index.php?oldid=1133913867,matched_gics
2023-01-31,DASH,"DoorDash, Inc.",,,,,,,,missing_gics
2023-01-31,DDOG,"Datadog, Inc.",,,,,,,,missing_gics
2023-01-31,DLTR,Dollar Tree,Consumer Discretionary,Retailing,Multiline Retail,General Merchandise Stores,1133913867.0,2023-01-16T03:05:01Z,https://en.wikipedia.org/w/index.php?oldid=1133913867,matched_gics
2023-01-31,DXCM,Dexcom,Health Care,Health Care Equipment & Services,Health Care Equipment & Supplies,Health Care Equipment,1133913867.0,2023-01-16T03:05:01Z,https://en.wikipedia.org/w/index.php?oldid=1133913867,matched_gics
2023-01-31,EA,Electronic Arts,Communication Services,Media & Entertainment,Entertainment,Interactive Home Entertainment,1133913867.0,2023-01-16T03:05:01Z,https://en.wikipedia.org/w/index.php?oldid=1133913867,matched_gics
2023-01-31,EXC,Exelon,Utilities,Utilities,Multi-Utilities,Multi-Utilities,1133913867.0,2023-01-16T03:05:01Z,https://en.wikipedia.org/w/index.php?oldid=1133913867,matched_gics
2023-01-31,FANG,Diamondback Energy,Energy,Energy,"Oil, Gas & Consumable Fuels",Oil & Gas Exploration & Production,1133913867.0,2023-01-16T03:05:01Z,https://en.wikipedia.org/w/index.php?oldid=1133913867,matched_gics
2023-01-31,FAST,Fastenal,Industrials,Capital Goods,Building Products,Building Products,1133913867.0,2023-01-16T03:05:01Z,https://en.wikipedia.org/w/index.php?oldid=1133913867,matched_gics
2023-01-31,FTNT,Fortinet,Information Technology,Software & Services,Software,Systems Software,1133913867.0,2023-01-16T03:05:01Z,https://en.wikipedia.org/w/index.php?oldid=1133913867,matched_gics
2023-01-31,GEHC,GE HealthCare,Health Care,Health Care Equipment & Services,Health Care Technology,Health Care Technology,1133913867.0,2023-01-16T03:05:01Z,https://en.wikipedia.org/w/index.php?oldid=1133913867,matched_gics
2023-01-31,GFS,GLOBALFOUNDRIES Inc.,,,,,,,,missing_gics
2023-01-31,GILD,Gilead Sciences,Health Care,"Pharmaceuticals, Biotechnology & Life Sciences",Biotechnology,Biotechnology,1133913867.0,2023-01-16T03:05:01Z,https://en.wikipedia.org/w/index.php?oldid=1133913867,matched_gics
2023-01-31,GOOG,Alphabet Inc. (Class C),Communication Services,Media & Entertainment,Interactive Media & Services,Interactive Media & Services,1133913867.0,2023-01-16T03:05:01Z,https://en.wikipedia.org/w/index.php?oldid=1133913867,matched_gics
2023-01-31,GOOGL,Alphabet Inc. (Class A),Communication Services,Media & Entertainment,Interactive Media & Services,Interactive Media & Services,1133913867.0,2023-01-16T03:05:01Z,https://en.wikipedia.org/w/index.php?oldid=1133913867,matched_gics
2023-01-31,HON,Honeywell,Industrials,Capital Goods,Industrial Conglomerates,Industrial Conglomerates,1133913867.0,2023-01-16T03:05:01Z,https://en.wikipedia.org/w/index.php?oldid=1133913867,matched_gics
2023-01-31,IDXX,Idexx Laboratories,Health Care,Health Care Equipment & Services,Health Care Equipment & Supplies,Health Care Equipment,1133913867.0,2023-01-16T03:05:01Z,https://en.wikipedia.org/w/index.php?oldid=1133913867,matched_gics
2023-01-31,ILMN,Illumina,Health Care,"Pharmaceuticals, Biotechnology & Life Sciences",Life Sciences Tools & Services,Life Sciences Tools & Services,1133913867.0,2023-01-16T03:05:01Z,https://en.wikipedia.org/w/index.php?oldid=1133913867,matched_gics
2023-01-31,INTC,Intel,Information Technology,Semiconductors & Semiconductor Equipment,Semiconductors & Semiconductor Equipment,Semiconductors,1133913867.0,2023-01-16T03:05:01Z,https://en.wikipedia.org/w/index.php?oldid=1133913867,matched_gics
2023-01-31,INTU,Intuit,Information Technology,Software & Services,Software,Application Software,1133913867.0,2023-01-16T03:05:01Z,https://en.wikipedia.org/w/index.php?oldid=1133913867,matched_gics
2023-01-31,ISRG,Intuitive Surgical,Health Care,Health Care Equipment & Services,Health Care Equipment & Supplies,Health Care Equipment,1133913867.0,2023-01-16T03:05:01Z,https://en.wikipedia.org/w/index.php?oldid=1133913867,matched_gics
2023-01-31,KDP,Keurig Dr Pepper,Consumer Staples,"Food, Beverage & Tobacco",Beverages,Soft Drinks,1133913867.0,2023-01-16T03:05:01Z,https://en.wikipedia.org/w/index.php?oldid=1133913867,matched_gics
2023-01-31,KHC,Kraft Heinz,Consumer Staples,"Food, Beverage & Tobacco",Food Products,Packaged Foods & Meats,1133913867.0,2023-01-16T03:05:01Z,https://en.wikipedia.org/w/index.php?oldid=1133913867,matched_gics
2023-01-31,KLAC,KLA Corporation,Information Technology,Semiconductors & Semiconductor Equipment,Semiconductors & Semiconductor Equipment,Semiconductor Equipment,1133913867.0,2023-01-16T03:05:01Z,https://en.wikipedia.org/w/index.php?oldid=1133913867,matched_gics
2023-01-31,LRCX,Lam Research,Information Technology,Semiconductors & Semiconductor Equipment,Semiconductors & Semiconductor Equipment,Semiconductor Equipment,1133913867.0,2023-01-16T03:05:01Z,https://en.wikipedia.org/w/index.php?oldid=1133913867,matched_gics
2023-01-31,LULU,lululemon athletica inc.,,,,,,,,missing_gics
2023-01-31,MAR,Marriott International,Consumer Discretionary,Consumer Services,"Hotels, Restaurants & Leisure","Hotels, Resorts & Cruise Lines",1133913867.0,2023-01-16T03:05:01Z,https://en.wikipedia.org/w/index.php?oldid=1133913867,matched_gics
2023-01-31,MCHP,Microchip Technology,Information Technology,Semiconductors & Semiconductor Equipment,Semiconductors & Semiconductor Equipment,Semiconductors,1133913867.0,2023-01-16T03:05:01Z,https://en.wikipedia.org/w/index.php?oldid=1133913867,matched_gics
2023-01-31,MDB,"MongoDB, Inc.",,,,,,,,missing_gics
2023-01-31,MDLZ,Mondelez International,Consumer Staples,"Food, Beverage & Tobacco",Food Products,Packaged Foods & Meats,1133913867.0,2023-01-16T03:05:01Z,https://en.wikipedia.org/w/index.php?oldid=1133913867,matched_gics
2023-01-31,MELI,MERCADOLIBRE INC,,,,,,,,missing_gics
2023-01-31,META,Meta Platforms,Communication Services,Media & Entertainment,Interactive Media & Services,Interactive Media & Services,1133913867.0,2023-01-16T03:05:01Z,https://en.wikipedia.org/w/index.php?oldid=1133913867,matched_gics
2023-01-31,MNST,Monster Beverage,Consumer Staples,"Food, Beverage & Tobacco",Beverages,Soft Drinks,1133913867.0,2023-01-16T03:05:01Z,https://en.wikipedia.org/w/index.php?oldid=1133913867,matched_gics
2023-01-31,MRNA,Moderna,Health Care,"Pharmaceuticals, Biotechnology & Life Sciences",Biotechnology,Biotechnology,1133913867.0,2023-01-16T03:05:01Z,https://en.wikipedia.org/w/index.php?oldid=1133913867,matched_gics
2023-01-31,MRVL,"Marvell Technology, Inc.",,,,,,,,missing_gics
2023-01-31,MSFT,Microsoft,Information Technology,Software & Services,Software,Systems Software,1133913867.0,2023-01-16T03:05:01Z,https://en.wikipedia.org/w/index.php?oldid=1133913867,matched_gics
2023-01-31,MU,Micron Technology,Information Technology,Semiconductors & Semiconductor Equipment,Semiconductors & Semiconductor Equipment,Semiconductors,1133913867.0,2023-01-16T03:05:01Z,https://en.wikipedia.org/w/index.php?oldid=1133913867,matched_gics
2023-01-31,NFLX,Netflix,Communication Services,Media & Entertainment,Entertainment,Movies & Entertainment,1133913867.0,2023-01-16T03:05:01Z,https://en.wikipedia.org/w/index.php?oldid=1133913867,matched_gics
2023-01-31,NVDA,Nvidia,Information Technology,Semiconductors & Semiconductor Equipment,Semiconductors & Semiconductor Equipment,Semiconductors,1133913867.0,2023-01-16T03:05:01Z,https://en.wikipedia.org/w/index.php?oldid=1133913867,matched_gics
2023-01-31,NXPI,NXP Semiconductors,Information Technology,Semiconductors & Semiconductor Equipment,Semiconductors & Semiconductor Equipment,Semiconductors,1133913867.0,2023-01-16T03:05:01Z,https://en.wikipedia.org/w/index.php?oldid=1133913867,matched_gics
2023-01-31,ODFL,Old Dominion,Industrials,Transportation,Road & Rail,Trucking,1133913867.0,2023-01-16T03:05:01Z,https://en.wikipedia.org/w/index.php?oldid=1133913867,matched_gics
2023-01-31,ON,ON Semiconductor,Information Technology,Semiconductors & Semiconductor Equipment,Semiconductors & Semiconductor Equipment,Semiconductors,1133913867.0,2023-01-16T03:05:01Z,https://en.wikipedia.org/w/index.php?oldid=1133913867,matched_gics
2023-01-31,ORLY,O'Reilly Auto Parts,Consumer Discretionary,Retailing,Specialty Retail,Specialty Stores,1133913867.0,2023-01-16T03:05:01Z,https://en.wikipedia.org/w/index.php?oldid=1133913867,matched_gics
2023-01-31,PANW,Palo Alto Networks Inc,,,,,,,,missing_gics
2023-01-31,PAYX,Paychex,Information Technology,Software & Services,IT Services,Data Processing & Outsourced Services,1133913867.0,2023-01-16T03:05:01Z,https://en.wikipedia.org/w/index.php?oldid=1133913867,matched_gics
2023-01-31,PCAR,Paccar,Industrials,Capital Goods,Machinery,Construction Machinery & Heavy Trucks,1133913867.0,2023-01-16T03:05:01Z,https://en.wikipedia.org/w/index.php?oldid=1133913867,matched_gics
2023-01-31,PDD,PDD Holdings Inc.,,,,,,,,missing_gics
2023-01-31,PEP,PepsiCo,Consumer Staples,"Food, Beverage & Tobacco",Beverages,Soft Drinks,1133913867.0,2023-01-16T03:05:01Z,https://en.wikipedia.org/w/index.php?oldid=1133913867,matched_gics
2023-01-31,PYPL,PayPal,Information Technology,Software & Services,IT Services,Data Processing & Outsourced Services,1133913867.0,2023-01-16T03:05:01Z,https://en.wikipedia.org/w/index.php?oldid=1133913867,matched_gics
2023-01-31,QCOM,Qualcomm,Information Technology,Semiconductors & Semiconductor Equipment,Semiconductors & Semiconductor Equipment,Semiconductors,1133913867.0,2023-01-16T03:05:01Z,https://en.wikipedia.org/w/index.php?oldid=1133913867,matched_gics
2023-01-31,REGN,Regeneron,Health Care,"Pharmaceuticals, Biotechnology & Life Sciences",Biotechnology,Biotechnology,1133913867.0,2023-01-16T03:05:01Z,https://en.wikipedia.org/w/index.php?oldid=1133913867,matched_gics
2023-01-31,ROP,Roper Technologies,Information Technology,Technology Hardware & Equipment,"Electronic Equipment, Instruments & Components",Electronic Equipment & Instruments,1133913867.0,2023-01-16T03:05:01Z,https://en.wikipedia.org/w/index.php?oldid=1133913867,matched_gics
2023-01-31,ROST,Ross Stores,Consumer Discretionary,Retailing,Specialty Retail,Apparel Retail,1133913867.0,2023-01-16T03:05:01Z,https://en.wikipedia.org/w/index.php?oldid=1133913867,matched_gics
2023-01-31,SBUX,Starbucks,Consumer Discretionary,Consumer Services,"Hotels, Restaurants & Leisure",Restaurants,1133913867.0,2023-01-16T03:05:01Z,https://en.wikipedia.org/w/index.php?oldid=1133913867,matched_gics
2023-01-31,SIRI,SIRIUS XM HOLDINGS INC.,,,,,,,,missing_gics
2023-01-31,SNPS,Synopsys,Information Technology,Software & Services,Software,Application Software,1133913867.0,2023-01-16T03:05:01Z,https://en.wikipedia.org/w/index.php?oldid=1133913867,matched_gics
2023-01-31,SPLK,Splunk Inc.,,,,,,,,missing_gics
2023-01-31,TEAM,Atlassian Corp,,,,,,,,missing_gics
2023-01-31,TMUS,T-Mobile US,Communication Services,Telecommunication Services,Wireless Telecommunication Services,Wireless Telecommunication Services,1133913867.0,2023-01-16T03:05:01Z,https://en.wikipedia.org/w/index.php?oldid=1133913867,matched_gics
2023-01-31,TSLA,"Tesla, Inc.",Consumer Discretionary,Automobiles & Components,Automobiles,Automobile Manufacturers,1133913867.0,2023-01-16T03:05:01Z,https://en.wikipedia.org/w/index.php?oldid=1133913867,matched_gics
2023-01-31,TTD,"Trade Desk, Inc.",,,,,,,,missing_gics
2023-01-31,TTWO,Take-Two Interactive,Communication Services,Media & Entertainment,Entertainment,Interactive Home Entertainment,1133913867.0,2023-01-16T03:05:01Z,https://en.wikipedia.org/w/index.php?oldid=1133913867,matched_gics
2023-01-31,TXN,Texas Instruments,Information Technology,Semiconductors & Semiconductor Equipment,Semiconductors & Semiconductor Equipment,Semiconductors,1133913867.0,2023-01-16T03:05:01Z,https://en.wikipedia.org/w/index.php?oldid=1133913867,matched_gics
2023-01-31,VRSK,Verisk,Industrials,Commercial & Professional Services,Professional Services,Research & Consulting Services,1133913867.0,2023-01-16T03:05:01Z,https://en.wikipedia.org/w/index.php?oldid=1133913867,matched_gics
2023-01-31,VRTX,Vertex Pharmaceuticals,Health Care,"Pharmaceuticals, Biotechnology & Life Sciences",Biotechnology,Biotechnology,1133913867.0,2023-01-16T03:05:01Z,https://en.wikipedia.org/w/index.php?oldid=1133913867,matched_gics
2023-01-31,WBA,Walgreens Boots Alliance,Consumer Staples,Food & Staples Retailing,Food & Staples Retailing,Drug Retail,1133913867.0,2023-01-16T03:05:01Z,https://en.wikipedia.org/w/index.php?oldid=1133913867,matched_gics
2023-01-31,WBD,Warner Bros. Discovery,Communication Services,Media & Entertainment,Media,Broadcasting,1133913867.0,2023-01-16T03:05:01Z,https://en.wikipedia.org/w/index.php?oldid=1133913867,matched_gics
2023-01-31,WDAY,"Workday, Inc.",,,,,,,,missing_gics
2023-01-31,XEL,Xcel Energy,Utilities,Utilities,Multi-Utilities,Multi-Utilities,1133913867.0,2023-01-16T03:05:01Z,https://en.wikipedia.org/w/index.php?oldid=1133913867,matched_gics
2023-01-31,ZS,"Zscaler, Inc.",,,,,,,,missing_gics
2023-02-28,AAPL,Apple Inc.,Information Technology,Technology Hardware & Equipment,"Technology Hardware, Storage & Peripherals","Technology Hardware, Storage & Peripherals",1142160472.0,2023-02-28T21:10:53Z,https://en.wikipedia.org/w/index.php?oldid=1142160472,matched_gics
2023-02-28,ABNB,"Airbnb, Inc.",,,,,,,,missing_gics
2023-02-28,ADBE,Adobe Inc.,Information Technology,Software & Services,Software,Application Software,1142160472.0,2023-02-28T21:10:53Z,https://en.wikipedia.org/w/index.php?oldid=1142160472,matched_gics
2023-02-28,ADI,Analog Devices,Information Technology,Semiconductors & Semiconductor Equipment,Semiconductors & Semiconductor Equipment,Semiconductors,1142160472.0,2023-02-28T21:10:53Z,https://en.wikipedia.org/w/index.php?oldid=1142160472,matched_gics
2023-02-28,ADP,ADP,Information Technology,Software & Services,IT Services,Data Processing & Outsourced Services,1142160472.0,2023-02-28T21:10:53Z,https://en.wikipedia.org/w/index.php?oldid=1142160472,matched_gics
2023-02-28,ADSK,Autodesk,Information Technology,Software & Services,Software,Application Software,1142160472.0,2023-02-28T21:10:53Z,https://en.wikipedia.org/w/index.php?oldid=1142160472,matched_gics
2023-02-28,AEP,American Electric Power,Utilities,Utilities,Electric Utilities,Electric Utilities,1142160472.0,2023-02-28T21:10:53Z,https://en.wikipedia.org/w/index.php?oldid=1142160472,matched_gics
2023-02-28,AMAT,Applied Materials,Information Technology,Semiconductors & Semiconductor Equipment,Semiconductors & Semiconductor Equipment,Semiconductor Equipment,1142160472.0,2023-02-28T21:10:53Z,https://en.wikipedia.org/w/index.php?oldid=1142160472,matched_gics
2023-02-28,AMD,AMD,Information Technology,Semiconductors & Semiconductor Equipment,Semiconductors & Semiconductor Equipment,Semiconductors,1142160472.0,2023-02-28T21:10:53Z,https://en.wikipedia.org/w/index.php?oldid=1142160472,matched_gics
2023-02-28,AMGN,Amgen,Health Care,"Pharmaceuticals, Biotechnology & Life Sciences",Biotechnology,Biotechnology,1142160472.0,2023-02-28T21:10:53Z,https://en.wikipedia.org/w/index.php?oldid=1142160472,matched_gics
2023-02-28,AMZN,Amazon,Consumer Discretionary,Retailing,Internet & Direct Marketing Retail,Internet & Direct Marketing Retail,1142160472.0,2023-02-28T21:10:53Z,https://en.wikipedia.org/w/index.php?oldid=1142160472,matched_gics
2023-02-28,ANSS,Ansys,Information Technology,Software & Services,Software,Application Software,1142160472.0,2023-02-28T21:10:53Z,https://en.wikipedia.org/w/index.php?oldid=1142160472,matched_gics
2023-02-28,ASML,ASML HOLDING NV,,,,,,,,missing_gics
2023-02-28,AVGO,Broadcom Inc.,Information Technology,Semiconductors & Semiconductor Equipment,Semiconductors & Semiconductor Equipment,Semiconductors,1142160472.0,2023-02-28T21:10:53Z,https://en.wikipedia.org/w/index.php?oldid=1142160472,matched_gics
2023-02-28,AZN,ASTRAZENECA PLC,,,,,,,,missing_gics
2023-02-28,BIIB,Biogen,Health Care,"Pharmaceuticals, Biotechnology & Life Sciences",Biotechnology,Biotechnology,1142160472.0,2023-02-28T21:10:53Z,https://en.wikipedia.org/w/index.php?oldid=1142160472,matched_gics
2023-02-28,BKNG,Booking Holdings,Consumer Discretionary,Retailing,Internet & Direct Marketing Retail,Internet & Direct Marketing Retail,1142160472.0,2023-02-28T21:10:53Z,https://en.wikipedia.org/w/index.php?oldid=1142160472,matched_gics
2023-02-28,BKR,Baker Hughes,Energy,Energy,Energy Equipment & Services,Oil & Gas Equipment & Services,1142160472.0,2023-02-28T21:10:53Z,https://en.wikipedia.org/w/index.php?oldid=1142160472,matched_gics
2023-02-28,CCEP,COCA-COLA EUROPACIFIC PARTNERS plc,,,,,,,,missing_gics
2023-02-28,CDNS,Cadence Design Systems,Information Technology,Software & Services,Software,Application Software,1142160472.0,2023-02-28T21:10:53Z,https://en.wikipedia.org/w/index.php?oldid=1142160472,matched_gics
2023-02-28,CDW,CDW,Information Technology,Technology Hardware & Equipment,"Electronic Equipment, Instruments & Components",Technology Distributors,1142160472.0,2023-02-28T21:10:53Z,https://en.wikipedia.org/w/index.php?oldid=1142160472,matched_gics
2023-02-28,CEG,Constellation Energy,Utilities,Utilities,Multi-Utilities,Multi-Utilities,1142160472.0,2023-02-28T21:10:53Z,https://en.wikipedia.org/w/index.php?oldid=1142160472,matched_gics
2023-02-28,CHTR,Charter Communications,Communication Services,Media,Media,Cable & Satellite,1142160472.0,2023-02-28T21:10:53Z,https://en.wikipedia.org/w/index.php?oldid=1142160472,matched_gics
2023-02-28,CMCSA,Comcast,Communication Services,Media,Media,Cable & Satellite,1142160472.0,2023-02-28T21:10:53Z,https://en.wikipedia.org/w/index.php?oldid=1142160472,matched_gics
2023-02-28,COST,Costco,Consumer Staples,Food & Staples Retailing,Food & Staples Retailing,Hypermarkets & Super Centers,1142160472.0,2023-02-28T21:10:53Z,https://en.wikipedia.org/w/index.php?oldid=1142160472,matched_gics
2023-02-28,CPRT,Copart,Industrials,Commercial & Professional Services,Commercial Services & Supplies,Diversified Support Services,1142160472.0,2023-02-28T21:10:53Z,https://en.wikipedia.org/w/index.php?oldid=1142160472,matched_gics
2023-02-28,CRWD,"CrowdStrike Holdings, Inc.",,,,,,,,missing_gics
2023-02-28,CSCO,Cisco,Information Technology,Technology Hardware & Equipment,Communications Equipment,Communications Equipment,1142160472.0,2023-02-28T21:10:53Z,https://en.wikipedia.org/w/index.php?oldid=1142160472,matched_gics
2023-02-28,CSGP,CoStar Group,Industrials,Commercial & Professional Services,Professional Services,Research & Consulting Services,1142160472.0,2023-02-28T21:10:53Z,https://en.wikipedia.org/w/index.php?oldid=1142160472,matched_gics
2023-02-28,CSX,CSX,Industrials,Transportation,Road & Rail,Railroads,1142160472.0,2023-02-28T21:10:53Z,https://en.wikipedia.org/w/index.php?oldid=1142160472,matched_gics
2023-02-28,CTAS,Cintas,Industrials,Commercial & Professional Services,Commercial Services & Supplies,Diversified Support Services,1142160472.0,2023-02-28T21:10:53Z,https://en.wikipedia.org/w/index.php?oldid=1142160472,matched_gics
2023-02-28,CTSH,Cognizant,Information Technology,Software & Services,IT Services,IT Consulting & Other Services,1142160472.0,2023-02-28T21:10:53Z,https://en.wikipedia.org/w/index.php?oldid=1142160472,matched_gics
2023-02-28,DASH,"DoorDash, Inc.",,,,,,,,missing_gics
2023-02-28,DDOG,"Datadog, Inc.",,,,,,,,missing_gics
2023-02-28,DLTR,Dollar Tree,Consumer Discretionary,Retailing,Multiline Retail,General Merchandise Stores,1142160472.0,2023-02-28T21:10:53Z,https://en.wikipedia.org/w/index.php?oldid=1142160472,matched_gics
2023-02-28,DXCM,Dexcom,Health Care,Health Care Equipment & Services,Health Care Equipment & Supplies,Health Care Equipment,1142160472.0,2023-02-28T21:10:53Z,https://en.wikipedia.org/w/index.php?oldid=1142160472,matched_gics
2023-02-28,EA,Electronic Arts,Communication Services,Media & Entertainment,Entertainment,Interactive Home Entertainment,1142160472.0,2023-02-28T21:10:53Z,https://en.wikipedia.org/w/index.php?oldid=1142160472,matched_gics
2023-02-28,EXC,Exelon,Utilities,Utilities,Multi-Utilities,Multi-Utilities,1142160472.0,2023-02-28T21:10:53Z,https://en.wikipedia.org/w/index.php?oldid=1142160472,matched_gics
2023-02-28,FANG,Diamondback Energy,Energy,Energy,"Oil, Gas & Consumable Fuels",Oil & Gas Exploration & Production,1142160472.0,2023-02-28T21:10:53Z,https://en.wikipedia.org/w/index.php?oldid=1142160472,matched_gics
2023-02-28,FAST,Fastenal,Industrials,Capital Goods,Building Products,Building Products,1142160472.0,2023-02-28T21:10:53Z,https://en.wikipedia.org/w/index.php?oldid=1142160472,matched_gics
2023-02-28,FTNT,Fortinet,Information Technology,Software & Services,Software,Systems Software,1142160472.0,2023-02-28T21:10:53Z,https://en.wikipedia.org/w/index.php?oldid=1142160472,matched_gics
2023-02-28,GEHC,GE HealthCare,Health Care,Health Care Equipment & Services,Health Care Technology,Health Care Technology,1142160472.0,2023-02-28T21:10:53Z,https://en.wikipedia.org/w/index.php?oldid=1142160472,matched_gics
2023-02-28,GFS,GLOBALFOUNDRIES Inc.,,,,,,,,missing_gics
2023-02-28,GILD,Gilead Sciences,Health Care,"Pharmaceuticals, Biotechnology & Life Sciences",Biotechnology,Biotechnology,1142160472.0,2023-02-28T21:10:53Z,https://en.wikipedia.org/w/index.php?oldid=1142160472,matched_gics
2023-02-28,GOOG,Alphabet Inc. (Class C),Communication Services,Media & Entertainment,Interactive Media & Services,Interactive Media & Services,1142160472.0,2023-02-28T21:10:53Z,https://en.wikipedia.org/w/index.php?oldid=1142160472,matched_gics
2023-02-28,GOOGL,Alphabet Inc. (Class A),Communication Services,Media & Entertainment,Interactive Media & Services,Interactive Media & Services,1142160472.0,2023-02-28T21:10:53Z,https://en.wikipedia.org/w/index.php?oldid=1142160472,matched_gics
2023-02-28,HON,Honeywell,Industrials,Capital Goods,Industrial Conglomerates,Industrial Conglomerates,1142160472.0,2023-02-28T21:10:53Z,https://en.wikipedia.org/w/index.php?oldid=1142160472,matched_gics
2023-02-28,IDXX,Idexx Laboratories,Health Care,Health Care Equipment & Services,Health Care Equipment & Supplies,Health Care Equipment,1142160472.0,2023-02-28T21:10:53Z,https://en.wikipedia.org/w/index.php?oldid=1142160472,matched_gics
2023-02-28,ILMN,Illumina,Health Care,"Pharmaceuticals, Biotechnology & Life Sciences",Life Sciences Tools & Services,Life Sciences Tools & Services,1142160472.0,2023-02-28T21:10:53Z,https://en.wikipedia.org/w/index.php?oldid=1142160472,matched_gics
2023-02-28,INTC,Intel,Information Technology,Semiconductors & Semiconductor Equipment,Semiconductors & Semiconductor Equipment,Semiconductors,1142160472.0,2023-02-28T21:10:53Z,https://en.wikipedia.org/w/index.php?oldid=1142160472,matched_gics
2023-02-28,INTU,Intuit,Information Technology,Software & Services,Software,Application Software,1142160472.0,2023-02-28T21:10:53Z,https://en.wikipedia.org/w/index.php?oldid=1142160472,matched_gics
2023-02-28,ISRG,Intuitive Surgical,Health Care,Health Care Equipment & Services,Health Care Equipment & Supplies,Health Care Equipment,1142160472.0,2023-02-28T21:10:53Z,https://en.wikipedia.org/w/index.php?oldid=1142160472,matched_gics
2023-02-28,KDP,Keurig Dr Pepper,Consumer Staples,"Food, Beverage & Tobacco",Beverages,Soft Drinks,1142160472.0,2023-02-28T21:10:53Z,https://en.wikipedia.org/w/index.php?oldid=1142160472,matched_gics
2023-02-28,KHC,Kraft Heinz,Consumer Staples,"Food, Beverage & Tobacco",Food Products,Packaged Foods & Meats,1142160472.0,2023-02-28T21:10:53Z,https://en.wikipedia.org/w/index.php?oldid=1142160472,matched_gics
2023-02-28,KLAC,KLA Corporation,Information Technology,Semiconductors & Semiconductor Equipment,Semiconductors & Semiconductor Equipment,Semiconductor Equipment,1142160472.0,2023-02-28T21:10:53Z,https://en.wikipedia.org/w/index.php?oldid=1142160472,matched_gics
2023-02-28,LRCX,Lam Research,Information Technology,Semiconductors & Semiconductor Equipment,Semiconductors & Semiconductor Equipment,Semiconductor Equipment,1142160472.0,2023-02-28T21:10:53Z,https://en.wikipedia.org/w/index.php?oldid=1142160472,matched_gics
2023-02-28,LULU,lululemon athletica inc.,,,,,,,,missing_gics
2023-02-28,MAR,Marriott International,Consumer Discretionary,Consumer Services,"Hotels, Restaurants & Leisure","Hotels, Resorts & Cruise Lines",1142160472.0,2023-02-28T21:10:53Z,https://en.wikipedia.org/w/index.php?oldid=1142160472,matched_gics
2023-02-28,MCHP,Microchip Technology,Information Technology,Semiconductors & Semiconductor Equipment,Semiconductors & Semiconductor Equipment,Semiconductors,1142160472.0,2023-02-28T21:10:53Z,https://en.wikipedia.org/w/index.php?oldid=1142160472,matched_gics
2023-02-28,MDB,"MongoDB, Inc.",,,,,,,,missing_gics
2023-02-28,MDLZ,Mondelez International,Consumer Staples,"Food, Beverage & Tobacco",Food Products,Packaged Foods & Meats,1142160472.0,2023-02-28T21:10:53Z,https://en.wikipedia.org/w/index.php?oldid=1142160472,matched_gics
2023-02-28,MELI,MERCADOLIBRE INC,,,,,,,,missing_gics
2023-02-28,META,Meta Platforms,Communication Services,Media & Entertainment,Interactive Media & Services,Interactive Media & Services,1142160472.0,2023-02-28T21:10:53Z,https://en.wikipedia.org/w/index.php?oldid=1142160472,matched_gics
2023-02-28,MNST,Monster Beverage,Consumer Staples,"Food, Beverage & Tobacco",Beverages,Soft Drinks,1142160472.0,2023-02-28T21:10:53Z,https://en.wikipedia.org/w/index.php?oldid=1142160472,matched_gics
2023-02-28,MRNA,Moderna,Health Care,"Pharmaceuticals, Biotechnology & Life Sciences",Biotechnology,Biotechnology,1142160472.0,2023-02-28T21:10:53Z,https://en.wikipedia.org/w/index.php?oldid=1142160472,matched_gics
2023-02-28,MRVL,"Marvell Technology, Inc.",,,,,,,,missing_gics
2023-02-28,MSFT,Microsoft,Information Technology,Software & Services,Software,Systems Software,1142160472.0,2023-02-28T21:10:53Z,https://en.wikipedia.org/w/index.php?oldid=1142160472,matched_gics
2023-02-28,MU,Micron Technology,Information Technology,Semiconductors & Semiconductor Equipment,Semiconductors & Semiconductor Equipment,Semiconductors,1142160472.0,2023-02-28T21:10:53Z,https://en.wikipedia.org/w/index.php?oldid=1142160472,matched_gics
2023-02-28,NFLX,Netflix,Communication Services,Media & Entertainment,Entertainment,Movies & Entertainment,1142160472.0,2023-02-28T21:10:53Z,https://en.wikipedia.org/w/index.php?oldid=1142160472,matched_gics
2023-02-28,NVDA,Nvidia,Information Technology,Semiconductors & Semiconductor Equipment,Semiconductors & Semiconductor Equipment,Semiconductors,1142160472.0,2023-02-28T21:10:53Z,https://en.wikipedia.org/w/index.php?oldid=1142160472,matched_gics
2023-02-28,NXPI,NXP Semiconductors,Information Technology,Semiconductors & Semiconductor Equipment,Semiconductors & Semiconductor Equipment,Semiconductors,1142160472.0,2023-02-28T21:10:53Z,https://en.wikipedia.org/w/index.php?oldid=1142160472,matched_gics
2023-02-28,ODFL,Old Dominion,Industrials,Transportation,Road & Rail,Trucking,1142160472.0,2023-02-28T21:10:53Z,https://en.wikipedia.org/w/index.php?oldid=1142160472,matched_gics
2023-02-28,ON,ON Semiconductor,Information Technology,Semiconductors & Semiconductor Equipment,Semiconductors & Semiconductor Equipment,Semiconductors,1142160472.0,2023-02-28T21:10:53Z,https://en.wikipedia.org/w/index.php?oldid=1142160472,matched_gics
2023-02-28,ORLY,O'Reilly Auto Parts,Consumer Discretionary,Retailing,Specialty Retail,Specialty Stores,1142160472.0,2023-02-28T21:10:53Z,https://en.wikipedia.org/w/index.php?oldid=1142160472,matched_gics
2023-02-28,PANW,Palo Alto Networks Inc,,,,,,,,missing_gics
2023-02-28,PAYX,Paychex,Information Technology,Software & Services,IT Services,Data Processing & Outsourced Services,1142160472.0,2023-02-28T21:10:53Z,https://en.wikipedia.org/w/index.php?oldid=1142160472,matched_gics
2023-02-28,PCAR,Paccar,Industrials,Capital Goods,Machinery,Construction Machinery & Heavy Trucks,1142160472.0,2023-02-28T21:10:53Z,https://en.wikipedia.org/w/index.php?oldid=1142160472,matched_gics
2023-02-28,PDD,PDD Holdings Inc.,,,,,,,,missing_gics
2023-02-28,PEP,PepsiCo,Consumer Staples,"Food, Beverage & Tobacco",Beverages,Soft Drinks,1142160472.0,2023-02-28T21:10:53Z,https://en.wikipedia.org/w/index.php?oldid=1142160472,matched_gics
2023-02-28,PYPL,PayPal,Information Technology,Software & Services,IT Services,Data Processing & Outsourced Services,1142160472.0,2023-02-28T21:10:53Z,https://en.wikipedia.org/w/index.php?oldid=1142160472,matched_gics
2023-02-28,QCOM,Qualcomm,Information Technology,Semiconductors & Semiconductor Equipment,Semiconductors & Semiconductor Equipment,Semiconductors,1142160472.0,2023-02-28T21:10:53Z,https://en.wikipedia.org/w/index.php?oldid=1142160472,matched_gics
2023-02-28,REGN,Regeneron,Health Care,"Pharmaceuticals, Biotechnology & Life Sciences",Biotechnology,Biotechnology,1142160472.0,2023-02-28T21:10:53Z,https://en.wikipedia.org/w/index.php?oldid=1142160472,matched_gics
2023-02-28,ROP,Roper Technologies,Information Technology,Technology Hardware & Equipment,"Electronic Equipment, Instruments & Components",Electronic Equipment & Instruments,1142160472.0,2023-02-28T21:10:53Z,https://en.wikipedia.org/w/index.php?oldid=1142160472,matched_gics
2023-02-28,ROST,Ross Stores,Consumer Discretionary,Retailing,Specialty Retail,Apparel Retail,1142160472.0,2023-02-28T21:10:53Z,https://en.wikipedia.org/w/index.php?oldid=1142160472,matched_gics
2023-02-28,SBUX,Starbucks,Consumer Discretionary,Consumer Services,"Hotels, Restaurants & Leisure",Restaurants,1142160472.0,2023-02-28T21:10:53Z,https://en.wikipedia.org/w/index.php?oldid=1142160472,matched_gics
2023-02-28,SIRI,SIRIUS XM HOLDINGS INC.,,,,,,,,missing_gics
2023-02-28,SNPS,Synopsys,Information Technology,Software & Services,Software,Application Software,1142160472.0,2023-02-28T21:10:53Z,https://en.wikipedia.org/w/index.php?oldid=1142160472,matched_gics
2023-02-28,SPLK,Splunk Inc.,,,,,,,,missing_gics
2023-02-28,TEAM,Atlassian Corp,,,,,,,,missing_gics
2023-02-28,TMUS,T-Mobile US,Communication Services,Telecommunication Services,Wireless Telecommunication Services,Wireless Telecommunication Services,1142160472.0,2023-02-28T21:10:53Z,https://en.wikipedia.org/w/index.php?oldid=1142160472,matched_gics
2023-02-28,TSLA,"Tesla, Inc.",Consumer Discretionary,Automobiles & Components,Automobiles,Automobile Manufacturers,1142160472.0,2023-02-28T21:10:53Z,https://en.wikipedia.org/w/index.php?oldid=1142160472,matched_gics
2023-02-28,TTD,"Trade Desk, Inc.",,,,,,,,missing_gics
2023-02-28,TTWO,Take-Two Interactive,Communication Services,Media & Entertainment,Entertainment,Interactive Home Entertainment,1142160472.0,2023-02-28T21:10:53Z,https://en.wikipedia.org/w/index.php?oldid=1142160472,matched_gics
2023-02-28,TXN,Texas Instruments,Information Technology,Semiconductors & Semiconductor Equipment,Semiconductors & Semiconductor Equipment,Semiconductors,1142160472.0,2023-02-28T21:10:53Z,https://en.wikipedia.org/w/index.php?oldid=1142160472,matched_gics
2023-02-28,VRSK,Verisk,Industrials,Commercial & Professional Services,Professional Services,Research & Consulting Services,1142160472.0,2023-02-28T21:10:53Z,https://en.wikipedia.org/w/index.php?oldid=1142160472,matched_gics
2023-02-28,VRTX,Vertex Pharmaceuticals,Health Care,"Pharmaceuticals, Biotechnology & Life Sciences",Biotechnology,Biotechnology,1142160472.0,2023-02-28T21:10:53Z,https://en.wikipedia.org/w/index.php?oldid=1142160472,matched_gics
2023-02-28,WBA,Walgreens Boots Alliance,Consumer Staples,Food & Staples Retailing,Food & Staples Retailing,Drug Retail,1142160472.0,2023-02-28T21:10:53Z,https://en.wikipedia.org/w/index.php?oldid=1142160472,matched_gics
2023-02-28,WBD,Warner Bros. Discovery,Communication Services,Media & Entertainment,Media,Broadcasting,1142160472.0,2023-02-28T21:10:53Z,https://en.wikipedia.org/w/index.php?oldid=1142160472,matched_gics
2023-02-28,WDAY,"Workday, Inc.",,,,,,,,missing_gics
2023-02-28,XEL,Xcel Energy,Utilities,Utilities,Multi-Utilities,Multi-Utilities,1142160472.0,2023-02-28T21:10:53Z,https://en.wikipedia.org/w/index.php?oldid=1142160472,matched_gics
2023-02-28,ZS,"Zscaler, Inc.",,,,,,,,missing_gics
2023-03-31,AAPL,Apple Inc.,Information Technology,Technology Hardware & Equipment,"Technology Hardware, Storage & Peripherals","Technology Hardware, Storage & Peripherals",1146429089.0,2023-03-24T20:44:59Z,https://en.wikipedia.org/w/index.php?oldid=1146429089,matched_gics
2023-03-31,ABNB,"Airbnb, Inc.",,,,,,,,missing_gics
2023-03-31,ADBE,Adobe Inc.,Information Technology,Software & Services,Software,Application Software,1146429089.0,2023-03-24T20:44:59Z,https://en.wikipedia.org/w/index.php?oldid=1146429089,matched_gics
2023-03-31,ADI,Analog Devices,Information Technology,Semiconductors & Semiconductor Equipment,Semiconductors & Semiconductor Equipment,Semiconductors,1146429089.0,2023-03-24T20:44:59Z,https://en.wikipedia.org/w/index.php?oldid=1146429089,matched_gics
2023-03-31,ADP,ADP,Industrials,Commercial & Professional Services,Professional Services,Human Resource & Employment Services,1146429089.0,2023-03-24T20:44:59Z,https://en.wikipedia.org/w/index.php?oldid=1146429089,matched_gics
2023-03-31,ADSK,Autodesk,Information Technology,Software & Services,Software,Application Software,1146429089.0,2023-03-24T20:44:59Z,https://en.wikipedia.org/w/index.php?oldid=1146429089,matched_gics
2023-03-31,AEP,American Electric Power,Utilities,Utilities,Electric Utilities,Electric Utilities,1146429089.0,2023-03-24T20:44:59Z,https://en.wikipedia.org/w/index.php?oldid=1146429089,matched_gics
2023-03-31,AMAT,Applied Materials,Information Technology,Semiconductors & Semiconductor Equipment,Semiconductors & Semiconductor Equipment,Semiconductor Materials & Equipment,1146429089.0,2023-03-24T20:44:59Z,https://en.wikipedia.org/w/index.php?oldid=1146429089,matched_gics
2023-03-31,AMD,AMD,Information Technology,Semiconductors & Semiconductor Equipment,Semiconductors & Semiconductor Equipment,Semiconductors,1146429089.0,2023-03-24T20:44:59Z,https://en.wikipedia.org/w/index.php?oldid=1146429089,matched_gics
2023-03-31,AMGN,Amgen,Health Care,"Pharmaceuticals, Biotechnology & Life Sciences",Biotechnology,Biotechnology,1146429089.0,2023-03-24T20:44:59Z,https://en.wikipedia.org/w/index.php?oldid=1146429089,matched_gics
2023-03-31,AMZN,Amazon,Consumer Discretionary,Retailing,Internet & Direct Marketing Retail,Internet & Direct Marketing Retail,1146429089.0,2023-03-24T20:44:59Z,https://en.wikipedia.org/w/index.php?oldid=1146429089,matched_gics
2023-03-31,ANSS,Ansys,Information Technology,Software & Services,Software,Application Software,1146429089.0,2023-03-24T20:44:59Z,https://en.wikipedia.org/w/index.php?oldid=1146429089,matched_gics
2023-03-31,ASML,ASML HOLDING NV,,,,,,,,missing_gics
2023-03-31,AVGO,Broadcom Inc.,Information Technology,Semiconductors & Semiconductor Equipment,Semiconductors & Semiconductor Equipment,Semiconductors,1146429089.0,2023-03-24T20:44:59Z,https://en.wikipedia.org/w/index.php?oldid=1146429089,matched_gics
2023-03-31,AZN,ASTRAZENECA PLC,,,,,,,,missing_gics
2023-03-31,BIIB,Biogen,Health Care,"Pharmaceuticals, Biotechnology & Life Sciences",Biotechnology,Biotechnology,1146429089.0,2023-03-24T20:44:59Z,https://en.wikipedia.org/w/index.php?oldid=1146429089,matched_gics
2023-03-31,BKNG,Booking Holdings,Consumer Discretionary,Retailing,Internet & Direct Marketing Retail,Internet & Direct Marketing Retail,1146429089.0,2023-03-24T20:44:59Z,https://en.wikipedia.org/w/index.php?oldid=1146429089,matched_gics
2023-03-31,BKR,Baker Hughes,Energy,Energy,Energy Equipment & Services,Oil & Gas Equipment & Services,1146429089.0,2023-03-24T20:44:59Z,https://en.wikipedia.org/w/index.php?oldid=1146429089,matched_gics
2023-03-31,CCEP,COCA-COLA EUROPACIFIC PARTNERS plc,,,,,,,,missing_gics
2023-03-31,CDNS,Cadence Design Systems,Information Technology,Software & Services,Software,Application Software,1146429089.0,2023-03-24T20:44:59Z,https://en.wikipedia.org/w/index.php?oldid=1146429089,matched_gics
2023-03-31,CDW,CDW,Information Technology,Technology Hardware & Equipment,"Electronic Equipment, Instruments & Components",Technology Distributors,1146429089.0,2023-03-24T20:44:59Z,https://en.wikipedia.org/w/index.php?oldid=1146429089,matched_gics
2023-03-31,CEG,Constellation Energy,Utilities,Utilities,Multi-Utilities,Multi-Utilities,1146429089.0,2023-03-24T20:44:59Z,https://en.wikipedia.org/w/index.php?oldid=1146429089,matched_gics
2023-03-31,CHTR,Charter Communications,Communication Services,Media,Media,Cable & Satellite,1146429089.0,2023-03-24T20:44:59Z,https://en.wikipedia.org/w/index.php?oldid=1146429089,matched_gics
2023-03-31,CMCSA,Comcast,Communication Services,Media,Media,Cable & Satellite,1146429089.0,2023-03-24T20:44:59Z,https://en.wikipedia.org/w/index.php?oldid=1146429089,matched_gics
2023-03-31,COST,Costco,Consumer Staples,Consumer Staples Distribution & Retail,Consumer Staples Distribution & Retail,Consumer Staples Merchandise Retail,1146429089.0,2023-03-24T20:44:59Z,https://en.wikipedia.org/w/index.php?oldid=1146429089,matched_gics
2023-03-31,CPRT,Copart,Industrials,Commercial & Professional Services,Commercial Services & Supplies,Diversified Support Services,1146429089.0,2023-03-24T20:44:59Z,https://en.wikipedia.org/w/index.php?oldid=1146429089,matched_gics
2023-03-31,CRWD,"CrowdStrike Holdings, Inc.",,,,,,,,missing_gics
2023-03-31,CSCO,Cisco,Information Technology,Technology Hardware & Equipment,Communications Equipment,Communications Equipment,1146429089.0,2023-03-24T20:44:59Z,https://en.wikipedia.org/w/index.php?oldid=1146429089,matched_gics
2023-03-31,CSGP,CoStar Group,Industrials,Commercial & Professional Services,Professional Services,Research & Consulting Services,1146429089.0,2023-03-24T20:44:59Z,https://en.wikipedia.org/w/index.php?oldid=1146429089,matched_gics
2023-03-31,CSX,CSX,Industrials,Transportation,Ground Transportation,Rail Transportation,1146429089.0,2023-03-24T20:44:59Z,https://en.wikipedia.org/w/index.php?oldid=1146429089,matched_gics
2023-03-31,CTAS,Cintas,Industrials,Commercial & Professional Services,Commercial Services & Supplies,Diversified Support Services,1146429089.0,2023-03-24T20:44:59Z,https://en.wikipedia.org/w/index.php?oldid=1146429089,matched_gics
2023-03-31,CTSH,Cognizant,Information Technology,Software & Services,IT Services,IT Consulting & Other Services,1146429089.0,2023-03-24T20:44:59Z,https://en.wikipedia.org/w/index.php?oldid=1146429089,matched_gics
2023-03-31,DASH,"DoorDash, Inc.",,,,,,,,missing_gics
2023-03-31,DDOG,"Datadog, Inc.",,,,,,,,missing_gics
2023-03-31,DLTR,Dollar Tree,Consumer Staples,Consumer Staples Distribution & Retail,Consumer Staples Distribution & Retail,Consumer Staples Merchandise Retail,1146429089.0,2023-03-24T20:44:59Z,https://en.wikipedia.org/w/index.php?oldid=1146429089,matched_gics
2023-03-31,DXCM,Dexcom,Health Care,Health Care Equipment & Services,Health Care Equipment & Supplies,Health Care Equipment,1146429089.0,2023-03-24T20:44:59Z,https://en.wikipedia.org/w/index.php?oldid=1146429089,matched_gics
2023-03-31,EA,Electronic Arts,Communication Services,Media & Entertainment,Entertainment,Interactive Home Entertainment,1146429089.0,2023-03-24T20:44:59Z,https://en.wikipedia.org/w/index.php?oldid=1146429089,matched_gics
2023-03-31,EXC,Exelon,Utilities,Utilities,Multi-Utilities,Multi-Utilities,1146429089.0,2023-03-24T20:44:59Z,https://en.wikipedia.org/w/index.php?oldid=1146429089,matched_gics
2023-03-31,FANG,Diamondback Energy,Energy,Energy,"Oil, Gas & Consumable Fuels",Oil & Gas Exploration & Production,1146429089.0,2023-03-24T20:44:59Z,https://en.wikipedia.org/w/index.php?oldid=1146429089,matched_gics
2023-03-31,FAST,Fastenal,Industrials,Capital Goods,Building Products,Building Products,1146429089.0,2023-03-24T20:44:59Z,https://en.wikipedia.org/w/index.php?oldid=1146429089,matched_gics
2023-03-31,FTNT,Fortinet,Information Technology,Software & Services,Software,Systems Software,1146429089.0,2023-03-24T20:44:59Z,https://en.wikipedia.org/w/index.php?oldid=1146429089,matched_gics
2023-03-31,GEHC,GE HealthCare,Health Care,Health Care Equipment & Services,Health Care Technology,Health Care Technology,1146429089.0,2023-03-24T20:44:59Z,https://en.wikipedia.org/w/index.php?oldid=1146429089,matched_gics
2023-03-31,GFS,GLOBALFOUNDRIES Inc.,,,,,,,,missing_gics
2023-03-31,GILD,Gilead Sciences,Health Care,"Pharmaceuticals, Biotechnology & Life Sciences",Biotechnology,Biotechnology,1146429089.0,2023-03-24T20:44:59Z,https://en.wikipedia.org/w/index.php?oldid=1146429089,matched_gics
2023-03-31,GOOG,Alphabet Inc. (Class C),Communication Services,Media & Entertainment,Interactive Media & Services,Interactive Media & Services,1146429089.0,2023-03-24T20:44:59Z,https://en.wikipedia.org/w/index.php?oldid=1146429089,matched_gics
2023-03-31,GOOGL,Alphabet Inc. (Class A),Communication Services,Media & Entertainment,Interactive Media & Services,Interactive Media & Services,1146429089.0,2023-03-24T20:44:59Z,https://en.wikipedia.org/w/index.php?oldid=1146429089,matched_gics
2023-03-31,HON,Honeywell,Industrials,Capital Goods,Industrial Conglomerates,Industrial Conglomerates,1146429089.0,2023-03-24T20:44:59Z,https://en.wikipedia.org/w/index.php?oldid=1146429089,matched_gics
2023-03-31,IDXX,Idexx Laboratories,Health Care,Health Care Equipment & Services,Health Care Equipment & Supplies,Health Care Equipment,1146429089.0,2023-03-24T20:44:59Z,https://en.wikipedia.org/w/index.php?oldid=1146429089,matched_gics
2023-03-31,ILMN,Illumina,Health Care,"Pharmaceuticals, Biotechnology & Life Sciences",Life Sciences Tools & Services,Life Sciences Tools & Services,1146429089.0,2023-03-24T20:44:59Z,https://en.wikipedia.org/w/index.php?oldid=1146429089,matched_gics
2023-03-31,INTC,Intel,Information Technology,Semiconductors & Semiconductor Equipment,Semiconductors & Semiconductor Equipment,Semiconductors,1146429089.0,2023-03-24T20:44:59Z,https://en.wikipedia.org/w/index.php?oldid=1146429089,matched_gics
2023-03-31,INTU,Intuit,Information Technology,Software & Services,Software,Application Software,1146429089.0,2023-03-24T20:44:59Z,https://en.wikipedia.org/w/index.php?oldid=1146429089,matched_gics
2023-03-31,ISRG,Intuitive Surgical,Health Care,Health Care Equipment & Services,Health Care Equipment & Supplies,Health Care Equipment,1146429089.0,2023-03-24T20:44:59Z,https://en.wikipedia.org/w/index.php?oldid=1146429089,matched_gics
2023-03-31,KDP,Keurig Dr Pepper,Consumer Staples,"Food, Beverage & Tobacco",Beverages,Soft Drinks & Non-alcoholic Beverages,1146429089.0,2023-03-24T20:44:59Z,https://en.wikipedia.org/w/index.php?oldid=1146429089,matched_gics
2023-03-31,KHC,Kraft Heinz,Consumer Staples,"Food, Beverage & Tobacco",Food Products,Packaged Foods & Meats,1146429089.0,2023-03-24T20:44:59Z,https://en.wikipedia.org/w/index.php?oldid=1146429089,matched_gics
2023-03-31,KLAC,KLA Corporation,Information Technology,Semiconductors & Semiconductor Equipment,Semiconductors & Semiconductor Equipment,Semiconductor Materials & Equipment,1146429089.0,2023-03-24T20:44:59Z,https://en.wikipedia.org/w/index.php?oldid=1146429089,matched_gics
2023-03-31,LRCX,Lam Research,Information Technology,Semiconductors & Semiconductor Equipment,Semiconductors & Semiconductor Equipment,Semiconductor Materials & Equipment,1146429089.0,2023-03-24T20:44:59Z,https://en.wikipedia.org/w/index.php?oldid=1146429089,matched_gics
2023-03-31,LULU,lululemon athletica inc.,,,,,,,,missing_gics
2023-03-31,MAR,Marriott International,Consumer Discretionary,Consumer Services,"Hotels, Restaurants & Leisure","Hotels, Resorts & Cruise Lines",1146429089.0,2023-03-24T20:44:59Z,https://en.wikipedia.org/w/index.php?oldid=1146429089,matched_gics
2023-03-31,MCHP,Microchip Technology,Information Technology,Semiconductors & Semiconductor Equipment,Semiconductors & Semiconductor Equipment,Semiconductors,1146429089.0,2023-03-24T20:44:59Z,https://en.wikipedia.org/w/index.php?oldid=1146429089,matched_gics
2023-03-31,MDB,"MongoDB, Inc.",,,,,,,,missing_gics
2023-03-31,MDLZ,Mondelez International,Consumer Staples,"Food, Beverage & Tobacco",Food Products,Packaged Foods & Meats,1146429089.0,2023-03-24T20:44:59Z,https://en.wikipedia.org/w/index.php?oldid=1146429089,matched_gics
2023-03-31,MELI,MERCADOLIBRE INC,,,,,,,,missing_gics
2023-03-31,META,Meta Platforms,Communication Services,Media & Entertainment,Interactive Media & Services,Interactive Media & Services,1146429089.0,2023-03-24T20:44:59Z,https://en.wikipedia.org/w/index.php?oldid=1146429089,matched_gics
2023-03-31,MNST,Monster Beverage,Consumer Staples,"Food, Beverage & Tobacco",Beverages,Soft Drinks & Non-alcoholic Beverages,1146429089.0,2023-03-24T20:44:59Z,https://en.wikipedia.org/w/index.php?oldid=1146429089,matched_gics
2023-03-31,MRNA,Moderna,Health Care,"Pharmaceuticals, Biotechnology & Life Sciences",Biotechnology,Biotechnology,1146429089.0,2023-03-24T20:44:59Z,https://en.wikipedia.org/w/index.php?oldid=1146429089,matched_gics
2023-03-31,MRVL,"Marvell Technology, Inc.",,,,,,,,missing_gics
2023-03-31,MSFT,Microsoft,Information Technology,Software & Services,Software,Systems Software,1146429089.0,2023-03-24T20:44:59Z,https://en.wikipedia.org/w/index.php?oldid=1146429089,matched_gics
2023-03-31,MU,Micron Technology,Information Technology,Semiconductors & Semiconductor Equipment,Semiconductors & Semiconductor Equipment,Semiconductors,1146429089.0,2023-03-24T20:44:59Z,https://en.wikipedia.org/w/index.php?oldid=1146429089,matched_gics
2023-03-31,NFLX,Netflix,Communication Services,Media & Entertainment,Entertainment,Movies & Entertainment,1146429089.0,2023-03-24T20:44:59Z,https://en.wikipedia.org/w/index.php?oldid=1146429089,matched_gics
2023-03-31,NVDA,Nvidia,Information Technology,Semiconductors & Semiconductor Equipment,Semiconductors & Semiconductor Equipment,Semiconductors,1146429089.0,2023-03-24T20:44:59Z,https://en.wikipedia.org/w/index.php?oldid=1146429089,matched_gics
2023-03-31,NXPI,NXP Semiconductors,Information Technology,Semiconductors & Semiconductor Equipment,Semiconductors & Semiconductor Equipment,Semiconductors,1146429089.0,2023-03-24T20:44:59Z,https://en.wikipedia.org/w/index.php?oldid=1146429089,matched_gics
2023-03-31,ODFL,Old Dominion,Industrials,Transportation,Ground Transportation,Cargo Ground Transportation,1146429089.0,2023-03-24T20:44:59Z,https://en.wikipedia.org/w/index.php?oldid=1146429089,matched_gics
2023-03-31,ON,ON Semiconductor,Information Technology,Semiconductors & Semiconductor Equipment,Semiconductors & Semiconductor Equipment,Semiconductors,1146429089.0,2023-03-24T20:44:59Z,https://en.wikipedia.org/w/index.php?oldid=1146429089,matched_gics
2023-03-31,ORLY,O'Reilly Auto Parts,Consumer Discretionary,Retailing,Specialty Retail,Specialty Stores,1146429089.0,2023-03-24T20:44:59Z,https://en.wikipedia.org/w/index.php?oldid=1146429089,matched_gics
2023-03-31,PANW,Palo Alto Networks Inc,,,,,,,,missing_gics
2023-03-31,PAYX,Paychex,Industrials,Commercial & Professional Services,Professional Services,Human Resource & Employment Services,1146429089.0,2023-03-24T20:44:59Z,https://en.wikipedia.org/w/index.php?oldid=1146429089,matched_gics
2023-03-31,PCAR,Paccar,Industrials,Capital Goods,Machinery,Construction Machinery & Heavy Transportation Equipment,1146429089.0,2023-03-24T20:44:59Z,https://en.wikipedia.org/w/index.php?oldid=1146429089,matched_gics
2023-03-31,PDD,PDD Holdings Inc.,,,,,,,,missing_gics
2023-03-31,PEP,PepsiCo,Consumer Staples,"Food, Beverage & Tobacco",Beverages,Soft Drinks & Non-alcoholic Beverages,1146429089.0,2023-03-24T20:44:59Z,https://en.wikipedia.org/w/index.php?oldid=1146429089,matched_gics
2023-03-31,PYPL,PayPal,Financials,Financial Services,Financial Services,Transaction & Payment Processing Services,1146429089.0,2023-03-24T20:44:59Z,https://en.wikipedia.org/w/index.php?oldid=1146429089,matched_gics
2023-03-31,QCOM,Qualcomm,Information Technology,Semiconductors & Semiconductor Equipment,Semiconductors & Semiconductor Equipment,Semiconductors,1146429089.0,2023-03-24T20:44:59Z,https://en.wikipedia.org/w/index.php?oldid=1146429089,matched_gics
2023-03-31,REGN,Regeneron,Health Care,"Pharmaceuticals, Biotechnology & Life Sciences",Biotechnology,Biotechnology,1146429089.0,2023-03-24T20:44:59Z,https://en.wikipedia.org/w/index.php?oldid=1146429089,matched_gics
2023-03-31,ROP,Roper Technologies,Information Technology,Technology Hardware & Equipment,"Electronic Equipment, Instruments & Components",Electronic Equipment & Instruments,1146429089.0,2023-03-24T20:44:59Z,https://en.wikipedia.org/w/index.php?oldid=1146429089,matched_gics
2023-03-31,ROST,Ross Stores,Consumer Discretionary,Consumer Discretionary Distribution & Retail,Specialty Retail,Apparel Retail,1146429089.0,2023-03-24T20:44:59Z,https://en.wikipedia.org/w/index.php?oldid=1146429089,matched_gics
2023-03-31,SBUX,Starbucks,Consumer Discretionary,Consumer Services,"Hotels, Restaurants & Leisure",Restaurants,1146429089.0,2023-03-24T20:44:59Z,https://en.wikipedia.org/w/index.php?oldid=1146429089,matched_gics
2023-03-31,SIRI,SIRIUS XM HOLDINGS INC.,,,,,,,,missing_gics
2023-03-31,SNPS,Synopsys,Information Technology,Software & Services,Software,Application Software,1146429089.0,2023-03-24T20:44:59Z,https://en.wikipedia.org/w/index.php?oldid=1146429089,matched_gics
2023-03-31,SPLK,Splunk Inc.,,,,,,,,missing_gics
2023-03-31,TEAM,Atlassian Corp,,,,,,,,missing_gics
2023-03-31,TMUS,T-Mobile US,Communication Services,Telecommunication Services,Wireless Telecommunication Services,Wireless Telecommunication Services,1146429089.0,2023-03-24T20:44:59Z,https://en.wikipedia.org/w/index.php?oldid=1146429089,matched_gics
2023-03-31,TSLA,"Tesla, Inc.",Consumer Discretionary,Automobiles & Components,Automobiles,Automobile Manufacturers,1146429089.0,2023-03-24T20:44:59Z,https://en.wikipedia.org/w/index.php?oldid=1146429089,matched_gics
2023-03-31,TTD,"Trade Desk, Inc.",,,,,,,,missing_gics
2023-03-31,TTWO,Take-Two Interactive,Communication Services,Media & Entertainment,Entertainment,Interactive Home Entertainment,1146429089.0,2023-03-24T20:44:59Z,https://en.wikipedia.org/w/index.php?oldid=1146429089,matched_gics
2023-03-31,TXN,Texas Instruments,Information Technology,Semiconductors & Semiconductor Equipment,Semiconductors & Semiconductor Equipment,Semiconductors,1146429089.0,2023-03-24T20:44:59Z,https://en.wikipedia.org/w/index.php?oldid=1146429089,matched_gics
2023-03-31,VRSK,Verisk,Industrials,Commercial & Professional Services,Professional Services,Research & Consulting Services,1146429089.0,2023-03-24T20:44:59Z,https://en.wikipedia.org/w/index.php?oldid=1146429089,matched_gics
2023-03-31,VRTX,Vertex Pharmaceuticals,Health Care,"Pharmaceuticals, Biotechnology & Life Sciences",Biotechnology,Biotechnology,1146429089.0,2023-03-24T20:44:59Z,https://en.wikipedia.org/w/index.php?oldid=1146429089,matched_gics
2023-03-31,WBA,Walgreens Boots Alliance,Consumer Staples,Consumer Staples Distribution & Retail,Consumer Staples Distribution & Retail,Drug Retail,1146429089.0,2023-03-24T20:44:59Z,https://en.wikipedia.org/w/index.php?oldid=1146429089,matched_gics
2023-03-31,WBD,Warner Bros. Discovery,Communication Services,Media & Entertainment,Media,Broadcasting,1146429089.0,2023-03-24T20:44:59Z,https://en.wikipedia.org/w/index.php?oldid=1146429089,matched_gics
2023-03-31,WDAY,"Workday, Inc.",,,,,,,,missing_gics
2023-03-31,XEL,Xcel Energy,Utilities,Utilities,Multi-Utilities,Multi-Utilities,1146429089.0,2023-03-24T20:44:59Z,https://en.wikipedia.org/w/index.php?oldid=1146429089,matched_gics
2023-03-31,ZS,"Zscaler, Inc.",,,,,,,,missing_gics
2023-04-30,AAPL,Apple Inc.,Information Technology,Technology Hardware & Equipment,"Technology Hardware, Storage & Peripherals","Technology Hardware, Storage & Peripherals",1147947704.0,2023-04-03T05:34:17Z,https://en.wikipedia.org/w/index.php?oldid=1147947704,matched_gics
2023-04-30,ABNB,"Airbnb, Inc.",,,,,,,,missing_gics
2023-04-30,ADBE,Adobe Inc.,Information Technology,Software & Services,Software,Application Software,1147947704.0,2023-04-03T05:34:17Z,https://en.wikipedia.org/w/index.php?oldid=1147947704,matched_gics
2023-04-30,ADI,Analog Devices,Information Technology,Semiconductors & Semiconductor Equipment,Semiconductors & Semiconductor Equipment,Semiconductors,1147947704.0,2023-04-03T05:34:17Z,https://en.wikipedia.org/w/index.php?oldid=1147947704,matched_gics
2023-04-30,ADP,ADP,Industrials,Commercial & Professional Services,Professional Services,Human Resource & Employment Services,1147947704.0,2023-04-03T05:34:17Z,https://en.wikipedia.org/w/index.php?oldid=1147947704,matched_gics
2023-04-30,ADSK,Autodesk,Information Technology,Software & Services,Software,Application Software,1147947704.0,2023-04-03T05:34:17Z,https://en.wikipedia.org/w/index.php?oldid=1147947704,matched_gics
2023-04-30,AEP,American Electric Power,Utilities,Utilities,Electric Utilities,Electric Utilities,1147947704.0,2023-04-03T05:34:17Z,https://en.wikipedia.org/w/index.php?oldid=1147947704,matched_gics
2023-04-30,AMAT,Applied Materials,Information Technology,Semiconductors & Semiconductor Equipment,Semiconductors & Semiconductor Equipment,Semiconductor Materials & Equipment,1147947704.0,2023-04-03T05:34:17Z,https://en.wikipedia.org/w/index.php?oldid=1147947704,matched_gics
2023-04-30,AMD,AMD,Information Technology,Semiconductors & Semiconductor Equipment,Semiconductors & Semiconductor Equipment,Semiconductors,1147947704.0,2023-04-03T05:34:17Z,https://en.wikipedia.org/w/index.php?oldid=1147947704,matched_gics
2023-04-30,AMGN,Amgen,Health Care,"Pharmaceuticals, Biotechnology & Life Sciences",Biotechnology,Biotechnology,1147947704.0,2023-04-03T05:34:17Z,https://en.wikipedia.org/w/index.php?oldid=1147947704,matched_gics
2023-04-30,AMZN,Amazon,Consumer Discretionary,Retailing,Internet & Direct Marketing Retail,Internet & Direct Marketing Retail,1147947704.0,2023-04-03T05:34:17Z,https://en.wikipedia.org/w/index.php?oldid=1147947704,matched_gics
2023-04-30,ANSS,Ansys,Information Technology,Software & Services,Software,Application Software,1147947704.0,2023-04-03T05:34:17Z,https://en.wikipedia.org/w/index.php?oldid=1147947704,matched_gics
2023-04-30,ASML,ASML HOLDING NV,,,,,,,,missing_gics
2023-04-30,AVGO,Broadcom Inc.,Information Technology,Semiconductors & Semiconductor Equipment,Semiconductors & Semiconductor Equipment,Semiconductors,1147947704.0,2023-04-03T05:34:17Z,https://en.wikipedia.org/w/index.php?oldid=1147947704,matched_gics
2023-04-30,AZN,ASTRAZENECA PLC,,,,,,,,missing_gics
2023-04-30,BIIB,Biogen,Health Care,"Pharmaceuticals, Biotechnology & Life Sciences",Biotechnology,Biotechnology,1147947704.0,2023-04-03T05:34:17Z,https://en.wikipedia.org/w/index.php?oldid=1147947704,matched_gics
2023-04-30,BKNG,Booking Holdings,Consumer Discretionary,Retailing,Internet & Direct Marketing Retail,Internet & Direct Marketing Retail,1147947704.0,2023-04-03T05:34:17Z,https://en.wikipedia.org/w/index.php?oldid=1147947704,matched_gics
2023-04-30,BKR,Baker Hughes,Energy,Energy,Energy Equipment & Services,Oil & Gas Equipment & Services,1147947704.0,2023-04-03T05:34:17Z,https://en.wikipedia.org/w/index.php?oldid=1147947704,matched_gics
2023-04-30,CCEP,COCA-COLA EUROPACIFIC PARTNERS plc,,,,,,,,missing_gics
2023-04-30,CDNS,Cadence Design Systems,Information Technology,Software & Services,Software,Application Software,1147947704.0,2023-04-03T05:34:17Z,https://en.wikipedia.org/w/index.php?oldid=1147947704,matched_gics
2023-04-30,CDW,CDW,Information Technology,Technology Hardware & Equipment,"Electronic Equipment, Instruments & Components",Technology Distributors,1147947704.0,2023-04-03T05:34:17Z,https://en.wikipedia.org/w/index.php?oldid=1147947704,matched_gics
2023-04-30,CEG,Constellation Energy,Utilities,Utilities,Multi-Utilities,Multi-Utilities,1147947704.0,2023-04-03T05:34:17Z,https://en.wikipedia.org/w/index.php?oldid=1147947704,matched_gics
2023-04-30,CHTR,Charter Communications,Communication Services,Media,Media,Cable & Satellite,1147947704.0,2023-04-03T05:34:17Z,https://en.wikipedia.org/w/index.php?oldid=1147947704,matched_gics
2023-04-30,CMCSA,Comcast,Communication Services,Media,Media,Cable & Satellite,1147947704.0,2023-04-03T05:34:17Z,https://en.wikipedia.org/w/index.php?oldid=1147947704,matched_gics
2023-04-30,COST,Costco,Consumer Staples,Consumer Staples Distribution & Retail,Consumer Staples Distribution & Retail,Consumer Staples Merchandise Retail,1147947704.0,2023-04-03T05:34:17Z,https://en.wikipedia.org/w/index.php?oldid=1147947704,matched_gics
2023-04-30,CPRT,Copart,Industrials,Commercial & Professional Services,Commercial Services & Supplies,Diversified Support Services,1147947704.0,2023-04-03T05:34:17Z,https://en.wikipedia.org/w/index.php?oldid=1147947704,matched_gics
2023-04-30,CRWD,"CrowdStrike Holdings, Inc.",,,,,,,,missing_gics
2023-04-30,CSCO,Cisco,Information Technology,Technology Hardware & Equipment,Communications Equipment,Communications Equipment,1147947704.0,2023-04-03T05:34:17Z,https://en.wikipedia.org/w/index.php?oldid=1147947704,matched_gics
2023-04-30,CSGP,CoStar Group,Industrials,Commercial & Professional Services,Professional Services,Research & Consulting Services,1147947704.0,2023-04-03T05:34:17Z,https://en.wikipedia.org/w/index.php?oldid=1147947704,matched_gics
2023-04-30,CSX,CSX,Industrials,Transportation,Ground Transportation,Rail Transportation,1147947704.0,2023-04-03T05:34:17Z,https://en.wikipedia.org/w/index.php?oldid=1147947704,matched_gics
2023-04-30,CTAS,Cintas,Industrials,Commercial & Professional Services,Commercial Services & Supplies,Diversified Support Services,1147947704.0,2023-04-03T05:34:17Z,https://en.wikipedia.org/w/index.php?oldid=1147947704,matched_gics
2023-04-30,CTSH,Cognizant,Information Technology,Software & Services,IT Services,IT Consulting & Other Services,1147947704.0,2023-04-03T05:34:17Z,https://en.wikipedia.org/w/index.php?oldid=1147947704,matched_gics
2023-04-30,DASH,"DoorDash, Inc.",,,,,,,,missing_gics
2023-04-30,DDOG,"Datadog, Inc.",,,,,,,,missing_gics
2023-04-30,DLTR,Dollar Tree,Consumer Staples,Consumer Staples Distribution & Retail,Consumer Staples Distribution & Retail,Consumer Staples Merchandise Retail,1147947704.0,2023-04-03T05:34:17Z,https://en.wikipedia.org/w/index.php?oldid=1147947704,matched_gics
2023-04-30,DXCM,Dexcom,Health Care,Health Care Equipment & Services,Health Care Equipment & Supplies,Health Care Equipment,1147947704.0,2023-04-03T05:34:17Z,https://en.wikipedia.org/w/index.php?oldid=1147947704,matched_gics
2023-04-30,EA,Electronic Arts,Communication Services,Media & Entertainment,Entertainment,Interactive Home Entertainment,1147947704.0,2023-04-03T05:34:17Z,https://en.wikipedia.org/w/index.php?oldid=1147947704,matched_gics
2023-04-30,EXC,Exelon,Utilities,Utilities,Multi-Utilities,Multi-Utilities,1147947704.0,2023-04-03T05:34:17Z,https://en.wikipedia.org/w/index.php?oldid=1147947704,matched_gics
2023-04-30,FANG,Diamondback Energy,Energy,Energy,"Oil, Gas & Consumable Fuels",Oil & Gas Exploration & Production,1147947704.0,2023-04-03T05:34:17Z,https://en.wikipedia.org/w/index.php?oldid=1147947704,matched_gics
2023-04-30,FAST,Fastenal,Industrials,Capital Goods,Building Products,Building Products,1147947704.0,2023-04-03T05:34:17Z,https://en.wikipedia.org/w/index.php?oldid=1147947704,matched_gics
2023-04-30,FTNT,Fortinet,Information Technology,Software & Services,Software,Systems Software,1147947704.0,2023-04-03T05:34:17Z,https://en.wikipedia.org/w/index.php?oldid=1147947704,matched_gics
2023-04-30,GEHC,GE HealthCare,Health Care,Health Care Equipment & Services,Health Care Technology,Health Care Technology,1147947704.0,2023-04-03T05:34:17Z,https://en.wikipedia.org/w/index.php?oldid=1147947704,matched_gics
2023-04-30,GFS,GLOBALFOUNDRIES Inc.,,,,,,,,missing_gics
2023-04-30,GILD,Gilead Sciences,Health Care,"Pharmaceuticals, Biotechnology & Life Sciences",Biotechnology,Biotechnology,1147947704.0,2023-04-03T05:34:17Z,https://en.wikipedia.org/w/index.php?oldid=1147947704,matched_gics
2023-04-30,GOOG,Alphabet Inc. (Class C),Communication Services,Media & Entertainment,Interactive Media & Services,Interactive Media & Services,1147947704.0,2023-04-03T05:34:17Z,https://en.wikipedia.org/w/index.php?oldid=1147947704,matched_gics
2023-04-30,GOOGL,Alphabet Inc. (Class A),Communication Services,Media & Entertainment,Interactive Media & Services,Interactive Media & Services,1147947704.0,2023-04-03T05:34:17Z,https://en.wikipedia.org/w/index.php?oldid=1147947704,matched_gics
2023-04-30,HON,Honeywell,Industrials,Capital Goods,Industrial Conglomerates,Industrial Conglomerates,1147947704.0,2023-04-03T05:34:17Z,https://en.wikipedia.org/w/index.php?oldid=1147947704,matched_gics
2023-04-30,IDXX,Idexx Laboratories,Health Care,Health Care Equipment & Services,Health Care Equipment & Supplies,Health Care Equipment,1147947704.0,2023-04-03T05:34:17Z,https://en.wikipedia.org/w/index.php?oldid=1147947704,matched_gics
2023-04-30,ILMN,Illumina,Health Care,"Pharmaceuticals, Biotechnology & Life Sciences",Life Sciences Tools & Services,Life Sciences Tools & Services,1147947704.0,2023-04-03T05:34:17Z,https://en.wikipedia.org/w/index.php?oldid=1147947704,matched_gics
2023-04-30,INTC,Intel,Information Technology,Semiconductors & Semiconductor Equipment,Semiconductors & Semiconductor Equipment,Semiconductors,1147947704.0,2023-04-03T05:34:17Z,https://en.wikipedia.org/w/index.php?oldid=1147947704,matched_gics
2023-04-30,INTU,Intuit,Information Technology,Software & Services,Software,Application Software,1147947704.0,2023-04-03T05:34:17Z,https://en.wikipedia.org/w/index.php?oldid=1147947704,matched_gics
2023-04-30,ISRG,Intuitive Surgical,Health Care,Health Care Equipment & Services,Health Care Equipment & Supplies,Health Care Equipment,1147947704.0,2023-04-03T05:34:17Z,https://en.wikipedia.org/w/index.php?oldid=1147947704,matched_gics
2023-04-30,KDP,Keurig Dr Pepper,Consumer Staples,"Food, Beverage & Tobacco",Beverages,Soft Drinks & Non-alcoholic Beverages,1147947704.0,2023-04-03T05:34:17Z,https://en.wikipedia.org/w/index.php?oldid=1147947704,matched_gics
2023-04-30,KHC,Kraft Heinz,Consumer Staples,"Food, Beverage & Tobacco",Food Products,Packaged Foods & Meats,1147947704.0,2023-04-03T05:34:17Z,https://en.wikipedia.org/w/index.php?oldid=1147947704,matched_gics
2023-04-30,KLAC,KLA Corporation,Information Technology,Semiconductors & Semiconductor Equipment,Semiconductors & Semiconductor Equipment,Semiconductor Materials & Equipment,1147947704.0,2023-04-03T05:34:17Z,https://en.wikipedia.org/w/index.php?oldid=1147947704,matched_gics
2023-04-30,LRCX,Lam Research,Information Technology,Semiconductors & Semiconductor Equipment,Semiconductors & Semiconductor Equipment,Semiconductor Materials & Equipment,1147947704.0,2023-04-03T05:34:17Z,https://en.wikipedia.org/w/index.php?oldid=1147947704,matched_gics
2023-04-30,LULU,lululemon athletica inc.,,,,,,,,missing_gics
2023-04-30,MAR,Marriott International,Consumer Discretionary,Consumer Services,"Hotels, Restaurants & Leisure","Hotels, Resorts & Cruise Lines",1147947704.0,2023-04-03T05:34:17Z,https://en.wikipedia.org/w/index.php?oldid=1147947704,matched_gics
2023-04-30,MCHP,Microchip Technology,Information Technology,Semiconductors & Semiconductor Equipment,Semiconductors & Semiconductor Equipment,Semiconductors,1147947704.0,2023-04-03T05:34:17Z,https://en.wikipedia.org/w/index.php?oldid=1147947704,matched_gics
2023-04-30,MDB,"MongoDB, Inc.",,,,,,,,missing_gics
2023-04-30,MDLZ,Mondelez International,Consumer Staples,"Food, Beverage & Tobacco",Food Products,Packaged Foods & Meats,1147947704.0,2023-04-03T05:34:17Z,https://en.wikipedia.org/w/index.php?oldid=1147947704,matched_gics
2023-04-30,MELI,MERCADOLIBRE INC,,,,,,,,missing_gics
2023-04-30,META,Meta Platforms,Communication Services,Media & Entertainment,Interactive Media & Services,Interactive Media & Services,1147947704.0,2023-04-03T05:34:17Z,https://en.wikipedia.org/w/index.php?oldid=1147947704,matched_gics
2023-04-30,MNST,Monster Beverage,Consumer Staples,"Food, Beverage & Tobacco",Beverages,Soft Drinks & Non-alcoholic Beverages,1147947704.0,2023-04-03T05:34:17Z,https://en.wikipedia.org/w/index.php?oldid=1147947704,matched_gics
2023-04-30,MRNA,Moderna,Health Care,"Pharmaceuticals, Biotechnology & Life Sciences",Biotechnology,Biotechnology,1147947704.0,2023-04-03T05:34:17Z,https://en.wikipedia.org/w/index.php?oldid=1147947704,matched_gics
2023-04-30,MRVL,"Marvell Technology, Inc.",,,,,,,,missing_gics
2023-04-30,MSFT,Microsoft,Information Technology,Software & Services,Software,Systems Software,1147947704.0,2023-04-03T05:34:17Z,https://en.wikipedia.org/w/index.php?oldid=1147947704,matched_gics
2023-04-30,MU,Micron Technology,Information Technology,Semiconductors & Semiconductor Equipment,Semiconductors & Semiconductor Equipment,Semiconductors,1147947704.0,2023-04-03T05:34:17Z,https://en.wikipedia.org/w/index.php?oldid=1147947704,matched_gics
2023-04-30,NFLX,Netflix,Communication Services,Media & Entertainment,Entertainment,Movies & Entertainment,1147947704.0,2023-04-03T05:34:17Z,https://en.wikipedia.org/w/index.php?oldid=1147947704,matched_gics
2023-04-30,NVDA,Nvidia,Information Technology,Semiconductors & Semiconductor Equipment,Semiconductors & Semiconductor Equipment,Semiconductors,1147947704.0,2023-04-03T05:34:17Z,https://en.wikipedia.org/w/index.php?oldid=1147947704,matched_gics
2023-04-30,NXPI,NXP Semiconductors,Information Technology,Semiconductors & Semiconductor Equipment,Semiconductors & Semiconductor Equipment,Semiconductors,1147947704.0,2023-04-03T05:34:17Z,https://en.wikipedia.org/w/index.php?oldid=1147947704,matched_gics
2023-04-30,ODFL,Old Dominion,Industrials,Transportation,Ground Transportation,Cargo Ground Transportation,1147947704.0,2023-04-03T05:34:17Z,https://en.wikipedia.org/w/index.php?oldid=1147947704,matched_gics
2023-04-30,ON,ON Semiconductor,Information Technology,Semiconductors & Semiconductor Equipment,Semiconductors & Semiconductor Equipment,Semiconductors,1147947704.0,2023-04-03T05:34:17Z,https://en.wikipedia.org/w/index.php?oldid=1147947704,matched_gics
2023-04-30,ORLY,O'Reilly Auto Parts,Consumer Discretionary,Retailing,Specialty Retail,Specialty Stores,1147947704.0,2023-04-03T05:34:17Z,https://en.wikipedia.org/w/index.php?oldid=1147947704,matched_gics
2023-04-30,PANW,Palo Alto Networks Inc,,,,,,,,missing_gics
2023-04-30,PAYX,Paychex,Industrials,Commercial & Professional Services,Professional Services,Human Resource & Employment Services,1147947704.0,2023-04-03T05:34:17Z,https://en.wikipedia.org/w/index.php?oldid=1147947704,matched_gics
2023-04-30,PCAR,Paccar,Industrials,Capital Goods,Machinery,Construction Machinery & Heavy Transportation Equipment,1147947704.0,2023-04-03T05:34:17Z,https://en.wikipedia.org/w/index.php?oldid=1147947704,matched_gics
2023-04-30,PDD,PDD Holdings Inc.,,,,,,,,missing_gics
2023-04-30,PEP,PepsiCo,Consumer Staples,"Food, Beverage & Tobacco",Beverages,Soft Drinks & Non-alcoholic Beverages,1147947704.0,2023-04-03T05:34:17Z,https://en.wikipedia.org/w/index.php?oldid=1147947704,matched_gics
2023-04-30,PYPL,PayPal,Financials,Financial Services,Financial Services,Transaction & Payment Processing Services,1147947704.0,2023-04-03T05:34:17Z,https://en.wikipedia.org/w/index.php?oldid=1147947704,matched_gics
2023-04-30,QCOM,Qualcomm,Information Technology,Semiconductors & Semiconductor Equipment,Semiconductors & Semiconductor Equipment,Semiconductors,1147947704.0,2023-04-03T05:34:17Z,https://en.wikipedia.org/w/index.php?oldid=1147947704,matched_gics
2023-04-30,REGN,Regeneron,Health Care,"Pharmaceuticals, Biotechnology & Life Sciences",Biotechnology,Biotechnology,1147947704.0,2023-04-03T05:34:17Z,https://en.wikipedia.org/w/index.php?oldid=1147947704,matched_gics
2023-04-30,ROP,Roper Technologies,Information Technology,Technology Hardware & Equipment,"Electronic Equipment, Instruments & Components",Electronic Equipment & Instruments,1147947704.0,2023-04-03T05:34:17Z,https://en.wikipedia.org/w/index.php?oldid=1147947704,matched_gics
2023-04-30,ROST,Ross Stores,Consumer Discretionary,Consumer Discretionary Distribution & Retail,Specialty Retail,Apparel Retail,1147947704.0,2023-04-03T05:34:17Z,https://en.wikipedia.org/w/index.php?oldid=1147947704,matched_gics
2023-04-30,SBUX,Starbucks,Consumer Discretionary,Consumer Services,"Hotels, Restaurants & Leisure",Restaurants,1147947704.0,2023-04-03T05:34:17Z,https://en.wikipedia.org/w/index.php?oldid=1147947704,matched_gics
2023-04-30,SIRI,SIRIUS XM HOLDINGS INC.,,,,,,,,missing_gics
2023-04-30,SNPS,Synopsys,Information Technology,Software & Services,Software,Application Software,1147947704.0,2023-04-03T05:34:17Z,https://en.wikipedia.org/w/index.php?oldid=1147947704,matched_gics
2023-04-30,SPLK,Splunk Inc.,,,,,,,,missing_gics
2023-04-30,TEAM,Atlassian Corp,,,,,,,,missing_gics
2023-04-30,TMUS,T-Mobile US,Communication Services,Telecommunication Services,Wireless Telecommunication Services,Wireless Telecommunication Services,1147947704.0,2023-04-03T05:34:17Z,https://en.wikipedia.org/w/index.php?oldid=1147947704,matched_gics
2023-04-30,TSLA,"Tesla, Inc.",Consumer Discretionary,Automobiles & Components,Automobiles,Automobile Manufacturers,1147947704.0,2023-04-03T05:34:17Z,https://en.wikipedia.org/w/index.php?oldid=1147947704,matched_gics
2023-04-30,TTD,"Trade Desk, Inc.",,,,,,,,missing_gics
2023-04-30,TTWO,Take-Two Interactive,Communication Services,Media & Entertainment,Entertainment,Interactive Home Entertainment,1147947704.0,2023-04-03T05:34:17Z,https://en.wikipedia.org/w/index.php?oldid=1147947704,matched_gics
2023-04-30,TXN,Texas Instruments,Information Technology,Semiconductors & Semiconductor Equipment,Semiconductors & Semiconductor Equipment,Semiconductors,1147947704.0,2023-04-03T05:34:17Z,https://en.wikipedia.org/w/index.php?oldid=1147947704,matched_gics
2023-04-30,VRSK,Verisk,Industrials,Commercial & Professional Services,Professional Services,Research & Consulting Services,1147947704.0,2023-04-03T05:34:17Z,https://en.wikipedia.org/w/index.php?oldid=1147947704,matched_gics
2023-04-30,VRTX,Vertex Pharmaceuticals,Health Care,"Pharmaceuticals, Biotechnology & Life Sciences",Biotechnology,Biotechnology,1147947704.0,2023-04-03T05:34:17Z,https://en.wikipedia.org/w/index.php?oldid=1147947704,matched_gics
2023-04-30,WBA,Walgreens Boots Alliance,Consumer Staples,Consumer Staples Distribution & Retail,Consumer Staples Distribution & Retail,Drug Retail,1147947704.0,2023-04-03T05:34:17Z,https://en.wikipedia.org/w/index.php?oldid=1147947704,matched_gics
2023-04-30,WBD,Warner Bros. Discovery,Communication Services,Media & Entertainment,Media,Broadcasting,1147947704.0,2023-04-03T05:34:17Z,https://en.wikipedia.org/w/index.php?oldid=1147947704,matched_gics
2023-04-30,WDAY,"Workday, Inc.",,,,,,,,missing_gics
2023-04-30,XEL,Xcel Energy,Utilities,Utilities,Multi-Utilities,Multi-Utilities,1147947704.0,2023-04-03T05:34:17Z,https://en.wikipedia.org/w/index.php?oldid=1147947704,matched_gics
2023-04-30,ZS,"Zscaler, Inc.",,,,,,,,missing_gics
2023-05-31,AAPL,Apple Inc.,Information Technology,Technology Hardware & Equipment,"Technology Hardware, Storage & Peripherals","Technology Hardware, Storage & Peripherals",1156097513.0,2023-05-21T05:34:43Z,https://en.wikipedia.org/w/index.php?oldid=1156097513,matched_gics
2023-05-31,ABNB,"Airbnb, Inc.",,,,,,,,missing_gics
2023-05-31,ADBE,Adobe Inc.,Information Technology,Software & Services,Software,Application Software,1156097513.0,2023-05-21T05:34:43Z,https://en.wikipedia.org/w/index.php?oldid=1156097513,matched_gics
2023-05-31,ADI,Analog Devices,Information Technology,Semiconductors & Semiconductor Equipment,Semiconductors & Semiconductor Equipment,Semiconductors,1156097513.0,2023-05-21T05:34:43Z,https://en.wikipedia.org/w/index.php?oldid=1156097513,matched_gics
2023-05-31,ADP,ADP,Industrials,Commercial & Professional Services,Professional Services,Human Resource & Employment Services,1156097513.0,2023-05-21T05:34:43Z,https://en.wikipedia.org/w/index.php?oldid=1156097513,matched_gics
2023-05-31,ADSK,Autodesk,Information Technology,Software & Services,Software,Application Software,1156097513.0,2023-05-21T05:34:43Z,https://en.wikipedia.org/w/index.php?oldid=1156097513,matched_gics
2023-05-31,AEP,American Electric Power,Utilities,Utilities,Electric Utilities,Electric Utilities,1156097513.0,2023-05-21T05:34:43Z,https://en.wikipedia.org/w/index.php?oldid=1156097513,matched_gics
2023-05-31,AMAT,Applied Materials,Information Technology,Semiconductors & Semiconductor Equipment,Semiconductors & Semiconductor Equipment,Semiconductor Materials & Equipment,1156097513.0,2023-05-21T05:34:43Z,https://en.wikipedia.org/w/index.php?oldid=1156097513,matched_gics
2023-05-31,AMD,AMD,Information Technology,Semiconductors & Semiconductor Equipment,Semiconductors & Semiconductor Equipment,Semiconductors,1156097513.0,2023-05-21T05:34:43Z,https://en.wikipedia.org/w/index.php?oldid=1156097513,matched_gics
2023-05-31,AMGN,Amgen,Health Care,"Pharmaceuticals, Biotechnology & Life Sciences",Biotechnology,Biotechnology,1156097513.0,2023-05-21T05:34:43Z,https://en.wikipedia.org/w/index.php?oldid=1156097513,matched_gics
2023-05-31,AMZN,Amazon,Consumer Discretionary,Retailing,Internet & Direct Marketing Retail,Internet & Direct Marketing Retail,1156097513.0,2023-05-21T05:34:43Z,https://en.wikipedia.org/w/index.php?oldid=1156097513,matched_gics
2023-05-31,ANSS,Ansys,Information Technology,Software & Services,Software,Application Software,1156097513.0,2023-05-21T05:34:43Z,https://en.wikipedia.org/w/index.php?oldid=1156097513,matched_gics
2023-05-31,ASML,ASML HOLDING NV,,,,,,,,missing_gics
2023-05-31,AVGO,Broadcom Inc.,Information Technology,Semiconductors & Semiconductor Equipment,Semiconductors & Semiconductor Equipment,Semiconductors,1156097513.0,2023-05-21T05:34:43Z,https://en.wikipedia.org/w/index.php?oldid=1156097513,matched_gics
2023-05-31,AZN,ASTRAZENECA PLC,,,,,,,,missing_gics
2023-05-31,BIIB,Biogen,Health Care,"Pharmaceuticals, Biotechnology & Life Sciences",Biotechnology,Biotechnology,1156097513.0,2023-05-21T05:34:43Z,https://en.wikipedia.org/w/index.php?oldid=1156097513,matched_gics
2023-05-31,BKNG,Booking Holdings,Consumer Discretionary,Retailing,Internet & Direct Marketing Retail,Internet & Direct Marketing Retail,1156097513.0,2023-05-21T05:34:43Z,https://en.wikipedia.org/w/index.php?oldid=1156097513,matched_gics
2023-05-31,BKR,Baker Hughes,Energy,Energy,Energy Equipment & Services,Oil & Gas Equipment & Services,1156097513.0,2023-05-21T05:34:43Z,https://en.wikipedia.org/w/index.php?oldid=1156097513,matched_gics
2023-05-31,CCEP,COCA-COLA EUROPACIFIC PARTNERS plc,,,,,,,,missing_gics
2023-05-31,CDNS,Cadence Design Systems,Information Technology,Software & Services,Software,Application Software,1156097513.0,2023-05-21T05:34:43Z,https://en.wikipedia.org/w/index.php?oldid=1156097513,matched_gics
2023-05-31,CDW,CDW,Information Technology,Technology Hardware & Equipment,"Electronic Equipment, Instruments & Components",Technology Distributors,1156097513.0,2023-05-21T05:34:43Z,https://en.wikipedia.org/w/index.php?oldid=1156097513,matched_gics
2023-05-31,CEG,Constellation Energy,Utilities,Utilities,Multi-Utilities,Multi-Utilities,1156097513.0,2023-05-21T05:34:43Z,https://en.wikipedia.org/w/index.php?oldid=1156097513,matched_gics
2023-05-31,CHTR,Charter Communications,Communication Services,Media,Media,Cable & Satellite,1156097513.0,2023-05-21T05:34:43Z,https://en.wikipedia.org/w/index.php?oldid=1156097513,matched_gics
2023-05-31,CMCSA,Comcast,Communication Services,Media,Media,Cable & Satellite,1156097513.0,2023-05-21T05:34:43Z,https://en.wikipedia.org/w/index.php?oldid=1156097513,matched_gics
2023-05-31,COST,Costco,Consumer Staples,Consumer Staples Distribution & Retail,Consumer Staples Distribution & Retail,Consumer Staples Merchandise Retail,1156097513.0,2023-05-21T05:34:43Z,https://en.wikipedia.org/w/index.php?oldid=1156097513,matched_gics
2023-05-31,CPRT,Copart,Industrials,Commercial & Professional Services,Commercial Services & Supplies,Diversified Support Services,1156097513.0,2023-05-21T05:34:43Z,https://en.wikipedia.org/w/index.php?oldid=1156097513,matched_gics
2023-05-31,CRWD,"CrowdStrike Holdings, Inc.",,,,,,,,missing_gics
2023-05-31,CSCO,Cisco,Information Technology,Technology Hardware & Equipment,Communications Equipment,Communications Equipment,1156097513.0,2023-05-21T05:34:43Z,https://en.wikipedia.org/w/index.php?oldid=1156097513,matched_gics
2023-05-31,CSGP,CoStar Group,Industrials,Commercial & Professional Services,Professional Services,Research & Consulting Services,1156097513.0,2023-05-21T05:34:43Z,https://en.wikipedia.org/w/index.php?oldid=1156097513,matched_gics
2023-05-31,CSX,CSX,Industrials,Transportation,Ground Transportation,Rail Transportation,1156097513.0,2023-05-21T05:34:43Z,https://en.wikipedia.org/w/index.php?oldid=1156097513,matched_gics
2023-05-31,CTAS,Cintas,Industrials,Commercial & Professional Services,Commercial Services & Supplies,Diversified Support Services,1156097513.0,2023-05-21T05:34:43Z,https://en.wikipedia.org/w/index.php?oldid=1156097513,matched_gics
2023-05-31,CTSH,Cognizant,Information Technology,Software & Services,IT Services,IT Consulting & Other Services,1156097513.0,2023-05-21T05:34:43Z,https://en.wikipedia.org/w/index.php?oldid=1156097513,matched_gics
2023-05-31,DASH,"DoorDash, Inc.",,,,,,,,missing_gics
2023-05-31,DDOG,"Datadog, Inc.",,,,,,,,missing_gics
2023-05-31,DLTR,Dollar Tree,Consumer Staples,Consumer Staples Distribution & Retail,Consumer Staples Distribution & Retail,Consumer Staples Merchandise Retail,1156097513.0,2023-05-21T05:34:43Z,https://en.wikipedia.org/w/index.php?oldid=1156097513,matched_gics
2023-05-31,DXCM,Dexcom,Health Care,Health Care Equipment & Services,Health Care Equipment & Supplies,Health Care Equipment,1156097513.0,2023-05-21T05:34:43Z,https://en.wikipedia.org/w/index.php?oldid=1156097513,matched_gics
2023-05-31,EA,Electronic Arts,Communication Services,Media & Entertainment,Entertainment,Interactive Home Entertainment,1156097513.0,2023-05-21T05:34:43Z,https://en.wikipedia.org/w/index.php?oldid=1156097513,matched_gics
2023-05-31,EXC,Exelon,Utilities,Utilities,Multi-Utilities,Multi-Utilities,1156097513.0,2023-05-21T05:34:43Z,https://en.wikipedia.org/w/index.php?oldid=1156097513,matched_gics
2023-05-31,FANG,Diamondback Energy,Energy,Energy,"Oil, Gas & Consumable Fuels",Oil & Gas Exploration & Production,1156097513.0,2023-05-21T05:34:43Z,https://en.wikipedia.org/w/index.php?oldid=1156097513,matched_gics
2023-05-31,FAST,Fastenal,Industrials,Capital Goods,Building Products,Building Products,1156097513.0,2023-05-21T05:34:43Z,https://en.wikipedia.org/w/index.php?oldid=1156097513,matched_gics
2023-05-31,FTNT,Fortinet,Information Technology,Software & Services,Software,Systems Software,1156097513.0,2023-05-21T05:34:43Z,https://en.wikipedia.org/w/index.php?oldid=1156097513,matched_gics
2023-05-31,GEHC,GE HealthCare,Health Care,Health Care Equipment & Services,Health Care Technology,Health Care Technology,1156097513.0,2023-05-21T05:34:43Z,https://en.wikipedia.org/w/index.php?oldid=1156097513,matched_gics
2023-05-31,GFS,GLOBALFOUNDRIES Inc.,,,,,,,,missing_gics
2023-05-31,GILD,Gilead Sciences,Health Care,"Pharmaceuticals, Biotechnology & Life Sciences",Biotechnology,Biotechnology,1156097513.0,2023-05-21T05:34:43Z,https://en.wikipedia.org/w/index.php?oldid=1156097513,matched_gics
2023-05-31,GOOG,Alphabet Inc. (Class C),Communication Services,Media & Entertainment,Interactive Media & Services,Interactive Media & Services,1156097513.0,2023-05-21T05:34:43Z,https://en.wikipedia.org/w/index.php?oldid=1156097513,matched_gics
2023-05-31,GOOGL,Alphabet Inc. (Class A),Communication Services,Media & Entertainment,Interactive Media & Services,Interactive Media & Services,1156097513.0,2023-05-21T05:34:43Z,https://en.wikipedia.org/w/index.php?oldid=1156097513,matched_gics
2023-05-31,HON,Honeywell,Industrials,Capital Goods,Industrial Conglomerates,Industrial Conglomerates,1156097513.0,2023-05-21T05:34:43Z,https://en.wikipedia.org/w/index.php?oldid=1156097513,matched_gics
2023-05-31,IDXX,Idexx Laboratories,Health Care,Health Care Equipment & Services,Health Care Equipment & Supplies,Health Care Equipment,1156097513.0,2023-05-21T05:34:43Z,https://en.wikipedia.org/w/index.php?oldid=1156097513,matched_gics
2023-05-31,ILMN,Illumina,Health Care,"Pharmaceuticals, Biotechnology & Life Sciences",Life Sciences Tools & Services,Life Sciences Tools & Services,1156097513.0,2023-05-21T05:34:43Z,https://en.wikipedia.org/w/index.php?oldid=1156097513,matched_gics
2023-05-31,INTC,Intel,Information Technology,Semiconductors & Semiconductor Equipment,Semiconductors & Semiconductor Equipment,Semiconductors,1156097513.0,2023-05-21T05:34:43Z,https://en.wikipedia.org/w/index.php?oldid=1156097513,matched_gics
2023-05-31,INTU,Intuit,Information Technology,Software & Services,Software,Application Software,1156097513.0,2023-05-21T05:34:43Z,https://en.wikipedia.org/w/index.php?oldid=1156097513,matched_gics
2023-05-31,ISRG,Intuitive Surgical,Health Care,Health Care Equipment & Services,Health Care Equipment & Supplies,Health Care Equipment,1156097513.0,2023-05-21T05:34:43Z,https://en.wikipedia.org/w/index.php?oldid=1156097513,matched_gics
2023-05-31,KDP,Keurig Dr Pepper,Consumer Staples,"Food, Beverage & Tobacco",Beverages,Soft Drinks & Non-alcoholic Beverages,1156097513.0,2023-05-21T05:34:43Z,https://en.wikipedia.org/w/index.php?oldid=1156097513,matched_gics
2023-05-31,KHC,Kraft Heinz,Consumer Staples,"Food, Beverage & Tobacco",Food Products,Packaged Foods & Meats,1156097513.0,2023-05-21T05:34:43Z,https://en.wikipedia.org/w/index.php?oldid=1156097513,matched_gics
2023-05-31,KLAC,KLA Corporation,Information Technology,Semiconductors & Semiconductor Equipment,Semiconductors & Semiconductor Equipment,Semiconductor Materials & Equipment,1156097513.0,2023-05-21T05:34:43Z,https://en.wikipedia.org/w/index.php?oldid=1156097513,matched_gics
2023-05-31,LRCX,Lam Research,Information Technology,Semiconductors & Semiconductor Equipment,Semiconductors & Semiconductor Equipment,Semiconductor Materials & Equipment,1156097513.0,2023-05-21T05:34:43Z,https://en.wikipedia.org/w/index.php?oldid=1156097513,matched_gics
2023-05-31,LULU,lululemon athletica inc.,,,,,,,,missing_gics
2023-05-31,MAR,Marriott International,Consumer Discretionary,Consumer Services,"Hotels, Restaurants & Leisure","Hotels, Resorts & Cruise Lines",1156097513.0,2023-05-21T05:34:43Z,https://en.wikipedia.org/w/index.php?oldid=1156097513,matched_gics
2023-05-31,MCHP,Microchip Technology,Information Technology,Semiconductors & Semiconductor Equipment,Semiconductors & Semiconductor Equipment,Semiconductors,1156097513.0,2023-05-21T05:34:43Z,https://en.wikipedia.org/w/index.php?oldid=1156097513,matched_gics
2023-05-31,MDB,"MongoDB, Inc.",,,,,,,,missing_gics
2023-05-31,MDLZ,Mondelez International,Consumer Staples,"Food, Beverage & Tobacco",Food Products,Packaged Foods & Meats,1156097513.0,2023-05-21T05:34:43Z,https://en.wikipedia.org/w/index.php?oldid=1156097513,matched_gics
2023-05-31,MELI,MERCADOLIBRE INC,,,,,,,,missing_gics
2023-05-31,META,Meta Platforms,Communication Services,Media & Entertainment,Interactive Media & Services,Interactive Media & Services,1156097513.0,2023-05-21T05:34:43Z,https://en.wikipedia.org/w/index.php?oldid=1156097513,matched_gics
2023-05-31,MNST,Monster Beverage,Consumer Staples,"Food, Beverage & Tobacco",Beverages,Soft Drinks & Non-alcoholic Beverages,1156097513.0,2023-05-21T05:34:43Z,https://en.wikipedia.org/w/index.php?oldid=1156097513,matched_gics
2023-05-31,MRNA,Moderna,Health Care,"Pharmaceuticals, Biotechnology & Life Sciences",Biotechnology,Biotechnology,1156097513.0,2023-05-21T05:34:43Z,https://en.wikipedia.org/w/index.php?oldid=1156097513,matched_gics
2023-05-31,MRVL,"Marvell Technology, Inc.",,,,,,,,missing_gics
2023-05-31,MSFT,Microsoft,Information Technology,Software & Services,Software,Systems Software,1156097513.0,2023-05-21T05:34:43Z,https://en.wikipedia.org/w/index.php?oldid=1156097513,matched_gics
2023-05-31,MU,Micron Technology,Information Technology,Semiconductors & Semiconductor Equipment,Semiconductors & Semiconductor Equipment,Semiconductors,1156097513.0,2023-05-21T05:34:43Z,https://en.wikipedia.org/w/index.php?oldid=1156097513,matched_gics
2023-05-31,NFLX,Netflix,Communication Services,Media & Entertainment,Entertainment,Movies & Entertainment,1156097513.0,2023-05-21T05:34:43Z,https://en.wikipedia.org/w/index.php?oldid=1156097513,matched_gics
2023-05-31,NVDA,Nvidia,Information Technology,Semiconductors & Semiconductor Equipment,Semiconductors & Semiconductor Equipment,Semiconductors,1156097513.0,2023-05-21T05:34:43Z,https://en.wikipedia.org/w/index.php?oldid=1156097513,matched_gics
2023-05-31,NXPI,NXP Semiconductors,Information Technology,Semiconductors & Semiconductor Equipment,Semiconductors & Semiconductor Equipment,Semiconductors,1156097513.0,2023-05-21T05:34:43Z,https://en.wikipedia.org/w/index.php?oldid=1156097513,matched_gics
2023-05-31,ODFL,Old Dominion,Industrials,Transportation,Ground Transportation,Cargo Ground Transportation,1156097513.0,2023-05-21T05:34:43Z,https://en.wikipedia.org/w/index.php?oldid=1156097513,matched_gics
2023-05-31,ON,ON Semiconductor,Information Technology,Semiconductors & Semiconductor Equipment,Semiconductors & Semiconductor Equipment,Semiconductors,1156097513.0,2023-05-21T05:34:43Z,https://en.wikipedia.org/w/index.php?oldid=1156097513,matched_gics
2023-05-31,ORLY,O'Reilly Auto Parts,Consumer Discretionary,Retailing,Specialty Retail,Specialty Stores,1156097513.0,2023-05-21T05:34:43Z,https://en.wikipedia.org/w/index.php?oldid=1156097513,matched_gics
2023-05-31,PANW,Palo Alto Networks Inc,,,,,,,,missing_gics
2023-05-31,PAYX,Paychex,Industrials,Commercial & Professional Services,Professional Services,Human Resource & Employment Services,1156097513.0,2023-05-21T05:34:43Z,https://en.wikipedia.org/w/index.php?oldid=1156097513,matched_gics
2023-05-31,PCAR,Paccar,Industrials,Capital Goods,Machinery,Construction Machinery & Heavy Transportation Equipment,1156097513.0,2023-05-21T05:34:43Z,https://en.wikipedia.org/w/index.php?oldid=1156097513,matched_gics
2023-05-31,PDD,PDD Holdings Inc.,,,,,,,,missing_gics
2023-05-31,PEP,PepsiCo,Consumer Staples,"Food, Beverage & Tobacco",Beverages,Soft Drinks & Non-alcoholic Beverages,1156097513.0,2023-05-21T05:34:43Z,https://en.wikipedia.org/w/index.php?oldid=1156097513,matched_gics
2023-05-31,PYPL,PayPal,Financials,Financial Services,Financial Services,Transaction & Payment Processing Services,1156097513.0,2023-05-21T05:34:43Z,https://en.wikipedia.org/w/index.php?oldid=1156097513,matched_gics
2023-05-31,QCOM,Qualcomm,Information Technology,Semiconductors & Semiconductor Equipment,Semiconductors & Semiconductor Equipment,Semiconductors,1156097513.0,2023-05-21T05:34:43Z,https://en.wikipedia.org/w/index.php?oldid=1156097513,matched_gics
2023-05-31,REGN,Regeneron,Health Care,"Pharmaceuticals, Biotechnology & Life Sciences",Biotechnology,Biotechnology,1156097513.0,2023-05-21T05:34:43Z,https://en.wikipedia.org/w/index.php?oldid=1156097513,matched_gics
2023-05-31,ROP,Roper Technologies,Information Technology,Technology Hardware & Equipment,"Electronic Equipment, Instruments & Components",Electronic Equipment & Instruments,1156097513.0,2023-05-21T05:34:43Z,https://en.wikipedia.org/w/index.php?oldid=1156097513,matched_gics
2023-05-31,ROST,Ross Stores,Consumer Discretionary,Consumer Discretionary Distribution & Retail,Specialty Retail,Apparel Retail,1156097513.0,2023-05-21T05:34:43Z,https://en.wikipedia.org/w/index.php?oldid=1156097513,matched_gics
2023-05-31,SBUX,Starbucks,Consumer Discretionary,Consumer Services,"Hotels, Restaurants & Leisure",Restaurants,1156097513.0,2023-05-21T05:34:43Z,https://en.wikipedia.org/w/index.php?oldid=1156097513,matched_gics
2023-05-31,SIRI,SIRIUS XM HOLDINGS INC.,,,,,,,,missing_gics
2023-05-31,SNPS,Synopsys,Information Technology,Software & Services,Software,Application Software,1156097513.0,2023-05-21T05:34:43Z,https://en.wikipedia.org/w/index.php?oldid=1156097513,matched_gics
2023-05-31,SPLK,Splunk Inc.,,,,,,,,missing_gics
2023-05-31,TEAM,Atlassian Corp,,,,,,,,missing_gics
2023-05-31,TMUS,T-Mobile US,Communication Services,Telecommunication Services,Wireless Telecommunication Services,Wireless Telecommunication Services,1156097513.0,2023-05-21T05:34:43Z,https://en.wikipedia.org/w/index.php?oldid=1156097513,matched_gics
2023-05-31,TSLA,"Tesla, Inc.",Consumer Discretionary,Automobiles & Components,Automobiles,Automobile Manufacturers,1156097513.0,2023-05-21T05:34:43Z,https://en.wikipedia.org/w/index.php?oldid=1156097513,matched_gics
2023-05-31,TTD,"Trade Desk, Inc.",,,,,,,,missing_gics
2023-05-31,TTWO,Take-Two Interactive,Communication Services,Media & Entertainment,Entertainment,Interactive Home Entertainment,1156097513.0,2023-05-21T05:34:43Z,https://en.wikipedia.org/w/index.php?oldid=1156097513,matched_gics
2023-05-31,TXN,Texas Instruments,Information Technology,Semiconductors & Semiconductor Equipment,Semiconductors & Semiconductor Equipment,Semiconductors,1156097513.0,2023-05-21T05:34:43Z,https://en.wikipedia.org/w/index.php?oldid=1156097513,matched_gics
2023-05-31,VRSK,Verisk,Industrials,Commercial & Professional Services,Professional Services,Research & Consulting Services,1156097513.0,2023-05-21T05:34:43Z,https://en.wikipedia.org/w/index.php?oldid=1156097513,matched_gics
2023-05-31,VRTX,Vertex Pharmaceuticals,Health Care,"Pharmaceuticals, Biotechnology & Life Sciences",Biotechnology,Biotechnology,1156097513.0,2023-05-21T05:34:43Z,https://en.wikipedia.org/w/index.php?oldid=1156097513,matched_gics
2023-05-31,WBA,Walgreens Boots Alliance,Consumer Staples,Consumer Staples Distribution & Retail,Consumer Staples Distribution & Retail,Drug Retail,1156097513.0,2023-05-21T05:34:43Z,https://en.wikipedia.org/w/index.php?oldid=1156097513,matched_gics
2023-05-31,WBD,Warner Bros. Discovery,Communication Services,Media & Entertainment,Media,Broadcasting,1156097513.0,2023-05-21T05:34:43Z,https://en.wikipedia.org/w/index.php?oldid=1156097513,matched_gics
2023-05-31,WDAY,"Workday, Inc.",,,,,,,,missing_gics
2023-05-31,XEL,Xcel Energy,Utilities,Utilities,Multi-Utilities,Multi-Utilities,1156097513.0,2023-05-21T05:34:43Z,https://en.wikipedia.org/w/index.php?oldid=1156097513,matched_gics
2023-05-31,ZS,"Zscaler, Inc.",,,,,,,,missing_gics
2023-06-30,AAPL,Apple Inc.,Information Technology,Technology Hardware & Equipment,"Technology Hardware, Storage & Peripherals","Technology Hardware, Storage & Peripherals",1160956732.0,2023-06-19T19:04:15Z,https://en.wikipedia.org/w/index.php?oldid=1160956732,matched_gics
2023-06-30,ABNB,"Airbnb, Inc.",,,,,,,,missing_gics
2023-06-30,ADBE,Adobe Inc.,Information Technology,Software & Services,Software,Application Software,1160956732.0,2023-06-19T19:04:15Z,https://en.wikipedia.org/w/index.php?oldid=1160956732,matched_gics
2023-06-30,ADI,Analog Devices,Information Technology,Semiconductors & Semiconductor Equipment,Semiconductors & Semiconductor Equipment,Semiconductors,1160956732.0,2023-06-19T19:04:15Z,https://en.wikipedia.org/w/index.php?oldid=1160956732,matched_gics
2023-06-30,ADP,ADP,Industrials,Commercial & Professional Services,Professional Services,Human Resource & Employment Services,1160956732.0,2023-06-19T19:04:15Z,https://en.wikipedia.org/w/index.php?oldid=1160956732,matched_gics
2023-06-30,ADSK,Autodesk,Information Technology,Software & Services,Software,Application Software,1160956732.0,2023-06-19T19:04:15Z,https://en.wikipedia.org/w/index.php?oldid=1160956732,matched_gics
2023-06-30,AEP,American Electric Power,Utilities,Utilities,Electric Utilities,Electric Utilities,1160956732.0,2023-06-19T19:04:15Z,https://en.wikipedia.org/w/index.php?oldid=1160956732,matched_gics
2023-06-30,AMAT,Applied Materials,Information Technology,Semiconductors & Semiconductor Equipment,Semiconductors & Semiconductor Equipment,Semiconductor Materials & Equipment,1160956732.0,2023-06-19T19:04:15Z,https://en.wikipedia.org/w/index.php?oldid=1160956732,matched_gics
2023-06-30,AMD,AMD,Information Technology,Semiconductors & Semiconductor Equipment,Semiconductors & Semiconductor Equipment,Semiconductors,1160956732.0,2023-06-19T19:04:15Z,https://en.wikipedia.org/w/index.php?oldid=1160956732,matched_gics
2023-06-30,AMGN,Amgen,Health Care,"Pharmaceuticals, Biotechnology & Life Sciences",Biotechnology,Biotechnology,1160956732.0,2023-06-19T19:04:15Z,https://en.wikipedia.org/w/index.php?oldid=1160956732,matched_gics
2023-06-30,AMZN,Amazon,Consumer Discretionary,Retailing,Internet & Direct Marketing Retail,Internet & Direct Marketing Retail,1160956732.0,2023-06-19T19:04:15Z,https://en.wikipedia.org/w/index.php?oldid=1160956732,matched_gics
2023-06-30,ANSS,Ansys,Information Technology,Software & Services,Software,Application Software,1160956732.0,2023-06-19T19:04:15Z,https://en.wikipedia.org/w/index.php?oldid=1160956732,matched_gics
2023-06-30,ASML,ASML HOLDING NV,,,,,,,,missing_gics
2023-06-30,AVGO,Broadcom Inc.,Information Technology,Semiconductors & Semiconductor Equipment,Semiconductors & Semiconductor Equipment,Semiconductors,1160956732.0,2023-06-19T19:04:15Z,https://en.wikipedia.org/w/index.php?oldid=1160956732,matched_gics
2023-06-30,AZN,ASTRAZENECA PLC,,,,,,,,missing_gics
2023-06-30,BIIB,Biogen,Health Care,"Pharmaceuticals, Biotechnology & Life Sciences",Biotechnology,Biotechnology,1160956732.0,2023-06-19T19:04:15Z,https://en.wikipedia.org/w/index.php?oldid=1160956732,matched_gics
2023-06-30,BKNG,Booking Holdings,Consumer Discretionary,Retailing,Internet & Direct Marketing Retail,Internet & Direct Marketing Retail,1160956732.0,2023-06-19T19:04:15Z,https://en.wikipedia.org/w/index.php?oldid=1160956732,matched_gics
2023-06-30,BKR,Baker Hughes,Energy,Energy,Energy Equipment & Services,Oil & Gas Equipment & Services,1160956732.0,2023-06-19T19:04:15Z,https://en.wikipedia.org/w/index.php?oldid=1160956732,matched_gics
2023-06-30,CCEP,COCA-COLA EUROPACIFIC PARTNERS plc,,,,,,,,missing_gics
2023-06-30,CDNS,Cadence Design Systems,Information Technology,Software & Services,Software,Application Software,1160956732.0,2023-06-19T19:04:15Z,https://en.wikipedia.org/w/index.php?oldid=1160956732,matched_gics
2023-06-30,CDW,CDW,Information Technology,Technology Hardware & Equipment,"Electronic Equipment, Instruments & Components",Technology Distributors,1160956732.0,2023-06-19T19:04:15Z,https://en.wikipedia.org/w/index.php?oldid=1160956732,matched_gics
2023-06-30,CEG,Constellation Energy,Utilities,Utilities,Multi-Utilities,Multi-Utilities,1160956732.0,2023-06-19T19:04:15Z,https://en.wikipedia.org/w/index.php?oldid=1160956732,matched_gics
2023-06-30,CHTR,Charter Communications,Communication Services,Media,Media,Cable & Satellite,1160956732.0,2023-06-19T19:04:15Z,https://en.wikipedia.org/w/index.php?oldid=1160956732,matched_gics
2023-06-30,CMCSA,Comcast,Communication Services,Media,Media,Cable & Satellite,1160956732.0,2023-06-19T19:04:15Z,https://en.wikipedia.org/w/index.php?oldid=1160956732,matched_gics
2023-06-30,COST,Costco,Consumer Staples,Consumer Staples Distribution & Retail,Consumer Staples Distribution & Retail,Consumer Staples Merchandise Retail,1160956732.0,2023-06-19T19:04:15Z,https://en.wikipedia.org/w/index.php?oldid=1160956732,matched_gics
2023-06-30,CPRT,Copart,Industrials,Commercial & Professional Services,Commercial Services & Supplies,Diversified Support Services,1160956732.0,2023-06-19T19:04:15Z,https://en.wikipedia.org/w/index.php?oldid=1160956732,matched_gics
2023-06-30,CRWD,"CrowdStrike Holdings, Inc.",,,,,,,,missing_gics
2023-06-30,CSCO,Cisco,Information Technology,Technology Hardware & Equipment,Communications Equipment,Communications Equipment,1160956732.0,2023-06-19T19:04:15Z,https://en.wikipedia.org/w/index.php?oldid=1160956732,matched_gics
2023-06-30,CSGP,CoStar Group,Industrials,Commercial & Professional Services,Professional Services,Research & Consulting Services,1160956732.0,2023-06-19T19:04:15Z,https://en.wikipedia.org/w/index.php?oldid=1160956732,matched_gics
2023-06-30,CSX,CSX,Industrials,Transportation,Ground Transportation,Rail Transportation,1160956732.0,2023-06-19T19:04:15Z,https://en.wikipedia.org/w/index.php?oldid=1160956732,matched_gics
2023-06-30,CTAS,Cintas,Industrials,Commercial & Professional Services,Commercial Services & Supplies,Diversified Support Services,1160956732.0,2023-06-19T19:04:15Z,https://en.wikipedia.org/w/index.php?oldid=1160956732,matched_gics
2023-06-30,CTSH,Cognizant,Information Technology,Software & Services,IT Services,IT Consulting & Other Services,1160956732.0,2023-06-19T19:04:15Z,https://en.wikipedia.org/w/index.php?oldid=1160956732,matched_gics
2023-06-30,DASH,"DoorDash, Inc.",,,,,,,,missing_gics
2023-06-30,DDOG,"Datadog, Inc.",,,,,,,,missing_gics
2023-06-30,DLTR,Dollar Tree,Consumer Staples,Consumer Staples Distribution & Retail,Consumer Staples Distribution & Retail,Consumer Staples Merchandise Retail,1160956732.0,2023-06-19T19:04:15Z,https://en.wikipedia.org/w/index.php?oldid=1160956732,matched_gics
2023-06-30,DXCM,Dexcom,Health Care,Health Care Equipment & Services,Health Care Equipment & Supplies,Health Care Equipment,1160956732.0,2023-06-19T19:04:15Z,https://en.wikipedia.org/w/index.php?oldid=1160956732,matched_gics
2023-06-30,EA,Electronic Arts,Communication Services,Media & Entertainment,Entertainment,Interactive Home Entertainment,1160956732.0,2023-06-19T19:04:15Z,https://en.wikipedia.org/w/index.php?oldid=1160956732,matched_gics
2023-06-30,EXC,Exelon,Utilities,Utilities,Multi-Utilities,Multi-Utilities,1160956732.0,2023-06-19T19:04:15Z,https://en.wikipedia.org/w/index.php?oldid=1160956732,matched_gics
2023-06-30,FANG,Diamondback Energy,Energy,Energy,"Oil, Gas & Consumable Fuels",Oil & Gas Exploration & Production,1160956732.0,2023-06-19T19:04:15Z,https://en.wikipedia.org/w/index.php?oldid=1160956732,matched_gics
2023-06-30,FAST,Fastenal,Industrials,Capital Goods,Building Products,Building Products,1160956732.0,2023-06-19T19:04:15Z,https://en.wikipedia.org/w/index.php?oldid=1160956732,matched_gics
2023-06-30,FTNT,Fortinet,Information Technology,Software & Services,Software,Systems Software,1160956732.0,2023-06-19T19:04:15Z,https://en.wikipedia.org/w/index.php?oldid=1160956732,matched_gics
2023-06-30,GEHC,GE HealthCare,Health Care,Health Care Equipment & Services,Health Care Technology,Health Care Technology,1160956732.0,2023-06-19T19:04:15Z,https://en.wikipedia.org/w/index.php?oldid=1160956732,matched_gics
2023-06-30,GFS,GLOBALFOUNDRIES Inc.,,,,,,,,missing_gics
2023-06-30,GILD,Gilead Sciences,Health Care,"Pharmaceuticals, Biotechnology & Life Sciences",Biotechnology,Biotechnology,1160956732.0,2023-06-19T19:04:15Z,https://en.wikipedia.org/w/index.php?oldid=1160956732,matched_gics
2023-06-30,GOOG,Alphabet Inc. (Class C),Communication Services,Media & Entertainment,Interactive Media & Services,Interactive Media & Services,1160956732.0,2023-06-19T19:04:15Z,https://en.wikipedia.org/w/index.php?oldid=1160956732,matched_gics
2023-06-30,GOOGL,Alphabet Inc. (Class A),Communication Services,Media & Entertainment,Interactive Media & Services,Interactive Media & Services,1160956732.0,2023-06-19T19:04:15Z,https://en.wikipedia.org/w/index.php?oldid=1160956732,matched_gics
2023-06-30,HON,Honeywell,Industrials,Capital Goods,Industrial Conglomerates,Industrial Conglomerates,1160956732.0,2023-06-19T19:04:15Z,https://en.wikipedia.org/w/index.php?oldid=1160956732,matched_gics
2023-06-30,IDXX,Idexx Laboratories,Health Care,Health Care Equipment & Services,Health Care Equipment & Supplies,Health Care Equipment,1160956732.0,2023-06-19T19:04:15Z,https://en.wikipedia.org/w/index.php?oldid=1160956732,matched_gics
2023-06-30,ILMN,Illumina,Health Care,"Pharmaceuticals, Biotechnology & Life Sciences",Life Sciences Tools & Services,Life Sciences Tools & Services,1160956732.0,2023-06-19T19:04:15Z,https://en.wikipedia.org/w/index.php?oldid=1160956732,matched_gics
2023-06-30,INTC,Intel,Information Technology,Semiconductors & Semiconductor Equipment,Semiconductors & Semiconductor Equipment,Semiconductors,1160956732.0,2023-06-19T19:04:15Z,https://en.wikipedia.org/w/index.php?oldid=1160956732,matched_gics
2023-06-30,INTU,Intuit,Information Technology,Software & Services,Software,Application Software,1160956732.0,2023-06-19T19:04:15Z,https://en.wikipedia.org/w/index.php?oldid=1160956732,matched_gics
2023-06-30,ISRG,Intuitive Surgical,Health Care,Health Care Equipment & Services,Health Care Equipment & Supplies,Health Care Equipment,1160956732.0,2023-06-19T19:04:15Z,https://en.wikipedia.org/w/index.php?oldid=1160956732,matched_gics
2023-06-30,KDP,Keurig Dr Pepper,Consumer Staples,"Food, Beverage & Tobacco",Beverages,Soft Drinks & Non-alcoholic Beverages,1160956732.0,2023-06-19T19:04:15Z,https://en.wikipedia.org/w/index.php?oldid=1160956732,matched_gics
2023-06-30,KHC,Kraft Heinz,Consumer Staples,"Food, Beverage & Tobacco",Food Products,Packaged Foods & Meats,1160956732.0,2023-06-19T19:04:15Z,https://en.wikipedia.org/w/index.php?oldid=1160956732,matched_gics
2023-06-30,KLAC,KLA Corporation,Information Technology,Semiconductors & Semiconductor Equipment,Semiconductors & Semiconductor Equipment,Semiconductor Materials & Equipment,1160956732.0,2023-06-19T19:04:15Z,https://en.wikipedia.org/w/index.php?oldid=1160956732,matched_gics
2023-06-30,LRCX,Lam Research,Information Technology,Semiconductors & Semiconductor Equipment,Semiconductors & Semiconductor Equipment,Semiconductor Materials & Equipment,1160956732.0,2023-06-19T19:04:15Z,https://en.wikipedia.org/w/index.php?oldid=1160956732,matched_gics
2023-06-30,LULU,lululemon athletica inc.,,,,,,,,missing_gics
2023-06-30,MAR,Marriott International,Consumer Discretionary,Consumer Services,"Hotels, Restaurants & Leisure","Hotels, Resorts & Cruise Lines",1160956732.0,2023-06-19T19:04:15Z,https://en.wikipedia.org/w/index.php?oldid=1160956732,matched_gics
2023-06-30,MCHP,Microchip Technology,Information Technology,Semiconductors & Semiconductor Equipment,Semiconductors & Semiconductor Equipment,Semiconductors,1160956732.0,2023-06-19T19:04:15Z,https://en.wikipedia.org/w/index.php?oldid=1160956732,matched_gics
2023-06-30,MDB,"MongoDB, Inc.",,,,,,,,missing_gics
2023-06-30,MDLZ,Mondelez International,Consumer Staples,"Food, Beverage & Tobacco",Food Products,Packaged Foods & Meats,1160956732.0,2023-06-19T19:04:15Z,https://en.wikipedia.org/w/index.php?oldid=1160956732,matched_gics
2023-06-30,MELI,MERCADOLIBRE INC,,,,,,,,missing_gics
2023-06-30,META,Meta Platforms,Communication Services,Media & Entertainment,Interactive Media & Services,Interactive Media & Services,1160956732.0,2023-06-19T19:04:15Z,https://en.wikipedia.org/w/index.php?oldid=1160956732,matched_gics
2023-06-30,MNST,Monster Beverage,Consumer Staples,"Food, Beverage & Tobacco",Beverages,Soft Drinks & Non-alcoholic Beverages,1160956732.0,2023-06-19T19:04:15Z,https://en.wikipedia.org/w/index.php?oldid=1160956732,matched_gics
2023-06-30,MRNA,Moderna,Health Care,"Pharmaceuticals, Biotechnology & Life Sciences",Biotechnology,Biotechnology,1160956732.0,2023-06-19T19:04:15Z,https://en.wikipedia.org/w/index.php?oldid=1160956732,matched_gics
2023-06-30,MRVL,"Marvell Technology, Inc.",,,,,,,,missing_gics
2023-06-30,MSFT,Microsoft,Information Technology,Software & Services,Software,Systems Software,1160956732.0,2023-06-19T19:04:15Z,https://en.wikipedia.org/w/index.php?oldid=1160956732,matched_gics
2023-06-30,MU,Micron Technology,Information Technology,Semiconductors & Semiconductor Equipment,Semiconductors & Semiconductor Equipment,Semiconductors,1160956732.0,2023-06-19T19:04:15Z,https://en.wikipedia.org/w/index.php?oldid=1160956732,matched_gics
2023-06-30,NFLX,Netflix,Communication Services,Media & Entertainment,Entertainment,Movies & Entertainment,1160956732.0,2023-06-19T19:04:15Z,https://en.wikipedia.org/w/index.php?oldid=1160956732,matched_gics
2023-06-30,NVDA,Nvidia,Information Technology,Semiconductors & Semiconductor Equipment,Semiconductors & Semiconductor Equipment,Semiconductors,1160956732.0,2023-06-19T19:04:15Z,https://en.wikipedia.org/w/index.php?oldid=1160956732,matched_gics
2023-06-30,NXPI,NXP Semiconductors,Information Technology,Semiconductors & Semiconductor Equipment,Semiconductors & Semiconductor Equipment,Semiconductors,1160956732.0,2023-06-19T19:04:15Z,https://en.wikipedia.org/w/index.php?oldid=1160956732,matched_gics
2023-06-30,ODFL,Old Dominion,Industrials,Transportation,Ground Transportation,Cargo Ground Transportation,1160956732.0,2023-06-19T19:04:15Z,https://en.wikipedia.org/w/index.php?oldid=1160956732,matched_gics
2023-06-30,ON,ON Semiconductor,Information Technology,Semiconductors & Semiconductor Equipment,Semiconductors & Semiconductor Equipment,Semiconductors,1160956732.0,2023-06-19T19:04:15Z,https://en.wikipedia.org/w/index.php?oldid=1160956732,matched_gics
2023-06-30,ORLY,O'Reilly Auto Parts,Consumer Discretionary,Retailing,Specialty Retail,Specialty Stores,1160956732.0,2023-06-19T19:04:15Z,https://en.wikipedia.org/w/index.php?oldid=1160956732,matched_gics
2023-06-30,PANW,Palo Alto Networks,Information Technology,Software & Services,Software,Application Software,1160956732.0,2023-06-19T19:04:15Z,https://en.wikipedia.org/w/index.php?oldid=1160956732,matched_gics
2023-06-30,PAYX,Paychex,Industrials,Commercial & Professional Services,Professional Services,Human Resource & Employment Services,1160956732.0,2023-06-19T19:04:15Z,https://en.wikipedia.org/w/index.php?oldid=1160956732,matched_gics
2023-06-30,PCAR,Paccar,Industrials,Capital Goods,Machinery,Construction Machinery & Heavy Transportation Equipment,1160956732.0,2023-06-19T19:04:15Z,https://en.wikipedia.org/w/index.php?oldid=1160956732,matched_gics
2023-06-30,PDD,PDD Holdings Inc.,,,,,,,,missing_gics
2023-06-30,PEP,PepsiCo,Consumer Staples,"Food, Beverage & Tobacco",Beverages,Soft Drinks & Non-alcoholic Beverages,1160956732.0,2023-06-19T19:04:15Z,https://en.wikipedia.org/w/index.php?oldid=1160956732,matched_gics
2023-06-30,PYPL,PayPal,Financials,Financial Services,Financial Services,Transaction & Payment Processing Services,1160956732.0,2023-06-19T19:04:15Z,https://en.wikipedia.org/w/index.php?oldid=1160956732,matched_gics
2023-06-30,QCOM,Qualcomm,Information Technology,Semiconductors & Semiconductor Equipment,Semiconductors & Semiconductor Equipment,Semiconductors,1160956732.0,2023-06-19T19:04:15Z,https://en.wikipedia.org/w/index.php?oldid=1160956732,matched_gics
2023-06-30,REGN,Regeneron,Health Care,"Pharmaceuticals, Biotechnology & Life Sciences",Biotechnology,Biotechnology,1160956732.0,2023-06-19T19:04:15Z,https://en.wikipedia.org/w/index.php?oldid=1160956732,matched_gics
2023-06-30,ROP,Roper Technologies,Information Technology,Technology Hardware & Equipment,"Electronic Equipment, Instruments & Components",Electronic Equipment & Instruments,1160956732.0,2023-06-19T19:04:15Z,https://en.wikipedia.org/w/index.php?oldid=1160956732,matched_gics
2023-06-30,ROST,Ross Stores,Consumer Discretionary,Consumer Discretionary Distribution & Retail,Specialty Retail,Apparel Retail,1160956732.0,2023-06-19T19:04:15Z,https://en.wikipedia.org/w/index.php?oldid=1160956732,matched_gics
2023-06-30,SBUX,Starbucks,Consumer Discretionary,Consumer Services,"Hotels, Restaurants & Leisure",Restaurants,1160956732.0,2023-06-19T19:04:15Z,https://en.wikipedia.org/w/index.php?oldid=1160956732,matched_gics
2023-06-30,SIRI,SIRIUS XM HOLDINGS INC.,,,,,,,,missing_gics
2023-06-30,SNPS,Synopsys,Information Technology,Software & Services,Software,Application Software,1160956732.0,2023-06-19T19:04:15Z,https://en.wikipedia.org/w/index.php?oldid=1160956732,matched_gics
2023-06-30,SPLK,Splunk Inc.,,,,,,,,missing_gics
2023-06-30,TEAM,Atlassian Corp,,,,,,,,missing_gics
2023-06-30,TMUS,T-Mobile US,Communication Services,Telecommunication Services,Wireless Telecommunication Services,Wireless Telecommunication Services,1160956732.0,2023-06-19T19:04:15Z,https://en.wikipedia.org/w/index.php?oldid=1160956732,matched_gics
2023-06-30,TSLA,"Tesla, Inc.",Consumer Discretionary,Automobiles & Components,Automobiles,Automobile Manufacturers,1160956732.0,2023-06-19T19:04:15Z,https://en.wikipedia.org/w/index.php?oldid=1160956732,matched_gics
2023-06-30,TTD,"Trade Desk, Inc.",,,,,,,,missing_gics
2023-06-30,TTWO,Take-Two Interactive,Communication Services,Media & Entertainment,Entertainment,Interactive Home Entertainment,1160956732.0,2023-06-19T19:04:15Z,https://en.wikipedia.org/w/index.php?oldid=1160956732,matched_gics
2023-06-30,TXN,Texas Instruments,Information Technology,Semiconductors & Semiconductor Equipment,Semiconductors & Semiconductor Equipment,Semiconductors,1160956732.0,2023-06-19T19:04:15Z,https://en.wikipedia.org/w/index.php?oldid=1160956732,matched_gics
2023-06-30,VRSK,Verisk,Industrials,Commercial & Professional Services,Professional Services,Research & Consulting Services,1160956732.0,2023-06-19T19:04:15Z,https://en.wikipedia.org/w/index.php?oldid=1160956732,matched_gics
2023-06-30,VRTX,Vertex Pharmaceuticals,Health Care,"Pharmaceuticals, Biotechnology & Life Sciences",Biotechnology,Biotechnology,1160956732.0,2023-06-19T19:04:15Z,https://en.wikipedia.org/w/index.php?oldid=1160956732,matched_gics
2023-06-30,WBA,Walgreens Boots Alliance,Consumer Staples,Consumer Staples Distribution & Retail,Consumer Staples Distribution & Retail,Drug Retail,1160956732.0,2023-06-19T19:04:15Z,https://en.wikipedia.org/w/index.php?oldid=1160956732,matched_gics
2023-06-30,WBD,Warner Bros. Discovery,Communication Services,Media & Entertainment,Media,Broadcasting,1160956732.0,2023-06-19T19:04:15Z,https://en.wikipedia.org/w/index.php?oldid=1160956732,matched_gics
2023-06-30,WDAY,"Workday, Inc.",,,,,,,,missing_gics
2023-06-30,XEL,Xcel Energy,Utilities,Utilities,Multi-Utilities,Multi-Utilities,1160956732.0,2023-06-19T19:04:15Z,https://en.wikipedia.org/w/index.php?oldid=1160956732,matched_gics
2023-06-30,ZS,"Zscaler, Inc.",,,,,,,,missing_gics
2023-07-31,AAPL,Apple Inc.,Information Technology,Technology Hardware & Equipment,"Technology Hardware, Storage & Peripherals","Technology Hardware, Storage & Peripherals",1168074456.0,2023-07-31T16:46:13Z,https://en.wikipedia.org/w/index.php?oldid=1168074456,matched_gics
2023-07-31,ABNB,"Airbnb, Inc.",,,,,,,,missing_gics
2023-07-31,ADBE,Adobe Inc.,Information Technology,Software & Services,Software,Application Software,1168074456.0,2023-07-31T16:46:13Z,https://en.wikipedia.org/w/index.php?oldid=1168074456,matched_gics
2023-07-31,ADI,Analog Devices,Information Technology,Semiconductors & Semiconductor Equipment,Semiconductors & Semiconductor Equipment,Semiconductors,1168074456.0,2023-07-31T16:46:13Z,https://en.wikipedia.org/w/index.php?oldid=1168074456,matched_gics
2023-07-31,ADP,ADP,Industrials,Commercial & Professional Services,Professional Services,Human Resource & Employment Services,1168074456.0,2023-07-31T16:46:13Z,https://en.wikipedia.org/w/index.php?oldid=1168074456,matched_gics
2023-07-31,ADSK,Autodesk,Information Technology,Software & Services,Software,Application Software,1168074456.0,2023-07-31T16:46:13Z,https://en.wikipedia.org/w/index.php?oldid=1168074456,matched_gics
2023-07-31,AEP,American Electric Power,Utilities,Utilities,Electric Utilities,Electric Utilities,1168074456.0,2023-07-31T16:46:13Z,https://en.wikipedia.org/w/index.php?oldid=1168074456,matched_gics
2023-07-31,AMAT,Applied Materials,Information Technology,Semiconductors & Semiconductor Equipment,Semiconductors & Semiconductor Equipment,Semiconductor Materials & Equipment,1168074456.0,2023-07-31T16:46:13Z,https://en.wikipedia.org/w/index.php?oldid=1168074456,matched_gics
2023-07-31,AMD,AMD,Information Technology,Semiconductors & Semiconductor Equipment,Semiconductors & Semiconductor Equipment,Semiconductors,1168074456.0,2023-07-31T16:46:13Z,https://en.wikipedia.org/w/index.php?oldid=1168074456,matched_gics
2023-07-31,AMGN,Amgen,Health Care,"Pharmaceuticals, Biotechnology & Life Sciences",Biotechnology,Biotechnology,1168074456.0,2023-07-31T16:46:13Z,https://en.wikipedia.org/w/index.php?oldid=1168074456,matched_gics
2023-07-31,AMZN,Amazon,Consumer Discretionary,Consumer Discretionary Distribution & Retail,Broadline Retail,Broadline Retail,1168074456.0,2023-07-31T16:46:13Z,https://en.wikipedia.org/w/index.php?oldid=1168074456,matched_gics
2023-07-31,ANSS,Ansys,Information Technology,Software & Services,Software,Application Software,1168074456.0,2023-07-31T16:46:13Z,https://en.wikipedia.org/w/index.php?oldid=1168074456,matched_gics
2023-07-31,ASML,ASML HOLDING NV,,,,,,,,missing_gics
2023-07-31,AVGO,Broadcom Inc.,Information Technology,Semiconductors & Semiconductor Equipment,Semiconductors & Semiconductor Equipment,Semiconductors,1168074456.0,2023-07-31T16:46:13Z,https://en.wikipedia.org/w/index.php?oldid=1168074456,matched_gics
2023-07-31,AZN,ASTRAZENECA PLC,,,,,,,,missing_gics
2023-07-31,BIIB,Biogen,Health Care,"Pharmaceuticals, Biotechnology & Life Sciences",Biotechnology,Biotechnology,1168074456.0,2023-07-31T16:46:13Z,https://en.wikipedia.org/w/index.php?oldid=1168074456,matched_gics
2023-07-31,BKNG,Booking Holdings,Consumer Discretionary,Consumer Services,"Hotels, Restaurants & Leisure","Hotels, Restaurants & Leisure",1168074456.0,2023-07-31T16:46:13Z,https://en.wikipedia.org/w/index.php?oldid=1168074456,matched_gics
2023-07-31,BKR,Baker Hughes,Energy,Energy,Energy Equipment & Services,Oil & Gas Equipment & Services,1168074456.0,2023-07-31T16:46:13Z,https://en.wikipedia.org/w/index.php?oldid=1168074456,matched_gics
2023-07-31,CCEP,COCA-COLA EUROPACIFIC PARTNERS plc,,,,,,,,missing_gics
2023-07-31,CDNS,Cadence Design Systems,Information Technology,Software & Services,Software,Application Software,1168074456.0,2023-07-31T16:46:13Z,https://en.wikipedia.org/w/index.php?oldid=1168074456,matched_gics
2023-07-31,CDW,CDW,Information Technology,Technology Hardware & Equipment,"Electronic Equipment, Instruments & Components",Technology Distributors,1168074456.0,2023-07-31T16:46:13Z,https://en.wikipedia.org/w/index.php?oldid=1168074456,matched_gics
2023-07-31,CEG,Constellation Energy,Utilities,Utilities,Multi-Utilities,Multi-Utilities,1168074456.0,2023-07-31T16:46:13Z,https://en.wikipedia.org/w/index.php?oldid=1168074456,matched_gics
2023-07-31,CHTR,Charter Communications,Communication Services,Media,Media,Cable & Satellite,1168074456.0,2023-07-31T16:46:13Z,https://en.wikipedia.org/w/index.php?oldid=1168074456,matched_gics
2023-07-31,CMCSA,Comcast,Communication Services,Media,Media,Cable & Satellite,1168074456.0,2023-07-31T16:46:13Z,https://en.wikipedia.org/w/index.php?oldid=1168074456,matched_gics
2023-07-31,COST,Costco,Consumer Staples,Consumer Staples Distribution & Retail,Consumer Staples Distribution & Retail,Consumer Staples Merchandise Retail,1168074456.0,2023-07-31T16:46:13Z,https://en.wikipedia.org/w/index.php?oldid=1168074456,matched_gics
2023-07-31,CPRT,Copart,Industrials,Commercial & Professional Services,Commercial Services & Supplies,Diversified Support Services,1168074456.0,2023-07-31T16:46:13Z,https://en.wikipedia.org/w/index.php?oldid=1168074456,matched_gics
2023-07-31,CRWD,"CrowdStrike Holdings, Inc.",,,,,,,,missing_gics
2023-07-31,CSCO,Cisco,Information Technology,Technology Hardware & Equipment,Communications Equipment,Communications Equipment,1168074456.0,2023-07-31T16:46:13Z,https://en.wikipedia.org/w/index.php?oldid=1168074456,matched_gics
2023-07-31,CSGP,CoStar Group,Industrials,Commercial & Professional Services,Professional Services,Research & Consulting Services,1168074456.0,2023-07-31T16:46:13Z,https://en.wikipedia.org/w/index.php?oldid=1168074456,matched_gics
2023-07-31,CSX,CSX,Industrials,Transportation,Ground Transportation,Rail Transportation,1168074456.0,2023-07-31T16:46:13Z,https://en.wikipedia.org/w/index.php?oldid=1168074456,matched_gics
2023-07-31,CTAS,Cintas,Industrials,Commercial & Professional Services,Commercial Services & Supplies,Diversified Support Services,1168074456.0,2023-07-31T16:46:13Z,https://en.wikipedia.org/w/index.php?oldid=1168074456,matched_gics
2023-07-31,CTSH,Cognizant,Information Technology,Software & Services,IT Services,IT Consulting & Other Services,1168074456.0,2023-07-31T16:46:13Z,https://en.wikipedia.org/w/index.php?oldid=1168074456,matched_gics
2023-07-31,DASH,"DoorDash, Inc.",,,,,,,,missing_gics
2023-07-31,DDOG,"Datadog, Inc.",,,,,,,,missing_gics
2023-07-31,DLTR,Dollar Tree,Consumer Staples,Consumer Staples Distribution & Retail,Consumer Staples Distribution & Retail,Consumer Staples Merchandise Retail,1168074456.0,2023-07-31T16:46:13Z,https://en.wikipedia.org/w/index.php?oldid=1168074456,matched_gics
2023-07-31,DXCM,Dexcom,Health Care,Health Care Equipment & Services,Health Care Equipment & Supplies,Health Care Equipment,1168074456.0,2023-07-31T16:46:13Z,https://en.wikipedia.org/w/index.php?oldid=1168074456,matched_gics
2023-07-31,EA,Electronic Arts,Communication Services,Media & Entertainment,Entertainment,Interactive Home Entertainment,1168074456.0,2023-07-31T16:46:13Z,https://en.wikipedia.org/w/index.php?oldid=1168074456,matched_gics
2023-07-31,EXC,Exelon,Utilities,Utilities,Multi-Utilities,Multi-Utilities,1168074456.0,2023-07-31T16:46:13Z,https://en.wikipedia.org/w/index.php?oldid=1168074456,matched_gics
2023-07-31,FANG,Diamondback Energy,Energy,Energy,"Oil, Gas & Consumable Fuels",Oil & Gas Exploration & Production,1168074456.0,2023-07-31T16:46:13Z,https://en.wikipedia.org/w/index.php?oldid=1168074456,matched_gics
2023-07-31,FAST,Fastenal,Industrials,Capital Goods,Building Products,Building Products,1168074456.0,2023-07-31T16:46:13Z,https://en.wikipedia.org/w/index.php?oldid=1168074456,matched_gics
2023-07-31,FTNT,Fortinet,Information Technology,Software & Services,Software,Systems Software,1168074456.0,2023-07-31T16:46:13Z,https://en.wikipedia.org/w/index.php?oldid=1168074456,matched_gics
2023-07-31,GEHC,GE HealthCare,Health Care,Health Care Equipment & Services,Health Care Technology,Health Care Technology,1168074456.0,2023-07-31T16:46:13Z,https://en.wikipedia.org/w/index.php?oldid=1168074456,matched_gics
2023-07-31,GFS,GLOBALFOUNDRIES Inc.,,,,,,,,missing_gics
2023-07-31,GILD,Gilead Sciences,Health Care,"Pharmaceuticals, Biotechnology & Life Sciences",Biotechnology,Biotechnology,1168074456.0,2023-07-31T16:46:13Z,https://en.wikipedia.org/w/index.php?oldid=1168074456,matched_gics
2023-07-31,GOOG,Alphabet Inc. (Class C),Communication Services,Media & Entertainment,Interactive Media & Services,Interactive Media & Services,1168074456.0,2023-07-31T16:46:13Z,https://en.wikipedia.org/w/index.php?oldid=1168074456,matched_gics
2023-07-31,GOOGL,Alphabet Inc. (Class A),Communication Services,Media & Entertainment,Interactive Media & Services,Interactive Media & Services,1168074456.0,2023-07-31T16:46:13Z,https://en.wikipedia.org/w/index.php?oldid=1168074456,matched_gics
2023-07-31,HON,Honeywell,Industrials,Capital Goods,Industrial Conglomerates,Industrial Conglomerates,1168074456.0,2023-07-31T16:46:13Z,https://en.wikipedia.org/w/index.php?oldid=1168074456,matched_gics
2023-07-31,IDXX,Idexx Laboratories,Health Care,Health Care Equipment & Services,Health Care Equipment & Supplies,Health Care Equipment,1168074456.0,2023-07-31T16:46:13Z,https://en.wikipedia.org/w/index.php?oldid=1168074456,matched_gics
2023-07-31,ILMN,Illumina,Health Care,"Pharmaceuticals, Biotechnology & Life Sciences",Life Sciences Tools & Services,Life Sciences Tools & Services,1168074456.0,2023-07-31T16:46:13Z,https://en.wikipedia.org/w/index.php?oldid=1168074456,matched_gics
2023-07-31,INTC,Intel,Information Technology,Semiconductors & Semiconductor Equipment,Semiconductors & Semiconductor Equipment,Semiconductors,1168074456.0,2023-07-31T16:46:13Z,https://en.wikipedia.org/w/index.php?oldid=1168074456,matched_gics
2023-07-31,INTU,Intuit,Information Technology,Software & Services,Software,Application Software,1168074456.0,2023-07-31T16:46:13Z,https://en.wikipedia.org/w/index.php?oldid=1168074456,matched_gics
2023-07-31,ISRG,Intuitive Surgical,Health Care,Health Care Equipment & Services,Health Care Equipment & Supplies,Health Care Equipment,1168074456.0,2023-07-31T16:46:13Z,https://en.wikipedia.org/w/index.php?oldid=1168074456,matched_gics
2023-07-31,KDP,Keurig Dr Pepper,Consumer Staples,"Food, Beverage & Tobacco",Beverages,Soft Drinks & Non-alcoholic Beverages,1168074456.0,2023-07-31T16:46:13Z,https://en.wikipedia.org/w/index.php?oldid=1168074456,matched_gics
2023-07-31,KHC,Kraft Heinz,Consumer Staples,"Food, Beverage & Tobacco",Food Products,Packaged Foods & Meats,1168074456.0,2023-07-31T16:46:13Z,https://en.wikipedia.org/w/index.php?oldid=1168074456,matched_gics
2023-07-31,KLAC,KLA Corporation,Information Technology,Semiconductors & Semiconductor Equipment,Semiconductors & Semiconductor Equipment,Semiconductor Materials & Equipment,1168074456.0,2023-07-31T16:46:13Z,https://en.wikipedia.org/w/index.php?oldid=1168074456,matched_gics
2023-07-31,LRCX,Lam Research,Information Technology,Semiconductors & Semiconductor Equipment,Semiconductors & Semiconductor Equipment,Semiconductor Materials & Equipment,1168074456.0,2023-07-31T16:46:13Z,https://en.wikipedia.org/w/index.php?oldid=1168074456,matched_gics
2023-07-31,LULU,lululemon athletica inc.,,,,,,,,missing_gics
2023-07-31,MAR,Marriott International,Consumer Discretionary,Consumer Services,"Hotels, Restaurants & Leisure","Hotels, Resorts & Cruise Lines",1168074456.0,2023-07-31T16:46:13Z,https://en.wikipedia.org/w/index.php?oldid=1168074456,matched_gics
2023-07-31,MCHP,Microchip Technology,Information Technology,Semiconductors & Semiconductor Equipment,Semiconductors & Semiconductor Equipment,Semiconductors,1168074456.0,2023-07-31T16:46:13Z,https://en.wikipedia.org/w/index.php?oldid=1168074456,matched_gics
2023-07-31,MDB,"MongoDB, Inc.",,,,,,,,missing_gics
2023-07-31,MDLZ,Mondelez International,Consumer Staples,"Food, Beverage & Tobacco",Food Products,Packaged Foods & Meats,1168074456.0,2023-07-31T16:46:13Z,https://en.wikipedia.org/w/index.php?oldid=1168074456,matched_gics
2023-07-31,MELI,MERCADOLIBRE INC,,,,,,,,missing_gics
2023-07-31,META,Meta Platforms,Communication Services,Media & Entertainment,Interactive Media & Services,Interactive Media & Services,1168074456.0,2023-07-31T16:46:13Z,https://en.wikipedia.org/w/index.php?oldid=1168074456,matched_gics
2023-07-31,MNST,Monster Beverage,Consumer Staples,"Food, Beverage & Tobacco",Beverages,Soft Drinks & Non-alcoholic Beverages,1168074456.0,2023-07-31T16:46:13Z,https://en.wikipedia.org/w/index.php?oldid=1168074456,matched_gics
2023-07-31,MRNA,Moderna,Health Care,"Pharmaceuticals, Biotechnology & Life Sciences",Biotechnology,Biotechnology,1168074456.0,2023-07-31T16:46:13Z,https://en.wikipedia.org/w/index.php?oldid=1168074456,matched_gics
2023-07-31,MRVL,"Marvell Technology, Inc.",,,,,,,,missing_gics
2023-07-31,MSFT,Microsoft,Information Technology,Software & Services,Software,Systems Software,1168074456.0,2023-07-31T16:46:13Z,https://en.wikipedia.org/w/index.php?oldid=1168074456,matched_gics
2023-07-31,MU,Micron Technology,Information Technology,Semiconductors & Semiconductor Equipment,Semiconductors & Semiconductor Equipment,Semiconductors,1168074456.0,2023-07-31T16:46:13Z,https://en.wikipedia.org/w/index.php?oldid=1168074456,matched_gics
2023-07-31,NFLX,Netflix,Communication Services,Media & Entertainment,Entertainment,Movies & Entertainment,1168074456.0,2023-07-31T16:46:13Z,https://en.wikipedia.org/w/index.php?oldid=1168074456,matched_gics
2023-07-31,NVDA,Nvidia,Information Technology,Semiconductors & Semiconductor Equipment,Semiconductors & Semiconductor Equipment,Semiconductors,1168074456.0,2023-07-31T16:46:13Z,https://en.wikipedia.org/w/index.php?oldid=1168074456,matched_gics
2023-07-31,NXPI,NXP Semiconductors,Information Technology,Semiconductors & Semiconductor Equipment,Semiconductors & Semiconductor Equipment,Semiconductors,1168074456.0,2023-07-31T16:46:13Z,https://en.wikipedia.org/w/index.php?oldid=1168074456,matched_gics
2023-07-31,ODFL,Old Dominion,Industrials,Transportation,Ground Transportation,Cargo Ground Transportation,1168074456.0,2023-07-31T16:46:13Z,https://en.wikipedia.org/w/index.php?oldid=1168074456,matched_gics
2023-07-31,ON,ON Semiconductor,Information Technology,Semiconductors & Semiconductor Equipment,Semiconductors & Semiconductor Equipment,Semiconductors,1168074456.0,2023-07-31T16:46:13Z,https://en.wikipedia.org/w/index.php?oldid=1168074456,matched_gics
2023-07-31,ORLY,O'Reilly Auto Parts,Consumer Discretionary,Retailing,Specialty Retail,Specialty Stores,1168074456.0,2023-07-31T16:46:13Z,https://en.wikipedia.org/w/index.php?oldid=1168074456,matched_gics
2023-07-31,PANW,Palo Alto Networks,Information Technology,Software & Services,Software,Application Software,1168074456.0,2023-07-31T16:46:13Z,https://en.wikipedia.org/w/index.php?oldid=1168074456,matched_gics
2023-07-31,PAYX,Paychex,Industrials,Commercial & Professional Services,Professional Services,Human Resource & Employment Services,1168074456.0,2023-07-31T16:46:13Z,https://en.wikipedia.org/w/index.php?oldid=1168074456,matched_gics
2023-07-31,PCAR,Paccar,Industrials,Capital Goods,Machinery,Construction Machinery & Heavy Transportation Equipment,1168074456.0,2023-07-31T16:46:13Z,https://en.wikipedia.org/w/index.php?oldid=1168074456,matched_gics
2023-07-31,PDD,PDD Holdings Inc.,,,,,,,,missing_gics
2023-07-31,PEP,PepsiCo,Consumer Staples,"Food, Beverage & Tobacco",Beverages,Soft Drinks & Non-alcoholic Beverages,1168074456.0,2023-07-31T16:46:13Z,https://en.wikipedia.org/w/index.php?oldid=1168074456,matched_gics
2023-07-31,PYPL,PayPal,Financials,Financial Services,Financial Services,Transaction & Payment Processing Services,1168074456.0,2023-07-31T16:46:13Z,https://en.wikipedia.org/w/index.php?oldid=1168074456,matched_gics
2023-07-31,QCOM,Qualcomm,Information Technology,Semiconductors & Semiconductor Equipment,Semiconductors & Semiconductor Equipment,Semiconductors,1168074456.0,2023-07-31T16:46:13Z,https://en.wikipedia.org/w/index.php?oldid=1168074456,matched_gics
2023-07-31,REGN,Regeneron,Health Care,"Pharmaceuticals, Biotechnology & Life Sciences",Biotechnology,Biotechnology,1168074456.0,2023-07-31T16:46:13Z,https://en.wikipedia.org/w/index.php?oldid=1168074456,matched_gics
2023-07-31,ROP,Roper Technologies,Information Technology,Technology Hardware & Equipment,"Electronic Equipment, Instruments & Components",Electronic Equipment & Instruments,1168074456.0,2023-07-31T16:46:13Z,https://en.wikipedia.org/w/index.php?oldid=1168074456,matched_gics
2023-07-31,ROST,Ross Stores,Consumer Discretionary,Consumer Discretionary Distribution & Retail,Specialty Retail,Apparel Retail,1168074456.0,2023-07-31T16:46:13Z,https://en.wikipedia.org/w/index.php?oldid=1168074456,matched_gics
2023-07-31,SBUX,Starbucks,Consumer Discretionary,Consumer Services,"Hotels, Restaurants & Leisure",Restaurants,1168074456.0,2023-07-31T16:46:13Z,https://en.wikipedia.org/w/index.php?oldid=1168074456,matched_gics
2023-07-31,SIRI,SIRIUS XM HOLDINGS INC.,,,,,,,,missing_gics
2023-07-31,SNPS,Synopsys,Information Technology,Software & Services,Software,Application Software,1168074456.0,2023-07-31T16:46:13Z,https://en.wikipedia.org/w/index.php?oldid=1168074456,matched_gics
2023-07-31,SPLK,Splunk Inc.,,,,,,,,missing_gics
2023-07-31,TEAM,Atlassian Corp,,,,,,,,missing_gics
2023-07-31,TMUS,T-Mobile US,Communication Services,Telecommunication Services,Wireless Telecommunication Services,Wireless Telecommunication Services,1168074456.0,2023-07-31T16:46:13Z,https://en.wikipedia.org/w/index.php?oldid=1168074456,matched_gics
2023-07-31,TSLA,"Tesla, Inc.",Consumer Discretionary,Automobiles & Components,Automobiles,Automobile Manufacturers,1168074456.0,2023-07-31T16:46:13Z,https://en.wikipedia.org/w/index.php?oldid=1168074456,matched_gics
2023-07-31,TTD,"Trade Desk, Inc.",,,,,,,,missing_gics
2023-07-31,TTWO,Take-Two Interactive,Communication Services,Media & Entertainment,Entertainment,Interactive Home Entertainment,1168074456.0,2023-07-31T16:46:13Z,https://en.wikipedia.org/w/index.php?oldid=1168074456,matched_gics
2023-07-31,TXN,Texas Instruments,Information Technology,Semiconductors & Semiconductor Equipment,Semiconductors & Semiconductor Equipment,Semiconductors,1168074456.0,2023-07-31T16:46:13Z,https://en.wikipedia.org/w/index.php?oldid=1168074456,matched_gics
2023-07-31,VRSK,Verisk,Industrials,Commercial & Professional Services,Professional Services,Research & Consulting Services,1168074456.0,2023-07-31T16:46:13Z,https://en.wikipedia.org/w/index.php?oldid=1168074456,matched_gics
2023-07-31,VRTX,Vertex Pharmaceuticals,Health Care,"Pharmaceuticals, Biotechnology & Life Sciences",Biotechnology,Biotechnology,1168074456.0,2023-07-31T16:46:13Z,https://en.wikipedia.org/w/index.php?oldid=1168074456,matched_gics
2023-07-31,WBA,Walgreens Boots Alliance,Consumer Staples,Consumer Staples Distribution & Retail,Consumer Staples Distribution & Retail,Drug Retail,1168074456.0,2023-07-31T16:46:13Z,https://en.wikipedia.org/w/index.php?oldid=1168074456,matched_gics
2023-07-31,WBD,Warner Bros. Discovery,Communication Services,Media & Entertainment,Media,Broadcasting,1168074456.0,2023-07-31T16:46:13Z,https://en.wikipedia.org/w/index.php?oldid=1168074456,matched_gics
2023-07-31,WDAY,"Workday, Inc.",,,,,,,,missing_gics
2023-07-31,XEL,Xcel Energy,Utilities,Utilities,Multi-Utilities,Multi-Utilities,1168074456.0,2023-07-31T16:46:13Z,https://en.wikipedia.org/w/index.php?oldid=1168074456,matched_gics
2023-07-31,ZS,"Zscaler, Inc.",,,,,,,,missing_gics
2023-08-31,AAPL,Apple Inc.,Information Technology,Technology Hardware & Equipment,"Technology Hardware, Storage & Peripherals","Technology Hardware, Storage & Peripherals",1173149676.0,2023-08-31T15:54:21Z,https://en.wikipedia.org/w/index.php?oldid=1173149676,matched_gics
2023-08-31,ABNB,"Airbnb, Inc.",,,,,,,,missing_gics
2023-08-31,ADBE,Adobe Inc.,Information Technology,Software & Services,Software,Application Software,1173149676.0,2023-08-31T15:54:21Z,https://en.wikipedia.org/w/index.php?oldid=1173149676,matched_gics
2023-08-31,ADI,Analog Devices,Information Technology,Semiconductors & Semiconductor Equipment,Semiconductors & Semiconductor Equipment,Semiconductors,1173149676.0,2023-08-31T15:54:21Z,https://en.wikipedia.org/w/index.php?oldid=1173149676,matched_gics
2023-08-31,ADP,ADP,Industrials,Commercial & Professional Services,Professional Services,Human Resource & Employment Services,1173149676.0,2023-08-31T15:54:21Z,https://en.wikipedia.org/w/index.php?oldid=1173149676,matched_gics
2023-08-31,ADSK,Autodesk,Information Technology,Software & Services,Software,Application Software,1173149676.0,2023-08-31T15:54:21Z,https://en.wikipedia.org/w/index.php?oldid=1173149676,matched_gics
2023-08-31,AEP,American Electric Power,Utilities,Utilities,Electric Utilities,Electric Utilities,1173149676.0,2023-08-31T15:54:21Z,https://en.wikipedia.org/w/index.php?oldid=1173149676,matched_gics
2023-08-31,AMAT,Applied Materials,Information Technology,Semiconductors & Semiconductor Equipment,Semiconductors & Semiconductor Equipment,Semiconductor Materials & Equipment,1173149676.0,2023-08-31T15:54:21Z,https://en.wikipedia.org/w/index.php?oldid=1173149676,matched_gics
2023-08-31,AMD,AMD,Information Technology,Semiconductors & Semiconductor Equipment,Semiconductors & Semiconductor Equipment,Semiconductors,1173149676.0,2023-08-31T15:54:21Z,https://en.wikipedia.org/w/index.php?oldid=1173149676,matched_gics
2023-08-31,AMGN,Amgen,Health Care,"Pharmaceuticals, Biotechnology & Life Sciences",Biotechnology,Biotechnology,1173149676.0,2023-08-31T15:54:21Z,https://en.wikipedia.org/w/index.php?oldid=1173149676,matched_gics
2023-08-31,AMZN,Amazon,Consumer Discretionary,Consumer Discretionary Distribution & Retail,Broadline Retail,Broadline Retail,1173149676.0,2023-08-31T15:54:21Z,https://en.wikipedia.org/w/index.php?oldid=1173149676,matched_gics
2023-08-31,ANSS,Ansys,Information Technology,Software & Services,Software,Application Software,1173149676.0,2023-08-31T15:54:21Z,https://en.wikipedia.org/w/index.php?oldid=1173149676,matched_gics
2023-08-31,ASML,ASML HOLDING NV,,,,,,,,missing_gics
2023-08-31,AVGO,Broadcom Inc.,Information Technology,Semiconductors & Semiconductor Equipment,Semiconductors & Semiconductor Equipment,Semiconductors,1173149676.0,2023-08-31T15:54:21Z,https://en.wikipedia.org/w/index.php?oldid=1173149676,matched_gics
2023-08-31,AZN,ASTRAZENECA PLC,,,,,,,,missing_gics
2023-08-31,BIIB,Biogen,Health Care,"Pharmaceuticals, Biotechnology & Life Sciences",Biotechnology,Biotechnology,1173149676.0,2023-08-31T15:54:21Z,https://en.wikipedia.org/w/index.php?oldid=1173149676,matched_gics
2023-08-31,BKNG,Booking Holdings,Consumer Discretionary,Consumer Services,"Hotels, Restaurants & Leisure","Hotels, Restaurants & Leisure",1173149676.0,2023-08-31T15:54:21Z,https://en.wikipedia.org/w/index.php?oldid=1173149676,matched_gics
2023-08-31,BKR,Baker Hughes,Energy,Energy,Energy Equipment & Services,Oil & Gas Equipment & Services,1173149676.0,2023-08-31T15:54:21Z,https://en.wikipedia.org/w/index.php?oldid=1173149676,matched_gics
2023-08-31,CCEP,COCA-COLA EUROPACIFIC PARTNERS plc,,,,,,,,missing_gics
2023-08-31,CDNS,Cadence Design Systems,Information Technology,Software & Services,Software,Application Software,1173149676.0,2023-08-31T15:54:21Z,https://en.wikipedia.org/w/index.php?oldid=1173149676,matched_gics
2023-08-31,CDW,CDW,Information Technology,Technology Hardware & Equipment,"Electronic Equipment, Instruments & Components",Technology Distributors,1173149676.0,2023-08-31T15:54:21Z,https://en.wikipedia.org/w/index.php?oldid=1173149676,matched_gics
2023-08-31,CEG,Constellation Energy,Utilities,Utilities,Multi-Utilities,Multi-Utilities,1173149676.0,2023-08-31T15:54:21Z,https://en.wikipedia.org/w/index.php?oldid=1173149676,matched_gics
2023-08-31,CHTR,Charter Communications,Communication Services,Media,Media,Cable & Satellite,1173149676.0,2023-08-31T15:54:21Z,https://en.wikipedia.org/w/index.php?oldid=1173149676,matched_gics
2023-08-31,CMCSA,Comcast,Communication Services,Media,Media,Cable & Satellite,1173149676.0,2023-08-31T15:54:21Z,https://en.wikipedia.org/w/index.php?oldid=1173149676,matched_gics
2023-08-31,COST,Costco,Consumer Staples,Consumer Staples Distribution & Retail,Consumer Staples Distribution & Retail,Consumer Staples Merchandise Retail,1173149676.0,2023-08-31T15:54:21Z,https://en.wikipedia.org/w/index.php?oldid=1173149676,matched_gics
2023-08-31,CPRT,Copart,Industrials,Commercial & Professional Services,Commercial Services & Supplies,Diversified Support Services,1173149676.0,2023-08-31T15:54:21Z,https://en.wikipedia.org/w/index.php?oldid=1173149676,matched_gics
2023-08-31,CRWD,"CrowdStrike Holdings, Inc.",,,,,,,,missing_gics
2023-08-31,CSCO,Cisco,Information Technology,Technology Hardware & Equipment,Communications Equipment,Communications Equipment,1173149676.0,2023-08-31T15:54:21Z,https://en.wikipedia.org/w/index.php?oldid=1173149676,matched_gics
2023-08-31,CSGP,CoStar Group,Industrials,Commercial & Professional Services,Professional Services,Research & Consulting Services,1173149676.0,2023-08-31T15:54:21Z,https://en.wikipedia.org/w/index.php?oldid=1173149676,matched_gics
2023-08-31,CSX,CSX,Industrials,Transportation,Ground Transportation,Rail Transportation,1173149676.0,2023-08-31T15:54:21Z,https://en.wikipedia.org/w/index.php?oldid=1173149676,matched_gics
2023-08-31,CTAS,Cintas,Industrials,Commercial & Professional Services,Commercial Services & Supplies,Diversified Support Services,1173149676.0,2023-08-31T15:54:21Z,https://en.wikipedia.org/w/index.php?oldid=1173149676,matched_gics
2023-08-31,CTSH,Cognizant,Information Technology,Software & Services,IT Services,IT Consulting & Other Services,1173149676.0,2023-08-31T15:54:21Z,https://en.wikipedia.org/w/index.php?oldid=1173149676,matched_gics
2023-08-31,DASH,"DoorDash, Inc.",,,,,,,,missing_gics
2023-08-31,DDOG,"Datadog, Inc.",,,,,,,,missing_gics
2023-08-31,DLTR,Dollar Tree,Consumer Staples,Consumer Staples Distribution & Retail,Consumer Staples Distribution & Retail,Consumer Staples Merchandise Retail,1173149676.0,2023-08-31T15:54:21Z,https://en.wikipedia.org/w/index.php?oldid=1173149676,matched_gics
2023-08-31,DXCM,Dexcom,Health Care,Health Care Equipment & Services,Health Care Equipment & Supplies,Health Care Equipment,1173149676.0,2023-08-31T15:54:21Z,https://en.wikipedia.org/w/index.php?oldid=1173149676,matched_gics
2023-08-31,EA,Electronic Arts,Communication Services,Media & Entertainment,Entertainment,Interactive Home Entertainment,1173149676.0,2023-08-31T15:54:21Z,https://en.wikipedia.org/w/index.php?oldid=1173149676,matched_gics
2023-08-31,EXC,Exelon,Utilities,Utilities,Multi-Utilities,Multi-Utilities,1173149676.0,2023-08-31T15:54:21Z,https://en.wikipedia.org/w/index.php?oldid=1173149676,matched_gics
2023-08-31,FANG,Diamondback Energy,Energy,Energy,"Oil, Gas & Consumable Fuels",Oil & Gas Exploration & Production,1173149676.0,2023-08-31T15:54:21Z,https://en.wikipedia.org/w/index.php?oldid=1173149676,matched_gics
2023-08-31,FAST,Fastenal,Industrials,Capital Goods,Building Products,Building Products,1173149676.0,2023-08-31T15:54:21Z,https://en.wikipedia.org/w/index.php?oldid=1173149676,matched_gics
2023-08-31,FTNT,Fortinet,Information Technology,Software & Services,Software,Systems Software,1173149676.0,2023-08-31T15:54:21Z,https://en.wikipedia.org/w/index.php?oldid=1173149676,matched_gics
2023-08-31,GEHC,GE HealthCare,Health Care,Health Care Equipment & Services,Health Care Technology,Health Care Technology,1173149676.0,2023-08-31T15:54:21Z,https://en.wikipedia.org/w/index.php?oldid=1173149676,matched_gics
2023-08-31,GFS,GLOBALFOUNDRIES Inc.,,,,,,,,missing_gics
2023-08-31,GILD,Gilead Sciences,Health Care,"Pharmaceuticals, Biotechnology & Life Sciences",Biotechnology,Biotechnology,1173149676.0,2023-08-31T15:54:21Z,https://en.wikipedia.org/w/index.php?oldid=1173149676,matched_gics
2023-08-31,GOOG,Alphabet Inc. (Class C),Communication Services,Media & Entertainment,Interactive Media & Services,Interactive Media & Services,1173149676.0,2023-08-31T15:54:21Z,https://en.wikipedia.org/w/index.php?oldid=1173149676,matched_gics
2023-08-31,GOOGL,Alphabet Inc. (Class A),Communication Services,Media & Entertainment,Interactive Media & Services,Interactive Media & Services,1173149676.0,2023-08-31T15:54:21Z,https://en.wikipedia.org/w/index.php?oldid=1173149676,matched_gics
2023-08-31,HON,Honeywell,Industrials,Capital Goods,Industrial Conglomerates,Industrial Conglomerates,1173149676.0,2023-08-31T15:54:21Z,https://en.wikipedia.org/w/index.php?oldid=1173149676,matched_gics
2023-08-31,IDXX,Idexx Laboratories,Health Care,Health Care Equipment & Services,Health Care Equipment & Supplies,Health Care Equipment,1173149676.0,2023-08-31T15:54:21Z,https://en.wikipedia.org/w/index.php?oldid=1173149676,matched_gics
2023-08-31,ILMN,Illumina,Health Care,"Pharmaceuticals, Biotechnology & Life Sciences",Life Sciences Tools & Services,Life Sciences Tools & Services,1173149676.0,2023-08-31T15:54:21Z,https://en.wikipedia.org/w/index.php?oldid=1173149676,matched_gics
2023-08-31,INTC,Intel,Information Technology,Semiconductors & Semiconductor Equipment,Semiconductors & Semiconductor Equipment,Semiconductors,1173149676.0,2023-08-31T15:54:21Z,https://en.wikipedia.org/w/index.php?oldid=1173149676,matched_gics
2023-08-31,INTU,Intuit,Information Technology,Software & Services,Software,Application Software,1173149676.0,2023-08-31T15:54:21Z,https://en.wikipedia.org/w/index.php?oldid=1173149676,matched_gics
2023-08-31,ISRG,Intuitive Surgical,Health Care,Health Care Equipment & Services,Health Care Equipment & Supplies,Health Care Equipment,1173149676.0,2023-08-31T15:54:21Z,https://en.wikipedia.org/w/index.php?oldid=1173149676,matched_gics
2023-08-31,KDP,Keurig Dr Pepper,Consumer Staples,"Food, Beverage & Tobacco",Beverages,Soft Drinks & Non-alcoholic Beverages,1173149676.0,2023-08-31T15:54:21Z,https://en.wikipedia.org/w/index.php?oldid=1173149676,matched_gics
2023-08-31,KHC,Kraft Heinz,Consumer Staples,"Food, Beverage & Tobacco",Food Products,Packaged Foods & Meats,1173149676.0,2023-08-31T15:54:21Z,https://en.wikipedia.org/w/index.php?oldid=1173149676,matched_gics
2023-08-31,KLAC,KLA Corporation,Information Technology,Semiconductors & Semiconductor Equipment,Semiconductors & Semiconductor Equipment,Semiconductor Materials & Equipment,1173149676.0,2023-08-31T15:54:21Z,https://en.wikipedia.org/w/index.php?oldid=1173149676,matched_gics
2023-08-31,LRCX,Lam Research,Information Technology,Semiconductors & Semiconductor Equipment,Semiconductors & Semiconductor Equipment,Semiconductor Materials & Equipment,1173149676.0,2023-08-31T15:54:21Z,https://en.wikipedia.org/w/index.php?oldid=1173149676,matched_gics
2023-08-31,LULU,lululemon athletica inc.,,,,,,,,missing_gics
2023-08-31,MAR,Marriott International,Consumer Discretionary,Consumer Services,"Hotels, Restaurants & Leisure","Hotels, Resorts & Cruise Lines",1173149676.0,2023-08-31T15:54:21Z,https://en.wikipedia.org/w/index.php?oldid=1173149676,matched_gics
2023-08-31,MCHP,Microchip Technology,Information Technology,Semiconductors & Semiconductor Equipment,Semiconductors & Semiconductor Equipment,Semiconductors,1173149676.0,2023-08-31T15:54:21Z,https://en.wikipedia.org/w/index.php?oldid=1173149676,matched_gics
2023-08-31,MDB,"MongoDB, Inc.",,,,,,,,missing_gics
2023-08-31,MDLZ,Mondelez International,Consumer Staples,"Food, Beverage & Tobacco",Food Products,Packaged Foods & Meats,1173149676.0,2023-08-31T15:54:21Z,https://en.wikipedia.org/w/index.php?oldid=1173149676,matched_gics
2023-08-31,MELI,MERCADOLIBRE INC,,,,,,,,missing_gics
2023-08-31,META,Meta Platforms,Communication Services,Media & Entertainment,Interactive Media & Services,Interactive Media & Services,1173149676.0,2023-08-31T15:54:21Z,https://en.wikipedia.org/w/index.php?oldid=1173149676,matched_gics
2023-08-31,MNST,Monster Beverage,Consumer Staples,"Food, Beverage & Tobacco",Beverages,Soft Drinks & Non-alcoholic Beverages,1173149676.0,2023-08-31T15:54:21Z,https://en.wikipedia.org/w/index.php?oldid=1173149676,matched_gics
2023-08-31,MRNA,Moderna,Health Care,"Pharmaceuticals, Biotechnology & Life Sciences",Biotechnology,Biotechnology,1173149676.0,2023-08-31T15:54:21Z,https://en.wikipedia.org/w/index.php?oldid=1173149676,matched_gics
2023-08-31,MRVL,"Marvell Technology, Inc.",,,,,,,,missing_gics
2023-08-31,MSFT,Microsoft,Information Technology,Software & Services,Software,Systems Software,1173149676.0,2023-08-31T15:54:21Z,https://en.wikipedia.org/w/index.php?oldid=1173149676,matched_gics
2023-08-31,MU,Micron Technology,Information Technology,Semiconductors & Semiconductor Equipment,Semiconductors & Semiconductor Equipment,Semiconductors,1173149676.0,2023-08-31T15:54:21Z,https://en.wikipedia.org/w/index.php?oldid=1173149676,matched_gics
2023-08-31,NFLX,Netflix,Communication Services,Media & Entertainment,Entertainment,Movies & Entertainment,1173149676.0,2023-08-31T15:54:21Z,https://en.wikipedia.org/w/index.php?oldid=1173149676,matched_gics
2023-08-31,NVDA,Nvidia,Information Technology,Semiconductors & Semiconductor Equipment,Semiconductors & Semiconductor Equipment,Semiconductors,1173149676.0,2023-08-31T15:54:21Z,https://en.wikipedia.org/w/index.php?oldid=1173149676,matched_gics
2023-08-31,NXPI,NXP Semiconductors,Information Technology,Semiconductors & Semiconductor Equipment,Semiconductors & Semiconductor Equipment,Semiconductors,1173149676.0,2023-08-31T15:54:21Z,https://en.wikipedia.org/w/index.php?oldid=1173149676,matched_gics
2023-08-31,ODFL,Old Dominion,Industrials,Transportation,Ground Transportation,Cargo Ground Transportation,1173149676.0,2023-08-31T15:54:21Z,https://en.wikipedia.org/w/index.php?oldid=1173149676,matched_gics
2023-08-31,ON,ON Semiconductor,Information Technology,Semiconductors & Semiconductor Equipment,Semiconductors & Semiconductor Equipment,Semiconductors,1173149676.0,2023-08-31T15:54:21Z,https://en.wikipedia.org/w/index.php?oldid=1173149676,matched_gics
2023-08-31,ORLY,O'Reilly Auto Parts,Consumer Discretionary,Retailing,Specialty Retail,Specialty Stores,1173149676.0,2023-08-31T15:54:21Z,https://en.wikipedia.org/w/index.php?oldid=1173149676,matched_gics
2023-08-31,PANW,Palo Alto Networks,Information Technology,Software & Services,Software,Application Software,1173149676.0,2023-08-31T15:54:21Z,https://en.wikipedia.org/w/index.php?oldid=1173149676,matched_gics
2023-08-31,PAYX,Paychex,Industrials,Commercial & Professional Services,Professional Services,Human Resource & Employment Services,1173149676.0,2023-08-31T15:54:21Z,https://en.wikipedia.org/w/index.php?oldid=1173149676,matched_gics
2023-08-31,PCAR,Paccar,Industrials,Capital Goods,Machinery,Construction Machinery & Heavy Transportation Equipment,1173149676.0,2023-08-31T15:54:21Z,https://en.wikipedia.org/w/index.php?oldid=1173149676,matched_gics
2023-08-31,PDD,PDD Holdings Inc.,,,,,,,,missing_gics
2023-08-31,PEP,PepsiCo,Consumer Staples,"Food, Beverage & Tobacco",Beverages,Soft Drinks & Non-alcoholic Beverages,1173149676.0,2023-08-31T15:54:21Z,https://en.wikipedia.org/w/index.php?oldid=1173149676,matched_gics
2023-08-31,PYPL,PayPal,Financials,Financial Services,Financial Services,Transaction & Payment Processing Services,1173149676.0,2023-08-31T15:54:21Z,https://en.wikipedia.org/w/index.php?oldid=1173149676,matched_gics
2023-08-31,QCOM,Qualcomm,Information Technology,Semiconductors & Semiconductor Equipment,Semiconductors & Semiconductor Equipment,Semiconductors,1173149676.0,2023-08-31T15:54:21Z,https://en.wikipedia.org/w/index.php?oldid=1173149676,matched_gics
2023-08-31,REGN,Regeneron,Health Care,"Pharmaceuticals, Biotechnology & Life Sciences",Biotechnology,Biotechnology,1173149676.0,2023-08-31T15:54:21Z,https://en.wikipedia.org/w/index.php?oldid=1173149676,matched_gics
2023-08-31,ROP,Roper Technologies,Information Technology,Technology Hardware & Equipment,"Electronic Equipment, Instruments & Components",Electronic Equipment & Instruments,1173149676.0,2023-08-31T15:54:21Z,https://en.wikipedia.org/w/index.php?oldid=1173149676,matched_gics
2023-08-31,ROST,Ross Stores,Consumer Discretionary,Consumer Discretionary Distribution & Retail,Specialty Retail,Apparel Retail,1173149676.0,2023-08-31T15:54:21Z,https://en.wikipedia.org/w/index.php?oldid=1173149676,matched_gics
2023-08-31,SBUX,Starbucks,Consumer Discretionary,Consumer Services,"Hotels, Restaurants & Leisure",Restaurants,1173149676.0,2023-08-31T15:54:21Z,https://en.wikipedia.org/w/index.php?oldid=1173149676,matched_gics
2023-08-31,SIRI,SIRIUS XM HOLDINGS INC.,,,,,,,,missing_gics
2023-08-31,SNPS,Synopsys,Information Technology,Software & Services,Software,Application Software,1173149676.0,2023-08-31T15:54:21Z,https://en.wikipedia.org/w/index.php?oldid=1173149676,matched_gics
2023-08-31,SPLK,Splunk Inc.,,,,,,,,missing_gics
2023-08-31,TEAM,Atlassian Corp,,,,,,,,missing_gics
2023-08-31,TMUS,T-Mobile US,Communication Services,Telecommunication Services,Wireless Telecommunication Services,Wireless Telecommunication Services,1173149676.0,2023-08-31T15:54:21Z,https://en.wikipedia.org/w/index.php?oldid=1173149676,matched_gics
2023-08-31,TSLA,"Tesla, Inc.",Consumer Discretionary,Automobiles & Components,Automobiles,Automobile Manufacturers,1173149676.0,2023-08-31T15:54:21Z,https://en.wikipedia.org/w/index.php?oldid=1173149676,matched_gics
2023-08-31,TTD,"Trade Desk, Inc.",,,,,,,,missing_gics
2023-08-31,TTWO,Take-Two Interactive,Communication Services,Media & Entertainment,Entertainment,Interactive Home Entertainment,1173149676.0,2023-08-31T15:54:21Z,https://en.wikipedia.org/w/index.php?oldid=1173149676,matched_gics
2023-08-31,TXN,Texas Instruments,Information Technology,Semiconductors & Semiconductor Equipment,Semiconductors & Semiconductor Equipment,Semiconductors,1173149676.0,2023-08-31T15:54:21Z,https://en.wikipedia.org/w/index.php?oldid=1173149676,matched_gics
2023-08-31,VRSK,Verisk,Industrials,Commercial & Professional Services,Professional Services,Research & Consulting Services,1173149676.0,2023-08-31T15:54:21Z,https://en.wikipedia.org/w/index.php?oldid=1173149676,matched_gics
2023-08-31,VRTX,Vertex Pharmaceuticals,Health Care,"Pharmaceuticals, Biotechnology & Life Sciences",Biotechnology,Biotechnology,1173149676.0,2023-08-31T15:54:21Z,https://en.wikipedia.org/w/index.php?oldid=1173149676,matched_gics
2023-08-31,WBA,Walgreens Boots Alliance,Consumer Staples,Consumer Staples Distribution & Retail,Consumer Staples Distribution & Retail,Drug Retail,1173149676.0,2023-08-31T15:54:21Z,https://en.wikipedia.org/w/index.php?oldid=1173149676,matched_gics
2023-08-31,WBD,Warner Bros. Discovery,Communication Services,Media & Entertainment,Media,Broadcasting,1173149676.0,2023-08-31T15:54:21Z,https://en.wikipedia.org/w/index.php?oldid=1173149676,matched_gics
2023-08-31,WDAY,"Workday, Inc.",,,,,,,,missing_gics
2023-08-31,XEL,Xcel Energy,Utilities,Utilities,Multi-Utilities,Multi-Utilities,1173149676.0,2023-08-31T15:54:21Z,https://en.wikipedia.org/w/index.php?oldid=1173149676,matched_gics
2023-08-31,ZS,"Zscaler, Inc.",,,,,,,,missing_gics
2023-09-30,AAPL,Apple Inc.,Information Technology,Technology Hardware & Equipment,"Technology Hardware, Storage & Peripherals","Technology Hardware, Storage & Peripherals",1177710839.0,2023-09-29T02:55:17Z,https://en.wikipedia.org/w/index.php?oldid=1177710839,matched_gics
2023-09-30,ABNB,Airbnb,Consumer Discretionary,Consumer Services,"Hotels, Restaurants & Leisure","Hotels, Resorts & Cruise Lines",1177710839.0,2023-09-29T02:55:17Z,https://en.wikipedia.org/w/index.php?oldid=1177710839,matched_gics
2023-09-30,ADBE,Adobe Inc.,Information Technology,Software & Services,Software,Application Software,1177710839.0,2023-09-29T02:55:17Z,https://en.wikipedia.org/w/index.php?oldid=1177710839,matched_gics
2023-09-30,ADI,Analog Devices,Information Technology,Semiconductors & Semiconductor Equipment,Semiconductors & Semiconductor Equipment,Semiconductors,1177710839.0,2023-09-29T02:55:17Z,https://en.wikipedia.org/w/index.php?oldid=1177710839,matched_gics
2023-09-30,ADP,ADP,Industrials,Commercial & Professional Services,Professional Services,Human Resource & Employment Services,1177710839.0,2023-09-29T02:55:17Z,https://en.wikipedia.org/w/index.php?oldid=1177710839,matched_gics
2023-09-30,ADSK,Autodesk,Information Technology,Software & Services,Software,Application Software,1177710839.0,2023-09-29T02:55:17Z,https://en.wikipedia.org/w/index.php?oldid=1177710839,matched_gics
2023-09-30,AEP,American Electric Power,Utilities,Utilities,Electric Utilities,Electric Utilities,1177710839.0,2023-09-29T02:55:17Z,https://en.wikipedia.org/w/index.php?oldid=1177710839,matched_gics
2023-09-30,AMAT,Applied Materials,Information Technology,Semiconductors & Semiconductor Equipment,Semiconductors & Semiconductor Equipment,Semiconductor Materials & Equipment,1177710839.0,2023-09-29T02:55:17Z,https://en.wikipedia.org/w/index.php?oldid=1177710839,matched_gics
2023-09-30,AMD,AMD,Information Technology,Semiconductors & Semiconductor Equipment,Semiconductors & Semiconductor Equipment,Semiconductors,1177710839.0,2023-09-29T02:55:17Z,https://en.wikipedia.org/w/index.php?oldid=1177710839,matched_gics
2023-09-30,AMGN,Amgen,Health Care,"Pharmaceuticals, Biotechnology & Life Sciences",Biotechnology,Biotechnology,1177710839.0,2023-09-29T02:55:17Z,https://en.wikipedia.org/w/index.php?oldid=1177710839,matched_gics
2023-09-30,AMZN,Amazon,Consumer Discretionary,Consumer Discretionary Distribution & Retail,Broadline Retail,Broadline Retail,1177710839.0,2023-09-29T02:55:17Z,https://en.wikipedia.org/w/index.php?oldid=1177710839,matched_gics
2023-09-30,ANSS,Ansys,Information Technology,Software & Services,Software,Application Software,1177710839.0,2023-09-29T02:55:17Z,https://en.wikipedia.org/w/index.php?oldid=1177710839,matched_gics
2023-09-30,ASML,ASML HOLDING NV,,,,,,,,missing_gics
2023-09-30,AVGO,Broadcom Inc.,Information Technology,Semiconductors & Semiconductor Equipment,Semiconductors & Semiconductor Equipment,Semiconductors,1177710839.0,2023-09-29T02:55:17Z,https://en.wikipedia.org/w/index.php?oldid=1177710839,matched_gics
2023-09-30,AZN,ASTRAZENECA PLC,,,,,,,,missing_gics
2023-09-30,BIIB,Biogen,Health Care,"Pharmaceuticals, Biotechnology & Life Sciences",Biotechnology,Biotechnology,1177710839.0,2023-09-29T02:55:17Z,https://en.wikipedia.org/w/index.php?oldid=1177710839,matched_gics
2023-09-30,BKNG,Booking Holdings,Consumer Discretionary,Consumer Services,"Hotels, Restaurants & Leisure","Hotels, Resorts & Cruise Lines",1177710839.0,2023-09-29T02:55:17Z,https://en.wikipedia.org/w/index.php?oldid=1177710839,matched_gics
2023-09-30,BKR,Baker Hughes,Energy,Energy,Energy Equipment & Services,Oil & Gas Equipment & Services,1177710839.0,2023-09-29T02:55:17Z,https://en.wikipedia.org/w/index.php?oldid=1177710839,matched_gics
2023-09-30,CCEP,COCA-COLA EUROPACIFIC PARTNERS plc,,,,,,,,missing_gics
2023-09-30,CDNS,Cadence Design Systems,Information Technology,Software & Services,Software,Application Software,1177710839.0,2023-09-29T02:55:17Z,https://en.wikipedia.org/w/index.php?oldid=1177710839,matched_gics
2023-09-30,CDW,CDW,Information Technology,Technology Hardware & Equipment,"Electronic Equipment, Instruments & Components",Technology Distributors,1177710839.0,2023-09-29T02:55:17Z,https://en.wikipedia.org/w/index.php?oldid=1177710839,matched_gics
2023-09-30,CEG,Constellation Energy,Utilities,Utilities,Multi-Utilities,Multi-Utilities,1177710839.0,2023-09-29T02:55:17Z,https://en.wikipedia.org/w/index.php?oldid=1177710839,matched_gics
2023-09-30,CHTR,Charter Communications,Communication Services,Media,Media,Cable & Satellite,1177710839.0,2023-09-29T02:55:17Z,https://en.wikipedia.org/w/index.php?oldid=1177710839,matched_gics
2023-09-30,CMCSA,Comcast,Communication Services,Media,Media,Cable & Satellite,1177710839.0,2023-09-29T02:55:17Z,https://en.wikipedia.org/w/index.php?oldid=1177710839,matched_gics
2023-09-30,COST,Costco,Consumer Staples,Consumer Staples Distribution & Retail,Consumer Staples Distribution & Retail,Consumer Staples Merchandise Retail,1177710839.0,2023-09-29T02:55:17Z,https://en.wikipedia.org/w/index.php?oldid=1177710839,matched_gics
2023-09-30,CPRT,Copart,Industrials,Commercial & Professional Services,Commercial Services & Supplies,Diversified Support Services,1177710839.0,2023-09-29T02:55:17Z,https://en.wikipedia.org/w/index.php?oldid=1177710839,matched_gics
2023-09-30,CRWD,"CrowdStrike Holdings, Inc.",,,,,,,,missing_gics
2023-09-30,CSCO,Cisco,Information Technology,Technology Hardware & Equipment,Communications Equipment,Communications Equipment,1177710839.0,2023-09-29T02:55:17Z,https://en.wikipedia.org/w/index.php?oldid=1177710839,matched_gics
2023-09-30,CSGP,CoStar Group,Real Estate,Real Estate Management & Development,Real Estate Management & Development,Real Estate Services,1177710839.0,2023-09-29T02:55:17Z,https://en.wikipedia.org/w/index.php?oldid=1177710839,matched_gics
2023-09-30,CSX,CSX,Industrials,Transportation,Ground Transportation,Rail Transportation,1177710839.0,2023-09-29T02:55:17Z,https://en.wikipedia.org/w/index.php?oldid=1177710839,matched_gics
2023-09-30,CTAS,Cintas,Industrials,Commercial & Professional Services,Commercial Services & Supplies,Diversified Support Services,1177710839.0,2023-09-29T02:55:17Z,https://en.wikipedia.org/w/index.php?oldid=1177710839,matched_gics
2023-09-30,CTSH,Cognizant,Information Technology,Software & Services,IT Services,IT Consulting & Other Services,1177710839.0,2023-09-29T02:55:17Z,https://en.wikipedia.org/w/index.php?oldid=1177710839,matched_gics
2023-09-30,DASH,"DoorDash, Inc.",,,,,,,,missing_gics
2023-09-30,DDOG,"Datadog, Inc.",,,,,,,,missing_gics
2023-09-30,DLTR,Dollar Tree,Consumer Staples,Consumer Staples Distribution & Retail,Consumer Staples Distribution & Retail,Consumer Staples Merchandise Retail,1177710839.0,2023-09-29T02:55:17Z,https://en.wikipedia.org/w/index.php?oldid=1177710839,matched_gics
2023-09-30,DXCM,Dexcom,Health Care,Health Care Equipment & Services,Health Care Equipment & Supplies,Health Care Equipment,1177710839.0,2023-09-29T02:55:17Z,https://en.wikipedia.org/w/index.php?oldid=1177710839,matched_gics
2023-09-30,EA,Electronic Arts,Communication Services,Media & Entertainment,Entertainment,Interactive Home Entertainment,1177710839.0,2023-09-29T02:55:17Z,https://en.wikipedia.org/w/index.php?oldid=1177710839,matched_gics
2023-09-30,EXC,Exelon,Utilities,Utilities,Multi-Utilities,Multi-Utilities,1177710839.0,2023-09-29T02:55:17Z,https://en.wikipedia.org/w/index.php?oldid=1177710839,matched_gics
2023-09-30,FANG,Diamondback Energy,Energy,Energy,"Oil, Gas & Consumable Fuels",Oil & Gas Exploration & Production,1177710839.0,2023-09-29T02:55:17Z,https://en.wikipedia.org/w/index.php?oldid=1177710839,matched_gics
2023-09-30,FAST,Fastenal,Industrials,Capital Goods,Building Products,Building Products,1177710839.0,2023-09-29T02:55:17Z,https://en.wikipedia.org/w/index.php?oldid=1177710839,matched_gics
2023-09-30,FTNT,Fortinet,Information Technology,Software & Services,Software,Systems Software,1177710839.0,2023-09-29T02:55:17Z,https://en.wikipedia.org/w/index.php?oldid=1177710839,matched_gics
2023-09-30,GEHC,GE HealthCare,Health Care,Health Care Equipment & Services,Health Care Technology,Health Care Technology,1177710839.0,2023-09-29T02:55:17Z,https://en.wikipedia.org/w/index.php?oldid=1177710839,matched_gics
2023-09-30,GFS,GLOBALFOUNDRIES Inc.,,,,,,,,missing_gics
2023-09-30,GILD,Gilead Sciences,Health Care,"Pharmaceuticals, Biotechnology & Life Sciences",Biotechnology,Biotechnology,1177710839.0,2023-09-29T02:55:17Z,https://en.wikipedia.org/w/index.php?oldid=1177710839,matched_gics
2023-09-30,GOOG,Alphabet Inc. (Class C),Communication Services,Media & Entertainment,Interactive Media & Services,Interactive Media & Services,1177710839.0,2023-09-29T02:55:17Z,https://en.wikipedia.org/w/index.php?oldid=1177710839,matched_gics
2023-09-30,GOOGL,Alphabet Inc. (Class A),Communication Services,Media & Entertainment,Interactive Media & Services,Interactive Media & Services,1177710839.0,2023-09-29T02:55:17Z,https://en.wikipedia.org/w/index.php?oldid=1177710839,matched_gics
2023-09-30,HON,Honeywell,Industrials,Capital Goods,Industrial Conglomerates,Industrial Conglomerates,1177710839.0,2023-09-29T02:55:17Z,https://en.wikipedia.org/w/index.php?oldid=1177710839,matched_gics
2023-09-30,IDXX,Idexx Laboratories,Health Care,Health Care Equipment & Services,Health Care Equipment & Supplies,Health Care Equipment,1177710839.0,2023-09-29T02:55:17Z,https://en.wikipedia.org/w/index.php?oldid=1177710839,matched_gics
2023-09-30,ILMN,Illumina,Health Care,"Pharmaceuticals, Biotechnology & Life Sciences",Life Sciences Tools & Services,Life Sciences Tools & Services,1177710839.0,2023-09-29T02:55:17Z,https://en.wikipedia.org/w/index.php?oldid=1177710839,matched_gics
2023-09-30,INTC,Intel,Information Technology,Semiconductors & Semiconductor Equipment,Semiconductors & Semiconductor Equipment,Semiconductors,1177710839.0,2023-09-29T02:55:17Z,https://en.wikipedia.org/w/index.php?oldid=1177710839,matched_gics
2023-09-30,INTU,Intuit,Information Technology,Software & Services,Software,Application Software,1177710839.0,2023-09-29T02:55:17Z,https://en.wikipedia.org/w/index.php?oldid=1177710839,matched_gics
2023-09-30,ISRG,Intuitive Surgical,Health Care,Health Care Equipment & Services,Health Care Equipment & Supplies,Health Care Equipment,1177710839.0,2023-09-29T02:55:17Z,https://en.wikipedia.org/w/index.php?oldid=1177710839,matched_gics
2023-09-30,KDP,Keurig Dr Pepper,Consumer Staples,"Food, Beverage & Tobacco",Beverages,Soft Drinks & Non-alcoholic Beverages,1177710839.0,2023-09-29T02:55:17Z,https://en.wikipedia.org/w/index.php?oldid=1177710839,matched_gics
2023-09-30,KHC,Kraft Heinz,Consumer Staples,"Food, Beverage & Tobacco",Food Products,Packaged Foods & Meats,1177710839.0,2023-09-29T02:55:17Z,https://en.wikipedia.org/w/index.php?oldid=1177710839,matched_gics
2023-09-30,KLAC,KLA Corporation,Information Technology,Semiconductors & Semiconductor Equipment,Semiconductors & Semiconductor Equipment,Semiconductor Materials & Equipment,1177710839.0,2023-09-29T02:55:17Z,https://en.wikipedia.org/w/index.php?oldid=1177710839,matched_gics
2023-09-30,LRCX,Lam Research,Information Technology,Semiconductors & Semiconductor Equipment,Semiconductors & Semiconductor Equipment,Semiconductor Materials & Equipment,1177710839.0,2023-09-29T02:55:17Z,https://en.wikipedia.org/w/index.php?oldid=1177710839,matched_gics
2023-09-30,LULU,lululemon athletica inc.,,,,,,,,missing_gics
2023-09-30,MAR,Marriott International,Consumer Discretionary,Consumer Services,"Hotels, Restaurants & Leisure","Hotels, Resorts & Cruise Lines",1177710839.0,2023-09-29T02:55:17Z,https://en.wikipedia.org/w/index.php?oldid=1177710839,matched_gics
2023-09-30,MCHP,Microchip Technology,Information Technology,Semiconductors & Semiconductor Equipment,Semiconductors & Semiconductor Equipment,Semiconductors,1177710839.0,2023-09-29T02:55:17Z,https://en.wikipedia.org/w/index.php?oldid=1177710839,matched_gics
2023-09-30,MDB,"MongoDB, Inc.",,,,,,,,missing_gics
2023-09-30,MDLZ,Mondelez International,Consumer Staples,"Food, Beverage & Tobacco",Food Products,Packaged Foods & Meats,1177710839.0,2023-09-29T02:55:17Z,https://en.wikipedia.org/w/index.php?oldid=1177710839,matched_gics
2023-09-30,MELI,MERCADOLIBRE INC,,,,,,,,missing_gics
2023-09-30,META,Meta Platforms,Communication Services,Media & Entertainment,Interactive Media & Services,Interactive Media & Services,1177710839.0,2023-09-29T02:55:17Z,https://en.wikipedia.org/w/index.php?oldid=1177710839,matched_gics
2023-09-30,MNST,Monster Beverage,Consumer Staples,"Food, Beverage & Tobacco",Beverages,Soft Drinks & Non-alcoholic Beverages,1177710839.0,2023-09-29T02:55:17Z,https://en.wikipedia.org/w/index.php?oldid=1177710839,matched_gics
2023-09-30,MRNA,Moderna,Health Care,"Pharmaceuticals, Biotechnology & Life Sciences",Biotechnology,Biotechnology,1177710839.0,2023-09-29T02:55:17Z,https://en.wikipedia.org/w/index.php?oldid=1177710839,matched_gics
2023-09-30,MRVL,"Marvell Technology, Inc.",,,,,,,,missing_gics
2023-09-30,MSFT,Microsoft,Information Technology,Software & Services,Software,Systems Software,1177710839.0,2023-09-29T02:55:17Z,https://en.wikipedia.org/w/index.php?oldid=1177710839,matched_gics
2023-09-30,MU,Micron Technology,Information Technology,Semiconductors & Semiconductor Equipment,Semiconductors & Semiconductor Equipment,Semiconductors,1177710839.0,2023-09-29T02:55:17Z,https://en.wikipedia.org/w/index.php?oldid=1177710839,matched_gics
2023-09-30,NFLX,Netflix,Communication Services,Media & Entertainment,Entertainment,Movies & Entertainment,1177710839.0,2023-09-29T02:55:17Z,https://en.wikipedia.org/w/index.php?oldid=1177710839,matched_gics
2023-09-30,NVDA,Nvidia,Information Technology,Semiconductors & Semiconductor Equipment,Semiconductors & Semiconductor Equipment,Semiconductors,1177710839.0,2023-09-29T02:55:17Z,https://en.wikipedia.org/w/index.php?oldid=1177710839,matched_gics
2023-09-30,NXPI,NXP Semiconductors,Information Technology,Semiconductors & Semiconductor Equipment,Semiconductors & Semiconductor Equipment,Semiconductors,1177710839.0,2023-09-29T02:55:17Z,https://en.wikipedia.org/w/index.php?oldid=1177710839,matched_gics
2023-09-30,ODFL,Old Dominion,Industrials,Transportation,Ground Transportation,Cargo Ground Transportation,1177710839.0,2023-09-29T02:55:17Z,https://en.wikipedia.org/w/index.php?oldid=1177710839,matched_gics
2023-09-30,ON,ON Semiconductor,Information Technology,Semiconductors & Semiconductor Equipment,Semiconductors & Semiconductor Equipment,Semiconductors,1177710839.0,2023-09-29T02:55:17Z,https://en.wikipedia.org/w/index.php?oldid=1177710839,matched_gics
2023-09-30,ORLY,O'Reilly Auto Parts,Consumer Discretionary,Consumer Discretionary Distribution & Retail,Specialty Retail,Automotive Retail,1177710839.0,2023-09-29T02:55:17Z,https://en.wikipedia.org/w/index.php?oldid=1177710839,matched_gics
2023-09-30,PANW,Palo Alto Networks,Information Technology,Software & Services,Software,Application Software,1177710839.0,2023-09-29T02:55:17Z,https://en.wikipedia.org/w/index.php?oldid=1177710839,matched_gics
2023-09-30,PAYX,Paychex,Industrials,Commercial & Professional Services,Professional Services,Human Resource & Employment Services,1177710839.0,2023-09-29T02:55:17Z,https://en.wikipedia.org/w/index.php?oldid=1177710839,matched_gics
2023-09-30,PCAR,Paccar,Industrials,Capital Goods,Machinery,Construction Machinery & Heavy Transportation Equipment,1177710839.0,2023-09-29T02:55:17Z,https://en.wikipedia.org/w/index.php?oldid=1177710839,matched_gics
2023-09-30,PDD,PDD Holdings Inc.,,,,,,,,missing_gics
2023-09-30,PEP,PepsiCo,Consumer Staples,"Food, Beverage & Tobacco",Beverages,Soft Drinks & Non-alcoholic Beverages,1177710839.0,2023-09-29T02:55:17Z,https://en.wikipedia.org/w/index.php?oldid=1177710839,matched_gics
2023-09-30,PYPL,PayPal,Financials,Financial Services,Financial Services,Transaction & Payment Processing Services,1177710839.0,2023-09-29T02:55:17Z,https://en.wikipedia.org/w/index.php?oldid=1177710839,matched_gics
2023-09-30,QCOM,Qualcomm,Information Technology,Semiconductors & Semiconductor Equipment,Semiconductors & Semiconductor Equipment,Semiconductors,1177710839.0,2023-09-29T02:55:17Z,https://en.wikipedia.org/w/index.php?oldid=1177710839,matched_gics
2023-09-30,REGN,Regeneron,Health Care,"Pharmaceuticals, Biotechnology & Life Sciences",Biotechnology,Biotechnology,1177710839.0,2023-09-29T02:55:17Z,https://en.wikipedia.org/w/index.php?oldid=1177710839,matched_gics
2023-09-30,ROP,Roper Technologies,Information Technology,Technology Hardware & Equipment,"Electronic Equipment, Instruments & Components",Electronic Equipment & Instruments,1177710839.0,2023-09-29T02:55:17Z,https://en.wikipedia.org/w/index.php?oldid=1177710839,matched_gics
2023-09-30,ROST,Ross Stores,Consumer Discretionary,Consumer Discretionary Distribution & Retail,Specialty Retail,Apparel Retail,1177710839.0,2023-09-29T02:55:17Z,https://en.wikipedia.org/w/index.php?oldid=1177710839,matched_gics
2023-09-30,SBUX,Starbucks,Consumer Discretionary,Consumer Services,"Hotels, Restaurants & Leisure",Restaurants,1177710839.0,2023-09-29T02:55:17Z,https://en.wikipedia.org/w/index.php?oldid=1177710839,matched_gics
2023-09-30,SIRI,SIRIUS XM HOLDINGS INC.,,,,,,,,missing_gics
2023-09-30,SNPS,Synopsys,Information Technology,Software & Services,Software,Application Software,1177710839.0,2023-09-29T02:55:17Z,https://en.wikipedia.org/w/index.php?oldid=1177710839,matched_gics
2023-09-30,SPLK,Splunk Inc.,,,,,,,,missing_gics
2023-09-30,TEAM,Atlassian Corp,,,,,,,,missing_gics
2023-09-30,TMUS,T-Mobile US,Communication Services,Telecommunication Services,Wireless Telecommunication Services,Wireless Telecommunication Services,1177710839.0,2023-09-29T02:55:17Z,https://en.wikipedia.org/w/index.php?oldid=1177710839,matched_gics
2023-09-30,TSLA,"Tesla, Inc.",Consumer Discretionary,Automobiles & Components,Automobiles,Automobile Manufacturers,1177710839.0,2023-09-29T02:55:17Z,https://en.wikipedia.org/w/index.php?oldid=1177710839,matched_gics
2023-09-30,TTD,"Trade Desk, Inc.",,,,,,,,missing_gics
2023-09-30,TTWO,Take-Two Interactive,Communication Services,Media & Entertainment,Entertainment,Interactive Home Entertainment,1177710839.0,2023-09-29T02:55:17Z,https://en.wikipedia.org/w/index.php?oldid=1177710839,matched_gics
2023-09-30,TXN,Texas Instruments,Information Technology,Semiconductors & Semiconductor Equipment,Semiconductors & Semiconductor Equipment,Semiconductors,1177710839.0,2023-09-29T02:55:17Z,https://en.wikipedia.org/w/index.php?oldid=1177710839,matched_gics
2023-09-30,VRSK,Verisk,Industrials,Commercial & Professional Services,Professional Services,Research & Consulting Services,1177710839.0,2023-09-29T02:55:17Z,https://en.wikipedia.org/w/index.php?oldid=1177710839,matched_gics
2023-09-30,VRTX,Vertex Pharmaceuticals,Health Care,"Pharmaceuticals, Biotechnology & Life Sciences",Biotechnology,Biotechnology,1177710839.0,2023-09-29T02:55:17Z,https://en.wikipedia.org/w/index.php?oldid=1177710839,matched_gics
2023-09-30,WBA,Walgreens Boots Alliance,Consumer Staples,Consumer Staples Distribution & Retail,Consumer Staples Distribution & Retail,Drug Retail,1177710839.0,2023-09-29T02:55:17Z,https://en.wikipedia.org/w/index.php?oldid=1177710839,matched_gics
2023-09-30,WBD,Warner Bros. Discovery,Communication Services,Media & Entertainment,Media,Broadcasting,1177710839.0,2023-09-29T02:55:17Z,https://en.wikipedia.org/w/index.php?oldid=1177710839,matched_gics
2023-09-30,WDAY,"Workday, Inc.",,,,,,,,missing_gics
2023-09-30,XEL,Xcel Energy,Utilities,Utilities,Multi-Utilities,Multi-Utilities,1177710839.0,2023-09-29T02:55:17Z,https://en.wikipedia.org/w/index.php?oldid=1177710839,matched_gics
2023-09-30,ZS,"Zscaler, Inc.",,,,,,,,missing_gics
2023-10-31,AAPL,Apple Inc.,Information Technology,Technology Hardware & Equipment,"Technology Hardware, Storage & Peripherals","Technology Hardware, Storage & Peripherals",1181754381.0,2023-10-25T00:45:20Z,https://en.wikipedia.org/w/index.php?oldid=1181754381,matched_gics
2023-10-31,ABNB,Airbnb,Consumer Discretionary,Consumer Services,"Hotels, Restaurants & Leisure","Hotels, Resorts & Cruise Lines",1181754381.0,2023-10-25T00:45:20Z,https://en.wikipedia.org/w/index.php?oldid=1181754381,matched_gics
2023-10-31,ADBE,Adobe Inc.,Information Technology,Software & Services,Software,Application Software,1181754381.0,2023-10-25T00:45:20Z,https://en.wikipedia.org/w/index.php?oldid=1181754381,matched_gics
2023-10-31,ADI,Analog Devices,Information Technology,Semiconductors & Semiconductor Equipment,Semiconductors & Semiconductor Equipment,Semiconductors,1181754381.0,2023-10-25T00:45:20Z,https://en.wikipedia.org/w/index.php?oldid=1181754381,matched_gics
2023-10-31,ADP,ADP,Industrials,Commercial & Professional Services,Professional Services,Human Resource & Employment Services,1181754381.0,2023-10-25T00:45:20Z,https://en.wikipedia.org/w/index.php?oldid=1181754381,matched_gics
2023-10-31,ADSK,Autodesk,Information Technology,Software & Services,Software,Application Software,1181754381.0,2023-10-25T00:45:20Z,https://en.wikipedia.org/w/index.php?oldid=1181754381,matched_gics
2023-10-31,AEP,American Electric Power,Utilities,Utilities,Electric Utilities,Electric Utilities,1181754381.0,2023-10-25T00:45:20Z,https://en.wikipedia.org/w/index.php?oldid=1181754381,matched_gics
2023-10-31,AMAT,Applied Materials,Information Technology,Semiconductors & Semiconductor Equipment,Semiconductors & Semiconductor Equipment,Semiconductor Materials & Equipment,1181754381.0,2023-10-25T00:45:20Z,https://en.wikipedia.org/w/index.php?oldid=1181754381,matched_gics
2023-10-31,AMD,AMD,Information Technology,Semiconductors & Semiconductor Equipment,Semiconductors & Semiconductor Equipment,Semiconductors,1181754381.0,2023-10-25T00:45:20Z,https://en.wikipedia.org/w/index.php?oldid=1181754381,matched_gics
2023-10-31,AMGN,Amgen,Health Care,"Pharmaceuticals, Biotechnology & Life Sciences",Biotechnology,Biotechnology,1181754381.0,2023-10-25T00:45:20Z,https://en.wikipedia.org/w/index.php?oldid=1181754381,matched_gics
2023-10-31,AMZN,Amazon,Consumer Discretionary,Consumer Discretionary Distribution & Retail,Broadline Retail,Broadline Retail,1181754381.0,2023-10-25T00:45:20Z,https://en.wikipedia.org/w/index.php?oldid=1181754381,matched_gics
2023-10-31,ANSS,Ansys,Information Technology,Software & Services,Software,Application Software,1181754381.0,2023-10-25T00:45:20Z,https://en.wikipedia.org/w/index.php?oldid=1181754381,matched_gics
2023-10-31,ASML,ASML HOLDING NV,,,,,,,,missing_gics
2023-10-31,AVGO,Broadcom Inc.,Information Technology,Semiconductors & Semiconductor Equipment,Semiconductors & Semiconductor Equipment,Semiconductors,1181754381.0,2023-10-25T00:45:20Z,https://en.wikipedia.org/w/index.php?oldid=1181754381,matched_gics
2023-10-31,AZN,ASTRAZENECA PLC,,,,,,,,missing_gics
2023-10-31,BIIB,Biogen,Health Care,"Pharmaceuticals, Biotechnology & Life Sciences",Biotechnology,Biotechnology,1181754381.0,2023-10-25T00:45:20Z,https://en.wikipedia.org/w/index.php?oldid=1181754381,matched_gics
2023-10-31,BKNG,Booking Holdings,Consumer Discretionary,Consumer Services,"Hotels, Restaurants & Leisure","Hotels, Resorts & Cruise Lines",1181754381.0,2023-10-25T00:45:20Z,https://en.wikipedia.org/w/index.php?oldid=1181754381,matched_gics
2023-10-31,BKR,Baker Hughes,Energy,Energy,Energy Equipment & Services,Oil & Gas Equipment & Services,1181754381.0,2023-10-25T00:45:20Z,https://en.wikipedia.org/w/index.php?oldid=1181754381,matched_gics
2023-10-31,CCEP,COCA-COLA EUROPACIFIC PARTNERS plc,,,,,,,,missing_gics
2023-10-31,CDNS,Cadence Design Systems,Information Technology,Software & Services,Software,Application Software,1181754381.0,2023-10-25T00:45:20Z,https://en.wikipedia.org/w/index.php?oldid=1181754381,matched_gics
2023-10-31,CDW,CDW,Information Technology,Technology Hardware & Equipment,"Electronic Equipment, Instruments & Components",Technology Distributors,1181754381.0,2023-10-25T00:45:20Z,https://en.wikipedia.org/w/index.php?oldid=1181754381,matched_gics
2023-10-31,CEG,Constellation Energy,Utilities,Utilities,Multi-Utilities,Multi-Utilities,1181754381.0,2023-10-25T00:45:20Z,https://en.wikipedia.org/w/index.php?oldid=1181754381,matched_gics
2023-10-31,CHTR,Charter Communications,Communication Services,Media,Media,Cable & Satellite,1181754381.0,2023-10-25T00:45:20Z,https://en.wikipedia.org/w/index.php?oldid=1181754381,matched_gics
2023-10-31,CMCSA,Comcast,Communication Services,Media,Media,Cable & Satellite,1181754381.0,2023-10-25T00:45:20Z,https://en.wikipedia.org/w/index.php?oldid=1181754381,matched_gics
2023-10-31,COST,Costco,Consumer Staples,Consumer Staples Distribution & Retail,Consumer Staples Distribution & Retail,Consumer Staples Merchandise Retail,1181754381.0,2023-10-25T00:45:20Z,https://en.wikipedia.org/w/index.php?oldid=1181754381,matched_gics
2023-10-31,CPRT,Copart,Industrials,Commercial & Professional Services,Commercial Services & Supplies,Diversified Support Services,1181754381.0,2023-10-25T00:45:20Z,https://en.wikipedia.org/w/index.php?oldid=1181754381,matched_gics
2023-10-31,CRWD,"CrowdStrike Holdings, Inc.",,,,,,,,missing_gics
2023-10-31,CSCO,Cisco,Information Technology,Technology Hardware & Equipment,Communications Equipment,Communications Equipment,1181754381.0,2023-10-25T00:45:20Z,https://en.wikipedia.org/w/index.php?oldid=1181754381,matched_gics
2023-10-31,CSGP,CoStar Group,Real Estate,Real Estate Management & Development,Real Estate Management & Development,Real Estate Services,1181754381.0,2023-10-25T00:45:20Z,https://en.wikipedia.org/w/index.php?oldid=1181754381,matched_gics
2023-10-31,CSX,CSX,Industrials,Transportation,Ground Transportation,Rail Transportation,1181754381.0,2023-10-25T00:45:20Z,https://en.wikipedia.org/w/index.php?oldid=1181754381,matched_gics
2023-10-31,CTAS,Cintas,Industrials,Commercial & Professional Services,Commercial Services & Supplies,Diversified Support Services,1181754381.0,2023-10-25T00:45:20Z,https://en.wikipedia.org/w/index.php?oldid=1181754381,matched_gics
2023-10-31,CTSH,Cognizant,Information Technology,Software & Services,IT Services,IT Consulting & Other Services,1181754381.0,2023-10-25T00:45:20Z,https://en.wikipedia.org/w/index.php?oldid=1181754381,matched_gics
2023-10-31,DASH,"DoorDash, Inc.",,,,,,,,missing_gics
2023-10-31,DDOG,"Datadog, Inc.",,,,,,,,missing_gics
2023-10-31,DLTR,Dollar Tree,Consumer Staples,Consumer Staples Distribution & Retail,Consumer Staples Distribution & Retail,Consumer Staples Merchandise Retail,1181754381.0,2023-10-25T00:45:20Z,https://en.wikipedia.org/w/index.php?oldid=1181754381,matched_gics
2023-10-31,DXCM,Dexcom,Health Care,Health Care Equipment & Services,Health Care Equipment & Supplies,Health Care Equipment,1181754381.0,2023-10-25T00:45:20Z,https://en.wikipedia.org/w/index.php?oldid=1181754381,matched_gics
2023-10-31,EA,Electronic Arts,Communication Services,Media & Entertainment,Entertainment,Interactive Home Entertainment,1181754381.0,2023-10-25T00:45:20Z,https://en.wikipedia.org/w/index.php?oldid=1181754381,matched_gics
2023-10-31,EXC,Exelon,Utilities,Utilities,Multi-Utilities,Multi-Utilities,1181754381.0,2023-10-25T00:45:20Z,https://en.wikipedia.org/w/index.php?oldid=1181754381,matched_gics
2023-10-31,FANG,Diamondback Energy,Energy,Energy,"Oil, Gas & Consumable Fuels",Oil & Gas Exploration & Production,1181754381.0,2023-10-25T00:45:20Z,https://en.wikipedia.org/w/index.php?oldid=1181754381,matched_gics
2023-10-31,FAST,Fastenal,Industrials,Capital Goods,Building Products,Building Products,1181754381.0,2023-10-25T00:45:20Z,https://en.wikipedia.org/w/index.php?oldid=1181754381,matched_gics
2023-10-31,FTNT,Fortinet,Information Technology,Software & Services,Software,Systems Software,1181754381.0,2023-10-25T00:45:20Z,https://en.wikipedia.org/w/index.php?oldid=1181754381,matched_gics
2023-10-31,GEHC,GE HealthCare,Health Care,Health Care Equipment & Services,Health Care Technology,Health Care Technology,1181754381.0,2023-10-25T00:45:20Z,https://en.wikipedia.org/w/index.php?oldid=1181754381,matched_gics
2023-10-31,GFS,GLOBALFOUNDRIES Inc.,,,,,,,,missing_gics
2023-10-31,GILD,Gilead Sciences,Health Care,"Pharmaceuticals, Biotechnology & Life Sciences",Biotechnology,Biotechnology,1181754381.0,2023-10-25T00:45:20Z,https://en.wikipedia.org/w/index.php?oldid=1181754381,matched_gics
2023-10-31,GOOG,Alphabet Inc. (Class C),Communication Services,Media & Entertainment,Interactive Media & Services,Interactive Media & Services,1181754381.0,2023-10-25T00:45:20Z,https://en.wikipedia.org/w/index.php?oldid=1181754381,matched_gics
2023-10-31,GOOGL,Alphabet Inc. (Class A),Communication Services,Media & Entertainment,Interactive Media & Services,Interactive Media & Services,1181754381.0,2023-10-25T00:45:20Z,https://en.wikipedia.org/w/index.php?oldid=1181754381,matched_gics
2023-10-31,HON,Honeywell,Industrials,Capital Goods,Industrial Conglomerates,Industrial Conglomerates,1181754381.0,2023-10-25T00:45:20Z,https://en.wikipedia.org/w/index.php?oldid=1181754381,matched_gics
2023-10-31,IDXX,Idexx Laboratories,Health Care,Health Care Equipment & Services,Health Care Equipment & Supplies,Health Care Equipment,1181754381.0,2023-10-25T00:45:20Z,https://en.wikipedia.org/w/index.php?oldid=1181754381,matched_gics
2023-10-31,ILMN,Illumina,Health Care,"Pharmaceuticals, Biotechnology & Life Sciences",Life Sciences Tools & Services,Life Sciences Tools & Services,1181754381.0,2023-10-25T00:45:20Z,https://en.wikipedia.org/w/index.php?oldid=1181754381,matched_gics
2023-10-31,INTC,Intel,Information Technology,Semiconductors & Semiconductor Equipment,Semiconductors & Semiconductor Equipment,Semiconductors,1181754381.0,2023-10-25T00:45:20Z,https://en.wikipedia.org/w/index.php?oldid=1181754381,matched_gics
2023-10-31,INTU,Intuit,Information Technology,Software & Services,Software,Application Software,1181754381.0,2023-10-25T00:45:20Z,https://en.wikipedia.org/w/index.php?oldid=1181754381,matched_gics
2023-10-31,ISRG,Intuitive Surgical,Health Care,Health Care Equipment & Services,Health Care Equipment & Supplies,Health Care Equipment,1181754381.0,2023-10-25T00:45:20Z,https://en.wikipedia.org/w/index.php?oldid=1181754381,matched_gics
2023-10-31,KDP,Keurig Dr Pepper,Consumer Staples,"Food, Beverage & Tobacco",Beverages,Soft Drinks & Non-alcoholic Beverages,1181754381.0,2023-10-25T00:45:20Z,https://en.wikipedia.org/w/index.php?oldid=1181754381,matched_gics
2023-10-31,KHC,Kraft Heinz,Consumer Staples,"Food, Beverage & Tobacco",Food Products,Packaged Foods & Meats,1181754381.0,2023-10-25T00:45:20Z,https://en.wikipedia.org/w/index.php?oldid=1181754381,matched_gics
2023-10-31,KLAC,KLA Corporation,Information Technology,Semiconductors & Semiconductor Equipment,Semiconductors & Semiconductor Equipment,Semiconductor Materials & Equipment,1181754381.0,2023-10-25T00:45:20Z,https://en.wikipedia.org/w/index.php?oldid=1181754381,matched_gics
2023-10-31,LRCX,Lam Research,Information Technology,Semiconductors & Semiconductor Equipment,Semiconductors & Semiconductor Equipment,Semiconductor Materials & Equipment,1181754381.0,2023-10-25T00:45:20Z,https://en.wikipedia.org/w/index.php?oldid=1181754381,matched_gics
2023-10-31,LULU,Lululemon Athletica,Consumer Discretionary,Consumer Durables & Apparel,"Textiles, Apparel & Luxury Goods","Apparel, Accessories & Luxury Goods",1181754381.0,2023-10-25T00:45:20Z,https://en.wikipedia.org/w/index.php?oldid=1181754381,matched_gics
2023-10-31,MAR,Marriott International,Consumer Discretionary,Consumer Services,"Hotels, Restaurants & Leisure","Hotels, Resorts & Cruise Lines",1181754381.0,2023-10-25T00:45:20Z,https://en.wikipedia.org/w/index.php?oldid=1181754381,matched_gics
2023-10-31,MCHP,Microchip Technology,Information Technology,Semiconductors & Semiconductor Equipment,Semiconductors & Semiconductor Equipment,Semiconductors,1181754381.0,2023-10-25T00:45:20Z,https://en.wikipedia.org/w/index.php?oldid=1181754381,matched_gics
2023-10-31,MDB,"MongoDB, Inc.",,,,,,,,missing_gics
2023-10-31,MDLZ,Mondelez International,Consumer Staples,"Food, Beverage & Tobacco",Food Products,Packaged Foods & Meats,1181754381.0,2023-10-25T00:45:20Z,https://en.wikipedia.org/w/index.php?oldid=1181754381,matched_gics
2023-10-31,MELI,MERCADOLIBRE INC,,,,,,,,missing_gics
2023-10-31,META,Meta Platforms,Communication Services,Media & Entertainment,Interactive Media & Services,Interactive Media & Services,1181754381.0,2023-10-25T00:45:20Z,https://en.wikipedia.org/w/index.php?oldid=1181754381,matched_gics
2023-10-31,MNST,Monster Beverage,Consumer Staples,"Food, Beverage & Tobacco",Beverages,Soft Drinks & Non-alcoholic Beverages,1181754381.0,2023-10-25T00:45:20Z,https://en.wikipedia.org/w/index.php?oldid=1181754381,matched_gics
2023-10-31,MRNA,Moderna,Health Care,"Pharmaceuticals, Biotechnology & Life Sciences",Biotechnology,Biotechnology,1181754381.0,2023-10-25T00:45:20Z,https://en.wikipedia.org/w/index.php?oldid=1181754381,matched_gics
2023-10-31,MRVL,"Marvell Technology, Inc.",,,,,,,,missing_gics
2023-10-31,MSFT,Microsoft,Information Technology,Software & Services,Software,Systems Software,1181754381.0,2023-10-25T00:45:20Z,https://en.wikipedia.org/w/index.php?oldid=1181754381,matched_gics
2023-10-31,MU,Micron Technology,Information Technology,Semiconductors & Semiconductor Equipment,Semiconductors & Semiconductor Equipment,Semiconductors,1181754381.0,2023-10-25T00:45:20Z,https://en.wikipedia.org/w/index.php?oldid=1181754381,matched_gics
2023-10-31,NFLX,Netflix,Communication Services,Media & Entertainment,Entertainment,Movies & Entertainment,1181754381.0,2023-10-25T00:45:20Z,https://en.wikipedia.org/w/index.php?oldid=1181754381,matched_gics
2023-10-31,NVDA,Nvidia,Information Technology,Semiconductors & Semiconductor Equipment,Semiconductors & Semiconductor Equipment,Semiconductors,1181754381.0,2023-10-25T00:45:20Z,https://en.wikipedia.org/w/index.php?oldid=1181754381,matched_gics
2023-10-31,NXPI,NXP Semiconductors,Information Technology,Semiconductors & Semiconductor Equipment,Semiconductors & Semiconductor Equipment,Semiconductors,1181754381.0,2023-10-25T00:45:20Z,https://en.wikipedia.org/w/index.php?oldid=1181754381,matched_gics
2023-10-31,ODFL,Old Dominion,Industrials,Transportation,Ground Transportation,Cargo Ground Transportation,1181754381.0,2023-10-25T00:45:20Z,https://en.wikipedia.org/w/index.php?oldid=1181754381,matched_gics
2023-10-31,ON,ON Semiconductor,Information Technology,Semiconductors & Semiconductor Equipment,Semiconductors & Semiconductor Equipment,Semiconductors,1181754381.0,2023-10-25T00:45:20Z,https://en.wikipedia.org/w/index.php?oldid=1181754381,matched_gics
2023-10-31,ORLY,O'Reilly Auto Parts,Consumer Discretionary,Consumer Discretionary Distribution & Retail,Specialty Retail,Automotive Retail,1181754381.0,2023-10-25T00:45:20Z,https://en.wikipedia.org/w/index.php?oldid=1181754381,matched_gics
2023-10-31,PANW,Palo Alto Networks,Information Technology,Software & Services,Software,Application Software,1181754381.0,2023-10-25T00:45:20Z,https://en.wikipedia.org/w/index.php?oldid=1181754381,matched_gics
2023-10-31,PAYX,Paychex,Industrials,Commercial & Professional Services,Professional Services,Human Resource & Employment Services,1181754381.0,2023-10-25T00:45:20Z,https://en.wikipedia.org/w/index.php?oldid=1181754381,matched_gics
2023-10-31,PCAR,Paccar,Industrials,Capital Goods,Machinery,Construction Machinery & Heavy Transportation Equipment,1181754381.0,2023-10-25T00:45:20Z,https://en.wikipedia.org/w/index.php?oldid=1181754381,matched_gics
2023-10-31,PDD,PDD Holdings Inc.,,,,,,,,missing_gics
2023-10-31,PEP,PepsiCo,Consumer Staples,"Food, Beverage & Tobacco",Beverages,Soft Drinks & Non-alcoholic Beverages,1181754381.0,2023-10-25T00:45:20Z,https://en.wikipedia.org/w/index.php?oldid=1181754381,matched_gics
2023-10-31,PYPL,PayPal,Financials,Financial Services,Financial Services,Transaction & Payment Processing Services,1181754381.0,2023-10-25T00:45:20Z,https://en.wikipedia.org/w/index.php?oldid=1181754381,matched_gics
2023-10-31,QCOM,Qualcomm,Information Technology,Semiconductors & Semiconductor Equipment,Semiconductors & Semiconductor Equipment,Semiconductors,1181754381.0,2023-10-25T00:45:20Z,https://en.wikipedia.org/w/index.php?oldid=1181754381,matched_gics
2023-10-31,REGN,Regeneron,Health Care,"Pharmaceuticals, Biotechnology & Life Sciences",Biotechnology,Biotechnology,1181754381.0,2023-10-25T00:45:20Z,https://en.wikipedia.org/w/index.php?oldid=1181754381,matched_gics
2023-10-31,ROP,Roper Technologies,Information Technology,Technology Hardware & Equipment,"Electronic Equipment, Instruments & Components",Electronic Equipment & Instruments,1181754381.0,2023-10-25T00:45:20Z,https://en.wikipedia.org/w/index.php?oldid=1181754381,matched_gics
2023-10-31,ROST,Ross Stores,Consumer Discretionary,Consumer Discretionary Distribution & Retail,Specialty Retail,Apparel Retail,1181754381.0,2023-10-25T00:45:20Z,https://en.wikipedia.org/w/index.php?oldid=1181754381,matched_gics
2023-10-31,SBUX,Starbucks,Consumer Discretionary,Consumer Services,"Hotels, Restaurants & Leisure",Restaurants,1181754381.0,2023-10-25T00:45:20Z,https://en.wikipedia.org/w/index.php?oldid=1181754381,matched_gics
2023-10-31,SIRI,SIRIUS XM HOLDINGS INC.,,,,,,,,missing_gics
2023-10-31,SNPS,Synopsys,Information Technology,Software & Services,Software,Application Software,1181754381.0,2023-10-25T00:45:20Z,https://en.wikipedia.org/w/index.php?oldid=1181754381,matched_gics
2023-10-31,SPLK,Splunk Inc.,,,,,,,,missing_gics
2023-10-31,TEAM,Atlassian Corp,,,,,,,,missing_gics
2023-10-31,TMUS,T-Mobile US,Communication Services,Telecommunication Services,Wireless Telecommunication Services,Wireless Telecommunication Services,1181754381.0,2023-10-25T00:45:20Z,https://en.wikipedia.org/w/index.php?oldid=1181754381,matched_gics
2023-10-31,TSLA,"Tesla, Inc.",Consumer Discretionary,Automobiles & Components,Automobiles,Automobile Manufacturers,1181754381.0,2023-10-25T00:45:20Z,https://en.wikipedia.org/w/index.php?oldid=1181754381,matched_gics
2023-10-31,TTD,"Trade Desk, Inc.",,,,,,,,missing_gics
2023-10-31,TTWO,Take-Two Interactive,Communication Services,Media & Entertainment,Entertainment,Interactive Home Entertainment,1181754381.0,2023-10-25T00:45:20Z,https://en.wikipedia.org/w/index.php?oldid=1181754381,matched_gics
2023-10-31,TXN,Texas Instruments,Information Technology,Semiconductors & Semiconductor Equipment,Semiconductors & Semiconductor Equipment,Semiconductors,1181754381.0,2023-10-25T00:45:20Z,https://en.wikipedia.org/w/index.php?oldid=1181754381,matched_gics
2023-10-31,VRSK,Verisk,Industrials,Commercial & Professional Services,Professional Services,Research & Consulting Services,1181754381.0,2023-10-25T00:45:20Z,https://en.wikipedia.org/w/index.php?oldid=1181754381,matched_gics
2023-10-31,VRTX,Vertex Pharmaceuticals,Health Care,"Pharmaceuticals, Biotechnology & Life Sciences",Biotechnology,Biotechnology,1181754381.0,2023-10-25T00:45:20Z,https://en.wikipedia.org/w/index.php?oldid=1181754381,matched_gics
2023-10-31,WBA,Walgreens Boots Alliance,Consumer Staples,Consumer Staples Distribution & Retail,Consumer Staples Distribution & Retail,Drug Retail,1181754381.0,2023-10-25T00:45:20Z,https://en.wikipedia.org/w/index.php?oldid=1181754381,matched_gics
2023-10-31,WBD,Warner Bros. Discovery,Communication Services,Media & Entertainment,Media,Broadcasting,1181754381.0,2023-10-25T00:45:20Z,https://en.wikipedia.org/w/index.php?oldid=1181754381,matched_gics
2023-10-31,WDAY,"Workday, Inc.",,,,,,,,missing_gics
2023-10-31,XEL,Xcel Energy,Utilities,Utilities,Multi-Utilities,Multi-Utilities,1181754381.0,2023-10-25T00:45:20Z,https://en.wikipedia.org/w/index.php?oldid=1181754381,matched_gics
2023-10-31,ZS,"Zscaler, Inc.",,,,,,,,missing_gics
2023-11-30,AAPL,Apple Inc.,Information Technology,Technology Hardware & Equipment,"Technology Hardware, Storage & Peripherals","Technology Hardware, Storage & Peripherals",1186077809.0,2023-11-20T20:02:31Z,https://en.wikipedia.org/w/index.php?oldid=1186077809,matched_gics
2023-11-30,ABNB,Airbnb,Consumer Discretionary,Consumer Services,"Hotels, Restaurants & Leisure","Hotels, Resorts & Cruise Lines",1186077809.0,2023-11-20T20:02:31Z,https://en.wikipedia.org/w/index.php?oldid=1186077809,matched_gics
2023-11-30,ADBE,Adobe Inc.,Information Technology,Software & Services,Software,Application Software,1186077809.0,2023-11-20T20:02:31Z,https://en.wikipedia.org/w/index.php?oldid=1186077809,matched_gics
2023-11-30,ADI,Analog Devices,Information Technology,Semiconductors & Semiconductor Equipment,Semiconductors & Semiconductor Equipment,Semiconductors,1186077809.0,2023-11-20T20:02:31Z,https://en.wikipedia.org/w/index.php?oldid=1186077809,matched_gics
2023-11-30,ADP,ADP,Industrials,Commercial & Professional Services,Professional Services,Human Resource & Employment Services,1186077809.0,2023-11-20T20:02:31Z,https://en.wikipedia.org/w/index.php?oldid=1186077809,matched_gics
2023-11-30,ADSK,Autodesk,Information Technology,Software & Services,Software,Application Software,1186077809.0,2023-11-20T20:02:31Z,https://en.wikipedia.org/w/index.php?oldid=1186077809,matched_gics
2023-11-30,AEP,American Electric Power,Utilities,Utilities,Electric Utilities,Electric Utilities,1186077809.0,2023-11-20T20:02:31Z,https://en.wikipedia.org/w/index.php?oldid=1186077809,matched_gics
2023-11-30,AMAT,Applied Materials,Information Technology,Semiconductors & Semiconductor Equipment,Semiconductors & Semiconductor Equipment,Semiconductor Materials & Equipment,1186077809.0,2023-11-20T20:02:31Z,https://en.wikipedia.org/w/index.php?oldid=1186077809,matched_gics
2023-11-30,AMD,AMD,Information Technology,Semiconductors & Semiconductor Equipment,Semiconductors & Semiconductor Equipment,Semiconductors,1186077809.0,2023-11-20T20:02:31Z,https://en.wikipedia.org/w/index.php?oldid=1186077809,matched_gics
2023-11-30,AMGN,Amgen,Health Care,"Pharmaceuticals, Biotechnology & Life Sciences",Biotechnology,Biotechnology,1186077809.0,2023-11-20T20:02:31Z,https://en.wikipedia.org/w/index.php?oldid=1186077809,matched_gics
2023-11-30,AMZN,Amazon,Consumer Discretionary,Consumer Discretionary Distribution & Retail,Broadline Retail,Broadline Retail,1186077809.0,2023-11-20T20:02:31Z,https://en.wikipedia.org/w/index.php?oldid=1186077809,matched_gics
2023-11-30,ANSS,Ansys,Information Technology,Software & Services,Software,Application Software,1186077809.0,2023-11-20T20:02:31Z,https://en.wikipedia.org/w/index.php?oldid=1186077809,matched_gics
2023-11-30,ASML,ASML HOLDING NV,,,,,,,,missing_gics
2023-11-30,AVGO,Broadcom Inc.,Information Technology,Semiconductors & Semiconductor Equipment,Semiconductors & Semiconductor Equipment,Semiconductors,1186077809.0,2023-11-20T20:02:31Z,https://en.wikipedia.org/w/index.php?oldid=1186077809,matched_gics
2023-11-30,AZN,ASTRAZENECA PLC,,,,,,,,missing_gics
2023-11-30,BIIB,Biogen,Health Care,"Pharmaceuticals, Biotechnology & Life Sciences",Biotechnology,Biotechnology,1186077809.0,2023-11-20T20:02:31Z,https://en.wikipedia.org/w/index.php?oldid=1186077809,matched_gics
2023-11-30,BKNG,Booking Holdings,Consumer Discretionary,Consumer Services,"Hotels, Restaurants & Leisure","Hotels, Resorts & Cruise Lines",1186077809.0,2023-11-20T20:02:31Z,https://en.wikipedia.org/w/index.php?oldid=1186077809,matched_gics
2023-11-30,BKR,Baker Hughes,Energy,Energy,Energy Equipment & Services,Oil & Gas Equipment & Services,1186077809.0,2023-11-20T20:02:31Z,https://en.wikipedia.org/w/index.php?oldid=1186077809,matched_gics
2023-11-30,CCEP,COCA-COLA EUROPACIFIC PARTNERS plc,,,,,,,,missing_gics
2023-11-30,CDNS,Cadence Design Systems,Information Technology,Software & Services,Software,Application Software,1186077809.0,2023-11-20T20:02:31Z,https://en.wikipedia.org/w/index.php?oldid=1186077809,matched_gics
2023-11-30,CDW,CDW,Information Technology,Technology Hardware & Equipment,"Electronic Equipment, Instruments & Components",Technology Distributors,1186077809.0,2023-11-20T20:02:31Z,https://en.wikipedia.org/w/index.php?oldid=1186077809,matched_gics
2023-11-30,CEG,Constellation Energy,Utilities,Utilities,Multi-Utilities,Multi-Utilities,1186077809.0,2023-11-20T20:02:31Z,https://en.wikipedia.org/w/index.php?oldid=1186077809,matched_gics
2023-11-30,CHTR,Charter Communications,Communication Services,Media,Media,Cable & Satellite,1186077809.0,2023-11-20T20:02:31Z,https://en.wikipedia.org/w/index.php?oldid=1186077809,matched_gics
2023-11-30,CMCSA,Comcast,Communication Services,Media,Media,Cable & Satellite,1186077809.0,2023-11-20T20:02:31Z,https://en.wikipedia.org/w/index.php?oldid=1186077809,matched_gics
2023-11-30,COST,Costco,Consumer Staples,Consumer Staples Distribution & Retail,Consumer Staples Distribution & Retail,Consumer Staples Merchandise Retail,1186077809.0,2023-11-20T20:02:31Z,https://en.wikipedia.org/w/index.php?oldid=1186077809,matched_gics
2023-11-30,CPRT,Copart,Industrials,Commercial & Professional Services,Commercial Services & Supplies,Diversified Support Services,1186077809.0,2023-11-20T20:02:31Z,https://en.wikipedia.org/w/index.php?oldid=1186077809,matched_gics
2023-11-30,CRWD,"CrowdStrike Holdings, Inc.",,,,,,,,missing_gics
2023-11-30,CSCO,Cisco,Information Technology,Technology Hardware & Equipment,Communications Equipment,Communications Equipment,1186077809.0,2023-11-20T20:02:31Z,https://en.wikipedia.org/w/index.php?oldid=1186077809,matched_gics
2023-11-30,CSGP,CoStar Group,Real Estate,Real Estate Management & Development,Real Estate Management & Development,Real Estate Services,1186077809.0,2023-11-20T20:02:31Z,https://en.wikipedia.org/w/index.php?oldid=1186077809,matched_gics
2023-11-30,CSX,CSX,Industrials,Transportation,Ground Transportation,Rail Transportation,1186077809.0,2023-11-20T20:02:31Z,https://en.wikipedia.org/w/index.php?oldid=1186077809,matched_gics
2023-11-30,CTAS,Cintas,Industrials,Commercial & Professional Services,Commercial Services & Supplies,Diversified Support Services,1186077809.0,2023-11-20T20:02:31Z,https://en.wikipedia.org/w/index.php?oldid=1186077809,matched_gics
2023-11-30,CTSH,Cognizant,Information Technology,Software & Services,IT Services,IT Consulting & Other Services,1186077809.0,2023-11-20T20:02:31Z,https://en.wikipedia.org/w/index.php?oldid=1186077809,matched_gics
2023-11-30,DASH,"DoorDash, Inc.",,,,,,,,missing_gics
2023-11-30,DDOG,"Datadog, Inc.",,,,,,,,missing_gics
2023-11-30,DLTR,Dollar Tree,Consumer Staples,Consumer Staples Distribution & Retail,Consumer Staples Distribution & Retail,Consumer Staples Merchandise Retail,1186077809.0,2023-11-20T20:02:31Z,https://en.wikipedia.org/w/index.php?oldid=1186077809,matched_gics
2023-11-30,DXCM,Dexcom,Health Care,Health Care Equipment & Services,Health Care Equipment & Supplies,Health Care Equipment,1186077809.0,2023-11-20T20:02:31Z,https://en.wikipedia.org/w/index.php?oldid=1186077809,matched_gics
2023-11-30,EA,Electronic Arts,Communication Services,Media & Entertainment,Entertainment,Interactive Home Entertainment,1186077809.0,2023-11-20T20:02:31Z,https://en.wikipedia.org/w/index.php?oldid=1186077809,matched_gics
2023-11-30,EXC,Exelon,Utilities,Utilities,Multi-Utilities,Multi-Utilities,1186077809.0,2023-11-20T20:02:31Z,https://en.wikipedia.org/w/index.php?oldid=1186077809,matched_gics
2023-11-30,FANG,Diamondback Energy,Energy,Energy,"Oil, Gas & Consumable Fuels",Oil & Gas Exploration & Production,1186077809.0,2023-11-20T20:02:31Z,https://en.wikipedia.org/w/index.php?oldid=1186077809,matched_gics
2023-11-30,FAST,Fastenal,Industrials,Capital Goods,Building Products,Building Products,1186077809.0,2023-11-20T20:02:31Z,https://en.wikipedia.org/w/index.php?oldid=1186077809,matched_gics
2023-11-30,FTNT,Fortinet,Information Technology,Software & Services,Software,Systems Software,1186077809.0,2023-11-20T20:02:31Z,https://en.wikipedia.org/w/index.php?oldid=1186077809,matched_gics
2023-11-30,GEHC,GE HealthCare,Health Care,Health Care Equipment & Services,Health Care Technology,Health Care Technology,1186077809.0,2023-11-20T20:02:31Z,https://en.wikipedia.org/w/index.php?oldid=1186077809,matched_gics
2023-11-30,GFS,GLOBALFOUNDRIES Inc.,,,,,,,,missing_gics
2023-11-30,GILD,Gilead Sciences,Health Care,"Pharmaceuticals, Biotechnology & Life Sciences",Biotechnology,Biotechnology,1186077809.0,2023-11-20T20:02:31Z,https://en.wikipedia.org/w/index.php?oldid=1186077809,matched_gics
2023-11-30,GOOG,Alphabet Inc. (Class C),Communication Services,Media & Entertainment,Interactive Media & Services,Interactive Media & Services,1186077809.0,2023-11-20T20:02:31Z,https://en.wikipedia.org/w/index.php?oldid=1186077809,matched_gics
2023-11-30,GOOGL,Alphabet Inc. (Class A),Communication Services,Media & Entertainment,Interactive Media & Services,Interactive Media & Services,1186077809.0,2023-11-20T20:02:31Z,https://en.wikipedia.org/w/index.php?oldid=1186077809,matched_gics
2023-11-30,HON,Honeywell,Industrials,Capital Goods,Industrial Conglomerates,Industrial Conglomerates,1186077809.0,2023-11-20T20:02:31Z,https://en.wikipedia.org/w/index.php?oldid=1186077809,matched_gics
2023-11-30,IDXX,Idexx Laboratories,Health Care,Health Care Equipment & Services,Health Care Equipment & Supplies,Health Care Equipment,1186077809.0,2023-11-20T20:02:31Z,https://en.wikipedia.org/w/index.php?oldid=1186077809,matched_gics
2023-11-30,ILMN,Illumina,Health Care,"Pharmaceuticals, Biotechnology & Life Sciences",Life Sciences Tools & Services,Life Sciences Tools & Services,1186077809.0,2023-11-20T20:02:31Z,https://en.wikipedia.org/w/index.php?oldid=1186077809,matched_gics
2023-11-30,INTC,Intel,Information Technology,Semiconductors & Semiconductor Equipment,Semiconductors & Semiconductor Equipment,Semiconductors,1186077809.0,2023-11-20T20:02:31Z,https://en.wikipedia.org/w/index.php?oldid=1186077809,matched_gics
2023-11-30,INTU,Intuit,Information Technology,Software & Services,Software,Application Software,1186077809.0,2023-11-20T20:02:31Z,https://en.wikipedia.org/w/index.php?oldid=1186077809,matched_gics
2023-11-30,ISRG,Intuitive Surgical,Health Care,Health Care Equipment & Services,Health Care Equipment & Supplies,Health Care Equipment,1186077809.0,2023-11-20T20:02:31Z,https://en.wikipedia.org/w/index.php?oldid=1186077809,matched_gics
2023-11-30,KDP,Keurig Dr Pepper,Consumer Staples,"Food, Beverage & Tobacco",Beverages,Soft Drinks & Non-alcoholic Beverages,1186077809.0,2023-11-20T20:02:31Z,https://en.wikipedia.org/w/index.php?oldid=1186077809,matched_gics
2023-11-30,KHC,Kraft Heinz,Consumer Staples,"Food, Beverage & Tobacco",Food Products,Packaged Foods & Meats,1186077809.0,2023-11-20T20:02:31Z,https://en.wikipedia.org/w/index.php?oldid=1186077809,matched_gics
2023-11-30,KLAC,KLA Corporation,Information Technology,Semiconductors & Semiconductor Equipment,Semiconductors & Semiconductor Equipment,Semiconductor Materials & Equipment,1186077809.0,2023-11-20T20:02:31Z,https://en.wikipedia.org/w/index.php?oldid=1186077809,matched_gics
2023-11-30,LRCX,Lam Research,Information Technology,Semiconductors & Semiconductor Equipment,Semiconductors & Semiconductor Equipment,Semiconductor Materials & Equipment,1186077809.0,2023-11-20T20:02:31Z,https://en.wikipedia.org/w/index.php?oldid=1186077809,matched_gics
2023-11-30,LULU,Lululemon Athletica,Consumer Discretionary,Consumer Durables & Apparel,"Textiles, Apparel & Luxury Goods","Apparel, Accessories & Luxury Goods",1186077809.0,2023-11-20T20:02:31Z,https://en.wikipedia.org/w/index.php?oldid=1186077809,matched_gics
2023-11-30,MAR,Marriott International,Consumer Discretionary,Consumer Services,"Hotels, Restaurants & Leisure","Hotels, Resorts & Cruise Lines",1186077809.0,2023-11-20T20:02:31Z,https://en.wikipedia.org/w/index.php?oldid=1186077809,matched_gics
2023-11-30,MCHP,Microchip Technology,Information Technology,Semiconductors & Semiconductor Equipment,Semiconductors & Semiconductor Equipment,Semiconductors,1186077809.0,2023-11-20T20:02:31Z,https://en.wikipedia.org/w/index.php?oldid=1186077809,matched_gics
2023-11-30,MDB,"MongoDB, Inc.",,,,,,,,missing_gics
2023-11-30,MDLZ,Mondelez International,Consumer Staples,"Food, Beverage & Tobacco",Food Products,Packaged Foods & Meats,1186077809.0,2023-11-20T20:02:31Z,https://en.wikipedia.org/w/index.php?oldid=1186077809,matched_gics
2023-11-30,MELI,MERCADOLIBRE INC,,,,,,,,missing_gics
2023-11-30,META,Meta Platforms,Communication Services,Media & Entertainment,Interactive Media & Services,Interactive Media & Services,1186077809.0,2023-11-20T20:02:31Z,https://en.wikipedia.org/w/index.php?oldid=1186077809,matched_gics
2023-11-30,MNST,Monster Beverage,Consumer Staples,"Food, Beverage & Tobacco",Beverages,Soft Drinks & Non-alcoholic Beverages,1186077809.0,2023-11-20T20:02:31Z,https://en.wikipedia.org/w/index.php?oldid=1186077809,matched_gics
2023-11-30,MRNA,Moderna,Health Care,"Pharmaceuticals, Biotechnology & Life Sciences",Biotechnology,Biotechnology,1186077809.0,2023-11-20T20:02:31Z,https://en.wikipedia.org/w/index.php?oldid=1186077809,matched_gics
2023-11-30,MRVL,"Marvell Technology, Inc.",,,,,,,,missing_gics
2023-11-30,MSFT,Microsoft,Information Technology,Software & Services,Software,Systems Software,1186077809.0,2023-11-20T20:02:31Z,https://en.wikipedia.org/w/index.php?oldid=1186077809,matched_gics
2023-11-30,MU,Micron Technology,Information Technology,Semiconductors & Semiconductor Equipment,Semiconductors & Semiconductor Equipment,Semiconductors,1186077809.0,2023-11-20T20:02:31Z,https://en.wikipedia.org/w/index.php?oldid=1186077809,matched_gics
2023-11-30,NFLX,Netflix,Communication Services,Media & Entertainment,Entertainment,Movies & Entertainment,1186077809.0,2023-11-20T20:02:31Z,https://en.wikipedia.org/w/index.php?oldid=1186077809,matched_gics
2023-11-30,NVDA,Nvidia,Information Technology,Semiconductors & Semiconductor Equipment,Semiconductors & Semiconductor Equipment,Semiconductors,1186077809.0,2023-11-20T20:02:31Z,https://en.wikipedia.org/w/index.php?oldid=1186077809,matched_gics
2023-11-30,NXPI,NXP Semiconductors,Information Technology,Semiconductors & Semiconductor Equipment,Semiconductors & Semiconductor Equipment,Semiconductors,1186077809.0,2023-11-20T20:02:31Z,https://en.wikipedia.org/w/index.php?oldid=1186077809,matched_gics
2023-11-30,ODFL,Old Dominion,Industrials,Transportation,Ground Transportation,Cargo Ground Transportation,1186077809.0,2023-11-20T20:02:31Z,https://en.wikipedia.org/w/index.php?oldid=1186077809,matched_gics
2023-11-30,ON,ON Semiconductor,Information Technology,Semiconductors & Semiconductor Equipment,Semiconductors & Semiconductor Equipment,Semiconductors,1186077809.0,2023-11-20T20:02:31Z,https://en.wikipedia.org/w/index.php?oldid=1186077809,matched_gics
2023-11-30,ORLY,O'Reilly Auto Parts,Consumer Discretionary,Consumer Discretionary Distribution & Retail,Specialty Retail,Automotive Retail,1186077809.0,2023-11-20T20:02:31Z,https://en.wikipedia.org/w/index.php?oldid=1186077809,matched_gics
2023-11-30,PANW,Palo Alto Networks,Information Technology,Software & Services,Software,Systems Software,1186077809.0,2023-11-20T20:02:31Z,https://en.wikipedia.org/w/index.php?oldid=1186077809,matched_gics
2023-11-30,PAYX,Paychex,Industrials,Commercial & Professional Services,Professional Services,Human Resource & Employment Services,1186077809.0,2023-11-20T20:02:31Z,https://en.wikipedia.org/w/index.php?oldid=1186077809,matched_gics
2023-11-30,PCAR,Paccar,Industrials,Capital Goods,Machinery,Construction Machinery & Heavy Transportation Equipment,1186077809.0,2023-11-20T20:02:31Z,https://en.wikipedia.org/w/index.php?oldid=1186077809,matched_gics
2023-11-30,PDD,PDD Holdings Inc.,,,,,,,,missing_gics
2023-11-30,PEP,PepsiCo,Consumer Staples,"Food, Beverage & Tobacco",Beverages,Soft Drinks & Non-alcoholic Beverages,1186077809.0,2023-11-20T20:02:31Z,https://en.wikipedia.org/w/index.php?oldid=1186077809,matched_gics
2023-11-30,PYPL,PayPal,Financials,Financial Services,Financial Services,Transaction & Payment Processing Services,1186077809.0,2023-11-20T20:02:31Z,https://en.wikipedia.org/w/index.php?oldid=1186077809,matched_gics
2023-11-30,QCOM,Qualcomm,Information Technology,Semiconductors & Semiconductor Equipment,Semiconductors & Semiconductor Equipment,Semiconductors,1186077809.0,2023-11-20T20:02:31Z,https://en.wikipedia.org/w/index.php?oldid=1186077809,matched_gics
2023-11-30,REGN,Regeneron,Health Care,"Pharmaceuticals, Biotechnology & Life Sciences",Biotechnology,Biotechnology,1186077809.0,2023-11-20T20:02:31Z,https://en.wikipedia.org/w/index.php?oldid=1186077809,matched_gics
2023-11-30,ROP,Roper Technologies,Information Technology,Technology Hardware & Equipment,"Electronic Equipment, Instruments & Components",Electronic Equipment & Instruments,1186077809.0,2023-11-20T20:02:31Z,https://en.wikipedia.org/w/index.php?oldid=1186077809,matched_gics
2023-11-30,ROST,Ross Stores,Consumer Discretionary,Consumer Discretionary Distribution & Retail,Specialty Retail,Apparel Retail,1186077809.0,2023-11-20T20:02:31Z,https://en.wikipedia.org/w/index.php?oldid=1186077809,matched_gics
2023-11-30,SBUX,Starbucks,Consumer Discretionary,Consumer Services,"Hotels, Restaurants & Leisure",Restaurants,1186077809.0,2023-11-20T20:02:31Z,https://en.wikipedia.org/w/index.php?oldid=1186077809,matched_gics
2023-11-30,SIRI,SIRIUS XM HOLDINGS INC.,,,,,,,,missing_gics
2023-11-30,SNPS,Synopsys,Information Technology,Software & Services,Software,Application Software,1186077809.0,2023-11-20T20:02:31Z,https://en.wikipedia.org/w/index.php?oldid=1186077809,matched_gics
2023-11-30,SPLK,Splunk Inc.,,,,,,,,missing_gics
2023-11-30,TEAM,Atlassian Corp,,,,,,,,missing_gics
2023-11-30,TMUS,T-Mobile US,Communication Services,Telecommunication Services,Wireless Telecommunication Services,Wireless Telecommunication Services,1186077809.0,2023-11-20T20:02:31Z,https://en.wikipedia.org/w/index.php?oldid=1186077809,matched_gics
2023-11-30,TSLA,"Tesla, Inc.",Consumer Discretionary,Automobiles & Components,Automobiles,Automobile Manufacturers,1186077809.0,2023-11-20T20:02:31Z,https://en.wikipedia.org/w/index.php?oldid=1186077809,matched_gics
2023-11-30,TTD,"Trade Desk, Inc.",,,,,,,,missing_gics
2023-11-30,TTWO,Take-Two Interactive,Communication Services,Media & Entertainment,Entertainment,Interactive Home Entertainment,1186077809.0,2023-11-20T20:02:31Z,https://en.wikipedia.org/w/index.php?oldid=1186077809,matched_gics
2023-11-30,TXN,Texas Instruments,Information Technology,Semiconductors & Semiconductor Equipment,Semiconductors & Semiconductor Equipment,Semiconductors,1186077809.0,2023-11-20T20:02:31Z,https://en.wikipedia.org/w/index.php?oldid=1186077809,matched_gics
2023-11-30,VRSK,Verisk,Industrials,Commercial & Professional Services,Professional Services,Research & Consulting Services,1186077809.0,2023-11-20T20:02:31Z,https://en.wikipedia.org/w/index.php?oldid=1186077809,matched_gics
2023-11-30,VRTX,Vertex Pharmaceuticals,Health Care,"Pharmaceuticals, Biotechnology & Life Sciences",Biotechnology,Biotechnology,1186077809.0,2023-11-20T20:02:31Z,https://en.wikipedia.org/w/index.php?oldid=1186077809,matched_gics
2023-11-30,WBA,Walgreens Boots Alliance,Consumer Staples,Consumer Staples Distribution & Retail,Consumer Staples Distribution & Retail,Drug Retail,1186077809.0,2023-11-20T20:02:31Z,https://en.wikipedia.org/w/index.php?oldid=1186077809,matched_gics
2023-11-30,WBD,Warner Bros. Discovery,Communication Services,Media & Entertainment,Media,Broadcasting,1186077809.0,2023-11-20T20:02:31Z,https://en.wikipedia.org/w/index.php?oldid=1186077809,matched_gics
2023-11-30,WDAY,"Workday, Inc.",,,,,,,,missing_gics
2023-11-30,XEL,Xcel Energy,Utilities,Utilities,Multi-Utilities,Multi-Utilities,1186077809.0,2023-11-20T20:02:31Z,https://en.wikipedia.org/w/index.php?oldid=1186077809,matched_gics
2023-11-30,ZS,"Zscaler, Inc.",,,,,,,,missing_gics
2023-12-31,AAPL,Apple Inc.,Information Technology,Technology Hardware & Equipment,"Technology Hardware, Storage & Peripherals","Technology Hardware, Storage & Peripherals",1192789360.0,2023-12-31T09:32:39Z,https://en.wikipedia.org/w/index.php?oldid=1192789360,matched_gics
2023-12-31,ABNB,Airbnb,Consumer Discretionary,Consumer Services,"Hotels, Restaurants & Leisure","Hotels, Resorts & Cruise Lines",1192789360.0,2023-12-31T09:32:39Z,https://en.wikipedia.org/w/index.php?oldid=1192789360,matched_gics
2023-12-31,ADBE,Adobe Inc.,Information Technology,Software & Services,Software,Application Software,1192789360.0,2023-12-31T09:32:39Z,https://en.wikipedia.org/w/index.php?oldid=1192789360,matched_gics
2023-12-31,ADI,Analog Devices,Information Technology,Semiconductors & Semiconductor Equipment,Semiconductors & Semiconductor Equipment,Semiconductors,1192789360.0,2023-12-31T09:32:39Z,https://en.wikipedia.org/w/index.php?oldid=1192789360,matched_gics
2023-12-31,ADP,Automated Data Processing,Industrials,Commercial & Professional Services,Professional Services,Human Resource & Employment Services,1192789360.0,2023-12-31T09:32:39Z,https://en.wikipedia.org/w/index.php?oldid=1192789360,matched_gics
2023-12-31,ADSK,Autodesk,Information Technology,Software & Services,Software,Application Software,1192789360.0,2023-12-31T09:32:39Z,https://en.wikipedia.org/w/index.php?oldid=1192789360,matched_gics
2023-12-31,AEP,American Electric Power,Utilities,Utilities,Electric Utilities,Electric Utilities,1192789360.0,2023-12-31T09:32:39Z,https://en.wikipedia.org/w/index.php?oldid=1192789360,matched_gics
2023-12-31,AMAT,Applied Materials,Information Technology,Semiconductors & Semiconductor Equipment,Semiconductors & Semiconductor Equipment,Semiconductor Materials & Equipment,1192789360.0,2023-12-31T09:32:39Z,https://en.wikipedia.org/w/index.php?oldid=1192789360,matched_gics
2023-12-31,AMD,Advanced Micro Devices,Information Technology,Semiconductors & Semiconductor Equipment,Semiconductors & Semiconductor Equipment,Semiconductors,1192789360.0,2023-12-31T09:32:39Z,https://en.wikipedia.org/w/index.php?oldid=1192789360,matched_gics
2023-12-31,AMGN,Amgen,Health Care,"Pharmaceuticals, Biotechnology & Life Sciences",Biotechnology,Biotechnology,1192789360.0,2023-12-31T09:32:39Z,https://en.wikipedia.org/w/index.php?oldid=1192789360,matched_gics
2023-12-31,AMZN,Amazon,Consumer Discretionary,Consumer Discretionary Distribution & Retail,Broadline Retail,Broadline Retail,1192789360.0,2023-12-31T09:32:39Z,https://en.wikipedia.org/w/index.php?oldid=1192789360,matched_gics
2023-12-31,ANSS,Ansys,Information Technology,Software & Services,Software,Application Software,1192789360.0,2023-12-31T09:32:39Z,https://en.wikipedia.org/w/index.php?oldid=1192789360,matched_gics
2023-12-31,ASML,ASML HOLDING NV,,,,,,,,missing_gics
2023-12-31,AVGO,Broadcom Inc.,Information Technology,Semiconductors & Semiconductor Equipment,Semiconductors & Semiconductor Equipment,Semiconductors,1192789360.0,2023-12-31T09:32:39Z,https://en.wikipedia.org/w/index.php?oldid=1192789360,matched_gics
2023-12-31,AZN,ASTRAZENECA PLC,,,,,,,,missing_gics
2023-12-31,BIIB,Biogen,Health Care,"Pharmaceuticals, Biotechnology & Life Sciences",Biotechnology,Biotechnology,1192789360.0,2023-12-31T09:32:39Z,https://en.wikipedia.org/w/index.php?oldid=1192789360,matched_gics
2023-12-31,BKNG,Booking Holdings,Consumer Discretionary,Consumer Services,"Hotels, Restaurants & Leisure","Hotels, Resorts & Cruise Lines",1192789360.0,2023-12-31T09:32:39Z,https://en.wikipedia.org/w/index.php?oldid=1192789360,matched_gics
2023-12-31,BKR,Baker Hughes,Energy,Energy,Energy Equipment & Services,Oil & Gas Equipment & Services,1192789360.0,2023-12-31T09:32:39Z,https://en.wikipedia.org/w/index.php?oldid=1192789360,matched_gics
2023-12-31,CCEP,COCA-COLA EUROPACIFIC PARTNERS plc,,,,,,,,missing_gics
2023-12-31,CDNS,Cadence Design Systems,Information Technology,Software & Services,Software,Application Software,1192789360.0,2023-12-31T09:32:39Z,https://en.wikipedia.org/w/index.php?oldid=1192789360,matched_gics
2023-12-31,CDW,CDW,Information Technology,Technology Hardware & Equipment,"Electronic Equipment, Instruments & Components",Technology Distributors,1192789360.0,2023-12-31T09:32:39Z,https://en.wikipedia.org/w/index.php?oldid=1192789360,matched_gics
2023-12-31,CEG,Constellation Energy,Utilities,Utilities,Electric Utilities,Electric Utilities,1192789360.0,2023-12-31T09:32:39Z,https://en.wikipedia.org/w/index.php?oldid=1192789360,matched_gics
2023-12-31,CHTR,Charter Communications,Communication Services,Media,Media,Cable & Satellite,1192789360.0,2023-12-31T09:32:39Z,https://en.wikipedia.org/w/index.php?oldid=1192789360,matched_gics
2023-12-31,CMCSA,Comcast,Communication Services,Media,Media,Cable & Satellite,1192789360.0,2023-12-31T09:32:39Z,https://en.wikipedia.org/w/index.php?oldid=1192789360,matched_gics
2023-12-31,COST,Costco,Consumer Staples,Consumer Staples Distribution & Retail,Consumer Staples Distribution & Retail,Consumer Staples Merchandise Retail,1192789360.0,2023-12-31T09:32:39Z,https://en.wikipedia.org/w/index.php?oldid=1192789360,matched_gics
2023-12-31,CPRT,Copart,Industrials,Commercial & Professional Services,Commercial Services & Supplies,Diversified Support Services,1192789360.0,2023-12-31T09:32:39Z,https://en.wikipedia.org/w/index.php?oldid=1192789360,matched_gics
2023-12-31,CRWD,"CrowdStrike Holdings, Inc.",,,,,,,,missing_gics
2023-12-31,CSCO,Cisco,Information Technology,Technology Hardware & Equipment,Communications Equipment,Communications Equipment,1192789360.0,2023-12-31T09:32:39Z,https://en.wikipedia.org/w/index.php?oldid=1192789360,matched_gics
2023-12-31,CSGP,CoStar Group,Real Estate,Real Estate Management & Development,Real Estate Management & Development,Real Estate Services,1192789360.0,2023-12-31T09:32:39Z,https://en.wikipedia.org/w/index.php?oldid=1192789360,matched_gics
2023-12-31,CSX,CSX,Industrials,Transportation,Ground Transportation,Rail Transportation,1192789360.0,2023-12-31T09:32:39Z,https://en.wikipedia.org/w/index.php?oldid=1192789360,matched_gics
2023-12-31,CTAS,Cintas,Industrials,Commercial & Professional Services,Commercial Services & Supplies,Diversified Support Services,1192789360.0,2023-12-31T09:32:39Z,https://en.wikipedia.org/w/index.php?oldid=1192789360,matched_gics
2023-12-31,CTSH,Cognizant,Information Technology,Software & Services,IT Services,IT Consulting & Other Services,1192789360.0,2023-12-31T09:32:39Z,https://en.wikipedia.org/w/index.php?oldid=1192789360,matched_gics
2023-12-31,DASH,"DoorDash, Inc.",,,,,,,,missing_gics
2023-12-31,DDOG,"Datadog, Inc.",,,,,,,,missing_gics
2023-12-31,DLTR,Dollar Tree,Consumer Staples,Consumer Staples Distribution & Retail,Consumer Staples Distribution & Retail,Consumer Staples Merchandise Retail,1192789360.0,2023-12-31T09:32:39Z,https://en.wikipedia.org/w/index.php?oldid=1192789360,matched_gics
2023-12-31,DXCM,Dexcom,Health Care,Health Care Equipment & Services,Health Care Equipment & Supplies,Health Care Equipment,1192789360.0,2023-12-31T09:32:39Z,https://en.wikipedia.org/w/index.php?oldid=1192789360,matched_gics
2023-12-31,EA,Electronic Arts,Communication Services,Media & Entertainment,Entertainment,Interactive Home Entertainment,1192789360.0,2023-12-31T09:32:39Z,https://en.wikipedia.org/w/index.php?oldid=1192789360,matched_gics
2023-12-31,EXC,Exelon,Utilities,Utilities,Electric Utilities,Electric Utilities,1192789360.0,2023-12-31T09:32:39Z,https://en.wikipedia.org/w/index.php?oldid=1192789360,matched_gics
2023-12-31,FANG,Diamondback Energy,Energy,Energy,"Oil, Gas & Consumable Fuels",Oil & Gas Exploration & Production,1192789360.0,2023-12-31T09:32:39Z,https://en.wikipedia.org/w/index.php?oldid=1192789360,matched_gics
2023-12-31,FAST,Fastenal,Industrials,Capital Goods,Trading Companies & Distributors,Trading Companies & Distributors,1192789360.0,2023-12-31T09:32:39Z,https://en.wikipedia.org/w/index.php?oldid=1192789360,matched_gics
2023-12-31,FTNT,Fortinet,Information Technology,Software & Services,Software,Systems Software,1192789360.0,2023-12-31T09:32:39Z,https://en.wikipedia.org/w/index.php?oldid=1192789360,matched_gics
2023-12-31,GEHC,GE HealthCare,Health Care,Health Care Equipment & Services,Health Care Equipment & Supplies,Health Care Equipment,1192789360.0,2023-12-31T09:32:39Z,https://en.wikipedia.org/w/index.php?oldid=1192789360,matched_gics
2023-12-31,GFS,GLOBALFOUNDRIES Inc.,,,,,,,,missing_gics
2023-12-31,GILD,Gilead Sciences,Health Care,"Pharmaceuticals, Biotechnology & Life Sciences",Biotechnology,Biotechnology,1192789360.0,2023-12-31T09:32:39Z,https://en.wikipedia.org/w/index.php?oldid=1192789360,matched_gics
2023-12-31,GOOG,Alphabet Inc. (Class C),Communication Services,Media & Entertainment,Interactive Media & Services,Interactive Media & Services,1192789360.0,2023-12-31T09:32:39Z,https://en.wikipedia.org/w/index.php?oldid=1192789360,matched_gics
2023-12-31,GOOGL,Alphabet Inc. (Class A),Communication Services,Media & Entertainment,Interactive Media & Services,Interactive Media & Services,1192789360.0,2023-12-31T09:32:39Z,https://en.wikipedia.org/w/index.php?oldid=1192789360,matched_gics
2023-12-31,HON,Honeywell,Industrials,Capital Goods,Industrial Conglomerates,Industrial Conglomerates,1192789360.0,2023-12-31T09:32:39Z,https://en.wikipedia.org/w/index.php?oldid=1192789360,matched_gics
2023-12-31,IDXX,Idexx Laboratories,Health Care,Health Care Equipment & Services,Health Care Equipment & Supplies,Health Care Equipment,1192789360.0,2023-12-31T09:32:39Z,https://en.wikipedia.org/w/index.php?oldid=1192789360,matched_gics
2023-12-31,ILMN,Illumina,Health Care,"Pharmaceuticals, Biotechnology & Life Sciences",Life Sciences Tools & Services,Life Sciences Tools & Services,1192789360.0,2023-12-31T09:32:39Z,https://en.wikipedia.org/w/index.php?oldid=1192789360,matched_gics
2023-12-31,INTC,Intel,Information Technology,Semiconductors & Semiconductor Equipment,Semiconductors & Semiconductor Equipment,Semiconductors,1192789360.0,2023-12-31T09:32:39Z,https://en.wikipedia.org/w/index.php?oldid=1192789360,matched_gics
2023-12-31,INTU,Intuit,Information Technology,Software & Services,Software,Application Software,1192789360.0,2023-12-31T09:32:39Z,https://en.wikipedia.org/w/index.php?oldid=1192789360,matched_gics
2023-12-31,ISRG,Intuitive Surgical,Health Care,Health Care Equipment & Services,Health Care Equipment & Supplies,Health Care Equipment,1192789360.0,2023-12-31T09:32:39Z,https://en.wikipedia.org/w/index.php?oldid=1192789360,matched_gics
2023-12-31,KDP,Keurig Dr Pepper,Consumer Staples,"Food, Beverage & Tobacco",Beverages,Soft Drinks & Non-alcoholic Beverages,1192789360.0,2023-12-31T09:32:39Z,https://en.wikipedia.org/w/index.php?oldid=1192789360,matched_gics
2023-12-31,KHC,Kraft Heinz,Consumer Staples,"Food, Beverage & Tobacco",Food Products,Packaged Foods & Meats,1192789360.0,2023-12-31T09:32:39Z,https://en.wikipedia.org/w/index.php?oldid=1192789360,matched_gics
2023-12-31,KLAC,KLA Corporation,Information Technology,Semiconductors & Semiconductor Equipment,Semiconductors & Semiconductor Equipment,Semiconductor Materials & Equipment,1192789360.0,2023-12-31T09:32:39Z,https://en.wikipedia.org/w/index.php?oldid=1192789360,matched_gics
2023-12-31,LRCX,Lam Research,Information Technology,Semiconductors & Semiconductor Equipment,Semiconductors & Semiconductor Equipment,Semiconductor Materials & Equipment,1192789360.0,2023-12-31T09:32:39Z,https://en.wikipedia.org/w/index.php?oldid=1192789360,matched_gics
2023-12-31,LULU,Lululemon Athletica,Consumer Discretionary,Consumer Durables & Apparel,"Textiles, Apparel & Luxury Goods","Apparel, Accessories & Luxury Goods",1192789360.0,2023-12-31T09:32:39Z,https://en.wikipedia.org/w/index.php?oldid=1192789360,matched_gics
2023-12-31,MAR,Marriott International,Consumer Discretionary,Consumer Services,"Hotels, Restaurants & Leisure","Hotels, Resorts & Cruise Lines",1192789360.0,2023-12-31T09:32:39Z,https://en.wikipedia.org/w/index.php?oldid=1192789360,matched_gics
2023-12-31,MCHP,Microchip Technology,Information Technology,Semiconductors & Semiconductor Equipment,Semiconductors & Semiconductor Equipment,Semiconductors,1192789360.0,2023-12-31T09:32:39Z,https://en.wikipedia.org/w/index.php?oldid=1192789360,matched_gics
2023-12-31,MDB,"MongoDB, Inc.",,,,,,,,missing_gics
2023-12-31,MDLZ,Mondelez International,Consumer Staples,"Food, Beverage & Tobacco",Food Products,Packaged Foods & Meats,1192789360.0,2023-12-31T09:32:39Z,https://en.wikipedia.org/w/index.php?oldid=1192789360,matched_gics
2023-12-31,MELI,MERCADOLIBRE INC,,,,,,,,missing_gics
2023-12-31,META,Meta Platforms,Communication Services,Media & Entertainment,Interactive Media & Services,Interactive Media & Services,1192789360.0,2023-12-31T09:32:39Z,https://en.wikipedia.org/w/index.php?oldid=1192789360,matched_gics
2023-12-31,MNST,Monster Beverage,Consumer Staples,"Food, Beverage & Tobacco",Beverages,Soft Drinks & Non-alcoholic Beverages,1192789360.0,2023-12-31T09:32:39Z,https://en.wikipedia.org/w/index.php?oldid=1192789360,matched_gics
2023-12-31,MRNA,Moderna,Health Care,"Pharmaceuticals, Biotechnology & Life Sciences",Biotechnology,Biotechnology,1192789360.0,2023-12-31T09:32:39Z,https://en.wikipedia.org/w/index.php?oldid=1192789360,matched_gics
2023-12-31,MRVL,"Marvell Technology, Inc.",,,,,,,,missing_gics
2023-12-31,MSFT,Microsoft,Information Technology,Software & Services,Software,Systems Software,1192789360.0,2023-12-31T09:32:39Z,https://en.wikipedia.org/w/index.php?oldid=1192789360,matched_gics
2023-12-31,MU,Micron Technology,Information Technology,Semiconductors & Semiconductor Equipment,Semiconductors & Semiconductor Equipment,Semiconductors,1192789360.0,2023-12-31T09:32:39Z,https://en.wikipedia.org/w/index.php?oldid=1192789360,matched_gics
2023-12-31,NFLX,Netflix,Communication Services,Media & Entertainment,Entertainment,Movies & Entertainment,1192789360.0,2023-12-31T09:32:39Z,https://en.wikipedia.org/w/index.php?oldid=1192789360,matched_gics
2023-12-31,NVDA,Nvidia,Information Technology,Semiconductors & Semiconductor Equipment,Semiconductors & Semiconductor Equipment,Semiconductors,1192789360.0,2023-12-31T09:32:39Z,https://en.wikipedia.org/w/index.php?oldid=1192789360,matched_gics
2023-12-31,NXPI,NXP Semiconductors,Information Technology,Semiconductors & Semiconductor Equipment,Semiconductors & Semiconductor Equipment,Semiconductors,1192789360.0,2023-12-31T09:32:39Z,https://en.wikipedia.org/w/index.php?oldid=1192789360,matched_gics
2023-12-31,ODFL,Old Dominion,Industrials,Transportation,Ground Transportation,Cargo Ground Transportation,1192789360.0,2023-12-31T09:32:39Z,https://en.wikipedia.org/w/index.php?oldid=1192789360,matched_gics
2023-12-31,ON,ON Semiconductor,Information Technology,Semiconductors & Semiconductor Equipment,Semiconductors & Semiconductor Equipment,Semiconductors,1192789360.0,2023-12-31T09:32:39Z,https://en.wikipedia.org/w/index.php?oldid=1192789360,matched_gics
2023-12-31,ORLY,O'Reilly Auto Parts,Consumer Discretionary,Consumer Discretionary Distribution & Retail,Specialty Retail,Automotive Retail,1192789360.0,2023-12-31T09:32:39Z,https://en.wikipedia.org/w/index.php?oldid=1192789360,matched_gics
2023-12-31,PANW,Palo Alto Networks,Information Technology,Software & Services,Software,Systems Software,1192789360.0,2023-12-31T09:32:39Z,https://en.wikipedia.org/w/index.php?oldid=1192789360,matched_gics
2023-12-31,PAYX,Paychex,Industrials,Commercial & Professional Services,Professional Services,Human Resource & Employment Services,1192789360.0,2023-12-31T09:32:39Z,https://en.wikipedia.org/w/index.php?oldid=1192789360,matched_gics
2023-12-31,PCAR,Paccar,Industrials,Capital Goods,Machinery,Construction Machinery & Heavy Transportation Equipment,1192789360.0,2023-12-31T09:32:39Z,https://en.wikipedia.org/w/index.php?oldid=1192789360,matched_gics
2023-12-31,PDD,PDD Holdings Inc.,,,,,,,,missing_gics
2023-12-31,PEP,PepsiCo,Consumer Staples,"Food, Beverage & Tobacco",Beverages,Soft Drinks & Non-alcoholic Beverages,1192789360.0,2023-12-31T09:32:39Z,https://en.wikipedia.org/w/index.php?oldid=1192789360,matched_gics
2023-12-31,PYPL,PayPal,Financials,Financial Services,Financial Services,Transaction & Payment Processing Services,1192789360.0,2023-12-31T09:32:39Z,https://en.wikipedia.org/w/index.php?oldid=1192789360,matched_gics
2023-12-31,QCOM,Qualcomm,Information Technology,Semiconductors & Semiconductor Equipment,Semiconductors & Semiconductor Equipment,Semiconductors,1192789360.0,2023-12-31T09:32:39Z,https://en.wikipedia.org/w/index.php?oldid=1192789360,matched_gics
2023-12-31,REGN,Regeneron,Health Care,"Pharmaceuticals, Biotechnology & Life Sciences",Biotechnology,Biotechnology,1192789360.0,2023-12-31T09:32:39Z,https://en.wikipedia.org/w/index.php?oldid=1192789360,matched_gics
2023-12-31,ROP,Roper Technologies,Information Technology,Technology Hardware & Equipment,"Electronic Equipment, Instruments & Components",Electronic Equipment & Instruments,1192789360.0,2023-12-31T09:32:39Z,https://en.wikipedia.org/w/index.php?oldid=1192789360,matched_gics
2023-12-31,ROST,Ross Stores,Consumer Discretionary,Consumer Discretionary Distribution & Retail,Specialty Retail,Apparel Retail,1192789360.0,2023-12-31T09:32:39Z,https://en.wikipedia.org/w/index.php?oldid=1192789360,matched_gics
2023-12-31,SBUX,Starbucks,Consumer Discretionary,Consumer Services,"Hotels, Restaurants & Leisure",Restaurants,1192789360.0,2023-12-31T09:32:39Z,https://en.wikipedia.org/w/index.php?oldid=1192789360,matched_gics
2023-12-31,SIRI,SIRIUS XM HOLDINGS INC.,,,,,,,,missing_gics
2023-12-31,SNPS,Synopsys,Information Technology,Software & Services,Software,Application Software,1192789360.0,2023-12-31T09:32:39Z,https://en.wikipedia.org/w/index.php?oldid=1192789360,matched_gics
2023-12-31,SPLK,Splunk Inc.,,,,,,,,missing_gics
2023-12-31,TEAM,Atlassian Corp,,,,,,,,missing_gics
2023-12-31,TMUS,T-Mobile US,Communication Services,Telecommunication Services,Wireless Telecommunication Services,Wireless Telecommunication Services,1192789360.0,2023-12-31T09:32:39Z,https://en.wikipedia.org/w/index.php?oldid=1192789360,matched_gics
2023-12-31,TSLA,"Tesla, Inc.",Consumer Discretionary,Automobiles & Components,Automobiles,Automobile Manufacturers,1192789360.0,2023-12-31T09:32:39Z,https://en.wikipedia.org/w/index.php?oldid=1192789360,matched_gics
2023-12-31,TTD,"Trade Desk, Inc.",,,,,,,,missing_gics
2023-12-31,TTWO,Take-Two Interactive,Communication Services,Media & Entertainment,Entertainment,Interactive Home Entertainment,1192789360.0,2023-12-31T09:32:39Z,https://en.wikipedia.org/w/index.php?oldid=1192789360,matched_gics
2023-12-31,TXN,Texas Instruments,Information Technology,Semiconductors & Semiconductor Equipment,Semiconductors & Semiconductor Equipment,Semiconductors,1192789360.0,2023-12-31T09:32:39Z,https://en.wikipedia.org/w/index.php?oldid=1192789360,matched_gics
2023-12-31,VRSK,Verisk,Industrials,Commercial & Professional Services,Professional Services,Research & Consulting Services,1192789360.0,2023-12-31T09:32:39Z,https://en.wikipedia.org/w/index.php?oldid=1192789360,matched_gics
2023-12-31,VRTX,Vertex Pharmaceuticals,Health Care,"Pharmaceuticals, Biotechnology & Life Sciences",Biotechnology,Biotechnology,1192789360.0,2023-12-31T09:32:39Z,https://en.wikipedia.org/w/index.php?oldid=1192789360,matched_gics
2023-12-31,WBA,Walgreens Boots Alliance,Consumer Staples,Consumer Staples Distribution & Retail,Consumer Staples Distribution & Retail,Drug Retail,1192789360.0,2023-12-31T09:32:39Z,https://en.wikipedia.org/w/index.php?oldid=1192789360,matched_gics
2023-12-31,WBD,Warner Bros. Discovery,Communication Services,Media & Entertainment,Media,Broadcasting,1192789360.0,2023-12-31T09:32:39Z,https://en.wikipedia.org/w/index.php?oldid=1192789360,matched_gics
2023-12-31,WDAY,"Workday, Inc.",,,,,,,,missing_gics
2023-12-31,XEL,Xcel Energy,Utilities,Utilities,Multi-Utilities,Multi-Utilities,1192789360.0,2023-12-31T09:32:39Z,https://en.wikipedia.org/w/index.php?oldid=1192789360,matched_gics
2023-12-31,ZS,"Zscaler, Inc.",,,,,,,,missing_gics
