date,stock_ticker,stock_name,etf_ticker,theme,report_date,filing_date,market_value,shares,source,record_status
2018-03-31,AAPL,Apple Inc.,ARKG,Biotechnology,2018-01-31,2018-03-28,902113,5388,SEC EDGAR ETF_Holdings.csv; CMIN-US ticker resolution,resolved_by_internal_name_propagation
2018-03-31,NVDA,NVIDIA Corporation,ARKG,Biotechnology,2018-01-31,2018-03-28,1106837,4503,SEC EDGAR ETF_Holdings.csv; CMIN-US ticker resolution,resolved_by_internal_name_propagation
2018-03-31,NVDA,NVIDIA Corporation,ROBO,Robotics,2018-01-31,2018-03-30,27189659,110617,SEC EDGAR ETF_Holdings.csv; CMIN-US ticker resolution,resolved_by_internal_name_propagation
2018-04-30,AAPL,Apple Inc.,ARKG,Biotechnology,2018-01-31,2018-03-28,902113,5388,SEC EDGAR ETF_Holdings.csv; CMIN-US ticker resolution,resolved_by_internal_name_propagation
2018-04-30,NVDA,NVIDIA Corporation,ARKG,Biotechnology,2018-01-31,2018-03-28,1106837,4503,SEC EDGAR ETF_Holdings.csv; CMIN-US ticker resolution,resolved_by_internal_name_propagation
2018-04-30,NVDA,NVIDIA Corporation,ROBO,Robotics,2018-01-31,2018-03-30,27189659,110617,SEC EDGAR ETF_Holdings.csv; CMIN-US ticker resolution,resolved_by_internal_name_propagation
2018-05-31,AAPL,Apple Inc.,ARKG,Biotechnology,2018-01-31,2018-03-28,902113,5388,SEC EDGAR ETF_Holdings.csv; CMIN-US ticker resolution,resolved_by_internal_name_propagation
2018-05-31,ABBV,AbbVie Inc.,XBI,Biotechnology,2018-03-31,2018-05-29,58798662,621222,SEC EDGAR ETF_Holdings.csv; CMIN-US ticker resolution,resolved_by_internal_name_propagation
2018-05-31,NVDA,NVIDIA Corporation,ARKG,Biotechnology,2018-01-31,2018-03-28,1106837,4503,SEC EDGAR ETF_Holdings.csv; CMIN-US ticker resolution,resolved_by_internal_name_propagation
2018-05-31,NVDA,NVIDIA Corporation,ROBO,Robotics,2018-01-31,2018-03-30,27189659,110617,SEC EDGAR ETF_Holdings.csv; CMIN-US ticker resolution,resolved_by_internal_name_propagation
2018-06-30,AAPL,Apple Inc.,ARKG,Biotechnology,2018-04-30,2018-06-27,42164436,255140,SEC EDGAR ETF_Holdings.csv; CMIN-US ticker resolution,resolved_by_internal_name_propagation
2018-06-30,ABBV,AbbVie Inc.,XBI,Biotechnology,2018-03-31,2018-05-29,58798662,621222,SEC EDGAR ETF_Holdings.csv; CMIN-US ticker resolution,resolved_by_internal_name_propagation
2018-06-30,AMZN,"Amazon.com, Inc.",ARKG,Biotechnology,2018-04-30,2018-06-27,54321218,34685,SEC EDGAR ETF_Holdings.csv; CMIN-US ticker resolution,resolved_by_internal_name_propagation
2018-06-30,AVGO,Broadcom Inc.,SMH,Semiconductor,2018-03-31,2018-06-08,53610846,227502,SEC EDGAR ETF_Holdings.csv; CMIN-US ticker resolution,resolved_by_internal_name_propagation
2018-06-30,DE,Deere & Company,ARKG,Biotechnology,2018-04-30,2018-06-27,2082052,15385,SEC EDGAR ETF_Holdings.csv; CMIN-US ticker resolution,resolved_by_internal_name_propagation
2018-06-30,MSFT,Microsoft Corporation,ARKG,Biotechnology,2018-04-30,2018-06-27,6615792,70742,SEC EDGAR ETF_Holdings.csv; CMIN-US ticker resolution,resolved_by_internal_name_propagation
2018-06-30,NFLX,"Netflix, Inc.",ARKG,Biotechnology,2018-04-30,2018-06-27,37543944,120156,SEC EDGAR ETF_Holdings.csv; CMIN-US ticker resolution,resolved_by_internal_name_propagation
2018-06-30,NVDA,NVIDIA Corporation,ARKG,Biotechnology,2018-04-30,2018-06-27,48303122,214776,SEC EDGAR ETF_Holdings.csv; CMIN-US ticker resolution,resolved_by_internal_name_propagation
2018-06-30,NVDA,NVIDIA Corporation,ROBO,Robotics,2018-01-31,2018-03-30,27189659,110617,SEC EDGAR ETF_Holdings.csv; CMIN-US ticker resolution,resolved_by_internal_name_propagation
2018-06-30,NVDA,NVIDIA Corporation,SMH,Semiconductor,2018-03-31,2018-06-08,54224019,234138,SEC EDGAR ETF_Holdings.csv; CMIN-US ticker resolution,resolved_by_internal_name_propagation
2018-06-30,PYPL,"PayPal Holdings, Inc.",ARKG,Biotechnology,2018-04-30,2018-06-27,8241719,110464,SEC EDGAR ETF_Holdings.csv; CMIN-US ticker resolution,resolved_by_internal_name_propagation
2018-06-30,TSLA,"Tesla, Inc.",ARKG,Biotechnology,2018-04-30,2018-06-27,97130717,330489,SEC EDGAR ETF_Holdings.csv; CMIN-US ticker resolution,resolved_by_internal_name_propagation
2018-07-31,AAPL,Apple Inc.,ARKG,Biotechnology,2018-04-30,2018-06-27,42164436,255140,SEC EDGAR ETF_Holdings.csv; CMIN-US ticker resolution,resolved_by_internal_name_propagation
2018-07-31,ABBV,AbbVie Inc.,XBI,Biotechnology,2018-03-31,2018-05-29,58798662,621222,SEC EDGAR ETF_Holdings.csv; CMIN-US ticker resolution,resolved_by_internal_name_propagation
2018-07-31,AMZN,"Amazon.com, Inc.",ARKG,Biotechnology,2018-04-30,2018-06-27,54321218,34685,SEC EDGAR ETF_Holdings.csv; CMIN-US ticker resolution,resolved_by_internal_name_propagation
2018-07-31,APD,"Air Products and Chemicals, Inc.",PBW,Clean Energy,2018-04-30,2018-07-09,3318668,20449,SEC EDGAR ETF_Holdings.csv; CMIN-US ticker resolution,resolved_by_internal_name_propagation
2018-07-31,AVGO,Broadcom Inc.,SMH,Semiconductor,2018-03-31,2018-06-08,53610846,227502,SEC EDGAR ETF_Holdings.csv; CMIN-US ticker resolution,resolved_by_internal_name_propagation
2018-07-31,DE,Deere & Company,ARKG,Biotechnology,2018-04-30,2018-06-27,2082052,15385,SEC EDGAR ETF_Holdings.csv; CMIN-US ticker resolution,resolved_by_internal_name_propagation
2018-07-31,DHR,Danaher Corporation,CGW,Water,2018-05-31,2018-07-30,30051857,302698,SEC EDGAR ETF_Holdings.csv; CMIN-US ticker resolution,resolved_by_internal_name_propagation
2018-07-31,DHR,Danaher Corporation,PHO,Water,2018-04-30,2018-07-09,67405810,671908,SEC EDGAR ETF_Holdings.csv; CMIN-US ticker resolution,resolved_by_internal_name_propagation
2018-07-31,ECL,Ecolab Inc.,PHO,Water,2018-04-30,2018-07-09,72911094,503634,SEC EDGAR ETF_Holdings.csv; CMIN-US ticker resolution,resolved_by_internal_name_propagation
2018-07-31,HON,Honeywell International Inc.,PPA,Defense,2018-04-30,2018-07-09,70750545,489014,SEC EDGAR ETF_Holdings.csv; CMIN-US ticker resolution,resolved_by_internal_name_propagation
2018-07-31,MSFT,Microsoft Corporation,ARKG,Biotechnology,2018-04-30,2018-06-27,6615792,70742,SEC EDGAR ETF_Holdings.csv; CMIN-US ticker resolution,resolved_by_internal_name_propagation
2018-07-31,NFLX,"Netflix, Inc.",ARKG,Biotechnology,2018-04-30,2018-06-27,37543944,120156,SEC EDGAR ETF_Holdings.csv; CMIN-US ticker resolution,resolved_by_internal_name_propagation
2018-07-31,NVDA,NVIDIA Corporation,ARKG,Biotechnology,2018-04-30,2018-06-27,48303122,214776,SEC EDGAR ETF_Holdings.csv; CMIN-US ticker resolution,resolved_by_internal_name_propagation
2018-07-31,NVDA,NVIDIA Corporation,SMH,Semiconductor,2018-03-31,2018-06-08,54224019,234138,SEC EDGAR ETF_Holdings.csv; CMIN-US ticker resolution,resolved_by_internal_name_propagation
2018-07-31,PYPL,"PayPal Holdings, Inc.",ARKG,Biotechnology,2018-04-30,2018-06-27,8241719,110464,SEC EDGAR ETF_Holdings.csv; CMIN-US ticker resolution,resolved_by_internal_name_propagation
2018-07-31,TSLA,"Tesla, Inc.",ARKG,Biotechnology,2018-04-30,2018-06-27,97130717,330489,SEC EDGAR ETF_Holdings.csv; CMIN-US ticker resolution,resolved_by_internal_name_propagation
2018-08-31,AAPL,Apple Inc.,ARKG,Biotechnology,2018-04-30,2018-06-27,42164436,255140,SEC EDGAR ETF_Holdings.csv; CMIN-US ticker resolution,resolved_by_internal_name_propagation
2018-08-31,AAPL,Apple Inc.,SKYY,Cloud Computing,2018-06-30,2018-08-29,40016339,216176,SEC EDGAR ETF_Holdings.csv; CMIN-US ticker resolution,resolved_by_internal_name_propagation
2018-08-31,ABBV,AbbVie Inc.,XBI,Biotechnology,2018-03-31,2018-05-29,58798662,621222,SEC EDGAR ETF_Holdings.csv; CMIN-US ticker resolution,resolved_by_internal_name_propagation
2018-08-31,AMZN,"Amazon.com, Inc.",ARKG,Biotechnology,2018-04-30,2018-06-27,54321218,34685,SEC EDGAR ETF_Holdings.csv; CMIN-US ticker resolution,resolved_by_internal_name_propagation
2018-08-31,APD,"Air Products and Chemicals, Inc.",PBW,Clean Energy,2018-04-30,2018-07-09,3318668,20449,SEC EDGAR ETF_Holdings.csv; CMIN-US ticker resolution,resolved_by_internal_name_propagation
2018-08-31,AVGO,Broadcom Inc.,SMH,Semiconductor,2018-03-31,2018-06-08,53610846,227502,SEC EDGAR ETF_Holdings.csv; CMIN-US ticker resolution,resolved_by_internal_name_propagation
2018-08-31,CSCO,"Cisco Systems, Inc.",CIBR,Cybersecurity,2018-06-30,2018-08-29,41460997,963537,SEC EDGAR ETF_Holdings.csv; CMIN-US ticker resolution,resolved_by_internal_name_propagation
2018-08-31,CSCO,"Cisco Systems, Inc.",GRID,Infrastructure,2018-06-30,2018-08-29,709866,16497,SEC EDGAR ETF_Holdings.csv; CMIN-US ticker resolution,resolved_by_internal_name_propagation
2018-08-31,CSCO,"Cisco Systems, Inc.",SKYY,Cloud Computing,2018-06-30,2018-08-29,72480722,1684423,SEC EDGAR ETF_Holdings.csv; CMIN-US ticker resolution,resolved_by_internal_name_propagation
2018-08-31,DE,Deere & Company,ARKG,Biotechnology,2018-04-30,2018-06-27,2082052,15385,SEC EDGAR ETF_Holdings.csv; CMIN-US ticker resolution,resolved_by_internal_name_propagation
2018-08-31,DHR,Danaher Corporation,CGW,Water,2018-05-31,2018-07-30,30051857,302698,SEC EDGAR ETF_Holdings.csv; CMIN-US ticker resolution,resolved_by_internal_name_propagation
2018-08-31,DHR,Danaher Corporation,PHO,Water,2018-04-30,2018-07-09,67405810,671908,SEC EDGAR ETF_Holdings.csv; CMIN-US ticker resolution,resolved_by_internal_name_propagation
2018-08-31,ECL,Ecolab Inc.,PHO,Water,2018-04-30,2018-07-09,72911094,503634,SEC EDGAR ETF_Holdings.csv; CMIN-US ticker resolution,resolved_by_internal_name_propagation
2018-08-31,EQIX,"Equinix, Inc.",SKYY,Cloud Computing,2018-06-30,2018-08-29,77929170,181277,SEC EDGAR ETF_Holdings.csv; CMIN-US ticker resolution,resolved_by_target_universe_name_match
2018-08-31,HON,Honeywell International Inc.,GRID,Infrastructure,2018-06-30,2018-08-29,686254,4764,SEC EDGAR ETF_Holdings.csv; CMIN-US ticker resolution,resolved_by_internal_name_propagation
2018-08-31,HON,Honeywell International Inc.,PPA,Defense,2018-04-30,2018-07-09,70750545,489014,SEC EDGAR ETF_Holdings.csv; CMIN-US ticker resolution,resolved_by_internal_name_propagation
2018-08-31,MSFT,Microsoft Corporation,ARKG,Biotechnology,2018-04-30,2018-06-27,6615792,70742,SEC EDGAR ETF_Holdings.csv; CMIN-US ticker resolution,resolved_by_internal_name_propagation
2018-08-31,MSFT,Microsoft Corporation,SKYY,Cloud Computing,2018-06-30,2018-08-29,40302006,408701,SEC EDGAR ETF_Holdings.csv; CMIN-US ticker resolution,resolved_by_internal_name_propagation
2018-08-31,NFLX,"Netflix, Inc.",ARKG,Biotechnology,2018-04-30,2018-06-27,37543944,120156,SEC EDGAR ETF_Holdings.csv; CMIN-US ticker resolution,resolved_by_internal_name_propagation
2018-08-31,NGG,National Grid plc,GRID,Infrastructure,2018-06-30,2018-08-29,241610,21836,SEC EDGAR ETF_Holdings.csv; CMIN-US ticker resolution,resolved_by_target_universe_name_match
2018-08-31,NVDA,NVIDIA Corporation,ARKG,Biotechnology,2018-04-30,2018-06-27,48303122,214776,SEC EDGAR ETF_Holdings.csv; CMIN-US ticker resolution,resolved_by_internal_name_propagation
2018-08-31,NVDA,NVIDIA Corporation,GRID,Infrastructure,2018-06-30,2018-08-29,661899,2794,SEC EDGAR ETF_Holdings.csv; CMIN-US ticker resolution,resolved_by_internal_name_propagation
2018-08-31,NVDA,NVIDIA Corporation,SMH,Semiconductor,2018-03-31,2018-06-08,54224019,234138,SEC EDGAR ETF_Holdings.csv; CMIN-US ticker resolution,resolved_by_internal_name_propagation
2018-08-31,ORCL,Oracle Corporation,GRID,Infrastructure,2018-06-30,2018-08-29,664469,15081,SEC EDGAR ETF_Holdings.csv; CMIN-US ticker resolution,resolved_by_internal_name_propagation
2018-08-31,ORCL,Oracle Corporation,SKYY,Cloud Computing,2018-06-30,2018-08-29,67845791,1539850,SEC EDGAR ETF_Holdings.csv; CMIN-US ticker resolution,resolved_by_internal_name_propagation
2018-08-31,PYPL,"PayPal Holdings, Inc.",ARKG,Biotechnology,2018-04-30,2018-06-27,8241719,110464,SEC EDGAR ETF_Holdings.csv; CMIN-US ticker resolution,resolved_by_internal_name_propagation
2018-08-31,TSLA,"Tesla, Inc.",ARKG,Biotechnology,2018-04-30,2018-06-27,97130717,330489,SEC EDGAR ETF_Holdings.csv; CMIN-US ticker resolution,resolved_by_internal_name_propagation
2018-09-30,AAPL,Apple Inc.,ARKG,Biotechnology,2018-04-30,2018-06-27,42164436,255140,SEC EDGAR ETF_Holdings.csv; CMIN-US ticker resolution,resolved_by_internal_name_propagation
2018-09-30,AAPL,Apple Inc.,SKYY,Cloud Computing,2018-06-30,2018-08-29,40016339,216176,SEC EDGAR ETF_Holdings.csv; CMIN-US ticker resolution,resolved_by_internal_name_propagation
2018-09-30,ABBV,AbbVie Inc.,XBI,Biotechnology,2018-06-30,2018-09-06,62790757,677720,SEC EDGAR ETF_Holdings.csv; CMIN-US ticker resolution,resolved_by_internal_name_propagation
2018-09-30,AMZN,"Amazon.com, Inc.",ARKG,Biotechnology,2018-04-30,2018-06-27,54321218,34685,SEC EDGAR ETF_Holdings.csv; CMIN-US ticker resolution,resolved_by_internal_name_propagation
2018-09-30,APD,"Air Products and Chemicals, Inc.",PBW,Clean Energy,2018-07-31,2018-09-28,3217075,19596,SEC EDGAR ETF_Holdings.csv; CMIN-US ticker resolution,resolved_by_internal_name_propagation
2018-09-30,AVGO,Broadcom Inc.,SMH,Semiconductor,2018-03-31,2018-06-08,53610846,227502,SEC EDGAR ETF_Holdings.csv; CMIN-US ticker resolution,resolved_by_internal_name_propagation
2018-09-30,CSCO,"Cisco Systems, Inc.",CIBR,Cybersecurity,2018-06-30,2018-08-29,41460997,963537,SEC EDGAR ETF_Holdings.csv; CMIN-US ticker resolution,resolved_by_internal_name_propagation
2018-09-30,CSCO,"Cisco Systems, Inc.",GRID,Infrastructure,2018-06-30,2018-08-29,709866,16497,SEC EDGAR ETF_Holdings.csv; CMIN-US ticker resolution,resolved_by_internal_name_propagation
2018-09-30,CSCO,"Cisco Systems, Inc.",SKYY,Cloud Computing,2018-06-30,2018-08-29,72480722,1684423,SEC EDGAR ETF_Holdings.csv; CMIN-US ticker resolution,resolved_by_internal_name_propagation
2018-09-30,DE,Deere & Company,ARKG,Biotechnology,2018-04-30,2018-06-27,2082052,15385,SEC EDGAR ETF_Holdings.csv; CMIN-US ticker resolution,resolved_by_internal_name_propagation
2018-09-30,DE,Deere & Company,MOO,Agribusiness,2018-06-30,2018-09-07,60673619,434003,SEC EDGAR ETF_Holdings.csv; CMIN-US ticker resolution,resolved_by_internal_name_propagation
2018-09-30,DHR,Danaher Corporation,CGW,Water,2018-05-31,2018-07-30,30051857,302698,SEC EDGAR ETF_Holdings.csv; CMIN-US ticker resolution,resolved_by_internal_name_propagation
2018-09-30,DHR,Danaher Corporation,PHO,Water,2018-07-31,2018-09-28,68685209,669577,SEC EDGAR ETF_Holdings.csv; CMIN-US ticker resolution,resolved_by_internal_name_propagation
2018-09-30,DHR,Danaher Corporation,PIO,Water,2018-07-31,2018-09-28,15057410,146787,SEC EDGAR ETF_Holdings.csv; CMIN-US ticker resolution,resolved_by_internal_name_propagation
2018-09-30,ECL,Ecolab Inc.,PHO,Water,2018-07-31,2018-09-28,65585194,466135,SEC EDGAR ETF_Holdings.csv; CMIN-US ticker resolution,resolved_by_internal_name_propagation
2018-09-30,ECL,Ecolab Inc.,PIO,Water,2018-07-31,2018-09-28,14373208,102155,SEC EDGAR ETF_Holdings.csv; CMIN-US ticker resolution,resolved_by_internal_name_propagation
2018-09-30,EQIX,"Equinix, Inc.",SKYY,Cloud Computing,2018-06-30,2018-08-29,77929170,181277,SEC EDGAR ETF_Holdings.csv; CMIN-US ticker resolution,resolved_by_target_universe_name_match
2018-09-30,HON,Honeywell International Inc.,GRID,Infrastructure,2018-06-30,2018-08-29,686254,4764,SEC EDGAR ETF_Holdings.csv; CMIN-US ticker resolution,resolved_by_internal_name_propagation
2018-09-30,HON,Honeywell International Inc.,PPA,Defense,2018-07-31,2018-09-28,73553788,460719,SEC EDGAR ETF_Holdings.csv; CMIN-US ticker resolution,resolved_by_internal_name_propagation
2018-09-30,MSFT,Microsoft Corporation,ARKG,Biotechnology,2018-04-30,2018-06-27,6615792,70742,SEC EDGAR ETF_Holdings.csv; CMIN-US ticker resolution,resolved_by_internal_name_propagation
2018-09-30,MSFT,Microsoft Corporation,SKYY,Cloud Computing,2018-06-30,2018-08-29,40302006,408701,SEC EDGAR ETF_Holdings.csv; CMIN-US ticker resolution,resolved_by_internal_name_propagation
2018-09-30,NFLX,"Netflix, Inc.",ARKG,Biotechnology,2018-04-30,2018-06-27,37543944,120156,SEC EDGAR ETF_Holdings.csv; CMIN-US ticker resolution,resolved_by_internal_name_propagation
2018-09-30,NGG,National Grid plc,GRID,Infrastructure,2018-06-30,2018-08-29,241610,21836,SEC EDGAR ETF_Holdings.csv; CMIN-US ticker resolution,resolved_by_target_universe_name_match
2018-09-30,NVDA,NVIDIA Corporation,ARKG,Biotechnology,2018-04-30,2018-06-27,48303122,214776,SEC EDGAR ETF_Holdings.csv; CMIN-US ticker resolution,resolved_by_internal_name_propagation
2018-09-30,NVDA,NVIDIA Corporation,GRID,Infrastructure,2018-06-30,2018-08-29,661899,2794,SEC EDGAR ETF_Holdings.csv; CMIN-US ticker resolution,resolved_by_internal_name_propagation
2018-09-30,NVDA,NVIDIA Corporation,ROBO,Robotics,2018-07-31,2018-09-27,20514861,83782,SEC EDGAR ETF_Holdings.csv; CMIN-US ticker resolution,resolved_by_internal_name_propagation
2018-09-30,NVDA,NVIDIA Corporation,SMH,Semiconductor,2018-03-31,2018-06-08,54224019,234138,SEC EDGAR ETF_Holdings.csv; CMIN-US ticker resolution,resolved_by_internal_name_propagation
2018-09-30,ORCL,Oracle Corporation,GRID,Infrastructure,2018-06-30,2018-08-29,664469,15081,SEC EDGAR ETF_Holdings.csv; CMIN-US ticker resolution,resolved_by_internal_name_propagation
2018-09-30,ORCL,Oracle Corporation,SKYY,Cloud Computing,2018-06-30,2018-08-29,67845791,1539850,SEC EDGAR ETF_Holdings.csv; CMIN-US ticker resolution,resolved_by_internal_name_propagation
2018-09-30,PYPL,"PayPal Holdings, Inc.",ARKG,Biotechnology,2018-04-30,2018-06-27,8241719,110464,SEC EDGAR ETF_Holdings.csv; CMIN-US ticker resolution,resolved_by_internal_name_propagation
2018-09-30,TSLA,"Tesla, Inc.",ARKG,Biotechnology,2018-04-30,2018-06-27,97130717,330489,SEC EDGAR ETF_Holdings.csv; CMIN-US ticker resolution,resolved_by_internal_name_propagation
2018-10-31,AAPL,Apple Inc.,ARKG,Biotechnology,2018-07-31,2018-10-02,6518194,34254,SEC EDGAR ETF_Holdings.csv; CMIN-US ticker resolution,resolved_by_internal_name_propagation
2018-10-31,AAPL,Apple Inc.,SKYY,Cloud Computing,2018-06-30,2018-08-29,40016339,216176,SEC EDGAR ETF_Holdings.csv; CMIN-US ticker resolution,resolved_by_internal_name_propagation
2018-10-31,ABBV,AbbVie Inc.,XBI,Biotechnology,2018-06-30,2018-09-06,62790757,677720,SEC EDGAR ETF_Holdings.csv; CMIN-US ticker resolution,resolved_by_internal_name_propagation
2018-10-31,APD,"Air Products and Chemicals, Inc.",PBW,Clean Energy,2018-07-31,2018-09-28,3217075,19596,SEC EDGAR ETF_Holdings.csv; CMIN-US ticker resolution,resolved_by_internal_name_propagation
2018-10-31,AVGO,Broadcom Inc.,SMH,Semiconductor,2018-03-31,2018-06-08,53610846,227502,SEC EDGAR ETF_Holdings.csv; CMIN-US ticker resolution,resolved_by_internal_name_propagation
2018-10-31,CSCO,"Cisco Systems, Inc.",CIBR,Cybersecurity,2018-06-30,2018-08-29,41460997,963537,SEC EDGAR ETF_Holdings.csv; CMIN-US ticker resolution,resolved_by_internal_name_propagation
2018-10-31,CSCO,"Cisco Systems, Inc.",GRID,Infrastructure,2018-06-30,2018-08-29,709866,16497,SEC EDGAR ETF_Holdings.csv; CMIN-US ticker resolution,resolved_by_internal_name_propagation
2018-10-31,CSCO,"Cisco Systems, Inc.",SKYY,Cloud Computing,2018-06-30,2018-08-29,72480722,1684423,SEC EDGAR ETF_Holdings.csv; CMIN-US ticker resolution,resolved_by_internal_name_propagation
2018-10-31,DE,Deere & Company,MOO,Agribusiness,2018-06-30,2018-09-07,60673619,434003,SEC EDGAR ETF_Holdings.csv; CMIN-US ticker resolution,resolved_by_internal_name_propagation
2018-10-31,DHR,Danaher Corporation,CGW,Water,2018-05-31,2018-07-30,30051857,302698,SEC EDGAR ETF_Holdings.csv; CMIN-US ticker resolution,resolved_by_internal_name_propagation
2018-10-31,DHR,Danaher Corporation,PHO,Water,2018-07-31,2018-09-28,68685209,669577,SEC EDGAR ETF_Holdings.csv; CMIN-US ticker resolution,resolved_by_internal_name_propagation
2018-10-31,DHR,Danaher Corporation,PIO,Water,2018-07-31,2018-09-28,15057410,146787,SEC EDGAR ETF_Holdings.csv; CMIN-US ticker resolution,resolved_by_internal_name_propagation
2018-10-31,ECL,Ecolab Inc.,PHO,Water,2018-07-31,2018-09-28,65585194,466135,SEC EDGAR ETF_Holdings.csv; CMIN-US ticker resolution,resolved_by_internal_name_propagation
2018-10-31,ECL,Ecolab Inc.,PIO,Water,2018-07-31,2018-09-28,14373208,102155,SEC EDGAR ETF_Holdings.csv; CMIN-US ticker resolution,resolved_by_internal_name_propagation
2018-10-31,EQIX,"Equinix, Inc.",SKYY,Cloud Computing,2018-06-30,2018-08-29,77929170,181277,SEC EDGAR ETF_Holdings.csv; CMIN-US ticker resolution,resolved_by_target_universe_name_match
2018-10-31,HON,Honeywell International Inc.,GRID,Infrastructure,2018-06-30,2018-08-29,686254,4764,SEC EDGAR ETF_Holdings.csv; CMIN-US ticker resolution,resolved_by_internal_name_propagation
2018-10-31,HON,Honeywell International Inc.,PPA,Defense,2018-07-31,2018-09-28,73553788,460719,SEC EDGAR ETF_Holdings.csv; CMIN-US ticker resolution,resolved_by_internal_name_propagation
2018-10-31,MSFT,Microsoft Corporation,SKYY,Cloud Computing,2018-06-30,2018-08-29,40302006,408701,SEC EDGAR ETF_Holdings.csv; CMIN-US ticker resolution,resolved_by_internal_name_propagation
2018-10-31,NGG,National Grid plc,GRID,Infrastructure,2018-06-30,2018-08-29,241610,21836,SEC EDGAR ETF_Holdings.csv; CMIN-US ticker resolution,resolved_by_target_universe_name_match
2018-10-31,NVDA,NVIDIA Corporation,ARKG,Biotechnology,2018-07-31,2018-10-02,2469413,10085,SEC EDGAR ETF_Holdings.csv; CMIN-US ticker resolution,resolved_by_internal_name_propagation
2018-10-31,NVDA,NVIDIA Corporation,GRID,Infrastructure,2018-06-30,2018-08-29,661899,2794,SEC EDGAR ETF_Holdings.csv; CMIN-US ticker resolution,resolved_by_internal_name_propagation
2018-10-31,NVDA,NVIDIA Corporation,ROBO,Robotics,2018-07-31,2018-09-27,20514861,83782,SEC EDGAR ETF_Holdings.csv; CMIN-US ticker resolution,resolved_by_internal_name_propagation
2018-10-31,NVDA,NVIDIA Corporation,SMH,Semiconductor,2018-03-31,2018-06-08,54224019,234138,SEC EDGAR ETF_Holdings.csv; CMIN-US ticker resolution,resolved_by_internal_name_propagation
2018-10-31,ORCL,Oracle Corporation,GRID,Infrastructure,2018-06-30,2018-08-29,664469,15081,SEC EDGAR ETF_Holdings.csv; CMIN-US ticker resolution,resolved_by_internal_name_propagation
2018-10-31,ORCL,Oracle Corporation,SKYY,Cloud Computing,2018-06-30,2018-08-29,67845791,1539850,SEC EDGAR ETF_Holdings.csv; CMIN-US ticker resolution,resolved_by_internal_name_propagation
2018-11-30,AAPL,Apple Inc.,ARKG,Biotechnology,2018-07-31,2018-10-02,6518194,34254,SEC EDGAR ETF_Holdings.csv; CMIN-US ticker resolution,resolved_by_internal_name_propagation
2018-11-30,AAPL,Apple Inc.,SKYY,Cloud Computing,2018-06-30,2018-08-29,40016339,216176,SEC EDGAR ETF_Holdings.csv; CMIN-US ticker resolution,resolved_by_internal_name_propagation
2018-11-30,ABBV,AbbVie Inc.,XBI,Biotechnology,2018-09-30,2018-11-27,66510548,703220,SEC EDGAR ETF_Holdings.csv; CMIN-US ticker resolution,resolved_by_internal_name_propagation
2018-11-30,APD,"Air Products and Chemicals, Inc.",PBW,Clean Energy,2018-07-31,2018-09-28,3217075,19596,SEC EDGAR ETF_Holdings.csv; CMIN-US ticker resolution,resolved_by_internal_name_propagation
2018-11-30,AVGO,Broadcom Inc.,SMH,Semiconductor,2018-03-31,2018-06-08,53610846,227502,SEC EDGAR ETF_Holdings.csv; CMIN-US ticker resolution,resolved_by_internal_name_propagation
2018-11-30,CSCO,"Cisco Systems, Inc.",CIBR,Cybersecurity,2018-06-30,2018-08-29,41460997,963537,SEC EDGAR ETF_Holdings.csv; CMIN-US ticker resolution,resolved_by_internal_name_propagation
2018-11-30,CSCO,"Cisco Systems, Inc.",GRID,Infrastructure,2018-06-30,2018-08-29,709866,16497,SEC EDGAR ETF_Holdings.csv; CMIN-US ticker resolution,resolved_by_internal_name_propagation
2018-11-30,CSCO,"Cisco Systems, Inc.",SKYY,Cloud Computing,2018-06-30,2018-08-29,72480722,1684423,SEC EDGAR ETF_Holdings.csv; CMIN-US ticker resolution,resolved_by_internal_name_propagation
2018-11-30,DE,Deere & Company,MOO,Agribusiness,2018-06-30,2018-09-07,60673619,434003,SEC EDGAR ETF_Holdings.csv; CMIN-US ticker resolution,resolved_by_internal_name_propagation
2018-11-30,DHR,Danaher Corporation,CGW,Water,2018-08-31,2018-11-08,30243413,292094,SEC EDGAR ETF_Holdings.csv; CMIN-US ticker resolution,resolved_by_internal_name_propagation
2018-11-30,DHR,Danaher Corporation,PHO,Water,2018-07-31,2018-09-28,68685209,669577,SEC EDGAR ETF_Holdings.csv; CMIN-US ticker resolution,resolved_by_internal_name_propagation
2018-11-30,DHR,Danaher Corporation,PIO,Water,2018-07-31,2018-09-28,15057410,146787,SEC EDGAR ETF_Holdings.csv; CMIN-US ticker resolution,resolved_by_internal_name_propagation
2018-11-30,ECL,Ecolab Inc.,PHO,Water,2018-07-31,2018-09-28,65585194,466135,SEC EDGAR ETF_Holdings.csv; CMIN-US ticker resolution,resolved_by_internal_name_propagation
2018-11-30,ECL,Ecolab Inc.,PIO,Water,2018-07-31,2018-09-28,14373208,102155,SEC EDGAR ETF_Holdings.csv; CMIN-US ticker resolution,resolved_by_internal_name_propagation
2018-11-30,EQIX,"Equinix, Inc.",SKYY,Cloud Computing,2018-06-30,2018-08-29,77929170,181277,SEC EDGAR ETF_Holdings.csv; CMIN-US ticker resolution,resolved_by_target_universe_name_match
2018-11-30,HON,Honeywell International Inc.,GRID,Infrastructure,2018-06-30,2018-08-29,686254,4764,SEC EDGAR ETF_Holdings.csv; CMIN-US ticker resolution,resolved_by_internal_name_propagation
2018-11-30,HON,Honeywell International Inc.,PPA,Defense,2018-07-31,2018-09-28,73553788,460719,SEC EDGAR ETF_Holdings.csv; CMIN-US ticker resolution,resolved_by_internal_name_propagation
2018-11-30,MSFT,Microsoft Corporation,SKYY,Cloud Computing,2018-06-30,2018-08-29,40302006,408701,SEC EDGAR ETF_Holdings.csv; CMIN-US ticker resolution,resolved_by_internal_name_propagation
2018-11-30,NGG,National Grid plc,GRID,Infrastructure,2018-06-30,2018-08-29,241610,21836,SEC EDGAR ETF_Holdings.csv; CMIN-US ticker resolution,resolved_by_target_universe_name_match
2018-11-30,NVDA,NVIDIA Corporation,ARKG,Biotechnology,2018-07-31,2018-10-02,2469413,10085,SEC EDGAR ETF_Holdings.csv; CMIN-US ticker resolution,resolved_by_internal_name_propagation
2018-11-30,NVDA,NVIDIA Corporation,GRID,Infrastructure,2018-06-30,2018-08-29,661899,2794,SEC EDGAR ETF_Holdings.csv; CMIN-US ticker resolution,resolved_by_internal_name_propagation
2018-11-30,NVDA,NVIDIA Corporation,ROBO,Robotics,2018-07-31,2018-09-27,20514861,83782,SEC EDGAR ETF_Holdings.csv; CMIN-US ticker resolution,resolved_by_internal_name_propagation
2018-11-30,NVDA,NVIDIA Corporation,SMH,Semiconductor,2018-03-31,2018-06-08,54224019,234138,SEC EDGAR ETF_Holdings.csv; CMIN-US ticker resolution,resolved_by_internal_name_propagation
2018-11-30,ORCL,Oracle Corporation,GRID,Infrastructure,2018-06-30,2018-08-29,664469,15081,SEC EDGAR ETF_Holdings.csv; CMIN-US ticker resolution,resolved_by_internal_name_propagation
2018-11-30,ORCL,Oracle Corporation,SKYY,Cloud Computing,2018-06-30,2018-08-29,67845791,1539850,SEC EDGAR ETF_Holdings.csv; CMIN-US ticker resolution,resolved_by_internal_name_propagation
2018-12-31,AAPL,Apple Inc.,ARKG,Biotechnology,2018-10-31,2018-12-20,21557928,98501,SEC EDGAR ETF_Holdings.csv; CMIN-US ticker resolution,resolved_by_internal_name_propagation
2018-12-31,AAPL,Apple Inc.,SKYY,Cloud Computing,2018-06-30,2018-08-29,40016339,216176,SEC EDGAR ETF_Holdings.csv; CMIN-US ticker resolution,resolved_by_internal_name_propagation
2018-12-31,ABBV,AbbVie Inc.,XBI,Biotechnology,2018-09-30,2018-11-27,66510548,703220,SEC EDGAR ETF_Holdings.csv; CMIN-US ticker resolution,resolved_by_internal_name_propagation
2018-12-31,ADBE,Adobe Inc.,ARKG,Biotechnology,2018-10-31,2018-12-20,9208873,37471,SEC EDGAR ETF_Holdings.csv; CMIN-US ticker resolution,resolved_by_internal_name_propagation
2018-12-31,AMZN,"Amazon.com, Inc.",ARKG,Biotechnology,2018-10-31,2018-12-20,53471012,33461,SEC EDGAR ETF_Holdings.csv; CMIN-US ticker resolution,resolved_by_internal_name_propagation
2018-12-31,APD,"Air Products and Chemicals, Inc.",PBW,Clean Energy,2018-07-31,2018-09-28,3217075,19596,SEC EDGAR ETF_Holdings.csv; CMIN-US ticker resolution,resolved_by_internal_name_propagation
2018-12-31,AVGO,Broadcom Inc.,SMH,Semiconductor,2018-09-30,2018-12-07,63707660,258208,SEC EDGAR ETF_Holdings.csv; CMIN-US ticker resolution,resolved_by_internal_name_propagation
2018-12-31,CSCO,"Cisco Systems, Inc.",CIBR,Cybersecurity,2018-06-30,2018-08-29,41460997,963537,SEC EDGAR ETF_Holdings.csv; CMIN-US ticker resolution,resolved_by_internal_name_propagation
2018-12-31,CSCO,"Cisco Systems, Inc.",GRID,Infrastructure,2018-06-30,2018-08-29,709866,16497,SEC EDGAR ETF_Holdings.csv; CMIN-US ticker resolution,resolved_by_internal_name_propagation
2018-12-31,CSCO,"Cisco Systems, Inc.",SKYY,Cloud Computing,2018-06-30,2018-08-29,72480722,1684423,SEC EDGAR ETF_Holdings.csv; CMIN-US ticker resolution,resolved_by_internal_name_propagation
2018-12-31,DE,Deere & Company,ARKG,Biotechnology,2018-10-31,2018-12-20,2287311,16888,SEC EDGAR ETF_Holdings.csv; CMIN-US ticker resolution,resolved_by_internal_name_propagation
2018-12-31,DE,Deere & Company,MOO,Agribusiness,2018-06-30,2018-09-07,60673619,434003,SEC EDGAR ETF_Holdings.csv; CMIN-US ticker resolution,resolved_by_internal_name_propagation
2018-12-31,DHR,Danaher Corporation,CGW,Water,2018-10-31,2018-12-27,26613257,267739,SEC EDGAR ETF_Holdings.csv; CMIN-US ticker resolution,resolved_by_internal_name_propagation
2018-12-31,DHR,Danaher Corporation,PHO,Water,2018-07-31,2018-09-28,68685209,669577,SEC EDGAR ETF_Holdings.csv; CMIN-US ticker resolution,resolved_by_internal_name_propagation
2018-12-31,DHR,Danaher Corporation,PIO,Water,2018-07-31,2018-09-28,15057410,146787,SEC EDGAR ETF_Holdings.csv; CMIN-US ticker resolution,resolved_by_internal_name_propagation
2018-12-31,ECL,Ecolab Inc.,PHO,Water,2018-07-31,2018-09-28,65585194,466135,SEC EDGAR ETF_Holdings.csv; CMIN-US ticker resolution,resolved_by_internal_name_propagation
2018-12-31,ECL,Ecolab Inc.,PIO,Water,2018-07-31,2018-09-28,14373208,102155,SEC EDGAR ETF_Holdings.csv; CMIN-US ticker resolution,resolved_by_internal_name_propagation
2018-12-31,EQIX,"Equinix, Inc.",SKYY,Cloud Computing,2018-06-30,2018-08-29,77929170,181277,SEC EDGAR ETF_Holdings.csv; CMIN-US ticker resolution,resolved_by_target_universe_name_match
2018-12-31,HON,Honeywell International Inc.,GRID,Infrastructure,2018-06-30,2018-08-29,686254,4764,SEC EDGAR ETF_Holdings.csv; CMIN-US ticker resolution,resolved_by_internal_name_propagation
2018-12-31,HON,Honeywell International Inc.,PPA,Defense,2018-07-31,2018-09-28,73553788,460719,SEC EDGAR ETF_Holdings.csv; CMIN-US ticker resolution,resolved_by_internal_name_propagation
2018-12-31,MSFT,Microsoft Corporation,ARKG,Biotechnology,2018-10-31,2018-12-20,1640922,15363,SEC EDGAR ETF_Holdings.csv; CMIN-US ticker resolution,resolved_by_internal_name_propagation
2018-12-31,MSFT,Microsoft Corporation,SKYY,Cloud Computing,2018-06-30,2018-08-29,40302006,408701,SEC EDGAR ETF_Holdings.csv; CMIN-US ticker resolution,resolved_by_internal_name_propagation
2018-12-31,NFLX,"Netflix, Inc.",ARKG,Biotechnology,2018-10-31,2018-12-20,54632139,181033,SEC EDGAR ETF_Holdings.csv; CMIN-US ticker resolution,resolved_by_internal_name_propagation
2018-12-31,NGG,National Grid plc,GRID,Infrastructure,2018-06-30,2018-08-29,241610,21836,SEC EDGAR ETF_Holdings.csv; CMIN-US ticker resolution,resolved_by_target_universe_name_match
2018-12-31,NVDA,NVIDIA Corporation,ARKG,Biotechnology,2018-10-31,2018-12-20,67077042,318157,SEC EDGAR ETF_Holdings.csv; CMIN-US ticker resolution,resolved_by_internal_name_propagation
2018-12-31,NVDA,NVIDIA Corporation,GRID,Infrastructure,2018-06-30,2018-08-29,661899,2794,SEC EDGAR ETF_Holdings.csv; CMIN-US ticker resolution,resolved_by_internal_name_propagation
2018-12-31,NVDA,NVIDIA Corporation,ROBO,Robotics,2018-07-31,2018-09-27,20514861,83782,SEC EDGAR ETF_Holdings.csv; CMIN-US ticker resolution,resolved_by_internal_name_propagation
2018-12-31,NVDA,NVIDIA Corporation,SMH,Semiconductor,2018-09-30,2018-12-07,99360241,353570,SEC EDGAR ETF_Holdings.csv; CMIN-US ticker resolution,resolved_by_internal_name_propagation
2018-12-31,ORCL,Oracle Corporation,GRID,Infrastructure,2018-06-30,2018-08-29,664469,15081,SEC EDGAR ETF_Holdings.csv; CMIN-US ticker resolution,resolved_by_internal_name_propagation
2018-12-31,ORCL,Oracle Corporation,SKYY,Cloud Computing,2018-06-30,2018-08-29,67845791,1539850,SEC EDGAR ETF_Holdings.csv; CMIN-US ticker resolution,resolved_by_internal_name_propagation
2018-12-31,PYPL,"PayPal Holdings, Inc.",ARKG,Biotechnology,2018-10-31,2018-12-20,11789715,140037,SEC EDGAR ETF_Holdings.csv; CMIN-US ticker resolution,resolved_by_internal_name_propagation
2018-12-31,TSLA,"Tesla, Inc.",ARKG,Biotechnology,2018-10-31,2018-12-20,221687042,657201,SEC EDGAR ETF_Holdings.csv; CMIN-US ticker resolution,resolved_by_internal_name_propagation
2019-01-31,AAPL,Apple Inc.,ARKG,Biotechnology,2018-10-31,2018-12-20,21557928,98501,SEC EDGAR ETF_Holdings.csv; CMIN-US ticker resolution,resolved_by_internal_name_propagation
2019-01-31,AAPL,Apple Inc.,SKYY,Cloud Computing,2018-06-30,2018-08-29,40016339,216176,SEC EDGAR ETF_Holdings.csv; CMIN-US ticker resolution,resolved_by_internal_name_propagation
2019-01-31,ABBV,AbbVie Inc.,XBI,Biotechnology,2018-09-30,2018-11-27,66510548,703220,SEC EDGAR ETF_Holdings.csv; CMIN-US ticker resolution,resolved_by_internal_name_propagation
2019-01-31,ADBE,Adobe Inc.,ARKG,Biotechnology,2018-10-31,2018-12-20,9208873,37471,SEC EDGAR ETF_Holdings.csv; CMIN-US ticker resolution,resolved_by_internal_name_propagation
2019-01-31,AMZN,"Amazon.com, Inc.",ARKG,Biotechnology,2018-10-31,2018-12-20,53471012,33461,SEC EDGAR ETF_Holdings.csv; CMIN-US ticker resolution,resolved_by_internal_name_propagation
2019-01-31,APD,"Air Products and Chemicals, Inc.",PBW,Clean Energy,2018-07-31,2018-09-28,3217075,19596,SEC EDGAR ETF_Holdings.csv; CMIN-US ticker resolution,resolved_by_internal_name_propagation
2019-01-31,AVGO,Broadcom Inc.,SMH,Semiconductor,2018-09-30,2018-12-07,63707660,258208,SEC EDGAR ETF_Holdings.csv; CMIN-US ticker resolution,resolved_by_internal_name_propagation
2019-01-31,CSCO,"Cisco Systems, Inc.",CIBR,Cybersecurity,2018-06-30,2018-08-29,41460997,963537,SEC EDGAR ETF_Holdings.csv; CMIN-US ticker resolution,resolved_by_internal_name_propagation
2019-01-31,CSCO,"Cisco Systems, Inc.",GRID,Infrastructure,2018-06-30,2018-08-29,709866,16497,SEC EDGAR ETF_Holdings.csv; CMIN-US ticker resolution,resolved_by_internal_name_propagation
2019-01-31,CSCO,"Cisco Systems, Inc.",SKYY,Cloud Computing,2018-06-30,2018-08-29,72480722,1684423,SEC EDGAR ETF_Holdings.csv; CMIN-US ticker resolution,resolved_by_internal_name_propagation
2019-01-31,DE,Deere & Company,ARKG,Biotechnology,2018-10-31,2018-12-20,2287311,16888,SEC EDGAR ETF_Holdings.csv; CMIN-US ticker resolution,resolved_by_internal_name_propagation
2019-01-31,DE,Deere & Company,MOO,Agribusiness,2018-06-30,2018-09-07,60673619,434003,SEC EDGAR ETF_Holdings.csv; CMIN-US ticker resolution,resolved_by_internal_name_propagation
2019-01-31,DHR,Danaher Corporation,CGW,Water,2018-10-31,2018-12-27,26613257,267739,SEC EDGAR ETF_Holdings.csv; CMIN-US ticker resolution,resolved_by_internal_name_propagation
2019-01-31,DHR,Danaher Corporation,PHO,Water,2018-07-31,2018-09-28,68685209,669577,SEC EDGAR ETF_Holdings.csv; CMIN-US ticker resolution,resolved_by_internal_name_propagation
2019-01-31,DHR,Danaher Corporation,PIO,Water,2018-10-31,2019-01-04,13752686,138357,SEC EDGAR ETF_Holdings.csv; CMIN-US ticker resolution,resolved_by_internal_name_propagation
2019-01-31,ECL,Ecolab Inc.,PHO,Water,2018-07-31,2018-09-28,65585194,466135,SEC EDGAR ETF_Holdings.csv; CMIN-US ticker resolution,resolved_by_internal_name_propagation
2019-01-31,ECL,Ecolab Inc.,PIO,Water,2018-10-31,2019-01-04,14580033,95201,SEC EDGAR ETF_Holdings.csv; CMIN-US ticker resolution,resolved_by_internal_name_propagation
2019-01-31,EQIX,"Equinix, Inc.",SKYY,Cloud Computing,2018-06-30,2018-08-29,77929170,181277,SEC EDGAR ETF_Holdings.csv; CMIN-US ticker resolution,resolved_by_target_universe_name_match
2019-01-31,HON,Honeywell International Inc.,GRID,Infrastructure,2018-06-30,2018-08-29,686254,4764,SEC EDGAR ETF_Holdings.csv; CMIN-US ticker resolution,resolved_by_internal_name_propagation
2019-01-31,HON,Honeywell International Inc.,PPA,Defense,2018-07-31,2018-09-28,73553788,460719,SEC EDGAR ETF_Holdings.csv; CMIN-US ticker resolution,resolved_by_internal_name_propagation
2019-01-31,MSFT,Microsoft Corporation,ARKG,Biotechnology,2018-10-31,2018-12-20,1640922,15363,SEC EDGAR ETF_Holdings.csv; CMIN-US ticker resolution,resolved_by_internal_name_propagation
2019-01-31,MSFT,Microsoft Corporation,SKYY,Cloud Computing,2018-06-30,2018-08-29,40302006,408701,SEC EDGAR ETF_Holdings.csv; CMIN-US ticker resolution,resolved_by_internal_name_propagation
2019-01-31,NFLX,"Netflix, Inc.",ARKG,Biotechnology,2018-10-31,2018-12-20,54632139,181033,SEC EDGAR ETF_Holdings.csv; CMIN-US ticker resolution,resolved_by_internal_name_propagation
2019-01-31,NGG,National Grid plc,GRID,Infrastructure,2018-06-30,2018-08-29,241610,21836,SEC EDGAR ETF_Holdings.csv; CMIN-US ticker resolution,resolved_by_target_universe_name_match
2019-01-31,NVDA,NVIDIA Corporation,ARKG,Biotechnology,2018-10-31,2018-12-20,67077042,318157,SEC EDGAR ETF_Holdings.csv; CMIN-US ticker resolution,resolved_by_internal_name_propagation
2019-01-31,NVDA,NVIDIA Corporation,GRID,Infrastructure,2018-06-30,2018-08-29,661899,2794,SEC EDGAR ETF_Holdings.csv; CMIN-US ticker resolution,resolved_by_internal_name_propagation
2019-01-31,NVDA,NVIDIA Corporation,ROBO,Robotics,2018-10-31,2019-01-04,23603051,111953,SEC EDGAR ETF_Holdings.csv; CMIN-US ticker resolution,resolved_by_internal_name_propagation
2019-01-31,NVDA,NVIDIA Corporation,SMH,Semiconductor,2018-09-30,2018-12-07,99360241,353570,SEC EDGAR ETF_Holdings.csv; CMIN-US ticker resolution,resolved_by_internal_name_propagation
2019-01-31,ORCL,Oracle Corporation,GRID,Infrastructure,2018-06-30,2018-08-29,664469,15081,SEC EDGAR ETF_Holdings.csv; CMIN-US ticker resolution,resolved_by_internal_name_propagation
2019-01-31,ORCL,Oracle Corporation,SKYY,Cloud Computing,2018-06-30,2018-08-29,67845791,1539850,SEC EDGAR ETF_Holdings.csv; CMIN-US ticker resolution,resolved_by_internal_name_propagation
2019-01-31,PYPL,"PayPal Holdings, Inc.",ARKG,Biotechnology,2018-10-31,2018-12-20,11789715,140037,SEC EDGAR ETF_Holdings.csv; CMIN-US ticker resolution,resolved_by_internal_name_propagation
2019-01-31,TSLA,"Tesla, Inc.",ARKG,Biotechnology,2018-10-31,2018-12-20,221687042,657201,SEC EDGAR ETF_Holdings.csv; CMIN-US ticker resolution,resolved_by_internal_name_propagation
2019-02-28,AAPL,Apple Inc.,ARKG,Biotechnology,2018-10-31,2018-12-20,21557928,98501,SEC EDGAR ETF_Holdings.csv; CMIN-US ticker resolution,resolved_by_internal_name_propagation
2019-02-28,AAPL,Apple Inc.,SKYY,Cloud Computing,2018-06-30,2018-08-29,40016339,216176,SEC EDGAR ETF_Holdings.csv; CMIN-US ticker resolution,resolved_by_internal_name_propagation
2019-02-28,ABBV,AbbVie Inc.,XBI,Biotechnology,2018-09-30,2018-11-27,66510548,703220,SEC EDGAR ETF_Holdings.csv; CMIN-US ticker resolution,resolved_by_internal_name_propagation
2019-02-28,ADBE,Adobe Inc.,ARKG,Biotechnology,2018-10-31,2018-12-20,9208873,37471,SEC EDGAR ETF_Holdings.csv; CMIN-US ticker resolution,resolved_by_internal_name_propagation
2019-02-28,AMZN,"Amazon.com, Inc.",ARKG,Biotechnology,2018-10-31,2018-12-20,53471012,33461,SEC EDGAR ETF_Holdings.csv; CMIN-US ticker resolution,resolved_by_internal_name_propagation
2019-02-28,APD,"Air Products and Chemicals, Inc.",PBW,Clean Energy,2018-07-31,2018-09-28,3217075,19596,SEC EDGAR ETF_Holdings.csv; CMIN-US ticker resolution,resolved_by_internal_name_propagation
2019-02-28,AVGO,Broadcom Inc.,SMH,Semiconductor,2018-09-30,2018-12-07,63707660,258208,SEC EDGAR ETF_Holdings.csv; CMIN-US ticker resolution,resolved_by_internal_name_propagation
2019-02-28,CSCO,"Cisco Systems, Inc.",CIBR,Cybersecurity,2018-06-30,2018-08-29,41460997,963537,SEC EDGAR ETF_Holdings.csv; CMIN-US ticker resolution,resolved_by_internal_name_propagation
2019-02-28,CSCO,"Cisco Systems, Inc.",GRID,Infrastructure,2018-06-30,2018-08-29,709866,16497,SEC EDGAR ETF_Holdings.csv; CMIN-US ticker resolution,resolved_by_internal_name_propagation
2019-02-28,CSCO,"Cisco Systems, Inc.",SKYY,Cloud Computing,2018-06-30,2018-08-29,72480722,1684423,SEC EDGAR ETF_Holdings.csv; CMIN-US ticker resolution,resolved_by_internal_name_propagation
2019-02-28,DE,Deere & Company,ARKG,Biotechnology,2018-10-31,2018-12-20,2287311,16888,SEC EDGAR ETF_Holdings.csv; CMIN-US ticker resolution,resolved_by_internal_name_propagation
2019-02-28,DE,Deere & Company,MOO,Agribusiness,2018-06-30,2018-09-07,60673619,434003,SEC EDGAR ETF_Holdings.csv; CMIN-US ticker resolution,resolved_by_internal_name_propagation
2019-02-28,DHR,Danaher Corporation,CGW,Water,2018-10-31,2018-12-27,26613257,267739,SEC EDGAR ETF_Holdings.csv; CMIN-US ticker resolution,resolved_by_internal_name_propagation
2019-02-28,DHR,Danaher Corporation,PHO,Water,2018-07-31,2018-09-28,68685209,669577,SEC EDGAR ETF_Holdings.csv; CMIN-US ticker resolution,resolved_by_internal_name_propagation
2019-02-28,DHR,Danaher Corporation,PIO,Water,2018-10-31,2019-01-04,13752686,138357,SEC EDGAR ETF_Holdings.csv; CMIN-US ticker resolution,resolved_by_internal_name_propagation
2019-02-28,ECL,Ecolab Inc.,PHO,Water,2018-07-31,2018-09-28,65585194,466135,SEC EDGAR ETF_Holdings.csv; CMIN-US ticker resolution,resolved_by_internal_name_propagation
2019-02-28,ECL,Ecolab Inc.,PIO,Water,2018-10-31,2019-01-04,14580033,95201,SEC EDGAR ETF_Holdings.csv; CMIN-US ticker resolution,resolved_by_internal_name_propagation
2019-02-28,EQIX,"Equinix, Inc.",SKYY,Cloud Computing,2018-06-30,2018-08-29,77929170,181277,SEC EDGAR ETF_Holdings.csv; CMIN-US ticker resolution,resolved_by_target_universe_name_match
2019-02-28,HON,Honeywell International Inc.,GRID,Infrastructure,2018-06-30,2018-08-29,686254,4764,SEC EDGAR ETF_Holdings.csv; CMIN-US ticker resolution,resolved_by_internal_name_propagation
2019-02-28,HON,Honeywell International Inc.,PPA,Defense,2018-07-31,2018-09-28,73553788,460719,SEC EDGAR ETF_Holdings.csv; CMIN-US ticker resolution,resolved_by_internal_name_propagation
2019-02-28,MSFT,Microsoft Corporation,ARKG,Biotechnology,2018-10-31,2018-12-20,1640922,15363,SEC EDGAR ETF_Holdings.csv; CMIN-US ticker resolution,resolved_by_internal_name_propagation
2019-02-28,MSFT,Microsoft Corporation,SKYY,Cloud Computing,2018-06-30,2018-08-29,40302006,408701,SEC EDGAR ETF_Holdings.csv; CMIN-US ticker resolution,resolved_by_internal_name_propagation
2019-02-28,NFLX,"Netflix, Inc.",ARKG,Biotechnology,2018-10-31,2018-12-20,54632139,181033,SEC EDGAR ETF_Holdings.csv; CMIN-US ticker resolution,resolved_by_internal_name_propagation
2019-02-28,NGG,National Grid plc,GRID,Infrastructure,2018-06-30,2018-08-29,241610,21836,SEC EDGAR ETF_Holdings.csv; CMIN-US ticker resolution,resolved_by_target_universe_name_match
2019-02-28,NVDA,NVIDIA Corporation,ARKG,Biotechnology,2018-10-31,2018-12-20,67077042,318157,SEC EDGAR ETF_Holdings.csv; CMIN-US ticker resolution,resolved_by_internal_name_propagation
2019-02-28,NVDA,NVIDIA Corporation,GRID,Infrastructure,2018-06-30,2018-08-29,661899,2794,SEC EDGAR ETF_Holdings.csv; CMIN-US ticker resolution,resolved_by_internal_name_propagation
2019-02-28,NVDA,NVIDIA Corporation,ROBO,Robotics,2018-10-31,2019-01-04,23603051,111953,SEC EDGAR ETF_Holdings.csv; CMIN-US ticker resolution,resolved_by_internal_name_propagation
2019-02-28,NVDA,NVIDIA Corporation,SMH,Semiconductor,2018-09-30,2018-12-07,99360241,353570,SEC EDGAR ETF_Holdings.csv; CMIN-US ticker resolution,resolved_by_internal_name_propagation
2019-02-28,ORCL,Oracle Corporation,GRID,Infrastructure,2018-06-30,2018-08-29,664469,15081,SEC EDGAR ETF_Holdings.csv; CMIN-US ticker resolution,resolved_by_internal_name_propagation
2019-02-28,ORCL,Oracle Corporation,SKYY,Cloud Computing,2018-06-30,2018-08-29,67845791,1539850,SEC EDGAR ETF_Holdings.csv; CMIN-US ticker resolution,resolved_by_internal_name_propagation
2019-02-28,PYPL,"PayPal Holdings, Inc.",ARKG,Biotechnology,2018-10-31,2018-12-20,11789715,140037,SEC EDGAR ETF_Holdings.csv; CMIN-US ticker resolution,resolved_by_internal_name_propagation
2019-02-28,TSLA,"Tesla, Inc.",ARKG,Biotechnology,2018-10-31,2018-12-20,221687042,657201,SEC EDGAR ETF_Holdings.csv; CMIN-US ticker resolution,resolved_by_internal_name_propagation
2019-03-31,AAPL,Apple Inc.,ARKG,Biotechnology,2018-10-31,2018-12-20,21557928,98501,SEC EDGAR ETF_Holdings.csv; CMIN-US ticker resolution,resolved_by_internal_name_propagation
2019-03-31,AAPL,Apple Inc.,SKYY,Cloud Computing,2018-12-31,2019-03-01,37932053,240472,SEC EDGAR ETF_Holdings.csv; CMIN-US ticker resolution,resolved_by_internal_name_propagation
2019-03-31,ABBV,AbbVie Inc.,XBI,Biotechnology,2018-12-31,2019-03-07,55303951,599891,SEC EDGAR ETF_Holdings.csv; CMIN-US ticker resolution,resolved_by_internal_name_propagation
2019-03-31,ADBE,Adobe Inc.,ARKG,Biotechnology,2018-10-31,2018-12-20,9208873,37471,SEC EDGAR ETF_Holdings.csv; CMIN-US ticker resolution,resolved_by_internal_name_propagation
2019-03-31,AMZN,"Amazon.com, Inc.",ARKG,Biotechnology,2018-10-31,2018-12-20,53471012,33461,SEC EDGAR ETF_Holdings.csv; CMIN-US ticker resolution,resolved_by_internal_name_propagation
2019-03-31,APD,"Air Products and Chemicals, Inc.",PBW,Clean Energy,2019-01-31,2019-03-29,2542949,15469,SEC EDGAR ETF_Holdings.csv; CMIN-US ticker resolution,resolved_by_internal_name_propagation
2019-03-31,APD,"Air Products and Chemicals, Inc.",PIO,Water,2019-01-31,2019-03-29,415249,2526,SEC EDGAR ETF_Holdings.csv; CMIN-US ticker resolution,resolved_by_internal_name_propagation
2019-03-31,AVGO,Broadcom Inc.,SMH,Semiconductor,2018-09-30,2018-12-07,63707660,258208,SEC EDGAR ETF_Holdings.csv; CMIN-US ticker resolution,resolved_by_internal_name_propagation
2019-03-31,CSCO,"Cisco Systems, Inc.",CIBR,Cybersecurity,2018-12-31,2019-03-01,38597237,890774,SEC EDGAR ETF_Holdings.csv; CMIN-US ticker resolution,resolved_by_internal_name_propagation
2019-03-31,CSCO,"Cisco Systems, Inc.",GRID,Infrastructure,2018-12-31,2019-03-01,462244,10668,SEC EDGAR ETF_Holdings.csv; CMIN-US ticker resolution,resolved_by_internal_name_propagation
2019-03-31,CSCO,"Cisco Systems, Inc.",SKYY,Cloud Computing,2018-12-31,2019-03-01,73413109,1694279,SEC EDGAR ETF_Holdings.csv; CMIN-US ticker resolution,resolved_by_internal_name_propagation
2019-03-31,D,"Dominion Energy, Inc.",PIO,Water,2019-01-31,2019-03-29,126151,1796,SEC EDGAR ETF_Holdings.csv; CMIN-US ticker resolution,resolved_by_internal_name_propagation
2019-03-31,DE,Deere & Company,ARKG,Biotechnology,2018-10-31,2018-12-20,2287311,16888,SEC EDGAR ETF_Holdings.csv; CMIN-US ticker resolution,resolved_by_internal_name_propagation
2019-03-31,DE,Deere & Company,MOO,Agribusiness,2018-12-31,2019-03-08,63404559,425049,SEC EDGAR ETF_Holdings.csv; CMIN-US ticker resolution,resolved_by_internal_name_propagation
2019-03-31,DHR,Danaher Corporation,CGW,Water,2019-01-31,2019-03-29,29276336,263941,SEC EDGAR ETF_Holdings.csv; CMIN-US ticker resolution,resolved_by_internal_name_propagation
2019-03-31,DHR,Danaher Corporation,PHO,Water,2019-01-31,2019-03-29,64453726,581083,SEC EDGAR ETF_Holdings.csv; CMIN-US ticker resolution,resolved_by_internal_name_propagation
2019-03-31,DHR,Danaher Corporation,PIO,Water,2019-01-31,2019-03-29,42692665,384896,SEC EDGAR ETF_Holdings.csv; CMIN-US ticker resolution,resolved_by_internal_name_propagation
2019-03-31,DUK,Duke Energy Corporation,PIO,Water,2019-01-31,2019-03-29,110427,1258,SEC EDGAR ETF_Holdings.csv; CMIN-US ticker resolution,resolved_by_internal_name_propagation
2019-03-31,ECL,Ecolab Inc.,PHO,Water,2019-01-31,2019-03-29,62732595,396615,SEC EDGAR ETF_Holdings.csv; CMIN-US ticker resolution,resolved_by_internal_name_propagation
2019-03-31,ECL,Ecolab Inc.,PIO,Water,2019-01-31,2019-03-29,13057882,82556,SEC EDGAR ETF_Holdings.csv; CMIN-US ticker resolution,resolved_by_internal_name_propagation
2019-03-31,EQIX,"Equinix, Inc.",SKYY,Cloud Computing,2018-12-31,2019-03-01,74216348,210507,SEC EDGAR ETF_Holdings.csv; CMIN-US ticker resolution,resolved_by_target_universe_name_match
2019-03-31,HON,Honeywell International Inc.,GRID,Infrastructure,2018-12-31,2019-03-01,459778,3480,SEC EDGAR ETF_Holdings.csv; CMIN-US ticker resolution,resolved_by_internal_name_propagation
2019-03-31,HON,Honeywell International Inc.,PPA,Defense,2019-01-31,2019-03-29,57185997,398148,SEC EDGAR ETF_Holdings.csv; CMIN-US ticker resolution,resolved_by_internal_name_propagation
2019-03-31,JNJ,Johnson & Johnson,PIO,Water,2019-01-31,2019-03-29,401902,3020,SEC EDGAR ETF_Holdings.csv; CMIN-US ticker resolution,resolved_by_internal_name_propagation
2019-03-31,MSFT,Microsoft Corporation,ARKG,Biotechnology,2018-10-31,2018-12-20,1640922,15363,SEC EDGAR ETF_Holdings.csv; CMIN-US ticker resolution,resolved_by_internal_name_propagation
2019-03-31,MSFT,Microsoft Corporation,SKYY,Cloud Computing,2018-12-31,2019-03-01,39334201,387262,SEC EDGAR ETF_Holdings.csv; CMIN-US ticker resolution,resolved_by_internal_name_propagation
2019-03-31,NFLX,"Netflix, Inc.",ARKG,Biotechnology,2018-10-31,2018-12-20,54632139,181033,SEC EDGAR ETF_Holdings.csv; CMIN-US ticker resolution,resolved_by_internal_name_propagation
2019-03-31,NGG,National Grid plc,GRID,Infrastructure,2018-12-31,2019-03-01,176400,18110,SEC EDGAR ETF_Holdings.csv; CMIN-US ticker resolution,resolved_by_target_universe_name_match
2019-03-31,NVDA,NVIDIA Corporation,ARKG,Biotechnology,2018-10-31,2018-12-20,67077042,318157,SEC EDGAR ETF_Holdings.csv; CMIN-US ticker resolution,resolved_by_internal_name_propagation
2019-03-31,NVDA,NVIDIA Corporation,GRID,Infrastructure,2018-12-31,2019-03-01,417188,3125,SEC EDGAR ETF_Holdings.csv; CMIN-US ticker resolution,resolved_by_internal_name_propagation
2019-03-31,NVDA,NVIDIA Corporation,ROBO,Robotics,2018-10-31,2019-01-04,23603051,111953,SEC EDGAR ETF_Holdings.csv; CMIN-US ticker resolution,resolved_by_internal_name_propagation
2019-03-31,NVDA,NVIDIA Corporation,SMH,Semiconductor,2018-09-30,2018-12-07,99360241,353570,SEC EDGAR ETF_Holdings.csv; CMIN-US ticker resolution,resolved_by_internal_name_propagation
2019-03-31,ORCL,Oracle Corporation,GRID,Infrastructure,2018-12-31,2019-03-01,472856,10473,SEC EDGAR ETF_Holdings.csv; CMIN-US ticker resolution,resolved_by_internal_name_propagation
2019-03-31,ORCL,Oracle Corporation,SKYY,Cloud Computing,2018-12-31,2019-03-01,75100253,1663350,SEC EDGAR ETF_Holdings.csv; CMIN-US ticker resolution,resolved_by_internal_name_propagation
2019-03-31,PEP,"PepsiCo, Inc.",PIO,Water,2019-01-31,2019-03-29,479862,4259,SEC EDGAR ETF_Holdings.csv; CMIN-US ticker resolution,resolved_by_target_universe_name_match
2019-03-31,PFE,Pfizer Inc.,PIO,Water,2019-01-31,2019-03-29,461219,10865,SEC EDGAR ETF_Holdings.csv; CMIN-US ticker resolution,resolved_by_internal_name_propagation
2019-03-31,PYPL,"PayPal Holdings, Inc.",ARKG,Biotechnology,2018-10-31,2018-12-20,11789715,140037,SEC EDGAR ETF_Holdings.csv; CMIN-US ticker resolution,resolved_by_internal_name_propagation
2019-03-31,TSLA,"Tesla, Inc.",ARKG,Biotechnology,2018-10-31,2018-12-20,221687042,657201,SEC EDGAR ETF_Holdings.csv; CMIN-US ticker resolution,resolved_by_internal_name_propagation
2019-03-31,VZ,Verizon Communications Inc.,PIO,Water,2019-01-31,2019-03-29,507543,9218,SEC EDGAR ETF_Holdings.csv; CMIN-US ticker resolution,resolved_by_target_universe_name_match
2019-03-31,XOM,Exxon Mobil Corporation,PIO,Water,2019-01-31,2019-03-29,647868,8841,SEC EDGAR ETF_Holdings.csv; CMIN-US ticker resolution,resolved_by_target_universe_name_match
2019-04-30,AAPL,Apple Inc.,ARKG,Biotechnology,2019-01-31,2019-04-02,8567499,51475,SEC EDGAR ETF_Holdings.csv; CMIN-US ticker resolution,resolved_by_internal_name_propagation
2019-04-30,AAPL,Apple Inc.,SKYY,Cloud Computing,2018-12-31,2019-03-01,37932053,240472,SEC EDGAR ETF_Holdings.csv; CMIN-US ticker resolution,resolved_by_internal_name_propagation
2019-04-30,ABBV,AbbVie Inc.,XBI,Biotechnology,2018-12-31,2019-03-07,55303951,599891,SEC EDGAR ETF_Holdings.csv; CMIN-US ticker resolution,resolved_by_internal_name_propagation
2019-04-30,APD,"Air Products and Chemicals, Inc.",PBW,Clean Energy,2019-01-31,2019-03-29,2542949,15469,SEC EDGAR ETF_Holdings.csv; CMIN-US ticker resolution,resolved_by_internal_name_propagation
2019-04-30,APD,"Air Products and Chemicals, Inc.",PIO,Water,2019-01-31,2019-03-29,415249,2526,SEC EDGAR ETF_Holdings.csv; CMIN-US ticker resolution,resolved_by_internal_name_propagation
2019-04-30,AVGO,Broadcom Inc.,SMH,Semiconductor,2018-09-30,2018-12-07,63707660,258208,SEC EDGAR ETF_Holdings.csv; CMIN-US ticker resolution,resolved_by_internal_name_propagation
2019-04-30,CSCO,"Cisco Systems, Inc.",CIBR,Cybersecurity,2018-12-31,2019-03-01,38597237,890774,SEC EDGAR ETF_Holdings.csv; CMIN-US ticker resolution,resolved_by_internal_name_propagation
2019-04-30,CSCO,"Cisco Systems, Inc.",GRID,Infrastructure,2018-12-31,2019-03-01,462244,10668,SEC EDGAR ETF_Holdings.csv; CMIN-US ticker resolution,resolved_by_internal_name_propagation
2019-04-30,CSCO,"Cisco Systems, Inc.",SKYY,Cloud Computing,2018-12-31,2019-03-01,73413109,1694279,SEC EDGAR ETF_Holdings.csv; CMIN-US ticker resolution,resolved_by_internal_name_propagation
2019-04-30,D,"Dominion Energy, Inc.",PIO,Water,2019-01-31,2019-03-29,126151,1796,SEC EDGAR ETF_Holdings.csv; CMIN-US ticker resolution,resolved_by_internal_name_propagation
2019-04-30,DE,Deere & Company,MOO,Agribusiness,2018-12-31,2019-03-08,63404559,425049,SEC EDGAR ETF_Holdings.csv; CMIN-US ticker resolution,resolved_by_internal_name_propagation
2019-04-30,DHR,Danaher Corporation,CGW,Water,2019-01-31,2019-03-29,29276336,263941,SEC EDGAR ETF_Holdings.csv; CMIN-US ticker resolution,resolved_by_internal_name_propagation
2019-04-30,DHR,Danaher Corporation,PHO,Water,2019-01-31,2019-03-29,64453726,581083,SEC EDGAR ETF_Holdings.csv; CMIN-US ticker resolution,resolved_by_internal_name_propagation
2019-04-30,DHR,Danaher Corporation,PIO,Water,2019-01-31,2019-03-29,42692665,384896,SEC EDGAR ETF_Holdings.csv; CMIN-US ticker resolution,resolved_by_internal_name_propagation
2019-04-30,DUK,Duke Energy Corporation,PIO,Water,2019-01-31,2019-03-29,110427,1258,SEC EDGAR ETF_Holdings.csv; CMIN-US ticker resolution,resolved_by_internal_name_propagation
2019-04-30,ECL,Ecolab Inc.,PHO,Water,2019-01-31,2019-03-29,62732595,396615,SEC EDGAR ETF_Holdings.csv; CMIN-US ticker resolution,resolved_by_internal_name_propagation
2019-04-30,ECL,Ecolab Inc.,PIO,Water,2019-01-31,2019-03-29,13057882,82556,SEC EDGAR ETF_Holdings.csv; CMIN-US ticker resolution,resolved_by_internal_name_propagation
2019-04-30,EQIX,"Equinix, Inc.",SKYY,Cloud Computing,2018-12-31,2019-03-01,74216348,210507,SEC EDGAR ETF_Holdings.csv; CMIN-US ticker resolution,resolved_by_target_universe_name_match
2019-04-30,HON,Honeywell International Inc.,GRID,Infrastructure,2018-12-31,2019-03-01,459778,3480,SEC EDGAR ETF_Holdings.csv; CMIN-US ticker resolution,resolved_by_internal_name_propagation
2019-04-30,HON,Honeywell International Inc.,PPA,Defense,2019-01-31,2019-03-29,57185997,398148,SEC EDGAR ETF_Holdings.csv; CMIN-US ticker resolution,resolved_by_internal_name_propagation
2019-04-30,JNJ,Johnson & Johnson,PIO,Water,2019-01-31,2019-03-29,401902,3020,SEC EDGAR ETF_Holdings.csv; CMIN-US ticker resolution,resolved_by_internal_name_propagation
2019-04-30,MSFT,Microsoft Corporation,SKYY,Cloud Computing,2018-12-31,2019-03-01,39334201,387262,SEC EDGAR ETF_Holdings.csv; CMIN-US ticker resolution,resolved_by_internal_name_propagation
2019-04-30,NGG,National Grid plc,GRID,Infrastructure,2018-12-31,2019-03-01,176400,18110,SEC EDGAR ETF_Holdings.csv; CMIN-US ticker resolution,resolved_by_target_universe_name_match
2019-04-30,NVDA,NVIDIA Corporation,ARKG,Biotechnology,2019-01-31,2019-04-02,9904231,68899,SEC EDGAR ETF_Holdings.csv; CMIN-US ticker resolution,resolved_by_internal_name_propagation
2019-04-30,NVDA,NVIDIA Corporation,GRID,Infrastructure,2018-12-31,2019-03-01,417188,3125,SEC EDGAR ETF_Holdings.csv; CMIN-US ticker resolution,resolved_by_internal_name_propagation
2019-04-30,NVDA,NVIDIA Corporation,ROBO,Robotics,2018-10-31,2019-01-04,23603051,111953,SEC EDGAR ETF_Holdings.csv; CMIN-US ticker resolution,resolved_by_internal_name_propagation
2019-04-30,NVDA,NVIDIA Corporation,SMH,Semiconductor,2018-09-30,2018-12-07,99360241,353570,SEC EDGAR ETF_Holdings.csv; CMIN-US ticker resolution,resolved_by_internal_name_propagation
2019-04-30,ORCL,Oracle Corporation,GRID,Infrastructure,2018-12-31,2019-03-01,472856,10473,SEC EDGAR ETF_Holdings.csv; CMIN-US ticker resolution,resolved_by_internal_name_propagation
2019-04-30,ORCL,Oracle Corporation,SKYY,Cloud Computing,2018-12-31,2019-03-01,75100253,1663350,SEC EDGAR ETF_Holdings.csv; CMIN-US ticker resolution,resolved_by_internal_name_propagation
2019-04-30,PEP,"PepsiCo, Inc.",PIO,Water,2019-01-31,2019-03-29,479862,4259,SEC EDGAR ETF_Holdings.csv; CMIN-US ticker resolution,resolved_by_target_universe_name_match
2019-04-30,PFE,Pfizer Inc.,PIO,Water,2019-01-31,2019-03-29,461219,10865,SEC EDGAR ETF_Holdings.csv; CMIN-US ticker resolution,resolved_by_internal_name_propagation
2019-04-30,VZ,Verizon Communications Inc.,PIO,Water,2019-01-31,2019-03-29,507543,9218,SEC EDGAR ETF_Holdings.csv; CMIN-US ticker resolution,resolved_by_target_universe_name_match
2019-04-30,XOM,Exxon Mobil Corporation,PIO,Water,2019-01-31,2019-03-29,647868,8841,SEC EDGAR ETF_Holdings.csv; CMIN-US ticker resolution,resolved_by_target_universe_name_match
2019-05-31,AAPL,Apple Inc.,ARKG,Biotechnology,2019-01-31,2019-04-02,8567499,51475,SEC EDGAR ETF_Holdings.csv; CMIN-US ticker resolution,resolved_by_internal_name_propagation
2019-05-31,AAPL,Apple Inc.,SKYY,Cloud Computing,2018-12-31,2019-03-01,37932053,240472,SEC EDGAR ETF_Holdings.csv; CMIN-US ticker resolution,resolved_by_internal_name_propagation
2019-05-31,ABBV,AbbVie Inc.,XBI,Biotechnology,2018-12-31,2019-03-07,55303951,599891,SEC EDGAR ETF_Holdings.csv; CMIN-US ticker resolution,resolved_by_internal_name_propagation
2019-05-31,APD,"Air Products and Chemicals, Inc.",PBW,Clean Energy,2019-01-31,2019-03-29,2542949,15469,SEC EDGAR ETF_Holdings.csv; CMIN-US ticker resolution,resolved_by_internal_name_propagation
2019-05-31,APD,"Air Products and Chemicals, Inc.",PIO,Water,2019-01-31,2019-03-29,415249,2526,SEC EDGAR ETF_Holdings.csv; CMIN-US ticker resolution,resolved_by_internal_name_propagation
2019-05-31,AVGO,Broadcom Inc.,SMH,Semiconductor,2018-09-30,2018-12-07,63707660,258208,SEC EDGAR ETF_Holdings.csv; CMIN-US ticker resolution,resolved_by_internal_name_propagation
2019-05-31,CSCO,"Cisco Systems, Inc.",CIBR,Cybersecurity,2018-12-31,2019-03-01,38597237,890774,SEC EDGAR ETF_Holdings.csv; CMIN-US ticker resolution,resolved_by_internal_name_propagation
2019-05-31,CSCO,"Cisco Systems, Inc.",GRID,Infrastructure,2018-12-31,2019-03-01,462244,10668,SEC EDGAR ETF_Holdings.csv; CMIN-US ticker resolution,resolved_by_internal_name_propagation
2019-05-31,CSCO,"Cisco Systems, Inc.",SKYY,Cloud Computing,2018-12-31,2019-03-01,73413109,1694279,SEC EDGAR ETF_Holdings.csv; CMIN-US ticker resolution,resolved_by_internal_name_propagation
2019-05-31,D,"Dominion Energy, Inc.",PIO,Water,2019-01-31,2019-03-29,126151,1796,SEC EDGAR ETF_Holdings.csv; CMIN-US ticker resolution,resolved_by_internal_name_propagation
2019-05-31,DE,Deere & Company,MOO,Agribusiness,2018-12-31,2019-03-08,63404559,425049,SEC EDGAR ETF_Holdings.csv; CMIN-US ticker resolution,resolved_by_internal_name_propagation
2019-05-31,DHR,Danaher Corporation,CGW,Water,2019-01-31,2019-03-29,29276336,263941,SEC EDGAR ETF_Holdings.csv; CMIN-US ticker resolution,resolved_by_internal_name_propagation
2019-05-31,DHR,Danaher Corporation,PHO,Water,2019-01-31,2019-03-29,64453726,581083,SEC EDGAR ETF_Holdings.csv; CMIN-US ticker resolution,resolved_by_internal_name_propagation
2019-05-31,DHR,Danaher Corporation,PIO,Water,2019-01-31,2019-03-29,42692665,384896,SEC EDGAR ETF_Holdings.csv; CMIN-US ticker resolution,resolved_by_internal_name_propagation
2019-05-31,DUK,Duke Energy Corporation,PIO,Water,2019-01-31,2019-03-29,110427,1258,SEC EDGAR ETF_Holdings.csv; CMIN-US ticker resolution,resolved_by_internal_name_propagation
2019-05-31,ECL,Ecolab Inc.,PHO,Water,2019-01-31,2019-03-29,62732595,396615,SEC EDGAR ETF_Holdings.csv; CMIN-US ticker resolution,resolved_by_internal_name_propagation
2019-05-31,ECL,Ecolab Inc.,PIO,Water,2019-01-31,2019-03-29,13057882,82556,SEC EDGAR ETF_Holdings.csv; CMIN-US ticker resolution,resolved_by_internal_name_propagation
2019-05-31,EQIX,"Equinix, Inc.",SKYY,Cloud Computing,2018-12-31,2019-03-01,74216348,210507,SEC EDGAR ETF_Holdings.csv; CMIN-US ticker resolution,resolved_by_target_universe_name_match
2019-05-31,HON,Honeywell International Inc.,GRID,Infrastructure,2018-12-31,2019-03-01,459778,3480,SEC EDGAR ETF_Holdings.csv; CMIN-US ticker resolution,resolved_by_internal_name_propagation
2019-05-31,HON,Honeywell International Inc.,PPA,Defense,2019-01-31,2019-03-29,57185997,398148,SEC EDGAR ETF_Holdings.csv; CMIN-US ticker resolution,resolved_by_internal_name_propagation
2019-05-31,JNJ,Johnson & Johnson,PIO,Water,2019-01-31,2019-03-29,401902,3020,SEC EDGAR ETF_Holdings.csv; CMIN-US ticker resolution,resolved_by_internal_name_propagation
2019-05-31,MSFT,Microsoft Corporation,SKYY,Cloud Computing,2018-12-31,2019-03-01,39334201,387262,SEC EDGAR ETF_Holdings.csv; CMIN-US ticker resolution,resolved_by_internal_name_propagation
2019-05-31,NGG,National Grid plc,GRID,Infrastructure,2018-12-31,2019-03-01,176400,18110,SEC EDGAR ETF_Holdings.csv; CMIN-US ticker resolution,resolved_by_target_universe_name_match
2019-05-31,NVDA,NVIDIA Corporation,ARKG,Biotechnology,2019-01-31,2019-04-02,9904231,68899,SEC EDGAR ETF_Holdings.csv; CMIN-US ticker resolution,resolved_by_internal_name_propagation
2019-05-31,NVDA,NVIDIA Corporation,GRID,Infrastructure,2018-12-31,2019-03-01,417188,3125,SEC EDGAR ETF_Holdings.csv; CMIN-US ticker resolution,resolved_by_internal_name_propagation
2019-05-31,NVDA,NVIDIA Corporation,ROBO,Robotics,2018-10-31,2019-01-04,23603051,111953,SEC EDGAR ETF_Holdings.csv; CMIN-US ticker resolution,resolved_by_internal_name_propagation
2019-05-31,NVDA,NVIDIA Corporation,SMH,Semiconductor,2018-09-30,2018-12-07,99360241,353570,SEC EDGAR ETF_Holdings.csv; CMIN-US ticker resolution,resolved_by_internal_name_propagation
2019-05-31,ORCL,Oracle Corporation,GRID,Infrastructure,2018-12-31,2019-03-01,472856,10473,SEC EDGAR ETF_Holdings.csv; CMIN-US ticker resolution,resolved_by_internal_name_propagation
2019-05-31,ORCL,Oracle Corporation,SKYY,Cloud Computing,2018-12-31,2019-03-01,75100253,1663350,SEC EDGAR ETF_Holdings.csv; CMIN-US ticker resolution,resolved_by_internal_name_propagation
2019-05-31,PEP,"PepsiCo, Inc.",PIO,Water,2019-01-31,2019-03-29,479862,4259,SEC EDGAR ETF_Holdings.csv; CMIN-US ticker resolution,resolved_by_target_universe_name_match
2019-05-31,PFE,Pfizer Inc.,PIO,Water,2019-01-31,2019-03-29,461219,10865,SEC EDGAR ETF_Holdings.csv; CMIN-US ticker resolution,resolved_by_internal_name_propagation
2019-05-31,VZ,Verizon Communications Inc.,PIO,Water,2019-01-31,2019-03-29,507543,9218,SEC EDGAR ETF_Holdings.csv; CMIN-US ticker resolution,resolved_by_target_universe_name_match
2019-05-31,XOM,Exxon Mobil Corporation,PIO,Water,2019-01-31,2019-03-29,647868,8841,SEC EDGAR ETF_Holdings.csv; CMIN-US ticker resolution,resolved_by_target_universe_name_match
2019-06-30,AAPL,Apple Inc.,ARKG,Biotechnology,2019-04-30,2019-06-27,6937563,34572,SEC EDGAR ETF_Holdings.csv; CMIN-US ticker resolution,resolved_by_internal_name_propagation
2019-06-30,AAPL,Apple Inc.,SKYY,Cloud Computing,2018-12-31,2019-03-01,37932053,240472,SEC EDGAR ETF_Holdings.csv; CMIN-US ticker resolution,resolved_by_internal_name_propagation
2019-06-30,ABBV,AbbVie Inc.,XBI,Biotechnology,2018-12-31,2019-03-07,55303951,599891,SEC EDGAR ETF_Holdings.csv; CMIN-US ticker resolution,resolved_by_internal_name_propagation
2019-06-30,APD,"Air Products and Chemicals, Inc.",PBW,Clean Energy,2019-01-31,2019-03-29,2542949,15469,SEC EDGAR ETF_Holdings.csv; CMIN-US ticker resolution,resolved_by_internal_name_propagation
2019-06-30,APD,"Air Products and Chemicals, Inc.",PIO,Water,2019-01-31,2019-03-29,415249,2526,SEC EDGAR ETF_Holdings.csv; CMIN-US ticker resolution,resolved_by_internal_name_propagation
2019-06-30,AVGO,Broadcom Inc.,SMH,Semiconductor,2019-03-31,2019-06-07,46757999,155492,SEC EDGAR ETF_Holdings.csv; CMIN-US ticker resolution,resolved_by_internal_name_propagation
2019-06-30,CSCO,"Cisco Systems, Inc.",CIBR,Cybersecurity,2018-12-31,2019-03-01,38597237,890774,SEC EDGAR ETF_Holdings.csv; CMIN-US ticker resolution,resolved_by_internal_name_propagation
2019-06-30,CSCO,"Cisco Systems, Inc.",GRID,Infrastructure,2018-12-31,2019-03-01,462244,10668,SEC EDGAR ETF_Holdings.csv; CMIN-US ticker resolution,resolved_by_internal_name_propagation
2019-06-30,CSCO,"Cisco Systems, Inc.",SKYY,Cloud Computing,2018-12-31,2019-03-01,73413109,1694279,SEC EDGAR ETF_Holdings.csv; CMIN-US ticker resolution,resolved_by_internal_name_propagation
2019-06-30,D,"Dominion Energy, Inc.",PIO,Water,2019-01-31,2019-03-29,126151,1796,SEC EDGAR ETF_Holdings.csv; CMIN-US ticker resolution,resolved_by_internal_name_propagation
2019-06-30,DE,Deere & Company,MOO,Agribusiness,2018-12-31,2019-03-08,63404559,425049,SEC EDGAR ETF_Holdings.csv; CMIN-US ticker resolution,resolved_by_internal_name_propagation
2019-06-30,DHR,Danaher Corporation,CGW,Water,2019-01-31,2019-03-29,29276336,263941,SEC EDGAR ETF_Holdings.csv; CMIN-US ticker resolution,resolved_by_internal_name_propagation
2019-06-30,DHR,Danaher Corporation,PHO,Water,2019-01-31,2019-03-29,64453726,581083,SEC EDGAR ETF_Holdings.csv; CMIN-US ticker resolution,resolved_by_internal_name_propagation
2019-06-30,DHR,Danaher Corporation,PIO,Water,2019-01-31,2019-03-29,42692665,384896,SEC EDGAR ETF_Holdings.csv; CMIN-US ticker resolution,resolved_by_internal_name_propagation
2019-06-30,DUK,Duke Energy Corporation,PIO,Water,2019-01-31,2019-03-29,110427,1258,SEC EDGAR ETF_Holdings.csv; CMIN-US ticker resolution,resolved_by_internal_name_propagation
2019-06-30,ECL,Ecolab Inc.,PHO,Water,2019-01-31,2019-03-29,62732595,396615,SEC EDGAR ETF_Holdings.csv; CMIN-US ticker resolution,resolved_by_internal_name_propagation
2019-06-30,ECL,Ecolab Inc.,PIO,Water,2019-01-31,2019-03-29,13057882,82556,SEC EDGAR ETF_Holdings.csv; CMIN-US ticker resolution,resolved_by_internal_name_propagation
2019-06-30,EQIX,"Equinix, Inc.",SKYY,Cloud Computing,2018-12-31,2019-03-01,74216348,210507,SEC EDGAR ETF_Holdings.csv; CMIN-US ticker resolution,resolved_by_target_universe_name_match
2019-06-30,HON,Honeywell International Inc.,GRID,Infrastructure,2018-12-31,2019-03-01,459778,3480,SEC EDGAR ETF_Holdings.csv; CMIN-US ticker resolution,resolved_by_internal_name_propagation
2019-06-30,HON,Honeywell International Inc.,PPA,Defense,2019-01-31,2019-03-29,57185997,398148,SEC EDGAR ETF_Holdings.csv; CMIN-US ticker resolution,resolved_by_internal_name_propagation
2019-06-30,JNJ,Johnson & Johnson,PIO,Water,2019-01-31,2019-03-29,401902,3020,SEC EDGAR ETF_Holdings.csv; CMIN-US ticker resolution,resolved_by_internal_name_propagation
2019-06-30,MSFT,Microsoft Corporation,SKYY,Cloud Computing,2018-12-31,2019-03-01,39334201,387262,SEC EDGAR ETF_Holdings.csv; CMIN-US ticker resolution,resolved_by_internal_name_propagation
2019-06-30,NGG,National Grid plc,GRID,Infrastructure,2018-12-31,2019-03-01,176400,18110,SEC EDGAR ETF_Holdings.csv; CMIN-US ticker resolution,resolved_by_target_universe_name_match
2019-06-30,NVDA,NVIDIA Corporation,ARKG,Biotechnology,2019-04-30,2019-06-27,9452906,52226,SEC EDGAR ETF_Holdings.csv; CMIN-US ticker resolution,resolved_by_internal_name_propagation
2019-06-30,NVDA,NVIDIA Corporation,GRID,Infrastructure,2018-12-31,2019-03-01,417188,3125,SEC EDGAR ETF_Holdings.csv; CMIN-US ticker resolution,resolved_by_internal_name_propagation
2019-06-30,NVDA,NVIDIA Corporation,ROBO,Robotics,2018-10-31,2019-01-04,23603051,111953,SEC EDGAR ETF_Holdings.csv; CMIN-US ticker resolution,resolved_by_internal_name_propagation
2019-06-30,NVDA,NVIDIA Corporation,SMH,Semiconductor,2019-03-31,2019-06-07,53737819,299275,SEC EDGAR ETF_Holdings.csv; CMIN-US ticker resolution,resolved_by_internal_name_propagation
2019-06-30,ORCL,Oracle Corporation,GRID,Infrastructure,2018-12-31,2019-03-01,472856,10473,SEC EDGAR ETF_Holdings.csv; CMIN-US ticker resolution,resolved_by_internal_name_propagation
2019-06-30,ORCL,Oracle Corporation,SKYY,Cloud Computing,2018-12-31,2019-03-01,75100253,1663350,SEC EDGAR ETF_Holdings.csv; CMIN-US ticker resolution,resolved_by_internal_name_propagation
2019-06-30,PEP,"PepsiCo, Inc.",PIO,Water,2019-01-31,2019-03-29,479862,4259,SEC EDGAR ETF_Holdings.csv; CMIN-US ticker resolution,resolved_by_target_universe_name_match
2019-06-30,PFE,Pfizer Inc.,PIO,Water,2019-01-31,2019-03-29,461219,10865,SEC EDGAR ETF_Holdings.csv; CMIN-US ticker resolution,resolved_by_internal_name_propagation
2019-06-30,VZ,Verizon Communications Inc.,PIO,Water,2019-01-31,2019-03-29,507543,9218,SEC EDGAR ETF_Holdings.csv; CMIN-US ticker resolution,resolved_by_target_universe_name_match
2019-06-30,XOM,Exxon Mobil Corporation,PIO,Water,2019-01-31,2019-03-29,647868,8841,SEC EDGAR ETF_Holdings.csv; CMIN-US ticker resolution,resolved_by_target_universe_name_match
2019-07-31,AAPL,Apple Inc.,ARKG,Biotechnology,2019-04-30,2019-06-27,6937563,34572,SEC EDGAR ETF_Holdings.csv; CMIN-US ticker resolution,resolved_by_internal_name_propagation
2019-07-31,AAPL,Apple Inc.,SKYY,Cloud Computing,2018-12-31,2019-03-01,37932053,240472,SEC EDGAR ETF_Holdings.csv; CMIN-US ticker resolution,resolved_by_internal_name_propagation
2019-07-31,ABBV,AbbVie Inc.,XBI,Biotechnology,2018-12-31,2019-03-07,55303951,599891,SEC EDGAR ETF_Holdings.csv; CMIN-US ticker resolution,resolved_by_internal_name_propagation
2019-07-31,APD,"Air Products and Chemicals, Inc.",PBW,Clean Energy,2019-04-30,2019-07-08,4127736,20058,SEC EDGAR ETF_Holdings.csv; CMIN-US ticker resolution,resolved_by_internal_name_propagation
2019-07-31,APD,"Air Products and Chemicals, Inc.",PIO,Water,2019-01-31,2019-03-29,415249,2526,SEC EDGAR ETF_Holdings.csv; CMIN-US ticker resolution,resolved_by_internal_name_propagation
2019-07-31,AVGO,Broadcom Inc.,SMH,Semiconductor,2019-03-31,2019-06-07,46757999,155492,SEC EDGAR ETF_Holdings.csv; CMIN-US ticker resolution,resolved_by_internal_name_propagation
2019-07-31,CSCO,"Cisco Systems, Inc.",CIBR,Cybersecurity,2018-12-31,2019-03-01,38597237,890774,SEC EDGAR ETF_Holdings.csv; CMIN-US ticker resolution,resolved_by_internal_name_propagation
2019-07-31,CSCO,"Cisco Systems, Inc.",GRID,Infrastructure,2018-12-31,2019-03-01,462244,10668,SEC EDGAR ETF_Holdings.csv; CMIN-US ticker resolution,resolved_by_internal_name_propagation
2019-07-31,CSCO,"Cisco Systems, Inc.",SKYY,Cloud Computing,2018-12-31,2019-03-01,73413109,1694279,SEC EDGAR ETF_Holdings.csv; CMIN-US ticker resolution,resolved_by_internal_name_propagation
2019-07-31,D,"Dominion Energy, Inc.",PIO,Water,2019-01-31,2019-03-29,126151,1796,SEC EDGAR ETF_Holdings.csv; CMIN-US ticker resolution,resolved_by_internal_name_propagation
2019-07-31,DE,Deere & Company,MOO,Agribusiness,2018-12-31,2019-03-08,63404559,425049,SEC EDGAR ETF_Holdings.csv; CMIN-US ticker resolution,resolved_by_internal_name_propagation
2019-07-31,DHR,Danaher Corporation,CGW,Water,2019-01-31,2019-03-29,29276336,263941,SEC EDGAR ETF_Holdings.csv; CMIN-US ticker resolution,resolved_by_internal_name_propagation
2019-07-31,DHR,Danaher Corporation,PHO,Water,2019-04-30,2019-07-08,75550398,570450,SEC EDGAR ETF_Holdings.csv; CMIN-US ticker resolution,resolved_by_internal_name_propagation
2019-07-31,DHR,Danaher Corporation,PIO,Water,2019-01-31,2019-03-29,42692665,384896,SEC EDGAR ETF_Holdings.csv; CMIN-US ticker resolution,resolved_by_internal_name_propagation
2019-07-31,DUK,Duke Energy Corporation,PIO,Water,2019-01-31,2019-03-29,110427,1258,SEC EDGAR ETF_Holdings.csv; CMIN-US ticker resolution,resolved_by_internal_name_propagation
2019-07-31,ECL,Ecolab Inc.,PHO,Water,2019-04-30,2019-07-08,78967191,428983,SEC EDGAR ETF_Holdings.csv; CMIN-US ticker resolution,resolved_by_internal_name_propagation
2019-07-31,ECL,Ecolab Inc.,PIO,Water,2019-01-31,2019-03-29,13057882,82556,SEC EDGAR ETF_Holdings.csv; CMIN-US ticker resolution,resolved_by_internal_name_propagation
2019-07-31,EQIX,"Equinix, Inc.",SKYY,Cloud Computing,2018-12-31,2019-03-01,74216348,210507,SEC EDGAR ETF_Holdings.csv; CMIN-US ticker resolution,resolved_by_target_universe_name_match
2019-07-31,HON,Honeywell International Inc.,GRID,Infrastructure,2018-12-31,2019-03-01,459778,3480,SEC EDGAR ETF_Holdings.csv; CMIN-US ticker resolution,resolved_by_internal_name_propagation
2019-07-31,HON,Honeywell International Inc.,PPA,Defense,2019-04-30,2019-07-08,68167485,392602,SEC EDGAR ETF_Holdings.csv; CMIN-US ticker resolution,resolved_by_internal_name_propagation
2019-07-31,JNJ,Johnson & Johnson,PIO,Water,2019-01-31,2019-03-29,401902,3020,SEC EDGAR ETF_Holdings.csv; CMIN-US ticker resolution,resolved_by_internal_name_propagation
2019-07-31,MSFT,Microsoft Corporation,SKYY,Cloud Computing,2018-12-31,2019-03-01,39334201,387262,SEC EDGAR ETF_Holdings.csv; CMIN-US ticker resolution,resolved_by_internal_name_propagation
2019-07-31,NGG,National Grid plc,GRID,Infrastructure,2018-12-31,2019-03-01,176400,18110,SEC EDGAR ETF_Holdings.csv; CMIN-US ticker resolution,resolved_by_target_universe_name_match
2019-07-31,NVDA,NVIDIA Corporation,ARKG,Biotechnology,2019-04-30,2019-06-27,9452906,52226,SEC EDGAR ETF_Holdings.csv; CMIN-US ticker resolution,resolved_by_internal_name_propagation
2019-07-31,NVDA,NVIDIA Corporation,GRID,Infrastructure,2018-12-31,2019-03-01,417188,3125,SEC EDGAR ETF_Holdings.csv; CMIN-US ticker resolution,resolved_by_internal_name_propagation
2019-07-31,NVDA,NVIDIA Corporation,SMH,Semiconductor,2019-03-31,2019-06-07,53737819,299275,SEC EDGAR ETF_Holdings.csv; CMIN-US ticker resolution,resolved_by_internal_name_propagation
2019-07-31,ORCL,Oracle Corporation,GRID,Infrastructure,2018-12-31,2019-03-01,472856,10473,SEC EDGAR ETF_Holdings.csv; CMIN-US ticker resolution,resolved_by_internal_name_propagation
2019-07-31,ORCL,Oracle Corporation,SKYY,Cloud Computing,2018-12-31,2019-03-01,75100253,1663350,SEC EDGAR ETF_Holdings.csv; CMIN-US ticker resolution,resolved_by_internal_name_propagation
2019-07-31,PEP,"PepsiCo, Inc.",PIO,Water,2019-01-31,2019-03-29,479862,4259,SEC EDGAR ETF_Holdings.csv; CMIN-US ticker resolution,resolved_by_target_universe_name_match
2019-07-31,PFE,Pfizer Inc.,PIO,Water,2019-01-31,2019-03-29,461219,10865,SEC EDGAR ETF_Holdings.csv; CMIN-US ticker resolution,resolved_by_internal_name_propagation
2019-07-31,VZ,Verizon Communications Inc.,PIO,Water,2019-01-31,2019-03-29,507543,9218,SEC EDGAR ETF_Holdings.csv; CMIN-US ticker resolution,resolved_by_target_universe_name_match
2019-07-31,XOM,Exxon Mobil Corporation,PIO,Water,2019-01-31,2019-03-29,647868,8841,SEC EDGAR ETF_Holdings.csv; CMIN-US ticker resolution,resolved_by_target_universe_name_match
2019-08-31,AAPL,Apple Inc.,ARKG,Biotechnology,2019-04-30,2019-06-27,6937563,34572,SEC EDGAR ETF_Holdings.csv; CMIN-US ticker resolution,resolved_by_internal_name_propagation
2019-08-31,AAPL,Apple Inc.,SKYY,Cloud Computing,2018-12-31,2019-03-01,37932053,240472,SEC EDGAR ETF_Holdings.csv; CMIN-US ticker resolution,resolved_by_internal_name_propagation
2019-08-31,ABBV,AbbVie Inc.,XBI,Biotechnology,2018-12-31,2019-03-07,55303951,599891,SEC EDGAR ETF_Holdings.csv; CMIN-US ticker resolution,resolved_by_internal_name_propagation
2019-08-31,APD,"Air Products and Chemicals, Inc.",PBW,Clean Energy,2019-04-30,2019-07-08,4127736,20058,SEC EDGAR ETF_Holdings.csv; CMIN-US ticker resolution,resolved_by_internal_name_propagation
2019-08-31,APD,"Air Products and Chemicals, Inc.",PIO,Water,2019-01-31,2019-03-29,415249,2526,SEC EDGAR ETF_Holdings.csv; CMIN-US ticker resolution,resolved_by_internal_name_propagation
2019-08-31,AVGO,Broadcom Inc.,SMH,Semiconductor,2019-03-31,2019-06-07,46757999,155492,SEC EDGAR ETF_Holdings.csv; CMIN-US ticker resolution,resolved_by_internal_name_propagation
2019-08-31,CSCO,"Cisco Systems, Inc.",CIBR,Cybersecurity,2018-12-31,2019-03-01,38597237,890774,SEC EDGAR ETF_Holdings.csv; CMIN-US ticker resolution,resolved_by_internal_name_propagation
2019-08-31,CSCO,"Cisco Systems, Inc.",GRID,Infrastructure,2018-12-31,2019-03-01,462244,10668,SEC EDGAR ETF_Holdings.csv; CMIN-US ticker resolution,resolved_by_internal_name_propagation
2019-08-31,CSCO,"Cisco Systems, Inc.",SKYY,Cloud Computing,2018-12-31,2019-03-01,73413109,1694279,SEC EDGAR ETF_Holdings.csv; CMIN-US ticker resolution,resolved_by_internal_name_propagation
2019-08-31,D,"Dominion Energy, Inc.",PIO,Water,2019-01-31,2019-03-29,126151,1796,SEC EDGAR ETF_Holdings.csv; CMIN-US ticker resolution,resolved_by_internal_name_propagation
2019-08-31,DE,Deere & Company,MOO,Agribusiness,2018-12-31,2019-03-08,63404559,425049,SEC EDGAR ETF_Holdings.csv; CMIN-US ticker resolution,resolved_by_internal_name_propagation
2019-08-31,DHR,Danaher Corporation,CGW,Water,2019-01-31,2019-03-29,29276336,263941,SEC EDGAR ETF_Holdings.csv; CMIN-US ticker resolution,resolved_by_internal_name_propagation
2019-08-31,DHR,Danaher Corporation,PHO,Water,2019-04-30,2019-07-08,75550398,570450,SEC EDGAR ETF_Holdings.csv; CMIN-US ticker resolution,resolved_by_internal_name_propagation
2019-08-31,DHR,Danaher Corporation,PIO,Water,2019-01-31,2019-03-29,42692665,384896,SEC EDGAR ETF_Holdings.csv; CMIN-US ticker resolution,resolved_by_internal_name_propagation
2019-08-31,DUK,Duke Energy Corporation,PIO,Water,2019-01-31,2019-03-29,110427,1258,SEC EDGAR ETF_Holdings.csv; CMIN-US ticker resolution,resolved_by_internal_name_propagation
2019-08-31,ECL,Ecolab Inc.,PHO,Water,2019-04-30,2019-07-08,78967191,428983,SEC EDGAR ETF_Holdings.csv; CMIN-US ticker resolution,resolved_by_internal_name_propagation
2019-08-31,ECL,Ecolab Inc.,PIO,Water,2019-01-31,2019-03-29,13057882,82556,SEC EDGAR ETF_Holdings.csv; CMIN-US ticker resolution,resolved_by_internal_name_propagation
2019-08-31,EQIX,"Equinix, Inc.",SKYY,Cloud Computing,2018-12-31,2019-03-01,74216348,210507,SEC EDGAR ETF_Holdings.csv; CMIN-US ticker resolution,resolved_by_target_universe_name_match
2019-08-31,HON,Honeywell International Inc.,GRID,Infrastructure,2018-12-31,2019-03-01,459778,3480,SEC EDGAR ETF_Holdings.csv; CMIN-US ticker resolution,resolved_by_internal_name_propagation
2019-08-31,HON,Honeywell International Inc.,PPA,Defense,2019-04-30,2019-07-08,68167485,392602,SEC EDGAR ETF_Holdings.csv; CMIN-US ticker resolution,resolved_by_internal_name_propagation
2019-08-31,JNJ,Johnson & Johnson,PIO,Water,2019-01-31,2019-03-29,401902,3020,SEC EDGAR ETF_Holdings.csv; CMIN-US ticker resolution,resolved_by_internal_name_propagation
2019-08-31,MSFT,Microsoft Corporation,SKYY,Cloud Computing,2018-12-31,2019-03-01,39334201,387262,SEC EDGAR ETF_Holdings.csv; CMIN-US ticker resolution,resolved_by_internal_name_propagation
2019-08-31,NGG,National Grid plc,GRID,Infrastructure,2018-12-31,2019-03-01,176400,18110,SEC EDGAR ETF_Holdings.csv; CMIN-US ticker resolution,resolved_by_target_universe_name_match
2019-08-31,NVDA,NVIDIA Corporation,ARKG,Biotechnology,2019-04-30,2019-06-27,9452906,52226,SEC EDGAR ETF_Holdings.csv; CMIN-US ticker resolution,resolved_by_internal_name_propagation
2019-08-31,NVDA,NVIDIA Corporation,GRID,Infrastructure,2018-12-31,2019-03-01,417188,3125,SEC EDGAR ETF_Holdings.csv; CMIN-US ticker resolution,resolved_by_internal_name_propagation
2019-08-31,NVDA,NVIDIA Corporation,SMH,Semiconductor,2019-03-31,2019-06-07,53737819,299275,SEC EDGAR ETF_Holdings.csv; CMIN-US ticker resolution,resolved_by_internal_name_propagation
2019-08-31,ORCL,Oracle Corporation,GRID,Infrastructure,2018-12-31,2019-03-01,472856,10473,SEC EDGAR ETF_Holdings.csv; CMIN-US ticker resolution,resolved_by_internal_name_propagation
2019-08-31,ORCL,Oracle Corporation,SKYY,Cloud Computing,2018-12-31,2019-03-01,75100253,1663350,SEC EDGAR ETF_Holdings.csv; CMIN-US ticker resolution,resolved_by_internal_name_propagation
2019-08-31,PEP,"PepsiCo, Inc.",PIO,Water,2019-01-31,2019-03-29,479862,4259,SEC EDGAR ETF_Holdings.csv; CMIN-US ticker resolution,resolved_by_target_universe_name_match
2019-08-31,PFE,Pfizer Inc.,PIO,Water,2019-01-31,2019-03-29,461219,10865,SEC EDGAR ETF_Holdings.csv; CMIN-US ticker resolution,resolved_by_internal_name_propagation
2019-08-31,VZ,Verizon Communications Inc.,PIO,Water,2019-01-31,2019-03-29,507543,9218,SEC EDGAR ETF_Holdings.csv; CMIN-US ticker resolution,resolved_by_target_universe_name_match
2019-08-31,XOM,Exxon Mobil Corporation,PIO,Water,2019-01-31,2019-03-29,647868,8841,SEC EDGAR ETF_Holdings.csv; CMIN-US ticker resolution,resolved_by_target_universe_name_match
2019-09-30,AAPL,Apple Inc.,ARKG,Biotechnology,2019-04-30,2019-06-27,6937563,34572,SEC EDGAR ETF_Holdings.csv; CMIN-US ticker resolution,resolved_by_internal_name_propagation
2019-09-30,AAPL,Apple Inc.,SKYY,Cloud Computing,2018-12-31,2019-03-01,37932053,240472,SEC EDGAR ETF_Holdings.csv; CMIN-US ticker resolution,resolved_by_internal_name_propagation
2019-09-30,ABBV,AbbVie Inc.,XBI,Biotechnology,2019-06-30,2019-09-04,54075974,743619,SEC EDGAR ETF_Holdings.csv; CMIN-US ticker resolution,resolved_by_internal_name_propagation
2019-09-30,APD,"Air Products and Chemicals, Inc.",PBW,Clean Energy,2019-04-30,2019-07-08,4127736,20058,SEC EDGAR ETF_Holdings.csv; CMIN-US ticker resolution,resolved_by_internal_name_propagation
2019-09-30,APD,"Air Products and Chemicals, Inc.",PIO,Water,2019-01-31,2019-03-29,415249,2526,SEC EDGAR ETF_Holdings.csv; CMIN-US ticker resolution,resolved_by_internal_name_propagation
2019-09-30,AVGO,Broadcom Inc.,SMH,Semiconductor,2019-03-31,2019-06-07,46757999,155492,SEC EDGAR ETF_Holdings.csv; CMIN-US ticker resolution,resolved_by_internal_name_propagation
2019-09-30,CSCO,"Cisco Systems, Inc.",CIBR,Cybersecurity,2018-12-31,2019-03-01,38597237,890774,SEC EDGAR ETF_Holdings.csv; CMIN-US ticker resolution,resolved_by_internal_name_propagation
2019-09-30,CSCO,"Cisco Systems, Inc.",GRID,Infrastructure,2018-12-31,2019-03-01,462244,10668,SEC EDGAR ETF_Holdings.csv; CMIN-US ticker resolution,resolved_by_internal_name_propagation
2019-09-30,CSCO,"Cisco Systems, Inc.",SKYY,Cloud Computing,2018-12-31,2019-03-01,73413109,1694279,SEC EDGAR ETF_Holdings.csv; CMIN-US ticker resolution,resolved_by_internal_name_propagation
2019-09-30,D,"Dominion Energy, Inc.",PIO,Water,2019-01-31,2019-03-29,126151,1796,SEC EDGAR ETF_Holdings.csv; CMIN-US ticker resolution,resolved_by_internal_name_propagation
2019-09-30,DE,Deere & Company,MOO,Agribusiness,2019-06-30,2019-09-06,51915452,313291,SEC EDGAR ETF_Holdings.csv; CMIN-US ticker resolution,resolved_by_internal_name_propagation
2019-09-30,DHR,Danaher Corporation,CGW,Water,2019-01-31,2019-03-29,29276336,263941,SEC EDGAR ETF_Holdings.csv; CMIN-US ticker resolution,resolved_by_internal_name_propagation
2019-09-30,DHR,Danaher Corporation,PHO,Water,2019-04-30,2019-07-08,75550398,570450,SEC EDGAR ETF_Holdings.csv; CMIN-US ticker resolution,resolved_by_internal_name_propagation
2019-09-30,DHR,Danaher Corporation,PIO,Water,2019-01-31,2019-03-29,42692665,384896,SEC EDGAR ETF_Holdings.csv; CMIN-US ticker resolution,resolved_by_internal_name_propagation
2019-09-30,DUK,Duke Energy Corporation,PIO,Water,2019-01-31,2019-03-29,110427,1258,SEC EDGAR ETF_Holdings.csv; CMIN-US ticker resolution,resolved_by_internal_name_propagation
2019-09-30,ECL,Ecolab Inc.,PHO,Water,2019-04-30,2019-07-08,78967191,428983,SEC EDGAR ETF_Holdings.csv; CMIN-US ticker resolution,resolved_by_internal_name_propagation
2019-09-30,ECL,Ecolab Inc.,PIO,Water,2019-01-31,2019-03-29,13057882,82556,SEC EDGAR ETF_Holdings.csv; CMIN-US ticker resolution,resolved_by_internal_name_propagation
2019-09-30,EQIX,"Equinix, Inc.",SKYY,Cloud Computing,2018-12-31,2019-03-01,74216348,210507,SEC EDGAR ETF_Holdings.csv; CMIN-US ticker resolution,resolved_by_target_universe_name_match
2019-09-30,HON,Honeywell International Inc.,GRID,Infrastructure,2018-12-31,2019-03-01,459778,3480,SEC EDGAR ETF_Holdings.csv; CMIN-US ticker resolution,resolved_by_internal_name_propagation
2019-09-30,HON,Honeywell International Inc.,PPA,Defense,2019-04-30,2019-07-08,68167485,392602,SEC EDGAR ETF_Holdings.csv; CMIN-US ticker resolution,resolved_by_internal_name_propagation
2019-09-30,JNJ,Johnson & Johnson,PIO,Water,2019-01-31,2019-03-29,401902,3020,SEC EDGAR ETF_Holdings.csv; CMIN-US ticker resolution,resolved_by_internal_name_propagation
2019-09-30,MSFT,Microsoft Corporation,SKYY,Cloud Computing,2018-12-31,2019-03-01,39334201,387262,SEC EDGAR ETF_Holdings.csv; CMIN-US ticker resolution,resolved_by_internal_name_propagation
2019-09-30,NGG,National Grid plc,GRID,Infrastructure,2018-12-31,2019-03-01,176400,18110,SEC EDGAR ETF_Holdings.csv; CMIN-US ticker resolution,resolved_by_target_universe_name_match
2019-09-30,NVDA,NVIDIA Corporation,ARKG,Biotechnology,2019-04-30,2019-06-27,9452906,52226,SEC EDGAR ETF_Holdings.csv; CMIN-US ticker resolution,resolved_by_internal_name_propagation
2019-09-30,NVDA,NVIDIA Corporation,GRID,Infrastructure,2018-12-31,2019-03-01,417188,3125,SEC EDGAR ETF_Holdings.csv; CMIN-US ticker resolution,resolved_by_internal_name_propagation
2019-09-30,NVDA,NVIDIA Corporation,SMH,Semiconductor,2019-03-31,2019-06-07,53737819,299275,SEC EDGAR ETF_Holdings.csv; CMIN-US ticker resolution,resolved_by_internal_name_propagation
2019-09-30,ORCL,Oracle Corporation,GRID,Infrastructure,2018-12-31,2019-03-01,472856,10473,SEC EDGAR ETF_Holdings.csv; CMIN-US ticker resolution,resolved_by_internal_name_propagation
2019-09-30,ORCL,Oracle Corporation,SKYY,Cloud Computing,2018-12-31,2019-03-01,75100253,1663350,SEC EDGAR ETF_Holdings.csv; CMIN-US ticker resolution,resolved_by_internal_name_propagation
2019-09-30,PEP,"PepsiCo, Inc.",PIO,Water,2019-01-31,2019-03-29,479862,4259,SEC EDGAR ETF_Holdings.csv; CMIN-US ticker resolution,resolved_by_target_universe_name_match
2019-09-30,PFE,Pfizer Inc.,PIO,Water,2019-01-31,2019-03-29,461219,10865,SEC EDGAR ETF_Holdings.csv; CMIN-US ticker resolution,resolved_by_internal_name_propagation
2019-09-30,VZ,Verizon Communications Inc.,PIO,Water,2019-01-31,2019-03-29,507543,9218,SEC EDGAR ETF_Holdings.csv; CMIN-US ticker resolution,resolved_by_target_universe_name_match
2019-09-30,XOM,Exxon Mobil Corporation,PIO,Water,2019-01-31,2019-03-29,647868,8841,SEC EDGAR ETF_Holdings.csv; CMIN-US ticker resolution,resolved_by_target_universe_name_match
2019-10-31,AAPL,Apple Inc.,ARKG,Biotechnology,2019-04-30,2019-06-27,6937563,34572,SEC EDGAR ETF_Holdings.csv; CMIN-US ticker resolution,resolved_by_internal_name_propagation
2019-10-31,AAPL,Apple Inc.,SKYY,Cloud Computing,2018-12-31,2019-03-01,37932053,240472,SEC EDGAR ETF_Holdings.csv; CMIN-US ticker resolution,resolved_by_internal_name_propagation
2019-10-31,ABBV,AbbVie Inc.,XBI,Biotechnology,2019-06-30,2019-09-04,54075974,743619,SEC EDGAR ETF_Holdings.csv; CMIN-US ticker resolution,resolved_by_internal_name_propagation
2019-10-31,APD,"Air Products and Chemicals, Inc.",PBW,Clean Energy,2019-04-30,2019-07-08,4127736,20058,SEC EDGAR ETF_Holdings.csv; CMIN-US ticker resolution,resolved_by_internal_name_propagation
2019-10-31,APD,"Air Products and Chemicals, Inc.",PIO,Water,2019-01-31,2019-03-29,415249,2526,SEC EDGAR ETF_Holdings.csv; CMIN-US ticker resolution,resolved_by_internal_name_propagation
2019-10-31,AVGO,Broadcom Inc.,SMH,Semiconductor,2019-03-31,2019-06-07,46757999,155492,SEC EDGAR ETF_Holdings.csv; CMIN-US ticker resolution,resolved_by_internal_name_propagation
2019-10-31,CSCO,"Cisco Systems, Inc.",CIBR,Cybersecurity,2018-12-31,2019-03-01,38597237,890774,SEC EDGAR ETF_Holdings.csv; CMIN-US ticker resolution,resolved_by_internal_name_propagation
2019-10-31,CSCO,"Cisco Systems, Inc.",GRID,Infrastructure,2018-12-31,2019-03-01,462244,10668,SEC EDGAR ETF_Holdings.csv; CMIN-US ticker resolution,resolved_by_internal_name_propagation
2019-10-31,CSCO,"Cisco Systems, Inc.",SKYY,Cloud Computing,2018-12-31,2019-03-01,73413109,1694279,SEC EDGAR ETF_Holdings.csv; CMIN-US ticker resolution,resolved_by_internal_name_propagation
2019-10-31,D,"Dominion Energy, Inc.",PIO,Water,2019-01-31,2019-03-29,126151,1796,SEC EDGAR ETF_Holdings.csv; CMIN-US ticker resolution,resolved_by_internal_name_propagation
2019-10-31,DE,Deere & Company,MOO,Agribusiness,2019-06-30,2019-09-06,51915452,313291,SEC EDGAR ETF_Holdings.csv; CMIN-US ticker resolution,resolved_by_internal_name_propagation
2019-10-31,DHR,Danaher Corporation,CGW,Water,2019-01-31,2019-03-29,29276336,263941,SEC EDGAR ETF_Holdings.csv; CMIN-US ticker resolution,resolved_by_internal_name_propagation
2019-10-31,DHR,Danaher Corporation,PHO,Water,2019-04-30,2019-07-08,75550398,570450,SEC EDGAR ETF_Holdings.csv; CMIN-US ticker resolution,resolved_by_internal_name_propagation
2019-10-31,DHR,Danaher Corporation,PIO,Water,2019-01-31,2019-03-29,42692665,384896,SEC EDGAR ETF_Holdings.csv; CMIN-US ticker resolution,resolved_by_internal_name_propagation
2019-10-31,DUK,Duke Energy Corporation,PIO,Water,2019-01-31,2019-03-29,110427,1258,SEC EDGAR ETF_Holdings.csv; CMIN-US ticker resolution,resolved_by_internal_name_propagation
2019-10-31,ECL,Ecolab Inc.,PHO,Water,2019-04-30,2019-07-08,78967191,428983,SEC EDGAR ETF_Holdings.csv; CMIN-US ticker resolution,resolved_by_internal_name_propagation
2019-10-31,ECL,Ecolab Inc.,PIO,Water,2019-01-31,2019-03-29,13057882,82556,SEC EDGAR ETF_Holdings.csv; CMIN-US ticker resolution,resolved_by_internal_name_propagation
2019-10-31,EQIX,"Equinix, Inc.",SKYY,Cloud Computing,2018-12-31,2019-03-01,74216348,210507,SEC EDGAR ETF_Holdings.csv; CMIN-US ticker resolution,resolved_by_target_universe_name_match
2019-10-31,HON,Honeywell International Inc.,GRID,Infrastructure,2018-12-31,2019-03-01,459778,3480,SEC EDGAR ETF_Holdings.csv; CMIN-US ticker resolution,resolved_by_internal_name_propagation
2019-10-31,HON,Honeywell International Inc.,PPA,Defense,2019-04-30,2019-07-08,68167485,392602,SEC EDGAR ETF_Holdings.csv; CMIN-US ticker resolution,resolved_by_internal_name_propagation
2019-10-31,JNJ,Johnson & Johnson,PIO,Water,2019-01-31,2019-03-29,401902,3020,SEC EDGAR ETF_Holdings.csv; CMIN-US ticker resolution,resolved_by_internal_name_propagation
2019-10-31,MSFT,Microsoft Corporation,SKYY,Cloud Computing,2018-12-31,2019-03-01,39334201,387262,SEC EDGAR ETF_Holdings.csv; CMIN-US ticker resolution,resolved_by_internal_name_propagation
2019-10-31,NGG,National Grid plc,GRID,Infrastructure,2018-12-31,2019-03-01,176400,18110,SEC EDGAR ETF_Holdings.csv; CMIN-US ticker resolution,resolved_by_target_universe_name_match
2019-10-31,NVDA,NVIDIA Corporation,ARKG,Biotechnology,2019-04-30,2019-06-27,9452906,52226,SEC EDGAR ETF_Holdings.csv; CMIN-US ticker resolution,resolved_by_internal_name_propagation
2019-10-31,NVDA,NVIDIA Corporation,GRID,Infrastructure,2018-12-31,2019-03-01,417188,3125,SEC EDGAR ETF_Holdings.csv; CMIN-US ticker resolution,resolved_by_internal_name_propagation
2019-10-31,NVDA,NVIDIA Corporation,SMH,Semiconductor,2019-03-31,2019-06-07,53737819,299275,SEC EDGAR ETF_Holdings.csv; CMIN-US ticker resolution,resolved_by_internal_name_propagation
2019-10-31,ORCL,Oracle Corporation,GRID,Infrastructure,2018-12-31,2019-03-01,472856,10473,SEC EDGAR ETF_Holdings.csv; CMIN-US ticker resolution,resolved_by_internal_name_propagation
2019-10-31,ORCL,Oracle Corporation,SKYY,Cloud Computing,2018-12-31,2019-03-01,75100253,1663350,SEC EDGAR ETF_Holdings.csv; CMIN-US ticker resolution,resolved_by_internal_name_propagation
2019-10-31,PEP,"PepsiCo, Inc.",PIO,Water,2019-01-31,2019-03-29,479862,4259,SEC EDGAR ETF_Holdings.csv; CMIN-US ticker resolution,resolved_by_target_universe_name_match
2019-10-31,PFE,Pfizer Inc.,PIO,Water,2019-01-31,2019-03-29,461219,10865,SEC EDGAR ETF_Holdings.csv; CMIN-US ticker resolution,resolved_by_internal_name_propagation
2019-10-31,VZ,Verizon Communications Inc.,PIO,Water,2019-01-31,2019-03-29,507543,9218,SEC EDGAR ETF_Holdings.csv; CMIN-US ticker resolution,resolved_by_target_universe_name_match
2019-10-31,XOM,Exxon Mobil Corporation,PIO,Water,2019-01-31,2019-03-29,647868,8841,SEC EDGAR ETF_Holdings.csv; CMIN-US ticker resolution,resolved_by_target_universe_name_match
2019-11-30,AAPL,Apple Inc.,ARKG,Biotechnology,2019-04-30,2019-06-27,6937563,34572,SEC EDGAR ETF_Holdings.csv; CMIN-US ticker resolution,resolved_by_internal_name_propagation
2019-11-30,ABBV,AbbVie Inc.,XBI,Biotechnology,2019-09-30,2019-11-27,68009659.56,898173,SEC EDGAR ETF_Holdings.csv; CMIN-US ticker resolution,resolved_by_cusip
2019-11-30,ABT,Abbott Laboratories,IHI,Healthcare Innovation,2019-09-30,2019-11-25,571995647.43,6836329,SEC EDGAR ETF_Holdings.csv; CMIN-US ticker resolution,resolved_by_cusip
2019-11-30,ADBE,Adobe Inc.,IGV,Cloud Computing,2019-09-30,2019-11-25,218950225,792580,SEC EDGAR ETF_Holdings.csv; CMIN-US ticker resolution,resolved_by_cusip
2019-11-30,ADBE,Adobe Inc.,SKYY,Cloud Computing,2019-09-30,2019-11-19,47118857.5,170566,SEC EDGAR ETF_Holdings.csv; CMIN-US ticker resolution,resolved_by_cusip
2019-11-30,AMZN,"Amazon.com, Inc.",FDN,Internet,2019-09-30,2019-11-26,711112059.68,409648,SEC EDGAR ETF_Holdings.csv; CMIN-US ticker resolution,resolved_by_cusip
2019-11-30,AMZN,"Amazon.com, Inc.",SKYY,Cloud Computing,2019-09-30,2019-11-19,94850122.4,54640,SEC EDGAR ETF_Holdings.csv; CMIN-US ticker resolution,resolved_by_cusip
2019-11-30,APD,"Air Products and Chemicals, Inc.",PBW,Clean Energy,2019-04-30,2019-07-08,4127736,20058,SEC EDGAR ETF_Holdings.csv; CMIN-US ticker resolution,resolved_by_internal_name_propagation
2019-11-30,APD,"Air Products and Chemicals, Inc.",PIO,Water,2019-01-31,2019-03-29,415249,2526,SEC EDGAR ETF_Holdings.csv; CMIN-US ticker resolution,resolved_by_internal_name_propagation
2019-11-30,AVGO,Broadcom Inc.,CIBR,Cybersecurity,2019-09-30,2019-11-19,58739413.9,212770,SEC EDGAR ETF_Holdings.csv; CMIN-US ticker resolution,resolved_by_cusip
2019-11-30,AVGO,Broadcom Inc.,SMH,Semiconductor,2019-09-30,2019-11-19,64512037.6,233680,SEC EDGAR ETF_Holdings.csv; CMIN-US ticker resolution,resolved_by_cusip
2019-11-30,BABA,Alibaba Group Holding Limited,SKYY,Cloud Computing,2019-09-30,2019-11-19,77275310.7,462090,SEC EDGAR ETF_Holdings.csv; CMIN-US ticker resolution,resolved_by_cusip
2019-11-30,BAC,Bank of America Corporation,MOO,Agribusiness,2019-09-30,2019-11-20,134907,134907,SEC EDGAR ETF_Holdings.csv; CMIN-US ticker resolution,resolved_by_target_universe_name_match
2019-11-30,BAC,Bank of America Corporation,SMH,Semiconductor,2019-09-30,2019-11-19,4414392,4414392,SEC EDGAR ETF_Holdings.csv; CMIN-US ticker resolution,resolved_by_target_universe_name_match
2019-11-30,BAC,Bank of America Corporation,SMOG,Clean Energy,2019-09-30,2019-11-21,2089426,2089426,SEC EDGAR ETF_Holdings.csv; CMIN-US ticker resolution,resolved_by_target_universe_name_match
2019-11-30,CSCO,"Cisco Systems, Inc.",CIBR,Cybersecurity,2019-09-30,2019-11-19,63478015.2,1284720,SEC EDGAR ETF_Holdings.csv; CMIN-US ticker resolution,resolved_by_cusip
2019-11-30,CSCO,"Cisco Systems, Inc.",FDN,Internet,2019-09-30,2019-11-26,463304377.53,9376733,SEC EDGAR ETF_Holdings.csv; CMIN-US ticker resolution,resolved_by_cusip
2019-11-30,CSCO,"Cisco Systems, Inc.",GRID,Infrastructure,2019-09-30,2019-11-19,555714.27,11247,SEC EDGAR ETF_Holdings.csv; CMIN-US ticker resolution,resolved_by_cusip
2019-11-30,CSCO,"Cisco Systems, Inc.",HACK,Cybersecurity,2019-09-30,2019-11-22,54329852.52,1099572,SEC EDGAR ETF_Holdings.csv; CMIN-US ticker resolution,resolved_by_cusip
2019-11-30,CSCO,"Cisco Systems, Inc.",SKYY,Cloud Computing,2019-09-30,2019-11-19,68297565.42,1382262,SEC EDGAR ETF_Holdings.csv; CMIN-US ticker resolution,resolved_by_cusip
2019-11-30,D,"Dominion Energy, Inc.",NLR,Nuclear,2019-09-30,2019-11-21,1922836.08,23727,SEC EDGAR ETF_Holdings.csv; CMIN-US ticker resolution,resolved_by_cusip
2019-11-30,D,"Dominion Energy, Inc.",PIO,Water,2019-01-31,2019-03-29,126151,1796,SEC EDGAR ETF_Holdings.csv; CMIN-US ticker resolution,resolved_by_internal_name_propagation
2019-11-30,DE,Deere & Company,MOO,Agribusiness,2019-09-30,2019-11-20,50395005.48,298761,SEC EDGAR ETF_Holdings.csv; CMIN-US ticker resolution,resolved_by_cusip
2019-11-30,DHR,Danaher Corporation,CGW,Water,2019-01-31,2019-03-29,29276336,263941,SEC EDGAR ETF_Holdings.csv; CMIN-US ticker resolution,resolved_by_internal_name_propagation
2019-11-30,DHR,Danaher Corporation,IHI,Healthcare Innovation,2019-09-30,2019-11-25,337451018.19,2336433,SEC EDGAR ETF_Holdings.csv; CMIN-US ticker resolution,resolved_by_cusip
2019-11-30,DHR,Danaher Corporation,PHO,Water,2019-04-30,2019-07-08,75550398,570450,SEC EDGAR ETF_Holdings.csv; CMIN-US ticker resolution,resolved_by_internal_name_propagation
2019-11-30,DHR,Danaher Corporation,PIO,Water,2019-01-31,2019-03-29,42692665,384896,SEC EDGAR ETF_Holdings.csv; CMIN-US ticker resolution,resolved_by_internal_name_propagation
2019-11-30,DUK,Duke Energy Corporation,NLR,Nuclear,2019-09-30,2019-11-21,1887962.7,19695,SEC EDGAR ETF_Holdings.csv; CMIN-US ticker resolution,resolved_by_cusip
2019-11-30,DUK,Duke Energy Corporation,PIO,Water,2019-01-31,2019-03-29,110427,1258,SEC EDGAR ETF_Holdings.csv; CMIN-US ticker resolution,resolved_by_internal_name_propagation
2019-11-30,ECL,Ecolab Inc.,PHO,Water,2019-04-30,2019-07-08,78967191,428983,SEC EDGAR ETF_Holdings.csv; CMIN-US ticker resolution,resolved_by_internal_name_propagation
2019-11-30,ECL,Ecolab Inc.,PIO,Water,2019-01-31,2019-03-29,13057882,82556,SEC EDGAR ETF_Holdings.csv; CMIN-US ticker resolution,resolved_by_internal_name_propagation
2019-11-30,EXC,Exelon Corporation,NLR,Nuclear,2019-09-30,2019-11-21,1614278.65,33415,SEC EDGAR ETF_Holdings.csv; CMIN-US ticker resolution,resolved_by_cusip
2019-11-30,FB,"Meta Platforms, Inc.",FDN,Internet,2019-09-30,2019-11-26,578746644,3249925,SEC EDGAR ETF_Holdings.csv; CMIN-US ticker resolution,resolved_by_cusip
2019-11-30,GOOG,Alphabet Inc.,FDN,Internet,2019-09-30,2019-11-26,736642470.42,603773,SEC EDGAR ETF_Holdings.csv; CMIN-US ticker resolution,resolved_by_cusip
2019-11-30,GOOG,Alphabet Inc.,SKYY,Cloud Computing,2019-09-30,2019-11-19,99550996.22,81523,SEC EDGAR ETF_Holdings.csv; CMIN-US ticker resolution,resolved_by_cusip
2019-11-30,HON,Honeywell International Inc.,GRID,Infrastructure,2019-09-30,2019-11-19,541101.6,3198,SEC EDGAR ETF_Holdings.csv; CMIN-US ticker resolution,resolved_by_cusip
2019-11-30,HON,Honeywell International Inc.,PPA,Defense,2019-04-30,2019-07-08,68167485,392602,SEC EDGAR ETF_Holdings.csv; CMIN-US ticker resolution,resolved_by_internal_name_propagation
2019-11-30,JNJ,Johnson & Johnson,PIO,Water,2019-01-31,2019-03-29,401902,3020,SEC EDGAR ETF_Holdings.csv; CMIN-US ticker resolution,resolved_by_internal_name_propagation
2019-11-30,MSFT,Microsoft Corporation,IGV,Cloud Computing,2019-09-30,2019-11-25,222770966.69,1602323,SEC EDGAR ETF_Holdings.csv; CMIN-US ticker resolution,resolved_by_cusip
2019-11-30,MSFT,Microsoft Corporation,SKYY,Cloud Computing,2019-09-30,2019-11-19,97879205.45,704015,SEC EDGAR ETF_Holdings.csv; CMIN-US ticker resolution,resolved_by_cusip
2019-11-30,NFLX,"Netflix, Inc.",FDN,Internet,2019-09-30,2019-11-26,355090258.9,1326845,SEC EDGAR ETF_Holdings.csv; CMIN-US ticker resolution,resolved_by_cusip
2019-11-30,NGG,National Grid plc,GRID,Infrastructure,2019-09-30,2019-11-19,168982.68,15584,SEC EDGAR ETF_Holdings.csv; CMIN-US ticker resolution,resolved_by_target_universe_name_match
2019-11-30,NVDA,NVIDIA Corporation,ARKG,Biotechnology,2019-04-30,2019-06-27,9452906,52226,SEC EDGAR ETF_Holdings.csv; CMIN-US ticker resolution,resolved_by_internal_name_propagation
2019-11-30,NVDA,NVIDIA Corporation,GRID,Infrastructure,2019-09-30,2019-11-19,474688.89,2727,SEC EDGAR ETF_Holdings.csv; CMIN-US ticker resolution,resolved_by_cusip
2019-11-30,NVDA,NVIDIA Corporation,SMH,Semiconductor,2019-09-30,2019-11-19,72764045.12,418016,SEC EDGAR ETF_Holdings.csv; CMIN-US ticker resolution,resolved_by_cusip
2019-11-30,ORCL,Oracle Corporation,GRID,Infrastructure,2019-09-30,2019-11-19,556518.39,10113,SEC EDGAR ETF_Holdings.csv; CMIN-US ticker resolution,resolved_by_cusip
2019-11-30,ORCL,Oracle Corporation,IGV,Cloud Computing,2019-09-30,2019-11-25,225014313.17,4088939,SEC EDGAR ETF_Holdings.csv; CMIN-US ticker resolution,resolved_by_cusip
2019-11-30,ORCL,Oracle Corporation,SKYY,Cloud Computing,2019-09-30,2019-11-19,102592594.09,1864303,SEC EDGAR ETF_Holdings.csv; CMIN-US ticker resolution,resolved_by_cusip
2019-11-30,PEP,"PepsiCo, Inc.",PIO,Water,2019-01-31,2019-03-29,479862,4259,SEC EDGAR ETF_Holdings.csv; CMIN-US ticker resolution,resolved_by_target_universe_name_match
2019-11-30,PFE,Pfizer Inc.,PIO,Water,2019-01-31,2019-03-29,461219,10865,SEC EDGAR ETF_Holdings.csv; CMIN-US ticker resolution,resolved_by_internal_name_propagation
2019-11-30,PYPL,"PayPal Holdings, Inc.",FDN,Internet,2019-09-30,2019-11-26,375834050.28,3628092,SEC EDGAR ETF_Holdings.csv; CMIN-US ticker resolution,resolved_by_cusip
2019-11-30,SNAP,Snap Inc.,FDN,Internet,2019-09-30,2019-11-26,172286739.2,10904224,SEC EDGAR ETF_Holdings.csv; CMIN-US ticker resolution,resolved_by_cusip
2019-11-30,SNAP,Snap Inc.,IGV,Cloud Computing,2019-09-30,2019-11-25,29224770.2,1849669,SEC EDGAR ETF_Holdings.csv; CMIN-US ticker resolution,resolved_by_cusip
2019-11-30,TMO,Thermo Fisher Scientific Inc.,IHI,Healthcare Innovation,2019-09-30,2019-11-25,451191502.23,1549049,SEC EDGAR ETF_Holdings.csv; CMIN-US ticker resolution,resolved_by_cusip
2019-11-30,TSLA,"Tesla, Inc.",GRID,Infrastructure,2019-09-30,2019-11-19,141149.82,586,SEC EDGAR ETF_Holdings.csv; CMIN-US ticker resolution,resolved_by_cusip
2019-11-30,TSLA,"Tesla, Inc.",QCLN,Clean Energy,2019-09-30,2019-11-26,9562298.13,39699,SEC EDGAR ETF_Holdings.csv; CMIN-US ticker resolution,resolved_by_cusip
2019-11-30,TSLA,"Tesla, Inc.",SMOG,Clean Energy,2019-09-30,2019-11-21,8022175.35,33305,SEC EDGAR ETF_Holdings.csv; CMIN-US ticker resolution,resolved_by_cusip
2019-11-30,VZ,Verizon Communications Inc.,PIO,Water,2019-01-31,2019-03-29,507543,9218,SEC EDGAR ETF_Holdings.csv; CMIN-US ticker resolution,resolved_by_target_universe_name_match
2019-11-30,XOM,Exxon Mobil Corporation,PIO,Water,2019-01-31,2019-03-29,647868,8841,SEC EDGAR ETF_Holdings.csv; CMIN-US ticker resolution,resolved_by_target_universe_name_match
2019-12-31,AAPL,Apple Inc.,ARKG,Biotechnology,2019-04-30,2019-06-27,6937563,34572,SEC EDGAR ETF_Holdings.csv; CMIN-US ticker resolution,resolved_by_internal_name_propagation
2019-12-31,ABBV,AbbVie Inc.,XBI,Biotechnology,2019-09-30,2019-11-27,68009659.56,898173,SEC EDGAR ETF_Holdings.csv; CMIN-US ticker resolution,resolved_by_cusip
2019-12-31,ABT,Abbott Laboratories,IHI,Healthcare Innovation,2019-09-30,2019-11-25,571995647.43,6836329,SEC EDGAR ETF_Holdings.csv; CMIN-US ticker resolution,resolved_by_cusip
2019-12-31,ADBE,Adobe Inc.,IGV,Cloud Computing,2019-09-30,2019-11-25,218950225,792580,SEC EDGAR ETF_Holdings.csv; CMIN-US ticker resolution,resolved_by_cusip
2019-12-31,ADBE,Adobe Inc.,SKYY,Cloud Computing,2019-09-30,2019-11-19,47118857.5,170566,SEC EDGAR ETF_Holdings.csv; CMIN-US ticker resolution,resolved_by_cusip
2019-12-31,AMZN,"Amazon.com, Inc.",FDN,Internet,2019-09-30,2019-11-26,711112059.68,409648,SEC EDGAR ETF_Holdings.csv; CMIN-US ticker resolution,resolved_by_cusip
2019-12-31,AMZN,"Amazon.com, Inc.",PNQI,Internet,2019-10-31,2019-12-30,43068015.06,24241,SEC EDGAR ETF_Holdings.csv; CMIN-US ticker resolution,resolved_by_cusip
2019-12-31,AMZN,"Amazon.com, Inc.",SKYY,Cloud Computing,2019-09-30,2019-11-19,94850122.4,54640,SEC EDGAR ETF_Holdings.csv; CMIN-US ticker resolution,resolved_by_cusip
2019-12-31,APD,"Air Products and Chemicals, Inc.",PBW,Clean Energy,2019-10-31,2019-12-30,4540945.18,21293,SEC EDGAR ETF_Holdings.csv; CMIN-US ticker resolution,resolved_by_cusip
2019-12-31,AVGO,Broadcom Inc.,CIBR,Cybersecurity,2019-09-30,2019-11-19,58739413.9,212770,SEC EDGAR ETF_Holdings.csv; CMIN-US ticker resolution,resolved_by_cusip
2019-12-31,AVGO,Broadcom Inc.,PSI,Semiconductor,2019-10-31,2019-12-30,8940710.5,30530,SEC EDGAR ETF_Holdings.csv; CMIN-US ticker resolution,resolved_by_cusip
2019-12-31,AVGO,Broadcom Inc.,SMH,Semiconductor,2019-09-30,2019-11-19,64512037.6,233680,SEC EDGAR ETF_Holdings.csv; CMIN-US ticker resolution,resolved_by_cusip
2019-12-31,BABA,Alibaba Group Holding Limited,PNQI,Internet,2019-10-31,2019-12-30,43465590.09,246027,SEC EDGAR ETF_Holdings.csv; CMIN-US ticker resolution,resolved_by_cusip
2019-12-31,BABA,Alibaba Group Holding Limited,SKYY,Cloud Computing,2019-09-30,2019-11-19,77275310.7,462090,SEC EDGAR ETF_Holdings.csv; CMIN-US ticker resolution,resolved_by_cusip
2019-12-31,BAC,Bank of America Corporation,MOO,Agribusiness,2019-09-30,2019-11-20,134907,134907,SEC EDGAR ETF_Holdings.csv; CMIN-US ticker resolution,resolved_by_target_universe_name_match
2019-12-31,BAC,Bank of America Corporation,SMH,Semiconductor,2019-09-30,2019-11-19,4414392,4414392,SEC EDGAR ETF_Holdings.csv; CMIN-US ticker resolution,resolved_by_target_universe_name_match
2019-12-31,BAC,Bank of America Corporation,SMOG,Clean Energy,2019-09-30,2019-11-21,2089426,2089426,SEC EDGAR ETF_Holdings.csv; CMIN-US ticker resolution,resolved_by_target_universe_name_match
2019-12-31,CSCO,"Cisco Systems, Inc.",CIBR,Cybersecurity,2019-09-30,2019-11-19,63478015.2,1284720,SEC EDGAR ETF_Holdings.csv; CMIN-US ticker resolution,resolved_by_cusip
2019-12-31,CSCO,"Cisco Systems, Inc.",FDN,Internet,2019-09-30,2019-11-26,463304377.53,9376733,SEC EDGAR ETF_Holdings.csv; CMIN-US ticker resolution,resolved_by_cusip
2019-12-31,CSCO,"Cisco Systems, Inc.",GRID,Infrastructure,2019-09-30,2019-11-19,555714.27,11247,SEC EDGAR ETF_Holdings.csv; CMIN-US ticker resolution,resolved_by_cusip
2019-12-31,CSCO,"Cisco Systems, Inc.",HACK,Cybersecurity,2019-09-30,2019-11-22,54329852.52,1099572,SEC EDGAR ETF_Holdings.csv; CMIN-US ticker resolution,resolved_by_cusip
2019-12-31,CSCO,"Cisco Systems, Inc.",SKYY,Cloud Computing,2019-09-30,2019-11-19,68297565.42,1382262,SEC EDGAR ETF_Holdings.csv; CMIN-US ticker resolution,resolved_by_cusip
2019-12-31,D,"Dominion Energy, Inc.",NLR,Nuclear,2019-09-30,2019-11-21,1922836.08,23727,SEC EDGAR ETF_Holdings.csv; CMIN-US ticker resolution,resolved_by_cusip
2019-12-31,DE,Deere & Company,MOO,Agribusiness,2019-09-30,2019-11-20,50395005.48,298761,SEC EDGAR ETF_Holdings.csv; CMIN-US ticker resolution,resolved_by_cusip
2019-12-31,DE,Deere & Company,ROBO,Robotics,2019-10-31,2019-12-19,13035772.12,74858,SEC EDGAR ETF_Holdings.csv; CMIN-US ticker resolution,resolved_by_cusip
2019-12-31,DHR,Danaher Corporation,CGW,Water,2019-10-31,2019-12-30,34976373.06,253783,SEC EDGAR ETF_Holdings.csv; CMIN-US ticker resolution,resolved_by_cusip
2019-12-31,DHR,Danaher Corporation,IHI,Healthcare Innovation,2019-09-30,2019-11-25,337451018.19,2336433,SEC EDGAR ETF_Holdings.csv; CMIN-US ticker resolution,resolved_by_cusip
2019-12-31,DHR,Danaher Corporation,PHO,Water,2019-10-31,2019-12-30,77911162.02,565311,SEC EDGAR ETF_Holdings.csv; CMIN-US ticker resolution,resolved_by_cusip
2019-12-31,DHR,Danaher Corporation,PIO,Water,2019-10-31,2019-12-30,14433612.96,104728,SEC EDGAR ETF_Holdings.csv; CMIN-US ticker resolution,resolved_by_cusip
2019-12-31,DUK,Duke Energy Corporation,NLR,Nuclear,2019-09-30,2019-11-21,1887962.7,19695,SEC EDGAR ETF_Holdings.csv; CMIN-US ticker resolution,resolved_by_cusip
2019-12-31,ECL,Ecolab Inc.,PHO,Water,2019-10-31,2019-12-30,74780725.87,389341,SEC EDGAR ETF_Holdings.csv; CMIN-US ticker resolution,resolved_by_cusip
2019-12-31,ECL,Ecolab Inc.,PIO,Water,2019-10-31,2019-12-30,13853624.96,72128,SEC EDGAR ETF_Holdings.csv; CMIN-US ticker resolution,resolved_by_cusip
2019-12-31,EXC,Exelon Corporation,NLR,Nuclear,2019-09-30,2019-11-21,1614278.65,33415,SEC EDGAR ETF_Holdings.csv; CMIN-US ticker resolution,resolved_by_cusip
2019-12-31,FB,"Meta Platforms, Inc.",FDN,Internet,2019-09-30,2019-11-26,578746644,3249925,SEC EDGAR ETF_Holdings.csv; CMIN-US ticker resolution,resolved_by_cusip
2019-12-31,FB,"Meta Platforms, Inc.",PNQI,Internet,2019-10-31,2019-12-30,44449576.15,231931,SEC EDGAR ETF_Holdings.csv; CMIN-US ticker resolution,resolved_by_cusip
2019-12-31,GOOG,Alphabet Inc.,FDN,Internet,2019-09-30,2019-11-26,736642470.42,603773,SEC EDGAR ETF_Holdings.csv; CMIN-US ticker resolution,resolved_by_cusip
2019-12-31,GOOG,Alphabet Inc.,PNQI,Internet,2019-10-31,2019-12-30,45670166.73,36243,SEC EDGAR ETF_Holdings.csv; CMIN-US ticker resolution,resolved_by_cusip
2019-12-31,GOOG,Alphabet Inc.,SKYY,Cloud Computing,2019-09-30,2019-11-19,99550996.22,81523,SEC EDGAR ETF_Holdings.csv; CMIN-US ticker resolution,resolved_by_cusip
2019-12-31,HON,Honeywell International Inc.,GRID,Infrastructure,2019-09-30,2019-11-19,541101.6,3198,SEC EDGAR ETF_Holdings.csv; CMIN-US ticker resolution,resolved_by_cusip
2019-12-31,HON,Honeywell International Inc.,PPA,Defense,2019-10-31,2019-12-30,80494252.76,466012,SEC EDGAR ETF_Holdings.csv; CMIN-US ticker resolution,resolved_by_cusip
2019-12-31,JD,"JD.com, Inc.",PNQI,Internet,2019-10-31,2019-12-30,17132375.4,549996,SEC EDGAR ETF_Holdings.csv; CMIN-US ticker resolution,resolved_by_cusip
2019-12-31,MSFT,Microsoft Corporation,IGV,Cloud Computing,2019-09-30,2019-11-25,222770966.69,1602323,SEC EDGAR ETF_Holdings.csv; CMIN-US ticker resolution,resolved_by_cusip
2019-12-31,MSFT,Microsoft Corporation,SKYY,Cloud Computing,2019-09-30,2019-11-19,97879205.45,704015,SEC EDGAR ETF_Holdings.csv; CMIN-US ticker resolution,resolved_by_cusip
2019-12-31,NFLX,"Netflix, Inc.",FDN,Internet,2019-09-30,2019-11-26,355090258.9,1326845,SEC EDGAR ETF_Holdings.csv; CMIN-US ticker resolution,resolved_by_cusip
2019-12-31,NFLX,"Netflix, Inc.",PNQI,Internet,2019-10-31,2019-12-30,42131431.9,146590,SEC EDGAR ETF_Holdings.csv; CMIN-US ticker resolution,resolved_by_cusip
2019-12-31,NGG,National Grid plc,GRID,Infrastructure,2019-09-30,2019-11-19,168982.68,15584,SEC EDGAR ETF_Holdings.csv; CMIN-US ticker resolution,resolved_by_target_universe_name_match
2019-12-31,NVDA,NVIDIA Corporation,ARKG,Biotechnology,2019-04-30,2019-06-27,9452906,52226,SEC EDGAR ETF_Holdings.csv; CMIN-US ticker resolution,resolved_by_internal_name_propagation
2019-12-31,NVDA,NVIDIA Corporation,GRID,Infrastructure,2019-09-30,2019-11-19,474688.89,2727,SEC EDGAR ETF_Holdings.csv; CMIN-US ticker resolution,resolved_by_cusip
2019-12-31,NVDA,NVIDIA Corporation,PSI,Semiconductor,2019-10-31,2019-12-30,10413439.06,51803,SEC EDGAR ETF_Holdings.csv; CMIN-US ticker resolution,resolved_by_cusip
2019-12-31,NVDA,NVIDIA Corporation,ROBO,Robotics,2019-10-31,2019-12-19,21038753.2,104660,SEC EDGAR ETF_Holdings.csv; CMIN-US ticker resolution,resolved_by_cusip
2019-12-31,NVDA,NVIDIA Corporation,SMH,Semiconductor,2019-09-30,2019-11-19,72764045.12,418016,SEC EDGAR ETF_Holdings.csv; CMIN-US ticker resolution,resolved_by_cusip
2019-12-31,ORCL,Oracle Corporation,GRID,Infrastructure,2019-09-30,2019-11-19,556518.39,10113,SEC EDGAR ETF_Holdings.csv; CMIN-US ticker resolution,resolved_by_cusip
2019-12-31,ORCL,Oracle Corporation,IGV,Cloud Computing,2019-09-30,2019-11-25,225014313.17,4088939,SEC EDGAR ETF_Holdings.csv; CMIN-US ticker resolution,resolved_by_cusip
2019-12-31,ORCL,Oracle Corporation,SKYY,Cloud Computing,2019-09-30,2019-11-19,102592594.09,1864303,SEC EDGAR ETF_Holdings.csv; CMIN-US ticker resolution,resolved_by_cusip
2019-12-31,PYPL,"PayPal Holdings, Inc.",FDN,Internet,2019-09-30,2019-11-26,375834050.28,3628092,SEC EDGAR ETF_Holdings.csv; CMIN-US ticker resolution,resolved_by_cusip
2019-12-31,SNAP,Snap Inc.,FDN,Internet,2019-09-30,2019-11-26,172286739.2,10904224,SEC EDGAR ETF_Holdings.csv; CMIN-US ticker resolution,resolved_by_cusip
2019-12-31,SNAP,Snap Inc.,IGV,Cloud Computing,2019-09-30,2019-11-25,29224770.2,1849669,SEC EDGAR ETF_Holdings.csv; CMIN-US ticker resolution,resolved_by_cusip
2019-12-31,SNAP,Snap Inc.,PNQI,Internet,2019-10-31,2019-12-30,9898787.4,657290,SEC EDGAR ETF_Holdings.csv; CMIN-US ticker resolution,resolved_by_cusip
2019-12-31,TMO,Thermo Fisher Scientific Inc.,IHI,Healthcare Innovation,2019-09-30,2019-11-25,451191502.23,1549049,SEC EDGAR ETF_Holdings.csv; CMIN-US ticker resolution,resolved_by_cusip
2019-12-31,TSLA,"Tesla, Inc.",GRID,Infrastructure,2019-09-30,2019-11-19,141149.82,586,SEC EDGAR ETF_Holdings.csv; CMIN-US ticker resolution,resolved_by_cusip
2019-12-31,TSLA,"Tesla, Inc.",LIT,Battery,2019-10-31,2019-12-26,32625712,103600,SEC EDGAR ETF_Holdings.csv; CMIN-US ticker resolution,resolved_by_cusip
2019-12-31,TSLA,"Tesla, Inc.",PBD,Clean Energy,2019-10-31,2019-12-30,645586,2050,SEC EDGAR ETF_Holdings.csv; CMIN-US ticker resolution,resolved_by_cusip
2019-12-31,TSLA,"Tesla, Inc.",PBW,Clean Energy,2019-10-31,2019-12-30,6621822.84,21027,SEC EDGAR ETF_Holdings.csv; CMIN-US ticker resolution,resolved_by_cusip
2019-12-31,TSLA,"Tesla, Inc.",QCLN,Clean Energy,2019-09-30,2019-11-26,9562298.13,39699,SEC EDGAR ETF_Holdings.csv; CMIN-US ticker resolution,resolved_by_cusip
2019-12-31,TSLA,"Tesla, Inc.",SMOG,Clean Energy,2019-09-30,2019-11-21,8022175.35,33305,SEC EDGAR ETF_Holdings.csv; CMIN-US ticker resolution,resolved_by_cusip
2020-01-31,AAPL,Apple Inc.,ARKG,Biotechnology,2019-04-30,2019-06-27,6937563,34572,SEC EDGAR ETF_Holdings.csv; CMIN-US ticker resolution,resolved_by_internal_name_propagation
2020-01-31,ABBV,AbbVie Inc.,XBI,Biotechnology,2019-09-30,2019-11-27,68009659.56,898173,SEC EDGAR ETF_Holdings.csv; CMIN-US ticker resolution,resolved_by_cusip
2020-01-31,ABT,Abbott Laboratories,IHI,Healthcare Innovation,2019-09-30,2019-11-25,571995647.43,6836329,SEC EDGAR ETF_Holdings.csv; CMIN-US ticker resolution,resolved_by_cusip
2020-01-31,ADBE,Adobe Inc.,IGV,Cloud Computing,2019-09-30,2019-11-25,218950225,792580,SEC EDGAR ETF_Holdings.csv; CMIN-US ticker resolution,resolved_by_cusip
2020-01-31,ADBE,Adobe Inc.,SKYY,Cloud Computing,2019-09-30,2019-11-19,47118857.5,170566,SEC EDGAR ETF_Holdings.csv; CMIN-US ticker resolution,resolved_by_cusip
2020-01-31,AMZN,"Amazon.com, Inc.",FDN,Internet,2019-09-30,2019-11-26,711112059.68,409648,SEC EDGAR ETF_Holdings.csv; CMIN-US ticker resolution,resolved_by_cusip
2020-01-31,AMZN,"Amazon.com, Inc.",PNQI,Internet,2019-10-31,2019-12-30,43068015.06,24241,SEC EDGAR ETF_Holdings.csv; CMIN-US ticker resolution,resolved_by_cusip
2020-01-31,AMZN,"Amazon.com, Inc.",SKYY,Cloud Computing,2019-09-30,2019-11-19,94850122.4,54640,SEC EDGAR ETF_Holdings.csv; CMIN-US ticker resolution,resolved_by_cusip
2020-01-31,APD,"Air Products and Chemicals, Inc.",PBW,Clean Energy,2019-10-31,2019-12-30,4540945.18,21293,SEC EDGAR ETF_Holdings.csv; CMIN-US ticker resolution,resolved_by_cusip
2020-01-31,AVGO,Broadcom Inc.,CIBR,Cybersecurity,2019-09-30,2019-11-19,58739413.9,212770,SEC EDGAR ETF_Holdings.csv; CMIN-US ticker resolution,resolved_by_cusip
2020-01-31,AVGO,Broadcom Inc.,PSI,Semiconductor,2019-10-31,2019-12-30,8940710.5,30530,SEC EDGAR ETF_Holdings.csv; CMIN-US ticker resolution,resolved_by_cusip
2020-01-31,AVGO,Broadcom Inc.,SMH,Semiconductor,2019-09-30,2019-11-19,64512037.6,233680,SEC EDGAR ETF_Holdings.csv; CMIN-US ticker resolution,resolved_by_cusip
2020-01-31,BABA,Alibaba Group Holding Limited,PNQI,Internet,2019-10-31,2019-12-30,43465590.09,246027,SEC EDGAR ETF_Holdings.csv; CMIN-US ticker resolution,resolved_by_cusip
2020-01-31,BABA,Alibaba Group Holding Limited,SKYY,Cloud Computing,2019-09-30,2019-11-19,77275310.7,462090,SEC EDGAR ETF_Holdings.csv; CMIN-US ticker resolution,resolved_by_cusip
2020-01-31,BAC,Bank of America Corporation,MOO,Agribusiness,2019-09-30,2019-11-20,134907,134907,SEC EDGAR ETF_Holdings.csv; CMIN-US ticker resolution,resolved_by_target_universe_name_match
2020-01-31,BAC,Bank of America Corporation,SMH,Semiconductor,2019-09-30,2019-11-19,4414392,4414392,SEC EDGAR ETF_Holdings.csv; CMIN-US ticker resolution,resolved_by_target_universe_name_match
2020-01-31,BAC,Bank of America Corporation,SMOG,Clean Energy,2019-09-30,2019-11-21,2089426,2089426,SEC EDGAR ETF_Holdings.csv; CMIN-US ticker resolution,resolved_by_target_universe_name_match
2020-01-31,CSCO,"Cisco Systems, Inc.",CIBR,Cybersecurity,2019-09-30,2019-11-19,63478015.2,1284720,SEC EDGAR ETF_Holdings.csv; CMIN-US ticker resolution,resolved_by_cusip
2020-01-31,CSCO,"Cisco Systems, Inc.",FDN,Internet,2019-09-30,2019-11-26,463304377.53,9376733,SEC EDGAR ETF_Holdings.csv; CMIN-US ticker resolution,resolved_by_cusip
2020-01-31,CSCO,"Cisco Systems, Inc.",GRID,Infrastructure,2019-09-30,2019-11-19,555714.27,11247,SEC EDGAR ETF_Holdings.csv; CMIN-US ticker resolution,resolved_by_cusip
2020-01-31,CSCO,"Cisco Systems, Inc.",HACK,Cybersecurity,2019-09-30,2019-11-22,54329852.52,1099572,SEC EDGAR ETF_Holdings.csv; CMIN-US ticker resolution,resolved_by_cusip
2020-01-31,CSCO,"Cisco Systems, Inc.",SKYY,Cloud Computing,2019-09-30,2019-11-19,68297565.42,1382262,SEC EDGAR ETF_Holdings.csv; CMIN-US ticker resolution,resolved_by_cusip
2020-01-31,D,"Dominion Energy, Inc.",NLR,Nuclear,2019-09-30,2019-11-21,1922836.08,23727,SEC EDGAR ETF_Holdings.csv; CMIN-US ticker resolution,resolved_by_cusip
2020-01-31,DE,Deere & Company,MOO,Agribusiness,2019-09-30,2019-11-20,50395005.48,298761,SEC EDGAR ETF_Holdings.csv; CMIN-US ticker resolution,resolved_by_cusip
2020-01-31,DE,Deere & Company,ROBO,Robotics,2019-10-31,2019-12-19,13035772.12,74858,SEC EDGAR ETF_Holdings.csv; CMIN-US ticker resolution,resolved_by_cusip
2020-01-31,DHR,Danaher Corporation,CGW,Water,2019-10-31,2019-12-30,34976373.06,253783,SEC EDGAR ETF_Holdings.csv; CMIN-US ticker resolution,resolved_by_cusip
2020-01-31,DHR,Danaher Corporation,IHI,Healthcare Innovation,2019-09-30,2019-11-25,337451018.19,2336433,SEC EDGAR ETF_Holdings.csv; CMIN-US ticker resolution,resolved_by_cusip
2020-01-31,DHR,Danaher Corporation,PHO,Water,2019-10-31,2019-12-30,77911162.02,565311,SEC EDGAR ETF_Holdings.csv; CMIN-US ticker resolution,resolved_by_cusip
2020-01-31,DHR,Danaher Corporation,PIO,Water,2019-10-31,2019-12-30,14433612.96,104728,SEC EDGAR ETF_Holdings.csv; CMIN-US ticker resolution,resolved_by_cusip
2020-01-31,DUK,Duke Energy Corporation,NLR,Nuclear,2019-09-30,2019-11-21,1887962.7,19695,SEC EDGAR ETF_Holdings.csv; CMIN-US ticker resolution,resolved_by_cusip
2020-01-31,ECL,Ecolab Inc.,PHO,Water,2019-10-31,2019-12-30,74780725.87,389341,SEC EDGAR ETF_Holdings.csv; CMIN-US ticker resolution,resolved_by_cusip
2020-01-31,ECL,Ecolab Inc.,PIO,Water,2019-10-31,2019-12-30,13853624.96,72128,SEC EDGAR ETF_Holdings.csv; CMIN-US ticker resolution,resolved_by_cusip
2020-01-31,EXC,Exelon Corporation,NLR,Nuclear,2019-09-30,2019-11-21,1614278.65,33415,SEC EDGAR ETF_Holdings.csv; CMIN-US ticker resolution,resolved_by_cusip
2020-01-31,FB,"Meta Platforms, Inc.",FDN,Internet,2019-09-30,2019-11-26,578746644,3249925,SEC EDGAR ETF_Holdings.csv; CMIN-US ticker resolution,resolved_by_cusip
2020-01-31,FB,"Meta Platforms, Inc.",PNQI,Internet,2019-10-31,2019-12-30,44449576.15,231931,SEC EDGAR ETF_Holdings.csv; CMIN-US ticker resolution,resolved_by_cusip
2020-01-31,GOOG,Alphabet Inc.,FDN,Internet,2019-09-30,2019-11-26,736642470.42,603773,SEC EDGAR ETF_Holdings.csv; CMIN-US ticker resolution,resolved_by_cusip
2020-01-31,GOOG,Alphabet Inc.,PNQI,Internet,2019-10-31,2019-12-30,45670166.73,36243,SEC EDGAR ETF_Holdings.csv; CMIN-US ticker resolution,resolved_by_cusip
2020-01-31,GOOG,Alphabet Inc.,SKYY,Cloud Computing,2019-09-30,2019-11-19,99550996.22,81523,SEC EDGAR ETF_Holdings.csv; CMIN-US ticker resolution,resolved_by_cusip
2020-01-31,HON,Honeywell International Inc.,GRID,Infrastructure,2019-09-30,2019-11-19,541101.6,3198,SEC EDGAR ETF_Holdings.csv; CMIN-US ticker resolution,resolved_by_cusip
2020-01-31,HON,Honeywell International Inc.,PPA,Defense,2019-10-31,2019-12-30,80494252.76,466012,SEC EDGAR ETF_Holdings.csv; CMIN-US ticker resolution,resolved_by_cusip
2020-01-31,JD,"JD.com, Inc.",PNQI,Internet,2019-10-31,2019-12-30,17132375.4,549996,SEC EDGAR ETF_Holdings.csv; CMIN-US ticker resolution,resolved_by_cusip
2020-01-31,MSFT,Microsoft Corporation,IGV,Cloud Computing,2019-09-30,2019-11-25,222770966.69,1602323,SEC EDGAR ETF_Holdings.csv; CMIN-US ticker resolution,resolved_by_cusip
2020-01-31,MSFT,Microsoft Corporation,SKYY,Cloud Computing,2019-09-30,2019-11-19,97879205.45,704015,SEC EDGAR ETF_Holdings.csv; CMIN-US ticker resolution,resolved_by_cusip
2020-01-31,NFLX,"Netflix, Inc.",FDN,Internet,2019-09-30,2019-11-26,355090258.9,1326845,SEC EDGAR ETF_Holdings.csv; CMIN-US ticker resolution,resolved_by_cusip
2020-01-31,NFLX,"Netflix, Inc.",PNQI,Internet,2019-10-31,2019-12-30,42131431.9,146590,SEC EDGAR ETF_Holdings.csv; CMIN-US ticker resolution,resolved_by_cusip
2020-01-31,NGG,National Grid plc,GRID,Infrastructure,2019-09-30,2019-11-19,168982.68,15584,SEC EDGAR ETF_Holdings.csv; CMIN-US ticker resolution,resolved_by_target_universe_name_match
2020-01-31,NVDA,NVIDIA Corporation,ARKG,Biotechnology,2019-04-30,2019-06-27,9452906,52226,SEC EDGAR ETF_Holdings.csv; CMIN-US ticker resolution,resolved_by_internal_name_propagation
2020-01-31,NVDA,NVIDIA Corporation,GRID,Infrastructure,2019-09-30,2019-11-19,474688.89,2727,SEC EDGAR ETF_Holdings.csv; CMIN-US ticker resolution,resolved_by_cusip
2020-01-31,NVDA,NVIDIA Corporation,PSI,Semiconductor,2019-10-31,2019-12-30,10413439.06,51803,SEC EDGAR ETF_Holdings.csv; CMIN-US ticker resolution,resolved_by_cusip
2020-01-31,NVDA,NVIDIA Corporation,ROBO,Robotics,2019-10-31,2019-12-19,21038753.2,104660,SEC EDGAR ETF_Holdings.csv; CMIN-US ticker resolution,resolved_by_cusip
2020-01-31,NVDA,NVIDIA Corporation,SMH,Semiconductor,2019-09-30,2019-11-19,72764045.12,418016,SEC EDGAR ETF_Holdings.csv; CMIN-US ticker resolution,resolved_by_cusip
2020-01-31,ORCL,Oracle Corporation,GRID,Infrastructure,2019-09-30,2019-11-19,556518.39,10113,SEC EDGAR ETF_Holdings.csv; CMIN-US ticker resolution,resolved_by_cusip
2020-01-31,ORCL,Oracle Corporation,IGV,Cloud Computing,2019-09-30,2019-11-25,225014313.17,4088939,SEC EDGAR ETF_Holdings.csv; CMIN-US ticker resolution,resolved_by_cusip
2020-01-31,ORCL,Oracle Corporation,SKYY,Cloud Computing,2019-09-30,2019-11-19,102592594.09,1864303,SEC EDGAR ETF_Holdings.csv; CMIN-US ticker resolution,resolved_by_cusip
2020-01-31,PYPL,"PayPal Holdings, Inc.",FDN,Internet,2019-09-30,2019-11-26,375834050.28,3628092,SEC EDGAR ETF_Holdings.csv; CMIN-US ticker resolution,resolved_by_cusip
2020-01-31,SNAP,Snap Inc.,FDN,Internet,2019-09-30,2019-11-26,172286739.2,10904224,SEC EDGAR ETF_Holdings.csv; CMIN-US ticker resolution,resolved_by_cusip
2020-01-31,SNAP,Snap Inc.,IGV,Cloud Computing,2019-09-30,2019-11-25,29224770.2,1849669,SEC EDGAR ETF_Holdings.csv; CMIN-US ticker resolution,resolved_by_cusip
2020-01-31,SNAP,Snap Inc.,PNQI,Internet,2019-10-31,2019-12-30,9898787.4,657290,SEC EDGAR ETF_Holdings.csv; CMIN-US ticker resolution,resolved_by_cusip
2020-01-31,TMO,Thermo Fisher Scientific Inc.,IHI,Healthcare Innovation,2019-09-30,2019-11-25,451191502.23,1549049,SEC EDGAR ETF_Holdings.csv; CMIN-US ticker resolution,resolved_by_cusip
2020-01-31,TSLA,"Tesla, Inc.",GRID,Infrastructure,2019-09-30,2019-11-19,141149.82,586,SEC EDGAR ETF_Holdings.csv; CMIN-US ticker resolution,resolved_by_cusip
2020-01-31,TSLA,"Tesla, Inc.",LIT,Battery,2019-10-31,2019-12-26,32625712,103600,SEC EDGAR ETF_Holdings.csv; CMIN-US ticker resolution,resolved_by_cusip
2020-01-31,TSLA,"Tesla, Inc.",PBD,Clean Energy,2019-10-31,2019-12-30,645586,2050,SEC EDGAR ETF_Holdings.csv; CMIN-US ticker resolution,resolved_by_cusip
2020-01-31,TSLA,"Tesla, Inc.",PBW,Clean Energy,2019-10-31,2019-12-30,6621822.84,21027,SEC EDGAR ETF_Holdings.csv; CMIN-US ticker resolution,resolved_by_cusip
2020-01-31,TSLA,"Tesla, Inc.",QCLN,Clean Energy,2019-09-30,2019-11-26,9562298.13,39699,SEC EDGAR ETF_Holdings.csv; CMIN-US ticker resolution,resolved_by_cusip
2020-01-31,TSLA,"Tesla, Inc.",SMOG,Clean Energy,2019-09-30,2019-11-21,8022175.35,33305,SEC EDGAR ETF_Holdings.csv; CMIN-US ticker resolution,resolved_by_cusip
2020-02-29,AAPL,Apple Inc.,ARKG,Biotechnology,2019-04-30,2019-06-27,6937563,34572,SEC EDGAR ETF_Holdings.csv; CMIN-US ticker resolution,resolved_by_internal_name_propagation
2020-02-29,ABBV,AbbVie Inc.,XBI,Biotechnology,2019-12-31,2020-02-27,73130144.24,825956,SEC EDGAR ETF_Holdings.csv; CMIN-US ticker resolution,resolved_by_cusip
2020-02-29,ABT,Abbott Laboratories,IHI,Healthcare Innovation,2019-12-31,2020-02-27,631200328.2,7266870,SEC EDGAR ETF_Holdings.csv; CMIN-US ticker resolution,resolved_by_cusip
2020-02-29,ADBE,Adobe Inc.,IGV,Cloud Computing,2019-12-31,2020-02-27,252316523.16,765036,SEC EDGAR ETF_Holdings.csv; CMIN-US ticker resolution,resolved_by_cusip
2020-02-29,ADBE,Adobe Inc.,SKYY,Cloud Computing,2019-12-31,2020-02-26,52567426.47,159387,SEC EDGAR ETF_Holdings.csv; CMIN-US ticker resolution,resolved_by_cusip
2020-02-29,AMZN,"Amazon.com, Inc.",FDN,Internet,2019-12-31,2020-02-25,698043734.08,377762,SEC EDGAR ETF_Holdings.csv; CMIN-US ticker resolution,resolved_by_cusip
2020-02-29,AMZN,"Amazon.com, Inc.",PNQI,Internet,2019-10-31,2019-12-30,43068015.06,24241,SEC EDGAR ETF_Holdings.csv; CMIN-US ticker resolution,resolved_by_cusip
2020-02-29,AMZN,"Amazon.com, Inc.",SKYY,Cloud Computing,2019-12-31,2020-02-26,101245001.44,54791,SEC EDGAR ETF_Holdings.csv; CMIN-US ticker resolution,resolved_by_cusip
2020-02-29,APD,"Air Products and Chemicals, Inc.",PBW,Clean Energy,2019-10-31,2019-12-30,4540945.18,21293,SEC EDGAR ETF_Holdings.csv; CMIN-US ticker resolution,resolved_by_cusip
2020-02-29,AVGO,Broadcom Inc.,CIBR,Cybersecurity,2019-12-31,2020-02-26,73649093.04,233052,SEC EDGAR ETF_Holdings.csv; CMIN-US ticker resolution,resolved_by_cusip
2020-02-29,AVGO,Broadcom Inc.,PSI,Semiconductor,2019-10-31,2019-12-30,8940710.5,30530,SEC EDGAR ETF_Holdings.csv; CMIN-US ticker resolution,resolved_by_cusip
2020-02-29,AVGO,Broadcom Inc.,SMH,Semiconductor,2019-12-31,2020-02-25,69991161.54,221477,SEC EDGAR ETF_Holdings.csv; CMIN-US ticker resolution,resolved_by_cusip
2020-02-29,BABA,Alibaba Group Holding Limited,PNQI,Internet,2019-10-31,2019-12-30,43465590.09,246027,SEC EDGAR ETF_Holdings.csv; CMIN-US ticker resolution,resolved_by_cusip
2020-02-29,BABA,Alibaba Group Holding Limited,SKYY,Cloud Computing,2019-12-31,2020-02-26,87199612.5,411125,SEC EDGAR ETF_Holdings.csv; CMIN-US ticker resolution,resolved_by_cusip
2020-02-29,CSCO,"Cisco Systems, Inc.",CIBR,Cybersecurity,2019-12-31,2020-02-26,78001568.48,1626388,SEC EDGAR ETF_Holdings.csv; CMIN-US ticker resolution,resolved_by_cusip
2020-02-29,CSCO,"Cisco Systems, Inc.",FDN,Internet,2019-12-31,2020-02-25,444618119.88,9270603,SEC EDGAR ETF_Holdings.csv; CMIN-US ticker resolution,resolved_by_cusip
2020-02-29,CSCO,"Cisco Systems, Inc.",GRID,Infrastructure,2019-12-31,2020-02-26,664629.68,13858,SEC EDGAR ETF_Holdings.csv; CMIN-US ticker resolution,resolved_by_cusip
2020-02-29,CSCO,"Cisco Systems, Inc.",HACK,Cybersecurity,2019-12-31,2020-02-28,62291551.08,1298823,SEC EDGAR ETF_Holdings.csv; CMIN-US ticker resolution,resolved_by_cusip
2020-02-29,CSCO,"Cisco Systems, Inc.",SKYY,Cloud Computing,2019-12-31,2020-02-26,69626985.12,1451772,SEC EDGAR ETF_Holdings.csv; CMIN-US ticker resolution,resolved_by_cusip
2020-02-29,D,"Dominion Energy, Inc.",NLR,Nuclear,2019-12-31,2020-02-18,1839349.38,22209,SEC EDGAR ETF_Holdings.csv; CMIN-US ticker resolution,resolved_by_cusip
2020-02-29,DE,Deere & Company,MOO,Agribusiness,2019-12-31,2020-02-20,49187820.96,283896,SEC EDGAR ETF_Holdings.csv; CMIN-US ticker resolution,resolved_by_cusip
2020-02-29,DE,Deere & Company,ROBO,Robotics,2019-10-31,2019-12-19,13035772.12,74858,SEC EDGAR ETF_Holdings.csv; CMIN-US ticker resolution,resolved_by_cusip
2020-02-29,DHR,Danaher Corporation,CGW,Water,2019-10-31,2019-12-30,34976373.06,253783,SEC EDGAR ETF_Holdings.csv; CMIN-US ticker resolution,resolved_by_cusip
2020-02-29,DHR,Danaher Corporation,IHI,Healthcare Innovation,2019-12-31,2020-02-27,375116477.52,2444074,SEC EDGAR ETF_Holdings.csv; CMIN-US ticker resolution,resolved_by_cusip
2020-02-29,DHR,Danaher Corporation,PHO,Water,2019-10-31,2019-12-30,77911162.02,565311,SEC EDGAR ETF_Holdings.csv; CMIN-US ticker resolution,resolved_by_cusip
2020-02-29,DHR,Danaher Corporation,PIO,Water,2019-10-31,2019-12-30,14433612.96,104728,SEC EDGAR ETF_Holdings.csv; CMIN-US ticker resolution,resolved_by_cusip
2020-02-29,DUK,Duke Energy Corporation,NLR,Nuclear,2019-12-31,2020-02-18,1841347.48,20188,SEC EDGAR ETF_Holdings.csv; CMIN-US ticker resolution,resolved_by_cusip
2020-02-29,ECL,Ecolab Inc.,PHO,Water,2019-10-31,2019-12-30,74780725.87,389341,SEC EDGAR ETF_Holdings.csv; CMIN-US ticker resolution,resolved_by_cusip
2020-02-29,ECL,Ecolab Inc.,PIO,Water,2019-10-31,2019-12-30,13853624.96,72128,SEC EDGAR ETF_Holdings.csv; CMIN-US ticker resolution,resolved_by_cusip
2020-02-29,EXC,Exelon Corporation,NLR,Nuclear,2019-12-31,2020-02-18,1621773.07,35573,SEC EDGAR ETF_Holdings.csv; CMIN-US ticker resolution,resolved_by_cusip
2020-02-29,FB,"Meta Platforms, Inc.",FDN,Internet,2019-12-31,2020-02-25,571984747.75,2786771,SEC EDGAR ETF_Holdings.csv; CMIN-US ticker resolution,resolved_by_cusip
2020-02-29,FB,"Meta Platforms, Inc.",PNQI,Internet,2019-10-31,2019-12-30,44449576.15,231931,SEC EDGAR ETF_Holdings.csv; CMIN-US ticker resolution,resolved_by_cusip
2020-02-29,GOOG,Alphabet Inc.,FDN,Internet,2019-12-31,2020-02-25,686309891.18,512858,SEC EDGAR ETF_Holdings.csv; CMIN-US ticker resolution,resolved_by_cusip
2020-02-29,GOOG,Alphabet Inc.,PNQI,Internet,2019-10-31,2019-12-30,45670166.73,36243,SEC EDGAR ETF_Holdings.csv; CMIN-US ticker resolution,resolved_by_cusip
2020-02-29,GOOG,Alphabet Inc.,SKYY,Cloud Computing,2019-12-31,2020-02-26,101340926.18,75662,SEC EDGAR ETF_Holdings.csv; CMIN-US ticker resolution,resolved_by_cusip
2020-02-29,HON,Honeywell International Inc.,GRID,Infrastructure,2019-12-31,2020-02-26,622509,3517,SEC EDGAR ETF_Holdings.csv; CMIN-US ticker resolution,resolved_by_cusip
2020-02-29,HON,Honeywell International Inc.,PPA,Defense,2019-10-31,2019-12-30,80494252.76,466012,SEC EDGAR ETF_Holdings.csv; CMIN-US ticker resolution,resolved_by_cusip
2020-02-29,JD,"JD.com, Inc.",PNQI,Internet,2019-10-31,2019-12-30,17132375.4,549996,SEC EDGAR ETF_Holdings.csv; CMIN-US ticker resolution,resolved_by_cusip
2020-02-29,MSFT,Microsoft Corporation,IGV,Cloud Computing,2019-12-31,2020-02-27,240870191.5,1527395,SEC EDGAR ETF_Holdings.csv; CMIN-US ticker resolution,resolved_by_cusip
2020-02-29,MSFT,Microsoft Corporation,SKYY,Cloud Computing,2019-12-31,2020-02-26,102789017.7,651801,SEC EDGAR ETF_Holdings.csv; CMIN-US ticker resolution,resolved_by_cusip
2020-02-29,NFLX,"Netflix, Inc.",FDN,Internet,2019-12-31,2020-02-25,383252810.07,1184451,SEC EDGAR ETF_Holdings.csv; CMIN-US ticker resolution,resolved_by_cusip
2020-02-29,NFLX,"Netflix, Inc.",PNQI,Internet,2019-10-31,2019-12-30,42131431.9,146590,SEC EDGAR ETF_Holdings.csv; CMIN-US ticker resolution,resolved_by_cusip
2020-02-29,NGG,National Grid plc,GRID,Infrastructure,2019-12-31,2020-02-26,202984.34,16228,SEC EDGAR ETF_Holdings.csv; CMIN-US ticker resolution,resolved_by_target_universe_name_match
2020-02-29,NVDA,NVIDIA Corporation,ARKG,Biotechnology,2019-04-30,2019-06-27,9452906,52226,SEC EDGAR ETF_Holdings.csv; CMIN-US ticker resolution,resolved_by_internal_name_propagation
2020-02-29,NVDA,NVIDIA Corporation,GRID,Infrastructure,2019-12-31,2020-02-26,671310.9,2853,SEC EDGAR ETF_Holdings.csv; CMIN-US ticker resolution,resolved_by_cusip
2020-02-29,NVDA,NVIDIA Corporation,PSI,Semiconductor,2019-10-31,2019-12-30,10413439.06,51803,SEC EDGAR ETF_Holdings.csv; CMIN-US ticker resolution,resolved_by_cusip
2020-02-29,NVDA,NVIDIA Corporation,ROBO,Robotics,2019-10-31,2019-12-19,21038753.2,104660,SEC EDGAR ETF_Holdings.csv; CMIN-US ticker resolution,resolved_by_cusip
2020-02-29,NVDA,NVIDIA Corporation,SMH,Semiconductor,2019-12-31,2020-02-25,89919424.4,382148,SEC EDGAR ETF_Holdings.csv; CMIN-US ticker resolution,resolved_by_cusip
2020-02-29,ORCL,Oracle Corporation,GRID,Infrastructure,2019-12-31,2020-02-26,566674.08,10696,SEC EDGAR ETF_Holdings.csv; CMIN-US ticker resolution,resolved_by_cusip
2020-02-29,ORCL,Oracle Corporation,IGV,Cloud Computing,2019-12-31,2020-02-27,219648298.56,4145872,SEC EDGAR ETF_Holdings.csv; CMIN-US ticker resolution,resolved_by_cusip
2020-02-29,ORCL,Oracle Corporation,SKYY,Cloud Computing,2019-12-31,2020-02-26,93115899.66,1757567,SEC EDGAR ETF_Holdings.csv; CMIN-US ticker resolution,resolved_by_cusip
2020-02-29,PYPL,"PayPal Holdings, Inc.",FDN,Internet,2019-12-31,2020-02-25,354267999.68,3275104,SEC EDGAR ETF_Holdings.csv; CMIN-US ticker resolution,resolved_by_cusip
2020-02-29,SNAP,Snap Inc.,FDN,Internet,2019-12-31,2020-02-25,178572354.89,10935233,SEC EDGAR ETF_Holdings.csv; CMIN-US ticker resolution,resolved_by_cusip
2020-02-29,SNAP,Snap Inc.,IGV,Cloud Computing,2019-12-31,2020-02-27,30324924.31,1857007,SEC EDGAR ETF_Holdings.csv; CMIN-US ticker resolution,resolved_by_cusip
2020-02-29,SNAP,Snap Inc.,PNQI,Internet,2019-10-31,2019-12-30,9898787.4,657290,SEC EDGAR ETF_Holdings.csv; CMIN-US ticker resolution,resolved_by_cusip
2020-02-29,TMO,Thermo Fisher Scientific Inc.,IHI,Healthcare Innovation,2019-12-31,2020-02-27,535620641.01,1648723,SEC EDGAR ETF_Holdings.csv; CMIN-US ticker resolution,resolved_by_cusip
2020-02-29,TSLA,"Tesla, Inc.",GRID,Infrastructure,2019-12-31,2020-02-26,256854.62,614,SEC EDGAR ETF_Holdings.csv; CMIN-US ticker resolution,resolved_by_cusip
2020-02-29,TSLA,"Tesla, Inc.",LIT,Battery,2019-10-31,2019-12-26,32625712,103600,SEC EDGAR ETF_Holdings.csv; CMIN-US ticker resolution,resolved_by_cusip
2020-02-29,TSLA,"Tesla, Inc.",PBD,Clean Energy,2019-10-31,2019-12-30,645586,2050,SEC EDGAR ETF_Holdings.csv; CMIN-US ticker resolution,resolved_by_cusip
2020-02-29,TSLA,"Tesla, Inc.",PBW,Clean Energy,2019-10-31,2019-12-30,6621822.84,21027,SEC EDGAR ETF_Holdings.csv; CMIN-US ticker resolution,resolved_by_cusip
2020-02-29,TSLA,"Tesla, Inc.",QCLN,Clean Energy,2019-12-31,2020-02-25,13471480.99,32203,SEC EDGAR ETF_Holdings.csv; CMIN-US ticker resolution,resolved_by_cusip
2020-02-29,TSLA,"Tesla, Inc.",SMOG,Clean Energy,2019-12-31,2020-02-18,9921950.94,23718,SEC EDGAR ETF_Holdings.csv; CMIN-US ticker resolution,resolved_by_cusip
2020-03-31,AAPL,Apple Inc.,ARKG,Biotechnology,2019-04-30,2019-06-27,6937563,34572,SEC EDGAR ETF_Holdings.csv; CMIN-US ticker resolution,resolved_by_internal_name_propagation
2020-03-31,ABBV,AbbVie Inc.,PBE,Biotechnology,2020-01-31,2020-03-31,10404831.46,128423,SEC EDGAR ETF_Holdings.csv; CMIN-US ticker resolution,resolved_by_cusip
2020-03-31,ABBV,AbbVie Inc.,XBI,Biotechnology,2019-12-31,2020-02-27,73130144.24,825956,SEC EDGAR ETF_Holdings.csv; CMIN-US ticker resolution,resolved_by_cusip
2020-03-31,ABT,Abbott Laboratories,IHI,Healthcare Innovation,2019-12-31,2020-02-27,631200328.2,7266870,SEC EDGAR ETF_Holdings.csv; CMIN-US ticker resolution,resolved_by_cusip
2020-03-31,ABT,Abbott Laboratories,PBE,Biotechnology,2020-01-31,2020-03-31,11572017.72,132798,SEC EDGAR ETF_Holdings.csv; CMIN-US ticker resolution,resolved_by_cusip
2020-03-31,ADBE,Adobe Inc.,IGV,Cloud Computing,2019-12-31,2020-02-27,252316523.16,765036,SEC EDGAR ETF_Holdings.csv; CMIN-US ticker resolution,resolved_by_cusip
2020-03-31,ADBE,Adobe Inc.,SKYY,Cloud Computing,2019-12-31,2020-02-26,52567426.47,159387,SEC EDGAR ETF_Holdings.csv; CMIN-US ticker resolution,resolved_by_cusip
2020-03-31,AMZN,"Amazon.com, Inc.",FDN,Internet,2019-12-31,2020-02-25,698043734.08,377762,SEC EDGAR ETF_Holdings.csv; CMIN-US ticker resolution,resolved_by_cusip
2020-03-31,AMZN,"Amazon.com, Inc.",PNQI,Internet,2020-01-31,2020-03-31,44298302.16,22053,SEC EDGAR ETF_Holdings.csv; CMIN-US ticker resolution,resolved_by_cusip
2020-03-31,AMZN,"Amazon.com, Inc.",SKYY,Cloud Computing,2019-12-31,2020-02-26,101245001.44,54791,SEC EDGAR ETF_Holdings.csv; CMIN-US ticker resolution,resolved_by_cusip
2020-03-31,APD,"Air Products and Chemicals, Inc.",PBW,Clean Energy,2020-01-31,2020-03-31,6506041.05,27255,SEC EDGAR ETF_Holdings.csv; CMIN-US ticker resolution,resolved_by_cusip
2020-03-31,AVGO,Broadcom Inc.,CIBR,Cybersecurity,2019-12-31,2020-02-26,73649093.04,233052,SEC EDGAR ETF_Holdings.csv; CMIN-US ticker resolution,resolved_by_cusip
2020-03-31,AVGO,Broadcom Inc.,PSI,Semiconductor,2020-01-31,2020-03-31,11308314.12,37057,SEC EDGAR ETF_Holdings.csv; CMIN-US ticker resolution,resolved_by_cusip
2020-03-31,AVGO,Broadcom Inc.,SMH,Semiconductor,2019-12-31,2020-02-25,69991161.54,221477,SEC EDGAR ETF_Holdings.csv; CMIN-US ticker resolution,resolved_by_cusip
2020-03-31,BABA,Alibaba Group Holding Limited,PNQI,Internet,2020-01-31,2020-03-31,41019064.27,198553,SEC EDGAR ETF_Holdings.csv; CMIN-US ticker resolution,resolved_by_cusip
2020-03-31,BABA,Alibaba Group Holding Limited,SKYY,Cloud Computing,2019-12-31,2020-02-26,87199612.5,411125,SEC EDGAR ETF_Holdings.csv; CMIN-US ticker resolution,resolved_by_cusip
2020-03-31,CSCO,"Cisco Systems, Inc.",CIBR,Cybersecurity,2019-12-31,2020-02-26,78001568.48,1626388,SEC EDGAR ETF_Holdings.csv; CMIN-US ticker resolution,resolved_by_cusip
2020-03-31,CSCO,"Cisco Systems, Inc.",FDN,Internet,2019-12-31,2020-02-25,444618119.88,9270603,SEC EDGAR ETF_Holdings.csv; CMIN-US ticker resolution,resolved_by_cusip
2020-03-31,CSCO,"Cisco Systems, Inc.",GRID,Infrastructure,2019-12-31,2020-02-26,664629.68,13858,SEC EDGAR ETF_Holdings.csv; CMIN-US ticker resolution,resolved_by_cusip
2020-03-31,CSCO,"Cisco Systems, Inc.",HACK,Cybersecurity,2019-12-31,2020-02-28,62291551.08,1298823,SEC EDGAR ETF_Holdings.csv; CMIN-US ticker resolution,resolved_by_cusip
2020-03-31,CSCO,"Cisco Systems, Inc.",SKYY,Cloud Computing,2019-12-31,2020-02-26,69626985.12,1451772,SEC EDGAR ETF_Holdings.csv; CMIN-US ticker resolution,resolved_by_cusip
2020-03-31,D,"Dominion Energy, Inc.",NLR,Nuclear,2019-12-31,2020-02-18,1839349.38,22209,SEC EDGAR ETF_Holdings.csv; CMIN-US ticker resolution,resolved_by_cusip
2020-03-31,DE,Deere & Company,MOO,Agribusiness,2019-12-31,2020-02-20,49187820.96,283896,SEC EDGAR ETF_Holdings.csv; CMIN-US ticker resolution,resolved_by_cusip
2020-03-31,DE,Deere & Company,ROBO,Robotics,2020-01-31,2020-03-31,11717159.04,73888,SEC EDGAR ETF_Holdings.csv; CMIN-US ticker resolution,resolved_by_cusip
2020-03-31,DHR,Danaher Corporation,CGW,Water,2020-01-31,2020-03-31,37897271.99,235577,SEC EDGAR ETF_Holdings.csv; CMIN-US ticker resolution,resolved_by_cusip
2020-03-31,DHR,Danaher Corporation,IHI,Healthcare Innovation,2019-12-31,2020-02-27,375116477.52,2444074,SEC EDGAR ETF_Holdings.csv; CMIN-US ticker resolution,resolved_by_cusip
2020-03-31,DHR,Danaher Corporation,PHO,Water,2020-01-31,2020-03-31,97557681.06,606438,SEC EDGAR ETF_Holdings.csv; CMIN-US ticker resolution,resolved_by_cusip
2020-03-31,DHR,Danaher Corporation,PIO,Water,2020-01-31,2020-03-31,17073133.1,106130,SEC EDGAR ETF_Holdings.csv; CMIN-US ticker resolution,resolved_by_cusip
2020-03-31,DUK,Duke Energy Corporation,NLR,Nuclear,2019-12-31,2020-02-18,1841347.48,20188,SEC EDGAR ETF_Holdings.csv; CMIN-US ticker resolution,resolved_by_cusip
2020-03-31,ECL,Ecolab Inc.,PHO,Water,2020-01-31,2020-03-31,93003402.51,474241,SEC EDGAR ETF_Holdings.csv; CMIN-US ticker resolution,resolved_by_cusip
2020-03-31,ECL,Ecolab Inc.,PIO,Water,2020-01-31,2020-03-31,16276345.56,82996,SEC EDGAR ETF_Holdings.csv; CMIN-US ticker resolution,resolved_by_cusip
2020-03-31,EXC,Exelon Corporation,NLR,Nuclear,2019-12-31,2020-02-18,1621773.07,35573,SEC EDGAR ETF_Holdings.csv; CMIN-US ticker resolution,resolved_by_cusip
2020-03-31,FB,"Meta Platforms, Inc.",FDN,Internet,2019-12-31,2020-02-25,571984747.75,2786771,SEC EDGAR ETF_Holdings.csv; CMIN-US ticker resolution,resolved_by_cusip
2020-03-31,FB,"Meta Platforms, Inc.",PNQI,Internet,2020-01-31,2020-03-31,39764357.31,196941,SEC EDGAR ETF_Holdings.csv; CMIN-US ticker resolution,resolved_by_cusip
2020-03-31,GOOG,Alphabet Inc.,FDN,Internet,2019-12-31,2020-02-25,686309891.18,512858,SEC EDGAR ETF_Holdings.csv; CMIN-US ticker resolution,resolved_by_cusip
2020-03-31,GOOG,Alphabet Inc.,PNQI,Internet,2020-01-31,2020-03-31,43643618.9,30430,SEC EDGAR ETF_Holdings.csv; CMIN-US ticker resolution,resolved_by_cusip
2020-03-31,GOOG,Alphabet Inc.,SKYY,Cloud Computing,2019-12-31,2020-02-26,101340926.18,75662,SEC EDGAR ETF_Holdings.csv; CMIN-US ticker resolution,resolved_by_cusip
2020-03-31,HON,Honeywell International Inc.,GRID,Infrastructure,2019-12-31,2020-02-26,622509,3517,SEC EDGAR ETF_Holdings.csv; CMIN-US ticker resolution,resolved_by_cusip
2020-03-31,HON,Honeywell International Inc.,PPA,Defense,2020-01-31,2020-03-31,81439383,470150,SEC EDGAR ETF_Holdings.csv; CMIN-US ticker resolution,resolved_by_cusip
2020-03-31,JD,"JD.com, Inc.",PNQI,Internet,2020-01-31,2020-03-31,19446306.26,515954,SEC EDGAR ETF_Holdings.csv; CMIN-US ticker resolution,resolved_by_cusip
2020-03-31,JNJ,Johnson & Johnson,PBE,Biotechnology,2020-01-31,2020-03-31,12259295.63,82349,SEC EDGAR ETF_Holdings.csv; CMIN-US ticker resolution,resolved_by_cusip
2020-03-31,MSFT,Microsoft Corporation,IGV,Cloud Computing,2019-12-31,2020-02-27,240870191.5,1527395,SEC EDGAR ETF_Holdings.csv; CMIN-US ticker resolution,resolved_by_cusip
2020-03-31,MSFT,Microsoft Corporation,SKYY,Cloud Computing,2019-12-31,2020-02-26,102789017.7,651801,SEC EDGAR ETF_Holdings.csv; CMIN-US ticker resolution,resolved_by_cusip
2020-03-31,NFLX,"Netflix, Inc.",FDN,Internet,2019-12-31,2020-02-25,383252810.07,1184451,SEC EDGAR ETF_Holdings.csv; CMIN-US ticker resolution,resolved_by_cusip
2020-03-31,NFLX,"Netflix, Inc.",PNQI,Internet,2020-01-31,2020-03-31,43551393.27,126203,SEC EDGAR ETF_Holdings.csv; CMIN-US ticker resolution,resolved_by_cusip
2020-03-31,NGG,National Grid plc,GRID,Infrastructure,2019-12-31,2020-02-26,202984.34,16228,SEC EDGAR ETF_Holdings.csv; CMIN-US ticker resolution,resolved_by_target_universe_name_match
2020-03-31,NVDA,NVIDIA Corporation,ARKG,Biotechnology,2019-04-30,2019-06-27,9452906,52226,SEC EDGAR ETF_Holdings.csv; CMIN-US ticker resolution,resolved_by_internal_name_propagation
2020-03-31,NVDA,NVIDIA Corporation,GRID,Infrastructure,2019-12-31,2020-02-26,671310.9,2853,SEC EDGAR ETF_Holdings.csv; CMIN-US ticker resolution,resolved_by_cusip
2020-03-31,NVDA,NVIDIA Corporation,PSI,Semiconductor,2020-01-31,2020-03-31,12784479.39,54073,SEC EDGAR ETF_Holdings.csv; CMIN-US ticker resolution,resolved_by_cusip
2020-03-31,NVDA,NVIDIA Corporation,ROBO,Robotics,2020-01-31,2020-03-31,22929927.12,96984,SEC EDGAR ETF_Holdings.csv; CMIN-US ticker resolution,resolved_by_cusip
2020-03-31,NVDA,NVIDIA Corporation,SMH,Semiconductor,2019-12-31,2020-02-25,89919424.4,382148,SEC EDGAR ETF_Holdings.csv; CMIN-US ticker resolution,resolved_by_cusip
2020-03-31,ORCL,Oracle Corporation,GRID,Infrastructure,2019-12-31,2020-02-26,566674.08,10696,SEC EDGAR ETF_Holdings.csv; CMIN-US ticker resolution,resolved_by_cusip
2020-03-31,ORCL,Oracle Corporation,IGV,Cloud Computing,2019-12-31,2020-02-27,219648298.56,4145872,SEC EDGAR ETF_Holdings.csv; CMIN-US ticker resolution,resolved_by_cusip
2020-03-31,ORCL,Oracle Corporation,SKYY,Cloud Computing,2019-12-31,2020-02-26,93115899.66,1757567,SEC EDGAR ETF_Holdings.csv; CMIN-US ticker resolution,resolved_by_cusip
2020-03-31,PFE,Pfizer Inc.,PBE,Biotechnology,2020-01-31,2020-03-31,10935414.28,293647,SEC EDGAR ETF_Holdings.csv; CMIN-US ticker resolution,resolved_by_cusip
2020-03-31,PYPL,"PayPal Holdings, Inc.",FDN,Internet,2019-12-31,2020-02-25,354267999.68,3275104,SEC EDGAR ETF_Holdings.csv; CMIN-US ticker resolution,resolved_by_cusip
2020-03-31,SNAP,Snap Inc.,FDN,Internet,2019-12-31,2020-02-25,178572354.89,10935233,SEC EDGAR ETF_Holdings.csv; CMIN-US ticker resolution,resolved_by_cusip
2020-03-31,SNAP,Snap Inc.,IGV,Cloud Computing,2019-12-31,2020-02-27,30324924.31,1857007,SEC EDGAR ETF_Holdings.csv; CMIN-US ticker resolution,resolved_by_cusip
2020-03-31,SNAP,Snap Inc.,PNQI,Internet,2020-01-31,2020-03-31,11646321.58,633641,SEC EDGAR ETF_Holdings.csv; CMIN-US ticker resolution,resolved_by_cusip
2020-03-31,TMO,Thermo Fisher Scientific Inc.,IHI,Healthcare Innovation,2019-12-31,2020-02-27,535620641.01,1648723,SEC EDGAR ETF_Holdings.csv; CMIN-US ticker resolution,resolved_by_cusip
2020-03-31,TSLA,"Tesla, Inc.",GRID,Infrastructure,2019-12-31,2020-02-26,256854.62,614,SEC EDGAR ETF_Holdings.csv; CMIN-US ticker resolution,resolved_by_cusip
2020-03-31,TSLA,"Tesla, Inc.",LIT,Battery,2020-01-31,2020-03-30,53991454.87,82991,SEC EDGAR ETF_Holdings.csv; CMIN-US ticker resolution,resolved_by_cusip
2020-03-31,TSLA,"Tesla, Inc.",PBD,Clean Energy,2020-01-31,2020-03-31,974553.86,1498,SEC EDGAR ETF_Holdings.csv; CMIN-US ticker resolution,resolved_by_cusip
2020-03-31,TSLA,"Tesla, Inc.",PBW,Clean Energy,2020-01-31,2020-03-31,10271849.73,15789,SEC EDGAR ETF_Holdings.csv; CMIN-US ticker resolution,resolved_by_cusip
2020-03-31,TSLA,"Tesla, Inc.",QCLN,Clean Energy,2019-12-31,2020-02-25,13471480.99,32203,SEC EDGAR ETF_Holdings.csv; CMIN-US ticker resolution,resolved_by_cusip
2020-03-31,TSLA,"Tesla, Inc.",SMOG,Clean Energy,2019-12-31,2020-02-18,9921950.94,23718,SEC EDGAR ETF_Holdings.csv; CMIN-US ticker resolution,resolved_by_cusip
2020-04-30,AAPL,Apple Inc.,ARKG,Biotechnology,2019-04-30,2019-06-27,6937563,34572,SEC EDGAR ETF_Holdings.csv; CMIN-US ticker resolution,resolved_by_internal_name_propagation
2020-04-30,ABBV,AbbVie Inc.,PBE,Biotechnology,2020-01-31,2020-03-31,10404831.46,128423,SEC EDGAR ETF_Holdings.csv; CMIN-US ticker resolution,resolved_by_cusip
2020-04-30,ABBV,AbbVie Inc.,XBI,Biotechnology,2019-12-31,2020-02-27,73130144.24,825956,SEC EDGAR ETF_Holdings.csv; CMIN-US ticker resolution,resolved_by_cusip
2020-04-30,ABT,Abbott Laboratories,IHI,Healthcare Innovation,2019-12-31,2020-02-27,631200328.2,7266870,SEC EDGAR ETF_Holdings.csv; CMIN-US ticker resolution,resolved_by_cusip
2020-04-30,ABT,Abbott Laboratories,PBE,Biotechnology,2020-01-31,2020-03-31,11572017.72,132798,SEC EDGAR ETF_Holdings.csv; CMIN-US ticker resolution,resolved_by_cusip
2020-04-30,ADBE,Adobe Inc.,IGV,Cloud Computing,2019-12-31,2020-02-27,252316523.16,765036,SEC EDGAR ETF_Holdings.csv; CMIN-US ticker resolution,resolved_by_cusip
2020-04-30,ADBE,Adobe Inc.,SKYY,Cloud Computing,2019-12-31,2020-02-26,52567426.47,159387,SEC EDGAR ETF_Holdings.csv; CMIN-US ticker resolution,resolved_by_cusip
2020-04-30,AMZN,"Amazon.com, Inc.",FDN,Internet,2019-12-31,2020-02-25,698043734.08,377762,SEC EDGAR ETF_Holdings.csv; CMIN-US ticker resolution,resolved_by_cusip
2020-04-30,AMZN,"Amazon.com, Inc.",PNQI,Internet,2020-01-31,2020-03-31,44298302.16,22053,SEC EDGAR ETF_Holdings.csv; CMIN-US ticker resolution,resolved_by_cusip
2020-04-30,AMZN,"Amazon.com, Inc.",SKYY,Cloud Computing,2019-12-31,2020-02-26,101245001.44,54791,SEC EDGAR ETF_Holdings.csv; CMIN-US ticker resolution,resolved_by_cusip
2020-04-30,APD,"Air Products and Chemicals, Inc.",PBW,Clean Energy,2020-01-31,2020-03-31,6506041.05,27255,SEC EDGAR ETF_Holdings.csv; CMIN-US ticker resolution,resolved_by_cusip
2020-04-30,AVGO,Broadcom Inc.,CIBR,Cybersecurity,2019-12-31,2020-02-26,73649093.04,233052,SEC EDGAR ETF_Holdings.csv; CMIN-US ticker resolution,resolved_by_cusip
2020-04-30,AVGO,Broadcom Inc.,PSI,Semiconductor,2020-01-31,2020-03-31,11308314.12,37057,SEC EDGAR ETF_Holdings.csv; CMIN-US ticker resolution,resolved_by_cusip
2020-04-30,AVGO,Broadcom Inc.,SMH,Semiconductor,2019-12-31,2020-02-25,69991161.54,221477,SEC EDGAR ETF_Holdings.csv; CMIN-US ticker resolution,resolved_by_cusip
2020-04-30,BABA,Alibaba Group Holding Limited,PNQI,Internet,2020-01-31,2020-03-31,41019064.27,198553,SEC EDGAR ETF_Holdings.csv; CMIN-US ticker resolution,resolved_by_cusip
2020-04-30,BABA,Alibaba Group Holding Limited,SKYY,Cloud Computing,2019-12-31,2020-02-26,87199612.5,411125,SEC EDGAR ETF_Holdings.csv; CMIN-US ticker resolution,resolved_by_cusip
2020-04-30,CSCO,"Cisco Systems, Inc.",CIBR,Cybersecurity,2019-12-31,2020-02-26,78001568.48,1626388,SEC EDGAR ETF_Holdings.csv; CMIN-US ticker resolution,resolved_by_cusip
2020-04-30,CSCO,"Cisco Systems, Inc.",FDN,Internet,2019-12-31,2020-02-25,444618119.88,9270603,SEC EDGAR ETF_Holdings.csv; CMIN-US ticker resolution,resolved_by_cusip
2020-04-30,CSCO,"Cisco Systems, Inc.",GRID,Infrastructure,2019-12-31,2020-02-26,664629.68,13858,SEC EDGAR ETF_Holdings.csv; CMIN-US ticker resolution,resolved_by_cusip
2020-04-30,CSCO,"Cisco Systems, Inc.",HACK,Cybersecurity,2019-12-31,2020-04-01,62291551.08,1298823,SEC EDGAR ETF_Holdings.csv; CMIN-US ticker resolution,resolved_by_cusip
2020-04-30,CSCO,"Cisco Systems, Inc.",SKYY,Cloud Computing,2019-12-31,2020-02-26,69626985.12,1451772,SEC EDGAR ETF_Holdings.csv; CMIN-US ticker resolution,resolved_by_cusip
2020-04-30,D,"Dominion Energy, Inc.",NLR,Nuclear,2019-12-31,2020-02-18,1839349.38,22209,SEC EDGAR ETF_Holdings.csv; CMIN-US ticker resolution,resolved_by_cusip
2020-04-30,DE,Deere & Company,MOO,Agribusiness,2019-12-31,2020-02-20,49187820.96,283896,SEC EDGAR ETF_Holdings.csv; CMIN-US ticker resolution,resolved_by_cusip
2020-04-30,DE,Deere & Company,ROBO,Robotics,2020-01-31,2020-03-31,11717159.04,73888,SEC EDGAR ETF_Holdings.csv; CMIN-US ticker resolution,resolved_by_cusip
2020-04-30,DHR,Danaher Corporation,CGW,Water,2020-01-31,2020-03-31,37897271.99,235577,SEC EDGAR ETF_Holdings.csv; CMIN-US ticker resolution,resolved_by_cusip
2020-04-30,DHR,Danaher Corporation,IHI,Healthcare Innovation,2019-12-31,2020-02-27,375116477.52,2444074,SEC EDGAR ETF_Holdings.csv; CMIN-US ticker resolution,resolved_by_cusip
2020-04-30,DHR,Danaher Corporation,PHO,Water,2020-01-31,2020-03-31,97557681.06,606438,SEC EDGAR ETF_Holdings.csv; CMIN-US ticker resolution,resolved_by_cusip
2020-04-30,DHR,Danaher Corporation,PIO,Water,2020-01-31,2020-03-31,17073133.1,106130,SEC EDGAR ETF_Holdings.csv; CMIN-US ticker resolution,resolved_by_cusip
2020-04-30,DUK,Duke Energy Corporation,NLR,Nuclear,2019-12-31,2020-02-18,1841347.48,20188,SEC EDGAR ETF_Holdings.csv; CMIN-US ticker resolution,resolved_by_cusip
2020-04-30,ECL,Ecolab Inc.,PHO,Water,2020-01-31,2020-03-31,93003402.51,474241,SEC EDGAR ETF_Holdings.csv; CMIN-US ticker resolution,resolved_by_cusip
2020-04-30,ECL,Ecolab Inc.,PIO,Water,2020-01-31,2020-03-31,16276345.56,82996,SEC EDGAR ETF_Holdings.csv; CMIN-US ticker resolution,resolved_by_cusip
2020-04-30,EXC,Exelon Corporation,NLR,Nuclear,2019-12-31,2020-02-18,1621773.07,35573,SEC EDGAR ETF_Holdings.csv; CMIN-US ticker resolution,resolved_by_cusip
2020-04-30,FB,"Meta Platforms, Inc.",FDN,Internet,2019-12-31,2020-02-25,571984747.75,2786771,SEC EDGAR ETF_Holdings.csv; CMIN-US ticker resolution,resolved_by_cusip
2020-04-30,FB,"Meta Platforms, Inc.",PNQI,Internet,2020-01-31,2020-03-31,39764357.31,196941,SEC EDGAR ETF_Holdings.csv; CMIN-US ticker resolution,resolved_by_cusip
2020-04-30,GOOG,Alphabet Inc.,FDN,Internet,2019-12-31,2020-02-25,686309891.18,512858,SEC EDGAR ETF_Holdings.csv; CMIN-US ticker resolution,resolved_by_cusip
2020-04-30,GOOG,Alphabet Inc.,PNQI,Internet,2020-01-31,2020-03-31,43643618.9,30430,SEC EDGAR ETF_Holdings.csv; CMIN-US ticker resolution,resolved_by_cusip
2020-04-30,GOOG,Alphabet Inc.,SKYY,Cloud Computing,2019-12-31,2020-02-26,101340926.18,75662,SEC EDGAR ETF_Holdings.csv; CMIN-US ticker resolution,resolved_by_cusip
2020-04-30,HON,Honeywell International Inc.,GRID,Infrastructure,2019-12-31,2020-02-26,622509,3517,SEC EDGAR ETF_Holdings.csv; CMIN-US ticker resolution,resolved_by_cusip
2020-04-30,HON,Honeywell International Inc.,PPA,Defense,2020-01-31,2020-03-31,81439383,470150,SEC EDGAR ETF_Holdings.csv; CMIN-US ticker resolution,resolved_by_cusip
2020-04-30,JD,"JD.com, Inc.",PNQI,Internet,2020-01-31,2020-03-31,19446306.26,515954,SEC EDGAR ETF_Holdings.csv; CMIN-US ticker resolution,resolved_by_cusip
2020-04-30,JNJ,Johnson & Johnson,PBE,Biotechnology,2020-01-31,2020-03-31,12259295.63,82349,SEC EDGAR ETF_Holdings.csv; CMIN-US ticker resolution,resolved_by_cusip
2020-04-30,MSFT,Microsoft Corporation,IGV,Cloud Computing,2019-12-31,2020-02-27,240870191.5,1527395,SEC EDGAR ETF_Holdings.csv; CMIN-US ticker resolution,resolved_by_cusip
2020-04-30,MSFT,Microsoft Corporation,SKYY,Cloud Computing,2019-12-31,2020-02-26,102789017.7,651801,SEC EDGAR ETF_Holdings.csv; CMIN-US ticker resolution,resolved_by_cusip
2020-04-30,NFLX,"Netflix, Inc.",FDN,Internet,2019-12-31,2020-02-25,383252810.07,1184451,SEC EDGAR ETF_Holdings.csv; CMIN-US ticker resolution,resolved_by_cusip
2020-04-30,NFLX,"Netflix, Inc.",PNQI,Internet,2020-01-31,2020-03-31,43551393.27,126203,SEC EDGAR ETF_Holdings.csv; CMIN-US ticker resolution,resolved_by_cusip
2020-04-30,NGG,National Grid plc,GRID,Infrastructure,2019-12-31,2020-02-26,202984.34,16228,SEC EDGAR ETF_Holdings.csv; CMIN-US ticker resolution,resolved_by_target_universe_name_match
2020-04-30,NVDA,NVIDIA Corporation,ARKG,Biotechnology,2019-04-30,2019-06-27,9452906,52226,SEC EDGAR ETF_Holdings.csv; CMIN-US ticker resolution,resolved_by_internal_name_propagation
2020-04-30,NVDA,NVIDIA Corporation,GRID,Infrastructure,2019-12-31,2020-02-26,671310.9,2853,SEC EDGAR ETF_Holdings.csv; CMIN-US ticker resolution,resolved_by_cusip
2020-04-30,NVDA,NVIDIA Corporation,PSI,Semiconductor,2020-01-31,2020-03-31,12784479.39,54073,SEC EDGAR ETF_Holdings.csv; CMIN-US ticker resolution,resolved_by_cusip
2020-04-30,NVDA,NVIDIA Corporation,ROBO,Robotics,2020-01-31,2020-03-31,22929927.12,96984,SEC EDGAR ETF_Holdings.csv; CMIN-US ticker resolution,resolved_by_cusip
2020-04-30,NVDA,NVIDIA Corporation,SMH,Semiconductor,2019-12-31,2020-02-25,89919424.4,382148,SEC EDGAR ETF_Holdings.csv; CMIN-US ticker resolution,resolved_by_cusip
2020-04-30,ORCL,Oracle Corporation,GRID,Infrastructure,2019-12-31,2020-02-26,566674.08,10696,SEC EDGAR ETF_Holdings.csv; CMIN-US ticker resolution,resolved_by_cusip
2020-04-30,ORCL,Oracle Corporation,IGV,Cloud Computing,2019-12-31,2020-02-27,219648298.56,4145872,SEC EDGAR ETF_Holdings.csv; CMIN-US ticker resolution,resolved_by_cusip
2020-04-30,ORCL,Oracle Corporation,SKYY,Cloud Computing,2019-12-31,2020-02-26,93115899.66,1757567,SEC EDGAR ETF_Holdings.csv; CMIN-US ticker resolution,resolved_by_cusip
2020-04-30,PFE,Pfizer Inc.,PBE,Biotechnology,2020-01-31,2020-03-31,10935414.28,293647,SEC EDGAR ETF_Holdings.csv; CMIN-US ticker resolution,resolved_by_cusip
2020-04-30,PYPL,"PayPal Holdings, Inc.",FDN,Internet,2019-12-31,2020-02-25,354267999.68,3275104,SEC EDGAR ETF_Holdings.csv; CMIN-US ticker resolution,resolved_by_cusip
2020-04-30,SNAP,Snap Inc.,FDN,Internet,2019-12-31,2020-02-25,178572354.89,10935233,SEC EDGAR ETF_Holdings.csv; CMIN-US ticker resolution,resolved_by_cusip
2020-04-30,SNAP,Snap Inc.,IGV,Cloud Computing,2019-12-31,2020-02-27,30324924.31,1857007,SEC EDGAR ETF_Holdings.csv; CMIN-US ticker resolution,resolved_by_cusip
2020-04-30,SNAP,Snap Inc.,PNQI,Internet,2020-01-31,2020-03-31,11646321.58,633641,SEC EDGAR ETF_Holdings.csv; CMIN-US ticker resolution,resolved_by_cusip
2020-04-30,TMO,Thermo Fisher Scientific Inc.,IHI,Healthcare Innovation,2019-12-31,2020-02-27,535620641.01,1648723,SEC EDGAR ETF_Holdings.csv; CMIN-US ticker resolution,resolved_by_cusip
2020-04-30,TSLA,"Tesla, Inc.",GRID,Infrastructure,2019-12-31,2020-02-26,256854.62,614,SEC EDGAR ETF_Holdings.csv; CMIN-US ticker resolution,resolved_by_cusip
2020-04-30,TSLA,"Tesla, Inc.",LIT,Battery,2020-01-31,2020-03-30,53991454.87,82991,SEC EDGAR ETF_Holdings.csv; CMIN-US ticker resolution,resolved_by_cusip
2020-04-30,TSLA,"Tesla, Inc.",PBD,Clean Energy,2020-01-31,2020-03-31,974553.86,1498,SEC EDGAR ETF_Holdings.csv; CMIN-US ticker resolution,resolved_by_cusip
2020-04-30,TSLA,"Tesla, Inc.",PBW,Clean Energy,2020-01-31,2020-03-31,10271849.73,15789,SEC EDGAR ETF_Holdings.csv; CMIN-US ticker resolution,resolved_by_cusip
2020-04-30,TSLA,"Tesla, Inc.",QCLN,Clean Energy,2019-12-31,2020-02-25,13471480.99,32203,SEC EDGAR ETF_Holdings.csv; CMIN-US ticker resolution,resolved_by_cusip
2020-04-30,TSLA,"Tesla, Inc.",SMOG,Clean Energy,2019-12-31,2020-02-18,9921950.94,23718,SEC EDGAR ETF_Holdings.csv; CMIN-US ticker resolution,resolved_by_cusip
2020-05-31,AAPL,Apple Inc.,ARKG,Biotechnology,2019-04-30,2019-06-27,6937563,34572,SEC EDGAR ETF_Holdings.csv; CMIN-US ticker resolution,resolved_by_internal_name_propagation
2020-05-31,ABBV,AbbVie Inc.,PBE,Biotechnology,2020-01-31,2020-03-31,10404831.46,128423,SEC EDGAR ETF_Holdings.csv; CMIN-US ticker resolution,resolved_by_cusip
2020-05-31,ABBV,AbbVie Inc.,XBI,Biotechnology,2019-12-31,2020-02-27,73130144.24,825956,SEC EDGAR ETF_Holdings.csv; CMIN-US ticker resolution,resolved_by_cusip
2020-05-31,ABT,Abbott Laboratories,IHI,Healthcare Innovation,2019-12-31,2020-02-27,631200328.2,7266870,SEC EDGAR ETF_Holdings.csv; CMIN-US ticker resolution,resolved_by_cusip
2020-05-31,ABT,Abbott Laboratories,PBE,Biotechnology,2020-01-31,2020-03-31,11572017.72,132798,SEC EDGAR ETF_Holdings.csv; CMIN-US ticker resolution,resolved_by_cusip
2020-05-31,ADBE,Adobe Inc.,IGV,Cloud Computing,2019-12-31,2020-02-27,252316523.16,765036,SEC EDGAR ETF_Holdings.csv; CMIN-US ticker resolution,resolved_by_cusip
2020-05-31,ADBE,Adobe Inc.,SKYY,Cloud Computing,2020-03-31,2020-05-20,52320883.68,164407,SEC EDGAR ETF_Holdings.csv; CMIN-US ticker resolution,resolved_by_cusip
2020-05-31,AMZN,"Amazon.com, Inc.",FDN,Internet,2020-03-31,2020-05-26,579848677.72,297401,SEC EDGAR ETF_Holdings.csv; CMIN-US ticker resolution,resolved_by_cusip
2020-05-31,AMZN,"Amazon.com, Inc.",PNQI,Internet,2020-01-31,2020-03-31,44298302.16,22053,SEC EDGAR ETF_Holdings.csv; CMIN-US ticker resolution,resolved_by_cusip
2020-05-31,AMZN,"Amazon.com, Inc.",SKYY,Cloud Computing,2020-03-31,2020-05-20,110190375.52,56516,SEC EDGAR ETF_Holdings.csv; CMIN-US ticker resolution,resolved_by_cusip
2020-05-31,APD,"Air Products and Chemicals, Inc.",PBW,Clean Energy,2020-01-31,2020-03-31,6506041.05,27255,SEC EDGAR ETF_Holdings.csv; CMIN-US ticker resolution,resolved_by_cusip
2020-05-31,AVGO,Broadcom Inc.,CIBR,Cybersecurity,2020-03-31,2020-05-20,64357001.4,271434,SEC EDGAR ETF_Holdings.csv; CMIN-US ticker resolution,resolved_by_cusip
2020-05-31,AVGO,Broadcom Inc.,PSI,Semiconductor,2020-01-31,2020-03-31,11308314.12,37057,SEC EDGAR ETF_Holdings.csv; CMIN-US ticker resolution,resolved_by_cusip
2020-05-31,AVGO,Broadcom Inc.,SMH,Semiconductor,2020-03-31,2020-05-22,95221493.9,401609,SEC EDGAR ETF_Holdings.csv; CMIN-US ticker resolution,resolved_by_cusip
2020-05-31,BABA,Alibaba Group Holding Limited,PNQI,Internet,2020-01-31,2020-03-31,41019064.27,198553,SEC EDGAR ETF_Holdings.csv; CMIN-US ticker resolution,resolved_by_cusip
2020-05-31,BABA,Alibaba Group Holding Limited,SKYY,Cloud Computing,2020-03-31,2020-05-20,82474106,424075,SEC EDGAR ETF_Holdings.csv; CMIN-US ticker resolution,resolved_by_cusip
2020-05-31,CSCO,"Cisco Systems, Inc.",CIBR,Cybersecurity,2020-03-31,2020-05-20,74462692.33,1894243,SEC EDGAR ETF_Holdings.csv; CMIN-US ticker resolution,resolved_by_cusip
2020-05-31,CSCO,"Cisco Systems, Inc.",FDN,Internet,2020-03-31,2020-05-26,334641981.07,8512897,SEC EDGAR ETF_Holdings.csv; CMIN-US ticker resolution,resolved_by_cusip
2020-05-31,CSCO,"Cisco Systems, Inc.",GRID,Infrastructure,2020-03-31,2020-05-20,590161.03,15013,SEC EDGAR ETF_Holdings.csv; CMIN-US ticker resolution,resolved_by_cusip
2020-05-31,CSCO,"Cisco Systems, Inc.",HACK,Cybersecurity,2020-03-31,2020-05-27,46078081.32,1172172,SEC EDGAR ETF_Holdings.csv; CMIN-US ticker resolution,resolved_by_cusip
2020-05-31,CSCO,"Cisco Systems, Inc.",SKYY,Cloud Computing,2020-03-31,2020-05-20,58866371.21,1497491,SEC EDGAR ETF_Holdings.csv; CMIN-US ticker resolution,resolved_by_cusip
2020-05-31,D,"Dominion Energy, Inc.",NLR,Nuclear,2020-03-31,2020-05-22,1327718.48,18392,SEC EDGAR ETF_Holdings.csv; CMIN-US ticker resolution,resolved_by_cusip
2020-05-31,DE,Deere & Company,MOO,Agribusiness,2020-03-31,2020-05-22,34580619.04,250294,SEC EDGAR ETF_Holdings.csv; CMIN-US ticker resolution,resolved_by_cusip
2020-05-31,DE,Deere & Company,ROBO,Robotics,2020-01-31,2020-03-31,11717159.04,73888,SEC EDGAR ETF_Holdings.csv; CMIN-US ticker resolution,resolved_by_cusip
2020-05-31,DHR,Danaher Corporation,CGW,Water,2020-01-31,2020-03-31,37897271.99,235577,SEC EDGAR ETF_Holdings.csv; CMIN-US ticker resolution,resolved_by_cusip
2020-05-31,DHR,Danaher Corporation,IHI,Healthcare Innovation,2019-12-31,2020-02-27,375116477.52,2444074,SEC EDGAR ETF_Holdings.csv; CMIN-US ticker resolution,resolved_by_cusip
2020-05-31,DHR,Danaher Corporation,PHO,Water,2020-01-31,2020-03-31,97557681.06,606438,SEC EDGAR ETF_Holdings.csv; CMIN-US ticker resolution,resolved_by_cusip
2020-05-31,DHR,Danaher Corporation,PIO,Water,2020-01-31,2020-03-31,17073133.1,106130,SEC EDGAR ETF_Holdings.csv; CMIN-US ticker resolution,resolved_by_cusip
2020-05-31,DUK,Duke Energy Corporation,NLR,Nuclear,2020-03-31,2020-05-22,1291410.96,15967,SEC EDGAR ETF_Holdings.csv; CMIN-US ticker resolution,resolved_by_cusip
2020-05-31,ECL,Ecolab Inc.,PHO,Water,2020-01-31,2020-03-31,93003402.51,474241,SEC EDGAR ETF_Holdings.csv; CMIN-US ticker resolution,resolved_by_cusip
2020-05-31,ECL,Ecolab Inc.,PIO,Water,2020-01-31,2020-03-31,16276345.56,82996,SEC EDGAR ETF_Holdings.csv; CMIN-US ticker resolution,resolved_by_cusip
2020-05-31,EXC,Exelon Corporation,NLR,Nuclear,2020-03-31,2020-05-22,1174827.96,31916,SEC EDGAR ETF_Holdings.csv; CMIN-US ticker resolution,resolved_by_cusip
2020-05-31,FB,"Meta Platforms, Inc.",FDN,Internet,2020-03-31,2020-05-26,468262143.6,2807327,SEC EDGAR ETF_Holdings.csv; CMIN-US ticker resolution,resolved_by_cusip
2020-05-31,FB,"Meta Platforms, Inc.",PNQI,Internet,2020-01-31,2020-03-31,39764357.31,196941,SEC EDGAR ETF_Holdings.csv; CMIN-US ticker resolution,resolved_by_cusip
2020-05-31,GOOG,Alphabet Inc.,FDN,Internet,2020-03-31,2020-05-26,543892464.83,467913,SEC EDGAR ETF_Holdings.csv; CMIN-US ticker resolution,resolved_by_cusip
2020-05-31,GOOG,Alphabet Inc.,PNQI,Internet,2020-01-31,2020-03-31,43643618.9,30430,SEC EDGAR ETF_Holdings.csv; CMIN-US ticker resolution,resolved_by_cusip
2020-05-31,GOOG,Alphabet Inc.,SKYY,Cloud Computing,2020-03-31,2020-05-20,90684387.75,78045,SEC EDGAR ETF_Holdings.csv; CMIN-US ticker resolution,resolved_by_cusip
2020-05-31,HON,Honeywell International Inc.,GRID,Infrastructure,2020-03-31,2020-05-20,509739.9,3810,SEC EDGAR ETF_Holdings.csv; CMIN-US ticker resolution,resolved_by_cusip
2020-05-31,HON,Honeywell International Inc.,PPA,Defense,2020-01-31,2020-03-31,81439383,470150,SEC EDGAR ETF_Holdings.csv; CMIN-US ticker resolution,resolved_by_cusip
2020-05-31,JD,"JD.com, Inc.",PNQI,Internet,2020-01-31,2020-03-31,19446306.26,515954,SEC EDGAR ETF_Holdings.csv; CMIN-US ticker resolution,resolved_by_cusip
2020-05-31,JNJ,Johnson & Johnson,PBE,Biotechnology,2020-01-31,2020-03-31,12259295.63,82349,SEC EDGAR ETF_Holdings.csv; CMIN-US ticker resolution,resolved_by_cusip
2020-05-31,MSFT,Microsoft Corporation,IGV,Cloud Computing,2019-12-31,2020-02-27,240870191.5,1527395,SEC EDGAR ETF_Holdings.csv; CMIN-US ticker resolution,resolved_by_cusip
2020-05-31,MSFT,Microsoft Corporation,SKYY,Cloud Computing,2020-03-31,2020-05-20,106032848.88,672328,SEC EDGAR ETF_Holdings.csv; CMIN-US ticker resolution,resolved_by_cusip
2020-05-31,NFLX,"Netflix, Inc.",FDN,Internet,2020-03-31,2020-05-26,356763301,950102,SEC EDGAR ETF_Holdings.csv; CMIN-US ticker resolution,resolved_by_cusip
2020-05-31,NFLX,"Netflix, Inc.",PNQI,Internet,2020-01-31,2020-03-31,43551393.27,126203,SEC EDGAR ETF_Holdings.csv; CMIN-US ticker resolution,resolved_by_cusip
2020-05-31,NGG,National Grid plc,GRID,Infrastructure,2020-03-31,2020-05-20,205409.12,17580,SEC EDGAR ETF_Holdings.csv; CMIN-US ticker resolution,resolved_by_target_universe_name_match
2020-05-31,NVDA,NVIDIA Corporation,ARKG,Biotechnology,2019-04-30,2019-06-27,9452906,52226,SEC EDGAR ETF_Holdings.csv; CMIN-US ticker resolution,resolved_by_internal_name_propagation
2020-05-31,NVDA,NVIDIA Corporation,GRID,Infrastructure,2020-03-31,2020-05-20,814787.6,3091,SEC EDGAR ETF_Holdings.csv; CMIN-US ticker resolution,resolved_by_cusip
2020-05-31,NVDA,NVIDIA Corporation,PSI,Semiconductor,2020-01-31,2020-03-31,12784479.39,54073,SEC EDGAR ETF_Holdings.csv; CMIN-US ticker resolution,resolved_by_cusip
2020-05-31,NVDA,NVIDIA Corporation,ROBO,Robotics,2020-01-31,2020-03-31,22929927.12,96984,SEC EDGAR ETF_Holdings.csv; CMIN-US ticker resolution,resolved_by_cusip
2020-05-31,NVDA,NVIDIA Corporation,SMH,Semiconductor,2020-03-31,2020-05-22,145632146.4,552474,SEC EDGAR ETF_Holdings.csv; CMIN-US ticker resolution,resolved_by_cusip
2020-05-31,ORCL,Oracle Corporation,GRID,Infrastructure,2020-03-31,2020-05-20,559999.71,11587,SEC EDGAR ETF_Holdings.csv; CMIN-US ticker resolution,resolved_by_cusip
2020-05-31,ORCL,Oracle Corporation,IGV,Cloud Computing,2019-12-31,2020-02-27,219648298.56,4145872,SEC EDGAR ETF_Holdings.csv; CMIN-US ticker resolution,resolved_by_cusip
2020-05-31,ORCL,Oracle Corporation,SKYY,Cloud Computing,2020-03-31,2020-05-20,87618520.26,1812922,SEC EDGAR ETF_Holdings.csv; CMIN-US ticker resolution,resolved_by_cusip
2020-05-31,PFE,Pfizer Inc.,PBE,Biotechnology,2020-01-31,2020-03-31,10935414.28,293647,SEC EDGAR ETF_Holdings.csv; CMIN-US ticker resolution,resolved_by_cusip
2020-05-31,PYPL,"PayPal Holdings, Inc.",FDN,Internet,2020-03-31,2020-05-26,283220557.24,2958226,SEC EDGAR ETF_Holdings.csv; CMIN-US ticker resolution,resolved_by_cusip
2020-05-31,SNAP,Snap Inc.,FDN,Internet,2020-03-31,2020-05-26,153968877.27,12949443,SEC EDGAR ETF_Holdings.csv; CMIN-US ticker resolution,resolved_by_cusip
2020-05-31,SNAP,Snap Inc.,IGV,Cloud Computing,2019-12-31,2020-02-27,30324924.31,1857007,SEC EDGAR ETF_Holdings.csv; CMIN-US ticker resolution,resolved_by_cusip
2020-05-31,SNAP,Snap Inc.,PNQI,Internet,2020-01-31,2020-03-31,11646321.58,633641,SEC EDGAR ETF_Holdings.csv; CMIN-US ticker resolution,resolved_by_cusip
2020-05-31,TMO,Thermo Fisher Scientific Inc.,IHI,Healthcare Innovation,2019-12-31,2020-02-27,535620641.01,1648723,SEC EDGAR ETF_Holdings.csv; CMIN-US ticker resolution,resolved_by_cusip
2020-05-31,TSLA,"Tesla, Inc.",GRID,Infrastructure,2020-03-31,2020-05-20,348460,665,SEC EDGAR ETF_Holdings.csv; CMIN-US ticker resolution,resolved_by_cusip
2020-05-31,TSLA,"Tesla, Inc.",LIT,Battery,2020-01-31,2020-03-30,53991454.87,82991,SEC EDGAR ETF_Holdings.csv; CMIN-US ticker resolution,resolved_by_cusip
2020-05-31,TSLA,"Tesla, Inc.",PBD,Clean Energy,2020-01-31,2020-03-31,974553.86,1498,SEC EDGAR ETF_Holdings.csv; CMIN-US ticker resolution,resolved_by_cusip
2020-05-31,TSLA,"Tesla, Inc.",PBW,Clean Energy,2020-01-31,2020-03-31,10271849.73,15789,SEC EDGAR ETF_Holdings.csv; CMIN-US ticker resolution,resolved_by_cusip
2020-05-31,TSLA,"Tesla, Inc.",QCLN,Clean Energy,2020-03-31,2020-05-26,22808672,43528,SEC EDGAR ETF_Holdings.csv; CMIN-US ticker resolution,resolved_by_cusip
2020-05-31,TSLA,"Tesla, Inc.",SMOG,Clean Energy,2020-03-31,2020-05-22,6772700,12925,SEC EDGAR ETF_Holdings.csv; CMIN-US ticker resolution,resolved_by_cusip
2020-06-30,AAPL,Apple Inc.,ARKQ,Robotics,2020-04-30,2020-06-26,4014189.4,13663,SEC EDGAR ETF_Holdings.csv; CMIN-US ticker resolution,resolved_by_cusip
2020-06-30,AAPL,Apple Inc.,ARKW,Internet,2020-04-30,2020-06-26,13076156.6,44507,SEC EDGAR ETF_Holdings.csv; CMIN-US ticker resolution,resolved_by_cusip
2020-06-30,ABBV,AbbVie Inc.,XBI,Biotechnology,2020-03-31,2020-06-01,65824502.88,863952,SEC EDGAR ETF_Holdings.csv; CMIN-US ticker resolution,resolved_by_cusip
2020-06-30,ABT,Abbott Laboratories,IHI,Healthcare Innovation,2020-03-31,2020-06-01,573732594.11,7270721,SEC EDGAR ETF_Holdings.csv; CMIN-US ticker resolution,resolved_by_cusip
2020-06-30,ADBE,Adobe Inc.,ARKW,Internet,2020-04-30,2020-06-26,9998817.36,28274,SEC EDGAR ETF_Holdings.csv; CMIN-US ticker resolution,resolved_by_cusip
2020-06-30,ADBE,Adobe Inc.,IGV,Cloud Computing,2020-03-31,2020-06-01,251678831.04,790846,SEC EDGAR ETF_Holdings.csv; CMIN-US ticker resolution,resolved_by_cusip
2020-06-30,ADBE,Adobe Inc.,PNQI,Internet,2020-04-30,2020-06-29,43633871.4,123385,SEC EDGAR ETF_Holdings.csv; CMIN-US ticker resolution,resolved_by_cusip
2020-06-30,ADBE,Adobe Inc.,SKYY,Cloud Computing,2020-03-31,2020-05-20,52320883.68,164407,SEC EDGAR ETF_Holdings.csv; CMIN-US ticker resolution,resolved_by_cusip
2020-06-30,AMZN,"Amazon.com, Inc.",ARKQ,Robotics,2020-04-30,2020-06-26,4450726,1799,SEC EDGAR ETF_Holdings.csv; CMIN-US ticker resolution,resolved_by_cusip
2020-06-30,AMZN,"Amazon.com, Inc.",ARKW,Internet,2020-04-30,2020-06-26,23181380,9370,SEC EDGAR ETF_Holdings.csv; CMIN-US ticker resolution,resolved_by_cusip
2020-06-30,AMZN,"Amazon.com, Inc.",FDN,Internet,2020-03-31,2020-05-26,579848677.72,297401,SEC EDGAR ETF_Holdings.csv; CMIN-US ticker resolution,resolved_by_cusip
2020-06-30,AMZN,"Amazon.com, Inc.",PNQI,Internet,2020-04-30,2020-06-29,55927244,22606,SEC EDGAR ETF_Holdings.csv; CMIN-US ticker resolution,resolved_by_cusip
2020-06-30,AMZN,"Amazon.com, Inc.",SKYY,Cloud Computing,2020-03-31,2020-05-20,110190375.52,56516,SEC EDGAR ETF_Holdings.csv; CMIN-US ticker resolution,resolved_by_cusip
2020-06-30,APD,"Air Products and Chemicals, Inc.",PBW,Clean Energy,2020-04-30,2020-06-29,6367446.66,28227,SEC EDGAR ETF_Holdings.csv; CMIN-US ticker resolution,resolved_by_cusip
2020-06-30,AVGO,Broadcom Inc.,CIBR,Cybersecurity,2020-03-31,2020-05-20,64357001.4,271434,SEC EDGAR ETF_Holdings.csv; CMIN-US ticker resolution,resolved_by_cusip
2020-06-30,AVGO,Broadcom Inc.,SMH,Semiconductor,2020-03-31,2020-05-22,95221493.9,401609,SEC EDGAR ETF_Holdings.csv; CMIN-US ticker resolution,resolved_by_cusip
2020-06-30,BABA,Alibaba Group Holding Limited,ARKW,Internet,2020-04-30,2020-06-26,11619476.44,57332,SEC EDGAR ETF_Holdings.csv; CMIN-US ticker resolution,resolved_by_cusip
2020-06-30,BABA,Alibaba Group Holding Limited,PNQI,Internet,2020-04-30,2020-06-29,41493034.44,204732,SEC EDGAR ETF_Holdings.csv; CMIN-US ticker resolution,resolved_by_cusip
2020-06-30,BABA,Alibaba Group Holding Limited,SKYY,Cloud Computing,2020-03-31,2020-05-20,82474106,424075,SEC EDGAR ETF_Holdings.csv; CMIN-US ticker resolution,resolved_by_cusip
2020-06-30,CAT,Caterpillar Inc.,ARKQ,Robotics,2020-04-30,2020-06-26,3880225.58,33341,SEC EDGAR ETF_Holdings.csv; CMIN-US ticker resolution,resolved_by_cusip
2020-06-30,CSCO,"Cisco Systems, Inc.",CIBR,Cybersecurity,2020-03-31,2020-05-20,74462692.33,1894243,SEC EDGAR ETF_Holdings.csv; CMIN-US ticker resolution,resolved_by_cusip
2020-06-30,CSCO,"Cisco Systems, Inc.",FDN,Internet,2020-03-31,2020-05-26,334641981.07,8512897,SEC EDGAR ETF_Holdings.csv; CMIN-US ticker resolution,resolved_by_cusip
2020-06-30,CSCO,"Cisco Systems, Inc.",GRID,Infrastructure,2020-03-31,2020-05-20,590161.03,15013,SEC EDGAR ETF_Holdings.csv; CMIN-US ticker resolution,resolved_by_cusip
2020-06-30,CSCO,"Cisco Systems, Inc.",HACK,Cybersecurity,2020-03-31,2020-05-27,46078081.32,1172172,SEC EDGAR ETF_Holdings.csv; CMIN-US ticker resolution,resolved_by_cusip
2020-06-30,CSCO,"Cisco Systems, Inc.",SKYY,Cloud Computing,2020-03-31,2020-05-20,58866371.21,1497491,SEC EDGAR ETF_Holdings.csv; CMIN-US ticker resolution,resolved_by_cusip
2020-06-30,D,"Dominion Energy, Inc.",NLR,Nuclear,2020-03-31,2020-05-22,1327718.48,18392,SEC EDGAR ETF_Holdings.csv; CMIN-US ticker resolution,resolved_by_cusip
2020-06-30,DE,Deere & Company,ARKQ,Robotics,2020-04-30,2020-06-26,2687526.62,18527,SEC EDGAR ETF_Holdings.csv; CMIN-US ticker resolution,resolved_by_cusip
2020-06-30,DE,Deere & Company,MOO,Agribusiness,2020-03-31,2020-05-22,34580619.04,250294,SEC EDGAR ETF_Holdings.csv; CMIN-US ticker resolution,resolved_by_cusip
2020-06-30,DE,Deere & Company,ROBO,Robotics,2020-04-30,2020-06-26,9175625.24,63254,SEC EDGAR ETF_Holdings.csv; CMIN-US ticker resolution,resolved_by_cusip
2020-06-30,DHR,Danaher Corporation,CGW,Water,2020-04-30,2020-06-29,32953045.62,201597,SEC EDGAR ETF_Holdings.csv; CMIN-US ticker resolution,resolved_by_cusip
2020-06-30,DHR,Danaher Corporation,IHI,Healthcare Innovation,2020-03-31,2020-06-01,235193054.09,1699249,SEC EDGAR ETF_Holdings.csv; CMIN-US ticker resolution,resolved_by_cusip
2020-06-30,DHR,Danaher Corporation,PHO,Water,2020-04-30,2020-06-29,93187401.78,570093,SEC EDGAR ETF_Holdings.csv; CMIN-US ticker resolution,resolved_by_cusip
2020-06-30,DHR,Danaher Corporation,PIO,Water,2020-04-30,2020-06-29,17447883.86,106741,SEC EDGAR ETF_Holdings.csv; CMIN-US ticker resolution,resolved_by_cusip
2020-06-30,DUK,Duke Energy Corporation,NLR,Nuclear,2020-03-31,2020-05-22,1291410.96,15967,SEC EDGAR ETF_Holdings.csv; CMIN-US ticker resolution,resolved_by_cusip
2020-06-30,ECL,Ecolab Inc.,PHO,Water,2020-04-30,2020-06-29,88384801.5,456769,SEC EDGAR ETF_Holdings.csv; CMIN-US ticker resolution,resolved_by_cusip
2020-06-30,ECL,Ecolab Inc.,PIO,Water,2020-04-30,2020-06-29,14804104.5,76507,SEC EDGAR ETF_Holdings.csv; CMIN-US ticker resolution,resolved_by_cusip
2020-06-30,EXC,Exelon Corporation,NLR,Nuclear,2020-03-31,2020-05-22,1174827.96,31916,SEC EDGAR ETF_Holdings.csv; CMIN-US ticker resolution,resolved_by_cusip
2020-06-30,FB,"Meta Platforms, Inc.",ARKW,Internet,2020-04-30,2020-06-26,7405179.54,36174,SEC EDGAR ETF_Holdings.csv; CMIN-US ticker resolution,resolved_by_cusip
2020-06-30,FB,"Meta Platforms, Inc.",FDN,Internet,2020-03-31,2020-05-26,468262143.6,2807327,SEC EDGAR ETF_Holdings.csv; CMIN-US ticker resolution,resolved_by_cusip
2020-06-30,FB,"Meta Platforms, Inc.",PNQI,Internet,2020-04-30,2020-06-29,45292906.34,221254,SEC EDGAR ETF_Holdings.csv; CMIN-US ticker resolution,resolved_by_cusip
2020-06-30,GOOG,Alphabet Inc.,ARKQ,Robotics,2020-04-30,2020-06-26,1936675.76,1436,SEC EDGAR ETF_Holdings.csv; CMIN-US ticker resolution,resolved_by_cusip
2020-06-30,GOOG,Alphabet Inc.,FDN,Internet,2020-03-31,2020-05-26,543892464.83,467913,SEC EDGAR ETF_Holdings.csv; CMIN-US ticker resolution,resolved_by_cusip
2020-06-30,GOOG,Alphabet Inc.,PNQI,Internet,2020-04-30,2020-06-29,42880644.7,31795,SEC EDGAR ETF_Holdings.csv; CMIN-US ticker resolution,resolved_by_cusip
2020-06-30,GOOG,Alphabet Inc.,SKYY,Cloud Computing,2020-03-31,2020-05-20,90684387.75,78045,SEC EDGAR ETF_Holdings.csv; CMIN-US ticker resolution,resolved_by_cusip
2020-06-30,HON,Honeywell International Inc.,GRID,Infrastructure,2020-03-31,2020-05-20,509739.9,3810,SEC EDGAR ETF_Holdings.csv; CMIN-US ticker resolution,resolved_by_cusip
2020-06-30,HON,Honeywell International Inc.,PPA,Defense,2020-04-30,2020-06-29,51743125.5,364645,SEC EDGAR ETF_Holdings.csv; CMIN-US ticker resolution,resolved_by_cusip
2020-06-30,JD,"JD.com, Inc.",ARKQ,Robotics,2020-04-30,2020-06-26,3722374.6,86366,SEC EDGAR ETF_Holdings.csv; CMIN-US ticker resolution,resolved_by_cusip
2020-06-30,JD,"JD.com, Inc.",PNQI,Internet,2020-04-30,2020-06-29,14626243.6,339356,SEC EDGAR ETF_Holdings.csv; CMIN-US ticker resolution,resolved_by_cusip
2020-06-30,MSFT,Microsoft Corporation,IGV,Cloud Computing,2020-03-31,2020-06-01,261666596.73,1659163,SEC EDGAR ETF_Holdings.csv; CMIN-US ticker resolution,resolved_by_cusip
2020-06-30,MSFT,Microsoft Corporation,SKYY,Cloud Computing,2020-03-31,2020-05-20,106032848.88,672328,SEC EDGAR ETF_Holdings.csv; CMIN-US ticker resolution,resolved_by_cusip
2020-06-30,NFLX,"Netflix, Inc.",ARKW,Internet,2020-04-30,2020-06-26,13133327.85,31281,SEC EDGAR ETF_Holdings.csv; CMIN-US ticker resolution,resolved_by_cusip
2020-06-30,NFLX,"Netflix, Inc.",FDN,Internet,2020-03-31,2020-05-26,356763301,950102,SEC EDGAR ETF_Holdings.csv; CMIN-US ticker resolution,resolved_by_cusip
2020-06-30,NFLX,"Netflix, Inc.",PNQI,Internet,2020-04-30,2020-06-29,24215268.6,57676,SEC EDGAR ETF_Holdings.csv; CMIN-US ticker resolution,resolved_by_cusip
2020-06-30,NGG,National Grid plc,GRID,Infrastructure,2020-03-31,2020-05-20,205409.12,17580,SEC EDGAR ETF_Holdings.csv; CMIN-US ticker resolution,resolved_by_target_universe_name_match
2020-06-30,NVDA,NVIDIA Corporation,ARKQ,Robotics,2020-04-30,2020-06-26,3167146.08,10836,SEC EDGAR ETF_Holdings.csv; CMIN-US ticker resolution,resolved_by_cusip
2020-06-30,NVDA,NVIDIA Corporation,ARKW,Internet,2020-04-30,2020-06-26,6749329.76,23092,SEC EDGAR ETF_Holdings.csv; CMIN-US ticker resolution,resolved_by_cusip
2020-06-30,NVDA,NVIDIA Corporation,GRID,Infrastructure,2020-03-31,2020-05-20,814787.6,3091,SEC EDGAR ETF_Holdings.csv; CMIN-US ticker resolution,resolved_by_cusip
2020-06-30,NVDA,NVIDIA Corporation,PSI,Semiconductor,2020-04-30,2020-06-29,13052055.68,44656,SEC EDGAR ETF_Holdings.csv; CMIN-US ticker resolution,resolved_by_cusip
2020-06-30,NVDA,NVIDIA Corporation,ROBO,Robotics,2020-04-30,2020-06-26,18518860.8,63360,SEC EDGAR ETF_Holdings.csv; CMIN-US ticker resolution,resolved_by_cusip
2020-06-30,NVDA,NVIDIA Corporation,SMH,Semiconductor,2020-03-31,2020-05-22,145632146.4,552474,SEC EDGAR ETF_Holdings.csv; CMIN-US ticker resolution,resolved_by_cusip
2020-06-30,ORCL,Oracle Corporation,GRID,Infrastructure,2020-03-31,2020-05-20,559999.71,11587,SEC EDGAR ETF_Holdings.csv; CMIN-US ticker resolution,resolved_by_cusip
2020-06-30,ORCL,Oracle Corporation,IGV,Cloud Computing,2020-03-31,2020-06-01,238092622.02,4926394,SEC EDGAR ETF_Holdings.csv; CMIN-US ticker resolution,resolved_by_cusip
2020-06-30,ORCL,Oracle Corporation,SKYY,Cloud Computing,2020-03-31,2020-05-20,87618520.26,1812922,SEC EDGAR ETF_Holdings.csv; CMIN-US ticker resolution,resolved_by_cusip
2020-06-30,PYPL,"PayPal Holdings, Inc.",ARKW,Internet,2020-04-30,2020-06-26,7393407,60109,SEC EDGAR ETF_Holdings.csv; CMIN-US ticker resolution,resolved_by_cusip
2020-06-30,PYPL,"PayPal Holdings, Inc.",FDN,Internet,2020-03-31,2020-05-26,283220557.24,2958226,SEC EDGAR ETF_Holdings.csv; CMIN-US ticker resolution,resolved_by_cusip
2020-06-30,RTX,Raytheon Technologies Corporation,PPA,Defense,2020-04-30,2020-06-29,68341820.95,1054495,SEC EDGAR ETF_Holdings.csv; CMIN-US ticker resolution,resolved_by_cusip
2020-06-30,SNAP,Snap Inc.,ARKW,Internet,2020-04-30,2020-06-26,19001929.62,1079042,SEC EDGAR ETF_Holdings.csv; CMIN-US ticker resolution,resolved_by_cusip
2020-06-30,SNAP,Snap Inc.,FDN,Internet,2020-03-31,2020-05-26,153968877.27,12949443,SEC EDGAR ETF_Holdings.csv; CMIN-US ticker resolution,resolved_by_cusip
2020-06-30,SNAP,Snap Inc.,IGV,Cloud Computing,2020-03-31,2020-06-01,27973745.68,2352712,SEC EDGAR ETF_Holdings.csv; CMIN-US ticker resolution,resolved_by_cusip
2020-06-30,SNAP,Snap Inc.,PNQI,Internet,2020-04-30,2020-06-29,7499588.31,425871,SEC EDGAR ETF_Holdings.csv; CMIN-US ticker resolution,resolved_by_cusip
2020-06-30,TMO,Thermo Fisher Scientific Inc.,IHI,Healthcare Innovation,2020-03-31,2020-06-01,467825709.2,1649597,SEC EDGAR ETF_Holdings.csv; CMIN-US ticker resolution,resolved_by_cusip
2020-06-30,TSLA,"Tesla, Inc.",ARKQ,Robotics,2020-04-30,2020-06-26,25325093.2,32390,SEC EDGAR ETF_Holdings.csv; CMIN-US ticker resolution,resolved_by_cusip
2020-06-30,TSLA,"Tesla, Inc.",ARKW,Internet,2020-04-30,2020-06-26,75063607.52,96004,SEC EDGAR ETF_Holdings.csv; CMIN-US ticker resolution,resolved_by_cusip
2020-06-30,TSLA,"Tesla, Inc.",GRID,Infrastructure,2020-03-31,2020-05-20,348460,665,SEC EDGAR ETF_Holdings.csv; CMIN-US ticker resolution,resolved_by_cusip
2020-06-30,TSLA,"Tesla, Inc.",LIT,Battery,2020-04-30,2020-06-26,60404921.28,77256,SEC EDGAR ETF_Holdings.csv; CMIN-US ticker resolution,resolved_by_cusip
2020-06-30,TSLA,"Tesla, Inc.",PBD,Clean Energy,2020-04-30,2020-06-29,913235.84,1168,SEC EDGAR ETF_Holdings.csv; CMIN-US ticker resolution,resolved_by_cusip
2020-06-30,TSLA,"Tesla, Inc.",PBW,Clean Energy,2020-04-30,2020-06-29,8699978.76,11127,SEC EDGAR ETF_Holdings.csv; CMIN-US ticker resolution,resolved_by_cusip
2020-06-30,TSLA,"Tesla, Inc.",QCLN,Clean Energy,2020-03-31,2020-05-26,22808672,43528,SEC EDGAR ETF_Holdings.csv; CMIN-US ticker resolution,resolved_by_cusip
2020-06-30,TSLA,"Tesla, Inc.",SMOG,Clean Energy,2020-03-31,2020-05-22,6772700,12925,SEC EDGAR ETF_Holdings.csv; CMIN-US ticker resolution,resolved_by_cusip
2020-07-31,AAPL,Apple Inc.,ARKQ,Robotics,2020-04-30,2020-06-26,4014189.4,13663,SEC EDGAR ETF_Holdings.csv; CMIN-US ticker resolution,resolved_by_cusip
2020-07-31,AAPL,Apple Inc.,ARKW,Internet,2020-04-30,2020-06-26,13076156.6,44507,SEC EDGAR ETF_Holdings.csv; CMIN-US ticker resolution,resolved_by_cusip
2020-07-31,ABBV,AbbVie Inc.,XBI,Biotechnology,2020-03-31,2020-06-01,65824502.88,863952,SEC EDGAR ETF_Holdings.csv; CMIN-US ticker resolution,resolved_by_cusip
2020-07-31,ABT,Abbott Laboratories,IHI,Healthcare Innovation,2020-03-31,2020-06-01,573732594.11,7270721,SEC EDGAR ETF_Holdings.csv; CMIN-US ticker resolution,resolved_by_cusip
2020-07-31,ADBE,Adobe Inc.,ARKW,Internet,2020-04-30,2020-06-26,9998817.36,28274,SEC EDGAR ETF_Holdings.csv; CMIN-US ticker resolution,resolved_by_cusip
2020-07-31,ADBE,Adobe Inc.,IGV,Cloud Computing,2020-03-31,2020-06-01,251678831.04,790846,SEC EDGAR ETF_Holdings.csv; CMIN-US ticker resolution,resolved_by_cusip
2020-07-31,ADBE,Adobe Inc.,PNQI,Internet,2020-04-30,2020-06-29,43633871.4,123385,SEC EDGAR ETF_Holdings.csv; CMIN-US ticker resolution,resolved_by_cusip
2020-07-31,ADBE,Adobe Inc.,SKYY,Cloud Computing,2020-03-31,2020-05-20,52320883.68,164407,SEC EDGAR ETF_Holdings.csv; CMIN-US ticker resolution,resolved_by_cusip
2020-07-31,AMZN,"Amazon.com, Inc.",ARKQ,Robotics,2020-04-30,2020-06-26,4450726,1799,SEC EDGAR ETF_Holdings.csv; CMIN-US ticker resolution,resolved_by_cusip
2020-07-31,AMZN,"Amazon.com, Inc.",ARKW,Internet,2020-04-30,2020-06-26,23181380,9370,SEC EDGAR ETF_Holdings.csv; CMIN-US ticker resolution,resolved_by_cusip
2020-07-31,AMZN,"Amazon.com, Inc.",FDN,Internet,2020-03-31,2020-05-26,579848677.72,297401,SEC EDGAR ETF_Holdings.csv; CMIN-US ticker resolution,resolved_by_cusip
2020-07-31,AMZN,"Amazon.com, Inc.",PNQI,Internet,2020-04-30,2020-06-29,55927244,22606,SEC EDGAR ETF_Holdings.csv; CMIN-US ticker resolution,resolved_by_cusip
2020-07-31,AMZN,"Amazon.com, Inc.",SKYY,Cloud Computing,2020-03-31,2020-05-20,110190375.52,56516,SEC EDGAR ETF_Holdings.csv; CMIN-US ticker resolution,resolved_by_cusip
2020-07-31,APD,"Air Products and Chemicals, Inc.",PBW,Clean Energy,2020-04-30,2020-06-29,6367446.66,28227,SEC EDGAR ETF_Holdings.csv; CMIN-US ticker resolution,resolved_by_cusip
2020-07-31,AVGO,Broadcom Inc.,CIBR,Cybersecurity,2020-03-31,2020-05-20,64357001.4,271434,SEC EDGAR ETF_Holdings.csv; CMIN-US ticker resolution,resolved_by_cusip
2020-07-31,AVGO,Broadcom Inc.,SMH,Semiconductor,2020-03-31,2020-05-22,95221493.9,401609,SEC EDGAR ETF_Holdings.csv; CMIN-US ticker resolution,resolved_by_cusip
2020-07-31,BABA,Alibaba Group Holding Limited,ARKW,Internet,2020-04-30,2020-06-26,11619476.44,57332,SEC EDGAR ETF_Holdings.csv; CMIN-US ticker resolution,resolved_by_cusip
2020-07-31,BABA,Alibaba Group Holding Limited,EMQQ,Internet,2020-05-31,2020-07-28,38307214.29,184711,SEC EDGAR ETF_Holdings.csv; CMIN-US ticker resolution,resolved_by_cusip
2020-07-31,BABA,Alibaba Group Holding Limited,PNQI,Internet,2020-04-30,2020-06-29,41493034.44,204732,SEC EDGAR ETF_Holdings.csv; CMIN-US ticker resolution,resolved_by_cusip
2020-07-31,BABA,Alibaba Group Holding Limited,SKYY,Cloud Computing,2020-03-31,2020-05-20,82474106,424075,SEC EDGAR ETF_Holdings.csv; CMIN-US ticker resolution,resolved_by_cusip
2020-07-31,CAT,Caterpillar Inc.,ARKQ,Robotics,2020-04-30,2020-06-26,3880225.58,33341,SEC EDGAR ETF_Holdings.csv; CMIN-US ticker resolution,resolved_by_cusip
2020-07-31,CSCO,"Cisco Systems, Inc.",CIBR,Cybersecurity,2020-03-31,2020-05-20,74462692.33,1894243,SEC EDGAR ETF_Holdings.csv; CMIN-US ticker resolution,resolved_by_cusip
2020-07-31,CSCO,"Cisco Systems, Inc.",FDN,Internet,2020-03-31,2020-05-26,334641981.07,8512897,SEC EDGAR ETF_Holdings.csv; CMIN-US ticker resolution,resolved_by_cusip
2020-07-31,CSCO,"Cisco Systems, Inc.",GRID,Infrastructure,2020-03-31,2020-05-20,590161.03,15013,SEC EDGAR ETF_Holdings.csv; CMIN-US ticker resolution,resolved_by_cusip
2020-07-31,CSCO,"Cisco Systems, Inc.",HACK,Cybersecurity,2020-03-31,2020-07-31,46078081.32,1172172,SEC EDGAR ETF_Holdings.csv; CMIN-US ticker resolution,resolved_by_cusip
2020-07-31,CSCO,"Cisco Systems, Inc.",SKYY,Cloud Computing,2020-03-31,2020-05-20,58866371.21,1497491,SEC EDGAR ETF_Holdings.csv; CMIN-US ticker resolution,resolved_by_cusip
2020-07-31,D,"Dominion Energy, Inc.",NLR,Nuclear,2020-03-31,2020-05-22,1327718.48,18392,SEC EDGAR ETF_Holdings.csv; CMIN-US ticker resolution,resolved_by_cusip
2020-07-31,DE,Deere & Company,ARKQ,Robotics,2020-04-30,2020-06-26,2687526.62,18527,SEC EDGAR ETF_Holdings.csv; CMIN-US ticker resolution,resolved_by_cusip
2020-07-31,DE,Deere & Company,MOO,Agribusiness,2020-03-31,2020-05-22,34580619.04,250294,SEC EDGAR ETF_Holdings.csv; CMIN-US ticker resolution,resolved_by_cusip
2020-07-31,DE,Deere & Company,ROBO,Robotics,2020-04-30,2020-06-26,9175625.24,63254,SEC EDGAR ETF_Holdings.csv; CMIN-US ticker resolution,resolved_by_cusip
2020-07-31,DHR,Danaher Corporation,CGW,Water,2020-04-30,2020-06-29,32953045.62,201597,SEC EDGAR ETF_Holdings.csv; CMIN-US ticker resolution,resolved_by_cusip
2020-07-31,DHR,Danaher Corporation,IHI,Healthcare Innovation,2020-03-31,2020-06-01,235193054.09,1699249,SEC EDGAR ETF_Holdings.csv; CMIN-US ticker resolution,resolved_by_cusip
2020-07-31,DHR,Danaher Corporation,PHO,Water,2020-04-30,2020-06-29,93187401.78,570093,SEC EDGAR ETF_Holdings.csv; CMIN-US ticker resolution,resolved_by_cusip
2020-07-31,DHR,Danaher Corporation,PIO,Water,2020-04-30,2020-06-29,17447883.86,106741,SEC EDGAR ETF_Holdings.csv; CMIN-US ticker resolution,resolved_by_cusip
2020-07-31,DUK,Duke Energy Corporation,NLR,Nuclear,2020-03-31,2020-05-22,1291410.96,15967,SEC EDGAR ETF_Holdings.csv; CMIN-US ticker resolution,resolved_by_cusip
2020-07-31,ECL,Ecolab Inc.,PHO,Water,2020-04-30,2020-06-29,88384801.5,456769,SEC EDGAR ETF_Holdings.csv; CMIN-US ticker resolution,resolved_by_cusip
2020-07-31,ECL,Ecolab Inc.,PIO,Water,2020-04-30,2020-06-29,14804104.5,76507,SEC EDGAR ETF_Holdings.csv; CMIN-US ticker resolution,resolved_by_cusip
2020-07-31,EXC,Exelon Corporation,NLR,Nuclear,2020-03-31,2020-05-22,1174827.96,31916,SEC EDGAR ETF_Holdings.csv; CMIN-US ticker resolution,resolved_by_cusip
2020-07-31,FB,"Meta Platforms, Inc.",ARKW,Internet,2020-04-30,2020-06-26,7405179.54,36174,SEC EDGAR ETF_Holdings.csv; CMIN-US ticker resolution,resolved_by_cusip
2020-07-31,FB,"Meta Platforms, Inc.",FDN,Internet,2020-03-31,2020-05-26,468262143.6,2807327,SEC EDGAR ETF_Holdings.csv; CMIN-US ticker resolution,resolved_by_cusip
2020-07-31,FB,"Meta Platforms, Inc.",PNQI,Internet,2020-04-30,2020-06-29,45292906.34,221254,SEC EDGAR ETF_Holdings.csv; CMIN-US ticker resolution,resolved_by_cusip
2020-07-31,GOOG,Alphabet Inc.,ARKQ,Robotics,2020-04-30,2020-06-26,1936675.76,1436,SEC EDGAR ETF_Holdings.csv; CMIN-US ticker resolution,resolved_by_cusip
2020-07-31,GOOG,Alphabet Inc.,FDN,Internet,2020-03-31,2020-05-26,543892464.83,467913,SEC EDGAR ETF_Holdings.csv; CMIN-US ticker resolution,resolved_by_cusip
2020-07-31,GOOG,Alphabet Inc.,PNQI,Internet,2020-04-30,2020-06-29,42880644.7,31795,SEC EDGAR ETF_Holdings.csv; CMIN-US ticker resolution,resolved_by_cusip
2020-07-31,GOOG,Alphabet Inc.,SKYY,Cloud Computing,2020-03-31,2020-05-20,90684387.75,78045,SEC EDGAR ETF_Holdings.csv; CMIN-US ticker resolution,resolved_by_cusip
2020-07-31,HON,Honeywell International Inc.,GRID,Infrastructure,2020-03-31,2020-05-20,509739.9,3810,SEC EDGAR ETF_Holdings.csv; CMIN-US ticker resolution,resolved_by_cusip
2020-07-31,HON,Honeywell International Inc.,PPA,Defense,2020-04-30,2020-06-29,51743125.5,364645,SEC EDGAR ETF_Holdings.csv; CMIN-US ticker resolution,resolved_by_cusip
2020-07-31,JD,"JD.com, Inc.",ARKQ,Robotics,2020-04-30,2020-06-26,3722374.6,86366,SEC EDGAR ETF_Holdings.csv; CMIN-US ticker resolution,resolved_by_cusip
2020-07-31,JD,"JD.com, Inc.",EMQQ,Internet,2020-05-31,2020-07-28,34582946.55,636535,SEC EDGAR ETF_Holdings.csv; CMIN-US ticker resolution,resolved_by_cusip
2020-07-31,JD,"JD.com, Inc.",PNQI,Internet,2020-04-30,2020-06-29,14626243.6,339356,SEC EDGAR ETF_Holdings.csv; CMIN-US ticker resolution,resolved_by_cusip
2020-07-31,MSFT,Microsoft Corporation,IGV,Cloud Computing,2020-03-31,2020-06-01,261666596.73,1659163,SEC EDGAR ETF_Holdings.csv; CMIN-US ticker resolution,resolved_by_cusip
2020-07-31,MSFT,Microsoft Corporation,SKYY,Cloud Computing,2020-03-31,2020-05-20,106032848.88,672328,SEC EDGAR ETF_Holdings.csv; CMIN-US ticker resolution,resolved_by_cusip
2020-07-31,NFLX,"Netflix, Inc.",ARKW,Internet,2020-04-30,2020-06-26,13133327.85,31281,SEC EDGAR ETF_Holdings.csv; CMIN-US ticker resolution,resolved_by_cusip
2020-07-31,NFLX,"Netflix, Inc.",FDN,Internet,2020-03-31,2020-05-26,356763301,950102,SEC EDGAR ETF_Holdings.csv; CMIN-US ticker resolution,resolved_by_cusip
2020-07-31,NFLX,"Netflix, Inc.",PNQI,Internet,2020-04-30,2020-06-29,24215268.6,57676,SEC EDGAR ETF_Holdings.csv; CMIN-US ticker resolution,resolved_by_cusip
2020-07-31,NGG,National Grid plc,GRID,Infrastructure,2020-03-31,2020-05-20,205409.12,17580,SEC EDGAR ETF_Holdings.csv; CMIN-US ticker resolution,resolved_by_target_universe_name_match
2020-07-31,NVDA,NVIDIA Corporation,ARKQ,Robotics,2020-04-30,2020-06-26,3167146.08,10836,SEC EDGAR ETF_Holdings.csv; CMIN-US ticker resolution,resolved_by_cusip
2020-07-31,NVDA,NVIDIA Corporation,ARKW,Internet,2020-04-30,2020-06-26,6749329.76,23092,SEC EDGAR ETF_Holdings.csv; CMIN-US ticker resolution,resolved_by_cusip
2020-07-31,NVDA,NVIDIA Corporation,GRID,Infrastructure,2020-03-31,2020-05-20,814787.6,3091,SEC EDGAR ETF_Holdings.csv; CMIN-US ticker resolution,resolved_by_cusip
2020-07-31,NVDA,NVIDIA Corporation,PSI,Semiconductor,2020-04-30,2020-06-29,13052055.68,44656,SEC EDGAR ETF_Holdings.csv; CMIN-US ticker resolution,resolved_by_cusip
2020-07-31,NVDA,NVIDIA Corporation,ROBO,Robotics,2020-04-30,2020-06-26,18518860.8,63360,SEC EDGAR ETF_Holdings.csv; CMIN-US ticker resolution,resolved_by_cusip
2020-07-31,NVDA,NVIDIA Corporation,SMH,Semiconductor,2020-03-31,2020-05-22,145632146.4,552474,SEC EDGAR ETF_Holdings.csv; CMIN-US ticker resolution,resolved_by_cusip
2020-07-31,ORCL,Oracle Corporation,GRID,Infrastructure,2020-03-31,2020-05-20,559999.71,11587,SEC EDGAR ETF_Holdings.csv; CMIN-US ticker resolution,resolved_by_cusip
2020-07-31,ORCL,Oracle Corporation,IGV,Cloud Computing,2020-03-31,2020-06-01,238092622.02,4926394,SEC EDGAR ETF_Holdings.csv; CMIN-US ticker resolution,resolved_by_cusip
2020-07-31,ORCL,Oracle Corporation,SKYY,Cloud Computing,2020-03-31,2020-05-20,87618520.26,1812922,SEC EDGAR ETF_Holdings.csv; CMIN-US ticker resolution,resolved_by_cusip
2020-07-31,PYPL,"PayPal Holdings, Inc.",ARKW,Internet,2020-04-30,2020-06-26,7393407,60109,SEC EDGAR ETF_Holdings.csv; CMIN-US ticker resolution,resolved_by_cusip
2020-07-31,PYPL,"PayPal Holdings, Inc.",FDN,Internet,2020-03-31,2020-05-26,283220557.24,2958226,SEC EDGAR ETF_Holdings.csv; CMIN-US ticker resolution,resolved_by_cusip
2020-07-31,RTX,Raytheon Technologies Corporation,PPA,Defense,2020-04-30,2020-06-29,68341820.95,1054495,SEC EDGAR ETF_Holdings.csv; CMIN-US ticker resolution,resolved_by_cusip
2020-07-31,SNAP,Snap Inc.,ARKW,Internet,2020-04-30,2020-06-26,19001929.62,1079042,SEC EDGAR ETF_Holdings.csv; CMIN-US ticker resolution,resolved_by_cusip
2020-07-31,SNAP,Snap Inc.,FDN,Internet,2020-03-31,2020-05-26,153968877.27,12949443,SEC EDGAR ETF_Holdings.csv; CMIN-US ticker resolution,resolved_by_cusip
2020-07-31,SNAP,Snap Inc.,IGV,Cloud Computing,2020-03-31,2020-06-01,27973745.68,2352712,SEC EDGAR ETF_Holdings.csv; CMIN-US ticker resolution,resolved_by_cusip
2020-07-31,SNAP,Snap Inc.,PNQI,Internet,2020-04-30,2020-06-29,7499588.31,425871,SEC EDGAR ETF_Holdings.csv; CMIN-US ticker resolution,resolved_by_cusip
2020-07-31,TMO,Thermo Fisher Scientific Inc.,IHI,Healthcare Innovation,2020-03-31,2020-06-01,467825709.2,1649597,SEC EDGAR ETF_Holdings.csv; CMIN-US ticker resolution,resolved_by_cusip
2020-07-31,TSLA,"Tesla, Inc.",ARKQ,Robotics,2020-04-30,2020-06-26,25325093.2,32390,SEC EDGAR ETF_Holdings.csv; CMIN-US ticker resolution,resolved_by_cusip
2020-07-31,TSLA,"Tesla, Inc.",ARKW,Internet,2020-04-30,2020-06-26,75063607.52,96004,SEC EDGAR ETF_Holdings.csv; CMIN-US ticker resolution,resolved_by_cusip
2020-07-31,TSLA,"Tesla, Inc.",GRID,Infrastructure,2020-03-31,2020-05-20,348460,665,SEC EDGAR ETF_Holdings.csv; CMIN-US ticker resolution,resolved_by_cusip
2020-07-31,TSLA,"Tesla, Inc.",LIT,Battery,2020-04-30,2020-06-26,60404921.28,77256,SEC EDGAR ETF_Holdings.csv; CMIN-US ticker resolution,resolved_by_cusip
2020-07-31,TSLA,"Tesla, Inc.",PBD,Clean Energy,2020-04-30,2020-06-29,913235.84,1168,SEC EDGAR ETF_Holdings.csv; CMIN-US ticker resolution,resolved_by_cusip
2020-07-31,TSLA,"Tesla, Inc.",PBW,Clean Energy,2020-04-30,2020-06-29,8699978.76,11127,SEC EDGAR ETF_Holdings.csv; CMIN-US ticker resolution,resolved_by_cusip
2020-07-31,TSLA,"Tesla, Inc.",QCLN,Clean Energy,2020-03-31,2020-05-26,22808672,43528,SEC EDGAR ETF_Holdings.csv; CMIN-US ticker resolution,resolved_by_cusip
2020-07-31,TSLA,"Tesla, Inc.",SMOG,Clean Energy,2020-03-31,2020-05-22,6772700,12925,SEC EDGAR ETF_Holdings.csv; CMIN-US ticker resolution,resolved_by_cusip
2020-08-31,AAPL,Apple Inc.,ARKQ,Robotics,2020-04-30,2020-06-26,4014189.4,13663,SEC EDGAR ETF_Holdings.csv; CMIN-US ticker resolution,resolved_by_cusip
2020-08-31,AAPL,Apple Inc.,ARKW,Internet,2020-04-30,2020-06-26,13076156.6,44507,SEC EDGAR ETF_Holdings.csv; CMIN-US ticker resolution,resolved_by_cusip
2020-08-31,ABBV,AbbVie Inc.,XBI,Biotechnology,2020-06-30,2020-08-27,54417541.34,554263,SEC EDGAR ETF_Holdings.csv; CMIN-US ticker resolution,resolved_by_cusip
2020-08-31,ABT,Abbott Laboratories,IHI,Healthcare Innovation,2020-06-30,2020-08-27,905231972.6,9900820,SEC EDGAR ETF_Holdings.csv; CMIN-US ticker resolution,resolved_by_cusip
2020-08-31,ADBE,Adobe Inc.,ARKW,Internet,2020-04-30,2020-06-26,9998817.36,28274,SEC EDGAR ETF_Holdings.csv; CMIN-US ticker resolution,resolved_by_cusip
2020-08-31,ADBE,Adobe Inc.,IGV,Cloud Computing,2020-06-30,2020-08-27,419740702.54,964234,SEC EDGAR ETF_Holdings.csv; CMIN-US ticker resolution,resolved_by_cusip
2020-08-31,ADBE,Adobe Inc.,PNQI,Internet,2020-04-30,2020-06-29,43633871.4,123385,SEC EDGAR ETF_Holdings.csv; CMIN-US ticker resolution,resolved_by_cusip
2020-08-31,ADBE,Adobe Inc.,SKYY,Cloud Computing,2020-06-30,2020-08-26,94543672.97,217187,SEC EDGAR ETF_Holdings.csv; CMIN-US ticker resolution,resolved_by_cusip
2020-08-31,AMZN,"Amazon.com, Inc.",ARKQ,Robotics,2020-04-30,2020-06-26,4450726,1799,SEC EDGAR ETF_Holdings.csv; CMIN-US ticker resolution,resolved_by_cusip
2020-08-31,AMZN,"Amazon.com, Inc.",ARKW,Internet,2020-04-30,2020-06-26,23181380,9370,SEC EDGAR ETF_Holdings.csv; CMIN-US ticker resolution,resolved_by_cusip
2020-08-31,AMZN,"Amazon.com, Inc.",FDN,Internet,2020-06-30,2020-08-21,898757344.32,325776,SEC EDGAR ETF_Holdings.csv; CMIN-US ticker resolution,resolved_by_cusip
2020-08-31,AMZN,"Amazon.com, Inc.",PNQI,Internet,2020-04-30,2020-06-29,55927244,22606,SEC EDGAR ETF_Holdings.csv; CMIN-US ticker resolution,resolved_by_cusip
2020-08-31,AMZN,"Amazon.com, Inc.",SKYY,Cloud Computing,2020-06-30,2020-08-26,189701980.84,68762,SEC EDGAR ETF_Holdings.csv; CMIN-US ticker resolution,resolved_by_cusip
2020-08-31,APD,"Air Products and Chemicals, Inc.",PBW,Clean Energy,2020-04-30,2020-06-29,6367446.66,28227,SEC EDGAR ETF_Holdings.csv; CMIN-US ticker resolution,resolved_by_cusip
2020-08-31,AVGO,Broadcom Inc.,CIBR,Cybersecurity,2020-06-30,2020-08-26,117961762.38,373758,SEC EDGAR ETF_Holdings.csv; CMIN-US ticker resolution,resolved_by_cusip
2020-08-31,AVGO,Broadcom Inc.,SMH,Semiconductor,2020-06-30,2020-08-27,109358549.39,346499,SEC EDGAR ETF_Holdings.csv; CMIN-US ticker resolution,resolved_by_cusip
2020-08-31,BABA,Alibaba Group Holding Limited,ARKW,Internet,2020-04-30,2020-06-26,11619476.44,57332,SEC EDGAR ETF_Holdings.csv; CMIN-US ticker resolution,resolved_by_cusip
2020-08-31,BABA,Alibaba Group Holding Limited,EMQQ,Internet,2020-05-31,2020-07-28,38307214.29,184711,SEC EDGAR ETF_Holdings.csv; CMIN-US ticker resolution,resolved_by_cusip
2020-08-31,BABA,Alibaba Group Holding Limited,PNQI,Internet,2020-04-30,2020-06-29,41493034.44,204732,SEC EDGAR ETF_Holdings.csv; CMIN-US ticker resolution,resolved_by_cusip
2020-08-31,BABA,Alibaba Group Holding Limited,SKYY,Cloud Computing,2020-06-30,2020-08-26,174655741.2,809716,SEC EDGAR ETF_Holdings.csv; CMIN-US ticker resolution,resolved_by_cusip
2020-08-31,CAT,Caterpillar Inc.,ARKQ,Robotics,2020-04-30,2020-06-26,3880225.58,33341,SEC EDGAR ETF_Holdings.csv; CMIN-US ticker resolution,resolved_by_cusip
2020-08-31,CSCO,"Cisco Systems, Inc.",CIBR,Cybersecurity,2020-06-30,2020-08-26,106177685.68,2276537,SEC EDGAR ETF_Holdings.csv; CMIN-US ticker resolution,resolved_by_cusip
2020-08-31,CSCO,"Cisco Systems, Inc.",FDN,Internet,2020-06-30,2020-08-21,446257023.52,9568118,SEC EDGAR ETF_Holdings.csv; CMIN-US ticker resolution,resolved_by_cusip
2020-08-31,CSCO,"Cisco Systems, Inc.",GRID,Infrastructure,2020-06-30,2020-08-26,721893.92,15478,SEC EDGAR ETF_Holdings.csv; CMIN-US ticker resolution,resolved_by_cusip
2020-08-31,CSCO,"Cisco Systems, Inc.",HACK,Cybersecurity,2020-06-30,2020-08-26,54314285.52,1164543,SEC EDGAR ETF_Holdings.csv; CMIN-US ticker resolution,resolved_by_cusip
2020-08-31,CSCO,"Cisco Systems, Inc.",SKYY,Cloud Computing,2020-06-30,2020-08-26,109188251.04,2341086,SEC EDGAR ETF_Holdings.csv; CMIN-US ticker resolution,resolved_by_cusip
2020-08-31,D,"Dominion Energy, Inc.",NLR,Nuclear,2020-06-30,2020-08-27,1426089.06,17567,SEC EDGAR ETF_Holdings.csv; CMIN-US ticker resolution,resolved_by_cusip
2020-08-31,DE,Deere & Company,ARKQ,Robotics,2020-04-30,2020-06-26,2687526.62,18527,SEC EDGAR ETF_Holdings.csv; CMIN-US ticker resolution,resolved_by_cusip
2020-08-31,DE,Deere & Company,MOO,Agribusiness,2020-06-30,2020-08-27,38416417.55,244457,SEC EDGAR ETF_Holdings.csv; CMIN-US ticker resolution,resolved_by_cusip
2020-08-31,DE,Deere & Company,ROBO,Robotics,2020-04-30,2020-06-26,9175625.24,63254,SEC EDGAR ETF_Holdings.csv; CMIN-US ticker resolution,resolved_by_cusip
2020-08-31,DHR,Danaher Corporation,CGW,Water,2020-04-30,2020-06-29,32953045.62,201597,SEC EDGAR ETF_Holdings.csv; CMIN-US ticker resolution,resolved_by_cusip
2020-08-31,DHR,Danaher Corporation,IHI,Healthcare Innovation,2020-06-30,2020-08-27,585320739.08,3310076,SEC EDGAR ETF_Holdings.csv; CMIN-US ticker resolution,resolved_by_cusip
2020-08-31,DHR,Danaher Corporation,PHO,Water,2020-04-30,2020-06-29,93187401.78,570093,SEC EDGAR ETF_Holdings.csv; CMIN-US ticker resolution,resolved_by_cusip
2020-08-31,DHR,Danaher Corporation,PIO,Water,2020-04-30,2020-06-29,17447883.86,106741,SEC EDGAR ETF_Holdings.csv; CMIN-US ticker resolution,resolved_by_cusip
2020-08-31,DUK,Duke Energy Corporation,NLR,Nuclear,2020-06-30,2020-08-27,1353815.94,16946,SEC EDGAR ETF_Holdings.csv; CMIN-US ticker resolution,resolved_by_cusip
2020-08-31,ECL,Ecolab Inc.,PHO,Water,2020-04-30,2020-06-29,88384801.5,456769,SEC EDGAR ETF_Holdings.csv; CMIN-US ticker resolution,resolved_by_cusip
2020-08-31,ECL,Ecolab Inc.,PIO,Water,2020-04-30,2020-06-29,14804104.5,76507,SEC EDGAR ETF_Holdings.csv; CMIN-US ticker resolution,resolved_by_cusip
2020-08-31,EXC,Exelon Corporation,NLR,Nuclear,2020-06-30,2020-08-27,1213283.57,33433,SEC EDGAR ETF_Holdings.csv; CMIN-US ticker resolution,resolved_by_cusip
2020-08-31,FB,"Meta Platforms, Inc.",ARKW,Internet,2020-04-30,2020-06-26,7405179.54,36174,SEC EDGAR ETF_Holdings.csv; CMIN-US ticker resolution,resolved_by_cusip
2020-08-31,FB,"Meta Platforms, Inc.",FDN,Internet,2020-06-30,2020-08-21,623683177.92,2746656,SEC EDGAR ETF_Holdings.csv; CMIN-US ticker resolution,resolved_by_cusip
2020-08-31,FB,"Meta Platforms, Inc.",PNQI,Internet,2020-04-30,2020-06-29,45292906.34,221254,SEC EDGAR ETF_Holdings.csv; CMIN-US ticker resolution,resolved_by_cusip
2020-08-31,GOOG,Alphabet Inc.,ARKQ,Robotics,2020-04-30,2020-06-26,1936675.76,1436,SEC EDGAR ETF_Holdings.csv; CMIN-US ticker resolution,resolved_by_cusip
2020-08-31,GOOG,Alphabet Inc.,FDN,Internet,2020-06-30,2020-08-21,748773897.68,528848,SEC EDGAR ETF_Holdings.csv; CMIN-US ticker resolution,resolved_by_cusip
2020-08-31,GOOG,Alphabet Inc.,PNQI,Internet,2020-04-30,2020-06-29,42880644.7,31795,SEC EDGAR ETF_Holdings.csv; CMIN-US ticker resolution,resolved_by_cusip
2020-08-31,GOOG,Alphabet Inc.,SKYY,Cloud Computing,2020-06-30,2020-08-26,166113213.1,117142,SEC EDGAR ETF_Holdings.csv; CMIN-US ticker resolution,resolved_by_cusip
2020-08-31,HON,Honeywell International Inc.,GRID,Infrastructure,2020-06-30,2020-08-26,634171.74,4386,SEC EDGAR ETF_Holdings.csv; CMIN-US ticker resolution,resolved_by_cusip
2020-08-31,HON,Honeywell International Inc.,PPA,Defense,2020-04-30,2020-06-29,51743125.5,364645,SEC EDGAR ETF_Holdings.csv; CMIN-US ticker resolution,resolved_by_cusip
2020-08-31,JD,"JD.com, Inc.",ARKQ,Robotics,2020-04-30,2020-06-26,3722374.6,86366,SEC EDGAR ETF_Holdings.csv; CMIN-US ticker resolution,resolved_by_cusip
2020-08-31,JD,"JD.com, Inc.",EMQQ,Internet,2020-05-31,2020-07-28,34582946.55,636535,SEC EDGAR ETF_Holdings.csv; CMIN-US ticker resolution,resolved_by_cusip
2020-08-31,JD,"JD.com, Inc.",PNQI,Internet,2020-04-30,2020-06-29,14626243.6,339356,SEC EDGAR ETF_Holdings.csv; CMIN-US ticker resolution,resolved_by_cusip
2020-08-31,MSFT,Microsoft Corporation,IGV,Cloud Computing,2020-06-30,2020-08-27,408411397.87,2006837,SEC EDGAR ETF_Holdings.csv; CMIN-US ticker resolution,resolved_by_cusip
2020-08-31,MSFT,Microsoft Corporation,SKYY,Cloud Computing,2020-06-30,2020-08-26,186492086.78,916378,SEC EDGAR ETF_Holdings.csv; CMIN-US ticker resolution,resolved_by_cusip
2020-08-31,NFLX,"Netflix, Inc.",ARKW,Internet,2020-04-30,2020-06-26,13133327.85,31281,SEC EDGAR ETF_Holdings.csv; CMIN-US ticker resolution,resolved_by_cusip
2020-08-31,NFLX,"Netflix, Inc.",FDN,Internet,2020-06-30,2020-08-21,464131244.16,1019979,SEC EDGAR ETF_Holdings.csv; CMIN-US ticker resolution,resolved_by_cusip
2020-08-31,NFLX,"Netflix, Inc.",PNQI,Internet,2020-04-30,2020-06-29,24215268.6,57676,SEC EDGAR ETF_Holdings.csv; CMIN-US ticker resolution,resolved_by_cusip
2020-08-31,NGG,National Grid plc,GRID,Infrastructure,2020-06-30,2020-08-26,248887.25,20400,SEC EDGAR ETF_Holdings.csv; CMIN-US ticker resolution,resolved_by_target_universe_name_match
2020-08-31,NVDA,NVIDIA Corporation,ARKQ,Robotics,2020-04-30,2020-06-26,3167146.08,10836,SEC EDGAR ETF_Holdings.csv; CMIN-US ticker resolution,resolved_by_cusip
2020-08-31,NVDA,NVIDIA Corporation,ARKW,Internet,2020-04-30,2020-06-26,6749329.76,23092,SEC EDGAR ETF_Holdings.csv; CMIN-US ticker resolution,resolved_by_cusip
2020-08-31,NVDA,NVIDIA Corporation,GRID,Infrastructure,2020-06-30,2020-08-26,792112.35,2085,SEC EDGAR ETF_Holdings.csv; CMIN-US ticker resolution,resolved_by_cusip
2020-08-31,NVDA,NVIDIA Corporation,PSI,Semiconductor,2020-04-30,2020-06-29,13052055.68,44656,SEC EDGAR ETF_Holdings.csv; CMIN-US ticker resolution,resolved_by_cusip
2020-08-31,NVDA,NVIDIA Corporation,ROBO,Robotics,2020-04-30,2020-06-26,18518860.8,63360,SEC EDGAR ETF_Holdings.csv; CMIN-US ticker resolution,resolved_by_cusip
2020-08-31,NVDA,NVIDIA Corporation,SMH,Semiconductor,2020-06-30,2020-08-27,184059176.71,484481,SEC EDGAR ETF_Holdings.csv; CMIN-US ticker resolution,resolved_by_cusip
2020-08-31,ORCL,Oracle Corporation,GRID,Infrastructure,2020-06-30,2020-08-26,697175.78,12614,SEC EDGAR ETF_Holdings.csv; CMIN-US ticker resolution,resolved_by_cusip
2020-08-31,ORCL,Oracle Corporation,IGV,Cloud Computing,2020-06-30,2020-08-27,372185858.66,6733958,SEC EDGAR ETF_Holdings.csv; CMIN-US ticker resolution,resolved_by_cusip
2020-08-31,ORCL,Oracle Corporation,SKYY,Cloud Computing,2020-06-30,2020-08-26,172610641.88,3123044,SEC EDGAR ETF_Holdings.csv; CMIN-US ticker resolution,resolved_by_cusip
2020-08-31,PYPL,"PayPal Holdings, Inc.",ARKW,Internet,2020-04-30,2020-06-26,7393407,60109,SEC EDGAR ETF_Holdings.csv; CMIN-US ticker resolution,resolved_by_cusip
2020-08-31,PYPL,"PayPal Holdings, Inc.",FDN,Internet,2020-06-30,2020-08-21,478917674.41,2748767,SEC EDGAR ETF_Holdings.csv; CMIN-US ticker resolution,resolved_by_cusip
2020-08-31,RTX,Raytheon Technologies Corporation,PPA,Defense,2020-04-30,2020-06-29,68341820.95,1054495,SEC EDGAR ETF_Holdings.csv; CMIN-US ticker resolution,resolved_by_cusip
2020-08-31,RTX,Raytheon Technologies Corporation,XAR,Defense,2020-06-30,2020-08-27,51185947.02,830671,SEC EDGAR ETF_Holdings.csv; CMIN-US ticker resolution,resolved_by_cusip
2020-08-31,SNAP,Snap Inc.,ARKW,Internet,2020-04-30,2020-06-26,19001929.62,1079042,SEC EDGAR ETF_Holdings.csv; CMIN-US ticker resolution,resolved_by_cusip
2020-08-31,SNAP,Snap Inc.,FDN,Internet,2020-06-30,2020-08-21,216212812.38,9204462,SEC EDGAR ETF_Holdings.csv; CMIN-US ticker resolution,resolved_by_cusip
2020-08-31,SNAP,Snap Inc.,IGV,Cloud Computing,2020-06-30,2020-08-27,62322470.01,2653149,SEC EDGAR ETF_Holdings.csv; CMIN-US ticker resolution,resolved_by_cusip
2020-08-31,SNAP,Snap Inc.,PNQI,Internet,2020-04-30,2020-06-29,7499588.31,425871,SEC EDGAR ETF_Holdings.csv; CMIN-US ticker resolution,resolved_by_cusip
2020-08-31,TMO,Thermo Fisher Scientific Inc.,IHI,Healthcare Innovation,2020-06-30,2020-08-27,801041343.3,2210745,SEC EDGAR ETF_Holdings.csv; CMIN-US ticker resolution,resolved_by_cusip
2020-08-31,TSLA,"Tesla, Inc.",ARKQ,Robotics,2020-04-30,2020-06-26,25325093.2,32390,SEC EDGAR ETF_Holdings.csv; CMIN-US ticker resolution,resolved_by_cusip
2020-08-31,TSLA,"Tesla, Inc.",ARKW,Internet,2020-04-30,2020-06-26,75063607.52,96004,SEC EDGAR ETF_Holdings.csv; CMIN-US ticker resolution,resolved_by_cusip
2020-08-31,TSLA,"Tesla, Inc.",GRID,Infrastructure,2020-06-30,2020-08-26,862768.19,799,SEC EDGAR ETF_Holdings.csv; CMIN-US ticker resolution,resolved_by_cusip
2020-08-31,TSLA,"Tesla, Inc.",LIT,Battery,2020-04-30,2020-06-26,60404921.28,77256,SEC EDGAR ETF_Holdings.csv; CMIN-US ticker resolution,resolved_by_cusip
2020-08-31,TSLA,"Tesla, Inc.",PBD,Clean Energy,2020-04-30,2020-06-29,913235.84,1168,SEC EDGAR ETF_Holdings.csv; CMIN-US ticker resolution,resolved_by_cusip
2020-08-31,TSLA,"Tesla, Inc.",PBW,Clean Energy,2020-04-30,2020-06-29,8699978.76,11127,SEC EDGAR ETF_Holdings.csv; CMIN-US ticker resolution,resolved_by_cusip
2020-08-31,TSLA,"Tesla, Inc.",QCLN,Clean Energy,2020-06-30,2020-08-21,23037746.35,21335,SEC EDGAR ETF_Holdings.csv; CMIN-US ticker resolution,resolved_by_cusip
2020-08-31,TSLA,"Tesla, Inc.",SMOG,Clean Energy,2020-06-30,2020-08-27,10821855.82,10022,SEC EDGAR ETF_Holdings.csv; CMIN-US ticker resolution,resolved_by_cusip
2020-09-30,AAPL,Apple Inc.,ARKQ,Robotics,2020-07-31,2020-09-25,9594852.96,22574,SEC EDGAR ETF_Holdings.csv; CMIN-US ticker resolution,resolved_by_cusip
2020-09-30,AAPL,Apple Inc.,ARKW,Internet,2020-07-31,2020-09-25,29484174.72,69368,SEC EDGAR ETF_Holdings.csv; CMIN-US ticker resolution,resolved_by_cusip
2020-09-30,ABBV,AbbVie Inc.,XBI,Biotechnology,2020-06-30,2020-08-27,54417541.34,554263,SEC EDGAR ETF_Holdings.csv; CMIN-US ticker resolution,resolved_by_cusip
2020-09-30,ABT,Abbott Laboratories,IHI,Healthcare Innovation,2020-06-30,2020-08-27,905231972.6,9900820,SEC EDGAR ETF_Holdings.csv; CMIN-US ticker resolution,resolved_by_cusip
2020-09-30,ADBE,Adobe Inc.,ARKW,Internet,2020-07-31,2020-09-25,19329252.96,43503,SEC EDGAR ETF_Holdings.csv; CMIN-US ticker resolution,resolved_by_cusip
2020-09-30,ADBE,Adobe Inc.,IGV,Cloud Computing,2020-06-30,2020-08-27,419740702.54,964234,SEC EDGAR ETF_Holdings.csv; CMIN-US ticker resolution,resolved_by_cusip
2020-09-30,ADBE,Adobe Inc.,PNQI,Internet,2020-07-31,2020-09-28,60849624,136950,SEC EDGAR ETF_Holdings.csv; CMIN-US ticker resolution,resolved_by_cusip
2020-09-30,ADBE,Adobe Inc.,SKYY,Cloud Computing,2020-06-30,2020-08-26,94543672.97,217187,SEC EDGAR ETF_Holdings.csv; CMIN-US ticker resolution,resolved_by_cusip
2020-09-30,AMZN,"Amazon.com, Inc.",ARKQ,Robotics,2020-07-31,2020-09-25,8437036.88,2666,SEC EDGAR ETF_Holdings.csv; CMIN-US ticker resolution,resolved_by_cusip
2020-09-30,AMZN,"Amazon.com, Inc.",ARKW,Internet,2020-07-31,2020-09-25,51131734.76,16157,SEC EDGAR ETF_Holdings.csv; CMIN-US ticker resolution,resolved_by_cusip
2020-09-30,AMZN,"Amazon.com, Inc.",FDN,Internet,2020-06-30,2020-08-21,898757344.32,325776,SEC EDGAR ETF_Holdings.csv; CMIN-US ticker resolution,resolved_by_cusip
2020-09-30,AMZN,"Amazon.com, Inc.",PNQI,Internet,2020-07-31,2020-09-28,68613427.08,21681,SEC EDGAR ETF_Holdings.csv; CMIN-US ticker resolution,resolved_by_cusip
2020-09-30,AMZN,"Amazon.com, Inc.",SKYY,Cloud Computing,2020-06-30,2020-08-26,189701980.84,68762,SEC EDGAR ETF_Holdings.csv; CMIN-US ticker resolution,resolved_by_cusip
2020-09-30,APD,"Air Products and Chemicals, Inc.",PBW,Clean Energy,2020-07-31,2020-09-29,11237329.15,39205,SEC EDGAR ETF_Holdings.csv; CMIN-US ticker resolution,resolved_by_cusip
2020-09-30,AVGO,Broadcom Inc.,CIBR,Cybersecurity,2020-06-30,2020-08-26,117961762.38,373758,SEC EDGAR ETF_Holdings.csv; CMIN-US ticker resolution,resolved_by_cusip
2020-09-30,AVGO,Broadcom Inc.,PSI,Semiconductor,2020-07-31,2020-09-28,13521107.25,42687,SEC EDGAR ETF_Holdings.csv; CMIN-US ticker resolution,resolved_by_cusip
2020-09-30,AVGO,Broadcom Inc.,SMH,Semiconductor,2020-06-30,2020-08-27,109358549.39,346499,SEC EDGAR ETF_Holdings.csv; CMIN-US ticker resolution,resolved_by_cusip
2020-09-30,BABA,Alibaba Group Holding Limited,ARKW,Internet,2020-07-31,2020-09-25,32918511.78,131139,SEC EDGAR ETF_Holdings.csv; CMIN-US ticker resolution,resolved_by_cusip
2020-09-30,BABA,Alibaba Group Holding Limited,EMQQ,Internet,2020-05-31,2020-07-28,38307214.29,184711,SEC EDGAR ETF_Holdings.csv; CMIN-US ticker resolution,resolved_by_cusip
2020-09-30,BABA,Alibaba Group Holding Limited,PNQI,Internet,2020-07-31,2020-09-28,64084401.92,255296,SEC EDGAR ETF_Holdings.csv; CMIN-US ticker resolution,resolved_by_cusip
2020-09-30,BABA,Alibaba Group Holding Limited,SKYY,Cloud Computing,2020-06-30,2020-08-26,174655741.2,809716,SEC EDGAR ETF_Holdings.csv; CMIN-US ticker resolution,resolved_by_cusip
2020-09-30,CAT,Caterpillar Inc.,ARKQ,Robotics,2020-07-31,2020-09-25,12635027.68,95086,SEC EDGAR ETF_Holdings.csv; CMIN-US ticker resolution,resolved_by_cusip
2020-09-30,CSCO,"Cisco Systems, Inc.",CIBR,Cybersecurity,2020-06-30,2020-08-26,106177685.68,2276537,SEC EDGAR ETF_Holdings.csv; CMIN-US ticker resolution,resolved_by_cusip
2020-09-30,CSCO,"Cisco Systems, Inc.",FDN,Internet,2020-06-30,2020-08-21,446257023.52,9568118,SEC EDGAR ETF_Holdings.csv; CMIN-US ticker resolution,resolved_by_cusip
2020-09-30,CSCO,"Cisco Systems, Inc.",GRID,Infrastructure,2020-06-30,2020-08-26,721893.92,15478,SEC EDGAR ETF_Holdings.csv; CMIN-US ticker resolution,resolved_by_cusip
2020-09-30,CSCO,"Cisco Systems, Inc.",HACK,Cybersecurity,2020-06-30,2020-08-26,54314285.52,1164543,SEC EDGAR ETF_Holdings.csv; CMIN-US ticker resolution,resolved_by_cusip
2020-09-30,CSCO,"Cisco Systems, Inc.",SKYY,Cloud Computing,2020-06-30,2020-08-26,109188251.04,2341086,SEC EDGAR ETF_Holdings.csv; CMIN-US ticker resolution,resolved_by_cusip
2020-09-30,D,"Dominion Energy, Inc.",NLR,Nuclear,2020-06-30,2020-08-27,1426089.06,17567,SEC EDGAR ETF_Holdings.csv; CMIN-US ticker resolution,resolved_by_cusip
2020-09-30,DE,Deere & Company,ARKQ,Robotics,2020-07-31,2020-09-25,14571492.57,82647,SEC EDGAR ETF_Holdings.csv; CMIN-US ticker resolution,resolved_by_cusip
2020-09-30,DE,Deere & Company,MOO,Agribusiness,2020-06-30,2020-08-27,38416417.55,244457,SEC EDGAR ETF_Holdings.csv; CMIN-US ticker resolution,resolved_by_cusip
2020-09-30,DE,Deere & Company,ROBO,Robotics,2020-07-31,2020-09-25,13607253.18,77178,SEC EDGAR ETF_Holdings.csv; CMIN-US ticker resolution,resolved_by_cusip
2020-09-30,DHR,Danaher Corporation,CGW,Water,2020-07-31,2020-09-29,41373234.2,203009,SEC EDGAR ETF_Holdings.csv; CMIN-US ticker resolution,resolved_by_cusip
2020-09-30,DHR,Danaher Corporation,IHI,Healthcare Innovation,2020-06-30,2020-08-27,585320739.08,3310076,SEC EDGAR ETF_Holdings.csv; CMIN-US ticker resolution,resolved_by_cusip
2020-09-30,DHR,Danaher Corporation,PHO,Water,2020-07-31,2020-09-29,99861592.4,489998,SEC EDGAR ETF_Holdings.csv; CMIN-US ticker resolution,resolved_by_cusip
2020-09-30,DHR,Danaher Corporation,PIO,Water,2020-07-31,2020-09-29,18688867.6,91702,SEC EDGAR ETF_Holdings.csv; CMIN-US ticker resolution,resolved_by_cusip
2020-09-30,DUK,Duke Energy Corporation,NLR,Nuclear,2020-06-30,2020-08-27,1353815.94,16946,SEC EDGAR ETF_Holdings.csv; CMIN-US ticker resolution,resolved_by_cusip
2020-09-30,ECL,Ecolab Inc.,PHO,Water,2020-07-31,2020-09-29,71845454.88,384036,SEC EDGAR ETF_Holdings.csv; CMIN-US ticker resolution,resolved_by_cusip
2020-09-30,ECL,Ecolab Inc.,PIO,Water,2020-07-31,2020-09-29,13444878.36,71867,SEC EDGAR ETF_Holdings.csv; CMIN-US ticker resolution,resolved_by_cusip
2020-09-30,EXC,Exelon Corporation,NLR,Nuclear,2020-06-30,2020-08-27,1213283.57,33433,SEC EDGAR ETF_Holdings.csv; CMIN-US ticker resolution,resolved_by_cusip
2020-09-30,FB,"Meta Platforms, Inc.",ARKW,Internet,2020-07-31,2020-09-25,47411684.01,186903,SEC EDGAR ETF_Holdings.csv; CMIN-US ticker resolution,resolved_by_cusip
2020-09-30,FB,"Meta Platforms, Inc.",FDN,Internet,2020-06-30,2020-08-21,623683177.92,2746656,SEC EDGAR ETF_Holdings.csv; CMIN-US ticker resolution,resolved_by_cusip
2020-09-30,FB,"Meta Platforms, Inc.",PNQI,Internet,2020-07-31,2020-09-28,59673077.13,235239,SEC EDGAR ETF_Holdings.csv; CMIN-US ticker resolution,resolved_by_cusip
2020-09-30,GOOG,Alphabet Inc.,ARKQ,Robotics,2020-07-31,2020-09-25,16953198.72,11432,SEC EDGAR ETF_Holdings.csv; CMIN-US ticker resolution,resolved_by_cusip
2020-09-30,GOOG,Alphabet Inc.,FDN,Internet,2020-06-30,2020-08-21,748773897.68,528848,SEC EDGAR ETF_Holdings.csv; CMIN-US ticker resolution,resolved_by_cusip
2020-09-30,GOOG,Alphabet Inc.,PNQI,Internet,2020-07-31,2020-09-28,54951082.8,37055,SEC EDGAR ETF_Holdings.csv; CMIN-US ticker resolution,resolved_by_cusip
2020-09-30,GOOG,Alphabet Inc.,SKYY,Cloud Computing,2020-06-30,2020-08-26,166113213.1,117142,SEC EDGAR ETF_Holdings.csv; CMIN-US ticker resolution,resolved_by_cusip
2020-09-30,HON,Honeywell International Inc.,GRID,Infrastructure,2020-06-30,2020-08-26,634171.74,4386,SEC EDGAR ETF_Holdings.csv; CMIN-US ticker resolution,resolved_by_cusip
2020-09-30,HON,Honeywell International Inc.,PPA,Defense,2020-07-31,2020-09-29,52008841.56,348188,SEC EDGAR ETF_Holdings.csv; CMIN-US ticker resolution,resolved_by_cusip
2020-09-30,JD,"JD.com, Inc.",ARKQ,Robotics,2020-07-31,2020-09-25,14527853.55,227745,SEC EDGAR ETF_Holdings.csv; CMIN-US ticker resolution,resolved_by_cusip
2020-09-30,JD,"JD.com, Inc.",EMQQ,Internet,2020-05-31,2020-07-28,34582946.55,636535,SEC EDGAR ETF_Holdings.csv; CMIN-US ticker resolution,resolved_by_cusip
2020-09-30,JD,"JD.com, Inc.",PNQI,Internet,2020-07-31,2020-09-28,22099088.65,346435,SEC EDGAR ETF_Holdings.csv; CMIN-US ticker resolution,resolved_by_cusip
2020-09-30,MSFT,Microsoft Corporation,IGV,Cloud Computing,2020-06-30,2020-08-27,408411397.87,2006837,SEC EDGAR ETF_Holdings.csv; CMIN-US ticker resolution,resolved_by_cusip
2020-09-30,MSFT,Microsoft Corporation,SKYY,Cloud Computing,2020-06-30,2020-08-26,186492086.78,916378,SEC EDGAR ETF_Holdings.csv; CMIN-US ticker resolution,resolved_by_cusip
2020-09-30,NFLX,"Netflix, Inc.",ARKW,Internet,2020-07-31,2020-09-25,30745174.32,62889,SEC EDGAR ETF_Holdings.csv; CMIN-US ticker resolution,resolved_by_cusip
2020-09-30,NFLX,"Netflix, Inc.",FDN,Internet,2020-06-30,2020-08-21,464131244.16,1019979,SEC EDGAR ETF_Holdings.csv; CMIN-US ticker resolution,resolved_by_cusip
2020-09-30,NFLX,"Netflix, Inc.",PNQI,Internet,2020-07-31,2020-09-28,30844905.84,63093,SEC EDGAR ETF_Holdings.csv; CMIN-US ticker resolution,resolved_by_cusip
2020-09-30,NGG,National Grid plc,GRID,Infrastructure,2020-06-30,2020-08-26,248887.25,20400,SEC EDGAR ETF_Holdings.csv; CMIN-US ticker resolution,resolved_by_target_universe_name_match
2020-09-30,NVDA,NVIDIA Corporation,ARKQ,Robotics,2020-07-31,2020-09-25,6750131.82,15898,SEC EDGAR ETF_Holdings.csv; CMIN-US ticker resolution,resolved_by_cusip
2020-09-30,NVDA,NVIDIA Corporation,ARKW,Internet,2020-07-31,2020-09-25,17903686.53,42167,SEC EDGAR ETF_Holdings.csv; CMIN-US ticker resolution,resolved_by_cusip
2020-09-30,NVDA,NVIDIA Corporation,GRID,Infrastructure,2020-06-30,2020-08-26,792112.35,2085,SEC EDGAR ETF_Holdings.csv; CMIN-US ticker resolution,resolved_by_cusip
2020-09-30,NVDA,NVIDIA Corporation,PSI,Semiconductor,2020-07-31,2020-09-28,15117102.36,35604,SEC EDGAR ETF_Holdings.csv; CMIN-US ticker resolution,resolved_by_cusip
2020-09-30,NVDA,NVIDIA Corporation,ROBO,Robotics,2020-07-31,2020-09-25,21837512.88,51432,SEC EDGAR ETF_Holdings.csv; CMIN-US ticker resolution,resolved_by_cusip
2020-09-30,NVDA,NVIDIA Corporation,SMH,Semiconductor,2020-06-30,2020-08-27,184059176.71,484481,SEC EDGAR ETF_Holdings.csv; CMIN-US ticker resolution,resolved_by_cusip
2020-09-30,ORCL,Oracle Corporation,GRID,Infrastructure,2020-06-30,2020-08-26,697175.78,12614,SEC EDGAR ETF_Holdings.csv; CMIN-US ticker resolution,resolved_by_cusip
2020-09-30,ORCL,Oracle Corporation,IGV,Cloud Computing,2020-06-30,2020-08-27,372185858.66,6733958,SEC EDGAR ETF_Holdings.csv; CMIN-US ticker resolution,resolved_by_cusip
2020-09-30,ORCL,Oracle Corporation,SKYY,Cloud Computing,2020-06-30,2020-08-26,172610641.88,3123044,SEC EDGAR ETF_Holdings.csv; CMIN-US ticker resolution,resolved_by_cusip
2020-09-30,PYPL,"PayPal Holdings, Inc.",ARKW,Internet,2020-07-31,2020-09-25,19847773.96,101228,SEC EDGAR ETF_Holdings.csv; CMIN-US ticker resolution,resolved_by_cusip
2020-09-30,PYPL,"PayPal Holdings, Inc.",FDN,Internet,2020-06-30,2020-08-21,478917674.41,2748767,SEC EDGAR ETF_Holdings.csv; CMIN-US ticker resolution,resolved_by_cusip
2020-09-30,RTX,Raytheon Technologies Corporation,PPA,Defense,2020-07-31,2020-09-29,40977259.44,722958,SEC EDGAR ETF_Holdings.csv; CMIN-US ticker resolution,resolved_by_cusip
2020-09-30,RTX,Raytheon Technologies Corporation,XAR,Defense,2020-06-30,2020-08-27,51185947.02,830671,SEC EDGAR ETF_Holdings.csv; CMIN-US ticker resolution,resolved_by_cusip
2020-09-30,SNAP,Snap Inc.,ARKW,Internet,2020-07-31,2020-09-25,55708050.16,2484748,SEC EDGAR ETF_Holdings.csv; CMIN-US ticker resolution,resolved_by_cusip
2020-09-30,SNAP,Snap Inc.,FDN,Internet,2020-06-30,2020-08-21,216212812.38,9204462,SEC EDGAR ETF_Holdings.csv; CMIN-US ticker resolution,resolved_by_cusip
2020-09-30,SNAP,Snap Inc.,IGV,Cloud Computing,2020-06-30,2020-08-27,62322470.01,2653149,SEC EDGAR ETF_Holdings.csv; CMIN-US ticker resolution,resolved_by_cusip
2020-09-30,SNAP,Snap Inc.,PNQI,Internet,2020-07-31,2020-09-28,9949883.9,443795,SEC EDGAR ETF_Holdings.csv; CMIN-US ticker resolution,resolved_by_cusip
2020-09-30,TMO,Thermo Fisher Scientific Inc.,IHI,Healthcare Innovation,2020-06-30,2020-08-27,801041343.3,2210745,SEC EDGAR ETF_Holdings.csv; CMIN-US ticker resolution,resolved_by_cusip
2020-09-30,TSLA,"Tesla, Inc.",ARKQ,Robotics,2020-07-31,2020-09-25,44309206.44,30969,SEC EDGAR ETF_Holdings.csv; CMIN-US ticker resolution,resolved_by_cusip
2020-09-30,TSLA,"Tesla, Inc.",ARKW,Internet,2020-07-31,2020-09-25,172548225.24,120599,SEC EDGAR ETF_Holdings.csv; CMIN-US ticker resolution,resolved_by_cusip
2020-09-30,TSLA,"Tesla, Inc.",GRID,Infrastructure,2020-06-30,2020-08-26,862768.19,799,SEC EDGAR ETF_Holdings.csv; CMIN-US ticker resolution,resolved_by_cusip
2020-09-30,TSLA,"Tesla, Inc.",LIT,Battery,2020-07-31,2020-09-28,41203026.48,28798,SEC EDGAR ETF_Holdings.csv; CMIN-US ticker resolution,resolved_by_cusip
2020-09-30,TSLA,"Tesla, Inc.",PBD,Clean Energy,2020-07-31,2020-09-29,1088808.36,761,SEC EDGAR ETF_Holdings.csv; CMIN-US ticker resolution,resolved_by_cusip
2020-09-30,TSLA,"Tesla, Inc.",PBW,Clean Energy,2020-07-31,2020-09-29,13955633.04,9754,SEC EDGAR ETF_Holdings.csv; CMIN-US ticker resolution,resolved_by_cusip
2020-09-30,TSLA,"Tesla, Inc.",QCLN,Clean Energy,2020-06-30,2020-08-21,23037746.35,21335,SEC EDGAR ETF_Holdings.csv; CMIN-US ticker resolution,resolved_by_cusip
2020-09-30,TSLA,"Tesla, Inc.",SMOG,Clean Energy,2020-06-30,2020-08-27,10821855.82,10022,SEC EDGAR ETF_Holdings.csv; CMIN-US ticker resolution,resolved_by_cusip
2020-10-31,AAPL,Apple Inc.,ARKQ,Robotics,2020-07-31,2020-09-25,9594852.96,22574,SEC EDGAR ETF_Holdings.csv; CMIN-US ticker resolution,resolved_by_cusip
2020-10-31,AAPL,Apple Inc.,ARKW,Internet,2020-07-31,2020-09-25,29484174.72,69368,SEC EDGAR ETF_Holdings.csv; CMIN-US ticker resolution,resolved_by_cusip
2020-10-31,ABBV,AbbVie Inc.,XBI,Biotechnology,2020-06-30,2020-08-27,54417541.34,554263,SEC EDGAR ETF_Holdings.csv; CMIN-US ticker resolution,resolved_by_cusip
2020-10-31,ABT,Abbott Laboratories,IHI,Healthcare Innovation,2020-06-30,2020-08-27,905231972.6,9900820,SEC EDGAR ETF_Holdings.csv; CMIN-US ticker resolution,resolved_by_cusip
2020-10-31,ADBE,Adobe Inc.,ARKW,Internet,2020-07-31,2020-09-25,19329252.96,43503,SEC EDGAR ETF_Holdings.csv; CMIN-US ticker resolution,resolved_by_cusip
2020-10-31,ADBE,Adobe Inc.,IGV,Cloud Computing,2020-06-30,2020-08-27,419740702.54,964234,SEC EDGAR ETF_Holdings.csv; CMIN-US ticker resolution,resolved_by_cusip
2020-10-31,ADBE,Adobe Inc.,PNQI,Internet,2020-07-31,2020-09-28,60849624,136950,SEC EDGAR ETF_Holdings.csv; CMIN-US ticker resolution,resolved_by_cusip
2020-10-31,ADBE,Adobe Inc.,SKYY,Cloud Computing,2020-06-30,2020-08-26,94543672.97,217187,SEC EDGAR ETF_Holdings.csv; CMIN-US ticker resolution,resolved_by_cusip
2020-10-31,AMZN,"Amazon.com, Inc.",ARKQ,Robotics,2020-07-31,2020-09-25,8437036.88,2666,SEC EDGAR ETF_Holdings.csv; CMIN-US ticker resolution,resolved_by_cusip
2020-10-31,AMZN,"Amazon.com, Inc.",ARKW,Internet,2020-07-31,2020-09-25,51131734.76,16157,SEC EDGAR ETF_Holdings.csv; CMIN-US ticker resolution,resolved_by_cusip
2020-10-31,AMZN,"Amazon.com, Inc.",FDN,Internet,2020-06-30,2020-08-21,898757344.32,325776,SEC EDGAR ETF_Holdings.csv; CMIN-US ticker resolution,resolved_by_cusip
2020-10-31,AMZN,"Amazon.com, Inc.",PNQI,Internet,2020-07-31,2020-09-28,68613427.08,21681,SEC EDGAR ETF_Holdings.csv; CMIN-US ticker resolution,resolved_by_cusip
2020-10-31,AMZN,"Amazon.com, Inc.",SKYY,Cloud Computing,2020-06-30,2020-08-26,189701980.84,68762,SEC EDGAR ETF_Holdings.csv; CMIN-US ticker resolution,resolved_by_cusip
2020-10-31,APD,"Air Products and Chemicals, Inc.",PBW,Clean Energy,2020-07-31,2020-09-29,11237329.15,39205,SEC EDGAR ETF_Holdings.csv; CMIN-US ticker resolution,resolved_by_cusip
2020-10-31,AVGO,Broadcom Inc.,CIBR,Cybersecurity,2020-06-30,2020-08-26,117961762.38,373758,SEC EDGAR ETF_Holdings.csv; CMIN-US ticker resolution,resolved_by_cusip
2020-10-31,AVGO,Broadcom Inc.,PSI,Semiconductor,2020-07-31,2020-09-28,13521107.25,42687,SEC EDGAR ETF_Holdings.csv; CMIN-US ticker resolution,resolved_by_cusip
2020-10-31,AVGO,Broadcom Inc.,SMH,Semiconductor,2020-06-30,2020-08-27,109358549.39,346499,SEC EDGAR ETF_Holdings.csv; CMIN-US ticker resolution,resolved_by_cusip
2020-10-31,BABA,Alibaba Group Holding Limited,ARKW,Internet,2020-07-31,2020-09-25,32918511.78,131139,SEC EDGAR ETF_Holdings.csv; CMIN-US ticker resolution,resolved_by_cusip
2020-10-31,BABA,Alibaba Group Holding Limited,EMQQ,Internet,2020-08-31,2020-10-23,79021368.21,275307,SEC EDGAR ETF_Holdings.csv; CMIN-US ticker resolution,resolved_by_cusip
2020-10-31,BABA,Alibaba Group Holding Limited,PNQI,Internet,2020-07-31,2020-09-28,64084401.92,255296,SEC EDGAR ETF_Holdings.csv; CMIN-US ticker resolution,resolved_by_cusip
2020-10-31,BABA,Alibaba Group Holding Limited,SKYY,Cloud Computing,2020-06-30,2020-08-26,174655741.2,809716,SEC EDGAR ETF_Holdings.csv; CMIN-US ticker resolution,resolved_by_cusip
2020-10-31,CAT,Caterpillar Inc.,ARKQ,Robotics,2020-07-31,2020-09-25,12635027.68,95086,SEC EDGAR ETF_Holdings.csv; CMIN-US ticker resolution,resolved_by_cusip
2020-10-31,CSCO,"Cisco Systems, Inc.",CIBR,Cybersecurity,2020-06-30,2020-08-26,106177685.68,2276537,SEC EDGAR ETF_Holdings.csv; CMIN-US ticker resolution,resolved_by_cusip
2020-10-31,CSCO,"Cisco Systems, Inc.",FDN,Internet,2020-06-30,2020-08-21,446257023.52,9568118,SEC EDGAR ETF_Holdings.csv; CMIN-US ticker resolution,resolved_by_cusip
2020-10-31,CSCO,"Cisco Systems, Inc.",GRID,Infrastructure,2020-06-30,2020-08-26,721893.92,15478,SEC EDGAR ETF_Holdings.csv; CMIN-US ticker resolution,resolved_by_cusip
2020-10-31,CSCO,"Cisco Systems, Inc.",HACK,Cybersecurity,2020-06-30,2020-08-26,54314285.52,1164543,SEC EDGAR ETF_Holdings.csv; CMIN-US ticker resolution,resolved_by_cusip
2020-10-31,CSCO,"Cisco Systems, Inc.",SKYY,Cloud Computing,2020-06-30,2020-08-26,109188251.04,2341086,SEC EDGAR ETF_Holdings.csv; CMIN-US ticker resolution,resolved_by_cusip
2020-10-31,D,"Dominion Energy, Inc.",NLR,Nuclear,2020-06-30,2020-08-27,1426089.06,17567,SEC EDGAR ETF_Holdings.csv; CMIN-US ticker resolution,resolved_by_cusip
2020-10-31,DE,Deere & Company,ARKQ,Robotics,2020-07-31,2020-09-25,14571492.57,82647,SEC EDGAR ETF_Holdings.csv; CMIN-US ticker resolution,resolved_by_cusip
2020-10-31,DE,Deere & Company,MOO,Agribusiness,2020-06-30,2020-08-27,38416417.55,244457,SEC EDGAR ETF_Holdings.csv; CMIN-US ticker resolution,resolved_by_cusip
2020-10-31,DE,Deere & Company,ROBO,Robotics,2020-07-31,2020-09-25,13607253.18,77178,SEC EDGAR ETF_Holdings.csv; CMIN-US ticker resolution,resolved_by_cusip
2020-10-31,DHR,Danaher Corporation,CGW,Water,2020-07-31,2020-09-29,41373234.2,203009,SEC EDGAR ETF_Holdings.csv; CMIN-US ticker resolution,resolved_by_cusip
2020-10-31,DHR,Danaher Corporation,IHI,Healthcare Innovation,2020-06-30,2020-08-27,585320739.08,3310076,SEC EDGAR ETF_Holdings.csv; CMIN-US ticker resolution,resolved_by_cusip
2020-10-31,DHR,Danaher Corporation,PHO,Water,2020-07-31,2020-09-29,99861592.4,489998,SEC EDGAR ETF_Holdings.csv; CMIN-US ticker resolution,resolved_by_cusip
2020-10-31,DHR,Danaher Corporation,PIO,Water,2020-07-31,2020-09-29,18688867.6,91702,SEC EDGAR ETF_Holdings.csv; CMIN-US ticker resolution,resolved_by_cusip
2020-10-31,DUK,Duke Energy Corporation,NLR,Nuclear,2020-06-30,2020-08-27,1353815.94,16946,SEC EDGAR ETF_Holdings.csv; CMIN-US ticker resolution,resolved_by_cusip
2020-10-31,ECL,Ecolab Inc.,PHO,Water,2020-07-31,2020-09-29,71845454.88,384036,SEC EDGAR ETF_Holdings.csv; CMIN-US ticker resolution,resolved_by_cusip
2020-10-31,ECL,Ecolab Inc.,PIO,Water,2020-07-31,2020-09-29,13444878.36,71867,SEC EDGAR ETF_Holdings.csv; CMIN-US ticker resolution,resolved_by_cusip
2020-10-31,EXC,Exelon Corporation,NLR,Nuclear,2020-06-30,2020-08-27,1213283.57,33433,SEC EDGAR ETF_Holdings.csv; CMIN-US ticker resolution,resolved_by_cusip
2020-10-31,FB,"Meta Platforms, Inc.",ARKW,Internet,2020-07-31,2020-09-25,47411684.01,186903,SEC EDGAR ETF_Holdings.csv; CMIN-US ticker resolution,resolved_by_cusip
2020-10-31,FB,"Meta Platforms, Inc.",FDN,Internet,2020-06-30,2020-08-21,623683177.92,2746656,SEC EDGAR ETF_Holdings.csv; CMIN-US ticker resolution,resolved_by_cusip
2020-10-31,FB,"Meta Platforms, Inc.",PNQI,Internet,2020-07-31,2020-09-28,59673077.13,235239,SEC EDGAR ETF_Holdings.csv; CMIN-US ticker resolution,resolved_by_cusip
2020-10-31,GOOG,Alphabet Inc.,ARKQ,Robotics,2020-07-31,2020-09-25,16953198.72,11432,SEC EDGAR ETF_Holdings.csv; CMIN-US ticker resolution,resolved_by_cusip
2020-10-31,GOOG,Alphabet Inc.,FDN,Internet,2020-06-30,2020-08-21,748773897.68,528848,SEC EDGAR ETF_Holdings.csv; CMIN-US ticker resolution,resolved_by_cusip
2020-10-31,GOOG,Alphabet Inc.,PNQI,Internet,2020-07-31,2020-09-28,54951082.8,37055,SEC EDGAR ETF_Holdings.csv; CMIN-US ticker resolution,resolved_by_cusip
2020-10-31,GOOG,Alphabet Inc.,SKYY,Cloud Computing,2020-06-30,2020-08-26,166113213.1,117142,SEC EDGAR ETF_Holdings.csv; CMIN-US ticker resolution,resolved_by_cusip
2020-10-31,HON,Honeywell International Inc.,GRID,Infrastructure,2020-06-30,2020-08-26,634171.74,4386,SEC EDGAR ETF_Holdings.csv; CMIN-US ticker resolution,resolved_by_cusip
2020-10-31,HON,Honeywell International Inc.,PPA,Defense,2020-07-31,2020-09-29,52008841.56,348188,SEC EDGAR ETF_Holdings.csv; CMIN-US ticker resolution,resolved_by_cusip
2020-10-31,JD,"JD.com, Inc.",ARKQ,Robotics,2020-07-31,2020-09-25,14527853.55,227745,SEC EDGAR ETF_Holdings.csv; CMIN-US ticker resolution,resolved_by_cusip
2020-10-31,JD,"JD.com, Inc.",EMQQ,Internet,2020-08-31,2020-10-23,46484575.84,591106,SEC EDGAR ETF_Holdings.csv; CMIN-US ticker resolution,resolved_by_cusip
2020-10-31,JD,"JD.com, Inc.",PNQI,Internet,2020-07-31,2020-09-28,22099088.65,346435,SEC EDGAR ETF_Holdings.csv; CMIN-US ticker resolution,resolved_by_cusip
2020-10-31,MSFT,Microsoft Corporation,IGV,Cloud Computing,2020-06-30,2020-08-27,408411397.87,2006837,SEC EDGAR ETF_Holdings.csv; CMIN-US ticker resolution,resolved_by_cusip
2020-10-31,MSFT,Microsoft Corporation,SKYY,Cloud Computing,2020-06-30,2020-08-26,186492086.78,916378,SEC EDGAR ETF_Holdings.csv; CMIN-US ticker resolution,resolved_by_cusip
2020-10-31,NFLX,"Netflix, Inc.",ARKW,Internet,2020-07-31,2020-09-25,30745174.32,62889,SEC EDGAR ETF_Holdings.csv; CMIN-US ticker resolution,resolved_by_cusip
2020-10-31,NFLX,"Netflix, Inc.",FDN,Internet,2020-06-30,2020-08-21,464131244.16,1019979,SEC EDGAR ETF_Holdings.csv; CMIN-US ticker resolution,resolved_by_cusip
2020-10-31,NFLX,"Netflix, Inc.",PNQI,Internet,2020-07-31,2020-09-28,30844905.84,63093,SEC EDGAR ETF_Holdings.csv; CMIN-US ticker resolution,resolved_by_cusip
2020-10-31,NGG,National Grid plc,GRID,Infrastructure,2020-06-30,2020-08-26,248887.25,20400,SEC EDGAR ETF_Holdings.csv; CMIN-US ticker resolution,resolved_by_target_universe_name_match
2020-10-31,NVDA,NVIDIA Corporation,ARKQ,Robotics,2020-07-31,2020-09-25,6750131.82,15898,SEC EDGAR ETF_Holdings.csv; CMIN-US ticker resolution,resolved_by_cusip
2020-10-31,NVDA,NVIDIA Corporation,ARKW,Internet,2020-07-31,2020-09-25,17903686.53,42167,SEC EDGAR ETF_Holdings.csv; CMIN-US ticker resolution,resolved_by_cusip
2020-10-31,NVDA,NVIDIA Corporation,GRID,Infrastructure,2020-06-30,2020-08-26,792112.35,2085,SEC EDGAR ETF_Holdings.csv; CMIN-US ticker resolution,resolved_by_cusip
2020-10-31,NVDA,NVIDIA Corporation,PSI,Semiconductor,2020-07-31,2020-09-28,15117102.36,35604,SEC EDGAR ETF_Holdings.csv; CMIN-US ticker resolution,resolved_by_cusip
2020-10-31,NVDA,NVIDIA Corporation,ROBO,Robotics,2020-07-31,2020-09-25,21837512.88,51432,SEC EDGAR ETF_Holdings.csv; CMIN-US ticker resolution,resolved_by_cusip
2020-10-31,NVDA,NVIDIA Corporation,SMH,Semiconductor,2020-06-30,2020-08-27,184059176.71,484481,SEC EDGAR ETF_Holdings.csv; CMIN-US ticker resolution,resolved_by_cusip
2020-10-31,ORCL,Oracle Corporation,GRID,Infrastructure,2020-06-30,2020-08-26,697175.78,12614,SEC EDGAR ETF_Holdings.csv; CMIN-US ticker resolution,resolved_by_cusip
2020-10-31,ORCL,Oracle Corporation,IGV,Cloud Computing,2020-06-30,2020-08-27,372185858.66,6733958,SEC EDGAR ETF_Holdings.csv; CMIN-US ticker resolution,resolved_by_cusip
2020-10-31,ORCL,Oracle Corporation,SKYY,Cloud Computing,2020-06-30,2020-08-26,172610641.88,3123044,SEC EDGAR ETF_Holdings.csv; CMIN-US ticker resolution,resolved_by_cusip
2020-10-31,PYPL,"PayPal Holdings, Inc.",ARKW,Internet,2020-07-31,2020-09-25,19847773.96,101228,SEC EDGAR ETF_Holdings.csv; CMIN-US ticker resolution,resolved_by_cusip
2020-10-31,PYPL,"PayPal Holdings, Inc.",FDN,Internet,2020-06-30,2020-08-21,478917674.41,2748767,SEC EDGAR ETF_Holdings.csv; CMIN-US ticker resolution,resolved_by_cusip
2020-10-31,RTX,Raytheon Technologies Corporation,PPA,Defense,2020-07-31,2020-09-29,40977259.44,722958,SEC EDGAR ETF_Holdings.csv; CMIN-US ticker resolution,resolved_by_cusip
2020-10-31,RTX,Raytheon Technologies Corporation,XAR,Defense,2020-06-30,2020-08-27,51185947.02,830671,SEC EDGAR ETF_Holdings.csv; CMIN-US ticker resolution,resolved_by_cusip
2020-10-31,SNAP,Snap Inc.,ARKW,Internet,2020-07-31,2020-09-25,55708050.16,2484748,SEC EDGAR ETF_Holdings.csv; CMIN-US ticker resolution,resolved_by_cusip
2020-10-31,SNAP,Snap Inc.,FDN,Internet,2020-06-30,2020-08-21,216212812.38,9204462,SEC EDGAR ETF_Holdings.csv; CMIN-US ticker resolution,resolved_by_cusip
2020-10-31,SNAP,Snap Inc.,IGV,Cloud Computing,2020-06-30,2020-08-27,62322470.01,2653149,SEC EDGAR ETF_Holdings.csv; CMIN-US ticker resolution,resolved_by_cusip
2020-10-31,SNAP,Snap Inc.,PNQI,Internet,2020-07-31,2020-09-28,9949883.9,443795,SEC EDGAR ETF_Holdings.csv; CMIN-US ticker resolution,resolved_by_cusip
2020-10-31,TMO,Thermo Fisher Scientific Inc.,IHI,Healthcare Innovation,2020-06-30,2020-08-27,801041343.3,2210745,SEC EDGAR ETF_Holdings.csv; CMIN-US ticker resolution,resolved_by_cusip
2020-10-31,TSLA,"Tesla, Inc.",ARKQ,Robotics,2020-07-31,2020-09-25,44309206.44,30969,SEC EDGAR ETF_Holdings.csv; CMIN-US ticker resolution,resolved_by_cusip
2020-10-31,TSLA,"Tesla, Inc.",ARKW,Internet,2020-07-31,2020-09-25,172548225.24,120599,SEC EDGAR ETF_Holdings.csv; CMIN-US ticker resolution,resolved_by_cusip
2020-10-31,TSLA,"Tesla, Inc.",GRID,Infrastructure,2020-06-30,2020-08-26,862768.19,799,SEC EDGAR ETF_Holdings.csv; CMIN-US ticker resolution,resolved_by_cusip
2020-10-31,TSLA,"Tesla, Inc.",LIT,Battery,2020-07-31,2020-09-28,41203026.48,28798,SEC EDGAR ETF_Holdings.csv; CMIN-US ticker resolution,resolved_by_cusip
2020-10-31,TSLA,"Tesla, Inc.",PBD,Clean Energy,2020-07-31,2020-09-29,1088808.36,761,SEC EDGAR ETF_Holdings.csv; CMIN-US ticker resolution,resolved_by_cusip
2020-10-31,TSLA,"Tesla, Inc.",PBW,Clean Energy,2020-07-31,2020-09-29,13955633.04,9754,SEC EDGAR ETF_Holdings.csv; CMIN-US ticker resolution,resolved_by_cusip
2020-10-31,TSLA,"Tesla, Inc.",QCLN,Clean Energy,2020-06-30,2020-08-21,23037746.35,21335,SEC EDGAR ETF_Holdings.csv; CMIN-US ticker resolution,resolved_by_cusip
2020-10-31,TSLA,"Tesla, Inc.",SMOG,Clean Energy,2020-06-30,2020-08-27,10821855.82,10022,SEC EDGAR ETF_Holdings.csv; CMIN-US ticker resolution,resolved_by_cusip
2020-11-30,AAPL,Apple Inc.,ARKQ,Robotics,2020-07-31,2020-09-25,9594852.96,22574,SEC EDGAR ETF_Holdings.csv; CMIN-US ticker resolution,resolved_by_cusip
2020-11-30,AAPL,Apple Inc.,ARKW,Internet,2020-07-31,2020-09-25,29484174.72,69368,SEC EDGAR ETF_Holdings.csv; CMIN-US ticker resolution,resolved_by_cusip
2020-11-30,ABBV,AbbVie Inc.,XBI,Biotechnology,2020-09-30,2020-11-27,47526684.36,542604,SEC EDGAR ETF_Holdings.csv; CMIN-US ticker resolution,resolved_by_cusip
2020-11-30,ABT,Abbott Laboratories,IHI,Healthcare Innovation,2020-09-30,2020-11-25,1171395078.73,10763531,SEC EDGAR ETF_Holdings.csv; CMIN-US ticker resolution,resolved_by_cusip
2020-11-30,ACN,Accenture plc,CIBR,Cybersecurity,2020-09-30,2020-11-23,128678028.03,569397,SEC EDGAR ETF_Holdings.csv; CMIN-US ticker resolution,resolved_by_target_universe_name_match
2020-11-30,ADBE,Adobe Inc.,ARKW,Internet,2020-07-31,2020-09-25,19329252.96,43503,SEC EDGAR ETF_Holdings.csv; CMIN-US ticker resolution,resolved_by_cusip
2020-11-30,ADBE,Adobe Inc.,IGV,Cloud Computing,2020-09-30,2020-11-25,446553189.62,910534,SEC EDGAR ETF_Holdings.csv; CMIN-US ticker resolution,resolved_by_cusip
2020-11-30,ADBE,Adobe Inc.,PNQI,Internet,2020-07-31,2020-09-28,60849624,136950,SEC EDGAR ETF_Holdings.csv; CMIN-US ticker resolution,resolved_by_cusip
2020-11-30,ADBE,Adobe Inc.,SKYY,Cloud Computing,2020-09-30,2020-11-23,96539183.78,196846,SEC EDGAR ETF_Holdings.csv; CMIN-US ticker resolution,resolved_by_cusip
2020-11-30,AMZN,"Amazon.com, Inc.",ARKQ,Robotics,2020-07-31,2020-09-25,8437036.88,2666,SEC EDGAR ETF_Holdings.csv; CMIN-US ticker resolution,resolved_by_cusip
2020-11-30,AMZN,"Amazon.com, Inc.",ARKW,Internet,2020-07-31,2020-09-25,51131734.76,16157,SEC EDGAR ETF_Holdings.csv; CMIN-US ticker resolution,resolved_by_cusip
2020-11-30,AMZN,"Amazon.com, Inc.",FDN,Internet,2020-09-30,2020-11-24,957453223.48,304076,SEC EDGAR ETF_Holdings.csv; CMIN-US ticker resolution,resolved_by_cusip
2020-11-30,AMZN,"Amazon.com, Inc.",PNQI,Internet,2020-07-31,2020-09-28,68613427.08,21681,SEC EDGAR ETF_Holdings.csv; CMIN-US ticker resolution,resolved_by_cusip
2020-11-30,AMZN,"Amazon.com, Inc.",SKYY,Cloud Computing,2020-09-30,2020-11-23,184402223.72,58564,SEC EDGAR ETF_Holdings.csv; CMIN-US ticker resolution,resolved_by_cusip
2020-11-30,APD,"Air Products and Chemicals, Inc.",PBW,Clean Energy,2020-07-31,2020-09-29,11237329.15,39205,SEC EDGAR ETF_Holdings.csv; CMIN-US ticker resolution,resolved_by_cusip
2020-11-30,AVGO,Broadcom Inc.,PSI,Semiconductor,2020-07-31,2020-09-28,13521107.25,42687,SEC EDGAR ETF_Holdings.csv; CMIN-US ticker resolution,resolved_by_cusip
2020-11-30,AVGO,Broadcom Inc.,SMH,Semiconductor,2020-09-30,2020-11-25,133587036,366675,SEC EDGAR ETF_Holdings.csv; CMIN-US ticker resolution,resolved_by_cusip
2020-11-30,BABA,Alibaba Group Holding Limited,ARKW,Internet,2020-07-31,2020-09-25,32918511.78,131139,SEC EDGAR ETF_Holdings.csv; CMIN-US ticker resolution,resolved_by_cusip
2020-11-30,BABA,Alibaba Group Holding Limited,EMQQ,Internet,2020-08-31,2020-10-23,79021368.21,275307,SEC EDGAR ETF_Holdings.csv; CMIN-US ticker resolution,resolved_by_cusip
2020-11-30,BABA,Alibaba Group Holding Limited,PNQI,Internet,2020-07-31,2020-09-28,64084401.92,255296,SEC EDGAR ETF_Holdings.csv; CMIN-US ticker resolution,resolved_by_cusip
2020-11-30,BABA,Alibaba Group Holding Limited,SKYY,Cloud Computing,2020-09-30,2020-11-23,207008368.84,704158,SEC EDGAR ETF_Holdings.csv; CMIN-US ticker resolution,resolved_by_cusip
2020-11-30,CAT,Caterpillar Inc.,ARKQ,Robotics,2020-07-31,2020-09-25,12635027.68,95086,SEC EDGAR ETF_Holdings.csv; CMIN-US ticker resolution,resolved_by_cusip
2020-11-30,CSCO,"Cisco Systems, Inc.",CIBR,Cybersecurity,2020-09-30,2020-11-23,127458595.29,3235811,SEC EDGAR ETF_Holdings.csv; CMIN-US ticker resolution,resolved_by_cusip
2020-11-30,CSCO,"Cisco Systems, Inc.",FDN,Internet,2020-09-30,2020-11-24,438183380.31,11124229,SEC EDGAR ETF_Holdings.csv; CMIN-US ticker resolution,resolved_by_cusip
2020-11-30,CSCO,"Cisco Systems, Inc.",GRID,Infrastructure,2020-09-30,2020-11-23,1051397.88,26692,SEC EDGAR ETF_Holdings.csv; CMIN-US ticker resolution,resolved_by_cusip
2020-11-30,CSCO,"Cisco Systems, Inc.",HACK,Cybersecurity,2020-09-30,2020-11-13,51138894.69,1298271,SEC EDGAR ETF_Holdings.csv; CMIN-US ticker resolution,resolved_by_cusip
2020-11-30,CSCO,"Cisco Systems, Inc.",SKYY,Cloud Computing,2020-09-30,2020-11-23,125710585.26,3191434,SEC EDGAR ETF_Holdings.csv; CMIN-US ticker resolution,resolved_by_cusip
2020-11-30,D,"Dominion Energy, Inc.",NLR,Nuclear,2020-09-30,2020-11-25,1466440.47,18579,SEC EDGAR ETF_Holdings.csv; CMIN-US ticker resolution,resolved_by_cusip
2020-11-30,DE,Deere & Company,ARKQ,Robotics,2020-07-31,2020-09-25,14571492.57,82647,SEC EDGAR ETF_Holdings.csv; CMIN-US ticker resolution,resolved_by_cusip
2020-11-30,DE,Deere & Company,MOO,Agribusiness,2020-09-30,2020-11-25,44136063.09,199143,SEC EDGAR ETF_Holdings.csv; CMIN-US ticker resolution,resolved_by_cusip
2020-11-30,DE,Deere & Company,ROBO,Robotics,2020-07-31,2020-09-25,13607253.18,77178,SEC EDGAR ETF_Holdings.csv; CMIN-US ticker resolution,resolved_by_cusip
2020-11-30,DHR,Danaher Corporation,CGW,Water,2020-07-31,2020-09-29,41373234.2,203009,SEC EDGAR ETF_Holdings.csv; CMIN-US ticker resolution,resolved_by_cusip
2020-11-30,DHR,Danaher Corporation,IHI,Healthcare Innovation,2020-09-30,2020-11-25,691889958.13,3213161,SEC EDGAR ETF_Holdings.csv; CMIN-US ticker resolution,resolved_by_cusip
2020-11-30,DHR,Danaher Corporation,PHO,Water,2020-07-31,2020-09-29,99861592.4,489998,SEC EDGAR ETF_Holdings.csv; CMIN-US ticker resolution,resolved_by_cusip
2020-11-30,DHR,Danaher Corporation,PIO,Water,2020-07-31,2020-09-29,18688867.6,91702,SEC EDGAR ETF_Holdings.csv; CMIN-US ticker resolution,resolved_by_cusip
2020-11-30,DUK,Duke Energy Corporation,NLR,Nuclear,2020-09-30,2020-11-25,1586552.4,17915,SEC EDGAR ETF_Holdings.csv; CMIN-US ticker resolution,resolved_by_cusip
2020-11-30,ECL,Ecolab Inc.,PHO,Water,2020-07-31,2020-09-29,71845454.88,384036,SEC EDGAR ETF_Holdings.csv; CMIN-US ticker resolution,resolved_by_cusip
2020-11-30,ECL,Ecolab Inc.,PIO,Water,2020-07-31,2020-09-29,13444878.36,71867,SEC EDGAR ETF_Holdings.csv; CMIN-US ticker resolution,resolved_by_cusip
2020-11-30,EXC,Exelon Corporation,NLR,Nuclear,2020-09-30,2020-11-25,1262542.56,35306,SEC EDGAR ETF_Holdings.csv; CMIN-US ticker resolution,resolved_by_cusip
2020-11-30,FB,"Meta Platforms, Inc.",ARKW,Internet,2020-07-31,2020-09-25,47411684.01,186903,SEC EDGAR ETF_Holdings.csv; CMIN-US ticker resolution,resolved_by_cusip
2020-11-30,FB,"Meta Platforms, Inc.",FDN,Internet,2020-09-30,2020-11-24,696079129.5,2657805,SEC EDGAR ETF_Holdings.csv; CMIN-US ticker resolution,resolved_by_cusip
2020-11-30,FB,"Meta Platforms, Inc.",PNQI,Internet,2020-07-31,2020-09-28,59673077.13,235239,SEC EDGAR ETF_Holdings.csv; CMIN-US ticker resolution,resolved_by_cusip
2020-11-30,GOOG,Alphabet Inc.,ARKQ,Robotics,2020-07-31,2020-09-25,16953198.72,11432,SEC EDGAR ETF_Holdings.csv; CMIN-US ticker resolution,resolved_by_cusip
2020-11-30,GOOG,Alphabet Inc.,FDN,Internet,2020-09-30,2020-11-24,792984605.6,540336,SEC EDGAR ETF_Holdings.csv; CMIN-US ticker resolution,resolved_by_cusip
2020-11-30,GOOG,Alphabet Inc.,PNQI,Internet,2020-07-31,2020-09-28,54951082.8,37055,SEC EDGAR ETF_Holdings.csv; CMIN-US ticker resolution,resolved_by_cusip
2020-11-30,GOOG,Alphabet Inc.,SKYY,Cloud Computing,2020-09-30,2020-11-23,181779833.6,124031,SEC EDGAR ETF_Holdings.csv; CMIN-US ticker resolution,resolved_by_cusip
2020-11-30,HON,Honeywell International Inc.,GRID,Infrastructure,2020-09-30,2020-11-23,992927.52,6032,SEC EDGAR ETF_Holdings.csv; CMIN-US ticker resolution,resolved_by_cusip
2020-11-30,HON,Honeywell International Inc.,PPA,Defense,2020-07-31,2020-09-29,52008841.56,348188,SEC EDGAR ETF_Holdings.csv; CMIN-US ticker resolution,resolved_by_cusip
2020-11-30,JD,"JD.com, Inc.",ARKQ,Robotics,2020-07-31,2020-09-25,14527853.55,227745,SEC EDGAR ETF_Holdings.csv; CMIN-US ticker resolution,resolved_by_cusip
2020-11-30,JD,"JD.com, Inc.",EMQQ,Internet,2020-08-31,2020-10-23,46484575.84,591106,SEC EDGAR ETF_Holdings.csv; CMIN-US ticker resolution,resolved_by_cusip
2020-11-30,JD,"JD.com, Inc.",PNQI,Internet,2020-07-31,2020-09-28,22099088.65,346435,SEC EDGAR ETF_Holdings.csv; CMIN-US ticker resolution,resolved_by_cusip
2020-11-30,MSFT,Microsoft Corporation,IGV,Cloud Computing,2020-09-30,2020-11-25,444125256.12,2111564,SEC EDGAR ETF_Holdings.csv; CMIN-US ticker resolution,resolved_by_cusip
2020-11-30,MSFT,Microsoft Corporation,SKYY,Cloud Computing,2020-09-30,2020-11-23,188490594.78,896166,SEC EDGAR ETF_Holdings.csv; CMIN-US ticker resolution,resolved_by_cusip
2020-11-30,NFLX,"Netflix, Inc.",ARKW,Internet,2020-07-31,2020-09-25,30745174.32,62889,SEC EDGAR ETF_Holdings.csv; CMIN-US ticker resolution,resolved_by_cusip
2020-11-30,NFLX,"Netflix, Inc.",FDN,Internet,2020-09-30,2020-11-24,499417963.28,998776,SEC EDGAR ETF_Holdings.csv; CMIN-US ticker resolution,resolved_by_cusip
2020-11-30,NFLX,"Netflix, Inc.",PNQI,Internet,2020-07-31,2020-09-28,30844905.84,63093,SEC EDGAR ETF_Holdings.csv; CMIN-US ticker resolution,resolved_by_cusip
2020-11-30,NGG,National Grid plc,GRID,Infrastructure,2020-09-30,2020-11-23,323187.53,28137,SEC EDGAR ETF_Holdings.csv; CMIN-US ticker resolution,resolved_by_target_universe_name_match
2020-11-30,NVDA,NVIDIA Corporation,ARKQ,Robotics,2020-07-31,2020-09-25,6750131.82,15898,SEC EDGAR ETF_Holdings.csv; CMIN-US ticker resolution,resolved_by_cusip
2020-11-30,NVDA,NVIDIA Corporation,ARKW,Internet,2020-07-31,2020-09-25,17903686.53,42167,SEC EDGAR ETF_Holdings.csv; CMIN-US ticker resolution,resolved_by_cusip
2020-11-30,NVDA,NVIDIA Corporation,GRID,Infrastructure,2020-09-30,2020-11-23,1139809.32,2106,SEC EDGAR ETF_Holdings.csv; CMIN-US ticker resolution,resolved_by_cusip
2020-11-30,NVDA,NVIDIA Corporation,PSI,Semiconductor,2020-07-31,2020-09-28,15117102.36,35604,SEC EDGAR ETF_Holdings.csv; CMIN-US ticker resolution,resolved_by_cusip
2020-11-30,NVDA,NVIDIA Corporation,ROBO,Robotics,2020-07-31,2020-09-25,21837512.88,51432,SEC EDGAR ETF_Holdings.csv; CMIN-US ticker resolution,resolved_by_cusip
2020-11-30,NVDA,NVIDIA Corporation,SMH,Semiconductor,2020-09-30,2020-11-25,225091774.34,415897,SEC EDGAR ETF_Holdings.csv; CMIN-US ticker resolution,resolved_by_cusip
2020-11-30,ORCL,Oracle Corporation,GRID,Infrastructure,2020-09-30,2020-11-23,991975.2,16616,SEC EDGAR ETF_Holdings.csv; CMIN-US ticker resolution,resolved_by_cusip
2020-11-30,ORCL,Oracle Corporation,IGV,Cloud Computing,2020-09-30,2020-11-25,358546857,6005810,SEC EDGAR ETF_Holdings.csv; CMIN-US ticker resolution,resolved_by_cusip
2020-11-30,ORCL,Oracle Corporation,SKYY,Cloud Computing,2020-09-30,2020-11-23,210873116.1,3532213,SEC EDGAR ETF_Holdings.csv; CMIN-US ticker resolution,resolved_by_cusip
2020-11-30,PYPL,"PayPal Holdings, Inc.",ARKW,Internet,2020-07-31,2020-09-25,19847773.96,101228,SEC EDGAR ETF_Holdings.csv; CMIN-US ticker resolution,resolved_by_cusip
2020-11-30,PYPL,"PayPal Holdings, Inc.",FDN,Internet,2020-09-30,2020-11-24,513880839.05,2608135,SEC EDGAR ETF_Holdings.csv; CMIN-US ticker resolution,resolved_by_cusip
2020-11-30,RTX,Raytheon Technologies Corporation,PPA,Defense,2020-07-31,2020-09-29,40977259.44,722958,SEC EDGAR ETF_Holdings.csv; CMIN-US ticker resolution,resolved_by_cusip
2020-11-30,RTX,Raytheon Technologies Corporation,XAR,Defense,2020-09-30,2020-11-27,37274584.62,647803,SEC EDGAR ETF_Holdings.csv; CMIN-US ticker resolution,resolved_by_cusip
2020-11-30,SNAP,Snap Inc.,ARKW,Internet,2020-07-31,2020-09-25,55708050.16,2484748,SEC EDGAR ETF_Holdings.csv; CMIN-US ticker resolution,resolved_by_cusip
2020-11-30,SNAP,Snap Inc.,FDN,Internet,2020-09-30,2020-11-24,219777217.38,8417358,SEC EDGAR ETF_Holdings.csv; CMIN-US ticker resolution,resolved_by_cusip
2020-11-30,SNAP,Snap Inc.,IGV,Cloud Computing,2020-09-30,2020-11-25,72774366.42,2787222,SEC EDGAR ETF_Holdings.csv; CMIN-US ticker resolution,resolved_by_cusip
2020-11-30,SNAP,Snap Inc.,PNQI,Internet,2020-07-31,2020-09-28,9949883.9,443795,SEC EDGAR ETF_Holdings.csv; CMIN-US ticker resolution,resolved_by_cusip
2020-11-30,TMO,Thermo Fisher Scientific Inc.,IHI,Healthcare Innovation,2020-09-30,2020-11-25,1061808798.88,2404894,SEC EDGAR ETF_Holdings.csv; CMIN-US ticker resolution,resolved_by_cusip
2020-11-30,TSLA,"Tesla, Inc.",ARKQ,Robotics,2020-07-31,2020-09-25,44309206.44,30969,SEC EDGAR ETF_Holdings.csv; CMIN-US ticker resolution,resolved_by_cusip
2020-11-30,TSLA,"Tesla, Inc.",ARKW,Internet,2020-07-31,2020-09-25,172548225.24,120599,SEC EDGAR ETF_Holdings.csv; CMIN-US ticker resolution,resolved_by_cusip
2020-11-30,TSLA,"Tesla, Inc.",GRID,Infrastructure,2020-09-30,2020-11-23,970420.62,2262,SEC EDGAR ETF_Holdings.csv; CMIN-US ticker resolution,resolved_by_cusip
2020-11-30,TSLA,"Tesla, Inc.",LIT,Battery,2020-07-31,2020-09-28,41203026.48,28798,SEC EDGAR ETF_Holdings.csv; CMIN-US ticker resolution,resolved_by_cusip
2020-11-30,TSLA,"Tesla, Inc.",PBD,Clean Energy,2020-07-31,2020-09-29,1088808.36,761,SEC EDGAR ETF_Holdings.csv; CMIN-US ticker resolution,resolved_by_cusip
2020-11-30,TSLA,"Tesla, Inc.",PBW,Clean Energy,2020-07-31,2020-09-29,13955633.04,9754,SEC EDGAR ETF_Holdings.csv; CMIN-US ticker resolution,resolved_by_cusip
2020-11-30,TSLA,"Tesla, Inc.",QCLN,Clean Energy,2020-09-30,2020-11-24,36226462.42,84442,SEC EDGAR ETF_Holdings.csv; CMIN-US ticker resolution,resolved_by_cusip
2020-11-30,TSLA,"Tesla, Inc.",SMOG,Clean Energy,2020-09-30,2020-11-25,15044522.68,35068,SEC EDGAR ETF_Holdings.csv; CMIN-US ticker resolution,resolved_by_cusip
2020-12-31,AAPL,Apple Inc.,ARKG,Biotechnology,2020-10-30,2020-12-28,33093.44,304,SEC EDGAR ETF_Holdings.csv; CMIN-US ticker resolution,resolved_by_cusip
2020-12-31,AAPL,Apple Inc.,ARKQ,Robotics,2020-10-30,2020-12-28,7259546.82,66687,SEC EDGAR ETF_Holdings.csv; CMIN-US ticker resolution,resolved_by_cusip
2020-12-31,ABBV,AbbVie Inc.,XBI,Biotechnology,2020-09-30,2020-11-27,47526684.36,542604,SEC EDGAR ETF_Holdings.csv; CMIN-US ticker resolution,resolved_by_cusip
2020-12-31,ABT,Abbott Laboratories,IHI,Healthcare Innovation,2020-09-30,2020-11-25,1171395078.73,10763531,SEC EDGAR ETF_Holdings.csv; CMIN-US ticker resolution,resolved_by_cusip
2020-12-31,ACN,Accenture plc,CIBR,Cybersecurity,2020-09-30,2020-11-23,128678028.03,569397,SEC EDGAR ETF_Holdings.csv; CMIN-US ticker resolution,resolved_by_target_universe_name_match
2020-12-31,ADBE,Adobe Inc.,ARKW,Internet,2020-10-30,2020-12-28,25707355.8,57498,SEC EDGAR ETF_Holdings.csv; CMIN-US ticker resolution,resolved_by_cusip
2020-12-31,ADBE,Adobe Inc.,IGV,Cloud Computing,2020-09-30,2020-11-25,446553189.62,910534,SEC EDGAR ETF_Holdings.csv; CMIN-US ticker resolution,resolved_by_cusip
2020-12-31,ADBE,Adobe Inc.,PNQI,Internet,2020-10-31,2020-12-30,33112226,74060,SEC EDGAR ETF_Holdings.csv; CMIN-US ticker resolution,resolved_by_cusip
2020-12-31,ADBE,Adobe Inc.,SKYY,Cloud Computing,2020-09-30,2020-11-23,96539183.78,196846,SEC EDGAR ETF_Holdings.csv; CMIN-US ticker resolution,resolved_by_cusip
2020-12-31,AMZN,"Amazon.com, Inc.",ARKQ,Robotics,2020-10-30,2020-12-28,11018188.35,3629,SEC EDGAR ETF_Holdings.csv; CMIN-US ticker resolution,resolved_by_cusip
2020-12-31,AMZN,"Amazon.com, Inc.",ARKW,Internet,2020-10-30,2020-12-28,40186481.4,13236,SEC EDGAR ETF_Holdings.csv; CMIN-US ticker resolution,resolved_by_cusip
2020-12-31,AMZN,"Amazon.com, Inc.",FDN,Internet,2020-09-30,2020-11-24,957453223.48,304076,SEC EDGAR ETF_Holdings.csv; CMIN-US ticker resolution,resolved_by_cusip
2020-12-31,AMZN,"Amazon.com, Inc.",PNQI,Internet,2020-10-31,2020-12-30,66907637.55,22037,SEC EDGAR ETF_Holdings.csv; CMIN-US ticker resolution,resolved_by_cusip
2020-12-31,AMZN,"Amazon.com, Inc.",SKYY,Cloud Computing,2020-09-30,2020-11-23,184402223.72,58564,SEC EDGAR ETF_Holdings.csv; CMIN-US ticker resolution,resolved_by_cusip
2020-12-31,APD,"Air Products and Chemicals, Inc.",PBW,Clean Energy,2020-10-31,2020-12-30,14049013.92,50858,SEC EDGAR ETF_Holdings.csv; CMIN-US ticker resolution,resolved_by_cusip
2020-12-31,AVGO,Broadcom Inc.,SMH,Semiconductor,2020-09-30,2020-11-25,133587036,366675,SEC EDGAR ETF_Holdings.csv; CMIN-US ticker resolution,resolved_by_cusip
2020-12-31,BABA,Alibaba Group Holding Limited,ARKW,Internet,2020-10-30,2020-12-28,52801558.24,173296,SEC EDGAR ETF_Holdings.csv; CMIN-US ticker resolution,resolved_by_cusip
2020-12-31,BABA,Alibaba Group Holding Limited,EMQQ,Internet,2020-08-31,2020-10-23,79021368.21,275307,SEC EDGAR ETF_Holdings.csv; CMIN-US ticker resolution,resolved_by_cusip
2020-12-31,BABA,Alibaba Group Holding Limited,PNQI,Internet,2020-10-31,2020-12-30,80721826.39,264931,SEC EDGAR ETF_Holdings.csv; CMIN-US ticker resolution,resolved_by_cusip
2020-12-31,BABA,Alibaba Group Holding Limited,SKYY,Cloud Computing,2020-09-30,2020-11-23,207008368.84,704158,SEC EDGAR ETF_Holdings.csv; CMIN-US ticker resolution,resolved_by_cusip
2020-12-31,CAT,Caterpillar Inc.,ARKQ,Robotics,2020-10-30,2020-12-28,22582219.5,143790,SEC EDGAR ETF_Holdings.csv; CMIN-US ticker resolution,resolved_by_cusip
2020-12-31,CSCO,"Cisco Systems, Inc.",CIBR,Cybersecurity,2020-09-30,2020-11-23,127458595.29,3235811,SEC EDGAR ETF_Holdings.csv; CMIN-US ticker resolution,resolved_by_cusip
2020-12-31,CSCO,"Cisco Systems, Inc.",FDN,Internet,2020-09-30,2020-11-24,438183380.31,11124229,SEC EDGAR ETF_Holdings.csv; CMIN-US ticker resolution,resolved_by_cusip
2020-12-31,CSCO,"Cisco Systems, Inc.",GRID,Infrastructure,2020-09-30,2020-11-23,1051397.88,26692,SEC EDGAR ETF_Holdings.csv; CMIN-US ticker resolution,resolved_by_cusip
2020-12-31,CSCO,"Cisco Systems, Inc.",HACK,Cybersecurity,2020-09-30,2020-11-13,51138894.69,1298271,SEC EDGAR ETF_Holdings.csv; CMIN-US ticker resolution,resolved_by_cusip
2020-12-31,CSCO,"Cisco Systems, Inc.",SKYY,Cloud Computing,2020-09-30,2020-11-23,125710585.26,3191434,SEC EDGAR ETF_Holdings.csv; CMIN-US ticker resolution,resolved_by_cusip
2020-12-31,D,"Dominion Energy, Inc.",NLR,Nuclear,2020-09-30,2020-11-25,1466440.47,18579,SEC EDGAR ETF_Holdings.csv; CMIN-US ticker resolution,resolved_by_cusip
2020-12-31,DE,Deere & Company,ARKQ,Robotics,2020-10-30,2020-12-28,28230843.15,124965,SEC EDGAR ETF_Holdings.csv; CMIN-US ticker resolution,resolved_by_cusip
2020-12-31,DE,Deere & Company,MOO,Agribusiness,2020-09-30,2020-11-25,44136063.09,199143,SEC EDGAR ETF_Holdings.csv; CMIN-US ticker resolution,resolved_by_cusip
2020-12-31,DE,Deere & Company,ROBO,Robotics,2020-10-31,2020-12-28,14568935.9,64490,SEC EDGAR ETF_Holdings.csv; CMIN-US ticker resolution,resolved_by_cusip
2020-12-31,DHR,Danaher Corporation,IHI,Healthcare Innovation,2020-09-30,2020-11-25,691889958.13,3213161,SEC EDGAR ETF_Holdings.csv; CMIN-US ticker resolution,resolved_by_cusip
2020-12-31,DHR,Danaher Corporation,PHO,Water,2020-10-31,2020-12-30,97657793,425450,SEC EDGAR ETF_Holdings.csv; CMIN-US ticker resolution,resolved_by_cusip
2020-12-31,DHR,Danaher Corporation,PIO,Water,2020-10-31,2020-12-30,18677899.34,81371,SEC EDGAR ETF_Holdings.csv; CMIN-US ticker resolution,resolved_by_cusip
2020-12-31,DUK,Duke Energy Corporation,NLR,Nuclear,2020-09-30,2020-11-25,1586552.4,17915,SEC EDGAR ETF_Holdings.csv; CMIN-US ticker resolution,resolved_by_cusip
2020-12-31,ECL,Ecolab Inc.,PHO,Water,2020-10-31,2020-12-30,81827898.9,445710,SEC EDGAR ETF_Holdings.csv; CMIN-US ticker resolution,resolved_by_cusip
2020-12-31,ECL,Ecolab Inc.,PIO,Water,2020-10-31,2020-12-30,15650680.32,85248,SEC EDGAR ETF_Holdings.csv; CMIN-US ticker resolution,resolved_by_cusip
2020-12-31,EXC,Exelon Corporation,NLR,Nuclear,2020-09-30,2020-11-25,1262542.56,35306,SEC EDGAR ETF_Holdings.csv; CMIN-US ticker resolution,resolved_by_cusip
2020-12-31,FB,"Meta Platforms, Inc.",ARKW,Internet,2020-10-30,2020-12-28,92825208,352800,SEC EDGAR ETF_Holdings.csv; CMIN-US ticker resolution,resolved_by_cusip
2020-12-31,FB,"Meta Platforms, Inc.",FDN,Internet,2020-09-30,2020-11-24,696079129.5,2657805,SEC EDGAR ETF_Holdings.csv; CMIN-US ticker resolution,resolved_by_cusip
2020-12-31,FB,"Meta Platforms, Inc.",PNQI,Internet,2020-10-31,2020-12-30,68238630.94,259354,SEC EDGAR ETF_Holdings.csv; CMIN-US ticker resolution,resolved_by_cusip
2020-12-31,GOOG,Alphabet Inc.,ARKQ,Robotics,2020-10-30,2020-12-28,34404316.24,21224,SEC EDGAR ETF_Holdings.csv; CMIN-US ticker resolution,resolved_by_cusip
2020-12-31,GOOG,Alphabet Inc.,FDN,Internet,2020-09-30,2020-11-24,792984605.6,540336,SEC EDGAR ETF_Holdings.csv; CMIN-US ticker resolution,resolved_by_cusip
2020-12-31,GOOG,Alphabet Inc.,PNQI,Internet,2020-10-31,2020-12-30,75432079.34,46534,SEC EDGAR ETF_Holdings.csv; CMIN-US ticker resolution,resolved_by_cusip
2020-12-31,GOOG,Alphabet Inc.,SKYY,Cloud Computing,2020-09-30,2020-11-23,181779833.6,124031,SEC EDGAR ETF_Holdings.csv; CMIN-US ticker resolution,resolved_by_cusip
2020-12-31,HON,Honeywell International Inc.,GRID,Infrastructure,2020-09-30,2020-11-23,992927.52,6032,SEC EDGAR ETF_Holdings.csv; CMIN-US ticker resolution,resolved_by_cusip
2020-12-31,HON,Honeywell International Inc.,PPA,Defense,2020-10-31,2020-12-30,46359032.55,281049,SEC EDGAR ETF_Holdings.csv; CMIN-US ticker resolution,resolved_by_cusip
2020-12-31,JD,"JD.com, Inc.",ARKQ,Robotics,2020-10-30,2020-12-28,28069700.08,344329,SEC EDGAR ETF_Holdings.csv; CMIN-US ticker resolution,resolved_by_cusip
2020-12-31,JD,"JD.com, Inc.",ARKW,Internet,2020-10-30,2020-12-28,28615476.48,351024,SEC EDGAR ETF_Holdings.csv; CMIN-US ticker resolution,resolved_by_cusip
2020-12-31,JD,"JD.com, Inc.",EMQQ,Internet,2020-08-31,2020-10-23,46484575.84,591106,SEC EDGAR ETF_Holdings.csv; CMIN-US ticker resolution,resolved_by_cusip
2020-12-31,JD,"JD.com, Inc.",PNQI,Internet,2020-10-31,2020-12-30,30722197.84,376867,SEC EDGAR ETF_Holdings.csv; CMIN-US ticker resolution,resolved_by_cusip
2020-12-31,MSFT,Microsoft Corporation,IGV,Cloud Computing,2020-09-30,2020-11-25,444125256.12,2111564,SEC EDGAR ETF_Holdings.csv; CMIN-US ticker resolution,resolved_by_cusip
2020-12-31,MSFT,Microsoft Corporation,SKYY,Cloud Computing,2020-09-30,2020-11-23,188490594.78,896166,SEC EDGAR ETF_Holdings.csv; CMIN-US ticker resolution,resolved_by_cusip
2020-12-31,NFLX,"Netflix, Inc.",ARKW,Internet,2020-10-30,2020-12-28,58962264.12,123938,SEC EDGAR ETF_Holdings.csv; CMIN-US ticker resolution,resolved_by_cusip
2020-12-31,NFLX,"Netflix, Inc.",FDN,Internet,2020-09-30,2020-11-24,499417963.28,998776,SEC EDGAR ETF_Holdings.csv; CMIN-US ticker resolution,resolved_by_cusip
2020-12-31,NFLX,"Netflix, Inc.",PNQI,Internet,2020-10-31,2020-12-30,34158132,71800,SEC EDGAR ETF_Holdings.csv; CMIN-US ticker resolution,resolved_by_cusip
2020-12-31,NGG,National Grid plc,GRID,Infrastructure,2020-09-30,2020-11-23,323187.53,28137,SEC EDGAR ETF_Holdings.csv; CMIN-US ticker resolution,resolved_by_target_universe_name_match
2020-12-31,NVDA,NVIDIA Corporation,ARKQ,Robotics,2020-10-30,2020-12-28,8379229.68,16713,SEC EDGAR ETF_Holdings.csv; CMIN-US ticker resolution,resolved_by_cusip
2020-12-31,NVDA,NVIDIA Corporation,ARKW,Internet,2020-10-30,2020-12-28,27917228.88,55683,SEC EDGAR ETF_Holdings.csv; CMIN-US ticker resolution,resolved_by_cusip
2020-12-31,NVDA,NVIDIA Corporation,GRID,Infrastructure,2020-09-30,2020-11-23,1139809.32,2106,SEC EDGAR ETF_Holdings.csv; CMIN-US ticker resolution,resolved_by_cusip
2020-12-31,NVDA,NVIDIA Corporation,PSI,Semiconductor,2020-10-31,2020-12-30,13613428.08,27153,SEC EDGAR ETF_Holdings.csv; CMIN-US ticker resolution,resolved_by_cusip
2020-12-31,NVDA,NVIDIA Corporation,ROBO,Robotics,2020-10-31,2020-12-28,19340964.72,38577,SEC EDGAR ETF_Holdings.csv; CMIN-US ticker resolution,resolved_by_cusip
2020-12-31,NVDA,NVIDIA Corporation,SMH,Semiconductor,2020-09-30,2020-11-25,225091774.34,415897,SEC EDGAR ETF_Holdings.csv; CMIN-US ticker resolution,resolved_by_cusip
2020-12-31,NVS,Novartis AG,ARKG,Biotechnology,2020-10-30,2020-12-28,28017212.16,358827,SEC EDGAR ETF_Holdings.csv; CMIN-US ticker resolution,resolved_by_cusip
2020-12-31,ORCL,Oracle Corporation,GRID,Infrastructure,2020-09-30,2020-11-23,991975.2,16616,SEC EDGAR ETF_Holdings.csv; CMIN-US ticker resolution,resolved_by_cusip
2020-12-31,ORCL,Oracle Corporation,IGV,Cloud Computing,2020-09-30,2020-11-25,358546857,6005810,SEC EDGAR ETF_Holdings.csv; CMIN-US ticker resolution,resolved_by_cusip
2020-12-31,ORCL,Oracle Corporation,SKYY,Cloud Computing,2020-09-30,2020-11-23,210873116.1,3532213,SEC EDGAR ETF_Holdings.csv; CMIN-US ticker resolution,resolved_by_cusip
2020-12-31,PYPL,"PayPal Holdings, Inc.",ARKW,Internet,2020-10-30,2020-12-28,27752169.13,149101,SEC EDGAR ETF_Holdings.csv; CMIN-US ticker resolution,resolved_by_cusip
2020-12-31,PYPL,"PayPal Holdings, Inc.",FDN,Internet,2020-09-30,2020-11-24,513880839.05,2608135,SEC EDGAR ETF_Holdings.csv; CMIN-US ticker resolution,resolved_by_cusip
2020-12-31,RTX,Raytheon Technologies Corporation,PPA,Defense,2020-10-31,2020-12-30,35777705.04,658647,SEC EDGAR ETF_Holdings.csv; CMIN-US ticker resolution,resolved_by_cusip
2020-12-31,RTX,Raytheon Technologies Corporation,XAR,Defense,2020-09-30,2020-11-27,37274584.62,647803,SEC EDGAR ETF_Holdings.csv; CMIN-US ticker resolution,resolved_by_cusip
2020-12-31,SNAP,Snap Inc.,ARKW,Internet,2020-10-30,2020-12-28,77929569.9,1978410,SEC EDGAR ETF_Holdings.csv; CMIN-US ticker resolution,resolved_by_cusip
2020-12-31,SNAP,Snap Inc.,FDN,Internet,2020-09-30,2020-11-24,219777217.38,8417358,SEC EDGAR ETF_Holdings.csv; CMIN-US ticker resolution,resolved_by_cusip
2020-12-31,SNAP,Snap Inc.,IGV,Cloud Computing,2020-09-30,2020-11-25,72774366.42,2787222,SEC EDGAR ETF_Holdings.csv; CMIN-US ticker resolution,resolved_by_cusip
2020-12-31,SNAP,Snap Inc.,PNQI,Internet,2020-10-31,2020-12-30,19587110.79,497261,SEC EDGAR ETF_Holdings.csv; CMIN-US ticker resolution,resolved_by_cusip
2020-12-31,TMO,Thermo Fisher Scientific Inc.,ARKG,Biotechnology,2020-10-30,2020-12-28,15944144,33700,SEC EDGAR ETF_Holdings.csv; CMIN-US ticker resolution,resolved_by_cusip
2020-12-31,TMO,Thermo Fisher Scientific Inc.,IHI,Healthcare Innovation,2020-09-30,2020-11-25,1061808798.88,2404894,SEC EDGAR ETF_Holdings.csv; CMIN-US ticker resolution,resolved_by_cusip
2020-12-31,TSLA,"Tesla, Inc.",ARKQ,Robotics,2020-10-30,2020-12-28,72724904.64,187416,SEC EDGAR ETF_Holdings.csv; CMIN-US ticker resolution,resolved_by_cusip
2020-12-31,TSLA,"Tesla, Inc.",ARKW,Internet,2020-10-30,2020-12-28,265954855.2,685380,SEC EDGAR ETF_Holdings.csv; CMIN-US ticker resolution,resolved_by_cusip
2020-12-31,TSLA,"Tesla, Inc.",GRID,Infrastructure,2020-09-30,2020-11-23,970420.62,2262,SEC EDGAR ETF_Holdings.csv; CMIN-US ticker resolution,resolved_by_cusip
2020-12-31,TSLA,"Tesla, Inc.",LIT,Battery,2020-10-31,2020-12-23,61110867.44,157486,SEC EDGAR ETF_Holdings.csv; CMIN-US ticker resolution,resolved_by_cusip
2020-12-31,TSLA,"Tesla, Inc.",PBW,Clean Energy,2020-10-31,2020-12-30,18448197.68,47542,SEC EDGAR ETF_Holdings.csv; CMIN-US ticker resolution,resolved_by_cusip
2020-12-31,TSLA,"Tesla, Inc.",QCLN,Clean Energy,2020-09-30,2020-11-24,36226462.42,84442,SEC EDGAR ETF_Holdings.csv; CMIN-US ticker resolution,resolved_by_cusip
2020-12-31,TSLA,"Tesla, Inc.",SMOG,Clean Energy,2020-09-30,2020-11-25,15044522.68,35068,SEC EDGAR ETF_Holdings.csv; CMIN-US ticker resolution,resolved_by_cusip
2021-01-31,AAPL,Apple Inc.,ARKG,Biotechnology,2020-10-30,2020-12-28,33093.44,304,SEC EDGAR ETF_Holdings.csv; CMIN-US ticker resolution,resolved_by_cusip
2021-01-31,AAPL,Apple Inc.,ARKQ,Robotics,2020-10-30,2020-12-28,7259546.82,66687,SEC EDGAR ETF_Holdings.csv; CMIN-US ticker resolution,resolved_by_cusip
2021-01-31,ABBV,AbbVie Inc.,XBI,Biotechnology,2020-09-30,2020-11-27,47526684.36,542604,SEC EDGAR ETF_Holdings.csv; CMIN-US ticker resolution,resolved_by_cusip
2021-01-31,ABT,Abbott Laboratories,IHI,Healthcare Innovation,2020-09-30,2020-11-25,1171395078.73,10763531,SEC EDGAR ETF_Holdings.csv; CMIN-US ticker resolution,resolved_by_cusip
2021-01-31,ACN,Accenture plc,CIBR,Cybersecurity,2020-09-30,2020-11-23,128678028.03,569397,SEC EDGAR ETF_Holdings.csv; CMIN-US ticker resolution,resolved_by_target_universe_name_match
2021-01-31,ADBE,Adobe Inc.,ARKW,Internet,2020-10-30,2020-12-28,25707355.8,57498,SEC EDGAR ETF_Holdings.csv; CMIN-US ticker resolution,resolved_by_cusip
2021-01-31,ADBE,Adobe Inc.,IGV,Cloud Computing,2020-09-30,2020-11-25,446553189.62,910534,SEC EDGAR ETF_Holdings.csv; CMIN-US ticker resolution,resolved_by_cusip
2021-01-31,ADBE,Adobe Inc.,PNQI,Internet,2020-10-31,2020-12-30,33112226,74060,SEC EDGAR ETF_Holdings.csv; CMIN-US ticker resolution,resolved_by_cusip
2021-01-31,ADBE,Adobe Inc.,SKYY,Cloud Computing,2020-09-30,2020-11-23,96539183.78,196846,SEC EDGAR ETF_Holdings.csv; CMIN-US ticker resolution,resolved_by_cusip
2021-01-31,AMZN,"Amazon.com, Inc.",ARKQ,Robotics,2020-10-30,2020-12-28,11018188.35,3629,SEC EDGAR ETF_Holdings.csv; CMIN-US ticker resolution,resolved_by_cusip
2021-01-31,AMZN,"Amazon.com, Inc.",ARKW,Internet,2020-10-30,2020-12-28,40186481.4,13236,SEC EDGAR ETF_Holdings.csv; CMIN-US ticker resolution,resolved_by_cusip
2021-01-31,AMZN,"Amazon.com, Inc.",FDN,Internet,2020-09-30,2020-11-24,957453223.48,304076,SEC EDGAR ETF_Holdings.csv; CMIN-US ticker resolution,resolved_by_cusip
2021-01-31,AMZN,"Amazon.com, Inc.",PNQI,Internet,2020-10-31,2020-12-30,66907637.55,22037,SEC EDGAR ETF_Holdings.csv; CMIN-US ticker resolution,resolved_by_cusip
2021-01-31,AMZN,"Amazon.com, Inc.",SKYY,Cloud Computing,2020-09-30,2020-11-23,184402223.72,58564,SEC EDGAR ETF_Holdings.csv; CMIN-US ticker resolution,resolved_by_cusip
2021-01-31,APD,"Air Products and Chemicals, Inc.",PBW,Clean Energy,2020-10-31,2020-12-30,14049013.92,50858,SEC EDGAR ETF_Holdings.csv; CMIN-US ticker resolution,resolved_by_cusip
2021-01-31,AVGO,Broadcom Inc.,SMH,Semiconductor,2020-09-30,2020-11-25,133587036,366675,SEC EDGAR ETF_Holdings.csv; CMIN-US ticker resolution,resolved_by_cusip
2021-01-31,BABA,Alibaba Group Holding Limited,ARKW,Internet,2020-10-30,2020-12-28,52801558.24,173296,SEC EDGAR ETF_Holdings.csv; CMIN-US ticker resolution,resolved_by_cusip
2021-01-31,BABA,Alibaba Group Holding Limited,EMQQ,Internet,2020-11-30,2021-01-27,88522406.72,336127,SEC EDGAR ETF_Holdings.csv; CMIN-US ticker resolution,resolved_by_cusip
2021-01-31,BABA,Alibaba Group Holding Limited,PNQI,Internet,2020-10-31,2020-12-30,80721826.39,264931,SEC EDGAR ETF_Holdings.csv; CMIN-US ticker resolution,resolved_by_cusip
2021-01-31,BABA,Alibaba Group Holding Limited,SKYY,Cloud Computing,2020-09-30,2020-11-23,207008368.84,704158,SEC EDGAR ETF_Holdings.csv; CMIN-US ticker resolution,resolved_by_cusip
2021-01-31,CAT,Caterpillar Inc.,ARKQ,Robotics,2020-10-30,2020-12-28,22582219.5,143790,SEC EDGAR ETF_Holdings.csv; CMIN-US ticker resolution,resolved_by_cusip
2021-01-31,CSCO,"Cisco Systems, Inc.",CIBR,Cybersecurity,2020-09-30,2020-11-23,127458595.29,3235811,SEC EDGAR ETF_Holdings.csv; CMIN-US ticker resolution,resolved_by_cusip
2021-01-31,CSCO,"Cisco Systems, Inc.",FDN,Internet,2020-09-30,2020-11-24,438183380.31,11124229,SEC EDGAR ETF_Holdings.csv; CMIN-US ticker resolution,resolved_by_cusip
2021-01-31,CSCO,"Cisco Systems, Inc.",GRID,Infrastructure,2020-09-30,2020-11-23,1051397.88,26692,SEC EDGAR ETF_Holdings.csv; CMIN-US ticker resolution,resolved_by_cusip
2021-01-31,CSCO,"Cisco Systems, Inc.",HACK,Cybersecurity,2020-09-30,2020-11-13,51138894.69,1298271,SEC EDGAR ETF_Holdings.csv; CMIN-US ticker resolution,resolved_by_cusip
2021-01-31,CSCO,"Cisco Systems, Inc.",SKYY,Cloud Computing,2020-09-30,2020-11-23,125710585.26,3191434,SEC EDGAR ETF_Holdings.csv; CMIN-US ticker resolution,resolved_by_cusip
2021-01-31,D,"Dominion Energy, Inc.",NLR,Nuclear,2020-09-30,2020-11-25,1466440.47,18579,SEC EDGAR ETF_Holdings.csv; CMIN-US ticker resolution,resolved_by_cusip
2021-01-31,DE,Deere & Company,ARKQ,Robotics,2020-10-30,2020-12-28,28230843.15,124965,SEC EDGAR ETF_Holdings.csv; CMIN-US ticker resolution,resolved_by_cusip
2021-01-31,DE,Deere & Company,MOO,Agribusiness,2020-09-30,2020-11-25,44136063.09,199143,SEC EDGAR ETF_Holdings.csv; CMIN-US ticker resolution,resolved_by_cusip
2021-01-31,DE,Deere & Company,ROBO,Robotics,2020-10-31,2020-12-28,14568935.9,64490,SEC EDGAR ETF_Holdings.csv; CMIN-US ticker resolution,resolved_by_cusip
2021-01-31,DHR,Danaher Corporation,IHI,Healthcare Innovation,2020-09-30,2020-11-25,691889958.13,3213161,SEC EDGAR ETF_Holdings.csv; CMIN-US ticker resolution,resolved_by_cusip
2021-01-31,DHR,Danaher Corporation,PHO,Water,2020-10-31,2020-12-30,97657793,425450,SEC EDGAR ETF_Holdings.csv; CMIN-US ticker resolution,resolved_by_cusip
2021-01-31,DHR,Danaher Corporation,PIO,Water,2020-10-31,2020-12-30,18677899.34,81371,SEC EDGAR ETF_Holdings.csv; CMIN-US ticker resolution,resolved_by_cusip
2021-01-31,DUK,Duke Energy Corporation,NLR,Nuclear,2020-09-30,2020-11-25,1586552.4,17915,SEC EDGAR ETF_Holdings.csv; CMIN-US ticker resolution,resolved_by_cusip
2021-01-31,ECL,Ecolab Inc.,PHO,Water,2020-10-31,2020-12-30,81827898.9,445710,SEC EDGAR ETF_Holdings.csv; CMIN-US ticker resolution,resolved_by_cusip
2021-01-31,ECL,Ecolab Inc.,PIO,Water,2020-10-31,2020-12-30,15650680.32,85248,SEC EDGAR ETF_Holdings.csv; CMIN-US ticker resolution,resolved_by_cusip
2021-01-31,EXC,Exelon Corporation,NLR,Nuclear,2020-09-30,2020-11-25,1262542.56,35306,SEC EDGAR ETF_Holdings.csv; CMIN-US ticker resolution,resolved_by_cusip
2021-01-31,FB,"Meta Platforms, Inc.",ARKW,Internet,2020-10-30,2020-12-28,92825208,352800,SEC EDGAR ETF_Holdings.csv; CMIN-US ticker resolution,resolved_by_cusip
2021-01-31,FB,"Meta Platforms, Inc.",FDN,Internet,2020-09-30,2020-11-24,696079129.5,2657805,SEC EDGAR ETF_Holdings.csv; CMIN-US ticker resolution,resolved_by_cusip
2021-01-31,FB,"Meta Platforms, Inc.",PNQI,Internet,2020-10-31,2020-12-30,68238630.94,259354,SEC EDGAR ETF_Holdings.csv; CMIN-US ticker resolution,resolved_by_cusip
2021-01-31,GOOG,Alphabet Inc.,ARKQ,Robotics,2020-10-30,2020-12-28,34404316.24,21224,SEC EDGAR ETF_Holdings.csv; CMIN-US ticker resolution,resolved_by_cusip
2021-01-31,GOOG,Alphabet Inc.,FDN,Internet,2020-09-30,2020-11-24,792984605.6,540336,SEC EDGAR ETF_Holdings.csv; CMIN-US ticker resolution,resolved_by_cusip
2021-01-31,GOOG,Alphabet Inc.,PNQI,Internet,2020-10-31,2020-12-30,75432079.34,46534,SEC EDGAR ETF_Holdings.csv; CMIN-US ticker resolution,resolved_by_cusip
2021-01-31,GOOG,Alphabet Inc.,SKYY,Cloud Computing,2020-09-30,2020-11-23,181779833.6,124031,SEC EDGAR ETF_Holdings.csv; CMIN-US ticker resolution,resolved_by_cusip
2021-01-31,HON,Honeywell International Inc.,GRID,Infrastructure,2020-09-30,2020-11-23,992927.52,6032,SEC EDGAR ETF_Holdings.csv; CMIN-US ticker resolution,resolved_by_cusip
2021-01-31,HON,Honeywell International Inc.,PPA,Defense,2020-10-31,2020-12-30,46359032.55,281049,SEC EDGAR ETF_Holdings.csv; CMIN-US ticker resolution,resolved_by_cusip
2021-01-31,JD,"JD.com, Inc.",ARKQ,Robotics,2020-10-30,2020-12-28,28069700.08,344329,SEC EDGAR ETF_Holdings.csv; CMIN-US ticker resolution,resolved_by_cusip
2021-01-31,JD,"JD.com, Inc.",ARKW,Internet,2020-10-30,2020-12-28,28615476.48,351024,SEC EDGAR ETF_Holdings.csv; CMIN-US ticker resolution,resolved_by_cusip
2021-01-31,JD,"JD.com, Inc.",EMQQ,Internet,2020-11-30,2021-01-27,61598802,721720,SEC EDGAR ETF_Holdings.csv; CMIN-US ticker resolution,resolved_by_cusip
2021-01-31,JD,"JD.com, Inc.",PNQI,Internet,2020-10-31,2020-12-30,30722197.84,376867,SEC EDGAR ETF_Holdings.csv; CMIN-US ticker resolution,resolved_by_cusip
2021-01-31,MSFT,Microsoft Corporation,IGV,Cloud Computing,2020-09-30,2020-11-25,444125256.12,2111564,SEC EDGAR ETF_Holdings.csv; CMIN-US ticker resolution,resolved_by_cusip
2021-01-31,MSFT,Microsoft Corporation,SKYY,Cloud Computing,2020-09-30,2020-11-23,188490594.78,896166,SEC EDGAR ETF_Holdings.csv; CMIN-US ticker resolution,resolved_by_cusip
2021-01-31,NFLX,"Netflix, Inc.",ARKW,Internet,2020-10-30,2020-12-28,58962264.12,123938,SEC EDGAR ETF_Holdings.csv; CMIN-US ticker resolution,resolved_by_cusip
2021-01-31,NFLX,"Netflix, Inc.",FDN,Internet,2020-09-30,2020-11-24,499417963.28,998776,SEC EDGAR ETF_Holdings.csv; CMIN-US ticker resolution,resolved_by_cusip
2021-01-31,NFLX,"Netflix, Inc.",PNQI,Internet,2020-10-31,2020-12-30,34158132,71800,SEC EDGAR ETF_Holdings.csv; CMIN-US ticker resolution,resolved_by_cusip
2021-01-31,NGG,National Grid plc,GRID,Infrastructure,2020-09-30,2020-11-23,323187.53,28137,SEC EDGAR ETF_Holdings.csv; CMIN-US ticker resolution,resolved_by_target_universe_name_match
2021-01-31,NVDA,NVIDIA Corporation,ARKQ,Robotics,2020-10-30,2020-12-28,8379229.68,16713,SEC EDGAR ETF_Holdings.csv; CMIN-US ticker resolution,resolved_by_cusip
2021-01-31,NVDA,NVIDIA Corporation,ARKW,Internet,2020-10-30,2020-12-28,27917228.88,55683,SEC EDGAR ETF_Holdings.csv; CMIN-US ticker resolution,resolved_by_cusip
2021-01-31,NVDA,NVIDIA Corporation,GRID,Infrastructure,2020-09-30,2020-11-23,1139809.32,2106,SEC EDGAR ETF_Holdings.csv; CMIN-US ticker resolution,resolved_by_cusip
2021-01-31,NVDA,NVIDIA Corporation,PSI,Semiconductor,2020-10-31,2020-12-30,13613428.08,27153,SEC EDGAR ETF_Holdings.csv; CMIN-US ticker resolution,resolved_by_cusip
2021-01-31,NVDA,NVIDIA Corporation,ROBO,Robotics,2020-10-31,2020-12-28,19340964.72,38577,SEC EDGAR ETF_Holdings.csv; CMIN-US ticker resolution,resolved_by_cusip
2021-01-31,NVDA,NVIDIA Corporation,SMH,Semiconductor,2020-09-30,2020-11-25,225091774.34,415897,SEC EDGAR ETF_Holdings.csv; CMIN-US ticker resolution,resolved_by_cusip
2021-01-31,NVS,Novartis AG,ARKG,Biotechnology,2020-10-30,2020-12-28,28017212.16,358827,SEC EDGAR ETF_Holdings.csv; CMIN-US ticker resolution,resolved_by_cusip
2021-01-31,ORCL,Oracle Corporation,GRID,Infrastructure,2020-09-30,2020-11-23,991975.2,16616,SEC EDGAR ETF_Holdings.csv; CMIN-US ticker resolution,resolved_by_cusip
2021-01-31,ORCL,Oracle Corporation,IGV,Cloud Computing,2020-09-30,2020-11-25,358546857,6005810,SEC EDGAR ETF_Holdings.csv; CMIN-US ticker resolution,resolved_by_cusip
2021-01-31,ORCL,Oracle Corporation,SKYY,Cloud Computing,2020-09-30,2020-11-23,210873116.1,3532213,SEC EDGAR ETF_Holdings.csv; CMIN-US ticker resolution,resolved_by_cusip
2021-01-31,PYPL,"PayPal Holdings, Inc.",ARKW,Internet,2020-10-30,2020-12-28,27752169.13,149101,SEC EDGAR ETF_Holdings.csv; CMIN-US ticker resolution,resolved_by_cusip
2021-01-31,PYPL,"PayPal Holdings, Inc.",FDN,Internet,2020-09-30,2020-11-24,513880839.05,2608135,SEC EDGAR ETF_Holdings.csv; CMIN-US ticker resolution,resolved_by_cusip
2021-01-31,RTX,Raytheon Technologies Corporation,PPA,Defense,2020-10-31,2020-12-30,35777705.04,658647,SEC EDGAR ETF_Holdings.csv; CMIN-US ticker resolution,resolved_by_cusip
2021-01-31,RTX,Raytheon Technologies Corporation,XAR,Defense,2020-09-30,2020-11-27,37274584.62,647803,SEC EDGAR ETF_Holdings.csv; CMIN-US ticker resolution,resolved_by_cusip
2021-01-31,SNAP,Snap Inc.,ARKW,Internet,2020-10-30,2020-12-28,77929569.9,1978410,SEC EDGAR ETF_Holdings.csv; CMIN-US ticker resolution,resolved_by_cusip
2021-01-31,SNAP,Snap Inc.,FDN,Internet,2020-09-30,2020-11-24,219777217.38,8417358,SEC EDGAR ETF_Holdings.csv; CMIN-US ticker resolution,resolved_by_cusip
2021-01-31,SNAP,Snap Inc.,IGV,Cloud Computing,2020-09-30,2020-11-25,72774366.42,2787222,SEC EDGAR ETF_Holdings.csv; CMIN-US ticker resolution,resolved_by_cusip
2021-01-31,SNAP,Snap Inc.,PNQI,Internet,2020-10-31,2020-12-30,19587110.79,497261,SEC EDGAR ETF_Holdings.csv; CMIN-US ticker resolution,resolved_by_cusip
2021-01-31,TMO,Thermo Fisher Scientific Inc.,ARKG,Biotechnology,2020-10-30,2020-12-28,15944144,33700,SEC EDGAR ETF_Holdings.csv; CMIN-US ticker resolution,resolved_by_cusip
2021-01-31,TMO,Thermo Fisher Scientific Inc.,IHI,Healthcare Innovation,2020-09-30,2020-11-25,1061808798.88,2404894,SEC EDGAR ETF_Holdings.csv; CMIN-US ticker resolution,resolved_by_cusip
2021-01-31,TSLA,"Tesla, Inc.",ARKQ,Robotics,2020-10-30,2020-12-28,72724904.64,187416,SEC EDGAR ETF_Holdings.csv; CMIN-US ticker resolution,resolved_by_cusip
2021-01-31,TSLA,"Tesla, Inc.",ARKW,Internet,2020-10-30,2020-12-28,265954855.2,685380,SEC EDGAR ETF_Holdings.csv; CMIN-US ticker resolution,resolved_by_cusip
2021-01-31,TSLA,"Tesla, Inc.",GRID,Infrastructure,2020-09-30,2020-11-23,970420.62,2262,SEC EDGAR ETF_Holdings.csv; CMIN-US ticker resolution,resolved_by_cusip
2021-01-31,TSLA,"Tesla, Inc.",LIT,Battery,2020-10-31,2020-12-23,61110867.44,157486,SEC EDGAR ETF_Holdings.csv; CMIN-US ticker resolution,resolved_by_cusip
2021-01-31,TSLA,"Tesla, Inc.",PBW,Clean Energy,2020-10-31,2020-12-30,18448197.68,47542,SEC EDGAR ETF_Holdings.csv; CMIN-US ticker resolution,resolved_by_cusip
2021-01-31,TSLA,"Tesla, Inc.",QCLN,Clean Energy,2020-09-30,2020-11-24,36226462.42,84442,SEC EDGAR ETF_Holdings.csv; CMIN-US ticker resolution,resolved_by_cusip
2021-01-31,TSLA,"Tesla, Inc.",SMOG,Clean Energy,2020-09-30,2020-11-25,15044522.68,35068,SEC EDGAR ETF_Holdings.csv; CMIN-US ticker resolution,resolved_by_cusip
2021-02-28,AAPL,Apple Inc.,ARKG,Biotechnology,2020-10-30,2020-12-28,33093.44,304,SEC EDGAR ETF_Holdings.csv; CMIN-US ticker resolution,resolved_by_cusip
2021-02-28,AAPL,Apple Inc.,ARKQ,Robotics,2020-10-30,2020-12-28,7259546.82,66687,SEC EDGAR ETF_Holdings.csv; CMIN-US ticker resolution,resolved_by_cusip
2021-02-28,ABBV,AbbVie Inc.,XBI,Biotechnology,2020-12-31,2021-02-26,64304143.8,600132,SEC EDGAR ETF_Holdings.csv; CMIN-US ticker resolution,resolved_by_cusip
2021-02-28,ABT,Abbott Laboratories,IHI,Healthcare Innovation,2020-12-31,2021-02-25,1207253491.97,11026153,SEC EDGAR ETF_Holdings.csv; CMIN-US ticker resolution,resolved_by_cusip
2021-02-28,ACN,Accenture plc,CIBR,Cybersecurity,2020-12-31,2021-02-24,171953236.95,658295,SEC EDGAR ETF_Holdings.csv; CMIN-US ticker resolution,resolved_by_target_universe_name_match
2021-02-28,ADBE,Adobe Inc.,ARKW,Internet,2020-10-30,2020-12-28,25707355.8,57498,SEC EDGAR ETF_Holdings.csv; CMIN-US ticker resolution,resolved_by_cusip
2021-02-28,ADBE,Adobe Inc.,IGV,Cloud Computing,2020-12-31,2021-02-25,506243469.28,1012244,SEC EDGAR ETF_Holdings.csv; CMIN-US ticker resolution,resolved_by_cusip
2021-02-28,ADBE,Adobe Inc.,PNQI,Internet,2020-10-31,2020-12-30,33112226,74060,SEC EDGAR ETF_Holdings.csv; CMIN-US ticker resolution,resolved_by_cusip
2021-02-28,ADBE,Adobe Inc.,SKYY,Cloud Computing,2020-12-31,2021-02-24,116786522.04,233517,SEC EDGAR ETF_Holdings.csv; CMIN-US ticker resolution,resolved_by_cusip
2021-02-28,AMZN,"Amazon.com, Inc.",ARKQ,Robotics,2020-10-30,2020-12-28,11018188.35,3629,SEC EDGAR ETF_Holdings.csv; CMIN-US ticker resolution,resolved_by_cusip
2021-02-28,AMZN,"Amazon.com, Inc.",ARKW,Internet,2020-10-30,2020-12-28,40186481.4,13236,SEC EDGAR ETF_Holdings.csv; CMIN-US ticker resolution,resolved_by_cusip
2021-02-28,AMZN,"Amazon.com, Inc.",FDN,Internet,2020-12-31,2021-02-19,1112609628.09,341613,SEC EDGAR ETF_Holdings.csv; CMIN-US ticker resolution,resolved_by_cusip
2021-02-28,AMZN,"Amazon.com, Inc.",PNQI,Internet,2020-10-31,2020-12-30,66907637.55,22037,SEC EDGAR ETF_Holdings.csv; CMIN-US ticker resolution,resolved_by_cusip
2021-02-28,AMZN,"Amazon.com, Inc.",SKYY,Cloud Computing,2020-12-31,2021-02-24,229730814.48,70536,SEC EDGAR ETF_Holdings.csv; CMIN-US ticker resolution,resolved_by_cusip
2021-02-28,APD,"Air Products and Chemicals, Inc.",PBW,Clean Energy,2020-10-31,2020-12-30,14049013.92,50858,SEC EDGAR ETF_Holdings.csv; CMIN-US ticker resolution,resolved_by_cusip
2021-02-28,AVGO,Broadcom Inc.,SMH,Semiconductor,2020-12-31,2021-02-23,197859160.8,451888,SEC EDGAR ETF_Holdings.csv; CMIN-US ticker resolution,resolved_by_cusip
2021-02-28,BABA,Alibaba Group Holding Limited,ARKW,Internet,2020-10-30,2020-12-28,52801558.24,173296,SEC EDGAR ETF_Holdings.csv; CMIN-US ticker resolution,resolved_by_cusip
2021-02-28,BABA,Alibaba Group Holding Limited,EMQQ,Internet,2020-11-30,2021-01-27,88522406.72,336127,SEC EDGAR ETF_Holdings.csv; CMIN-US ticker resolution,resolved_by_cusip
2021-02-28,BABA,Alibaba Group Holding Limited,PNQI,Internet,2020-10-31,2020-12-30,80721826.39,264931,SEC EDGAR ETF_Holdings.csv; CMIN-US ticker resolution,resolved_by_cusip
2021-02-28,BABA,Alibaba Group Holding Limited,SKYY,Cloud Computing,2020-12-31,2021-02-24,197470939.54,848498,SEC EDGAR ETF_Holdings.csv; CMIN-US ticker resolution,resolved_by_cusip
2021-02-28,CAT,Caterpillar Inc.,ARKQ,Robotics,2020-10-30,2020-12-28,22582219.5,143790,SEC EDGAR ETF_Holdings.csv; CMIN-US ticker resolution,resolved_by_cusip
2021-02-28,CSCO,"Cisco Systems, Inc.",CIBR,Cybersecurity,2020-12-31,2021-02-24,170573798.75,3811705,SEC EDGAR ETF_Holdings.csv; CMIN-US ticker resolution,resolved_by_cusip
2021-02-28,CSCO,"Cisco Systems, Inc.",FDN,Internet,2020-12-31,2021-02-19,482888658,10790808,SEC EDGAR ETF_Holdings.csv; CMIN-US ticker resolution,resolved_by_cusip
2021-02-28,CSCO,"Cisco Systems, Inc.",GRID,Infrastructure,2020-12-31,2021-02-24,2665981.25,59575,SEC EDGAR ETF_Holdings.csv; CMIN-US ticker resolution,resolved_by_cusip
2021-02-28,CSCO,"Cisco Systems, Inc.",HACK,Cybersecurity,2020-12-31,2021-02-25,62834504.25,1404123,SEC EDGAR ETF_Holdings.csv; CMIN-US ticker resolution,resolved_by_cusip
2021-02-28,CSCO,"Cisco Systems, Inc.",SKYY,Cloud Computing,2020-12-31,2021-02-24,154964282.75,3462889,SEC EDGAR ETF_Holdings.csv; CMIN-US ticker resolution,resolved_by_cusip
2021-02-28,D,"Dominion Energy, Inc.",NLR,Nuclear,2020-12-31,2021-02-10,1403984,18670,SEC EDGAR ETF_Holdings.csv; CMIN-US ticker resolution,resolved_by_cusip
2021-02-28,DE,Deere & Company,ARKQ,Robotics,2020-10-30,2020-12-28,28230843.15,124965,SEC EDGAR ETF_Holdings.csv; CMIN-US ticker resolution,resolved_by_cusip
2021-02-28,DE,Deere & Company,MOO,Agribusiness,2020-12-31,2021-02-10,64712444.1,240522,SEC EDGAR ETF_Holdings.csv; CMIN-US ticker resolution,resolved_by_cusip
2021-02-28,DE,Deere & Company,ROBO,Robotics,2020-10-31,2020-12-28,14568935.9,64490,SEC EDGAR ETF_Holdings.csv; CMIN-US ticker resolution,resolved_by_cusip
2021-02-28,DHR,Danaher Corporation,IHI,Healthcare Innovation,2020-12-31,2021-02-25,716999056.6,3227690,SEC EDGAR ETF_Holdings.csv; CMIN-US ticker resolution,resolved_by_cusip
2021-02-28,DHR,Danaher Corporation,PHO,Water,2020-10-31,2020-12-30,97657793,425450,SEC EDGAR ETF_Holdings.csv; CMIN-US ticker resolution,resolved_by_cusip
2021-02-28,DHR,Danaher Corporation,PIO,Water,2020-10-31,2020-12-30,18677899.34,81371,SEC EDGAR ETF_Holdings.csv; CMIN-US ticker resolution,resolved_by_cusip
2021-02-28,DUK,Duke Energy Corporation,NLR,Nuclear,2020-12-31,2021-02-10,1386493.08,15143,SEC EDGAR ETF_Holdings.csv; CMIN-US ticker resolution,resolved_by_cusip
2021-02-28,ECL,Ecolab Inc.,PHO,Water,2020-10-31,2020-12-30,81827898.9,445710,SEC EDGAR ETF_Holdings.csv; CMIN-US ticker resolution,resolved_by_cusip
2021-02-28,ECL,Ecolab Inc.,PIO,Water,2020-10-31,2020-12-30,15650680.32,85248,SEC EDGAR ETF_Holdings.csv; CMIN-US ticker resolution,resolved_by_cusip
2021-02-28,EXC,Exelon Corporation,NLR,Nuclear,2020-12-31,2021-02-10,1244265.62,29471,SEC EDGAR ETF_Holdings.csv; CMIN-US ticker resolution,resolved_by_cusip
2021-02-28,FB,"Meta Platforms, Inc.",ARKW,Internet,2020-10-30,2020-12-28,92825208,352800,SEC EDGAR ETF_Holdings.csv; CMIN-US ticker resolution,resolved_by_cusip
2021-02-28,FB,"Meta Platforms, Inc.",FDN,Internet,2020-12-31,2021-02-19,773366767.76,2831186,SEC EDGAR ETF_Holdings.csv; CMIN-US ticker resolution,resolved_by_cusip
2021-02-28,FB,"Meta Platforms, Inc.",PNQI,Internet,2020-10-31,2020-12-30,68238630.94,259354,SEC EDGAR ETF_Holdings.csv; CMIN-US ticker resolution,resolved_by_cusip
2021-02-28,GOOG,Alphabet Inc.,ARKQ,Robotics,2020-10-30,2020-12-28,34404316.24,21224,SEC EDGAR ETF_Holdings.csv; CMIN-US ticker resolution,resolved_by_cusip
2021-02-28,GOOG,Alphabet Inc.,FDN,Internet,2020-12-31,2021-02-19,939992937.72,536444,SEC EDGAR ETF_Holdings.csv; CMIN-US ticker resolution,resolved_by_cusip
2021-02-28,GOOG,Alphabet Inc.,PNQI,Internet,2020-10-31,2020-12-30,75432079.34,46534,SEC EDGAR ETF_Holdings.csv; CMIN-US ticker resolution,resolved_by_cusip
2021-02-28,GOOG,Alphabet Inc.,SKYY,Cloud Computing,2020-12-31,2021-02-24,223235509.44,127371,SEC EDGAR ETF_Holdings.csv; CMIN-US ticker resolution,resolved_by_cusip
2021-02-28,HON,Honeywell International Inc.,GRID,Infrastructure,2020-12-31,2021-02-24,2615784.6,12298,SEC EDGAR ETF_Holdings.csv; CMIN-US ticker resolution,resolved_by_cusip
2021-02-28,HON,Honeywell International Inc.,PPA,Defense,2020-10-31,2020-12-30,46359032.55,281049,SEC EDGAR ETF_Holdings.csv; CMIN-US ticker resolution,resolved_by_cusip
2021-02-28,JD,"JD.com, Inc.",ARKQ,Robotics,2020-10-30,2020-12-28,28069700.08,344329,SEC EDGAR ETF_Holdings.csv; CMIN-US ticker resolution,resolved_by_cusip
2021-02-28,JD,"JD.com, Inc.",ARKW,Internet,2020-10-30,2020-12-28,28615476.48,351024,SEC EDGAR ETF_Holdings.csv; CMIN-US ticker resolution,resolved_by_cusip
2021-02-28,JD,"JD.com, Inc.",EMQQ,Internet,2020-11-30,2021-01-27,61598802,721720,SEC EDGAR ETF_Holdings.csv; CMIN-US ticker resolution,resolved_by_cusip
2021-02-28,JD,"JD.com, Inc.",PNQI,Internet,2020-10-31,2020-12-30,30722197.84,376867,SEC EDGAR ETF_Holdings.csv; CMIN-US ticker resolution,resolved_by_cusip
2021-02-28,MSFT,Microsoft Corporation,IGV,Cloud Computing,2020-12-31,2021-02-25,509994157.86,2292933,SEC EDGAR ETF_Holdings.csv; CMIN-US ticker resolution,resolved_by_cusip
2021-02-28,MSFT,Microsoft Corporation,SKYY,Cloud Computing,2020-12-31,2021-02-24,232176675.72,1043866,SEC EDGAR ETF_Holdings.csv; CMIN-US ticker resolution,resolved_by_cusip
2021-02-28,NFLX,"Netflix, Inc.",ARKW,Internet,2020-10-30,2020-12-28,58962264.12,123938,SEC EDGAR ETF_Holdings.csv; CMIN-US ticker resolution,resolved_by_cusip
2021-02-28,NFLX,"Netflix, Inc.",FDN,Internet,2020-12-31,2021-02-19,565589521.02,1045974,SEC EDGAR ETF_Holdings.csv; CMIN-US ticker resolution,resolved_by_cusip
2021-02-28,NFLX,"Netflix, Inc.",PNQI,Internet,2020-10-31,2020-12-30,34158132,71800,SEC EDGAR ETF_Holdings.csv; CMIN-US ticker resolution,resolved_by_cusip
2021-02-28,NGG,National Grid plc,GRID,Infrastructure,2020-12-31,2021-02-24,678706.68,57377,SEC EDGAR ETF_Holdings.csv; CMIN-US ticker resolution,resolved_by_target_universe_name_match
2021-02-28,NVDA,NVIDIA Corporation,ARKQ,Robotics,2020-10-30,2020-12-28,8379229.68,16713,SEC EDGAR ETF_Holdings.csv; CMIN-US ticker resolution,resolved_by_cusip
2021-02-28,NVDA,NVIDIA Corporation,ARKW,Internet,2020-10-30,2020-12-28,27917228.88,55683,SEC EDGAR ETF_Holdings.csv; CMIN-US ticker resolution,resolved_by_cusip
2021-02-28,NVDA,NVIDIA Corporation,GRID,Infrastructure,2020-12-31,2021-02-24,2497160.4,4782,SEC EDGAR ETF_Holdings.csv; CMIN-US ticker resolution,resolved_by_cusip
2021-02-28,NVDA,NVIDIA Corporation,PSI,Semiconductor,2020-10-31,2020-12-30,13613428.08,27153,SEC EDGAR ETF_Holdings.csv; CMIN-US ticker resolution,resolved_by_cusip
2021-02-28,NVDA,NVIDIA Corporation,ROBO,Robotics,2020-10-31,2020-12-28,19340964.72,38577,SEC EDGAR ETF_Holdings.csv; CMIN-US ticker resolution,resolved_by_cusip
2021-02-28,NVDA,NVIDIA Corporation,SMH,Semiconductor,2020-12-31,2021-02-23,261180418.8,500154,SEC EDGAR ETF_Holdings.csv; CMIN-US ticker resolution,resolved_by_cusip
2021-02-28,NVS,Novartis AG,ARKG,Biotechnology,2020-10-30,2020-12-28,28017212.16,358827,SEC EDGAR ETF_Holdings.csv; CMIN-US ticker resolution,resolved_by_cusip
2021-02-28,ORCL,Oracle Corporation,GRID,Infrastructure,2020-12-31,2021-02-24,2116268.66,32714,SEC EDGAR ETF_Holdings.csv; CMIN-US ticker resolution,resolved_by_cusip
2021-02-28,ORCL,Oracle Corporation,IGV,Cloud Computing,2020-12-31,2021-02-25,332120530.08,5134032,SEC EDGAR ETF_Holdings.csv; CMIN-US ticker resolution,resolved_by_cusip
2021-02-28,ORCL,Oracle Corporation,SKYY,Cloud Computing,2020-12-31,2021-02-24,250444100.5,3871450,SEC EDGAR ETF_Holdings.csv; CMIN-US ticker resolution,resolved_by_cusip
2021-02-28,PYPL,"PayPal Holdings, Inc.",ARKW,Internet,2020-10-30,2020-12-28,27752169.13,149101,SEC EDGAR ETF_Holdings.csv; CMIN-US ticker resolution,resolved_by_cusip
2021-02-28,PYPL,"PayPal Holdings, Inc.",FDN,Internet,2020-12-31,2021-02-19,607998657.2,2596066,SEC EDGAR ETF_Holdings.csv; CMIN-US ticker resolution,resolved_by_cusip
2021-02-28,RTX,Raytheon Technologies Corporation,PPA,Defense,2020-10-31,2020-12-30,35777705.04,658647,SEC EDGAR ETF_Holdings.csv; CMIN-US ticker resolution,resolved_by_cusip
2021-02-28,RTX,Raytheon Technologies Corporation,XAR,Defense,2020-12-31,2021-02-26,46590910.3,651530,SEC EDGAR ETF_Holdings.csv; CMIN-US ticker resolution,resolved_by_cusip
2021-02-28,SNAP,Snap Inc.,ARKW,Internet,2020-10-30,2020-12-28,77929569.9,1978410,SEC EDGAR ETF_Holdings.csv; CMIN-US ticker resolution,resolved_by_cusip
2021-02-28,SNAP,Snap Inc.,FDN,Internet,2020-12-31,2021-02-19,280218307.17,5596531,SEC EDGAR ETF_Holdings.csv; CMIN-US ticker resolution,resolved_by_cusip
2021-02-28,SNAP,Snap Inc.,IGV,Cloud Computing,2020-12-31,2021-02-25,123821858.25,2472975,SEC EDGAR ETF_Holdings.csv; CMIN-US ticker resolution,resolved_by_cusip
2021-02-28,SNAP,Snap Inc.,PNQI,Internet,2020-10-31,2020-12-30,19587110.79,497261,SEC EDGAR ETF_Holdings.csv; CMIN-US ticker resolution,resolved_by_cusip
2021-02-28,TMO,Thermo Fisher Scientific Inc.,ARKG,Biotechnology,2020-10-30,2020-12-28,15944144,33700,SEC EDGAR ETF_Holdings.csv; CMIN-US ticker resolution,resolved_by_cusip
2021-02-28,TMO,Thermo Fisher Scientific Inc.,IHI,Healthcare Innovation,2020-12-31,2021-02-25,1148449059.66,2465647,SEC EDGAR ETF_Holdings.csv; CMIN-US ticker resolution,resolved_by_cusip
2021-02-28,TSLA,"Tesla, Inc.",ARKQ,Robotics,2020-10-30,2020-12-28,72724904.64,187416,SEC EDGAR ETF_Holdings.csv; CMIN-US ticker resolution,resolved_by_cusip
2021-02-28,TSLA,"Tesla, Inc.",ARKW,Internet,2020-10-30,2020-12-28,265954855.2,685380,SEC EDGAR ETF_Holdings.csv; CMIN-US ticker resolution,resolved_by_cusip
2021-02-28,TSLA,"Tesla, Inc.",GRID,Infrastructure,2020-12-31,2021-02-24,3186805.72,4516,SEC EDGAR ETF_Holdings.csv; CMIN-US ticker resolution,resolved_by_cusip
2021-02-28,TSLA,"Tesla, Inc.",LIT,Battery,2020-10-31,2020-12-23,61110867.44,157486,SEC EDGAR ETF_Holdings.csv; CMIN-US ticker resolution,resolved_by_cusip
2021-02-28,TSLA,"Tesla, Inc.",PBW,Clean Energy,2020-10-31,2020-12-30,18448197.68,47542,SEC EDGAR ETF_Holdings.csv; CMIN-US ticker resolution,resolved_by_cusip
2021-02-28,TSLA,"Tesla, Inc.",QCLN,Clean Energy,2020-12-31,2021-02-19,177313700.9,251270,SEC EDGAR ETF_Holdings.csv; CMIN-US ticker resolution,resolved_by_cusip
2021-02-28,TSLA,"Tesla, Inc.",SMOG,Clean Energy,2020-12-31,2021-02-10,24326561.91,34473,SEC EDGAR ETF_Holdings.csv; CMIN-US ticker resolution,resolved_by_cusip
2021-03-31,AAPL,Apple Inc.,ARKQ,Robotics,2021-01-29,2021-03-19,28912699.92,219102,SEC EDGAR ETF_Holdings.csv; CMIN-US ticker resolution,resolved_by_cusip
2021-03-31,AAPL,Apple Inc.,ARKW,Internet,2021-01-29,2021-03-19,64239843.48,486813,SEC EDGAR ETF_Holdings.csv; CMIN-US ticker resolution,resolved_by_cusip
2021-03-31,ABBV,AbbVie Inc.,XBI,Biotechnology,2020-12-31,2021-02-26,64304143.8,600132,SEC EDGAR ETF_Holdings.csv; CMIN-US ticker resolution,resolved_by_cusip
2021-03-31,ABT,Abbott Laboratories,IHI,Healthcare Innovation,2020-12-31,2021-02-25,1207253491.97,11026153,SEC EDGAR ETF_Holdings.csv; CMIN-US ticker resolution,resolved_by_cusip
2021-03-31,ACN,Accenture plc,CIBR,Cybersecurity,2020-12-31,2021-02-24,171953236.95,658295,SEC EDGAR ETF_Holdings.csv; CMIN-US ticker resolution,resolved_by_target_universe_name_match
2021-03-31,ADBE,Adobe Inc.,ARKW,Internet,2021-01-29,2021-03-19,70303749.88,153244,SEC EDGAR ETF_Holdings.csv; CMIN-US ticker resolution,resolved_by_cusip
2021-03-31,ADBE,Adobe Inc.,IGV,Cloud Computing,2020-12-31,2021-02-25,506243469.28,1012244,SEC EDGAR ETF_Holdings.csv; CMIN-US ticker resolution,resolved_by_cusip
2021-03-31,ADBE,Adobe Inc.,PNQI,Internet,2021-01-31,2021-03-31,69592197.61,151693,SEC EDGAR ETF_Holdings.csv; CMIN-US ticker resolution,resolved_by_cusip
2021-03-31,ADBE,Adobe Inc.,SKYY,Cloud Computing,2020-12-31,2021-02-24,116786522.04,233517,SEC EDGAR ETF_Holdings.csv; CMIN-US ticker resolution,resolved_by_cusip
2021-03-31,AMZN,"Amazon.com, Inc.",ARKQ,Robotics,2021-01-29,2021-03-19,29724680.2,9271,SEC EDGAR ETF_Holdings.csv; CMIN-US ticker resolution,resolved_by_cusip
2021-03-31,AMZN,"Amazon.com, Inc.",FDN,Internet,2020-12-31,2021-02-19,1112609628.09,341613,SEC EDGAR ETF_Holdings.csv; CMIN-US ticker resolution,resolved_by_cusip
2021-03-31,AMZN,"Amazon.com, Inc.",PNQI,Internet,2021-01-31,2021-03-31,78574343.4,24507,SEC EDGAR ETF_Holdings.csv; CMIN-US ticker resolution,resolved_by_cusip
2021-03-31,AMZN,"Amazon.com, Inc.",SKYY,Cloud Computing,2020-12-31,2021-02-24,229730814.48,70536,SEC EDGAR ETF_Holdings.csv; CMIN-US ticker resolution,resolved_by_cusip
2021-03-31,APD,"Air Products and Chemicals, Inc.",PBW,Clean Energy,2020-10-31,2020-12-30,14049013.92,50858,SEC EDGAR ETF_Holdings.csv; CMIN-US ticker resolution,resolved_by_cusip
2021-03-31,AVGO,Broadcom Inc.,SMH,Semiconductor,2020-12-31,2021-02-23,197859160.8,451888,SEC EDGAR ETF_Holdings.csv; CMIN-US ticker resolution,resolved_by_cusip
2021-03-31,BABA,Alibaba Group Holding Limited,ARKW,Internet,2021-01-29,2021-03-19,83293806.84,328148,SEC EDGAR ETF_Holdings.csv; CMIN-US ticker resolution,resolved_by_cusip
2021-03-31,BABA,Alibaba Group Holding Limited,EMQQ,Internet,2020-11-30,2021-01-27,88522406.72,336127,SEC EDGAR ETF_Holdings.csv; CMIN-US ticker resolution,resolved_by_cusip
2021-03-31,BABA,Alibaba Group Holding Limited,PNQI,Internet,2021-01-31,2021-03-31,74816900.16,294752,SEC EDGAR ETF_Holdings.csv; CMIN-US ticker resolution,resolved_by_cusip
2021-03-31,BABA,Alibaba Group Holding Limited,SKYY,Cloud Computing,2020-12-31,2021-02-24,197470939.54,848498,SEC EDGAR ETF_Holdings.csv; CMIN-US ticker resolution,resolved_by_cusip
2021-03-31,CAT,Caterpillar Inc.,ARKQ,Robotics,2021-01-29,2021-03-19,71922490.92,393363,SEC EDGAR ETF_Holdings.csv; CMIN-US ticker resolution,resolved_by_cusip
2021-03-31,CSCO,"Cisco Systems, Inc.",CIBR,Cybersecurity,2020-12-31,2021-02-24,170573798.75,3811705,SEC EDGAR ETF_Holdings.csv; CMIN-US ticker resolution,resolved_by_cusip
2021-03-31,CSCO,"Cisco Systems, Inc.",FDN,Internet,2020-12-31,2021-02-19,482888658,10790808,SEC EDGAR ETF_Holdings.csv; CMIN-US ticker resolution,resolved_by_cusip
2021-03-31,CSCO,"Cisco Systems, Inc.",GRID,Infrastructure,2020-12-31,2021-02-24,2665981.25,59575,SEC EDGAR ETF_Holdings.csv; CMIN-US ticker resolution,resolved_by_cusip
2021-03-31,CSCO,"Cisco Systems, Inc.",HACK,Cybersecurity,2020-12-31,2021-02-25,62834504.25,1404123,SEC EDGAR ETF_Holdings.csv; CMIN-US ticker resolution,resolved_by_cusip
2021-03-31,CSCO,"Cisco Systems, Inc.",SKYY,Cloud Computing,2020-12-31,2021-02-24,154964282.75,3462889,SEC EDGAR ETF_Holdings.csv; CMIN-US ticker resolution,resolved_by_cusip
2021-03-31,D,"Dominion Energy, Inc.",NLR,Nuclear,2020-12-31,2021-02-10,1403984,18670,SEC EDGAR ETF_Holdings.csv; CMIN-US ticker resolution,resolved_by_cusip
2021-03-31,DE,Deere & Company,ARKQ,Robotics,2021-01-29,2021-03-19,123481349.6,427567,SEC EDGAR ETF_Holdings.csv; CMIN-US ticker resolution,resolved_by_cusip
2021-03-31,DE,Deere & Company,MOO,Agribusiness,2020-12-31,2021-02-10,64712444.1,240522,SEC EDGAR ETF_Holdings.csv; CMIN-US ticker resolution,resolved_by_cusip
2021-03-31,DE,Deere & Company,ROBO,Robotics,2021-01-31,2021-03-31,21099439.2,73059,SEC EDGAR ETF_Holdings.csv; CMIN-US ticker resolution,resolved_by_cusip
2021-03-31,DHR,Danaher Corporation,IHI,Healthcare Innovation,2020-12-31,2021-02-25,716999056.6,3227690,SEC EDGAR ETF_Holdings.csv; CMIN-US ticker resolution,resolved_by_cusip
2021-03-31,DHR,Danaher Corporation,PHO,Water,2020-10-31,2020-12-30,97657793,425450,SEC EDGAR ETF_Holdings.csv; CMIN-US ticker resolution,resolved_by_cusip
2021-03-31,DHR,Danaher Corporation,PIO,Water,2020-10-31,2020-12-30,18677899.34,81371,SEC EDGAR ETF_Holdings.csv; CMIN-US ticker resolution,resolved_by_cusip
2021-03-31,DUK,Duke Energy Corporation,NLR,Nuclear,2020-12-31,2021-02-10,1386493.08,15143,SEC EDGAR ETF_Holdings.csv; CMIN-US ticker resolution,resolved_by_cusip
2021-03-31,ECL,Ecolab Inc.,PHO,Water,2020-10-31,2020-12-30,81827898.9,445710,SEC EDGAR ETF_Holdings.csv; CMIN-US ticker resolution,resolved_by_cusip
2021-03-31,ECL,Ecolab Inc.,PIO,Water,2020-10-31,2020-12-30,15650680.32,85248,SEC EDGAR ETF_Holdings.csv; CMIN-US ticker resolution,resolved_by_cusip
2021-03-31,EXC,Exelon Corporation,NLR,Nuclear,2020-12-31,2021-02-10,1244265.62,29471,SEC EDGAR ETF_Holdings.csv; CMIN-US ticker resolution,resolved_by_cusip
2021-03-31,FB,"Meta Platforms, Inc.",ARKW,Internet,2021-01-29,2021-03-19,136381448.55,527935,SEC EDGAR ETF_Holdings.csv; CMIN-US ticker resolution,resolved_by_cusip
2021-03-31,FB,"Meta Platforms, Inc.",FDN,Internet,2020-12-31,2021-02-19,773366767.76,2831186,SEC EDGAR ETF_Holdings.csv; CMIN-US ticker resolution,resolved_by_cusip
2021-03-31,FB,"Meta Platforms, Inc.",PNQI,Internet,2021-01-31,2021-03-31,72400857.45,280265,SEC EDGAR ETF_Holdings.csv; CMIN-US ticker resolution,resolved_by_cusip
2021-03-31,GOOG,Alphabet Inc.,ARKG,Biotechnology,2021-01-29,2021-03-19,146665740.96,80261,SEC EDGAR ETF_Holdings.csv; CMIN-US ticker resolution,resolved_by_cusip
2021-03-31,GOOG,Alphabet Inc.,ARKQ,Robotics,2021-01-29,2021-03-19,100365413.02,54673,SEC EDGAR ETF_Holdings.csv; CMIN-US ticker resolution,resolved_by_cusip
2021-03-31,GOOG,Alphabet Inc.,FDN,Internet,2020-12-31,2021-02-19,939992937.72,536444,SEC EDGAR ETF_Holdings.csv; CMIN-US ticker resolution,resolved_by_cusip
2021-03-31,GOOG,Alphabet Inc.,PNQI,Internet,2021-01-31,2021-03-31,80935940.86,44089,SEC EDGAR ETF_Holdings.csv; CMIN-US ticker resolution,resolved_by_cusip
2021-03-31,GOOG,Alphabet Inc.,SKYY,Cloud Computing,2020-12-31,2021-02-24,223235509.44,127371,SEC EDGAR ETF_Holdings.csv; CMIN-US ticker resolution,resolved_by_cusip
2021-03-31,HON,Honeywell International Inc.,ARKQ,Robotics,2021-01-29,2021-03-19,10833657.24,55452,SEC EDGAR ETF_Holdings.csv; CMIN-US ticker resolution,resolved_by_cusip
2021-03-31,HON,Honeywell International Inc.,GRID,Infrastructure,2020-12-31,2021-02-24,2615784.6,12298,SEC EDGAR ETF_Holdings.csv; CMIN-US ticker resolution,resolved_by_cusip
2021-03-31,HON,Honeywell International Inc.,PPA,Defense,2020-10-31,2020-12-30,46359032.55,281049,SEC EDGAR ETF_Holdings.csv; CMIN-US ticker resolution,resolved_by_cusip
2021-03-31,JD,"JD.com, Inc.",ARKQ,Robotics,2021-01-29,2021-03-19,120406696.97,1357613,SEC EDGAR ETF_Holdings.csv; CMIN-US ticker resolution,resolved_by_cusip
2021-03-31,JD,"JD.com, Inc.",ARKW,Internet,2021-01-29,2021-03-19,67724393.52,763608,SEC EDGAR ETF_Holdings.csv; CMIN-US ticker resolution,resolved_by_cusip
2021-03-31,JD,"JD.com, Inc.",EMQQ,Internet,2020-11-30,2021-01-27,61598802,721720,SEC EDGAR ETF_Holdings.csv; CMIN-US ticker resolution,resolved_by_cusip
2021-03-31,JD,"JD.com, Inc.",PNQI,Internet,2021-01-31,2021-03-31,27934689.3,314970,SEC EDGAR ETF_Holdings.csv; CMIN-US ticker resolution,resolved_by_cusip
2021-03-31,MSFT,Microsoft Corporation,IGV,Cloud Computing,2020-12-31,2021-02-25,509994157.86,2292933,SEC EDGAR ETF_Holdings.csv; CMIN-US ticker resolution,resolved_by_cusip
2021-03-31,MSFT,Microsoft Corporation,SKYY,Cloud Computing,2020-12-31,2021-02-24,232176675.72,1043866,SEC EDGAR ETF_Holdings.csv; CMIN-US ticker resolution,resolved_by_cusip
2021-03-31,NFLX,"Netflix, Inc.",ARKW,Internet,2021-01-29,2021-03-19,167960526.76,315484,SEC EDGAR ETF_Holdings.csv; CMIN-US ticker resolution,resolved_by_cusip
2021-03-31,NFLX,"Netflix, Inc.",FDN,Internet,2020-12-31,2021-02-19,565589521.02,1045974,SEC EDGAR ETF_Holdings.csv; CMIN-US ticker resolution,resolved_by_cusip
2021-03-31,NFLX,"Netflix, Inc.",PNQI,Internet,2021-01-31,2021-03-31,42111516.61,79099,SEC EDGAR ETF_Holdings.csv; CMIN-US ticker resolution,resolved_by_cusip
2021-03-31,NGG,National Grid plc,GRID,Infrastructure,2020-12-31,2021-02-24,678706.68,57377,SEC EDGAR ETF_Holdings.csv; CMIN-US ticker resolution,resolved_by_target_universe_name_match
2021-03-31,NVDA,NVIDIA Corporation,ARKQ,Robotics,2021-01-29,2021-03-19,44632261.41,85899,SEC EDGAR ETF_Holdings.csv; CMIN-US ticker resolution,resolved_by_cusip
2021-03-31,NVDA,NVIDIA Corporation,ARKW,Internet,2021-01-29,2021-03-19,91761152.77,176603,SEC EDGAR ETF_Holdings.csv; CMIN-US ticker resolution,resolved_by_cusip
2021-03-31,NVDA,NVIDIA Corporation,GRID,Infrastructure,2020-12-31,2021-02-24,2497160.4,4782,SEC EDGAR ETF_Holdings.csv; CMIN-US ticker resolution,resolved_by_cusip
2021-03-31,NVDA,NVIDIA Corporation,PSI,Semiconductor,2020-10-31,2020-12-30,13613428.08,27153,SEC EDGAR ETF_Holdings.csv; CMIN-US ticker resolution,resolved_by_cusip
2021-03-31,NVDA,NVIDIA Corporation,ROBO,Robotics,2021-01-31,2021-03-31,24882645.51,47889,SEC EDGAR ETF_Holdings.csv; CMIN-US ticker resolution,resolved_by_cusip
2021-03-31,NVDA,NVIDIA Corporation,SMH,Semiconductor,2020-12-31,2021-02-23,261180418.8,500154,SEC EDGAR ETF_Holdings.csv; CMIN-US ticker resolution,resolved_by_cusip
2021-03-31,NVS,Novartis AG,ARKG,Biotechnology,2021-01-29,2021-03-19,326671337.75,3610825,SEC EDGAR ETF_Holdings.csv; CMIN-US ticker resolution,resolved_by_cusip
2021-03-31,ORCL,Oracle Corporation,GRID,Infrastructure,2020-12-31,2021-02-24,2116268.66,32714,SEC EDGAR ETF_Holdings.csv; CMIN-US ticker resolution,resolved_by_cusip
2021-03-31,ORCL,Oracle Corporation,IGV,Cloud Computing,2020-12-31,2021-02-25,332120530.08,5134032,SEC EDGAR ETF_Holdings.csv; CMIN-US ticker resolution,resolved_by_cusip
2021-03-31,ORCL,Oracle Corporation,SKYY,Cloud Computing,2020-12-31,2021-02-24,250444100.5,3871450,SEC EDGAR ETF_Holdings.csv; CMIN-US ticker resolution,resolved_by_cusip
2021-03-31,PYPL,"PayPal Holdings, Inc.",ARKW,Internet,2021-01-29,2021-03-19,131595993.92,561632,SEC EDGAR ETF_Holdings.csv; CMIN-US ticker resolution,resolved_by_cusip
2021-03-31,PYPL,"PayPal Holdings, Inc.",FDN,Internet,2020-12-31,2021-02-19,607998657.2,2596066,SEC EDGAR ETF_Holdings.csv; CMIN-US ticker resolution,resolved_by_cusip
2021-03-31,RTX,Raytheon Technologies Corporation,PPA,Defense,2020-10-31,2020-12-30,35777705.04,658647,SEC EDGAR ETF_Holdings.csv; CMIN-US ticker resolution,resolved_by_cusip
2021-03-31,RTX,Raytheon Technologies Corporation,XAR,Defense,2020-12-31,2021-02-26,46590910.3,651530,SEC EDGAR ETF_Holdings.csv; CMIN-US ticker resolution,resolved_by_cusip
2021-03-31,SNAP,Snap Inc.,ARKW,Internet,2021-01-29,2021-03-19,96382458.12,1820598,SEC EDGAR ETF_Holdings.csv; CMIN-US ticker resolution,resolved_by_cusip
2021-03-31,SNAP,Snap Inc.,FDN,Internet,2020-12-31,2021-02-19,280218307.17,5596531,SEC EDGAR ETF_Holdings.csv; CMIN-US ticker resolution,resolved_by_cusip
2021-03-31,SNAP,Snap Inc.,IGV,Cloud Computing,2020-12-31,2021-02-25,123821858.25,2472975,SEC EDGAR ETF_Holdings.csv; CMIN-US ticker resolution,resolved_by_cusip
2021-03-31,SNAP,Snap Inc.,PNQI,Internet,2021-01-31,2021-03-31,23625480.86,446269,SEC EDGAR ETF_Holdings.csv; CMIN-US ticker resolution,resolved_by_cusip
2021-03-31,TMO,Thermo Fisher Scientific Inc.,ARKG,Biotechnology,2021-01-29,2021-03-19,157451427,308910,SEC EDGAR ETF_Holdings.csv; CMIN-US ticker resolution,resolved_by_cusip
2021-03-31,TMO,Thermo Fisher Scientific Inc.,IHI,Healthcare Innovation,2020-12-31,2021-02-25,1148449059.66,2465647,SEC EDGAR ETF_Holdings.csv; CMIN-US ticker resolution,resolved_by_cusip
2021-03-31,TSLA,"Tesla, Inc.",ARKQ,Robotics,2021-01-29,2021-03-19,306979461.09,386853,SEC EDGAR ETF_Holdings.csv; CMIN-US ticker resolution,resolved_by_cusip
2021-03-31,TSLA,"Tesla, Inc.",ARKW,Internet,2021-01-29,2021-03-19,626253876,789200,SEC EDGAR ETF_Holdings.csv; CMIN-US ticker resolution,resolved_by_cusip
2021-03-31,TSLA,"Tesla, Inc.",GRID,Infrastructure,2020-12-31,2021-02-24,3186805.72,4516,SEC EDGAR ETF_Holdings.csv; CMIN-US ticker resolution,resolved_by_cusip
2021-03-31,TSLA,"Tesla, Inc.",LIT,Battery,2021-01-31,2021-03-31,156657105.54,197418,SEC EDGAR ETF_Holdings.csv; CMIN-US ticker resolution,resolved_by_cusip
2021-03-31,TSLA,"Tesla, Inc.",PBW,Clean Energy,2020-10-31,2020-12-30,18448197.68,47542,SEC EDGAR ETF_Holdings.csv; CMIN-US ticker resolution,resolved_by_cusip
2021-03-31,TSLA,"Tesla, Inc.",QCLN,Clean Energy,2020-12-31,2021-02-19,177313700.9,251270,SEC EDGAR ETF_Holdings.csv; CMIN-US ticker resolution,resolved_by_cusip
2021-03-31,TSLA,"Tesla, Inc.",SMOG,Clean Energy,2020-12-31,2021-02-10,24326561.91,34473,SEC EDGAR ETF_Holdings.csv; CMIN-US ticker resolution,resolved_by_cusip
2021-04-30,AAPL,Apple Inc.,ARKQ,Robotics,2021-01-29,2021-03-19,28912699.92,219102,SEC EDGAR ETF_Holdings.csv; CMIN-US ticker resolution,resolved_by_cusip
2021-04-30,AAPL,Apple Inc.,ARKW,Internet,2021-01-29,2021-03-19,64239843.48,486813,SEC EDGAR ETF_Holdings.csv; CMIN-US ticker resolution,resolved_by_cusip
2021-04-30,ABBV,AbbVie Inc.,XBI,Biotechnology,2020-12-31,2021-02-26,64304143.8,600132,SEC EDGAR ETF_Holdings.csv; CMIN-US ticker resolution,resolved_by_cusip
2021-04-30,ABT,Abbott Laboratories,IHI,Healthcare Innovation,2020-12-31,2021-02-25,1207253491.97,11026153,SEC EDGAR ETF_Holdings.csv; CMIN-US ticker resolution,resolved_by_cusip
2021-04-30,ACN,Accenture plc,CIBR,Cybersecurity,2020-12-31,2021-02-24,171953236.95,658295,SEC EDGAR ETF_Holdings.csv; CMIN-US ticker resolution,resolved_by_target_universe_name_match
2021-04-30,ADBE,Adobe Inc.,ARKW,Internet,2021-01-29,2021-03-19,70303749.88,153244,SEC EDGAR ETF_Holdings.csv; CMIN-US ticker resolution,resolved_by_cusip
2021-04-30,ADBE,Adobe Inc.,IGV,Cloud Computing,2020-12-31,2021-02-25,506243469.28,1012244,SEC EDGAR ETF_Holdings.csv; CMIN-US ticker resolution,resolved_by_cusip
2021-04-30,ADBE,Adobe Inc.,PNQI,Internet,2021-01-31,2021-03-31,69592197.61,151693,SEC EDGAR ETF_Holdings.csv; CMIN-US ticker resolution,resolved_by_cusip
2021-04-30,ADBE,Adobe Inc.,SKYY,Cloud Computing,2020-12-31,2021-02-24,116786522.04,233517,SEC EDGAR ETF_Holdings.csv; CMIN-US ticker resolution,resolved_by_cusip
2021-04-30,AMZN,"Amazon.com, Inc.",ARKQ,Robotics,2021-01-29,2021-03-19,29724680.2,9271,SEC EDGAR ETF_Holdings.csv; CMIN-US ticker resolution,resolved_by_cusip
2021-04-30,AMZN,"Amazon.com, Inc.",FDN,Internet,2020-12-31,2021-02-19,1112609628.09,341613,SEC EDGAR ETF_Holdings.csv; CMIN-US ticker resolution,resolved_by_cusip
2021-04-30,AMZN,"Amazon.com, Inc.",PNQI,Internet,2021-01-31,2021-03-31,78574343.4,24507,SEC EDGAR ETF_Holdings.csv; CMIN-US ticker resolution,resolved_by_cusip
2021-04-30,AMZN,"Amazon.com, Inc.",SKYY,Cloud Computing,2020-12-31,2021-02-24,229730814.48,70536,SEC EDGAR ETF_Holdings.csv; CMIN-US ticker resolution,resolved_by_cusip
2021-04-30,APD,"Air Products and Chemicals, Inc.",PBW,Clean Energy,2021-01-31,2021-04-01,39583716.12,148387,SEC EDGAR ETF_Holdings.csv; CMIN-US ticker resolution,resolved_by_cusip
2021-04-30,AVGO,Broadcom Inc.,PSI,Semiconductor,2021-01-31,2021-04-01,23152997,51394,SEC EDGAR ETF_Holdings.csv; CMIN-US ticker resolution,resolved_by_cusip
2021-04-30,AVGO,Broadcom Inc.,SMH,Semiconductor,2020-12-31,2021-02-23,197859160.8,451888,SEC EDGAR ETF_Holdings.csv; CMIN-US ticker resolution,resolved_by_cusip
2021-04-30,BABA,Alibaba Group Holding Limited,ARKW,Internet,2021-01-29,2021-03-19,83293806.84,328148,SEC EDGAR ETF_Holdings.csv; CMIN-US ticker resolution,resolved_by_cusip
2021-04-30,BABA,Alibaba Group Holding Limited,EMQQ,Internet,2021-02-28,2021-04-27,139600070.72,587147,SEC EDGAR ETF_Holdings.csv; CMIN-US ticker resolution,resolved_by_cusip
2021-04-30,BABA,Alibaba Group Holding Limited,PNQI,Internet,2021-01-31,2021-03-31,74816900.16,294752,SEC EDGAR ETF_Holdings.csv; CMIN-US ticker resolution,resolved_by_cusip
2021-04-30,BABA,Alibaba Group Holding Limited,SKYY,Cloud Computing,2020-12-31,2021-02-24,197470939.54,848498,SEC EDGAR ETF_Holdings.csv; CMIN-US ticker resolution,resolved_by_cusip
2021-04-30,CAT,Caterpillar Inc.,ARKQ,Robotics,2021-01-29,2021-03-19,71922490.92,393363,SEC EDGAR ETF_Holdings.csv; CMIN-US ticker resolution,resolved_by_cusip
2021-04-30,CSCO,"Cisco Systems, Inc.",CIBR,Cybersecurity,2020-12-31,2021-02-24,170573798.75,3811705,SEC EDGAR ETF_Holdings.csv; CMIN-US ticker resolution,resolved_by_cusip
2021-04-30,CSCO,"Cisco Systems, Inc.",FDN,Internet,2020-12-31,2021-02-19,482888658,10790808,SEC EDGAR ETF_Holdings.csv; CMIN-US ticker resolution,resolved_by_cusip
2021-04-30,CSCO,"Cisco Systems, Inc.",GRID,Infrastructure,2020-12-31,2021-02-24,2665981.25,59575,SEC EDGAR ETF_Holdings.csv; CMIN-US ticker resolution,resolved_by_cusip
2021-04-30,CSCO,"Cisco Systems, Inc.",HACK,Cybersecurity,2020-12-31,2021-02-25,62834504.25,1404123,SEC EDGAR ETF_Holdings.csv; CMIN-US ticker resolution,resolved_by_cusip
2021-04-30,CSCO,"Cisco Systems, Inc.",SKYY,Cloud Computing,2020-12-31,2021-02-24,154964282.75,3462889,SEC EDGAR ETF_Holdings.csv; CMIN-US ticker resolution,resolved_by_cusip
2021-04-30,D,"Dominion Energy, Inc.",NLR,Nuclear,2020-12-31,2021-02-10,1403984,18670,SEC EDGAR ETF_Holdings.csv; CMIN-US ticker resolution,resolved_by_cusip
2021-04-30,DE,Deere & Company,ARKQ,Robotics,2021-01-29,2021-03-19,123481349.6,427567,SEC EDGAR ETF_Holdings.csv; CMIN-US ticker resolution,resolved_by_cusip
2021-04-30,DE,Deere & Company,MOO,Agribusiness,2020-12-31,2021-02-10,64712444.1,240522,SEC EDGAR ETF_Holdings.csv; CMIN-US ticker resolution,resolved_by_cusip
2021-04-30,DE,Deere & Company,ROBO,Robotics,2021-01-31,2021-03-31,21099439.2,73059,SEC EDGAR ETF_Holdings.csv; CMIN-US ticker resolution,resolved_by_cusip
2021-04-30,DHR,Danaher Corporation,IHI,Healthcare Innovation,2020-12-31,2021-02-25,716999056.6,3227690,SEC EDGAR ETF_Holdings.csv; CMIN-US ticker resolution,resolved_by_cusip
2021-04-30,DHR,Danaher Corporation,PHO,Water,2021-01-31,2021-04-01,109751030.16,461449,SEC EDGAR ETF_Holdings.csv; CMIN-US ticker resolution,resolved_by_cusip
2021-04-30,DHR,Danaher Corporation,PIO,Water,2021-01-31,2021-04-01,19516436.88,82057,SEC EDGAR ETF_Holdings.csv; CMIN-US ticker resolution,resolved_by_cusip
2021-04-30,DUK,Duke Energy Corporation,NLR,Nuclear,2020-12-31,2021-02-10,1386493.08,15143,SEC EDGAR ETF_Holdings.csv; CMIN-US ticker resolution,resolved_by_cusip
2021-04-30,ECL,Ecolab Inc.,PHO,Water,2021-01-31,2021-04-01,95428456.2,466620,SEC EDGAR ETF_Holdings.csv; CMIN-US ticker resolution,resolved_by_cusip
2021-04-30,ECL,Ecolab Inc.,PIO,Water,2021-01-31,2021-04-01,16969626.27,82977,SEC EDGAR ETF_Holdings.csv; CMIN-US ticker resolution,resolved_by_cusip
2021-04-30,EXC,Exelon Corporation,NLR,Nuclear,2020-12-31,2021-02-10,1244265.62,29471,SEC EDGAR ETF_Holdings.csv; CMIN-US ticker resolution,resolved_by_cusip
2021-04-30,FB,"Meta Platforms, Inc.",ARKW,Internet,2021-01-29,2021-03-19,136381448.55,527935,SEC EDGAR ETF_Holdings.csv; CMIN-US ticker resolution,resolved_by_cusip
2021-04-30,FB,"Meta Platforms, Inc.",FDN,Internet,2020-12-31,2021-02-19,773366767.76,2831186,SEC EDGAR ETF_Holdings.csv; CMIN-US ticker resolution,resolved_by_cusip
2021-04-30,FB,"Meta Platforms, Inc.",PNQI,Internet,2021-01-31,2021-03-31,72400857.45,280265,SEC EDGAR ETF_Holdings.csv; CMIN-US ticker resolution,resolved_by_cusip
2021-04-30,GOOG,Alphabet Inc.,ARKG,Biotechnology,2021-01-29,2021-03-19,146665740.96,80261,SEC EDGAR ETF_Holdings.csv; CMIN-US ticker resolution,resolved_by_cusip
2021-04-30,GOOG,Alphabet Inc.,ARKQ,Robotics,2021-01-29,2021-03-19,100365413.02,54673,SEC EDGAR ETF_Holdings.csv; CMIN-US ticker resolution,resolved_by_cusip
2021-04-30,GOOG,Alphabet Inc.,FDN,Internet,2020-12-31,2021-02-19,939992937.72,536444,SEC EDGAR ETF_Holdings.csv; CMIN-US ticker resolution,resolved_by_cusip
2021-04-30,GOOG,Alphabet Inc.,PNQI,Internet,2021-01-31,2021-03-31,80935940.86,44089,SEC EDGAR ETF_Holdings.csv; CMIN-US ticker resolution,resolved_by_cusip
2021-04-30,GOOG,Alphabet Inc.,SKYY,Cloud Computing,2020-12-31,2021-02-24,223235509.44,127371,SEC EDGAR ETF_Holdings.csv; CMIN-US ticker resolution,resolved_by_cusip
2021-04-30,HON,Honeywell International Inc.,ARKQ,Robotics,2021-01-29,2021-03-19,10833657.24,55452,SEC EDGAR ETF_Holdings.csv; CMIN-US ticker resolution,resolved_by_cusip
2021-04-30,HON,Honeywell International Inc.,GRID,Infrastructure,2020-12-31,2021-02-24,2615784.6,12298,SEC EDGAR ETF_Holdings.csv; CMIN-US ticker resolution,resolved_by_cusip
2021-04-30,HON,Honeywell International Inc.,PPA,Defense,2021-01-31,2021-04-01,42637939.54,218242,SEC EDGAR ETF_Holdings.csv; CMIN-US ticker resolution,resolved_by_cusip
2021-04-30,JD,"JD.com, Inc.",ARKQ,Robotics,2021-01-29,2021-03-19,120406696.97,1357613,SEC EDGAR ETF_Holdings.csv; CMIN-US ticker resolution,resolved_by_cusip
2021-04-30,JD,"JD.com, Inc.",ARKW,Internet,2021-01-29,2021-03-19,67724393.52,763608,SEC EDGAR ETF_Holdings.csv; CMIN-US ticker resolution,resolved_by_cusip
2021-04-30,JD,"JD.com, Inc.",EMQQ,Internet,2021-02-28,2021-04-27,121214612.61,1291303,SEC EDGAR ETF_Holdings.csv; CMIN-US ticker resolution,resolved_by_cusip
2021-04-30,JD,"JD.com, Inc.",PNQI,Internet,2021-01-31,2021-03-31,27934689.3,314970,SEC EDGAR ETF_Holdings.csv; CMIN-US ticker resolution,resolved_by_cusip
2021-04-30,MSFT,Microsoft Corporation,IGV,Cloud Computing,2020-12-31,2021-02-25,509994157.86,2292933,SEC EDGAR ETF_Holdings.csv; CMIN-US ticker resolution,resolved_by_cusip
2021-04-30,MSFT,Microsoft Corporation,SKYY,Cloud Computing,2020-12-31,2021-02-24,232176675.72,1043866,SEC EDGAR ETF_Holdings.csv; CMIN-US ticker resolution,resolved_by_cusip
2021-04-30,NFLX,"Netflix, Inc.",ARKW,Internet,2021-01-29,2021-03-19,167960526.76,315484,SEC EDGAR ETF_Holdings.csv; CMIN-US ticker resolution,resolved_by_cusip
2021-04-30,NFLX,"Netflix, Inc.",FDN,Internet,2020-12-31,2021-02-19,565589521.02,1045974,SEC EDGAR ETF_Holdings.csv; CMIN-US ticker resolution,resolved_by_cusip
2021-04-30,NFLX,"Netflix, Inc.",PNQI,Internet,2021-01-31,2021-03-31,42111516.61,79099,SEC EDGAR ETF_Holdings.csv; CMIN-US ticker resolution,resolved_by_cusip
2021-04-30,NGG,National Grid plc,GRID,Infrastructure,2020-12-31,2021-02-24,678706.68,57377,SEC EDGAR ETF_Holdings.csv; CMIN-US ticker resolution,resolved_by_target_universe_name_match
2021-04-30,NVDA,NVIDIA Corporation,ARKQ,Robotics,2021-01-29,2021-03-19,44632261.41,85899,SEC EDGAR ETF_Holdings.csv; CMIN-US ticker resolution,resolved_by_cusip
2021-04-30,NVDA,NVIDIA Corporation,ARKW,Internet,2021-01-29,2021-03-19,91761152.77,176603,SEC EDGAR ETF_Holdings.csv; CMIN-US ticker resolution,resolved_by_cusip
2021-04-30,NVDA,NVIDIA Corporation,GRID,Infrastructure,2020-12-31,2021-02-24,2497160.4,4782,SEC EDGAR ETF_Holdings.csv; CMIN-US ticker resolution,resolved_by_cusip
2021-04-30,NVDA,NVIDIA Corporation,PSI,Semiconductor,2021-01-31,2021-04-01,20225560.34,38926,SEC EDGAR ETF_Holdings.csv; CMIN-US ticker resolution,resolved_by_cusip
2021-04-30,NVDA,NVIDIA Corporation,ROBO,Robotics,2021-01-31,2021-03-31,24882645.51,47889,SEC EDGAR ETF_Holdings.csv; CMIN-US ticker resolution,resolved_by_cusip
2021-04-30,NVDA,NVIDIA Corporation,SMH,Semiconductor,2020-12-31,2021-02-23,261180418.8,500154,SEC EDGAR ETF_Holdings.csv; CMIN-US ticker resolution,resolved_by_cusip
2021-04-30,NVS,Novartis AG,ARKG,Biotechnology,2021-01-29,2021-03-19,326671337.75,3610825,SEC EDGAR ETF_Holdings.csv; CMIN-US ticker resolution,resolved_by_cusip
2021-04-30,ORCL,Oracle Corporation,GRID,Infrastructure,2020-12-31,2021-02-24,2116268.66,32714,SEC EDGAR ETF_Holdings.csv; CMIN-US ticker resolution,resolved_by_cusip
2021-04-30,ORCL,Oracle Corporation,IGV,Cloud Computing,2020-12-31,2021-02-25,332120530.08,5134032,SEC EDGAR ETF_Holdings.csv; CMIN-US ticker resolution,resolved_by_cusip
2021-04-30,ORCL,Oracle Corporation,SKYY,Cloud Computing,2020-12-31,2021-02-24,250444100.5,3871450,SEC EDGAR ETF_Holdings.csv; CMIN-US ticker resolution,resolved_by_cusip
2021-04-30,PYPL,"PayPal Holdings, Inc.",ARKW,Internet,2021-01-29,2021-03-19,131595993.92,561632,SEC EDGAR ETF_Holdings.csv; CMIN-US ticker resolution,resolved_by_cusip
2021-04-30,PYPL,"PayPal Holdings, Inc.",FDN,Internet,2020-12-31,2021-02-19,607998657.2,2596066,SEC EDGAR ETF_Holdings.csv; CMIN-US ticker resolution,resolved_by_cusip
2021-04-30,RTX,Raytheon Technologies Corporation,PPA,Defense,2021-01-31,2021-04-01,43423546.55,650735,SEC EDGAR ETF_Holdings.csv; CMIN-US ticker resolution,resolved_by_cusip
2021-04-30,RTX,Raytheon Technologies Corporation,XAR,Defense,2020-12-31,2021-02-26,46590910.3,651530,SEC EDGAR ETF_Holdings.csv; CMIN-US ticker resolution,resolved_by_cusip
2021-04-30,SNAP,Snap Inc.,ARKW,Internet,2021-01-29,2021-03-19,96382458.12,1820598,SEC EDGAR ETF_Holdings.csv; CMIN-US ticker resolution,resolved_by_cusip
2021-04-30,SNAP,Snap Inc.,FDN,Internet,2020-12-31,2021-02-19,280218307.17,5596531,SEC EDGAR ETF_Holdings.csv; CMIN-US ticker resolution,resolved_by_cusip
2021-04-30,SNAP,Snap Inc.,IGV,Cloud Computing,2020-12-31,2021-02-25,123821858.25,2472975,SEC EDGAR ETF_Holdings.csv; CMIN-US ticker resolution,resolved_by_cusip
2021-04-30,SNAP,Snap Inc.,PNQI,Internet,2021-01-31,2021-03-31,23625480.86,446269,SEC EDGAR ETF_Holdings.csv; CMIN-US ticker resolution,resolved_by_cusip
2021-04-30,TMO,Thermo Fisher Scientific Inc.,ARKG,Biotechnology,2021-01-29,2021-03-19,157451427,308910,SEC EDGAR ETF_Holdings.csv; CMIN-US ticker resolution,resolved_by_cusip
2021-04-30,TMO,Thermo Fisher Scientific Inc.,IHI,Healthcare Innovation,2020-12-31,2021-02-25,1148449059.66,2465647,SEC EDGAR ETF_Holdings.csv; CMIN-US ticker resolution,resolved_by_cusip
2021-04-30,TSLA,"Tesla, Inc.",ARKQ,Robotics,2021-01-29,2021-03-19,306979461.09,386853,SEC EDGAR ETF_Holdings.csv; CMIN-US ticker resolution,resolved_by_cusip
2021-04-30,TSLA,"Tesla, Inc.",ARKW,Internet,2021-01-29,2021-03-19,626253876,789200,SEC EDGAR ETF_Holdings.csv; CMIN-US ticker resolution,resolved_by_cusip
2021-04-30,TSLA,"Tesla, Inc.",GRID,Infrastructure,2020-12-31,2021-02-24,3186805.72,4516,SEC EDGAR ETF_Holdings.csv; CMIN-US ticker resolution,resolved_by_cusip
2021-04-30,TSLA,"Tesla, Inc.",LIT,Battery,2021-01-31,2021-03-31,156657105.54,197418,SEC EDGAR ETF_Holdings.csv; CMIN-US ticker resolution,resolved_by_cusip
2021-04-30,TSLA,"Tesla, Inc.",PBW,Clean Energy,2021-01-31,2021-04-01,62446049.82,78694,SEC EDGAR ETF_Holdings.csv; CMIN-US ticker resolution,resolved_by_cusip
2021-04-30,TSLA,"Tesla, Inc.",QCLN,Clean Energy,2020-12-31,2021-02-19,177313700.9,251270,SEC EDGAR ETF_Holdings.csv; CMIN-US ticker resolution,resolved_by_cusip
2021-04-30,TSLA,"Tesla, Inc.",SMOG,Clean Energy,2020-12-31,2021-02-10,24326561.91,34473,SEC EDGAR ETF_Holdings.csv; CMIN-US ticker resolution,resolved_by_cusip
2021-05-31,AAPL,Apple Inc.,ARKQ,Robotics,2021-01-29,2021-03-19,28912699.92,219102,SEC EDGAR ETF_Holdings.csv; CMIN-US ticker resolution,resolved_by_cusip
2021-05-31,AAPL,Apple Inc.,ARKW,Internet,2021-01-29,2021-03-19,64239843.48,486813,SEC EDGAR ETF_Holdings.csv; CMIN-US ticker resolution,resolved_by_cusip
2021-05-31,ABBV,AbbVie Inc.,XBI,Biotechnology,2021-03-31,2021-05-28,49587702.64,458212,SEC EDGAR ETF_Holdings.csv; CMIN-US ticker resolution,resolved_by_cusip
2021-05-31,ABT,Abbott Laboratories,IHI,Healthcare Innovation,2021-03-31,2021-05-27,1174577126.24,9801211,SEC EDGAR ETF_Holdings.csv; CMIN-US ticker resolution,resolved_by_cusip
2021-05-31,ACN,Accenture plc,CIBR,Cybersecurity,2021-03-31,2021-05-20,229257665,829892,SEC EDGAR ETF_Holdings.csv; CMIN-US ticker resolution,resolved_by_target_universe_name_match
2021-05-31,ADBE,Adobe Inc.,ARKW,Internet,2021-01-29,2021-03-19,70303749.88,153244,SEC EDGAR ETF_Holdings.csv; CMIN-US ticker resolution,resolved_by_cusip
2021-05-31,ADBE,Adobe Inc.,IGV,Cloud Computing,2021-03-31,2021-05-27,459126607.1,965830,SEC EDGAR ETF_Holdings.csv; CMIN-US ticker resolution,resolved_by_cusip
2021-05-31,ADBE,Adobe Inc.,PNQI,Internet,2021-01-31,2021-03-31,69592197.61,151693,SEC EDGAR ETF_Holdings.csv; CMIN-US ticker resolution,resolved_by_cusip
2021-05-31,ADBE,Adobe Inc.,SKYY,Cloud Computing,2021-03-31,2021-05-20,116946724.44,246012,SEC EDGAR ETF_Holdings.csv; CMIN-US ticker resolution,resolved_by_cusip
2021-05-31,AMZN,"Amazon.com, Inc.",ARKQ,Robotics,2021-01-29,2021-03-19,29724680.2,9271,SEC EDGAR ETF_Holdings.csv; CMIN-US ticker resolution,resolved_by_cusip
2021-05-31,AMZN,"Amazon.com, Inc.",FDN,Internet,2021-03-31,2021-05-25,972234193.92,314224,SEC EDGAR ETF_Holdings.csv; CMIN-US ticker resolution,resolved_by_cusip
2021-05-31,AMZN,"Amazon.com, Inc.",PNQI,Internet,2021-01-31,2021-03-31,78574343.4,24507,SEC EDGAR ETF_Holdings.csv; CMIN-US ticker resolution,resolved_by_cusip
2021-05-31,AMZN,"Amazon.com, Inc.",SKYY,Cloud Computing,2021-03-31,2021-05-20,226251505.92,73124,SEC EDGAR ETF_Holdings.csv; CMIN-US ticker resolution,resolved_by_cusip
2021-05-31,APD,"Air Products and Chemicals, Inc.",PBW,Clean Energy,2021-01-31,2021-04-01,39583716.12,148387,SEC EDGAR ETF_Holdings.csv; CMIN-US ticker resolution,resolved_by_cusip
2021-05-31,AVGO,Broadcom Inc.,PSI,Semiconductor,2021-01-31,2021-04-01,23152997,51394,SEC EDGAR ETF_Holdings.csv; CMIN-US ticker resolution,resolved_by_cusip
2021-05-31,AVGO,Broadcom Inc.,SMH,Semiconductor,2021-03-31,2021-05-28,261255254.58,563463,SEC EDGAR ETF_Holdings.csv; CMIN-US ticker resolution,resolved_by_cusip
2021-05-31,BABA,Alibaba Group Holding Limited,ARKW,Internet,2021-01-29,2021-03-19,83293806.84,328148,SEC EDGAR ETF_Holdings.csv; CMIN-US ticker resolution,resolved_by_cusip
2021-05-31,BABA,Alibaba Group Holding Limited,EMQQ,Internet,2021-02-28,2021-04-27,139600070.72,587147,SEC EDGAR ETF_Holdings.csv; CMIN-US ticker resolution,resolved_by_cusip
2021-05-31,BABA,Alibaba Group Holding Limited,PNQI,Internet,2021-01-31,2021-03-31,74816900.16,294752,SEC EDGAR ETF_Holdings.csv; CMIN-US ticker resolution,resolved_by_cusip
2021-05-31,BABA,Alibaba Group Holding Limited,SKYY,Cloud Computing,2021-03-31,2021-05-20,215676912.5,951250,SEC EDGAR ETF_Holdings.csv; CMIN-US ticker resolution,resolved_by_cusip
2021-05-31,CAT,Caterpillar Inc.,ARKQ,Robotics,2021-01-29,2021-03-19,71922490.92,393363,SEC EDGAR ETF_Holdings.csv; CMIN-US ticker resolution,resolved_by_cusip
2021-05-31,CSCO,"Cisco Systems, Inc.",CIBR,Cybersecurity,2021-03-31,2021-05-20,239960978.94,4640514,SEC EDGAR ETF_Holdings.csv; CMIN-US ticker resolution,resolved_by_cusip
2021-05-31,CSCO,"Cisco Systems, Inc.",FDN,Internet,2021-03-31,2021-05-25,470613847.62,9101022,SEC EDGAR ETF_Holdings.csv; CMIN-US ticker resolution,resolved_by_cusip
2021-05-31,CSCO,"Cisco Systems, Inc.",GRID,Infrastructure,2021-03-31,2021-05-20,6021939.76,116456,SEC EDGAR ETF_Holdings.csv; CMIN-US ticker resolution,resolved_by_cusip
2021-05-31,CSCO,"Cisco Systems, Inc.",HACK,Cybersecurity,2021-03-31,2021-05-28,76424173.98,1477938,SEC EDGAR ETF_Holdings.csv; CMIN-US ticker resolution,resolved_by_cusip
2021-05-31,CSCO,"Cisco Systems, Inc.",SKYY,Cloud Computing,2021-03-31,2021-05-20,173764370.73,3360363,SEC EDGAR ETF_Holdings.csv; CMIN-US ticker resolution,resolved_by_cusip
2021-05-31,D,"Dominion Energy, Inc.",NLR,Nuclear,2021-03-31,2021-05-28,1735306.2,22845,SEC EDGAR ETF_Holdings.csv; CMIN-US ticker resolution,resolved_by_cusip
2021-05-31,DE,Deere & Company,ARKQ,Robotics,2021-01-29,2021-03-19,123481349.6,427567,SEC EDGAR ETF_Holdings.csv; CMIN-US ticker resolution,resolved_by_cusip
2021-05-31,DE,Deere & Company,MOO,Agribusiness,2021-03-31,2021-05-28,92052657.32,246038,SEC EDGAR ETF_Holdings.csv; CMIN-US ticker resolution,resolved_by_cusip
2021-05-31,DE,Deere & Company,ROBO,Robotics,2021-01-31,2021-03-31,21099439.2,73059,SEC EDGAR ETF_Holdings.csv; CMIN-US ticker resolution,resolved_by_cusip
2021-05-31,DHR,Danaher Corporation,IHI,Healthcare Innovation,2021-03-31,2021-05-27,663919826.48,2949706,SEC EDGAR ETF_Holdings.csv; CMIN-US ticker resolution,resolved_by_cusip
2021-05-31,DHR,Danaher Corporation,PHO,Water,2021-01-31,2021-04-01,109751030.16,461449,SEC EDGAR ETF_Holdings.csv; CMIN-US ticker resolution,resolved_by_cusip
2021-05-31,DHR,Danaher Corporation,PIO,Water,2021-01-31,2021-04-01,19516436.88,82057,SEC EDGAR ETF_Holdings.csv; CMIN-US ticker resolution,resolved_by_cusip
2021-05-31,DUK,Duke Energy Corporation,NLR,Nuclear,2021-03-31,2021-05-28,1778275.66,18422,SEC EDGAR ETF_Holdings.csv; CMIN-US ticker resolution,resolved_by_cusip
2021-05-31,ECL,Ecolab Inc.,PHO,Water,2021-01-31,2021-04-01,95428456.2,466620,SEC EDGAR ETF_Holdings.csv; CMIN-US ticker resolution,resolved_by_cusip
2021-05-31,ECL,Ecolab Inc.,PIO,Water,2021-01-31,2021-04-01,16969626.27,82977,SEC EDGAR ETF_Holdings.csv; CMIN-US ticker resolution,resolved_by_cusip
2021-05-31,EXC,Exelon Corporation,NLR,Nuclear,2021-03-31,2021-05-28,1529150.4,34960,SEC EDGAR ETF_Holdings.csv; CMIN-US ticker resolution,resolved_by_cusip
2021-05-31,FB,"Meta Platforms, Inc.",ARKW,Internet,2021-01-29,2021-03-19,136381448.55,527935,SEC EDGAR ETF_Holdings.csv; CMIN-US ticker resolution,resolved_by_cusip
2021-05-31,FB,"Meta Platforms, Inc.",FDN,Internet,2021-03-31,2021-05-25,786876951.08,2671636,SEC EDGAR ETF_Holdings.csv; CMIN-US ticker resolution,resolved_by_cusip
2021-05-31,FB,"Meta Platforms, Inc.",PNQI,Internet,2021-01-31,2021-03-31,72400857.45,280265,SEC EDGAR ETF_Holdings.csv; CMIN-US ticker resolution,resolved_by_cusip
2021-05-31,GOOG,Alphabet Inc.,ARKG,Biotechnology,2021-01-29,2021-03-19,146665740.96,80261,SEC EDGAR ETF_Holdings.csv; CMIN-US ticker resolution,resolved_by_cusip
2021-05-31,GOOG,Alphabet Inc.,ARKQ,Robotics,2021-01-29,2021-03-19,100365413.02,54673,SEC EDGAR ETF_Holdings.csv; CMIN-US ticker resolution,resolved_by_cusip
2021-05-31,GOOG,Alphabet Inc.,FDN,Internet,2021-03-31,2021-05-25,932013952.79,451227,SEC EDGAR ETF_Holdings.csv; CMIN-US ticker resolution,resolved_by_cusip
2021-05-31,GOOG,Alphabet Inc.,PNQI,Internet,2021-01-31,2021-03-31,80935940.86,44089,SEC EDGAR ETF_Holdings.csv; CMIN-US ticker resolution,resolved_by_cusip
2021-05-31,GOOG,Alphabet Inc.,SKYY,Cloud Computing,2021-03-31,2021-05-20,230713487.2,111860,SEC EDGAR ETF_Holdings.csv; CMIN-US ticker resolution,resolved_by_cusip
2021-05-31,HON,Honeywell International Inc.,ARKQ,Robotics,2021-01-29,2021-03-19,10833657.24,55452,SEC EDGAR ETF_Holdings.csv; CMIN-US ticker resolution,resolved_by_cusip
2021-05-31,HON,Honeywell International Inc.,GRID,Infrastructure,2021-03-31,2021-05-20,4871702.01,22443,SEC EDGAR ETF_Holdings.csv; CMIN-US ticker resolution,resolved_by_cusip
2021-05-31,HON,Honeywell International Inc.,PPA,Defense,2021-01-31,2021-04-01,42637939.54,218242,SEC EDGAR ETF_Holdings.csv; CMIN-US ticker resolution,resolved_by_cusip
2021-05-31,JD,"JD.com, Inc.",ARKQ,Robotics,2021-01-29,2021-03-19,120406696.97,1357613,SEC EDGAR ETF_Holdings.csv; CMIN-US ticker resolution,resolved_by_cusip
2021-05-31,JD,"JD.com, Inc.",ARKW,Internet,2021-01-29,2021-03-19,67724393.52,763608,SEC EDGAR ETF_Holdings.csv; CMIN-US ticker resolution,resolved_by_cusip
2021-05-31,JD,"JD.com, Inc.",EMQQ,Internet,2021-02-28,2021-04-27,121214612.61,1291303,SEC EDGAR ETF_Holdings.csv; CMIN-US ticker resolution,resolved_by_cusip
2021-05-31,JD,"JD.com, Inc.",PNQI,Internet,2021-01-31,2021-03-31,27934689.3,314970,SEC EDGAR ETF_Holdings.csv; CMIN-US ticker resolution,resolved_by_cusip
2021-05-31,MSFT,Microsoft Corporation,IGV,Cloud Computing,2021-03-31,2021-05-27,433148156.28,1837164,SEC EDGAR ETF_Holdings.csv; CMIN-US ticker resolution,resolved_by_cusip
2021-05-31,MSFT,Microsoft Corporation,SKYY,Cloud Computing,2021-03-31,2021-05-20,229468810.98,973274,SEC EDGAR ETF_Holdings.csv; CMIN-US ticker resolution,resolved_by_cusip
2021-05-31,NFLX,"Netflix, Inc.",ARKW,Internet,2021-01-29,2021-03-19,167960526.76,315484,SEC EDGAR ETF_Holdings.csv; CMIN-US ticker resolution,resolved_by_cusip
2021-05-31,NFLX,"Netflix, Inc.",FDN,Internet,2021-03-31,2021-05-25,475018379.4,910590,SEC EDGAR ETF_Holdings.csv; CMIN-US ticker resolution,resolved_by_cusip
2021-05-31,NFLX,"Netflix, Inc.",PNQI,Internet,2021-01-31,2021-03-31,42111516.61,79099,SEC EDGAR ETF_Holdings.csv; CMIN-US ticker resolution,resolved_by_cusip
2021-05-31,NGG,National Grid plc,GRID,Infrastructure,2021-03-31,2021-05-20,1268669.84,106511,SEC EDGAR ETF_Holdings.csv; CMIN-US ticker resolution,resolved_by_target_universe_name_match
2021-05-31,NVDA,NVIDIA Corporation,ARKQ,Robotics,2021-01-29,2021-03-19,44632261.41,85899,SEC EDGAR ETF_Holdings.csv; CMIN-US ticker resolution,resolved_by_cusip
2021-05-31,NVDA,NVIDIA Corporation,ARKW,Internet,2021-01-29,2021-03-19,91761152.77,176603,SEC EDGAR ETF_Holdings.csv; CMIN-US ticker resolution,resolved_by_cusip
2021-05-31,NVDA,NVIDIA Corporation,GRID,Infrastructure,2021-03-31,2021-05-20,5086217.18,9526,SEC EDGAR ETF_Holdings.csv; CMIN-US ticker resolution,resolved_by_cusip
2021-05-31,NVDA,NVIDIA Corporation,PSI,Semiconductor,2021-01-31,2021-04-01,20225560.34,38926,SEC EDGAR ETF_Holdings.csv; CMIN-US ticker resolution,resolved_by_cusip
2021-05-31,NVDA,NVIDIA Corporation,ROBO,Robotics,2021-01-31,2021-03-31,24882645.51,47889,SEC EDGAR ETF_Holdings.csv; CMIN-US ticker resolution,resolved_by_cusip
2021-05-31,NVDA,NVIDIA Corporation,SMH,Semiconductor,2021-03-31,2021-05-28,388472517.96,727572,SEC EDGAR ETF_Holdings.csv; CMIN-US ticker resolution,resolved_by_cusip
2021-05-31,NVS,Novartis AG,ARKG,Biotechnology,2021-01-29,2021-03-19,326671337.75,3610825,SEC EDGAR ETF_Holdings.csv; CMIN-US ticker resolution,resolved_by_cusip
2021-05-31,ORCL,Oracle Corporation,GRID,Infrastructure,2021-03-31,2021-05-20,4066421.67,57951,SEC EDGAR ETF_Holdings.csv; CMIN-US ticker resolution,resolved_by_cusip
2021-05-31,ORCL,Oracle Corporation,IGV,Cloud Computing,2021-03-31,2021-05-27,300415523.01,4281253,SEC EDGAR ETF_Holdings.csv; CMIN-US ticker resolution,resolved_by_cusip
2021-05-31,ORCL,Oracle Corporation,SKYY,Cloud Computing,2021-03-31,2021-05-20,246012932.52,3505956,SEC EDGAR ETF_Holdings.csv; CMIN-US ticker resolution,resolved_by_cusip
2021-05-31,PYPL,"PayPal Holdings, Inc.",ARKW,Internet,2021-01-29,2021-03-19,131595993.92,561632,SEC EDGAR ETF_Holdings.csv; CMIN-US ticker resolution,resolved_by_cusip
2021-05-31,PYPL,"PayPal Holdings, Inc.",FDN,Internet,2021-03-31,2021-05-25,514874953.32,2120223,SEC EDGAR ETF_Holdings.csv; CMIN-US ticker resolution,resolved_by_cusip
2021-05-31,RTX,Raytheon Technologies Corporation,PPA,Defense,2021-01-31,2021-04-01,43423546.55,650735,SEC EDGAR ETF_Holdings.csv; CMIN-US ticker resolution,resolved_by_cusip
2021-05-31,RTX,Raytheon Technologies Corporation,XAR,Defense,2021-03-31,2021-05-28,48542095.78,628214,SEC EDGAR ETF_Holdings.csv; CMIN-US ticker resolution,resolved_by_cusip
2021-05-31,SNAP,Snap Inc.,ARKW,Internet,2021-01-29,2021-03-19,96382458.12,1820598,SEC EDGAR ETF_Holdings.csv; CMIN-US ticker resolution,resolved_by_cusip
2021-05-31,SNAP,Snap Inc.,FDN,Internet,2021-03-31,2021-05-25,241745245.56,4623164,SEC EDGAR ETF_Holdings.csv; CMIN-US ticker resolution,resolved_by_cusip
2021-05-31,SNAP,Snap Inc.,IGV,Cloud Computing,2021-03-31,2021-05-27,111913986.24,2140256,SEC EDGAR ETF_Holdings.csv; CMIN-US ticker resolution,resolved_by_cusip
2021-05-31,SNAP,Snap Inc.,PNQI,Internet,2021-01-31,2021-03-31,23625480.86,446269,SEC EDGAR ETF_Holdings.csv; CMIN-US ticker resolution,resolved_by_cusip
2021-05-31,TMO,Thermo Fisher Scientific Inc.,ARKG,Biotechnology,2021-01-29,2021-03-19,157451427,308910,SEC EDGAR ETF_Holdings.csv; CMIN-US ticker resolution,resolved_by_cusip
2021-05-31,TMO,Thermo Fisher Scientific Inc.,IHI,Healthcare Innovation,2021-03-31,2021-05-27,994307803.92,2178684,SEC EDGAR ETF_Holdings.csv; CMIN-US ticker resolution,resolved_by_cusip
2021-05-31,TSLA,"Tesla, Inc.",ARKQ,Robotics,2021-01-29,2021-03-19,306979461.09,386853,SEC EDGAR ETF_Holdings.csv; CMIN-US ticker resolution,resolved_by_cusip
2021-05-31,TSLA,"Tesla, Inc.",ARKW,Internet,2021-01-29,2021-03-19,626253876,789200,SEC EDGAR ETF_Holdings.csv; CMIN-US ticker resolution,resolved_by_cusip
2021-05-31,TSLA,"Tesla, Inc.",GRID,Infrastructure,2021-03-31,2021-05-20,5167106.48,7736,SEC EDGAR ETF_Holdings.csv; CMIN-US ticker resolution,resolved_by_cusip
2021-05-31,TSLA,"Tesla, Inc.",LIT,Battery,2021-01-31,2021-05-24,156657105.54,197418,SEC EDGAR ETF_Holdings.csv; CMIN-US ticker resolution,resolved_by_cusip
2021-05-31,TSLA,"Tesla, Inc.",PBW,Clean Energy,2021-01-31,2021-04-01,62446049.82,78694,SEC EDGAR ETF_Holdings.csv; CMIN-US ticker resolution,resolved_by_cusip
2021-05-31,TSLA,"Tesla, Inc.",QCLN,Clean Energy,2021-03-31,2021-05-25,236431857.61,353977,SEC EDGAR ETF_Holdings.csv; CMIN-US ticker resolution,resolved_by_cusip
2021-05-31,TSLA,"Tesla, Inc.",SMOG,Clean Energy,2021-03-31,2021-05-28,25522941.16,38212,SEC EDGAR ETF_Holdings.csv; CMIN-US ticker resolution,resolved_by_cusip
2021-06-30,ABBV,AbbVie Inc.,ARKG,Biotechnology,2021-04-30,2021-06-24,62279328.5,558559,SEC EDGAR ETF_Holdings.csv; CMIN-US ticker resolution,resolved_by_cusip
2021-06-30,ABBV,AbbVie Inc.,XBI,Biotechnology,2021-03-31,2021-05-28,49587702.64,458212,SEC EDGAR ETF_Holdings.csv; CMIN-US ticker resolution,resolved_by_cusip
2021-06-30,ABT,Abbott Laboratories,IHI,Healthcare Innovation,2021-03-31,2021-05-27,1174577126.24,9801211,SEC EDGAR ETF_Holdings.csv; CMIN-US ticker resolution,resolved_by_cusip
2021-06-30,ACN,Accenture plc,CIBR,Cybersecurity,2021-03-31,2021-05-20,229257665,829892,SEC EDGAR ETF_Holdings.csv; CMIN-US ticker resolution,resolved_by_target_universe_name_match
2021-06-30,ADBE,Adobe Inc.,IGV,Cloud Computing,2021-03-31,2021-05-27,459126607.1,965830,SEC EDGAR ETF_Holdings.csv; CMIN-US ticker resolution,resolved_by_cusip
2021-06-30,ADBE,Adobe Inc.,PNQI,Internet,2021-04-30,2021-06-29,46402800.22,91283,SEC EDGAR ETF_Holdings.csv; CMIN-US ticker resolution,resolved_by_cusip
2021-06-30,ADBE,Adobe Inc.,SKYY,Cloud Computing,2021-03-31,2021-05-20,116946724.44,246012,SEC EDGAR ETF_Holdings.csv; CMIN-US ticker resolution,resolved_by_cusip
2021-06-30,AMZN,"Amazon.com, Inc.",FDN,Internet,2021-03-31,2021-05-25,972234193.92,314224,SEC EDGAR ETF_Holdings.csv; CMIN-US ticker resolution,resolved_by_cusip
2021-06-30,AMZN,"Amazon.com, Inc.",PNQI,Internet,2021-04-30,2021-06-29,94081506.86,27133,SEC EDGAR ETF_Holdings.csv; CMIN-US ticker resolution,resolved_by_cusip
2021-06-30,AMZN,"Amazon.com, Inc.",SKYY,Cloud Computing,2021-03-31,2021-05-20,226251505.92,73124,SEC EDGAR ETF_Holdings.csv; CMIN-US ticker resolution,resolved_by_cusip
2021-06-30,APD,"Air Products and Chemicals, Inc.",PBW,Clean Energy,2021-04-30,2021-06-29,38335818.72,132889,SEC EDGAR ETF_Holdings.csv; CMIN-US ticker resolution,resolved_by_cusip
2021-06-30,AVGO,Broadcom Inc.,PSI,Semiconductor,2021-04-30,2021-06-29,29901172.8,65544,SEC EDGAR ETF_Holdings.csv; CMIN-US ticker resolution,resolved_by_cusip
2021-06-30,AVGO,Broadcom Inc.,SMH,Semiconductor,2021-03-31,2021-05-28,261255254.58,563463,SEC EDGAR ETF_Holdings.csv; CMIN-US ticker resolution,resolved_by_cusip
2021-06-30,BABA,Alibaba Group Holding Limited,ARKQ,Robotics,2021-04-30,2021-06-24,32650556.25,141375,SEC EDGAR ETF_Holdings.csv; CMIN-US ticker resolution,resolved_by_cusip
2021-06-30,BABA,Alibaba Group Holding Limited,EMQQ,Internet,2021-02-28,2021-04-27,139600070.72,587147,SEC EDGAR ETF_Holdings.csv; CMIN-US ticker resolution,resolved_by_cusip
2021-06-30,BABA,Alibaba Group Holding Limited,PNQI,Internet,2021-04-30,2021-06-29,81516573.9,352962,SEC EDGAR ETF_Holdings.csv; CMIN-US ticker resolution,resolved_by_cusip
2021-06-30,BABA,Alibaba Group Holding Limited,SKYY,Cloud Computing,2021-03-31,2021-05-20,215676912.5,951250,SEC EDGAR ETF_Holdings.csv; CMIN-US ticker resolution,resolved_by_cusip
2021-06-30,CAT,Caterpillar Inc.,ARKQ,Robotics,2021-04-30,2021-06-24,72958246.18,319838,SEC EDGAR ETF_Holdings.csv; CMIN-US ticker resolution,resolved_by_cusip
2021-06-30,CSCO,"Cisco Systems, Inc.",CIBR,Cybersecurity,2021-03-31,2021-05-20,239960978.94,4640514,SEC EDGAR ETF_Holdings.csv; CMIN-US ticker resolution,resolved_by_cusip
2021-06-30,CSCO,"Cisco Systems, Inc.",FDN,Internet,2021-03-31,2021-05-25,470613847.62,9101022,SEC EDGAR ETF_Holdings.csv; CMIN-US ticker resolution,resolved_by_cusip
2021-06-30,CSCO,"Cisco Systems, Inc.",GRID,Infrastructure,2021-03-31,2021-05-20,6021939.76,116456,SEC EDGAR ETF_Holdings.csv; CMIN-US ticker resolution,resolved_by_cusip
2021-06-30,CSCO,"Cisco Systems, Inc.",HACK,Cybersecurity,2021-03-31,2021-05-28,76424173.98,1477938,SEC EDGAR ETF_Holdings.csv; CMIN-US ticker resolution,resolved_by_cusip
2021-06-30,CSCO,"Cisco Systems, Inc.",SKYY,Cloud Computing,2021-03-31,2021-05-20,173764370.73,3360363,SEC EDGAR ETF_Holdings.csv; CMIN-US ticker resolution,resolved_by_cusip
2021-06-30,D,"Dominion Energy, Inc.",NLR,Nuclear,2021-03-31,2021-05-28,1735306.2,22845,SEC EDGAR ETF_Holdings.csv; CMIN-US ticker resolution,resolved_by_cusip
2021-06-30,DE,Deere & Company,ARKQ,Robotics,2021-04-30,2021-06-24,111769739.8,301388,SEC EDGAR ETF_Holdings.csv; CMIN-US ticker resolution,resolved_by_cusip
2021-06-30,DE,Deere & Company,MOO,Agribusiness,2021-03-31,2021-05-28,92052657.32,246038,SEC EDGAR ETF_Holdings.csv; CMIN-US ticker resolution,resolved_by_cusip
2021-06-30,DE,Deere & Company,ROBO,Robotics,2021-04-30,2021-06-28,21934664.95,59147,SEC EDGAR ETF_Holdings.csv; CMIN-US ticker resolution,resolved_by_cusip
2021-06-30,DHR,Danaher Corporation,IHI,Healthcare Innovation,2021-03-31,2021-05-27,663919826.48,2949706,SEC EDGAR ETF_Holdings.csv; CMIN-US ticker resolution,resolved_by_cusip
2021-06-30,DHR,Danaher Corporation,PHO,Water,2021-04-30,2021-06-29,135765973.72,534638,SEC EDGAR ETF_Holdings.csv; CMIN-US ticker resolution,resolved_by_cusip
2021-06-30,DHR,Danaher Corporation,PIO,Water,2021-04-30,2021-06-29,22235240.34,87561,SEC EDGAR ETF_Holdings.csv; CMIN-US ticker resolution,resolved_by_cusip
2021-06-30,DUK,Duke Energy Corporation,NLR,Nuclear,2021-03-31,2021-05-28,1778275.66,18422,SEC EDGAR ETF_Holdings.csv; CMIN-US ticker resolution,resolved_by_cusip
2021-06-30,ECL,Ecolab Inc.,PHO,Water,2021-04-30,2021-06-29,125709356.24,560902,SEC EDGAR ETF_Holdings.csv; CMIN-US ticker resolution,resolved_by_cusip
2021-06-30,ECL,Ecolab Inc.,PIO,Water,2021-04-30,2021-06-29,10297417.52,45946,SEC EDGAR ETF_Holdings.csv; CMIN-US ticker resolution,resolved_by_cusip
2021-06-30,EXC,Exelon Corporation,NLR,Nuclear,2021-03-31,2021-05-28,1529150.4,34960,SEC EDGAR ETF_Holdings.csv; CMIN-US ticker resolution,resolved_by_cusip
2021-06-30,FB,"Meta Platforms, Inc.",FDN,Internet,2021-03-31,2021-05-25,786876951.08,2671636,SEC EDGAR ETF_Holdings.csv; CMIN-US ticker resolution,resolved_by_cusip
2021-06-30,FB,"Meta Platforms, Inc.",PNQI,Internet,2021-04-30,2021-06-29,105895460.16,325752,SEC EDGAR ETF_Holdings.csv; CMIN-US ticker resolution,resolved_by_cusip
2021-06-30,GOOG,Alphabet Inc.,ARKQ,Robotics,2021-04-30,2021-06-24,163837547.48,67979,SEC EDGAR ETF_Holdings.csv; CMIN-US ticker resolution,resolved_by_cusip
2021-06-30,GOOG,Alphabet Inc.,FDN,Internet,2021-03-31,2021-05-25,932013952.79,451227,SEC EDGAR ETF_Holdings.csv; CMIN-US ticker resolution,resolved_by_cusip
2021-06-30,GOOG,Alphabet Inc.,PNQI,Internet,2021-04-30,2021-06-29,99299354.12,41201,SEC EDGAR ETF_Holdings.csv; CMIN-US ticker resolution,resolved_by_cusip
2021-06-30,GOOG,Alphabet Inc.,SKYY,Cloud Computing,2021-03-31,2021-05-20,230713487.2,111860,SEC EDGAR ETF_Holdings.csv; CMIN-US ticker resolution,resolved_by_cusip
2021-06-30,HON,Honeywell International Inc.,GRID,Infrastructure,2021-03-31,2021-05-20,4871702.01,22443,SEC EDGAR ETF_Holdings.csv; CMIN-US ticker resolution,resolved_by_cusip
2021-06-30,HON,Honeywell International Inc.,PPA,Defense,2021-04-30,2021-06-29,55468040.64,248691,SEC EDGAR ETF_Holdings.csv; CMIN-US ticker resolution,resolved_by_cusip
2021-06-30,JD,"JD.com, Inc.",ARKQ,Robotics,2021-04-30,2021-06-24,163825504.08,2117703,SEC EDGAR ETF_Holdings.csv; CMIN-US ticker resolution,resolved_by_cusip
2021-06-30,JD,"JD.com, Inc.",ARKW,Internet,2021-04-30,2021-06-24,168877421.52,2183007,SEC EDGAR ETF_Holdings.csv; CMIN-US ticker resolution,resolved_by_cusip
2021-06-30,JD,"JD.com, Inc.",EMQQ,Internet,2021-02-28,2021-04-27,121214612.61,1291303,SEC EDGAR ETF_Holdings.csv; CMIN-US ticker resolution,resolved_by_cusip
2021-06-30,JD,"JD.com, Inc.",PNQI,Internet,2021-04-30,2021-06-29,19262562.64,248999,SEC EDGAR ETF_Holdings.csv; CMIN-US ticker resolution,resolved_by_cusip
2021-06-30,MSFT,Microsoft Corporation,IGV,Cloud Computing,2021-03-31,2021-05-27,433148156.28,1837164,SEC EDGAR ETF_Holdings.csv; CMIN-US ticker resolution,resolved_by_cusip
2021-06-30,MSFT,Microsoft Corporation,SKYY,Cloud Computing,2021-03-31,2021-05-20,229468810.98,973274,SEC EDGAR ETF_Holdings.csv; CMIN-US ticker resolution,resolved_by_cusip
2021-06-30,NFLX,"Netflix, Inc.",ARKW,Internet,2021-04-30,2021-06-24,91945532.49,179067,SEC EDGAR ETF_Holdings.csv; CMIN-US ticker resolution,resolved_by_cusip
2021-06-30,NFLX,"Netflix, Inc.",FDN,Internet,2021-03-31,2021-05-25,475018379.4,910590,SEC EDGAR ETF_Holdings.csv; CMIN-US ticker resolution,resolved_by_cusip
2021-06-30,NFLX,"Netflix, Inc.",PNQI,Internet,2021-04-30,2021-06-29,39983908.9,77870,SEC EDGAR ETF_Holdings.csv; CMIN-US ticker resolution,resolved_by_cusip
2021-06-30,NGG,National Grid plc,GRID,Infrastructure,2021-03-31,2021-05-20,1268669.84,106511,SEC EDGAR ETF_Holdings.csv; CMIN-US ticker resolution,resolved_by_target_universe_name_match
2021-06-30,NVDA,NVIDIA Corporation,ARKQ,Robotics,2021-04-30,2021-06-24,45105348.64,75128,SEC EDGAR ETF_Holdings.csv; CMIN-US ticker resolution,resolved_by_cusip
2021-06-30,NVDA,NVIDIA Corporation,ARKW,Internet,2021-04-30,2021-06-24,659217.24,1098,SEC EDGAR ETF_Holdings.csv; CMIN-US ticker resolution,resolved_by_cusip
2021-06-30,NVDA,NVIDIA Corporation,GRID,Infrastructure,2021-03-31,2021-05-20,5086217.18,9526,SEC EDGAR ETF_Holdings.csv; CMIN-US ticker resolution,resolved_by_cusip
2021-06-30,NVDA,NVIDIA Corporation,ROBO,Robotics,2021-04-30,2021-06-28,26553006.26,44227,SEC EDGAR ETF_Holdings.csv; CMIN-US ticker resolution,resolved_by_cusip
2021-06-30,NVDA,NVIDIA Corporation,SMH,Semiconductor,2021-03-31,2021-05-28,388472517.96,727572,SEC EDGAR ETF_Holdings.csv; CMIN-US ticker resolution,resolved_by_cusip
2021-06-30,NVS,Novartis AG,ARKG,Biotechnology,2021-04-30,2021-06-24,357123635,4189625,SEC EDGAR ETF_Holdings.csv; CMIN-US ticker resolution,resolved_by_cusip
2021-06-30,ORCL,Oracle Corporation,GRID,Infrastructure,2021-03-31,2021-05-20,4066421.67,57951,SEC EDGAR ETF_Holdings.csv; CMIN-US ticker resolution,resolved_by_cusip
2021-06-30,ORCL,Oracle Corporation,IGV,Cloud Computing,2021-03-31,2021-05-27,300415523.01,4281253,SEC EDGAR ETF_Holdings.csv; CMIN-US ticker resolution,resolved_by_cusip
2021-06-30,ORCL,Oracle Corporation,SKYY,Cloud Computing,2021-03-31,2021-05-20,246012932.52,3505956,SEC EDGAR ETF_Holdings.csv; CMIN-US ticker resolution,resolved_by_cusip
2021-06-30,PYPL,"PayPal Holdings, Inc.",ARKW,Internet,2021-04-30,2021-06-24,96621078.75,368375,SEC EDGAR ETF_Holdings.csv; CMIN-US ticker resolution,resolved_by_cusip
2021-06-30,PYPL,"PayPal Holdings, Inc.",FDN,Internet,2021-03-31,2021-05-25,514874953.32,2120223,SEC EDGAR ETF_Holdings.csv; CMIN-US ticker resolution,resolved_by_cusip
2021-06-30,PYPL,"PayPal Holdings, Inc.",PNQI,Internet,2021-04-30,2021-06-29,82672234.26,315194,SEC EDGAR ETF_Holdings.csv; CMIN-US ticker resolution,resolved_by_cusip
2021-06-30,RTX,Raytheon Technologies Corporation,PPA,Defense,2021-04-30,2021-06-29,57435849.72,690003,SEC EDGAR ETF_Holdings.csv; CMIN-US ticker resolution,resolved_by_cusip
2021-06-30,RTX,Raytheon Technologies Corporation,XAR,Defense,2021-03-31,2021-05-28,48542095.78,628214,SEC EDGAR ETF_Holdings.csv; CMIN-US ticker resolution,resolved_by_cusip
2021-06-30,SNAP,Snap Inc.,ARKW,Internet,2021-04-30,2021-06-24,76598441.92,1239056,SEC EDGAR ETF_Holdings.csv; CMIN-US ticker resolution,resolved_by_cusip
2021-06-30,SNAP,Snap Inc.,FDN,Internet,2021-03-31,2021-05-25,241745245.56,4623164,SEC EDGAR ETF_Holdings.csv; CMIN-US ticker resolution,resolved_by_cusip
2021-06-30,SNAP,Snap Inc.,IGV,Cloud Computing,2021-03-31,2021-05-27,111913986.24,2140256,SEC EDGAR ETF_Holdings.csv; CMIN-US ticker resolution,resolved_by_cusip
2021-06-30,SNAP,Snap Inc.,PNQI,Internet,2021-04-30,2021-06-29,23218788.34,375587,SEC EDGAR ETF_Holdings.csv; CMIN-US ticker resolution,resolved_by_cusip
2021-06-30,TMO,Thermo Fisher Scientific Inc.,ARKG,Biotechnology,2021-04-30,2021-06-24,88369853.67,187929,SEC EDGAR ETF_Holdings.csv; CMIN-US ticker resolution,resolved_by_cusip
2021-06-30,TMO,Thermo Fisher Scientific Inc.,IHI,Healthcare Innovation,2021-03-31,2021-05-27,994307803.92,2178684,SEC EDGAR ETF_Holdings.csv; CMIN-US ticker resolution,resolved_by_cusip
2021-06-30,TSLA,"Tesla, Inc.",ARKQ,Robotics,2021-04-30,2021-06-24,372326881.92,524818,SEC EDGAR ETF_Holdings.csv; CMIN-US ticker resolution,resolved_by_cusip
2021-06-30,TSLA,"Tesla, Inc.",ARKW,Internet,2021-04-30,2021-06-24,702577586.88,990327,SEC EDGAR ETF_Holdings.csv; CMIN-US ticker resolution,resolved_by_cusip
2021-06-30,TSLA,"Tesla, Inc.",GRID,Infrastructure,2021-03-31,2021-05-20,5167106.48,7736,SEC EDGAR ETF_Holdings.csv; CMIN-US ticker resolution,resolved_by_cusip
2021-06-30,TSLA,"Tesla, Inc.",LIT,Battery,2021-04-30,2021-06-25,165544276.8,233345,SEC EDGAR ETF_Holdings.csv; CMIN-US ticker resolution,resolved_by_cusip
2021-06-30,TSLA,"Tesla, Inc.",PBW,Clean Energy,2021-04-30,2021-06-29,42683457.6,60165,SEC EDGAR ETF_Holdings.csv; CMIN-US ticker resolution,resolved_by_cusip
2021-06-30,TSLA,"Tesla, Inc.",QCLN,Clean Energy,2021-03-31,2021-05-25,236431857.61,353977,SEC EDGAR ETF_Holdings.csv; CMIN-US ticker resolution,resolved_by_cusip
2021-06-30,TSLA,"Tesla, Inc.",SMOG,Clean Energy,2021-03-31,2021-05-28,25522941.16,38212,SEC EDGAR ETF_Holdings.csv; CMIN-US ticker resolution,resolved_by_cusip
2021-07-31,ABBV,AbbVie Inc.,ARKG,Biotechnology,2021-04-30,2021-06-24,62279328.5,558559,SEC EDGAR ETF_Holdings.csv; CMIN-US ticker resolution,resolved_by_cusip
2021-07-31,ABBV,AbbVie Inc.,XBI,Biotechnology,2021-03-31,2021-05-28,49587702.64,458212,SEC EDGAR ETF_Holdings.csv; CMIN-US ticker resolution,resolved_by_cusip
2021-07-31,ABT,Abbott Laboratories,IHI,Healthcare Innovation,2021-03-31,2021-05-27,1174577126.24,9801211,SEC EDGAR ETF_Holdings.csv; CMIN-US ticker resolution,resolved_by_cusip
2021-07-31,ACN,Accenture plc,CIBR,Cybersecurity,2021-03-31,2021-05-20,229257665,829892,SEC EDGAR ETF_Holdings.csv; CMIN-US ticker resolution,resolved_by_target_universe_name_match
2021-07-31,ADBE,Adobe Inc.,IGV,Cloud Computing,2021-03-31,2021-05-27,459126607.1,965830,SEC EDGAR ETF_Holdings.csv; CMIN-US ticker resolution,resolved_by_cusip
2021-07-31,ADBE,Adobe Inc.,PNQI,Internet,2021-04-30,2021-06-29,46402800.22,91283,SEC EDGAR ETF_Holdings.csv; CMIN-US ticker resolution,resolved_by_cusip
2021-07-31,ADBE,Adobe Inc.,SKYY,Cloud Computing,2021-03-31,2021-05-20,116946724.44,246012,SEC EDGAR ETF_Holdings.csv; CMIN-US ticker resolution,resolved_by_cusip
2021-07-31,AMZN,"Amazon.com, Inc.",FDN,Internet,2021-03-31,2021-05-25,972234193.92,314224,SEC EDGAR ETF_Holdings.csv; CMIN-US ticker resolution,resolved_by_cusip
2021-07-31,AMZN,"Amazon.com, Inc.",PNQI,Internet,2021-04-30,2021-06-29,94081506.86,27133,SEC EDGAR ETF_Holdings.csv; CMIN-US ticker resolution,resolved_by_cusip
2021-07-31,AMZN,"Amazon.com, Inc.",SKYY,Cloud Computing,2021-03-31,2021-05-20,226251505.92,73124,SEC EDGAR ETF_Holdings.csv; CMIN-US ticker resolution,resolved_by_cusip
2021-07-31,APD,"Air Products and Chemicals, Inc.",PBW,Clean Energy,2021-04-30,2021-06-29,38335818.72,132889,SEC EDGAR ETF_Holdings.csv; CMIN-US ticker resolution,resolved_by_cusip
2021-07-31,AVGO,Broadcom Inc.,PSI,Semiconductor,2021-04-30,2021-06-29,29901172.8,65544,SEC EDGAR ETF_Holdings.csv; CMIN-US ticker resolution,resolved_by_cusip
2021-07-31,AVGO,Broadcom Inc.,SMH,Semiconductor,2021-03-31,2021-05-28,261255254.58,563463,SEC EDGAR ETF_Holdings.csv; CMIN-US ticker resolution,resolved_by_cusip
2021-07-31,BABA,Alibaba Group Holding Limited,ARKQ,Robotics,2021-04-30,2021-06-24,32650556.25,141375,SEC EDGAR ETF_Holdings.csv; CMIN-US ticker resolution,resolved_by_cusip
2021-07-31,BABA,Alibaba Group Holding Limited,EMQQ,Internet,2021-05-31,2021-07-28,131491471.56,614561,SEC EDGAR ETF_Holdings.csv; CMIN-US ticker resolution,resolved_by_cusip
2021-07-31,BABA,Alibaba Group Holding Limited,PNQI,Internet,2021-04-30,2021-06-29,81516573.9,352962,SEC EDGAR ETF_Holdings.csv; CMIN-US ticker resolution,resolved_by_cusip
2021-07-31,BABA,Alibaba Group Holding Limited,SKYY,Cloud Computing,2021-03-31,2021-05-20,215676912.5,951250,SEC EDGAR ETF_Holdings.csv; CMIN-US ticker resolution,resolved_by_cusip
2021-07-31,CAT,Caterpillar Inc.,ARKQ,Robotics,2021-04-30,2021-06-24,72958246.18,319838,SEC EDGAR ETF_Holdings.csv; CMIN-US ticker resolution,resolved_by_cusip
2021-07-31,CSCO,"Cisco Systems, Inc.",CIBR,Cybersecurity,2021-03-31,2021-05-20,239960978.94,4640514,SEC EDGAR ETF_Holdings.csv; CMIN-US ticker resolution,resolved_by_cusip
2021-07-31,CSCO,"Cisco Systems, Inc.",FDN,Internet,2021-03-31,2021-05-25,470613847.62,9101022,SEC EDGAR ETF_Holdings.csv; CMIN-US ticker resolution,resolved_by_cusip
2021-07-31,CSCO,"Cisco Systems, Inc.",GRID,Infrastructure,2021-03-31,2021-05-20,6021939.76,116456,SEC EDGAR ETF_Holdings.csv; CMIN-US ticker resolution,resolved_by_cusip
2021-07-31,CSCO,"Cisco Systems, Inc.",HACK,Cybersecurity,2021-03-31,2021-05-28,76424173.98,1477938,SEC EDGAR ETF_Holdings.csv; CMIN-US ticker resolution,resolved_by_cusip
2021-07-31,CSCO,"Cisco Systems, Inc.",SKYY,Cloud Computing,2021-03-31,2021-05-20,173764370.73,3360363,SEC EDGAR ETF_Holdings.csv; CMIN-US ticker resolution,resolved_by_cusip
2021-07-31,D,"Dominion Energy, Inc.",NLR,Nuclear,2021-03-31,2021-05-28,1735306.2,22845,SEC EDGAR ETF_Holdings.csv; CMIN-US ticker resolution,resolved_by_cusip
2021-07-31,DE,Deere & Company,ARKQ,Robotics,2021-04-30,2021-06-24,111769739.8,301388,SEC EDGAR ETF_Holdings.csv; CMIN-US ticker resolution,resolved_by_cusip
2021-07-31,DE,Deere & Company,MOO,Agribusiness,2021-03-31,2021-05-28,92052657.32,246038,SEC EDGAR ETF_Holdings.csv; CMIN-US ticker resolution,resolved_by_cusip
2021-07-31,DE,Deere & Company,ROBO,Robotics,2021-04-30,2021-06-28,21934664.95,59147,SEC EDGAR ETF_Holdings.csv; CMIN-US ticker resolution,resolved_by_cusip
2021-07-31,DHR,Danaher Corporation,IHI,Healthcare Innovation,2021-03-31,2021-05-27,663919826.48,2949706,SEC EDGAR ETF_Holdings.csv; CMIN-US ticker resolution,resolved_by_cusip
2021-07-31,DHR,Danaher Corporation,PHO,Water,2021-04-30,2021-06-29,135765973.72,534638,SEC EDGAR ETF_Holdings.csv; CMIN-US ticker resolution,resolved_by_cusip
2021-07-31,DHR,Danaher Corporation,PIO,Water,2021-04-30,2021-06-29,22235240.34,87561,SEC EDGAR ETF_Holdings.csv; CMIN-US ticker resolution,resolved_by_cusip
2021-07-31,DUK,Duke Energy Corporation,NLR,Nuclear,2021-03-31,2021-05-28,1778275.66,18422,SEC EDGAR ETF_Holdings.csv; CMIN-US ticker resolution,resolved_by_cusip
2021-07-31,ECL,Ecolab Inc.,PHO,Water,2021-04-30,2021-06-29,125709356.24,560902,SEC EDGAR ETF_Holdings.csv; CMIN-US ticker resolution,resolved_by_cusip
2021-07-31,ECL,Ecolab Inc.,PIO,Water,2021-04-30,2021-06-29,10297417.52,45946,SEC EDGAR ETF_Holdings.csv; CMIN-US ticker resolution,resolved_by_cusip
2021-07-31,EXC,Exelon Corporation,NLR,Nuclear,2021-03-31,2021-05-28,1529150.4,34960,SEC EDGAR ETF_Holdings.csv; CMIN-US ticker resolution,resolved_by_cusip
2021-07-31,FB,"Meta Platforms, Inc.",FDN,Internet,2021-03-31,2021-05-25,786876951.08,2671636,SEC EDGAR ETF_Holdings.csv; CMIN-US ticker resolution,resolved_by_cusip
2021-07-31,FB,"Meta Platforms, Inc.",PNQI,Internet,2021-04-30,2021-06-29,105895460.16,325752,SEC EDGAR ETF_Holdings.csv; CMIN-US ticker resolution,resolved_by_cusip
2021-07-31,GOOG,Alphabet Inc.,ARKQ,Robotics,2021-04-30,2021-06-24,163837547.48,67979,SEC EDGAR ETF_Holdings.csv; CMIN-US ticker resolution,resolved_by_cusip
2021-07-31,GOOG,Alphabet Inc.,FDN,Internet,2021-03-31,2021-05-25,932013952.79,451227,SEC EDGAR ETF_Holdings.csv; CMIN-US ticker resolution,resolved_by_cusip
2021-07-31,GOOG,Alphabet Inc.,PNQI,Internet,2021-04-30,2021-06-29,99299354.12,41201,SEC EDGAR ETF_Holdings.csv; CMIN-US ticker resolution,resolved_by_cusip
2021-07-31,GOOG,Alphabet Inc.,SKYY,Cloud Computing,2021-03-31,2021-05-20,230713487.2,111860,SEC EDGAR ETF_Holdings.csv; CMIN-US ticker resolution,resolved_by_cusip
2021-07-31,HON,Honeywell International Inc.,GRID,Infrastructure,2021-03-31,2021-05-20,4871702.01,22443,SEC EDGAR ETF_Holdings.csv; CMIN-US ticker resolution,resolved_by_cusip
2021-07-31,HON,Honeywell International Inc.,PPA,Defense,2021-04-30,2021-06-29,55468040.64,248691,SEC EDGAR ETF_Holdings.csv; CMIN-US ticker resolution,resolved_by_cusip
2021-07-31,JD,"JD.com, Inc.",ARKQ,Robotics,2021-04-30,2021-06-24,163825504.08,2117703,SEC EDGAR ETF_Holdings.csv; CMIN-US ticker resolution,resolved_by_cusip
2021-07-31,JD,"JD.com, Inc.",ARKW,Internet,2021-04-30,2021-06-24,168877421.52,2183007,SEC EDGAR ETF_Holdings.csv; CMIN-US ticker resolution,resolved_by_cusip
2021-07-31,JD,"JD.com, Inc.",EMQQ,Internet,2021-05-31,2021-07-28,103788838.6,1403690,SEC EDGAR ETF_Holdings.csv; CMIN-US ticker resolution,resolved_by_cusip
2021-07-31,JD,"JD.com, Inc.",PNQI,Internet,2021-04-30,2021-06-29,19262562.64,248999,SEC EDGAR ETF_Holdings.csv; CMIN-US ticker resolution,resolved_by_cusip
2021-07-31,MSFT,Microsoft Corporation,IGV,Cloud Computing,2021-03-31,2021-05-27,433148156.28,1837164,SEC EDGAR ETF_Holdings.csv; CMIN-US ticker resolution,resolved_by_cusip
2021-07-31,MSFT,Microsoft Corporation,SKYY,Cloud Computing,2021-03-31,2021-05-20,229468810.98,973274,SEC EDGAR ETF_Holdings.csv; CMIN-US ticker resolution,resolved_by_cusip
2021-07-31,NFLX,"Netflix, Inc.",ARKW,Internet,2021-04-30,2021-06-24,91945532.49,179067,SEC EDGAR ETF_Holdings.csv; CMIN-US ticker resolution,resolved_by_cusip
2021-07-31,NFLX,"Netflix, Inc.",FDN,Internet,2021-03-31,2021-05-25,475018379.4,910590,SEC EDGAR ETF_Holdings.csv; CMIN-US ticker resolution,resolved_by_cusip
2021-07-31,NFLX,"Netflix, Inc.",PNQI,Internet,2021-04-30,2021-06-29,39983908.9,77870,SEC EDGAR ETF_Holdings.csv; CMIN-US ticker resolution,resolved_by_cusip
2021-07-31,NGG,National Grid plc,GRID,Infrastructure,2021-03-31,2021-05-20,1268669.84,106511,SEC EDGAR ETF_Holdings.csv; CMIN-US ticker resolution,resolved_by_target_universe_name_match
2021-07-31,NVDA,NVIDIA Corporation,ARKQ,Robotics,2021-04-30,2021-06-24,45105348.64,75128,SEC EDGAR ETF_Holdings.csv; CMIN-US ticker resolution,resolved_by_cusip
2021-07-31,NVDA,NVIDIA Corporation,ARKW,Internet,2021-04-30,2021-06-24,659217.24,1098,SEC EDGAR ETF_Holdings.csv; CMIN-US ticker resolution,resolved_by_cusip
2021-07-31,NVDA,NVIDIA Corporation,GRID,Infrastructure,2021-03-31,2021-05-20,5086217.18,9526,SEC EDGAR ETF_Holdings.csv; CMIN-US ticker resolution,resolved_by_cusip
2021-07-31,NVDA,NVIDIA Corporation,ROBO,Robotics,2021-04-30,2021-06-28,26553006.26,44227,SEC EDGAR ETF_Holdings.csv; CMIN-US ticker resolution,resolved_by_cusip
2021-07-31,NVDA,NVIDIA Corporation,SMH,Semiconductor,2021-03-31,2021-05-28,388472517.96,727572,SEC EDGAR ETF_Holdings.csv; CMIN-US ticker resolution,resolved_by_cusip
2021-07-31,NVS,Novartis AG,ARKG,Biotechnology,2021-04-30,2021-06-24,357123635,4189625,SEC EDGAR ETF_Holdings.csv; CMIN-US ticker resolution,resolved_by_cusip
2021-07-31,ORCL,Oracle Corporation,GRID,Infrastructure,2021-03-31,2021-05-20,4066421.67,57951,SEC EDGAR ETF_Holdings.csv; CMIN-US ticker resolution,resolved_by_cusip
2021-07-31,ORCL,Oracle Corporation,IGV,Cloud Computing,2021-03-31,2021-05-27,300415523.01,4281253,SEC EDGAR ETF_Holdings.csv; CMIN-US ticker resolution,resolved_by_cusip
2021-07-31,ORCL,Oracle Corporation,SKYY,Cloud Computing,2021-03-31,2021-05-20,246012932.52,3505956,SEC EDGAR ETF_Holdings.csv; CMIN-US ticker resolution,resolved_by_cusip
2021-07-31,PYPL,"PayPal Holdings, Inc.",ARKW,Internet,2021-04-30,2021-06-24,96621078.75,368375,SEC EDGAR ETF_Holdings.csv; CMIN-US ticker resolution,resolved_by_cusip
2021-07-31,PYPL,"PayPal Holdings, Inc.",FDN,Internet,2021-03-31,2021-05-25,514874953.32,2120223,SEC EDGAR ETF_Holdings.csv; CMIN-US ticker resolution,resolved_by_cusip
2021-07-31,PYPL,"PayPal Holdings, Inc.",PNQI,Internet,2021-04-30,2021-06-29,82672234.26,315194,SEC EDGAR ETF_Holdings.csv; CMIN-US ticker resolution,resolved_by_cusip
2021-07-31,RTX,Raytheon Technologies Corporation,PPA,Defense,2021-04-30,2021-06-29,57435849.72,690003,SEC EDGAR ETF_Holdings.csv; CMIN-US ticker resolution,resolved_by_cusip
2021-07-31,RTX,Raytheon Technologies Corporation,XAR,Defense,2021-03-31,2021-05-28,48542095.78,628214,SEC EDGAR ETF_Holdings.csv; CMIN-US ticker resolution,resolved_by_cusip
2021-07-31,SNAP,Snap Inc.,ARKW,Internet,2021-04-30,2021-06-24,76598441.92,1239056,SEC EDGAR ETF_Holdings.csv; CMIN-US ticker resolution,resolved_by_cusip
2021-07-31,SNAP,Snap Inc.,FDN,Internet,2021-03-31,2021-05-25,241745245.56,4623164,SEC EDGAR ETF_Holdings.csv; CMIN-US ticker resolution,resolved_by_cusip
2021-07-31,SNAP,Snap Inc.,IGV,Cloud Computing,2021-03-31,2021-05-27,111913986.24,2140256,SEC EDGAR ETF_Holdings.csv; CMIN-US ticker resolution,resolved_by_cusip
2021-07-31,SNAP,Snap Inc.,PNQI,Internet,2021-04-30,2021-06-29,23218788.34,375587,SEC EDGAR ETF_Holdings.csv; CMIN-US ticker resolution,resolved_by_cusip
2021-07-31,TMO,Thermo Fisher Scientific Inc.,ARKG,Biotechnology,2021-04-30,2021-06-24,88369853.67,187929,SEC EDGAR ETF_Holdings.csv; CMIN-US ticker resolution,resolved_by_cusip
2021-07-31,TMO,Thermo Fisher Scientific Inc.,IHI,Healthcare Innovation,2021-03-31,2021-05-27,994307803.92,2178684,SEC EDGAR ETF_Holdings.csv; CMIN-US ticker resolution,resolved_by_cusip
2021-07-31,TSLA,"Tesla, Inc.",ARKQ,Robotics,2021-04-30,2021-06-24,372326881.92,524818,SEC EDGAR ETF_Holdings.csv; CMIN-US ticker resolution,resolved_by_cusip
2021-07-31,TSLA,"Tesla, Inc.",ARKW,Internet,2021-04-30,2021-06-24,702577586.88,990327,SEC EDGAR ETF_Holdings.csv; CMIN-US ticker resolution,resolved_by_cusip
2021-07-31,TSLA,"Tesla, Inc.",GRID,Infrastructure,2021-03-31,2021-05-20,5167106.48,7736,SEC EDGAR ETF_Holdings.csv; CMIN-US ticker resolution,resolved_by_cusip
2021-07-31,TSLA,"Tesla, Inc.",LIT,Battery,2021-04-30,2021-06-25,165544276.8,233345,SEC EDGAR ETF_Holdings.csv; CMIN-US ticker resolution,resolved_by_cusip
2021-07-31,TSLA,"Tesla, Inc.",PBW,Clean Energy,2021-04-30,2021-06-29,42683457.6,60165,SEC EDGAR ETF_Holdings.csv; CMIN-US ticker resolution,resolved_by_cusip
2021-07-31,TSLA,"Tesla, Inc.",QCLN,Clean Energy,2021-03-31,2021-05-25,236431857.61,353977,SEC EDGAR ETF_Holdings.csv; CMIN-US ticker resolution,resolved_by_cusip
2021-07-31,TSLA,"Tesla, Inc.",SMOG,Clean Energy,2021-03-31,2021-05-28,25522941.16,38212,SEC EDGAR ETF_Holdings.csv; CMIN-US ticker resolution,resolved_by_cusip
2021-08-31,ABBV,AbbVie Inc.,ARKG,Biotechnology,2021-04-30,2021-06-24,62279328.5,558559,SEC EDGAR ETF_Holdings.csv; CMIN-US ticker resolution,resolved_by_cusip
2021-08-31,ABBV,AbbVie Inc.,XBI,Biotechnology,2021-06-30,2021-08-23,44868679.68,398337,SEC EDGAR ETF_Holdings.csv; CMIN-US ticker resolution,resolved_by_cusip
2021-08-31,ABT,Abbott Laboratories,IHI,Healthcare Innovation,2021-06-30,2021-08-26,985268318.53,8498821,SEC EDGAR ETF_Holdings.csv; CMIN-US ticker resolution,resolved_by_cusip
2021-08-31,ACN,Accenture plc,CIBR,Cybersecurity,2021-06-30,2021-08-25,240885290.18,817142,SEC EDGAR ETF_Holdings.csv; CMIN-US ticker resolution,resolved_by_target_universe_name_match
2021-08-31,ADBE,Adobe Inc.,IGV,Cloud Computing,2021-06-30,2021-08-26,447465269.68,764062,SEC EDGAR ETF_Holdings.csv; CMIN-US ticker resolution,resolved_by_cusip
2021-08-31,ADBE,Adobe Inc.,PNQI,Internet,2021-04-30,2021-06-29,46402800.22,91283,SEC EDGAR ETF_Holdings.csv; CMIN-US ticker resolution,resolved_by_cusip
2021-08-31,ADBE,Adobe Inc.,SKYY,Cloud Computing,2021-06-30,2021-08-25,124483638.4,212560,SEC EDGAR ETF_Holdings.csv; CMIN-US ticker resolution,resolved_by_cusip
2021-08-31,AMZN,"Amazon.com, Inc.",FDN,Internet,2021-06-30,2021-08-19,1024355802.24,297764,SEC EDGAR ETF_Holdings.csv; CMIN-US ticker resolution,resolved_by_cusip
2021-08-31,AMZN,"Amazon.com, Inc.",PNQI,Internet,2021-04-30,2021-06-29,94081506.86,27133,SEC EDGAR ETF_Holdings.csv; CMIN-US ticker resolution,resolved_by_cusip
2021-08-31,AMZN,"Amazon.com, Inc.",SKYY,Cloud Computing,2021-06-30,2021-08-25,228952968.48,66553,SEC EDGAR ETF_Holdings.csv; CMIN-US ticker resolution,resolved_by_cusip
2021-08-31,APD,"Air Products and Chemicals, Inc.",PBW,Clean Energy,2021-04-30,2021-06-29,38335818.72,132889,SEC EDGAR ETF_Holdings.csv; CMIN-US ticker resolution,resolved_by_cusip
2021-08-31,AVGO,Broadcom Inc.,PSI,Semiconductor,2021-04-30,2021-06-29,29901172.8,65544,SEC EDGAR ETF_Holdings.csv; CMIN-US ticker resolution,resolved_by_cusip
2021-08-31,AVGO,Broadcom Inc.,SMH,Semiconductor,2021-06-30,2021-08-27,281431444.84,590201,SEC EDGAR ETF_Holdings.csv; CMIN-US ticker resolution,resolved_by_cusip
2021-08-31,BABA,Alibaba Group Holding Limited,ARKQ,Robotics,2021-04-30,2021-06-24,32650556.25,141375,SEC EDGAR ETF_Holdings.csv; CMIN-US ticker resolution,resolved_by_cusip
2021-08-31,BABA,Alibaba Group Holding Limited,EMQQ,Internet,2021-05-31,2021-07-28,131491471.56,614561,SEC EDGAR ETF_Holdings.csv; CMIN-US ticker resolution,resolved_by_cusip
2021-08-31,BABA,Alibaba Group Holding Limited,PNQI,Internet,2021-04-30,2021-06-29,81516573.9,352962,SEC EDGAR ETF_Holdings.csv; CMIN-US ticker resolution,resolved_by_cusip
2021-08-31,BABA,Alibaba Group Holding Limited,SKYY,Cloud Computing,2021-06-30,2021-08-25,227359649.68,1002556,SEC EDGAR ETF_Holdings.csv; CMIN-US ticker resolution,resolved_by_cusip
2021-08-31,CAT,Caterpillar Inc.,ARKQ,Robotics,2021-04-30,2021-06-24,72958246.18,319838,SEC EDGAR ETF_Holdings.csv; CMIN-US ticker resolution,resolved_by_cusip
2021-08-31,CSCO,"Cisco Systems, Inc.",CIBR,Cybersecurity,2021-06-30,2021-08-25,231002938,4358546,SEC EDGAR ETF_Holdings.csv; CMIN-US ticker resolution,resolved_by_cusip
2021-08-31,CSCO,"Cisco Systems, Inc.",FDN,Internet,2021-06-30,2021-08-19,457840765,8638505,SEC EDGAR ETF_Holdings.csv; CMIN-US ticker resolution,resolved_by_cusip
2021-08-31,CSCO,"Cisco Systems, Inc.",GRID,Infrastructure,2021-06-30,2021-08-25,8273830,156110,SEC EDGAR ETF_Holdings.csv; CMIN-US ticker resolution,resolved_by_cusip
2021-08-31,CSCO,"Cisco Systems, Inc.",HACK,Cybersecurity,2021-06-30,2021-08-30,70364708,1327636,SEC EDGAR ETF_Holdings.csv; CMIN-US ticker resolution,resolved_by_cusip
2021-08-31,CSCO,"Cisco Systems, Inc.",SKYY,Cloud Computing,2021-06-30,2021-08-25,143274953,2703301,SEC EDGAR ETF_Holdings.csv; CMIN-US ticker resolution,resolved_by_cusip
2021-08-31,D,"Dominion Energy, Inc.",NLR,Nuclear,2021-06-30,2021-08-27,2093140.07,28451,SEC EDGAR ETF_Holdings.csv; CMIN-US ticker resolution,resolved_by_cusip
2021-08-31,DE,Deere & Company,ARKQ,Robotics,2021-04-30,2021-06-24,111769739.8,301388,SEC EDGAR ETF_Holdings.csv; CMIN-US ticker resolution,resolved_by_cusip
2021-08-31,DE,Deere & Company,MOO,Agribusiness,2021-06-30,2021-08-27,97526783.97,276507,SEC EDGAR ETF_Holdings.csv; CMIN-US ticker resolution,resolved_by_cusip
2021-08-31,DE,Deere & Company,ROBO,Robotics,2021-04-30,2021-06-28,21934664.95,59147,SEC EDGAR ETF_Holdings.csv; CMIN-US ticker resolution,resolved_by_cusip
2021-08-31,DHR,Danaher Corporation,IHI,Healthcare Innovation,2021-06-30,2021-08-26,780670511.12,2909042,SEC EDGAR ETF_Holdings.csv; CMIN-US ticker resolution,resolved_by_cusip
2021-08-31,DHR,Danaher Corporation,PHO,Water,2021-04-30,2021-06-29,135765973.72,534638,SEC EDGAR ETF_Holdings.csv; CMIN-US ticker resolution,resolved_by_cusip
2021-08-31,DHR,Danaher Corporation,PIO,Water,2021-04-30,2021-06-29,22235240.34,87561,SEC EDGAR ETF_Holdings.csv; CMIN-US ticker resolution,resolved_by_cusip
2021-08-31,DUK,Duke Energy Corporation,NLR,Nuclear,2021-06-30,2021-08-27,2119222.24,21467,SEC EDGAR ETF_Holdings.csv; CMIN-US ticker resolution,resolved_by_cusip
2021-08-31,ECL,Ecolab Inc.,PHO,Water,2021-04-30,2021-06-29,125709356.24,560902,SEC EDGAR ETF_Holdings.csv; CMIN-US ticker resolution,resolved_by_cusip
2021-08-31,ECL,Ecolab Inc.,PIO,Water,2021-04-30,2021-06-29,10297417.52,45946,SEC EDGAR ETF_Holdings.csv; CMIN-US ticker resolution,resolved_by_cusip
2021-08-31,EXC,Exelon Corporation,NLR,Nuclear,2021-06-30,2021-08-27,1820254.8,41080,SEC EDGAR ETF_Holdings.csv; CMIN-US ticker resolution,resolved_by_cusip
2021-08-31,FB,"Meta Platforms, Inc.",FDN,Internet,2021-06-30,2021-08-19,807007440.91,2320921,SEC EDGAR ETF_Holdings.csv; CMIN-US ticker resolution,resolved_by_cusip
2021-08-31,FB,"Meta Platforms, Inc.",PNQI,Internet,2021-04-30,2021-06-29,105895460.16,325752,SEC EDGAR ETF_Holdings.csv; CMIN-US ticker resolution,resolved_by_cusip
2021-08-31,GOOG,Alphabet Inc.,ARKQ,Robotics,2021-04-30,2021-06-24,163837547.48,67979,SEC EDGAR ETF_Holdings.csv; CMIN-US ticker resolution,resolved_by_cusip
2021-08-31,GOOG,Alphabet Inc.,FDN,Internet,2021-06-30,2021-08-19,1023070218.39,413667,SEC EDGAR ETF_Holdings.csv; CMIN-US ticker resolution,resolved_by_cusip
2021-08-31,GOOG,Alphabet Inc.,PNQI,Internet,2021-04-30,2021-06-29,99299354.12,41201,SEC EDGAR ETF_Holdings.csv; CMIN-US ticker resolution,resolved_by_cusip
2021-08-31,GOOG,Alphabet Inc.,SKYY,Cloud Computing,2021-06-30,2021-08-25,222239516.85,91015,SEC EDGAR ETF_Holdings.csv; CMIN-US ticker resolution,resolved_by_cusip
2021-08-31,HON,Honeywell International Inc.,GRID,Infrastructure,2021-06-30,2021-08-25,7009987.3,31958,SEC EDGAR ETF_Holdings.csv; CMIN-US ticker resolution,resolved_by_cusip
2021-08-31,HON,Honeywell International Inc.,PPA,Defense,2021-04-30,2021-06-29,55468040.64,248691,SEC EDGAR ETF_Holdings.csv; CMIN-US ticker resolution,resolved_by_cusip
2021-08-31,JD,"JD.com, Inc.",ARKQ,Robotics,2021-04-30,2021-06-24,163825504.08,2117703,SEC EDGAR ETF_Holdings.csv; CMIN-US ticker resolution,resolved_by_cusip
2021-08-31,JD,"JD.com, Inc.",ARKW,Internet,2021-04-30,2021-06-24,168877421.52,2183007,SEC EDGAR ETF_Holdings.csv; CMIN-US ticker resolution,resolved_by_cusip
2021-08-31,JD,"JD.com, Inc.",EMQQ,Internet,2021-05-31,2021-07-28,103788838.6,1403690,SEC EDGAR ETF_Holdings.csv; CMIN-US ticker resolution,resolved_by_cusip
2021-08-31,JD,"JD.com, Inc.",PNQI,Internet,2021-04-30,2021-06-29,19262562.64,248999,SEC EDGAR ETF_Holdings.csv; CMIN-US ticker resolution,resolved_by_cusip
2021-08-31,MSFT,Microsoft Corporation,IGV,Cloud Computing,2021-06-30,2021-08-26,430899228.9,1590621,SEC EDGAR ETF_Holdings.csv; CMIN-US ticker resolution,resolved_by_cusip
2021-08-31,MSFT,Microsoft Corporation,SKYY,Cloud Computing,2021-06-30,2021-08-25,232737504.3,859127,SEC EDGAR ETF_Holdings.csv; CMIN-US ticker resolution,resolved_by_cusip
2021-08-31,NEE,"NextEra Energy, Inc.",SMOG,Clean Energy,2021-06-30,2021-08-27,23506685.12,320779,SEC EDGAR ETF_Holdings.csv; CMIN-US ticker resolution,resolved_by_cusip
2021-08-31,NFLX,"Netflix, Inc.",ARKW,Internet,2021-04-30,2021-06-24,91945532.49,179067,SEC EDGAR ETF_Holdings.csv; CMIN-US ticker resolution,resolved_by_cusip
2021-08-31,NFLX,"Netflix, Inc.",FDN,Internet,2021-06-30,2021-08-19,493865785.8,934980,SEC EDGAR ETF_Holdings.csv; CMIN-US ticker resolution,resolved_by_cusip
2021-08-31,NFLX,"Netflix, Inc.",PNQI,Internet,2021-04-30,2021-06-29,39983908.9,77870,SEC EDGAR ETF_Holdings.csv; CMIN-US ticker resolution,resolved_by_cusip
2021-08-31,NGG,National Grid plc,GRID,Infrastructure,2021-06-30,2021-08-25,1937729.22,152129,SEC EDGAR ETF_Holdings.csv; CMIN-US ticker resolution,resolved_by_target_universe_name_match
2021-08-31,NVDA,NVIDIA Corporation,ARKQ,Robotics,2021-04-30,2021-06-24,45105348.64,75128,SEC EDGAR ETF_Holdings.csv; CMIN-US ticker resolution,resolved_by_cusip
2021-08-31,NVDA,NVIDIA Corporation,ARKW,Internet,2021-04-30,2021-06-24,659217.24,1098,SEC EDGAR ETF_Holdings.csv; CMIN-US ticker resolution,resolved_by_cusip
2021-08-31,NVDA,NVIDIA Corporation,GRID,Infrastructure,2021-06-30,2021-08-25,10168470.9,12709,SEC EDGAR ETF_Holdings.csv; CMIN-US ticker resolution,resolved_by_cusip
2021-08-31,NVDA,NVIDIA Corporation,ROBO,Robotics,2021-04-30,2021-06-28,26553006.26,44227,SEC EDGAR ETF_Holdings.csv; CMIN-US ticker resolution,resolved_by_cusip
2021-08-31,NVDA,NVIDIA Corporation,SMH,Semiconductor,2021-06-30,2021-08-27,579574837.8,724378,SEC EDGAR ETF_Holdings.csv; CMIN-US ticker resolution,resolved_by_cusip
2021-08-31,NVS,Novartis AG,ARKG,Biotechnology,2021-04-30,2021-06-24,357123635,4189625,SEC EDGAR ETF_Holdings.csv; CMIN-US ticker resolution,resolved_by_cusip
2021-08-31,ORCL,Oracle Corporation,GRID,Infrastructure,2021-06-30,2021-08-25,6299746.88,80932,SEC EDGAR ETF_Holdings.csv; CMIN-US ticker resolution,resolved_by_cusip
2021-08-31,ORCL,Oracle Corporation,IGV,Cloud Computing,2021-06-30,2021-08-26,290938208.96,3737644,SEC EDGAR ETF_Holdings.csv; CMIN-US ticker resolution,resolved_by_cusip
2021-08-31,ORCL,Oracle Corporation,SKYY,Cloud Computing,2021-06-30,2021-08-25,212055075.12,2724243,SEC EDGAR ETF_Holdings.csv; CMIN-US ticker resolution,resolved_by_cusip
2021-08-31,PYPL,"PayPal Holdings, Inc.",ARKW,Internet,2021-04-30,2021-06-24,96621078.75,368375,SEC EDGAR ETF_Holdings.csv; CMIN-US ticker resolution,resolved_by_cusip
2021-08-31,PYPL,"PayPal Holdings, Inc.",FDN,Internet,2021-06-30,2021-08-19,593425589.4,2035905,SEC EDGAR ETF_Holdings.csv; CMIN-US ticker resolution,resolved_by_cusip
2021-08-31,PYPL,"PayPal Holdings, Inc.",PNQI,Internet,2021-04-30,2021-06-29,82672234.26,315194,SEC EDGAR ETF_Holdings.csv; CMIN-US ticker resolution,resolved_by_cusip
2021-08-31,RTX,Raytheon Technologies Corporation,PPA,Defense,2021-04-30,2021-06-29,57435849.72,690003,SEC EDGAR ETF_Holdings.csv; CMIN-US ticker resolution,resolved_by_cusip
2021-08-31,RTX,Raytheon Technologies Corporation,XAR,Defense,2021-06-30,2021-08-23,51277708.25,601075,SEC EDGAR ETF_Holdings.csv; CMIN-US ticker resolution,resolved_by_cusip
2021-08-31,SNAP,Snap Inc.,ARKW,Internet,2021-04-30,2021-06-24,76598441.92,1239056,SEC EDGAR ETF_Holdings.csv; CMIN-US ticker resolution,resolved_by_cusip
2021-08-31,SNAP,Snap Inc.,FDN,Internet,2021-06-30,2021-08-19,305168601.42,4478553,SEC EDGAR ETF_Holdings.csv; CMIN-US ticker resolution,resolved_by_cusip
2021-08-31,SNAP,Snap Inc.,IGV,Cloud Computing,2021-06-30,2021-08-26,131558920.1,1930715,SEC EDGAR ETF_Holdings.csv; CMIN-US ticker resolution,resolved_by_cusip
2021-08-31,SNAP,Snap Inc.,PNQI,Internet,2021-04-30,2021-06-29,23218788.34,375587,SEC EDGAR ETF_Holdings.csv; CMIN-US ticker resolution,resolved_by_cusip
2021-08-31,TMO,Thermo Fisher Scientific Inc.,ARKG,Biotechnology,2021-04-30,2021-06-24,88369853.67,187929,SEC EDGAR ETF_Holdings.csv; CMIN-US ticker resolution,resolved_by_cusip
2021-08-31,TMO,Thermo Fisher Scientific Inc.,IHI,Healthcare Innovation,2021-06-30,2021-08-26,948362233.46,1879918,SEC EDGAR ETF_Holdings.csv; CMIN-US ticker resolution,resolved_by_cusip
2021-08-31,TSLA,"Tesla, Inc.",ARKQ,Robotics,2021-04-30,2021-06-24,372326881.92,524818,SEC EDGAR ETF_Holdings.csv; CMIN-US ticker resolution,resolved_by_cusip
2021-08-31,TSLA,"Tesla, Inc.",ARKW,Internet,2021-04-30,2021-06-24,702577586.88,990327,SEC EDGAR ETF_Holdings.csv; CMIN-US ticker resolution,resolved_by_cusip
2021-08-31,TSLA,"Tesla, Inc.",GRID,Infrastructure,2021-06-30,2021-08-25,8977477.6,13208,SEC EDGAR ETF_Holdings.csv; CMIN-US ticker resolution,resolved_by_cusip
2021-08-31,TSLA,"Tesla, Inc.",LIT,Battery,2021-04-30,2021-06-25,165544276.8,233345,SEC EDGAR ETF_Holdings.csv; CMIN-US ticker resolution,resolved_by_cusip
2021-08-31,TSLA,"Tesla, Inc.",PBW,Clean Energy,2021-04-30,2021-06-29,42683457.6,60165,SEC EDGAR ETF_Holdings.csv; CMIN-US ticker resolution,resolved_by_cusip
2021-08-31,TSLA,"Tesla, Inc.",QCLN,Clean Energy,2021-06-30,2021-08-19,218666966.7,321711,SEC EDGAR ETF_Holdings.csv; CMIN-US ticker resolution,resolved_by_cusip
2021-08-31,TSLA,"Tesla, Inc.",SMOG,Clean Energy,2021-06-30,2021-08-27,26381196.1,38813,SEC EDGAR ETF_Holdings.csv; CMIN-US ticker resolution,resolved_by_cusip
2021-09-30,ABBV,AbbVie Inc.,XBI,Biotechnology,2021-06-30,2021-08-23,44868679.68,398337,SEC EDGAR ETF_Holdings.csv; CMIN-US ticker resolution,resolved_by_cusip
2021-09-30,ABT,Abbott Laboratories,IHI,Healthcare Innovation,2021-06-30,2021-08-26,985268318.53,8498821,SEC EDGAR ETF_Holdings.csv; CMIN-US ticker resolution,resolved_by_cusip
2021-09-30,ACN,Accenture plc,CIBR,Cybersecurity,2021-06-30,2021-08-25,240885290.18,817142,SEC EDGAR ETF_Holdings.csv; CMIN-US ticker resolution,resolved_by_target_universe_name_match
2021-09-30,ADBE,Adobe Inc.,IGV,Cloud Computing,2021-06-30,2021-08-26,447465269.68,764062,SEC EDGAR ETF_Holdings.csv; CMIN-US ticker resolution,resolved_by_cusip
2021-09-30,ADBE,Adobe Inc.,PNQI,Internet,2021-07-31,2021-09-28,50950038.06,81962,SEC EDGAR ETF_Holdings.csv; CMIN-US ticker resolution,resolved_by_cusip
2021-09-30,ADBE,Adobe Inc.,SKYY,Cloud Computing,2021-06-30,2021-08-25,124483638.4,212560,SEC EDGAR ETF_Holdings.csv; CMIN-US ticker resolution,resolved_by_cusip
2021-09-30,AMZN,"Amazon.com, Inc.",FDN,Internet,2021-06-30,2021-08-19,1024355802.24,297764,SEC EDGAR ETF_Holdings.csv; CMIN-US ticker resolution,resolved_by_cusip
2021-09-30,AMZN,"Amazon.com, Inc.",PNQI,Internet,2021-07-31,2021-09-28,85415907.71,25669,SEC EDGAR ETF_Holdings.csv; CMIN-US ticker resolution,resolved_by_cusip
2021-09-30,AMZN,"Amazon.com, Inc.",SKYY,Cloud Computing,2021-06-30,2021-08-25,228952968.48,66553,SEC EDGAR ETF_Holdings.csv; CMIN-US ticker resolution,resolved_by_cusip
2021-09-30,AVGO,Broadcom Inc.,PSI,Semiconductor,2021-07-31,2021-09-28,32454329.4,66861,SEC EDGAR ETF_Holdings.csv; CMIN-US ticker resolution,resolved_by_cusip
2021-09-30,AVGO,Broadcom Inc.,SMH,Semiconductor,2021-06-30,2021-08-27,281431444.84,590201,SEC EDGAR ETF_Holdings.csv; CMIN-US ticker resolution,resolved_by_cusip
2021-09-30,BABA,Alibaba Group Holding Limited,ARKQ,Robotics,2021-07-30,2021-09-24,29577335.89,151531,SEC EDGAR ETF_Holdings.csv; CMIN-US ticker resolution,resolved_by_cusip
2021-09-30,BABA,Alibaba Group Holding Limited,EMQQ,Internet,2021-05-31,2021-07-28,131491471.56,614561,SEC EDGAR ETF_Holdings.csv; CMIN-US ticker resolution,resolved_by_cusip
2021-09-30,BABA,Alibaba Group Holding Limited,PNQI,Internet,2021-07-31,2021-09-28,73087919.55,374445,SEC EDGAR ETF_Holdings.csv; CMIN-US ticker resolution,resolved_by_cusip
2021-09-30,BABA,Alibaba Group Holding Limited,SKYY,Cloud Computing,2021-06-30,2021-08-25,227359649.68,1002556,SEC EDGAR ETF_Holdings.csv; CMIN-US ticker resolution,resolved_by_cusip
2021-09-30,CAT,Caterpillar Inc.,ARKQ,Robotics,2021-07-30,2021-09-24,48780595,235940,SEC EDGAR ETF_Holdings.csv; CMIN-US ticker resolution,resolved_by_cusip
2021-09-30,CSCO,"Cisco Systems, Inc.",CIBR,Cybersecurity,2021-06-30,2021-08-25,231002938,4358546,SEC EDGAR ETF_Holdings.csv; CMIN-US ticker resolution,resolved_by_cusip
2021-09-30,CSCO,"Cisco Systems, Inc.",FDN,Internet,2021-06-30,2021-08-19,457840765,8638505,SEC EDGAR ETF_Holdings.csv; CMIN-US ticker resolution,resolved_by_cusip
2021-09-30,CSCO,"Cisco Systems, Inc.",GRID,Infrastructure,2021-06-30,2021-08-25,8273830,156110,SEC EDGAR ETF_Holdings.csv; CMIN-US ticker resolution,resolved_by_cusip
2021-09-30,CSCO,"Cisco Systems, Inc.",HACK,Cybersecurity,2021-06-30,2021-08-30,70364708,1327636,SEC EDGAR ETF_Holdings.csv; CMIN-US ticker resolution,resolved_by_cusip
2021-09-30,CSCO,"Cisco Systems, Inc.",SKYY,Cloud Computing,2021-06-30,2021-08-25,143274953,2703301,SEC EDGAR ETF_Holdings.csv; CMIN-US ticker resolution,resolved_by_cusip
2021-09-30,D,"Dominion Energy, Inc.",NLR,Nuclear,2021-06-30,2021-08-27,2093140.07,28451,SEC EDGAR ETF_Holdings.csv; CMIN-US ticker resolution,resolved_by_cusip
2021-09-30,DE,Deere & Company,ARKQ,Robotics,2021-07-30,2021-09-24,76760133.15,212285,SEC EDGAR ETF_Holdings.csv; CMIN-US ticker resolution,resolved_by_cusip
2021-09-30,DE,Deere & Company,MOO,Agribusiness,2021-06-30,2021-08-27,97526783.97,276507,SEC EDGAR ETF_Holdings.csv; CMIN-US ticker resolution,resolved_by_cusip
2021-09-30,DE,Deere & Company,ROBO,Robotics,2021-07-31,2021-09-24,20867358.9,57710,SEC EDGAR ETF_Holdings.csv; CMIN-US ticker resolution,resolved_by_cusip
2021-09-30,DHR,Danaher Corporation,IHI,Healthcare Innovation,2021-06-30,2021-08-26,780670511.12,2909042,SEC EDGAR ETF_Holdings.csv; CMIN-US ticker resolution,resolved_by_cusip
2021-09-30,DHR,Danaher Corporation,PHO,Water,2021-07-31,2021-09-28,158991150.58,534442,SEC EDGAR ETF_Holdings.csv; CMIN-US ticker resolution,resolved_by_cusip
2021-09-30,DHR,Danaher Corporation,PIO,Water,2021-07-31,2021-09-28,26748218.37,89913,SEC EDGAR ETF_Holdings.csv; CMIN-US ticker resolution,resolved_by_cusip
2021-09-30,DUK,Duke Energy Corporation,NLR,Nuclear,2021-06-30,2021-08-27,2119222.24,21467,SEC EDGAR ETF_Holdings.csv; CMIN-US ticker resolution,resolved_by_cusip
2021-09-30,ECL,Ecolab Inc.,PHO,Water,2021-07-31,2021-09-28,140528703.78,636366,SEC EDGAR ETF_Holdings.csv; CMIN-US ticker resolution,resolved_by_cusip
2021-09-30,ECL,Ecolab Inc.,PIO,Water,2021-07-31,2021-09-28,23646034.74,107078,SEC EDGAR ETF_Holdings.csv; CMIN-US ticker resolution,resolved_by_cusip
2021-09-30,EXC,Exelon Corporation,NLR,Nuclear,2021-06-30,2021-08-27,1820254.8,41080,SEC EDGAR ETF_Holdings.csv; CMIN-US ticker resolution,resolved_by_cusip
2021-09-30,FB,"Meta Platforms, Inc.",FDN,Internet,2021-06-30,2021-08-19,807007440.91,2320921,SEC EDGAR ETF_Holdings.csv; CMIN-US ticker resolution,resolved_by_cusip
2021-09-30,FB,"Meta Platforms, Inc.",PNQI,Internet,2021-07-31,2021-09-28,89667170.6,251662,SEC EDGAR ETF_Holdings.csv; CMIN-US ticker resolution,resolved_by_cusip
2021-09-30,GOOG,Alphabet Inc.,ARKQ,Robotics,2021-07-30,2021-09-24,141595317.94,52357,SEC EDGAR ETF_Holdings.csv; CMIN-US ticker resolution,resolved_by_cusip
2021-09-30,GOOG,Alphabet Inc.,FDN,Internet,2021-06-30,2021-08-19,1023070218.39,413667,SEC EDGAR ETF_Holdings.csv; CMIN-US ticker resolution,resolved_by_cusip
2021-09-30,GOOG,Alphabet Inc.,PNQI,Internet,2021-07-31,2021-09-28,92780536.94,34307,SEC EDGAR ETF_Holdings.csv; CMIN-US ticker resolution,resolved_by_cusip
2021-09-30,GOOG,Alphabet Inc.,SKYY,Cloud Computing,2021-06-30,2021-08-25,222239516.85,91015,SEC EDGAR ETF_Holdings.csv; CMIN-US ticker resolution,resolved_by_cusip
2021-09-30,HON,Honeywell International Inc.,GRID,Infrastructure,2021-06-30,2021-08-25,7009987.3,31958,SEC EDGAR ETF_Holdings.csv; CMIN-US ticker resolution,resolved_by_cusip
2021-09-30,HON,Honeywell International Inc.,PPA,Defense,2021-07-31,2021-09-28,37700507.82,161258,SEC EDGAR ETF_Holdings.csv; CMIN-US ticker resolution,resolved_by_cusip
2021-09-30,JD,"JD.com, Inc.",ARKQ,Robotics,2021-07-30,2021-09-24,126551065.76,1785427,SEC EDGAR ETF_Holdings.csv; CMIN-US ticker resolution,resolved_by_cusip
2021-09-30,JD,"JD.com, Inc.",ARKW,Internet,2021-07-30,2021-09-24,20626.08,291,SEC EDGAR ETF_Holdings.csv; CMIN-US ticker resolution,resolved_by_cusip
2021-09-30,JD,"JD.com, Inc.",EMQQ,Internet,2021-05-31,2021-07-28,103788838.6,1403690,SEC EDGAR ETF_Holdings.csv; CMIN-US ticker resolution,resolved_by_cusip
2021-09-30,JD,"JD.com, Inc.",PNQI,Internet,2021-07-31,2021-09-28,18528173.76,261402,SEC EDGAR ETF_Holdings.csv; CMIN-US ticker resolution,resolved_by_cusip
2021-09-30,MSFT,Microsoft Corporation,IGV,Cloud Computing,2021-06-30,2021-08-26,430899228.9,1590621,SEC EDGAR ETF_Holdings.csv; CMIN-US ticker resolution,resolved_by_cusip
2021-09-30,MSFT,Microsoft Corporation,SKYY,Cloud Computing,2021-06-30,2021-08-25,232737504.3,859127,SEC EDGAR ETF_Holdings.csv; CMIN-US ticker resolution,resolved_by_cusip
2021-09-30,NEE,"NextEra Energy, Inc.",SMOG,Clean Energy,2021-06-30,2021-08-27,23506685.12,320779,SEC EDGAR ETF_Holdings.csv; CMIN-US ticker resolution,resolved_by_cusip
2021-09-30,NFLX,"Netflix, Inc.",ARKW,Internet,2021-07-30,2021-09-24,46146023.63,89159,SEC EDGAR ETF_Holdings.csv; CMIN-US ticker resolution,resolved_by_cusip
2021-09-30,NFLX,"Netflix, Inc.",FDN,Internet,2021-06-30,2021-08-19,493865785.8,934980,SEC EDGAR ETF_Holdings.csv; CMIN-US ticker resolution,resolved_by_cusip
2021-09-30,NFLX,"Netflix, Inc.",PNQI,Internet,2021-07-31,2021-09-28,42563921.66,82238,SEC EDGAR ETF_Holdings.csv; CMIN-US ticker resolution,resolved_by_cusip
2021-09-30,NGG,National Grid plc,GRID,Infrastructure,2021-06-30,2021-08-25,1937729.22,152129,SEC EDGAR ETF_Holdings.csv; CMIN-US ticker resolution,resolved_by_target_universe_name_match
2021-09-30,NVDA,NVIDIA Corporation,ARKQ,Robotics,2021-07-30,2021-09-24,35073241.28,179872,SEC EDGAR ETF_Holdings.csv; CMIN-US ticker resolution,resolved_by_cusip
2021-09-30,NVDA,NVIDIA Corporation,GRID,Infrastructure,2021-06-30,2021-08-25,10168470.9,12709,SEC EDGAR ETF_Holdings.csv; CMIN-US ticker resolution,resolved_by_cusip
2021-09-30,NVDA,NVIDIA Corporation,ROBO,Robotics,2021-07-31,2021-09-24,24503223.36,125664,SEC EDGAR ETF_Holdings.csv; CMIN-US ticker resolution,resolved_by_cusip
2021-09-30,NVDA,NVIDIA Corporation,SMH,Semiconductor,2021-06-30,2021-08-27,579574837.8,724378,SEC EDGAR ETF_Holdings.csv; CMIN-US ticker resolution,resolved_by_cusip
2021-09-30,NVS,Novartis AG,ARKG,Biotechnology,2021-07-30,2021-09-24,233562843.9,2528010,SEC EDGAR ETF_Holdings.csv; CMIN-US ticker resolution,resolved_by_cusip
2021-09-30,ORCL,Oracle Corporation,GRID,Infrastructure,2021-06-30,2021-08-25,6299746.88,80932,SEC EDGAR ETF_Holdings.csv; CMIN-US ticker resolution,resolved_by_cusip
2021-09-30,ORCL,Oracle Corporation,IGV,Cloud Computing,2021-06-30,2021-08-26,290938208.96,3737644,SEC EDGAR ETF_Holdings.csv; CMIN-US ticker resolution,resolved_by_cusip
2021-09-30,ORCL,Oracle Corporation,SKYY,Cloud Computing,2021-06-30,2021-08-25,212055075.12,2724243,SEC EDGAR ETF_Holdings.csv; CMIN-US ticker resolution,resolved_by_cusip
2021-09-30,PYPL,"PayPal Holdings, Inc.",ARKW,Internet,2021-07-30,2021-09-24,57366723.65,208205,SEC EDGAR ETF_Holdings.csv; CMIN-US ticker resolution,resolved_by_cusip
2021-09-30,PYPL,"PayPal Holdings, Inc.",FDN,Internet,2021-06-30,2021-08-19,593425589.4,2035905,SEC EDGAR ETF_Holdings.csv; CMIN-US ticker resolution,resolved_by_cusip
2021-09-30,PYPL,"PayPal Holdings, Inc.",PNQI,Internet,2021-07-31,2021-09-28,87665104.57,318169,SEC EDGAR ETF_Holdings.csv; CMIN-US ticker resolution,resolved_by_cusip
2021-09-30,RTX,Raytheon Technologies Corporation,PPA,Defense,2021-07-31,2021-09-28,51371103.4,590812,SEC EDGAR ETF_Holdings.csv; CMIN-US ticker resolution,resolved_by_cusip
2021-09-30,RTX,Raytheon Technologies Corporation,XAR,Defense,2021-06-30,2021-08-23,51277708.25,601075,SEC EDGAR ETF_Holdings.csv; CMIN-US ticker resolution,resolved_by_cusip
2021-09-30,SNAP,Snap Inc.,ARKW,Internet,2021-07-30,2021-09-24,62213706.02,835981,SEC EDGAR ETF_Holdings.csv; CMIN-US ticker resolution,resolved_by_cusip
2021-09-30,SNAP,Snap Inc.,FDN,Internet,2021-06-30,2021-08-19,305168601.42,4478553,SEC EDGAR ETF_Holdings.csv; CMIN-US ticker resolution,resolved_by_cusip
2021-09-30,SNAP,Snap Inc.,IGV,Cloud Computing,2021-06-30,2021-08-26,131558920.1,1930715,SEC EDGAR ETF_Holdings.csv; CMIN-US ticker resolution,resolved_by_cusip
2021-09-30,SNAP,Snap Inc.,PNQI,Internet,2021-07-31,2021-09-28,30615494.96,411388,SEC EDGAR ETF_Holdings.csv; CMIN-US ticker resolution,resolved_by_cusip
2021-09-30,TMO,Thermo Fisher Scientific Inc.,IHI,Healthcare Innovation,2021-06-30,2021-08-26,948362233.46,1879918,SEC EDGAR ETF_Holdings.csv; CMIN-US ticker resolution,resolved_by_cusip
2021-09-30,TSLA,"Tesla, Inc.",ARKQ,Robotics,2021-07-30,2021-09-24,327648713.6,476788,SEC EDGAR ETF_Holdings.csv; CMIN-US ticker resolution,resolved_by_cusip
2021-09-30,TSLA,"Tesla, Inc.",ARKW,Internet,2021-07-30,2021-09-24,616210178.4,896697,SEC EDGAR ETF_Holdings.csv; CMIN-US ticker resolution,resolved_by_cusip
2021-09-30,TSLA,"Tesla, Inc.",GRID,Infrastructure,2021-06-30,2021-08-25,8977477.6,13208,SEC EDGAR ETF_Holdings.csv; CMIN-US ticker resolution,resolved_by_cusip
2021-09-30,TSLA,"Tesla, Inc.",LIT,Battery,2021-07-31,2021-09-28,142363788,207165,SEC EDGAR ETF_Holdings.csv; CMIN-US ticker resolution,resolved_by_cusip
2021-09-30,TSLA,"Tesla, Inc.",PBW,Clean Energy,2021-07-31,2021-09-29,35108360.8,51089,SEC EDGAR ETF_Holdings.csv; CMIN-US ticker resolution,resolved_by_cusip
2021-09-30,TSLA,"Tesla, Inc.",QCLN,Clean Energy,2021-06-30,2021-08-19,218666966.7,321711,SEC EDGAR ETF_Holdings.csv; CMIN-US ticker resolution,resolved_by_cusip
2021-09-30,TSLA,"Tesla, Inc.",SMOG,Clean Energy,2021-06-30,2021-08-27,26381196.1,38813,SEC EDGAR ETF_Holdings.csv; CMIN-US ticker resolution,resolved_by_cusip
2021-10-31,ABBV,AbbVie Inc.,XBI,Biotechnology,2021-06-30,2021-08-23,44868679.68,398337,SEC EDGAR ETF_Holdings.csv; CMIN-US ticker resolution,resolved_by_cusip
2021-10-31,ABT,Abbott Laboratories,IHI,Healthcare Innovation,2021-06-30,2021-08-26,985268318.53,8498821,SEC EDGAR ETF_Holdings.csv; CMIN-US ticker resolution,resolved_by_cusip
2021-10-31,ACN,Accenture plc,CIBR,Cybersecurity,2021-06-30,2021-08-25,240885290.18,817142,SEC EDGAR ETF_Holdings.csv; CMIN-US ticker resolution,resolved_by_target_universe_name_match
2021-10-31,ADBE,Adobe Inc.,IGV,Cloud Computing,2021-06-30,2021-08-26,447465269.68,764062,SEC EDGAR ETF_Holdings.csv; CMIN-US ticker resolution,resolved_by_cusip
2021-10-31,ADBE,Adobe Inc.,PNQI,Internet,2021-07-31,2021-09-28,50950038.06,81962,SEC EDGAR ETF_Holdings.csv; CMIN-US ticker resolution,resolved_by_cusip
2021-10-31,ADBE,Adobe Inc.,SKYY,Cloud Computing,2021-06-30,2021-08-25,124483638.4,212560,SEC EDGAR ETF_Holdings.csv; CMIN-US ticker resolution,resolved_by_cusip
2021-10-31,AMZN,"Amazon.com, Inc.",FDN,Internet,2021-06-30,2021-08-19,1024355802.24,297764,SEC EDGAR ETF_Holdings.csv; CMIN-US ticker resolution,resolved_by_cusip
2021-10-31,AMZN,"Amazon.com, Inc.",PNQI,Internet,2021-07-31,2021-09-28,85415907.71,25669,SEC EDGAR ETF_Holdings.csv; CMIN-US ticker resolution,resolved_by_cusip
2021-10-31,AMZN,"Amazon.com, Inc.",SKYY,Cloud Computing,2021-06-30,2021-08-25,228952968.48,66553,SEC EDGAR ETF_Holdings.csv; CMIN-US ticker resolution,resolved_by_cusip
2021-10-31,AVGO,Broadcom Inc.,PSI,Semiconductor,2021-07-31,2021-09-28,32454329.4,66861,SEC EDGAR ETF_Holdings.csv; CMIN-US ticker resolution,resolved_by_cusip
2021-10-31,AVGO,Broadcom Inc.,SMH,Semiconductor,2021-06-30,2021-08-27,281431444.84,590201,SEC EDGAR ETF_Holdings.csv; CMIN-US ticker resolution,resolved_by_cusip
2021-10-31,BABA,Alibaba Group Holding Limited,ARKQ,Robotics,2021-07-30,2021-09-24,29577335.89,151531,SEC EDGAR ETF_Holdings.csv; CMIN-US ticker resolution,resolved_by_cusip
2021-10-31,BABA,Alibaba Group Holding Limited,EMQQ,Internet,2021-08-31,2021-10-28,94027560.27,563073,SEC EDGAR ETF_Holdings.csv; CMIN-US ticker resolution,resolved_by_cusip
2021-10-31,BABA,Alibaba Group Holding Limited,PNQI,Internet,2021-07-31,2021-09-28,73087919.55,374445,SEC EDGAR ETF_Holdings.csv; CMIN-US ticker resolution,resolved_by_cusip
2021-10-31,BABA,Alibaba Group Holding Limited,SKYY,Cloud Computing,2021-06-30,2021-08-25,227359649.68,1002556,SEC EDGAR ETF_Holdings.csv; CMIN-US ticker resolution,resolved_by_cusip
2021-10-31,CAT,Caterpillar Inc.,ARKQ,Robotics,2021-07-30,2021-09-24,48780595,235940,SEC EDGAR ETF_Holdings.csv; CMIN-US ticker resolution,resolved_by_cusip
2021-10-31,CSCO,"Cisco Systems, Inc.",CIBR,Cybersecurity,2021-06-30,2021-08-25,231002938,4358546,SEC EDGAR ETF_Holdings.csv; CMIN-US ticker resolution,resolved_by_cusip
2021-10-31,CSCO,"Cisco Systems, Inc.",FDN,Internet,2021-06-30,2021-08-19,457840765,8638505,SEC EDGAR ETF_Holdings.csv; CMIN-US ticker resolution,resolved_by_cusip
2021-10-31,CSCO,"Cisco Systems, Inc.",GRID,Infrastructure,2021-06-30,2021-08-25,8273830,156110,SEC EDGAR ETF_Holdings.csv; CMIN-US ticker resolution,resolved_by_cusip
2021-10-31,CSCO,"Cisco Systems, Inc.",HACK,Cybersecurity,2021-06-30,2021-08-30,70364708,1327636,SEC EDGAR ETF_Holdings.csv; CMIN-US ticker resolution,resolved_by_cusip
2021-10-31,CSCO,"Cisco Systems, Inc.",SKYY,Cloud Computing,2021-06-30,2021-08-25,143274953,2703301,SEC EDGAR ETF_Holdings.csv; CMIN-US ticker resolution,resolved_by_cusip
2021-10-31,D,"Dominion Energy, Inc.",NLR,Nuclear,2021-06-30,2021-08-27,2093140.07,28451,SEC EDGAR ETF_Holdings.csv; CMIN-US ticker resolution,resolved_by_cusip
2021-10-31,DE,Deere & Company,ARKQ,Robotics,2021-07-30,2021-09-24,76760133.15,212285,SEC EDGAR ETF_Holdings.csv; CMIN-US ticker resolution,resolved_by_cusip
2021-10-31,DE,Deere & Company,MOO,Agribusiness,2021-06-30,2021-08-27,97526783.97,276507,SEC EDGAR ETF_Holdings.csv; CMIN-US ticker resolution,resolved_by_cusip
2021-10-31,DE,Deere & Company,ROBO,Robotics,2021-07-31,2021-09-24,20867358.9,57710,SEC EDGAR ETF_Holdings.csv; CMIN-US ticker resolution,resolved_by_cusip
2021-10-31,DHR,Danaher Corporation,IHI,Healthcare Innovation,2021-06-30,2021-08-26,780670511.12,2909042,SEC EDGAR ETF_Holdings.csv; CMIN-US ticker resolution,resolved_by_cusip
2021-10-31,DHR,Danaher Corporation,PHO,Water,2021-07-31,2021-09-28,158991150.58,534442,SEC EDGAR ETF_Holdings.csv; CMIN-US ticker resolution,resolved_by_cusip
2021-10-31,DHR,Danaher Corporation,PIO,Water,2021-07-31,2021-09-28,26748218.37,89913,SEC EDGAR ETF_Holdings.csv; CMIN-US ticker resolution,resolved_by_cusip
2021-10-31,DUK,Duke Energy Corporation,NLR,Nuclear,2021-06-30,2021-08-27,2119222.24,21467,SEC EDGAR ETF_Holdings.csv; CMIN-US ticker resolution,resolved_by_cusip
2021-10-31,ECL,Ecolab Inc.,PHO,Water,2021-07-31,2021-09-28,140528703.78,636366,SEC EDGAR ETF_Holdings.csv; CMIN-US ticker resolution,resolved_by_cusip
2021-10-31,ECL,Ecolab Inc.,PIO,Water,2021-07-31,2021-09-28,23646034.74,107078,SEC EDGAR ETF_Holdings.csv; CMIN-US ticker resolution,resolved_by_cusip
2021-10-31,EXC,Exelon Corporation,NLR,Nuclear,2021-06-30,2021-08-27,1820254.8,41080,SEC EDGAR ETF_Holdings.csv; CMIN-US ticker resolution,resolved_by_cusip
2021-10-31,FB,"Meta Platforms, Inc.",FDN,Internet,2021-06-30,2021-08-19,807007440.91,2320921,SEC EDGAR ETF_Holdings.csv; CMIN-US ticker resolution,resolved_by_cusip
2021-10-31,FB,"Meta Platforms, Inc.",PNQI,Internet,2021-07-31,2021-09-28,89667170.6,251662,SEC EDGAR ETF_Holdings.csv; CMIN-US ticker resolution,resolved_by_cusip
2021-10-31,GOOG,Alphabet Inc.,ARKQ,Robotics,2021-07-30,2021-09-24,141595317.94,52357,SEC EDGAR ETF_Holdings.csv; CMIN-US ticker resolution,resolved_by_cusip
2021-10-31,GOOG,Alphabet Inc.,FDN,Internet,2021-06-30,2021-08-19,1023070218.39,413667,SEC EDGAR ETF_Holdings.csv; CMIN-US ticker resolution,resolved_by_cusip
2021-10-31,GOOG,Alphabet Inc.,PNQI,Internet,2021-07-31,2021-09-28,92780536.94,34307,SEC EDGAR ETF_Holdings.csv; CMIN-US ticker resolution,resolved_by_cusip
2021-10-31,GOOG,Alphabet Inc.,SKYY,Cloud Computing,2021-06-30,2021-08-25,222239516.85,91015,SEC EDGAR ETF_Holdings.csv; CMIN-US ticker resolution,resolved_by_cusip
2021-10-31,HON,Honeywell International Inc.,GRID,Infrastructure,2021-06-30,2021-08-25,7009987.3,31958,SEC EDGAR ETF_Holdings.csv; CMIN-US ticker resolution,resolved_by_cusip
2021-10-31,HON,Honeywell International Inc.,PPA,Defense,2021-07-31,2021-09-28,37700507.82,161258,SEC EDGAR ETF_Holdings.csv; CMIN-US ticker resolution,resolved_by_cusip
2021-10-31,JD,"JD.com, Inc.",ARKQ,Robotics,2021-07-30,2021-09-24,126551065.76,1785427,SEC EDGAR ETF_Holdings.csv; CMIN-US ticker resolution,resolved_by_cusip
2021-10-31,JD,"JD.com, Inc.",ARKW,Internet,2021-07-30,2021-09-24,20626.08,291,SEC EDGAR ETF_Holdings.csv; CMIN-US ticker resolution,resolved_by_cusip
2021-10-31,JD,"JD.com, Inc.",EMQQ,Internet,2021-08-31,2021-10-28,77739676.48,989558,SEC EDGAR ETF_Holdings.csv; CMIN-US ticker resolution,resolved_by_cusip
2021-10-31,JD,"JD.com, Inc.",PNQI,Internet,2021-07-31,2021-09-28,18528173.76,261402,SEC EDGAR ETF_Holdings.csv; CMIN-US ticker resolution,resolved_by_cusip
2021-10-31,MSFT,Microsoft Corporation,IGV,Cloud Computing,2021-06-30,2021-08-26,430899228.9,1590621,SEC EDGAR ETF_Holdings.csv; CMIN-US ticker resolution,resolved_by_cusip
2021-10-31,MSFT,Microsoft Corporation,SKYY,Cloud Computing,2021-06-30,2021-08-25,232737504.3,859127,SEC EDGAR ETF_Holdings.csv; CMIN-US ticker resolution,resolved_by_cusip
2021-10-31,NEE,"NextEra Energy, Inc.",SMOG,Clean Energy,2021-06-30,2021-08-27,23506685.12,320779,SEC EDGAR ETF_Holdings.csv; CMIN-US ticker resolution,resolved_by_cusip
2021-10-31,NFLX,"Netflix, Inc.",ARKW,Internet,2021-07-30,2021-09-24,46146023.63,89159,SEC EDGAR ETF_Holdings.csv; CMIN-US ticker resolution,resolved_by_cusip
2021-10-31,NFLX,"Netflix, Inc.",FDN,Internet,2021-06-30,2021-08-19,493865785.8,934980,SEC EDGAR ETF_Holdings.csv; CMIN-US ticker resolution,resolved_by_cusip
2021-10-31,NFLX,"Netflix, Inc.",PNQI,Internet,2021-07-31,2021-09-28,42563921.66,82238,SEC EDGAR ETF_Holdings.csv; CMIN-US ticker resolution,resolved_by_cusip
2021-10-31,NGG,National Grid plc,GRID,Infrastructure,2021-06-30,2021-08-25,1937729.22,152129,SEC EDGAR ETF_Holdings.csv; CMIN-US ticker resolution,resolved_by_target_universe_name_match
2021-10-31,NVDA,NVIDIA Corporation,ARKQ,Robotics,2021-07-30,2021-09-24,35073241.28,179872,SEC EDGAR ETF_Holdings.csv; CMIN-US ticker resolution,resolved_by_cusip
2021-10-31,NVDA,NVIDIA Corporation,GRID,Infrastructure,2021-06-30,2021-08-25,10168470.9,12709,SEC EDGAR ETF_Holdings.csv; CMIN-US ticker resolution,resolved_by_cusip
2021-10-31,NVDA,NVIDIA Corporation,ROBO,Robotics,2021-07-31,2021-09-24,24503223.36,125664,SEC EDGAR ETF_Holdings.csv; CMIN-US ticker resolution,resolved_by_cusip
2021-10-31,NVDA,NVIDIA Corporation,SMH,Semiconductor,2021-06-30,2021-08-27,579574837.8,724378,SEC EDGAR ETF_Holdings.csv; CMIN-US ticker resolution,resolved_by_cusip
2021-10-31,NVS,Novartis AG,ARKG,Biotechnology,2021-07-30,2021-09-24,233562843.9,2528010,SEC EDGAR ETF_Holdings.csv; CMIN-US ticker resolution,resolved_by_cusip
2021-10-31,ORCL,Oracle Corporation,GRID,Infrastructure,2021-06-30,2021-08-25,6299746.88,80932,SEC EDGAR ETF_Holdings.csv; CMIN-US ticker resolution,resolved_by_cusip
2021-10-31,ORCL,Oracle Corporation,IGV,Cloud Computing,2021-06-30,2021-08-26,290938208.96,3737644,SEC EDGAR ETF_Holdings.csv; CMIN-US ticker resolution,resolved_by_cusip
2021-10-31,ORCL,Oracle Corporation,SKYY,Cloud Computing,2021-06-30,2021-08-25,212055075.12,2724243,SEC EDGAR ETF_Holdings.csv; CMIN-US ticker resolution,resolved_by_cusip
2021-10-31,PYPL,"PayPal Holdings, Inc.",ARKW,Internet,2021-07-30,2021-09-24,57366723.65,208205,SEC EDGAR ETF_Holdings.csv; CMIN-US ticker resolution,resolved_by_cusip
2021-10-31,PYPL,"PayPal Holdings, Inc.",FDN,Internet,2021-06-30,2021-08-19,593425589.4,2035905,SEC EDGAR ETF_Holdings.csv; CMIN-US ticker resolution,resolved_by_cusip
2021-10-31,PYPL,"PayPal Holdings, Inc.",PNQI,Internet,2021-07-31,2021-09-28,87665104.57,318169,SEC EDGAR ETF_Holdings.csv; CMIN-US ticker resolution,resolved_by_cusip
2021-10-31,RTX,Raytheon Technologies Corporation,PPA,Defense,2021-07-31,2021-09-28,51371103.4,590812,SEC EDGAR ETF_Holdings.csv; CMIN-US ticker resolution,resolved_by_cusip
2021-10-31,RTX,Raytheon Technologies Corporation,XAR,Defense,2021-06-30,2021-08-23,51277708.25,601075,SEC EDGAR ETF_Holdings.csv; CMIN-US ticker resolution,resolved_by_cusip
2021-10-31,SNAP,Snap Inc.,ARKW,Internet,2021-07-30,2021-09-24,62213706.02,835981,SEC EDGAR ETF_Holdings.csv; CMIN-US ticker resolution,resolved_by_cusip
2021-10-31,SNAP,Snap Inc.,FDN,Internet,2021-06-30,2021-08-19,305168601.42,4478553,SEC EDGAR ETF_Holdings.csv; CMIN-US ticker resolution,resolved_by_cusip
2021-10-31,SNAP,Snap Inc.,IGV,Cloud Computing,2021-06-30,2021-08-26,131558920.1,1930715,SEC EDGAR ETF_Holdings.csv; CMIN-US ticker resolution,resolved_by_cusip
2021-10-31,SNAP,Snap Inc.,PNQI,Internet,2021-07-31,2021-09-28,30615494.96,411388,SEC EDGAR ETF_Holdings.csv; CMIN-US ticker resolution,resolved_by_cusip
2021-10-31,TMO,Thermo Fisher Scientific Inc.,IHI,Healthcare Innovation,2021-06-30,2021-08-26,948362233.46,1879918,SEC EDGAR ETF_Holdings.csv; CMIN-US ticker resolution,resolved_by_cusip
2021-10-31,TSLA,"Tesla, Inc.",ARKQ,Robotics,2021-07-30,2021-09-24,327648713.6,476788,SEC EDGAR ETF_Holdings.csv; CMIN-US ticker resolution,resolved_by_cusip
2021-10-31,TSLA,"Tesla, Inc.",ARKW,Internet,2021-07-30,2021-09-24,616210178.4,896697,SEC EDGAR ETF_Holdings.csv; CMIN-US ticker resolution,resolved_by_cusip
2021-10-31,TSLA,"Tesla, Inc.",GRID,Infrastructure,2021-06-30,2021-08-25,8977477.6,13208,SEC EDGAR ETF_Holdings.csv; CMIN-US ticker resolution,resolved_by_cusip
2021-10-31,TSLA,"Tesla, Inc.",LIT,Battery,2021-07-31,2021-09-28,142363788,207165,SEC EDGAR ETF_Holdings.csv; CMIN-US ticker resolution,resolved_by_cusip
2021-10-31,TSLA,"Tesla, Inc.",PBW,Clean Energy,2021-07-31,2021-09-29,35108360.8,51089,SEC EDGAR ETF_Holdings.csv; CMIN-US ticker resolution,resolved_by_cusip
2021-10-31,TSLA,"Tesla, Inc.",QCLN,Clean Energy,2021-06-30,2021-08-19,218666966.7,321711,SEC EDGAR ETF_Holdings.csv; CMIN-US ticker resolution,resolved_by_cusip
2021-10-31,TSLA,"Tesla, Inc.",SMOG,Clean Energy,2021-06-30,2021-08-27,26381196.1,38813,SEC EDGAR ETF_Holdings.csv; CMIN-US ticker resolution,resolved_by_cusip
2021-11-30,ABBV,AbbVie Inc.,XBI,Biotechnology,2021-09-30,2021-11-26,55436874.01,513923,SEC EDGAR ETF_Holdings.csv; CMIN-US ticker resolution,resolved_by_cusip
2021-11-30,ABT,Abbott Laboratories,IHI,Healthcare Innovation,2021-09-30,2021-11-24,1034749693.95,8759415,SEC EDGAR ETF_Holdings.csv; CMIN-US ticker resolution,resolved_by_cusip
2021-11-30,ACN,Accenture plc,CIBR,Cybersecurity,2021-09-30,2021-11-18,286507875.12,895561,SEC EDGAR ETF_Holdings.csv; CMIN-US ticker resolution,resolved_by_target_universe_name_match
2021-11-30,ADBE,Adobe Inc.,IGV,Cloud Computing,2021-09-30,2021-11-24,425834752.32,739656,SEC EDGAR ETF_Holdings.csv; CMIN-US ticker resolution,resolved_by_cusip
2021-11-30,ADBE,Adobe Inc.,PNQI,Internet,2021-07-31,2021-09-28,50950038.06,81962,SEC EDGAR ETF_Holdings.csv; CMIN-US ticker resolution,resolved_by_cusip
2021-11-30,ADBE,Adobe Inc.,SKYY,Cloud Computing,2021-09-30,2021-11-18,97779133.36,169838,SEC EDGAR ETF_Holdings.csv; CMIN-US ticker resolution,resolved_by_cusip
2021-11-30,AMZN,"Amazon.com, Inc.",FDN,Internet,2021-09-30,2021-11-24,985695962.24,300056,SEC EDGAR ETF_Holdings.csv; CMIN-US ticker resolution,resolved_by_cusip
2021-11-30,AMZN,"Amazon.com, Inc.",PNQI,Internet,2021-07-31,2021-09-28,85415907.71,25669,SEC EDGAR ETF_Holdings.csv; CMIN-US ticker resolution,resolved_by_cusip
2021-11-30,AMZN,"Amazon.com, Inc.",SKYY,Cloud Computing,2021-09-30,2021-11-18,213383058.24,64956,SEC EDGAR ETF_Holdings.csv; CMIN-US ticker resolution,resolved_by_cusip
2021-11-30,AVGO,Broadcom Inc.,PSI,Semiconductor,2021-07-31,2021-09-28,32454329.4,66861,SEC EDGAR ETF_Holdings.csv; CMIN-US ticker resolution,resolved_by_cusip
2021-11-30,AVGO,Broadcom Inc.,SMH,Semiconductor,2021-09-30,2021-11-22,274621678.16,566312,SEC EDGAR ETF_Holdings.csv; CMIN-US ticker resolution,resolved_by_cusip
2021-11-30,BABA,Alibaba Group Holding Limited,ARKQ,Robotics,2021-07-30,2021-09-24,29577335.89,151531,SEC EDGAR ETF_Holdings.csv; CMIN-US ticker resolution,resolved_by_cusip
2021-11-30,BABA,Alibaba Group Holding Limited,EMQQ,Internet,2021-08-31,2021-10-28,94027560.27,563073,SEC EDGAR ETF_Holdings.csv; CMIN-US ticker resolution,resolved_by_cusip
2021-11-30,BABA,Alibaba Group Holding Limited,PNQI,Internet,2021-07-31,2021-09-28,73087919.55,374445,SEC EDGAR ETF_Holdings.csv; CMIN-US ticker resolution,resolved_by_cusip
2021-11-30,BABA,Alibaba Group Holding Limited,SKYY,Cloud Computing,2021-09-30,2021-11-18,199875642.75,1350055,SEC EDGAR ETF_Holdings.csv; CMIN-US ticker resolution,resolved_by_cusip
2021-11-30,CAT,Caterpillar Inc.,ARKQ,Robotics,2021-07-30,2021-09-24,48780595,235940,SEC EDGAR ETF_Holdings.csv; CMIN-US ticker resolution,resolved_by_cusip
2021-11-30,CSCO,"Cisco Systems, Inc.",CIBR,Cybersecurity,2021-09-30,2021-11-18,277970091.04,5106928,SEC EDGAR ETF_Holdings.csv; CMIN-US ticker resolution,resolved_by_cusip
2021-11-30,CSCO,"Cisco Systems, Inc.",FDN,Internet,2021-09-30,2021-11-24,459713493.94,8445958,SEC EDGAR ETF_Holdings.csv; CMIN-US ticker resolution,resolved_by_cusip
2021-11-30,CSCO,"Cisco Systems, Inc.",GRID,Infrastructure,2021-09-30,2021-11-18,10807838.52,198564,SEC EDGAR ETF_Holdings.csv; CMIN-US ticker resolution,resolved_by_cusip
2021-11-30,CSCO,"Cisco Systems, Inc.",HACK,Cybersecurity,2021-09-30,2021-11-29,75352293.27,1384389,SEC EDGAR ETF_Holdings.csv; CMIN-US ticker resolution,resolved_by_cusip
2021-11-30,CSCO,"Cisco Systems, Inc.",SKYY,Cloud Computing,2021-09-30,2021-11-18,138608662.07,2546549,SEC EDGAR ETF_Holdings.csv; CMIN-US ticker resolution,resolved_by_cusip
2021-11-30,D,"Dominion Energy, Inc.",NLR,Nuclear,2021-09-30,2021-11-22,2128094.88,29144,SEC EDGAR ETF_Holdings.csv; CMIN-US ticker resolution,resolved_by_cusip
2021-11-30,DE,Deere & Company,ARKQ,Robotics,2021-07-30,2021-09-24,76760133.15,212285,SEC EDGAR ETF_Holdings.csv; CMIN-US ticker resolution,resolved_by_cusip
2021-11-30,DE,Deere & Company,MOO,Agribusiness,2021-09-30,2021-11-22,82005366.87,244741,SEC EDGAR ETF_Holdings.csv; CMIN-US ticker resolution,resolved_by_cusip
2021-11-30,DE,Deere & Company,ROBO,Robotics,2021-07-31,2021-09-24,20867358.9,57710,SEC EDGAR ETF_Holdings.csv; CMIN-US ticker resolution,resolved_by_cusip
2021-11-30,DHR,Danaher Corporation,IHI,Healthcare Innovation,2021-09-30,2021-11-24,955735798.56,3139324,SEC EDGAR ETF_Holdings.csv; CMIN-US ticker resolution,resolved_by_cusip
2021-11-30,DHR,Danaher Corporation,PHO,Water,2021-07-31,2021-09-28,158991150.58,534442,SEC EDGAR ETF_Holdings.csv; CMIN-US ticker resolution,resolved_by_cusip
2021-11-30,DHR,Danaher Corporation,PIO,Water,2021-07-31,2021-09-28,26748218.37,89913,SEC EDGAR ETF_Holdings.csv; CMIN-US ticker resolution,resolved_by_cusip
2021-11-30,DUK,Duke Energy Corporation,NLR,Nuclear,2021-09-30,2021-11-22,2101893.42,21538,SEC EDGAR ETF_Holdings.csv; CMIN-US ticker resolution,resolved_by_cusip
2021-11-30,ECL,Ecolab Inc.,PHO,Water,2021-07-31,2021-09-28,140528703.78,636366,SEC EDGAR ETF_Holdings.csv; CMIN-US ticker resolution,resolved_by_cusip
2021-11-30,ECL,Ecolab Inc.,PIO,Water,2021-07-31,2021-09-28,23646034.74,107078,SEC EDGAR ETF_Holdings.csv; CMIN-US ticker resolution,resolved_by_cusip
2021-11-30,EXC,Exelon Corporation,NLR,Nuclear,2021-09-30,2021-11-22,1905369.44,39416,SEC EDGAR ETF_Holdings.csv; CMIN-US ticker resolution,resolved_by_cusip
2021-11-30,FB,"Meta Platforms, Inc.",FDN,Internet,2021-09-30,2021-11-24,753134239.98,2219082,SEC EDGAR ETF_Holdings.csv; CMIN-US ticker resolution,resolved_by_cusip
2021-11-30,FB,"Meta Platforms, Inc.",PNQI,Internet,2021-07-31,2021-09-28,89667170.6,251662,SEC EDGAR ETF_Holdings.csv; CMIN-US ticker resolution,resolved_by_cusip
2021-11-30,GOOG,Alphabet Inc.,ARKQ,Robotics,2021-07-30,2021-09-24,141595317.94,52357,SEC EDGAR ETF_Holdings.csv; CMIN-US ticker resolution,resolved_by_cusip
2021-11-30,GOOG,Alphabet Inc.,FDN,Internet,2021-09-30,2021-11-24,1023431182.98,383372,SEC EDGAR ETF_Holdings.csv; CMIN-US ticker resolution,resolved_by_cusip
2021-11-30,GOOG,Alphabet Inc.,PNQI,Internet,2021-07-31,2021-09-28,92780536.94,34307,SEC EDGAR ETF_Holdings.csv; CMIN-US ticker resolution,resolved_by_cusip
2021-11-30,GOOG,Alphabet Inc.,SKYY,Cloud Computing,2021-09-30,2021-11-18,208275228.56,77903,SEC EDGAR ETF_Holdings.csv; CMIN-US ticker resolution,resolved_by_cusip
2021-11-30,HON,Honeywell International Inc.,GRID,Infrastructure,2021-09-30,2021-11-18,9179836.32,43244,SEC EDGAR ETF_Holdings.csv; CMIN-US ticker resolution,resolved_by_cusip
2021-11-30,HON,Honeywell International Inc.,PPA,Defense,2021-07-31,2021-09-28,37700507.82,161258,SEC EDGAR ETF_Holdings.csv; CMIN-US ticker resolution,resolved_by_cusip
2021-11-30,JD,"JD.com, Inc.",ARKQ,Robotics,2021-07-30,2021-09-24,126551065.76,1785427,SEC EDGAR ETF_Holdings.csv; CMIN-US ticker resolution,resolved_by_cusip
2021-11-30,JD,"JD.com, Inc.",ARKW,Internet,2021-07-30,2021-09-24,20626.08,291,SEC EDGAR ETF_Holdings.csv; CMIN-US ticker resolution,resolved_by_cusip
2021-11-30,JD,"JD.com, Inc.",EMQQ,Internet,2021-08-31,2021-10-28,77739676.48,989558,SEC EDGAR ETF_Holdings.csv; CMIN-US ticker resolution,resolved_by_cusip
2021-11-30,JD,"JD.com, Inc.",PNQI,Internet,2021-07-31,2021-09-28,18528173.76,261402,SEC EDGAR ETF_Holdings.csv; CMIN-US ticker resolution,resolved_by_cusip
2021-11-30,MSFT,Microsoft Corporation,IGV,Cloud Computing,2021-09-30,2021-11-24,464176205.44,1646482,SEC EDGAR ETF_Holdings.csv; CMIN-US ticker resolution,resolved_by_cusip
2021-11-30,MSFT,Microsoft Corporation,SKYY,Cloud Computing,2021-09-30,2021-11-18,210539829.44,746807,SEC EDGAR ETF_Holdings.csv; CMIN-US ticker resolution,resolved_by_cusip
2021-11-30,NEE,"NextEra Energy, Inc.",SMOG,Clean Energy,2021-09-30,2021-11-22,21945476.28,279489,SEC EDGAR ETF_Holdings.csv; CMIN-US ticker resolution,resolved_by_cusip
2021-11-30,NFLX,"Netflix, Inc.",ARKW,Internet,2021-07-30,2021-09-24,46146023.63,89159,SEC EDGAR ETF_Holdings.csv; CMIN-US ticker resolution,resolved_by_cusip
2021-11-30,NFLX,"Netflix, Inc.",FDN,Internet,2021-09-30,2021-11-24,519705120.34,851501,SEC EDGAR ETF_Holdings.csv; CMIN-US ticker resolution,resolved_by_cusip
2021-11-30,NFLX,"Netflix, Inc.",PNQI,Internet,2021-07-31,2021-09-28,42563921.66,82238,SEC EDGAR ETF_Holdings.csv; CMIN-US ticker resolution,resolved_by_cusip
2021-11-30,NGG,National Grid plc,GRID,Infrastructure,2021-09-30,2021-11-18,2510666.06,210702,SEC EDGAR ETF_Holdings.csv; CMIN-US ticker resolution,resolved_by_target_universe_name_match
2021-11-30,NVDA,NVIDIA Corporation,ARKQ,Robotics,2021-07-30,2021-09-24,35073241.28,179872,SEC EDGAR ETF_Holdings.csv; CMIN-US ticker resolution,resolved_by_cusip
2021-11-30,NVDA,NVIDIA Corporation,GRID,Infrastructure,2021-09-30,2021-11-18,10845447.48,52353,SEC EDGAR ETF_Holdings.csv; CMIN-US ticker resolution,resolved_by_cusip
2021-11-30,NVDA,NVIDIA Corporation,ROBO,Robotics,2021-07-31,2021-09-24,24503223.36,125664,SEC EDGAR ETF_Holdings.csv; CMIN-US ticker resolution,resolved_by_cusip
2021-11-30,NVDA,NVIDIA Corporation,SMH,Semiconductor,2021-09-30,2021-11-22,663545288.12,3203057,SEC EDGAR ETF_Holdings.csv; CMIN-US ticker resolution,resolved_by_cusip
2021-11-30,NVS,Novartis AG,ARKG,Biotechnology,2021-07-30,2021-09-24,233562843.9,2528010,SEC EDGAR ETF_Holdings.csv; CMIN-US ticker resolution,resolved_by_cusip
2021-11-30,ORCL,Oracle Corporation,GRID,Infrastructure,2021-09-30,2021-11-18,8990421.92,103184,SEC EDGAR ETF_Holdings.csv; CMIN-US ticker resolution,resolved_by_cusip
2021-11-30,ORCL,Oracle Corporation,IGV,Cloud Computing,2021-09-30,2021-11-24,308540138.11,3541147,SEC EDGAR ETF_Holdings.csv; CMIN-US ticker resolution,resolved_by_cusip
2021-11-30,ORCL,Oracle Corporation,SKYY,Cloud Computing,2021-09-30,2021-11-18,220386970.52,2529404,SEC EDGAR ETF_Holdings.csv; CMIN-US ticker resolution,resolved_by_cusip
2021-11-30,PYPL,"PayPal Holdings, Inc.",ARKW,Internet,2021-07-30,2021-09-24,57366723.65,208205,SEC EDGAR ETF_Holdings.csv; CMIN-US ticker resolution,resolved_by_cusip
2021-11-30,PYPL,"PayPal Holdings, Inc.",FDN,Internet,2021-09-30,2021-11-24,523288815.25,2011025,SEC EDGAR ETF_Holdings.csv; CMIN-US ticker resolution,resolved_by_cusip
2021-11-30,PYPL,"PayPal Holdings, Inc.",PNQI,Internet,2021-07-31,2021-09-28,87665104.57,318169,SEC EDGAR ETF_Holdings.csv; CMIN-US ticker resolution,resolved_by_cusip
2021-11-30,RTX,Raytheon Technologies Corporation,PPA,Defense,2021-07-31,2021-09-28,51371103.4,590812,SEC EDGAR ETF_Holdings.csv; CMIN-US ticker resolution,resolved_by_cusip
2021-11-30,RTX,Raytheon Technologies Corporation,XAR,Defense,2021-09-30,2021-11-26,52930729.6,615760,SEC EDGAR ETF_Holdings.csv; CMIN-US ticker resolution,resolved_by_cusip
2021-11-30,SNAP,Snap Inc.,ARKW,Internet,2021-07-30,2021-09-24,62213706.02,835981,SEC EDGAR ETF_Holdings.csv; CMIN-US ticker resolution,resolved_by_cusip
2021-11-30,SNAP,Snap Inc.,FDN,Internet,2021-09-30,2021-11-24,323617526.22,4380906,SEC EDGAR ETF_Holdings.csv; CMIN-US ticker resolution,resolved_by_cusip
2021-11-30,SNAP,Snap Inc.,IGV,Cloud Computing,2021-09-30,2021-11-24,166326726.18,2251614,SEC EDGAR ETF_Holdings.csv; CMIN-US ticker resolution,resolved_by_cusip
2021-11-30,SNAP,Snap Inc.,PNQI,Internet,2021-07-31,2021-09-28,30615494.96,411388,SEC EDGAR ETF_Holdings.csv; CMIN-US ticker resolution,resolved_by_cusip
2021-11-30,TMO,Thermo Fisher Scientific Inc.,IHI,Healthcare Innovation,2021-09-30,2021-11-24,1110581534.49,1943853,SEC EDGAR ETF_Holdings.csv; CMIN-US ticker resolution,resolved_by_cusip
2021-11-30,TSLA,"Tesla, Inc.",ARKQ,Robotics,2021-07-30,2021-09-24,327648713.6,476788,SEC EDGAR ETF_Holdings.csv; CMIN-US ticker resolution,resolved_by_cusip
2021-11-30,TSLA,"Tesla, Inc.",ARKW,Internet,2021-07-30,2021-09-24,616210178.4,896697,SEC EDGAR ETF_Holdings.csv; CMIN-US ticker resolution,resolved_by_cusip
2021-11-30,TSLA,"Tesla, Inc.",GRID,Infrastructure,2021-09-30,2021-11-18,12352620.92,15929,SEC EDGAR ETF_Holdings.csv; CMIN-US ticker resolution,resolved_by_cusip
2021-11-30,TSLA,"Tesla, Inc.",LIT,Battery,2021-07-31,2021-11-05,142363788,207165,SEC EDGAR ETF_Holdings.csv; CMIN-US ticker resolution,resolved_by_cusip
2021-11-30,TSLA,"Tesla, Inc.",PBW,Clean Energy,2021-07-31,2021-09-29,35108360.8,51089,SEC EDGAR ETF_Holdings.csv; CMIN-US ticker resolution,resolved_by_cusip
2021-11-30,TSLA,"Tesla, Inc.",QCLN,Clean Energy,2021-09-30,2021-11-24,221362316.96,285452,SEC EDGAR ETF_Holdings.csv; CMIN-US ticker resolution,resolved_by_cusip
2021-11-30,TSLA,"Tesla, Inc.",SMOG,Clean Energy,2021-09-30,2021-11-22,24851807.56,32047,SEC EDGAR ETF_Holdings.csv; CMIN-US ticker resolution,resolved_by_cusip
2021-12-31,ABBV,AbbVie Inc.,XBI,Biotechnology,2021-09-30,2021-11-26,55436874.01,513923,SEC EDGAR ETF_Holdings.csv; CMIN-US ticker resolution,resolved_by_cusip
2021-12-31,ABT,Abbott Laboratories,IHI,Healthcare Innovation,2021-09-30,2021-11-24,1034749693.95,8759415,SEC EDGAR ETF_Holdings.csv; CMIN-US ticker resolution,resolved_by_cusip
2021-12-31,ACN,Accenture plc,CIBR,Cybersecurity,2021-09-30,2021-11-18,286507875.12,895561,SEC EDGAR ETF_Holdings.csv; CMIN-US ticker resolution,resolved_by_target_universe_name_match
2021-12-31,ADBE,Adobe Inc.,IGV,Cloud Computing,2021-09-30,2021-11-24,425834752.32,739656,SEC EDGAR ETF_Holdings.csv; CMIN-US ticker resolution,resolved_by_cusip
2021-12-31,ADBE,Adobe Inc.,PNQI,Internet,2021-10-31,2021-12-29,86734611.04,133364,SEC EDGAR ETF_Holdings.csv; CMIN-US ticker resolution,resolved_by_cusip
2021-12-31,ADBE,Adobe Inc.,SKYY,Cloud Computing,2021-09-30,2021-11-18,97779133.36,169838,SEC EDGAR ETF_Holdings.csv; CMIN-US ticker resolution,resolved_by_cusip
2021-12-31,AMZN,"Amazon.com, Inc.",FDN,Internet,2021-09-30,2021-11-24,985695962.24,300056,SEC EDGAR ETF_Holdings.csv; CMIN-US ticker resolution,resolved_by_cusip
2021-12-31,AMZN,"Amazon.com, Inc.",PNQI,Internet,2021-10-31,2021-12-29,86000337.43,25501,SEC EDGAR ETF_Holdings.csv; CMIN-US ticker resolution,resolved_by_cusip
2021-12-31,AMZN,"Amazon.com, Inc.",SKYY,Cloud Computing,2021-09-30,2021-11-18,213383058.24,64956,SEC EDGAR ETF_Holdings.csv; CMIN-US ticker resolution,resolved_by_cusip
2021-12-31,AVGO,Broadcom Inc.,PSI,Semiconductor,2021-10-31,2021-12-29,39104328.5,73550,SEC EDGAR ETF_Holdings.csv; CMIN-US ticker resolution,resolved_by_cusip
2021-12-31,AVGO,Broadcom Inc.,SMH,Semiconductor,2021-09-30,2021-11-22,274621678.16,566312,SEC EDGAR ETF_Holdings.csv; CMIN-US ticker resolution,resolved_by_cusip
2021-12-31,BABA,Alibaba Group Holding Limited,EMQQ,Internet,2021-08-31,2021-10-28,94027560.27,563073,SEC EDGAR ETF_Holdings.csv; CMIN-US ticker resolution,resolved_by_cusip
2021-12-31,BABA,Alibaba Group Holding Limited,PNQI,Internet,2021-10-31,2021-12-29,43692441.06,264899,SEC EDGAR ETF_Holdings.csv; CMIN-US ticker resolution,resolved_by_cusip
2021-12-31,BABA,Alibaba Group Holding Limited,SKYY,Cloud Computing,2021-09-30,2021-11-18,199875642.75,1350055,SEC EDGAR ETF_Holdings.csv; CMIN-US ticker resolution,resolved_by_cusip
2021-12-31,CAT,Caterpillar Inc.,ARKQ,Robotics,2021-10-29,2021-12-23,43403127.5,212750,SEC EDGAR ETF_Holdings.csv; CMIN-US ticker resolution,resolved_by_cusip
2021-12-31,CSCO,"Cisco Systems, Inc.",CIBR,Cybersecurity,2021-09-30,2021-11-18,277970091.04,5106928,SEC EDGAR ETF_Holdings.csv; CMIN-US ticker resolution,resolved_by_cusip
2021-12-31,CSCO,"Cisco Systems, Inc.",FDN,Internet,2021-09-30,2021-11-24,459713493.94,8445958,SEC EDGAR ETF_Holdings.csv; CMIN-US ticker resolution,resolved_by_cusip
2021-12-31,CSCO,"Cisco Systems, Inc.",GRID,Infrastructure,2021-09-30,2021-11-18,10807838.52,198564,SEC EDGAR ETF_Holdings.csv; CMIN-US ticker resolution,resolved_by_cusip
2021-12-31,CSCO,"Cisco Systems, Inc.",HACK,Cybersecurity,2021-09-30,2021-11-29,75352293.27,1384389,SEC EDGAR ETF_Holdings.csv; CMIN-US ticker resolution,resolved_by_cusip
2021-12-31,CSCO,"Cisco Systems, Inc.",SKYY,Cloud Computing,2021-09-30,2021-11-18,138608662.07,2546549,SEC EDGAR ETF_Holdings.csv; CMIN-US ticker resolution,resolved_by_cusip
2021-12-31,D,"Dominion Energy, Inc.",NLR,Nuclear,2021-09-30,2021-11-22,2128094.88,29144,SEC EDGAR ETF_Holdings.csv; CMIN-US ticker resolution,resolved_by_cusip
2021-12-31,DE,Deere & Company,ARKQ,Robotics,2021-10-29,2021-12-23,77895036.67,227557,SEC EDGAR ETF_Holdings.csv; CMIN-US ticker resolution,resolved_by_cusip
2021-12-31,DE,Deere & Company,MOO,Agribusiness,2021-09-30,2021-11-22,82005366.87,244741,SEC EDGAR ETF_Holdings.csv; CMIN-US ticker resolution,resolved_by_cusip
2021-12-31,DE,Deere & Company,ROBO,Robotics,2021-10-31,2021-12-28,19987138.59,58389,SEC EDGAR ETF_Holdings.csv; CMIN-US ticker resolution,resolved_by_cusip
2021-12-31,DHR,Danaher Corporation,IHI,Healthcare Innovation,2021-09-30,2021-11-24,955735798.56,3139324,SEC EDGAR ETF_Holdings.csv; CMIN-US ticker resolution,resolved_by_cusip
2021-12-31,DHR,Danaher Corporation,PHO,Water,2021-10-31,2021-12-29,157479703.55,505115,SEC EDGAR ETF_Holdings.csv; CMIN-US ticker resolution,resolved_by_cusip
2021-12-31,DHR,Danaher Corporation,PIO,Water,2021-10-31,2021-12-29,25547369.11,81943,SEC EDGAR ETF_Holdings.csv; CMIN-US ticker resolution,resolved_by_cusip
2021-12-31,DUK,Duke Energy Corporation,NLR,Nuclear,2021-09-30,2021-11-22,2101893.42,21538,SEC EDGAR ETF_Holdings.csv; CMIN-US ticker resolution,resolved_by_cusip
2021-12-31,ECL,Ecolab Inc.,PHO,Water,2021-10-31,2021-12-29,161455718.76,726558,SEC EDGAR ETF_Holdings.csv; CMIN-US ticker resolution,resolved_by_cusip
2021-12-31,ECL,Ecolab Inc.,PIO,Water,2021-10-31,2021-12-29,26192404.74,117867,SEC EDGAR ETF_Holdings.csv; CMIN-US ticker resolution,resolved_by_cusip
2021-12-31,EXC,Exelon Corporation,NLR,Nuclear,2021-09-30,2021-11-22,1905369.44,39416,SEC EDGAR ETF_Holdings.csv; CMIN-US ticker resolution,resolved_by_cusip
2021-12-31,FB,"Meta Platforms, Inc.",ARKW,Internet,2021-10-29,2021-12-23,91749244.21,283553,SEC EDGAR ETF_Holdings.csv; CMIN-US ticker resolution,resolved_by_cusip
2021-12-31,FB,"Meta Platforms, Inc.",FDN,Internet,2021-09-30,2021-11-24,753134239.98,2219082,SEC EDGAR ETF_Holdings.csv; CMIN-US ticker resolution,resolved_by_cusip
2021-12-31,FB,"Meta Platforms, Inc.",PNQI,Internet,2021-10-31,2021-12-29,75495999.54,233322,SEC EDGAR ETF_Holdings.csv; CMIN-US ticker resolution,resolved_by_cusip
2021-12-31,GOOG,Alphabet Inc.,ARKQ,Robotics,2021-10-29,2021-12-23,62460430.83,21063,SEC EDGAR ETF_Holdings.csv; CMIN-US ticker resolution,resolved_by_cusip
2021-12-31,GOOG,Alphabet Inc.,FDN,Internet,2021-09-30,2021-11-24,1023431182.98,383372,SEC EDGAR ETF_Holdings.csv; CMIN-US ticker resolution,resolved_by_cusip
2021-12-31,GOOG,Alphabet Inc.,PNQI,Internet,2021-10-31,2021-12-29,90219633.84,30424,SEC EDGAR ETF_Holdings.csv; CMIN-US ticker resolution,resolved_by_cusip
2021-12-31,GOOG,Alphabet Inc.,SKYY,Cloud Computing,2021-09-30,2021-11-18,208275228.56,77903,SEC EDGAR ETF_Holdings.csv; CMIN-US ticker resolution,resolved_by_cusip
2021-12-31,HON,Honeywell International Inc.,GRID,Infrastructure,2021-09-30,2021-11-18,9179836.32,43244,SEC EDGAR ETF_Holdings.csv; CMIN-US ticker resolution,resolved_by_cusip
2021-12-31,HON,Honeywell International Inc.,PPA,Defense,2021-10-31,2021-12-29,36277802.8,165940,SEC EDGAR ETF_Holdings.csv; CMIN-US ticker resolution,resolved_by_cusip
2021-12-31,JD,"JD.com, Inc.",ARKQ,Robotics,2021-10-29,2021-12-23,96443464.96,1232032,SEC EDGAR ETF_Holdings.csv; CMIN-US ticker resolution,resolved_by_cusip
2021-12-31,JD,"JD.com, Inc.",EMQQ,Internet,2021-08-31,2021-10-28,77739676.48,989558,SEC EDGAR ETF_Holdings.csv; CMIN-US ticker resolution,resolved_by_cusip
2021-12-31,JD,"JD.com, Inc.",PNQI,Internet,2021-10-31,2021-12-29,20422938.88,260896,SEC EDGAR ETF_Holdings.csv; CMIN-US ticker resolution,resolved_by_cusip
2021-12-31,MSFT,Microsoft Corporation,IGV,Cloud Computing,2021-09-30,2021-11-24,464176205.44,1646482,SEC EDGAR ETF_Holdings.csv; CMIN-US ticker resolution,resolved_by_cusip
2021-12-31,MSFT,Microsoft Corporation,SKYY,Cloud Computing,2021-09-30,2021-11-18,210539829.44,746807,SEC EDGAR ETF_Holdings.csv; CMIN-US ticker resolution,resolved_by_cusip
2021-12-31,NEE,"NextEra Energy, Inc.",SMOG,Clean Energy,2021-09-30,2021-11-22,21945476.28,279489,SEC EDGAR ETF_Holdings.csv; CMIN-US ticker resolution,resolved_by_cusip
2021-12-31,NFLX,"Netflix, Inc.",FDN,Internet,2021-09-30,2021-11-24,519705120.34,851501,SEC EDGAR ETF_Holdings.csv; CMIN-US ticker resolution,resolved_by_cusip
2021-12-31,NFLX,"Netflix, Inc.",PNQI,Internet,2021-10-31,2021-12-29,53637087,77700,SEC EDGAR ETF_Holdings.csv; CMIN-US ticker resolution,resolved_by_cusip
2021-12-31,NGG,National Grid plc,GRID,Infrastructure,2021-09-30,2021-11-18,2510666.06,210702,SEC EDGAR ETF_Holdings.csv; CMIN-US ticker resolution,resolved_by_target_universe_name_match
2021-12-31,NVDA,NVIDIA Corporation,GRID,Infrastructure,2021-09-30,2021-11-18,10845447.48,52353,SEC EDGAR ETF_Holdings.csv; CMIN-US ticker resolution,resolved_by_cusip
2021-12-31,NVDA,NVIDIA Corporation,PSI,Semiconductor,2021-10-31,2021-12-29,41536659.54,162462,SEC EDGAR ETF_Holdings.csv; CMIN-US ticker resolution,resolved_by_cusip
2021-12-31,NVDA,NVIDIA Corporation,ROBO,Robotics,2021-10-31,2021-12-28,26782710.85,104755,SEC EDGAR ETF_Holdings.csv; CMIN-US ticker resolution,resolved_by_cusip
2021-12-31,NVDA,NVIDIA Corporation,SMH,Semiconductor,2021-09-30,2021-11-22,663545288.12,3203057,SEC EDGAR ETF_Holdings.csv; CMIN-US ticker resolution,resolved_by_cusip
2021-12-31,ORCL,Oracle Corporation,GRID,Infrastructure,2021-09-30,2021-11-18,8990421.92,103184,SEC EDGAR ETF_Holdings.csv; CMIN-US ticker resolution,resolved_by_cusip
2021-12-31,ORCL,Oracle Corporation,IGV,Cloud Computing,2021-09-30,2021-11-24,308540138.11,3541147,SEC EDGAR ETF_Holdings.csv; CMIN-US ticker resolution,resolved_by_cusip
2021-12-31,ORCL,Oracle Corporation,SKYY,Cloud Computing,2021-09-30,2021-11-18,220386970.52,2529404,SEC EDGAR ETF_Holdings.csv; CMIN-US ticker resolution,resolved_by_cusip
2021-12-31,PFE,Pfizer Inc.,ARKG,Biotechnology,2021-10-29,2021-12-23,97100569.26,2219949,SEC EDGAR ETF_Holdings.csv; CMIN-US ticker resolution,resolved_by_cusip
2021-12-31,PYPL,"PayPal Holdings, Inc.",ARKW,Internet,2021-10-29,2021-12-23,501231.45,2155,SEC EDGAR ETF_Holdings.csv; CMIN-US ticker resolution,resolved_by_cusip
2021-12-31,PYPL,"PayPal Holdings, Inc.",FDN,Internet,2021-09-30,2021-11-24,523288815.25,2011025,SEC EDGAR ETF_Holdings.csv; CMIN-US ticker resolution,resolved_by_cusip
2021-12-31,PYPL,"PayPal Holdings, Inc.",PNQI,Internet,2021-10-31,2021-12-29,71320467.24,306636,SEC EDGAR ETF_Holdings.csv; CMIN-US ticker resolution,resolved_by_cusip
2021-12-31,RTX,Raytheon Technologies Corporation,PPA,Defense,2021-10-31,2021-12-29,43490483.22,489427,SEC EDGAR ETF_Holdings.csv; CMIN-US ticker resolution,resolved_by_cusip
2021-12-31,RTX,Raytheon Technologies Corporation,XAR,Defense,2021-09-30,2021-11-26,52930729.6,615760,SEC EDGAR ETF_Holdings.csv; CMIN-US ticker resolution,resolved_by_cusip
2021-12-31,SNAP,Snap Inc.,ARKW,Internet,2021-10-29,2021-12-23,52689313.82,1002079,SEC EDGAR ETF_Holdings.csv; CMIN-US ticker resolution,resolved_by_cusip
2021-12-31,SNAP,Snap Inc.,FDN,Internet,2021-09-30,2021-11-24,323617526.22,4380906,SEC EDGAR ETF_Holdings.csv; CMIN-US ticker resolution,resolved_by_cusip
2021-12-31,SNAP,Snap Inc.,IGV,Cloud Computing,2021-09-30,2021-11-24,166326726.18,2251614,SEC EDGAR ETF_Holdings.csv; CMIN-US ticker resolution,resolved_by_cusip
2021-12-31,SNAP,Snap Inc.,PNQI,Internet,2021-10-31,2021-12-29,23031196.76,438022,SEC EDGAR ETF_Holdings.csv; CMIN-US ticker resolution,resolved_by_cusip
2021-12-31,TMO,Thermo Fisher Scientific Inc.,IHI,Healthcare Innovation,2021-09-30,2021-11-24,1110581534.49,1943853,SEC EDGAR ETF_Holdings.csv; CMIN-US ticker resolution,resolved_by_cusip
2021-12-31,TSLA,"Tesla, Inc.",ARKQ,Robotics,2021-10-29,2021-12-23,326523426,293109,SEC EDGAR ETF_Holdings.csv; CMIN-US ticker resolution,resolved_by_cusip
2021-12-31,TSLA,"Tesla, Inc.",ARKW,Internet,2021-10-29,2021-12-23,618236580,554970,SEC EDGAR ETF_Holdings.csv; CMIN-US ticker resolution,resolved_by_cusip
2021-12-31,TSLA,"Tesla, Inc.",GRID,Infrastructure,2021-09-30,2021-11-18,12352620.92,15929,SEC EDGAR ETF_Holdings.csv; CMIN-US ticker resolution,resolved_by_cusip
2021-12-31,TSLA,"Tesla, Inc.",LIT,Battery,2021-10-31,2021-12-28,267754356,240354,SEC EDGAR ETF_Holdings.csv; CMIN-US ticker resolution,resolved_by_cusip
2021-12-31,TSLA,"Tesla, Inc.",PBW,Clean Energy,2021-10-31,2021-12-29,37236564,33426,SEC EDGAR ETF_Holdings.csv; CMIN-US ticker resolution,resolved_by_cusip
2021-12-31,TSLA,"Tesla, Inc.",QCLN,Clean Energy,2021-09-30,2021-11-24,221362316.96,285452,SEC EDGAR ETF_Holdings.csv; CMIN-US ticker resolution,resolved_by_cusip
2021-12-31,TSLA,"Tesla, Inc.",SMOG,Clean Energy,2021-09-30,2021-11-22,24851807.56,32047,SEC EDGAR ETF_Holdings.csv; CMIN-US ticker resolution,resolved_by_cusip
