edge_id,source_canonical_stock_id,target_canonical_stock_id,source_ticker,target_ticker,relation_type,evidence_text,filing_form,filing_date,accepted_at,accession_number,primary_document,confidence,confidence_tier,source_weight,base_weight,snapshot_weight,valid_from,valid_to,directed,source_name,source_record_id,source_url,extraction_method,mapping_status,temporal_status,validation_status
12770843234ec69180bbc2178e8bd73497c3154848d1e78f58027f25f9e30a35,CMIN-US:ADBE,CMIN-US:TGT,ADBE,TGT,customer,"By building on existing features such as Enhanced Anomaly Detection, Auto-Target, and other capabilities, we believe Adobe Sensei will increase the value we provide our customers and create a competitive differentiation in the market.To drive growth of Experience Cloud, we also intend to focus on customer engagement, partner leverage, and product differentiation.",10-K,2018-01-22,2018-01-22T21:07:26.000Z,0000796343-18-000015,adbe10kfy17.htm,0.60,low,0.95,0.570000,0.002235,2018-01-22T21:07:26.000Z,,1,SEC EDGAR,0000796343-18-000015,https://www.sec.gov/Archives/edgar/data/796343/000079634318000015/adbe10kfy17.htm,deterministic explicit-entity and relation-pattern extraction v2,unique_universe_match,public_at_sec_acceptance,candidate_review_required
663fe7aa92e38e97dddaee1f9a5b135deb65ec3f2c642061dd111d65c8f6ba75,CMIN-US:ADBE,CMIN-US:TGT,ADBE,TGT,customer,"11Table of ContentsAdobe TargetAdobe Target lets our customers test, target and personalize content across multiple devices.",10-K,2018-01-22,2018-01-22T21:07:26.000Z,0000796343-18-000015,adbe10kfy17.htm,0.60,low,0.95,0.570000,0.002235,2018-01-22T21:07:26.000Z,,1,SEC EDGAR,0000796343-18-000015,https://www.sec.gov/Archives/edgar/data/796343/000079634318000015/adbe10kfy17.htm,deterministic explicit-entity and relation-pattern extraction v2,unique_universe_match,public_at_sec_acceptance,candidate_review_required
fb04f39e3a536326e40a528cd8a5e5c39a8e9f7fefe5cb96a266625e86ecffe4,CMIN-US:PFE,CMIN-US:NVS,PFE,NVS,supplier,Pfizer is the contract manufacturer for the fill and finish stage of Glatopa 40mg/mL production at its McPherson site.,20-F,2018-01-24,2018-01-24T16:37:24.000Z,0001047469-18-000380,a2234185z20-f.htm,0.96,high,0.95,0.912000,0.003604,2018-01-24T16:37:24.000Z,,1,SEC EDGAR,0001047469-18-000380,https://www.sec.gov/Archives/edgar/data/1114448/000104746918000380/a2234185z20-f.htm,deterministic explicit-entity and relation-pattern extraction v2,unique_universe_match,public_at_sec_acceptance,accepted
a48a8d554ec836e243e89a927ffb9d9bf4584de3b6460b88bbdf4b40b12199ff,CMIN-US:MS,CMIN-US:NFLX,MS,NFLX,supplier,"LLC, as representative of the Initial Purchasers listed in Schedule 1 thereto 8-K 001-35727 10.2 February 5, 2015 10.10 Purchase Agreement, dated as of October 24, 2016, between the Company and Morgan Stanley & Co.",10-K,2018-01-29,2018-01-29T22:29:30.000Z,0001065280-18-000069,q4nflx201710k.htm,0.60,low,0.95,0.570000,0.002296,2018-01-29T22:29:30.000Z,,1,SEC EDGAR,0001065280-18-000069,https://www.sec.gov/Archives/edgar/data/1065280/000106528018000069/q4nflx201710k.htm,deterministic explicit-entity and relation-pattern extraction v2,unique_universe_match,public_at_sec_acceptance,candidate_review_required
6c95dad85a85ebda92d71d2c0d4a6a7e11d9b9318f3f6ffecbf16cf4a1721dc2,CMIN-US:MS,CMIN-US:NFLX,MS,NFLX,supplier,"LLC, as representative of the Initial Purchasers listed in Schedule 1 thereto 8-K 001-35727 10.2 October 27, 2016 10.12 Purchase Agreement, dated as of April 26, 2017, between the Company and Morgan Stanley & Co.",10-K,2018-01-29,2018-01-29T22:29:30.000Z,0001065280-18-000069,q4nflx201710k.htm,0.60,low,0.95,0.570000,0.002296,2018-01-29T22:29:30.000Z,,1,SEC EDGAR,0001065280-18-000069,https://www.sec.gov/Archives/edgar/data/1065280/000106528018000069/q4nflx201710k.htm,deterministic explicit-entity and relation-pattern extraction v2,unique_universe_match,public_at_sec_acceptance,candidate_review_required
6d79df18242228bb40372464c95a271a069bc190f383cfdb1de5356d9812b20e,CMIN-US:MS,CMIN-US:NFLX,MS,NFLX,supplier,"International plc, as representative of the Initial Purchasers listed in Schedule 1 thereto 8-K 001-35727 10.1 May 3, 2017 10.14† Executive Severance and Retention Incentive Plan, as amended and restated as of July 12, 2017 10-Q 001-35727 10.14 July 19, 2017 10.15 Revolving Credit Agreement among the Company, Deutsche bank AG New York Branch, Goldman Sachs Bank USA, JPMorgan Chase Bank, N.A., Morgan Stanley Senior Funding, Inc. and Wells Fargo Bank, N.A. and the administrative agent, dated as of July 27, 2017 10-Q 001-35727 10.15 October 18, 2017 10.16 Purchase Agreement, dated as of October 23, 2017 between the Company and Morgan Stanley & Co.",10-K,2018-01-29,2018-01-29T22:29:30.000Z,0001065280-18-000069,q4nflx201710k.htm,0.60,low,0.95,0.570000,0.002296,2018-01-29T22:29:30.000Z,,1,SEC EDGAR,0001065280-18-000069,https://www.sec.gov/Archives/edgar/data/1065280/000106528018000069/q4nflx201710k.htm,deterministic explicit-entity and relation-pattern extraction v2,unique_universe_match,public_at_sec_acceptance,candidate_review_required
ee53e2c6edbc81f2b330bc138f2f0db9eb3b056888d9dc5c83c78d67ef4ea0ee,CMIN-US:CMCSA,CMIN-US:CHTR,CMCSA,CHTR,supplier,"In our allocation of purchase price for this acquisition, we recorded goodwill of $5.1 billion, long-term debt of $3.3 billion and noncontrolling interests of $1.4 billion.Comcast 2017 Annual Report on Form 10-K73 Table of ContentsComcast CorporationTime Warner Cable Merger and Related Divestiture TransactionsOn April 24, 2015, we and Time Warner Cable Inc. terminated our planned merger, and we terminated our related agreement with Charter Communications, Inc. to spin off, exchange and sell certain cable systems.",10-K,2018-01-31,2018-01-31T21:35:39.000Z,0001166691-18-000004,cmcsa-12312017x10k.htm,0.60,low,0.95,0.570000,0.002314,2018-01-31T21:35:39.000Z,,1,SEC EDGAR,0001166691-18-000004,https://www.sec.gov/Archives/edgar/data/1166691/000116669118000004/cmcsa-12312017x10k.htm,deterministic explicit-entity and relation-pattern extraction v2,unique_universe_match,public_at_sec_acceptance,candidate_review_required
5184cee562008d2dcb49a802c40721f666b57abb5aca504de2283582b65e4d33,CMIN-US:CMCSA,CMIN-US:NFLX,CMCSA,NFLX,customer,"We refer to our HD and DVR services as “advanced services.”Our Internet Protocol (“IP”) and cloud-enabled video platform, referred to as our X1 platform, provides customers with integrated search functionality, including the use of a voice-activated remote control, personalized recommendations and access to, and integration of content from, certain third-party Internet applications, such as Netflix and YouTube.",10-K,2018-01-31,2018-01-31T21:35:39.000Z,0001166691-18-000004,cmcsa-12312017x10k.htm,0.60,low,0.95,0.570000,0.002314,2018-01-31T21:35:39.000Z,,1,SEC EDGAR,0001166691-18-000004,https://www.sec.gov/Archives/edgar/data/1166691/000116669118000004/cmcsa-12312017x10k.htm,deterministic explicit-entity and relation-pattern extraction v2,unique_universe_match,public_at_sec_acceptance,candidate_review_required
c148f6b0340a33acf849977704f49cb6c56d3ae5f4e4a7615b1b540336206800,CMIN-US:CMCSA,CMIN-US:SNAP,CMCSA,SNAP,supplier,"We classify the cash flows related to purchases of and proceeds from the sale of trading securities based on the nature of the securities and the purpose for which they were acquired.Comcast 2017 Annual Report on Form 10-K75 Table of ContentsComcast CorporationSnapIn March 2017, we acquired an interest in Snap Inc. for $500 million as part of its initial public offering, which we have classified as an available-for-sale security.",10-K,2018-01-31,2018-01-31T21:35:39.000Z,0001166691-18-000004,cmcsa-12312017x10k.htm,0.60,low,0.95,0.570000,0.002314,2018-01-31T21:35:39.000Z,,1,SEC EDGAR,0001166691-18-000004,https://www.sec.gov/Archives/edgar/data/1166691/000116669118000004/cmcsa-12312017x10k.htm,deterministic explicit-entity and relation-pattern extraction v2,unique_universe_match,public_at_sec_acceptance,candidate_review_required
4a28c744d11820f50de1893516989cf10881acd0c815c86f6413d7ac2fae7347,CMIN-US:CMCSA,CMIN-US:SNAP,CMCSA,SNAP,supplier,"We classify the cash flows related to purchases of and proceeds from the sale of trading securities based on the nature of the securities and the purpose for which they were acquired.SnapIn March 2017, Comcast acquired an interest in Snap Inc. as part of its initial public offering.",10-K,2018-01-31,2018-01-31T21:35:39.000Z,0001166691-18-000004,cmcsa-12312017x10k.htm,0.60,low,0.95,0.570000,0.002314,2018-01-31T21:35:39.000Z,,1,SEC EDGAR,0001166691-18-000004,https://www.sec.gov/Archives/edgar/data/1166691/000116669118000004/cmcsa-12312017x10k.htm,deterministic explicit-entity and relation-pattern extraction v2,unique_universe_match,public_at_sec_acceptance,candidate_review_required
1b17753c1b792c27d5b3cfffe1f29bd61b016fbafe006185b217f1b2482c38ed,CMIN-US:SNAP,CMIN-US:CMCSA,SNAP,CMCSA,supplier,"Proceeds from sales of businesses and investments in 2015 were primarily related to the sale of our investment in TV One, LLC and the sale of a business, CTI Towers Assets I, LLC.Purchases of InvestmentsPurchases of investments in 2017 were primarily related to additional capital contributions to Atairos, our investment in Snap Inc. and NBCUniversal’s additional capital contributions to Hulu.",10-K,2018-01-31,2018-01-31T21:35:39.000Z,0001166691-18-000004,cmcsa-12312017x10k.htm,0.60,low,0.95,0.570000,0.002314,2018-01-31T21:35:39.000Z,,1,SEC EDGAR,0001166691-18-000004,https://www.sec.gov/Archives/edgar/data/1166691/000116669118000004/cmcsa-12312017x10k.htm,deterministic explicit-entity and relation-pattern extraction v2,unique_universe_match,public_at_sec_acceptance,candidate_review_required
b3a1142b01ca4267a7b1b2697cf36f6ab1e434b11315e53d0a7ec0972b1f2409,CMIN-US:CHTR,CMIN-US:NFLX,CHTR,NFLX,customer,"Spectrum Guide® is designed to allow our customers to enjoy a state-of-the-art video experience on the majority of our set-top boxes, including accessing third-party video applications such as Netflix.",10-K,2018-02-02,2018-02-02T13:07:24.000Z,0001091667-18-000025,chtr12312017-10k.htm,0.60,low,0.95,0.570000,0.002332,2018-02-02T13:07:24.000Z,,1,SEC EDGAR,0001091667-18-000025,https://www.sec.gov/Archives/edgar/data/1091667/000109166718000025/chtr12312017-10k.htm,deterministic explicit-entity and relation-pattern extraction v2,unique_universe_match,public_at_sec_acceptance,candidate_review_required
d7f239a67cbe8aec0a2b1456cf20dc4ab37a5cf46ab6dfbee396827567deb403,CMIN-US:NFLX,CMIN-US:CHTR,NFLX,CHTR,supplier,"Other online video business models have also developed, including, (i) subscription video on demand (“SVOD”) services such as Netflix, Amazon Prime, and Hulu Plus, (ii) ad-supported free online video products, including YouTube and Hulu, some of which offer programming for free to consumers that we currently purchase for a fee, (iii) pay-per-view products, such as iTunes and Amazon Instant, and (iv) additional offerings from wireless providers which continue to integrate and bundle video services and mobile products.",10-K,2018-02-02,2018-02-02T13:07:24.000Z,0001091667-18-000025,chtr12312017-10k.htm,0.60,low,0.95,0.570000,0.002332,2018-02-02T13:07:24.000Z,,1,SEC EDGAR,0001091667-18-000025,https://www.sec.gov/Archives/edgar/data/1091667/000109166718000025/chtr12312017-10k.htm,deterministic explicit-entity and relation-pattern extraction v2,unique_universe_match,public_at_sec_acceptance,candidate_review_required
c0dd4a2c163b64cf76537270893cef709f46a89b0bf2b3d35dc8815e7cfea3b9,CMIN-US:MS,CMIN-US:NFLX,MS,NFLX,supplier,"LLC, as representative of the Initial Purchasers listed in Schedule 1 thereto 8-K 001-35727 10.2 February 5, 2015 10.10 Purchase Agreement, dated as of October 24, 2016, between the Company and Morgan Stanley & Co.",10-K/A,2018-02-05,2018-02-03T00:13:16.000Z,0001628280-18-000941,q4nflx201710ka.htm,0.60,low,0.95,0.570000,0.002341,2018-02-03T00:13:16.000Z,,1,SEC EDGAR,0001628280-18-000941,https://www.sec.gov/Archives/edgar/data/1065280/000162828018000941/q4nflx201710ka.htm,deterministic explicit-entity and relation-pattern extraction v2,unique_universe_match,public_at_sec_acceptance,candidate_review_required
6f30dabb26ab0c3fa7f1ee36bc08f83f475e6f0d898b081dae8eef3bfe34bc9c,CMIN-US:MS,CMIN-US:NFLX,MS,NFLX,supplier,"LLC, as representative of the Initial Purchasers listed in Schedule 1 thereto 8-K 001-35727 10.2 October 27, 2016 10.12 Purchase Agreement, dated as of April 26, 2017, between the Company and Morgan Stanley & Co.",10-K/A,2018-02-05,2018-02-03T00:13:16.000Z,0001628280-18-000941,q4nflx201710ka.htm,0.60,low,0.95,0.570000,0.002341,2018-02-03T00:13:16.000Z,,1,SEC EDGAR,0001628280-18-000941,https://www.sec.gov/Archives/edgar/data/1065280/000162828018000941/q4nflx201710ka.htm,deterministic explicit-entity and relation-pattern extraction v2,unique_universe_match,public_at_sec_acceptance,candidate_review_required
fcf25046c007b13ee587baa0244afadaf8f1c958acc7b11c7abc940c811d4b11,CMIN-US:MS,CMIN-US:NFLX,MS,NFLX,supplier,"International plc, as representative of the Initial Purchasers listed in Schedule 1 thereto 8-K 001-35727 10.1 May 3, 2017 10.14† Executive Severance and Retention Incentive Plan, as amended and restated as of July 12, 2017 10-Q 001-35727 10.14 July 19, 2017 10.15 Revolving Credit Agreement among the Company, Deutsche bank AG New York Branch, Goldman Sachs Bank USA, JPMorgan Chase Bank, N.A., Morgan Stanley Senior Funding, Inc. and Wells Fargo Bank, N.A. and the administrative agent, dated as of July 27, 2017 10-Q 001-35727 10.15 October 18, 2017 10.16 Purchase Agreement, dated as of October 23, 2017 between the Company and Morgan Stanley & Co.",10-K/A,2018-02-05,2018-02-03T00:13:16.000Z,0001628280-18-000941,q4nflx201710ka.htm,0.60,low,0.95,0.570000,0.002341,2018-02-03T00:13:16.000Z,,1,SEC EDGAR,0001628280-18-000941,https://www.sec.gov/Archives/edgar/data/1065280/000162828018000941/q4nflx201710ka.htm,deterministic explicit-entity and relation-pattern extraction v2,unique_universe_match,public_at_sec_acceptance,candidate_review_required
8dc9a5541bc33a30e40d1c1d857c7401b2a331e23e465b4ed7bcf80fb69a0633,CMIN-US:AAPL,CMIN-US:GOOG,AAPL,GOOG,supplier,"Our advertisers typically advertise in multiple media, both online and offline.•Other online advertising platforms and networks, including Amazon, AppNexus, Criteo, and Facebook, that compete for advertisers that use AdWords, our primary auction-based advertising platform.•Providers of digital video services, such as Amazon, Facebook, Hulu, and Netflix.•Companies that design, manufacture, and market consumer electronics products, including businesses that have developed proprietary platforms.•Providers of enterprise cloud services, including Alibaba, Amazon, and Microsoft.•Digital assistant providers, such as Amazon, Apple, and Microsoft.Competing successfully in our advertising-related businesses depends heavily on our ability to deliver and distribute innovative products and technologies to the marketplace so that we can attract and retain:•Users, for whom other products and services are literally one click away, primarily on the basis of the relevance and usefulness of our search results and the features, availability, and ease of use of our products and services.•Advertisers, primarily based on our ability to generate sales leads, and ultimately customers, and to deliver their advertisements in an efficient and effective manner across a variety of distribution channels.5Table of ContentsAlphabet Inc.•Content providers, primarily based on the quality of our advertiser base, our ability to help these partners generate revenues from advertising, and the terms of our agreements with them.Intellectual PropertyWe rely on various intellectual property laws, confidentiality procedures and contractual provisions to protect our proprietary technology and our brand.",10-K,2018-02-06,2018-02-06T01:46:29.000Z,0001652044-18-000007,goog10-kq42017.htm,0.60,low,0.95,0.570000,0.002368,2018-02-06T01:46:29.000Z,,1,SEC EDGAR,0001652044-18-000007,https://www.sec.gov/Archives/edgar/data/1652044/000165204418000007/goog10-kq42017.htm,deterministic explicit-entity and relation-pattern extraction v2,unique_universe_match,public_at_sec_acceptance,candidate_review_required
388ecc404f4b74df6740cb37d3df0e4f8918ef75aa94db861458c0df7aab80fe,CMIN-US:BABA,CMIN-US:GOOG,BABA,GOOG,supplier,"Our advertisers typically advertise in multiple media, both online and offline.•Other online advertising platforms and networks, including Amazon, AppNexus, Criteo, and Facebook, that compete for advertisers that use AdWords, our primary auction-based advertising platform.•Providers of digital video services, such as Amazon, Facebook, Hulu, and Netflix.•Companies that design, manufacture, and market consumer electronics products, including businesses that have developed proprietary platforms.•Providers of enterprise cloud services, including Alibaba, Amazon, and Microsoft.•Digital assistant providers, such as Amazon, Apple, and Microsoft.Competing successfully in our advertising-related businesses depends heavily on our ability to deliver and distribute innovative products and technologies to the marketplace so that we can attract and retain:•Users, for whom other products and services are literally one click away, primarily on the basis of the relevance and usefulness of our search results and the features, availability, and ease of use of our products and services.•Advertisers, primarily based on our ability to generate sales leads, and ultimately customers, and to deliver their advertisements in an efficient and effective manner across a variety of distribution channels.5Table of ContentsAlphabet Inc.•Content providers, primarily based on the quality of our advertiser base, our ability to help these partners generate revenues from advertising, and the terms of our agreements with them.Intellectual PropertyWe rely on various intellectual property laws, confidentiality procedures and contractual provisions to protect our proprietary technology and our brand.",10-K,2018-02-06,2018-02-06T01:46:29.000Z,0001652044-18-000007,goog10-kq42017.htm,0.60,low,0.95,0.570000,0.002368,2018-02-06T01:46:29.000Z,,1,SEC EDGAR,0001652044-18-000007,https://www.sec.gov/Archives/edgar/data/1652044/000165204418000007/goog10-kq42017.htm,deterministic explicit-entity and relation-pattern extraction v2,unique_universe_match,public_at_sec_acceptance,candidate_review_required
009a384d551b20d4cfb8a20daf1f9d041b7a9cb88ba353ef19e80aa915b75add,CMIN-US:GOOG,CMIN-US:ABBV,GOOG,ABBV,strategic_partner,"In September 2014, AbbVie Inc. (AbbVie) and Calico announced a research and development collaboration agreement intended to help both companies discover, develop, and bring to market new therapies for patients with age-related diseases, including neurodegeneration and cancer.",10-K,2018-02-06,2018-02-06T01:46:29.000Z,0001652044-18-000007,goog10-kq42017.htm,0.60,low,0.95,0.570000,0.002368,2018-02-06T01:46:29.000Z,,0,SEC EDGAR,0001652044-18-000007,https://www.sec.gov/Archives/edgar/data/1652044/000165204418000007/goog10-kq42017.htm,deterministic explicit-entity and relation-pattern extraction v2,unique_universe_match,public_at_sec_acceptance,candidate_review_required
f84c45ad94972f5b0d0cfb28a8c171b8213dc313d24a81ff5e5328bddac8ba53,CMIN-US:GOOG,CMIN-US:ORCL,GOOG,ORCL,customer,"Our customers and partners may discontinue the use of our products, services, and technologies, as a result of injunctions or otherwise, which could result in loss of revenues and adversely impact our business.Oracle America, Inc. (Oracle) brought a copyright lawsuit against Google in the Northern District of California, alleging that Google's Android operating system infringes Oracle's copyrights related to certain Java application programming interfaces.",10-K,2018-02-06,2018-02-06T01:46:29.000Z,0001652044-18-000007,goog10-kq42017.htm,0.60,low,0.95,0.570000,0.002368,2018-02-06T01:46:29.000Z,,1,SEC EDGAR,0001652044-18-000007,https://www.sec.gov/Archives/edgar/data/1652044/000165204418000007/goog10-kq42017.htm,deterministic explicit-entity and relation-pattern extraction v2,unique_universe_match,public_at_sec_acceptance,candidate_review_required
c38f4baafa56c2d271ae60ea549befd03bcbbf5348d517374f8adc566a42ee1b,CMIN-US:MSFT,CMIN-US:GOOG,MSFT,GOOG,supplier,"Our advertisers typically advertise in multiple media, both online and offline.•Other online advertising platforms and networks, including Amazon, AppNexus, Criteo, and Facebook, that compete for advertisers that use AdWords, our primary auction-based advertising platform.•Providers of digital video services, such as Amazon, Facebook, Hulu, and Netflix.•Companies that design, manufacture, and market consumer electronics products, including businesses that have developed proprietary platforms.•Providers of enterprise cloud services, including Alibaba, Amazon, and Microsoft.•Digital assistant providers, such as Amazon, Apple, and Microsoft.Competing successfully in our advertising-related businesses depends heavily on our ability to deliver and distribute innovative products and technologies to the marketplace so that we can attract and retain:•Users, for whom other products and services are literally one click away, primarily on the basis of the relevance and usefulness of our search results and the features, availability, and ease of use of our products and services.•Advertisers, primarily based on our ability to generate sales leads, and ultimately customers, and to deliver their advertisements in an efficient and effective manner across a variety of distribution channels.5Table of ContentsAlphabet Inc.•Content providers, primarily based on the quality of our advertiser base, our ability to help these partners generate revenues from advertising, and the terms of our agreements with them.Intellectual PropertyWe rely on various intellectual property laws, confidentiality procedures and contractual provisions to protect our proprietary technology and our brand.",10-K,2018-02-06,2018-02-06T01:46:29.000Z,0001652044-18-000007,goog10-kq42017.htm,0.60,low,0.95,0.570000,0.002368,2018-02-06T01:46:29.000Z,,1,SEC EDGAR,0001652044-18-000007,https://www.sec.gov/Archives/edgar/data/1652044/000165204418000007/goog10-kq42017.htm,deterministic explicit-entity and relation-pattern extraction v2,unique_universe_match,public_at_sec_acceptance,candidate_review_required
ad112f9ec830b1cfa49f5d4ad4020b1398cf62c10197a46e3defb5d8ec337611,CMIN-US:NFLX,CMIN-US:GOOG,NFLX,GOOG,supplier,"Our advertisers typically advertise in multiple media, both online and offline.•Other online advertising platforms and networks, including Amazon, AppNexus, Criteo, and Facebook, that compete for advertisers that use AdWords, our primary auction-based advertising platform.•Providers of digital video services, such as Amazon, Facebook, Hulu, and Netflix.•Companies that design, manufacture, and market consumer electronics products, including businesses that have developed proprietary platforms.•Providers of enterprise cloud services, including Alibaba, Amazon, and Microsoft.•Digital assistant providers, such as Amazon, Apple, and Microsoft.Competing successfully in our advertising-related businesses depends heavily on our ability to deliver and distribute innovative products and technologies to the marketplace so that we can attract and retain:•Users, for whom other products and services are literally one click away, primarily on the basis of the relevance and usefulness of our search results and the features, availability, and ease of use of our products and services.•Advertisers, primarily based on our ability to generate sales leads, and ultimately customers, and to deliver their advertisements in an efficient and effective manner across a variety of distribution channels.5Table of ContentsAlphabet Inc.•Content providers, primarily based on the quality of our advertiser base, our ability to help these partners generate revenues from advertising, and the terms of our agreements with them.Intellectual PropertyWe rely on various intellectual property laws, confidentiality procedures and contractual provisions to protect our proprietary technology and our brand.",10-K,2018-02-06,2018-02-06T01:46:29.000Z,0001652044-18-000007,goog10-kq42017.htm,0.60,low,0.95,0.570000,0.002368,2018-02-06T01:46:29.000Z,,1,SEC EDGAR,0001652044-18-000007,https://www.sec.gov/Archives/edgar/data/1652044/000165204418000007/goog10-kq42017.htm,deterministic explicit-entity and relation-pattern extraction v2,unique_universe_match,public_at_sec_acceptance,candidate_review_required
eeb3e1cdefbf3fa64de03b145d6541f1e463b9ca83f57ce1a43196b2bdfb233b,CMIN-US:TMUS,CMIN-US:NFLX,TMUS,NFLX,customer,"Additionally, qualifying T-Mobile ONE customers on family plans can opt in for a standard monthly Netflix service plan at no additional cost.",10-K,2018-02-08,2018-02-08T11:15:41.000Z,0001283699-18-000011,tmus12312017form10-k.htm,0.60,low,0.95,0.570000,0.002386,2018-02-08T11:15:41.000Z,,1,SEC EDGAR,0001283699-18-000011,https://www.sec.gov/Archives/edgar/data/1283699/000128369918000011/tmus12312017form10-k.htm,deterministic explicit-entity and relation-pattern extraction v2,unique_universe_match,public_at_sec_acceptance,candidate_review_required
ee58ceffc51bf6599b8634d7bd9a654604022e3349b1fb06bb63d373b7835924,CMIN-US:TMUS,CMIN-US:NFLX,TMUS,NFLX,customer,"In addition, we introduced the Un-contract for T-Mobile ONE with the first-ever price guarantee on an unlimited 4G LTE plan which allows current T-Mobile ONE customers to keep their price for service until they decide to change it.•In September 2017, we introduced, Un-carrier Next: Netflix On Us, through an exclusive new partnership with Netflix where qualifying T-Mobile ONE customers on family plans can opt in for a standard monthly Netflix service plan at no additional cost.Our ability to acquire and retain branded customers is important to our business in the generation of revenues and we believe our Un-carrier strategy, along with ongoing network improvements, has been successful in attracting and retaining customers as evidenced by continued branded customer growth and improved branded postpaid phone and branded prepaid customer churn.25Table of Contents Year Ended December 31, 2017 Versus 2016 2016 Versus 2015(in thousands)2017 2016 2015# Change % Change # Change % ChangeNet customer additions Branded postpaid customers3,620 4,097 4,510 (477) (12)% (413) (9)%Branded prepaid customers855 2,508 1,315 (1,653) (66)% 1,193 91 %Total branded customers4,475 6,605 5,825 (2,130) (32)% 780 13 % Year Ended December 31, Bps Change 2017 Versus 2016 Bps Change 2016 Versus 20152017 2016 2015 Branded postpaid phone churn1.18% 1.30% 1.39% -12 bps -9 bpsBranded prepaid churn4.04% 3.88% 4.45% 16 bps -57 bpsOn September 1, 2016, we sold our marketing and distribution rights to certain existing T-Mobile co-branded customers to a current MVNO partner for nominal consideration (the “MVNO Transaction”).",10-K,2018-02-08,2018-02-08T11:15:41.000Z,0001283699-18-000011,tmus12312017form10-k.htm,0.60,low,0.95,0.570000,0.002386,2018-02-08T11:15:41.000Z,,1,SEC EDGAR,0001283699-18-000011,https://www.sec.gov/Archives/edgar/data/1283699/000128369918000011/tmus12312017form10-k.htm,deterministic explicit-entity and relation-pattern extraction v2,unique_universe_match,public_at_sec_acceptance,candidate_review_required
217b8bbfe38c138529e9a6fb80196950a66a43faa139e270e701edffd5c2dc3b,CMIN-US:PEP,CMIN-US:KO,PEP,KO,supplier,"However, The Coca-Cola Company has significant carbonated soft drink (CSD) share advantage in many markets outside the United States.Our beverage, food and snack products compete primarily on the basis of brand recognition and loyalty, taste, price, value, quality, product variety, innovation, distribution, advertising, marketing and promotional activity, packaging, convenience, service and the ability to anticipate and effectively respond to consumer preferences and trends, including increased consumer focus on health and wellness and the continued acceleration of e-commerce and other methods of distributing and purchasing products.",10-K,2018-02-13,2018-02-13T21:32:31.000Z,0000077476-18-000012,pepsico201710-k.htm,0.60,low,0.95,0.570000,0.002433,2018-02-13T21:32:31.000Z,,1,SEC EDGAR,0000077476-18-000012,https://www.sec.gov/Archives/edgar/data/77476/000007747618000012/pepsico201710-k.htm,deterministic explicit-entity and relation-pattern extraction v2,unique_universe_match,public_at_sec_acceptance,candidate_review_required
f16930c15414200ff56b8dfcd8aca327350bc4bece56f1b798bed7e126060765,CMIN-US:PEP,CMIN-US:WMT,PEP,WMT,customer,"In 2017, sales to Walmart Inc. (Walmart), including Sam’s Club (Sam’s), represented approximately 13% of our consolidated net revenue.",10-K,2018-02-13,2018-02-13T21:32:31.000Z,0000077476-18-000012,pepsico201710-k.htm,0.97,high,0.95,0.921500,0.003933,2018-02-13T21:32:31.000Z,,1,SEC EDGAR,0000077476-18-000012,https://www.sec.gov/Archives/edgar/data/77476/000007747618000012/pepsico201710-k.htm,deterministic explicit-entity and relation-pattern extraction v2,unique_universe_match,public_at_sec_acceptance,accepted
87990529611987d9e692b72fc6d7b3beeb993bc5ca03c0e1f72227bbd3d664e7,CMIN-US:PEP,CMIN-US:WMT,PEP,WMT,customer,"Our top five retail customers represented approximately 33% of our 2017 net revenue in North America, with Walmart (including 6Table of ContentsSam’s) representing approximately 19%.",10-K,2018-02-13,2018-02-13T21:32:31.000Z,0000077476-18-000012,pepsico201710-k.htm,0.60,low,0.95,0.570000,0.002433,2018-02-13T21:32:31.000Z,,1,SEC EDGAR,0000077476-18-000012,https://www.sec.gov/Archives/edgar/data/77476/000007747618000012/pepsico201710-k.htm,deterministic explicit-entity and relation-pattern extraction v2,unique_universe_match,public_at_sec_acceptance,candidate_review_required
f858ff0d3f9640cdf44e4248e76e76ac6f3a468fa7daa293482650bec6622ad6,CMIN-US:PEP,CMIN-US:WMT,PEP,WMT,customer,"87Table of ContentsWe are exposed to concentration of credit risk from our major customers, including Walmart.",10-K,2018-02-13,2018-02-13T21:32:31.000Z,0000077476-18-000012,pepsico201710-k.htm,0.92,high,0.95,0.874000,0.003730,2018-02-13T21:32:31.000Z,,1,SEC EDGAR,0000077476-18-000012,https://www.sec.gov/Archives/edgar/data/77476/000007747618000012/pepsico201710-k.htm,deterministic explicit-entity and relation-pattern extraction v2,unique_universe_match,public_at_sec_acceptance,accepted
39efcff074d7438334fc98fc2fb2d7dc4eb78ffe9612c3a47b274918fa6b68aa,CMIN-US:PEP,CMIN-US:WMT,PEP,WMT,customer,"In 2017, sales to Walmart (including Sam’s) represented approximately 13% of our consolidated net revenue, including concentrate sales to our independent bottlers, which were used in finished goods sold by them to Walmart.",10-K,2018-02-13,2018-02-13T21:32:31.000Z,0000077476-18-000012,pepsico201710-k.htm,0.97,high,0.95,0.921500,0.003933,2018-02-13T21:32:31.000Z,,1,SEC EDGAR,0000077476-18-000012,https://www.sec.gov/Archives/edgar/data/77476/000007747618000012/pepsico201710-k.htm,deterministic explicit-entity and relation-pattern extraction v2,unique_universe_match,public_at_sec_acceptance,accepted
1d51e0ff370c01adf818965e880d06b59633fb1cbcbf3a9daadb24b739c62223,CMIN-US:MA,CMIN-US:V,MA,V,customer,"Inc., Visa International Service Association and Mastercard’s customer banks that are parties thereto (incorporated by reference to Exhibit 10.33 to Amendment No.1 to the Company’s Annual Report on Form 10-K/A filed on November 23, 2011).",10-K,2018-02-14,2018-02-14T17:37:09.000Z,0001141391-18-000009,ma12312017-10xk.htm,0.60,low,0.95,0.570000,0.002442,2018-02-14T17:37:09.000Z,,1,SEC EDGAR,0001141391-18-000009,https://www.sec.gov/Archives/edgar/data/1141391/000114139118000009/ma12312017-10xk.htm,deterministic explicit-entity and relation-pattern extraction v2,unique_universe_match,public_at_sec_acceptance,candidate_review_required
ee079ce2d458885ed9878f3ee64f38ab368ec24a27f84c17e10e97e31c0173c8,CMIN-US:MA,CMIN-US:V,MA,V,customer,"10.26.1 Amendment to Omnibus Agreement Regarding Interchange Litigation Judgment Sharing and Settlement Sharing, dated as of August 25, 2014, by and among Mastercard Incorporated, Mastercard International Incorporated, Visa Inc., Visa U.S.A Inc., Visa International Service Association and Mastercard’s customer banks that are parties thereto (incorporated by reference to Exhibit 10.1 to the Company’s Quarterly Report on Form 10-Q filed October 30, 2014 (File No.",10-K,2018-02-14,2018-02-14T17:37:09.000Z,0001141391-18-000009,ma12312017-10xk.htm,0.60,low,0.95,0.570000,0.002442,2018-02-14T17:37:09.000Z,,1,SEC EDGAR,0001141391-18-000009,https://www.sec.gov/Archives/edgar/data/1141391/000114139118000009/ma12312017-10xk.htm,deterministic explicit-entity and relation-pattern extraction v2,unique_universe_match,public_at_sec_acceptance,candidate_review_required
b0407780709209182108fece7702b4be01126cc27b6df1ed11d89966580c7c82,CMIN-US:MA,CMIN-US:V,MA,V,customer,"10.26.2 Second Amendment to Omnibus Agreement Regarding Interchange Litigation Judgment Sharing and Settlement Sharing, dated as of October 22, 2015, by and among Mastercard Incorporated, Mastercard International Incorporated, Visa Inc., Visa U.S.A Inc., Visa International Service Association and Mastercard’s customer banks that are parties thereto (incorporated by reference to Exhibit 10.2 to the Company’s Quarterly Report on Form 10-Q filed October 29, 2015 (File No.",10-K,2018-02-14,2018-02-14T17:37:09.000Z,0001141391-18-000009,ma12312017-10xk.htm,0.60,low,0.95,0.570000,0.002442,2018-02-14T17:37:09.000Z,,1,SEC EDGAR,0001141391-18-000009,https://www.sec.gov/Archives/edgar/data/1141391/000114139118000009/ma12312017-10xk.htm,deterministic explicit-entity and relation-pattern extraction v2,unique_universe_match,public_at_sec_acceptance,candidate_review_required
a13196335c90d1d1e7da40c2f74fe79cfdf584bb3d67fc5179b0d25545f62fcf,CMIN-US:MA,CMIN-US:V,MA,V,customer,"Inc. and Visa International Service Association; the Class Plaintiffs defined therein; and the Customer Banks defined therein (incorporated by reference to Exhibit 10.2 to the Company’s Quarterly Report on Form 10-Q filed October 31, 2012 (File No.",10-K,2018-02-14,2018-02-14T17:37:09.000Z,0001141391-18-000009,ma12312017-10xk.htm,0.60,low,0.95,0.570000,0.002442,2018-02-14T17:37:09.000Z,,1,SEC EDGAR,0001141391-18-000009,https://www.sec.gov/Archives/edgar/data/1141391/000114139118000009/ma12312017-10xk.htm,deterministic explicit-entity and relation-pattern extraction v2,unique_universe_match,public_at_sec_acceptance,candidate_review_required
5de9397ae51b5dc15df4ee85e31be987aa523f671abdc9edcbf748f038fea96e,CMIN-US:V,CMIN-US:MA,V,MA,supplier,"Prior to the reversal of the settlement approval, merchants representing slightly more than 25% of the Mastercard and Visa purchase volume over the relevant period chose to opt out of the class settlement.",10-K,2018-02-14,2018-02-14T17:37:09.000Z,0001141391-18-000009,ma12312017-10xk.htm,0.60,low,0.95,0.570000,0.002442,2018-02-14T17:37:09.000Z,,1,SEC EDGAR,0001141391-18-000009,https://www.sec.gov/Archives/edgar/data/1141391/000114139118000009/ma12312017-10xk.htm,deterministic explicit-entity and relation-pattern extraction v2,unique_universe_match,public_at_sec_acceptance,candidate_review_required
9253228a490cdf46accd494dcfae5af1cf6f01bde26787b33dd5f80b08df949d,CMIN-US:CTA-PB,CMIN-US:MMM,CTA-PB,MMM,supplier,"Plaintiffs claim that PFOA used at the facilities was purchased from or manufactured by the company and co-defendant, 3M Company.",10-K,2018-02-15,2018-02-15T19:13:18.000Z,0000030554-18-000002,dd-12x31x201710xk.htm,0.60,low,0.95,0.570000,0.002452,2018-02-15T19:13:18.000Z,,1,SEC EDGAR,0000030554-18-000002,https://www.sec.gov/Archives/edgar/data/30554/000003055418000002/dd-12x31x201710xk.htm,deterministic explicit-entity and relation-pattern extraction v2,unique_universe_match,public_at_sec_acceptance,candidate_review_required
8ac3865ed2f5458500d2a7fe8c917f36fb4acce10ce44c694c51c89e77b86b94,CMIN-US:ABBV,CMIN-US:JNJ,ABBV,JNJ,strategic_partner,"Intangible assets were related to the IMBRUVICA developed product rights, IPR&D in the United States for additional IMBRUVICA indications and the contractual rights to IMBRUVICA profits and losses outside the United States as a result of the collaboration agreement with Janssen Biotech, Inc. and its affiliates (Janssen), one of the Janssen Pharmaceutical companies of Johnson & Johnson.",10-K,2018-02-16,2018-02-16T17:40:01.000Z,0001551152-18-000014,abbv-20171231x10k.htm,0.60,low,0.95,0.570000,0.002461,2018-02-16T17:40:01.000Z,,0,SEC EDGAR,0001551152-18-000014,https://www.sec.gov/Archives/edgar/data/1551152/000155115218000014/abbv-20171231x10k.htm,deterministic explicit-entity and relation-pattern extraction v2,unique_universe_match,public_at_sec_acceptance,candidate_review_required
a3ea8582e7b48779ef1139c6441e2c6c606fcaeb2007362727e810ddcb79dae9,CMIN-US:JNJ,CMIN-US:ABT,JNJ,ABT,supplier,"to Johnson & Johnson for $4.325 billion in cash, subject to customary purchase price adjustments for cash, debt and working capital.",10-K,2018-02-16,2018-02-16T21:04:37.000Z,0001047469-18-000856,a2234264z10-k.htm,0.60,low,0.95,0.570000,0.002461,2018-02-16T21:04:37.000Z,,1,SEC EDGAR,0001047469-18-000856,https://www.sec.gov/Archives/edgar/data/1800/000104746918000856/a2234264z10-k.htm,deterministic explicit-entity and relation-pattern extraction v2,unique_universe_match,public_at_sec_acceptance,candidate_review_required
ad44481e2f3ed54aa2e747131d3e781eb2690a72f3432406d33c23754c55547a,CMIN-US:LLY,CMIN-US:NVS,LLY,NVS,supplier,"BIVIVP has been integrated into our animal health products segment and, as a result of these integration efforts, certain parts of the animal health business were operating on a combined basis during this period and we could not distinguish the operations between BIVIVP and our legacy animal health products business.Novartis AH AcquisitionOverview of TransactionOn January 1, 2015, we acquired from Novartis AG all of the shares of certain Novartis subsidiaries and the assets and liabilities of other Novartis subsidiaries that were exclusively related to the Novartis AH business in an all-cash transaction for a total purchase price of $5.28 billion, $5.41 billion of which was funded by cash held in escrow at December 31, 2014.As a condition to the clearance of the transaction under the Hart-Scott-Rodino Antitrust Improvements Act, following the closing of the acquisition of Novartis AH, we divested certain animal health assets in the U.S. related to the Sentinel® canine parasiticide franchise to Virbac Corporation for approximately $410.0 million.",10-K,2018-02-20,2018-02-20T22:27:37.000Z,0000059478-18-000089,lly-20171231x10xk.htm,0.60,low,0.95,0.570000,0.002499,2018-02-20T22:27:37.000Z,,1,SEC EDGAR,0000059478-18-000089,https://www.sec.gov/Archives/edgar/data/59478/000005947818000089/lly-20171231x10xk.htm,deterministic explicit-entity and relation-pattern extraction v2,unique_universe_match,public_at_sec_acceptance,candidate_review_required
54dce11cb1f1ea19d0606f4846ce14d311c1888352291720ca24caf8b2b5f195,CMIN-US:LLY,CMIN-US:PFE,LLY,PFE,strategic_partner,"Incyte is also eligible to receive up to $150.0 million of potential sales-based milestones.TanezumabWe have a collaboration agreement with Pfizer Inc. (Pfizer) to jointly develop and globally commercialize tanezumab for the treatment of osteoarthritis pain, chronic low back pain and cancer pain.",10-K,2018-02-20,2018-02-20T22:27:37.000Z,0000059478-18-000089,lly-20171231x10xk.htm,0.82,medium,0.95,0.779000,0.003416,2018-02-20T22:27:37.000Z,,0,SEC EDGAR,0000059478-18-000089,https://www.sec.gov/Archives/edgar/data/59478/000005947818000089/lly-20171231x10xk.htm,deterministic explicit-entity and relation-pattern extraction v2,unique_universe_match,public_at_sec_acceptance,accepted
b537f7b99187ecf56046bf00bce6a53b77adc1af5bceadf217532036cf2e1693,CMIN-US:LLY,CMIN-US:PFE,LLY,PFE,strategic_partner,"As of December 31, 2017, Pfizer is eligible to receive up to $350.0 million in success-based regulatory milestones and up to $1.23 billion in a series of sales-based milestones, contingent upon the commercial success of tanezumab.LanabecestatWe have a collaboration agreement with AstraZeneca for the worldwide co-development and co-commercialization of AstraZeneca’s lanabecestat, an oral beta-secretase cleaving enzyme (BACE) inhibitor being investigated for the potential treatment of Alzheimer’s disease.",10-K,2018-02-20,2018-02-20T22:27:37.000Z,0000059478-18-000089,lly-20171231x10xk.htm,0.60,low,0.95,0.570000,0.002499,2018-02-20T22:27:37.000Z,,0,SEC EDGAR,0000059478-18-000089,https://www.sec.gov/Archives/edgar/data/59478/000005947818000089/lly-20171231x10xk.htm,deterministic explicit-entity and relation-pattern extraction v2,unique_universe_match,public_at_sec_acceptance,candidate_review_required
6e5280ca7c45a4d7b9d422281fffc0058aa9cb758a408fedc6aa5e4f6e3fae0c,CMIN-US:NVS,CMIN-US:LLY,NVS,LLY,supplier,"Exhibits2.1 Stock and Asset Purchase Agreement between Novartis AG and Eli Lilly and Company dated as of April 22, 2014 2.2 First Amendment to Stock and Asset Purchase Agreement between Novartis AG and Eli Lilly and Company dated as of December 17, 2014 3.1 Amended Articles of Incorporation 3.2 Bylaws, as amended 4.1 Indenture with respect to Debt Securities dated as of February 1, 1991, between Eli Lilly and Company and Deutsche Bank Trust Company Americas, as successor trustee to Citibank, N.A., Trustee 4.2 Agreement dated September 13, 2007 appointing Deutsche Bank Trust Company Americas as Successor Trustee under the Indenture listed above 10.1 2002 Lilly Stock Plan, as amended(1) 10.2 Form of Performance Award under the 2002 Lilly Stock Plan(1) 10.3 Form of Shareholder Value Award under the 2002 Lilly Stock Plan(1) 10.4 The Lilly Deferred Compensation Plan, as amended(1) 10.5 The Lilly Directors’ Deferral Plan, as amended(1) 10.6 The Eli Lilly and Company Bonus Plan, as amended(1) 10.7 The Eli Lilly and Company Executive Officer Incentive Plan(1) 10.8 2007 Change in Control Severance Pay Plan for Select Employees, as amended(1) 12 Statement re: Computation of Ratio of Earnings to Fixed Charges 21 List of Subsidiaries 23 Consent of Independent Registered Public Accounting Firm 31.1 Rule 13a-14(a) Certification of David A.",10-K,2018-02-20,2018-02-20T22:27:37.000Z,0000059478-18-000089,lly-20171231x10xk.htm,0.60,low,0.95,0.570000,0.002499,2018-02-20T22:27:37.000Z,,1,SEC EDGAR,0000059478-18-000089,https://www.sec.gov/Archives/edgar/data/59478/000005947818000089/lly-20171231x10xk.htm,deterministic explicit-entity and relation-pattern extraction v2,unique_universe_match,public_at_sec_acceptance,candidate_review_required
87e9f0593ffc3ed5bd6654aa10aec91d474f42e2b4796069104e95acf35cb18b,CMIN-US:NVS,CMIN-US:LLY,NVS,LLY,supplier,"In subsequent uses of the marks in the report, the symbols may be omitted.Actos® is a trademark of Takeda Pharmaceutical Company Limited.ENHANZE™ is a trademark of Halozyme Therapeutics, Inc.Byetta® is a trademark of Amylin Pharmaceuticals, Inc.Glyxambi®, Jardiance®, Jentadueto®, Synjardy® and Trajenta® are trademarks of Boehringer Ingelheim GmbH.Sentinel® is a trademark of Virbac Corporation.Viagra® is a trademark of Pfizer Inc.119Index to ExhibitsThe following documents are filed as part of this report:Exhibit Location 2.1 Stock and Asset Purchase Agreement between Novartis AG and Eli Lilly and Company dated as of April 22, 2014 Incorporated by reference to Exhibit 2 to the Company's Report on Form 10-Q for the quarter ended June 30, 2014 2.2 First Amendment to Stock and Asset Purchase Agreement between Novartis AG and Eli Lilly and Company dated as of December 17, 2014 (confidential treatment requested for certain information in this Amendment) Incorporated by reference to Exhibit 2.2 to the Company's Report on Form 10-K for the year ended December 31, 2014 3.1 Amended Articles of Incorporation Incorporated by reference to Exhibit 3.1 to the Company's Report on Form 10-K for the year ended December 31, 2013 3.2 Bylaws, as amended Bylaws, as amended, are incorporated by reference to Exhibit 99.1 to the Company's Report on Form 8-K dated on August, 29, 2017 4.1 Indenture with respect to Debt Securities dated as of February 1, 1991, between Eli Lilly and Company and Deutsche Bank Trust Company Americas, as successor trustee to Citibank, N.A., Trustee Incorporated by reference to Exhibit 4.1 to the Company’s Registration Statement on Form S-3, Registration No.",10-K,2018-02-20,2018-02-20T22:27:37.000Z,0000059478-18-000089,lly-20171231x10xk.htm,0.60,low,0.95,0.570000,0.002499,2018-02-20T22:27:37.000Z,,1,SEC EDGAR,0000059478-18-000089,https://www.sec.gov/Archives/edgar/data/59478/000005947818000089/lly-20171231x10xk.htm,deterministic explicit-entity and relation-pattern extraction v2,unique_universe_match,public_at_sec_acceptance,candidate_review_required
d1a4c16d3c26cb8a2f4af0fbe3a24379d0061b47796871077f868e615633083a,CMIN-US:PFE,CMIN-US:LLY,PFE,LLY,supplier,"In subsequent uses of the marks in the report, the symbols may be omitted.Actos® is a trademark of Takeda Pharmaceutical Company Limited.ENHANZE™ is a trademark of Halozyme Therapeutics, Inc.Byetta® is a trademark of Amylin Pharmaceuticals, Inc.Glyxambi®, Jardiance®, Jentadueto®, Synjardy® and Trajenta® are trademarks of Boehringer Ingelheim GmbH.Sentinel® is a trademark of Virbac Corporation.Viagra® is a trademark of Pfizer Inc.119Index to ExhibitsThe following documents are filed as part of this report:Exhibit Location 2.1 Stock and Asset Purchase Agreement between Novartis AG and Eli Lilly and Company dated as of April 22, 2014 Incorporated by reference to Exhibit 2 to the Company's Report on Form 10-Q for the quarter ended June 30, 2014 2.2 First Amendment to Stock and Asset Purchase Agreement between Novartis AG and Eli Lilly and Company dated as of December 17, 2014 (confidential treatment requested for certain information in this Amendment) Incorporated by reference to Exhibit 2.2 to the Company's Report on Form 10-K for the year ended December 31, 2014 3.1 Amended Articles of Incorporation Incorporated by reference to Exhibit 3.1 to the Company's Report on Form 10-K for the year ended December 31, 2013 3.2 Bylaws, as amended Bylaws, as amended, are incorporated by reference to Exhibit 99.1 to the Company's Report on Form 8-K dated on August, 29, 2017 4.1 Indenture with respect to Debt Securities dated as of February 1, 1991, between Eli Lilly and Company and Deutsche Bank Trust Company Americas, as successor trustee to Citibank, N.A., Trustee Incorporated by reference to Exhibit 4.1 to the Company’s Registration Statement on Form S-3, Registration No.",10-K,2018-02-20,2018-02-20T22:27:37.000Z,0000059478-18-000089,lly-20171231x10xk.htm,0.60,low,0.95,0.570000,0.002499,2018-02-20T22:27:37.000Z,,1,SEC EDGAR,0000059478-18-000089,https://www.sec.gov/Archives/edgar/data/59478/000005947818000089/lly-20171231x10xk.htm,deterministic explicit-entity and relation-pattern extraction v2,unique_universe_match,public_at_sec_acceptance,candidate_review_required
869e60c163cc7dfb04a1e7b6046332242db48b8ae6792c84e12cf712ca56ebc5,CMIN-US:DUK,CMIN-US:C-PJ,DUK,C-PJ,customer,"Forward-looking statements speak only as of the date they are made and the Duke Energy Registrants expressly disclaim an obligation to publicly update or revise any forward-looking statements, whether as a result of new information, future events or otherwise.Glossary of Terms The following terms or acronyms used in this Form 10-K are defined below:Term or AcronymDefinition 2013 SettlementRevised and Restated Stipulation and Settlement Agreement approved in November 2013 among Duke Energy Florida, the Florida OPC and other customer advocates the 2015 PlanDuke Energy Corporation 2015 Long-Term Incentive Plan 2017 SettlementSecond Revised and Restated Settlement Agreement in 2017 among Duke Energy Florida, the Florida OPC and other customer advocates, which replaces and supplants the 2013 Settlement ACPAtlantic Coast Pipeline, LLC, a limited liability company owned by Dominion, Duke Energy and Southern Company Gas ACP PipelineThe approximately 600-mile proposed interstate natural gas pipeline ADITNet Accumulated Deferred Income Tax AFUDCAllowance for funds used during construction the AgentsWells Fargo Securities, LLC, Citigroup Global Market Inc.,J.P.",10-K,2018-02-21,2018-02-21T21:28:38.000Z,0001326160-18-000034,duk-20171231x10k.htm,0.60,low,0.95,0.570000,0.002509,2018-02-21T21:28:38.000Z,,1,SEC EDGAR,0001326160-18-000034,https://www.sec.gov/Archives/edgar/data/1326160/000132616018000034/duk-20171231x10k.htm,deterministic explicit-entity and relation-pattern extraction v2,unique_universe_match,public_at_sec_acceptance,candidate_review_required
6440c63c096593d0659247d16f77157a94462078b26979364d3b6a492f044ebb,CMIN-US:DUK,CMIN-US:SO,DUK,SO,supplier,"2025I-4 Table of Contents Index to Financial StatementsBlock Sales PPAs (continued)Facility/Source Counterparty MWs(1) Contract TermRowan CC Unit 4 Duke Energy Progress, LLC 150 through Dec.",10-K,2018-02-21,2018-02-21T02:22:00.000Z,0000092122-18-000012,so_10-kx12312017.htm,0.60,low,0.95,0.570000,0.002509,2018-02-21T02:22:00.000Z,,1,SEC EDGAR,0000092122-18-000012,https://www.sec.gov/Archives/edgar/data/92122/000009212218000012/so_10-kx12312017.htm,deterministic explicit-entity and relation-pattern extraction v2,unique_universe_match,public_at_sec_acceptance,candidate_review_required
7612b16850bc02346ab478879810d7daebab274fd74ed57ad3945e83978d4dbe,CMIN-US:DUK,CMIN-US:SO,DUK,SO,supplier,This purchase was contingent upon the closing of the merger between Piedmont and Duke Energy Corporation (Duke Energy).,10-K,2018-02-21,2018-02-21T02:22:00.000Z,0000092122-18-000012,so_10-kx12312017.htm,0.60,low,0.95,0.570000,0.002509,2018-02-21T02:22:00.000Z,,1,SEC EDGAR,0000092122-18-000012,https://www.sec.gov/Archives/edgar/data/92122/000009212218000012/so_10-kx12312017.htm,deterministic explicit-entity and relation-pattern extraction v2,unique_universe_match,public_at_sec_acceptance,candidate_review_required
ffc1b83b60a86053732864ba5f3eb6694aa0cb79ff17755df1d4f9fe4e699ad3,CMIN-US:JNJ,CMIN-US:ABBV,JNJ,ABBV,customer,"In general, the income statement presentation for these collaborations is as follows:Nature/Type of Collaboration Statement of Earnings PresentationThird-party sale of product Sales to customersRoyalties/milestones paid to collaborative partner (post-regulatory approval)* Cost of products soldRoyalties received from collaborative partner Other income (expense), netUpfront payments & milestones paid to collaborative partner (pre-regulatory approval) Research and development expenseResearch and development payments to collaborative partner Research and development expenseResearch and development payments received from collaborative partner Reduction of Research and development expense* Milestones are capitalized as intangible assets and amortized to cost of products sold over the useful life.For all years presented, there was no individual project that represented greater than 5% of the total annual consolidated research and development expense.The Company has a number of products and compounds developed in collaboration with strategic partners including XARELTO®, co-developed with Bayer HealthCare AG and IMBRUVICA®, developed in collaboration and co-marketed with Pharmacyclics LLC, an AbbVie company.",10-K,2018-02-21,2018-02-21T21:49:20.000Z,0000200406-18-000005,form10-k20171231.htm,0.60,low,0.95,0.570000,0.002509,2018-02-21T21:49:20.000Z,,1,SEC EDGAR,0000200406-18-000005,https://www.sec.gov/Archives/edgar/data/200406/000020040618000005/form10-k20171231.htm,deterministic explicit-entity and relation-pattern extraction v2,unique_universe_match,public_at_sec_acceptance,candidate_review_required
e19a9ed78c8d92f767d73dd259d09fd9abef7df1963fd8ffed0e22d81c785770,CMIN-US:SO,CMIN-US:CVX,SO,CVX,customer,"Titles to PropertyThe traditional electric operating companies', Southern Power's, and SEGCO's interests in the principal plants (other than certain pollution control facilities and the land on which five combustion turbine generators of Mississippi Power are located, which is held by easement) and other important units of the respective companies are owned in fee by such companies, subject only to the (1) liens pursuant to pollution control revenue bonds of Gulf Power on specific pollution control facilities at Plant Daniel, (2) liens pursuant to the assumption of debt obligations by Mississippi Power in connection with the acquisition of Plant Daniel Units 3 and 4, (3) liens pursuant to the agreements entered into with Mississippi Power's largest customer, Chevron Products Company (Chevron), on October 4, 2017, on the co-generation assets located at the Chevron refinery, (4) liens associated with Georgia Power's reimbursement obligations to the DOE under its loan guarantee, which are secured by a first priority lien on (a) Georgia Power's 45.7% undivided ownership interest in Plant Vogtle Units 3 and 4 and (b) Georgia Power's rights and obligations under the principal contracts relating to Plant Vogtle Units 3 and 4, and (5) liens associated with two PPAs assumed as part of the acquisition of the Mankato project in October 2016 by Southern Power Company.",10-K,2018-02-21,2018-02-21T02:22:00.000Z,0000092122-18-000012,so_10-kx12312017.htm,0.60,low,0.95,0.570000,0.002509,2018-02-21T02:22:00.000Z,,1,SEC EDGAR,0000092122-18-000012,https://www.sec.gov/Archives/edgar/data/92122/000009212218000012/so_10-kx12312017.htm,deterministic explicit-entity and relation-pattern extraction v2,unique_universe_match,public_at_sec_acceptance,candidate_review_required
5ec38d283e14fc58da0b62189e4004bfb54f86385a54a5fa68a8c5cf3544f62f,CMIN-US:SO,CMIN-US:CVX,SO,CVX,customer,"See ""Plant Daniel Revenue Bonds"" herein for additional information.On October 4, 2017, Mississippi Power executed agreements with its largest retail customer, Chevron Products Company (Chevron), to continue providing retail service to the Chevron refinery in Pascagoula, Mississippi through 2038, subject to the approval of the Mississippi PSC.",10-K,2018-02-21,2018-02-21T02:22:00.000Z,0000092122-18-000012,so_10-kx12312017.htm,0.60,low,0.95,0.570000,0.002509,2018-02-21T02:22:00.000Z,,1,SEC EDGAR,0000092122-18-000012,https://www.sec.gov/Archives/edgar/data/92122/000009212218000012/so_10-kx12312017.htm,deterministic explicit-entity and relation-pattern extraction v2,unique_universe_match,public_at_sec_acceptance,candidate_review_required
fc451e0c28ca26f36ffd02b743f43cecf84098771586fcce4bca52450455896f,CMIN-US:SO,CMIN-US:CVX,SO,CVX,customer,"See ""Retail Regulatory Matters"" herein and Note 3 to the financial statements under ""Retail Regulatory Matters – Performance Evaluation Plan"" for more information.On October 4, 2017, the Company executed agreements with its largest retail customer, Chevron Products Company (Chevron), to continue providing retail service to the Chevron refinery in Pascagoula, Mississippi through 2038, subject to the approval of the Mississippi PSC.",10-K,2018-02-21,2018-02-21T02:22:00.000Z,0000092122-18-000012,so_10-kx12312017.htm,0.60,low,0.95,0.570000,0.002509,2018-02-21T02:22:00.000Z,,1,SEC EDGAR,0000092122-18-000012,https://www.sec.gov/Archives/edgar/data/92122/000009212218000012/so_10-kx12312017.htm,deterministic explicit-entity and relation-pattern extraction v2,unique_universe_match,public_at_sec_acceptance,candidate_review_required
ccfda5240cbef6932a0b6222c81d928df526b92638dcc0e0b7f835c9656e9e0f,CMIN-US:SO,CMIN-US:CVX,SO,CVX,customer,"On October 4, 2017, the Company executed agreements with its largest retail customer, Chevron, to continue providing retail service to the Chevron refinery in Pascagoula, Mississippi through 2038.",10-K,2018-02-21,2018-02-21T02:22:00.000Z,0000092122-18-000012,so_10-kx12312017.htm,0.60,low,0.95,0.570000,0.002509,2018-02-21T02:22:00.000Z,,1,SEC EDGAR,0000092122-18-000012,https://www.sec.gov/Archives/edgar/data/92122/000009212218000012/so_10-kx12312017.htm,deterministic explicit-entity and relation-pattern extraction v2,unique_universe_match,public_at_sec_acceptance,candidate_review_required
2398ecce9d8a1361e6a6fd1f743ed957054552ca03bd4547cb43da58bcf10d2a,CMIN-US:SO,CMIN-US:CVX,SO,CVX,customer,"See ""Plant Daniel Revenue Bonds"" herein for additional information.On October 4, 2017, the Company executed agreements with its largest retail customer, Chevron Products Company (Chevron), to continue providing retail service to the Chevron refinery in Pascagoula, Mississippi through 2038, subject to the approval of the Mississippi PSC.",10-K,2018-02-21,2018-02-21T02:22:00.000Z,0000092122-18-000012,so_10-kx12312017.htm,0.60,low,0.95,0.570000,0.002509,2018-02-21T02:22:00.000Z,,1,SEC EDGAR,0000092122-18-000012,https://www.sec.gov/Archives/edgar/data/92122/000009212218000012/so_10-kx12312017.htm,deterministic explicit-entity and relation-pattern extraction v2,unique_universe_match,public_at_sec_acceptance,candidate_review_required
409196a05c6ee0bfd4a87b5fff25d940b63ce57b52eb9f4c59f103e1d89db39a,CMIN-US:SO,CMIN-US:DUK,SO,DUK,customer,"Southern Power's top three customers, Georgia Power, Duke Energy Corporation, and Morgan Stanley Capital Group accounted for 11.3%, 6.7%, and 4.5%, respectively, of Southern Power's total revenues for the year ended December 31, 2017.",10-K,2018-02-21,2018-02-21T02:22:00.000Z,0000092122-18-000012,so_10-kx12312017.htm,0.60,low,0.95,0.570000,0.002509,2018-02-21T02:22:00.000Z,,1,SEC EDGAR,0000092122-18-000012,https://www.sec.gov/Archives/edgar/data/92122/000009212218000012/so_10-kx12312017.htm,deterministic explicit-entity and relation-pattern extraction v2,unique_universe_match,public_at_sec_acceptance,candidate_review_required
c183e0b58ec0a958039995897c06b73ace432e6461defb976584846b86bc2cd2,CMIN-US:SO,CMIN-US:DUK,SO,DUK,customer,The following table shows the percentage of total revenues for the Company's top three customers for each of the years presented: 2017 2016 2015Georgia Power11.3% 16.5% 15.8%Duke Energy Corporation6.7% 7.8% 8.2%Morgan Stanley Capital Group4.5% N/A N/ASan Diego Gas & Electric CompanyN/A 5.7% N/AFlorida Power & Light CompanyN/A N/A 10.7%Fuel CostsFuel costs are expensed as the fuel is used.,10-K,2018-02-21,2018-02-21T02:22:00.000Z,0000092122-18-000012,so_10-kx12312017.htm,0.60,low,0.95,0.570000,0.002509,2018-02-21T02:22:00.000Z,,1,SEC EDGAR,0000092122-18-000012,https://www.sec.gov/Archives/edgar/data/92122/000009212218000012/so_10-kx12312017.htm,deterministic explicit-entity and relation-pattern extraction v2,unique_universe_match,public_at_sec_acceptance,candidate_review_required
71543138b0373eb58105676e01e428abd012ba93859b86c7c89fd99426f1dbd8,CMIN-US:SO,CMIN-US:DUK,SO,DUK,supplier,"In October 2016, after Piedmont and Duke Energy completed their merger, GNG completed its purchase of Piedmont's interest in SouthStar and paid a purchase price of $160 million and $15 million for Piedmont's share of SouthStar's 2016 earnings through the date of acquisition.At December 31, 2015, the Company presented the noncontrolling interest related to Piedmont's interest in SouthStar as a component in equity.",10-K,2018-02-21,2018-02-21T02:22:00.000Z,0000092122-18-000012,so_10-kx12312017.htm,0.60,low,0.95,0.570000,0.002509,2018-02-21T02:22:00.000Z,,1,SEC EDGAR,0000092122-18-000012,https://www.sec.gov/Archives/edgar/data/92122/000009212218000012/so_10-kx12312017.htm,deterministic explicit-entity and relation-pattern extraction v2,unique_universe_match,public_at_sec_acceptance,candidate_review_required
d7f12baa5b7e78865ea1382694ea764360a31d382747a0b5d1adda109ac2ae64,CMIN-US:SO,CMIN-US:MS,SO,MS,customer,"Southern Power's top three customers, Georgia Power, Duke Energy Corporation, and Morgan Stanley Capital Group accounted for 11.3%, 6.7%, and 4.5%, respectively, of Southern Power's total revenues for the year ended December 31, 2017.",10-K,2018-02-21,2018-02-21T02:22:00.000Z,0000092122-18-000012,so_10-kx12312017.htm,0.60,low,0.95,0.570000,0.002509,2018-02-21T02:22:00.000Z,,1,SEC EDGAR,0000092122-18-000012,https://www.sec.gov/Archives/edgar/data/92122/000009212218000012/so_10-kx12312017.htm,deterministic explicit-entity and relation-pattern extraction v2,unique_universe_match,public_at_sec_acceptance,candidate_review_required
aea0b64f5a61edb48b9de1a6e379443fed617381f8b88d4fc75d5b13563edd05,CMIN-US:SO,CMIN-US:MS,SO,MS,customer,The following table shows the percentage of total revenues for the Company's top three customers for each of the years presented: 2017 2016 2015Georgia Power11.3% 16.5% 15.8%Duke Energy Corporation6.7% 7.8% 8.2%Morgan Stanley Capital Group4.5% N/A N/ASan Diego Gas & Electric CompanyN/A 5.7% N/AFlorida Power & Light CompanyN/A N/A 10.7%Fuel CostsFuel costs are expensed as the fuel is used.,10-K,2018-02-21,2018-02-21T02:22:00.000Z,0000092122-18-000012,so_10-kx12312017.htm,0.60,low,0.95,0.570000,0.002509,2018-02-21T02:22:00.000Z,,1,SEC EDGAR,0000092122-18-000012,https://www.sec.gov/Archives/edgar/data/92122/000009212218000012/so_10-kx12312017.htm,deterministic explicit-entity and relation-pattern extraction v2,unique_universe_match,public_at_sec_acceptance,candidate_review_required
d82ef88f0fa01447b34976832793887ee19082e960b4b587f6d8c15d2f4046e6,CMIN-US:BRK-A,CMIN-US:BAC,BRK-A,BAC,supplier,"Moynihan110-K10(jjj)2/25/111-6523(ff)Securities Purchase Agreement dated August 25, 2011 between registrant and Berkshire Hathaway Inc. (including forms of the Certificate of Designations, Warrant and Registration Rights Agreement) 8-K1.18/25/111-6523(gg)First Amendment to Aircraft Time Sharing Agreement dated June 15, 2015 between Bank of America, N.A. and Brian T.",10-K,2018-02-22,2018-02-22T21:10:05.000Z,0000070858-18-000009,bac-1231201710xk.htm,0.60,low,0.95,0.570000,0.002519,2018-02-22T21:10:05.000Z,,1,SEC EDGAR,0000070858-18-000009,https://www.sec.gov/Archives/edgar/data/70858/000007085818000009/bac-1231201710xk.htm,deterministic explicit-entity and relation-pattern extraction v2,unique_universe_match,public_at_sec_acceptance,candidate_review_required
d80a9bea074278139da3782b3a9802b44c86277a4bd94e8f60b18552f7e8a200,CMIN-US:PFE,CMIN-US:JNJ,PFE,JNJ,strategic_partner,"District Court for the Eastern District of Pennsylvania against Johnson & Johnson (J&J) alleging that J&J’s exclusionary contracts and other anticompetitive practices concerning Remicade® (infliximab) violate federal antitrust laws.Pfizer Inc.2017 Form 10-K11TABLE OF CONTENTSDEPENDENCE ON KEY IN-LINE PRODUCTSWe recorded direct product and/or alliance revenues of more than $1 billion for each of nine biopharmaceutical products in 2017: Prevnar 13/Prevenar 13, Lyrica, Ibrance, Eliquis, Enbrel, Lipitor, Xeljanz, Viagra and Sutent.",10-K,2018-02-22,2018-02-22T20:42:15.000Z,0000078003-18-000027,pfe-12312017x10kshell.htm,0.60,low,0.95,0.570000,0.002519,2018-02-22T20:42:15.000Z,,0,SEC EDGAR,0000078003-18-000027,https://www.sec.gov/Archives/edgar/data/78003/000007800318000027/pfe-12312017x10kshell.htm,deterministic explicit-entity and relation-pattern extraction v2,unique_universe_match,public_at_sec_acceptance,candidate_review_required
1fe29dbb67aaa744f5e72235033ec6c8fd2a43c3e05607399b3cb1f6b8e51ddb,CMIN-US:C-PJ,CMIN-US:HD,C-PJ,HD,customer,"Intangible assets amortization expense is estimated to be $503 million in 2018, $479 million in 2019, $332 million in 2020, $314 million in 2021 and $866 million in 2022.The changes in intangible assets were as follows: Net carryingamount at Net carryingamount atIn millions of dollarsDecember 31, 2016Acquisitions/ divestituresAmortizationImpairmentsFX translation and otherDecember 31, 2017Purchased credit card relationships$1,666$20$(149)$—$2$1,539Credit card contract-related intangibles(1)2,9729(393)—12,589Core deposit intangibles30—(20)—111Other customer relationships202—(24)—9187Present value of future profits4————4Indefinite-lived intangible assets210———34244Other30(14)(17)—1514Intangible assets (excluding MSRs)$5,114$15$(603)$—$62$4,588Mortgage servicing rights (MSRs)(2)1,564 558Total intangible assets$6,678 $5,146212(1)Primarily reflects contract-related intangibles associated with the American Airlines, The Home Depot, Costco, Sears and AT&T credit card program agreements, which represent 97% of the aggregate net carrying amount as of December 31, 2017.(2)For additional information on Citi’s MSRs, including the rollforward from 2016 to 2017, see Note 21 to the Consolidated Financial Statements.",10-K,2018-02-23,2018-02-23T13:44:36.000Z,0000831001-18-000040,c-12312017x10k.htm,0.60,low,0.95,0.570000,0.002528,2018-02-23T13:44:36.000Z,,1,SEC EDGAR,0000831001-18-000040,https://www.sec.gov/Archives/edgar/data/831001/000083100118000040/c-12312017x10k.htm,deterministic explicit-entity and relation-pattern extraction v2,unique_universe_match,public_at_sec_acceptance,candidate_review_required
bcf37b0abd1834b04a95a74bd372bf66f966d8bbb5fb249d51004c0c26c293b5,CMIN-US:COST,CMIN-US:GE,COST,GE,supplier,"The assumptions used to measure benefit cost follow.158 GE 2017 FORM 10-K FINANCIAL STATEMENTSPOSTRETIREMENT BENEFIT PLANS ASSUMPTIONS USED TO MEASURE BENEFIT COST December 31201720162015 Discount rate(a)3.75%3.93%3.89%Expected return on assets7.007.007.00(a)Weighted average discount rates of 3.86% and 3.92% were used for determination of costs in 2016 and 2015, respectively.FUNDED STATUS December 31 (In millions)20172016 Accumulated postretirement benefit obligation$6,006$6,289Fair value of plan assets518575Underfunded$5,488$5,714ACCUMULATED POSTRETIREMENT BENEFIT OBLIGATION (In millions)20172016 Balance at January 1$6,289$6,757Service cost for benefits earned94123Interest cost on benefit obligations224249Participant contributions5451Plan amendments(8)(7)Actuarial gain(a)(94)(291)Benefits paid(580)(603)Acquisitions (dispositions) / other - net2710Balance at December 31(b)$6,006$6,289(a)In 2016, primarily associated with lower costs from new healthcare supplier contracts.(b)The benefit obligation for retiree health plans was $4,084 million and $4,366 million at December 31, 2017 and 2016, respectively.THE COMPOSITION OF OUR PLAN ASSETSThe fair value of principal retiree benefit plans’ investments is presented below.",10-K,2018-02-23,2018-02-23T21:52:20.000Z,0000040545-18-000014,ge10-k2017.htm,0.60,low,0.95,0.570000,0.002528,2018-02-23T21:52:20.000Z,,1,SEC EDGAR,0000040545-18-000014,https://www.sec.gov/Archives/edgar/data/40545/000004054518000014/ge10-k2017.htm,deterministic explicit-entity and relation-pattern extraction v2,unique_universe_match,public_at_sec_acceptance,candidate_review_required
a6c7adc8cb56a4298acc0974513f22055acc503f79b44c7b980c3d2a007eb2cd,CMIN-US:DUK,CMIN-US:C-PJ,DUK,C-PJ,customer,"Forward-looking statements speak only as of the date they are made and the Duke Energy Registrants expressly disclaim an obligation to publicly update or revise any forward-looking statements, whether as a result of new information, future events or otherwise.Glossary of Terms The following terms or acronyms used in this Form 10-K are defined below:Term or AcronymDefinition 2013 SettlementRevised and Restated Stipulation and Settlement Agreement approved in November 2013 among Duke Energy Florida, the Florida OPC and other customer advocates the 2015 PlanDuke Energy Corporation 2015 Long-Term Incentive Plan 2017 SettlementSecond Revised and Restated Settlement Agreement in 2017 among Duke Energy Florida, the Florida OPC and other customer advocates, which replaces and supplants the 2013 Settlement ACPAtlantic Coast Pipeline, LLC, a limited liability company owned by Dominion, Duke Energy and Southern Company Gas ACP PipelineThe approximately 600-mile proposed interstate natural gas pipeline ADITNet Accumulated Deferred Income Tax AFUDCAllowance for funds used during construction the AgentsWells Fargo Securities, LLC, Citigroup Global Market Inc.,J.P.",10-K/A,2018-02-23,2018-02-23T01:21:45.000Z,0001326160-18-000036,duk-20171231x10ka.htm,0.60,low,0.95,0.570000,0.002528,2018-02-23T01:21:45.000Z,,1,SEC EDGAR,0001326160-18-000036,https://www.sec.gov/Archives/edgar/data/1326160/000132616018000036/duk-20171231x10ka.htm,deterministic explicit-entity and relation-pattern extraction v2,unique_universe_match,public_at_sec_acceptance,candidate_review_required
7a0d09ad2d3c91cc8e5dd9a39c7d4e5494932405d19f39674fa93b401f0a100f,CMIN-US:GE,CMIN-US:COST,GE,COST,supplier,"COST INFORMATIONCOLLABORATIVE ARRANGEMENTSOur businesses enter into collaborative arrangements primarily with manufacturers and suppliers of components used to build and maintain certain engines, under which GE and these participants share in the risks and rewards of these product programs.",10-K,2018-02-23,2018-02-23T21:52:20.000Z,0000040545-18-000014,ge10-k2017.htm,0.60,low,0.95,0.570000,0.002528,2018-02-23T21:52:20.000Z,,1,SEC EDGAR,0000040545-18-000014,https://www.sec.gov/Archives/edgar/data/40545/000004054518000014/ge10-k2017.htm,deterministic explicit-entity and relation-pattern extraction v2,unique_universe_match,public_at_sec_acceptance,candidate_review_required
18ef590befe62c093d249ecfd96f35497e746260a94212a4f75983785a4aecb7,CMIN-US:GE,CMIN-US:MSFT,GE,MSFT,supplier,"In the U.S. and beyond, traditional utilities and large brands are increasingly choosing renewable energy options - including onshore and offshore wind - based on cost as well as environmental benefits.•Consequently, the renewable energy market is highly competitive, particularly in onshore wind, resulting in significant pricing pressure. •Visible brands like Amazon, Google and Microsoft are increasingly contracting for output from wind and solar farms directly using Power Purchase Agreements (PPAs).",10-K,2018-02-23,2018-02-23T21:52:20.000Z,0000040545-18-000014,ge10-k2017.htm,0.60,low,0.95,0.570000,0.002528,2018-02-23T21:52:20.000Z,,1,SEC EDGAR,0000040545-18-000014,https://www.sec.gov/Archives/edgar/data/40545/000004054518000014/ge10-k2017.htm,deterministic explicit-entity and relation-pattern extraction v2,unique_universe_match,public_at_sec_acceptance,candidate_review_required
4e8baec04e69dab38dd427c8c0b526fa659636beafe566ac14e181d10a76c6bf,CMIN-US:TGT,CMIN-US:GE,TGT,GE,supplier,"Target allocation ranges are guidelines, not limitations, and occasionally plan fiduciaries will approve allocations above or below a target range.According to statute, the aggregate holdings of all qualifying employer securities (e.g., GE common stock) and qualifying employer real property may not exceed 10% of the fair value of trust assets at the time of purchase.",10-K,2018-02-23,2018-02-23T21:52:20.000Z,0000040545-18-000014,ge10-k2017.htm,0.60,low,0.95,0.570000,0.002528,2018-02-23T21:52:20.000Z,,1,SEC EDGAR,0000040545-18-000014,https://www.sec.gov/Archives/edgar/data/40545/000004054518000014/ge10-k2017.htm,deterministic explicit-entity and relation-pattern extraction v2,unique_universe_match,public_at_sec_acceptance,candidate_review_required
07005a8b2cd3b402d0127e5be19ebc044daf2c9f12f71a2abe2753659de5f6ce,CMIN-US:VZ,CMIN-US:AMT,VZ,AMT,supplier,"As the leases expire, American Tower has fixed-price purchase options to acquire these towers based on their anticipated fair market values at the end of the lease terms.",10-K,2018-02-23,2018-02-23T18:15:54.000Z,0000732712-18-000009,a201710-k.htm,0.60,low,0.95,0.570000,0.002528,2018-02-23T18:15:54.000Z,,1,SEC EDGAR,0000732712-18-000009,https://www.sec.gov/Archives/edgar/data/732712/000073271218000009/a201710-k.htm,deterministic explicit-entity and relation-pattern extraction v2,unique_universe_match,public_at_sec_acceptance,candidate_review_required
2234a7d87aa2d8c7e35cbb8935041124f548e71a5a482c73bdfdebe2d52ea63a,CMIN-US:VZ,CMIN-US:EQIX,VZ,EQIX,customer,"Approximately 9,300 Verizon employees who served customers in California, Florida and Texas continued employment with Frontier.In December 2016, we entered into a definitive agreement, which was subsequently amended in March 2017, with Equinix, Inc. (Equinix) pursuant to which we agreed to sell 23 customer-facing data center sites in the U.S. and Latin America for approximately $3.6 billion, subject to certain adjustments (Data Center Sale).",10-K,2018-02-23,2018-02-23T18:15:54.000Z,0000732712-18-000009,a201710-k.htm,0.60,low,0.95,0.570000,0.002528,2018-02-23T18:15:54.000Z,,1,SEC EDGAR,0000732712-18-000009,https://www.sec.gov/Archives/edgar/data/732712/000073271218000009/a201710-k.htm,deterministic explicit-entity and relation-pattern extraction v2,unique_universe_match,public_at_sec_acceptance,candidate_review_required
7eeec8dc3830126f68dac2f5d91f4d46e21079314b3705c85e37ace6c5536b4c,CMIN-US:BRK-A,CMIN-US:BAC,BRK-A,BAC,supplier,"Preferred Stock of Bank of America Corporation (BAC) with a liquidation value of $100,000 per share (BAC Preferred) and warrants to purchase up to 700,000,000 shares of common stock of BAC (BAC Warrants) at",10-K,2018-02-26,2018-02-26T11:12:56.000Z,0001193125-18-057033,d437858d10k.htm,0.60,low,0.95,0.570000,0.002558,2018-02-26T11:12:56.000Z,,1,SEC EDGAR,0001193125-18-057033,https://www.sec.gov/Archives/edgar/data/1067983/000119312518057033/d437858d10k.htm,deterministic explicit-entity and relation-pattern extraction v2,unique_universe_match,public_at_sec_acceptance,candidate_review_required
f4c0c38ea13ffc14a7e5893c56a91f7eaee7d3c1afd3319cf61ec1f02ec3d9db,CMIN-US:BRK-A,CMIN-US:NGG,BRK-A,NGG,customer,"many interstate and intrastate pipelines in the national grid system, has access to supplies from multiple major supply basins and provides transportation services to utilities and numerous other customers.",10-K,2018-02-26,2018-02-26T11:12:56.000Z,0001193125-18-057033,d437858d10k.htm,0.60,low,0.95,0.570000,0.002558,2018-02-26T11:12:56.000Z,,1,SEC EDGAR,0001193125-18-057033,https://www.sec.gov/Archives/edgar/data/1067983/000119312518057033/d437858d10k.htm,deterministic explicit-entity and relation-pattern extraction v2,unique_universe_match,public_at_sec_acceptance,candidate_review_required
44fdf196590f3bdf92b0d266f8019316cb28bf9f9a3befbb26b81d641a36e368,CMIN-US:BRK-A,CMIN-US:WMT,BRK-A,WMT,customer,Substantially all of Garans products are sold through its distribution centers in the United States with sales to Walmart representing over 90% of its sales.,10-K,2018-02-26,2018-02-26T11:12:56.000Z,0001193125-18-057033,d437858d10k.htm,0.97,high,0.95,0.921500,0.004135,2018-02-26T11:12:56.000Z,,1,SEC EDGAR,0001193125-18-057033,https://www.sec.gov/Archives/edgar/data/1067983/000119312518057033/d437858d10k.htm,deterministic explicit-entity and relation-pattern extraction v2,unique_universe_match,public_at_sec_acceptance,accepted
cecbe03f0af72b78baf28cef15c7de5785a97595db093f847efed6f80b4308fd,CMIN-US:BRK-A,CMIN-US:WMT,BRK-A,WMT,customer,"Costco and Walmart are significant customers, representing approximately 25% of Duracells annual revenue.",10-K,2018-02-26,2018-02-26T11:12:56.000Z,0001193125-18-057033,d437858d10k.htm,0.60,low,0.95,0.570000,0.002558,2018-02-26T11:12:56.000Z,,1,SEC EDGAR,0001193125-18-057033,https://www.sec.gov/Archives/edgar/data/1067983/000119312518057033/d437858d10k.htm,deterministic explicit-entity and relation-pattern extraction v2,unique_universe_match,public_at_sec_acceptance,candidate_review_required
7126b1da492870961c0d08224119fdef7f27e255d4b4a9a4c11de6bdafff2768,CMIN-US:BRK-A,CMIN-US:WMT,BRK-A,WMT,customer,by Walmart or its other significant customers could have a material adverse impact on McLanes periodic revenues and earnings.,10-K,2018-02-26,2018-02-26T11:12:56.000Z,0001193125-18-057033,d437858d10k.htm,0.60,low,0.95,0.570000,0.002558,2018-02-26T11:12:56.000Z,,1,SEC EDGAR,0001193125-18-057033,https://www.sec.gov/Archives/edgar/data/1067983/000119312518057033/d437858d10k.htm,deterministic explicit-entity and relation-pattern extraction v2,unique_universe_match,public_at_sec_acceptance,candidate_review_required
09c9667044e200e3208dbfecfc8eb443f6f15e6319e40dbb59d4fd8da5600edc,CMIN-US:BRK-A,CMIN-US:WMT,BRK-A,WMT,customer,"grocery and foodservice businesses generate high sales volumes and very low profit margins and have several significant customers, including Walmart, 7-Eleven and Yum!",10-K,2018-02-26,2018-02-26T11:12:56.000Z,0001193125-18-057033,d437858d10k.htm,0.92,high,0.95,0.874000,0.003922,2018-02-26T11:12:56.000Z,,1,SEC EDGAR,0001193125-18-057033,https://www.sec.gov/Archives/edgar/data/1067983/000119312518057033/d437858d10k.htm,deterministic explicit-entity and relation-pattern extraction v2,unique_universe_match,public_at_sec_acceptance,accepted
f2232842d68f73985aff56ec3620f68ea3e6939e3d6f471445595132d2ae21d8,CMIN-US:BRK-A,CMIN-US:WMT,BRK-A,WMT,customer,"Consolidated sales and service revenues included sales to Walmart Stores, Inc. of approximately $14 billion in 2017 and 2016 and $13 billion in 2015.",10-K,2018-02-26,2018-02-26T11:12:56.000Z,0001193125-18-057033,d437858d10k.htm,0.92,high,0.95,0.874000,0.003922,2018-02-26T11:12:56.000Z,,1,SEC EDGAR,0001193125-18-057033,https://www.sec.gov/Archives/edgar/data/1067983/000119312518057033/d437858d10k.htm,deterministic explicit-entity and relation-pattern extraction v2,unique_universe_match,public_at_sec_acceptance,accepted
dacc3c2c345447b4eb42c103f6cdc960af6f4adae7b6785748aee7bf538c3ac8,CMIN-US:CCI,CMIN-US:AMT,CCI,AMT,supplier,"We face competition for site rental tenants from various sources, including (1) other independent communications infrastructure owners or operators, including competitors that own, operate, or manage towers, rooftops, broadcast towers, utility poles, fiber (including non-traditional competitors such as cable providers) or small cells, or (2) new alternative deployment methods for communications infrastructure.Some of the larger companies with which we compete for Towers segment business opportunities include American Tower Corporation and SBA Communications Corporation.",10-K,2018-02-26,2018-02-26T21:34:57.000Z,0001051470-18-000082,cci10-k123117.htm,0.60,low,0.95,0.570000,0.002558,2018-02-26T21:34:57.000Z,,1,SEC EDGAR,0001051470-18-000082,https://www.sec.gov/Archives/edgar/data/1051470/000105147018000082/cci10-k123117.htm,deterministic explicit-entity and relation-pattern extraction v2,unique_universe_match,public_at_sec_acceptance,candidate_review_required
fb348eff142d9896a8b9caaddce9cf58b5db32ac4d5854d83347673d935b258c,CMIN-US:CCI,CMIN-US:SBAC,CCI,SBAC,supplier,"We face competition for site rental tenants from various sources, including (1) other independent communications infrastructure owners or operators, including competitors that own, operate, or manage towers, rooftops, broadcast towers, utility poles, fiber (including non-traditional competitors such as cable providers) or small cells, or (2) new alternative deployment methods for communications infrastructure.Some of the larger companies with which we compete for Towers segment business opportunities include American Tower Corporation and SBA Communications Corporation.",10-K,2018-02-26,2018-02-26T21:34:57.000Z,0001051470-18-000082,cci10-k123117.htm,0.60,low,0.95,0.570000,0.002558,2018-02-26T21:34:57.000Z,,1,SEC EDGAR,0001051470-18-000082,https://www.sec.gov/Archives/edgar/data/1051470/000105147018000082/cci10-k123117.htm,deterministic explicit-entity and relation-pattern extraction v2,unique_universe_match,public_at_sec_acceptance,candidate_review_required
5137388e35f4e034380e4e0b63c1e3e213f294137aa9c146387b1d0655c3c172,CMIN-US:EQIX,CMIN-US:CSCO,EQIX,CSCO,customer,"As of December 31, 2017, we had more than 9,800 customers worldwide.Customers in our five key customer categories include the following:Cloud and IT ServicesContent ProvidersEnterpriseFinancial CompaniesNetwork and Mobile ServicesAmazon Web ServicesBox Inc.Cisco Systems Inc.",10-K,2018-02-26,2018-02-26T20:46:47.000Z,0001628280-18-002212,eqix_20171231x10k.htm,0.60,low,0.95,0.570000,0.002558,2018-02-26T20:46:47.000Z,,1,SEC EDGAR,0001628280-18-002212,https://www.sec.gov/Archives/edgar/data/1101239/000162828018002212/eqix_20171231x10k.htm,deterministic explicit-entity and relation-pattern extraction v2,unique_universe_match,public_at_sec_acceptance,candidate_review_required
10539ed4e24423d41f62a9fcbbb98841c8405d7035d21992e21dd2e672de6ace,CMIN-US:EQIX,CMIN-US:DLR,EQIX,DLR,supplier,"10-Q 9/30/17 10.1 10.37 Share Purchase Agreement with Digital Realty Trust, L.P., relating to the sale and purchase of shares in TelecityGroup UK LON Limited, Telecity Netherlands AMS01 AMS04 BV, Equinix Real Estate (TCY AMS04) B.V. and TelecityGroup Germany Fra2 GmbH, dated May 14, 2016.",10-K,2018-02-26,2018-02-26T20:46:47.000Z,0001628280-18-002212,eqix_20171231x10k.htm,0.60,low,0.95,0.570000,0.002558,2018-02-26T20:46:47.000Z,,1,SEC EDGAR,0001628280-18-002212,https://www.sec.gov/Archives/edgar/data/1101239/000162828018002212/eqix_20171231x10k.htm,deterministic explicit-entity and relation-pattern extraction v2,unique_universe_match,public_at_sec_acceptance,candidate_review_required
40d79baee3ad0a7a846a136b1f75821d4dc6882bc623211d39622fcc084b2516,CMIN-US:EQIX,CMIN-US:DLR,EQIX,DLR,supplier,"A summary of the allocation of total purchase consideration is presented as follows (in thousands): Paris IBX data centerCash and cash equivalent$4,073Accounts receivable1,507Other current assets794Property, plant and equipment143,972Intangible assets11,758Goodwill48,835Other assets81Total assets acquired211,020Accounts payable and accrued liabilities(2,044)Other current liabilities(2,798)Deferred tax liabilities(42,395)Other liabilities(755)Net assets acquired$163,028On August 1, 2016, the Company completed the purchase of Digital Realty Trust, Inc.'s (""Digital Realty's"") operating business, including its real estate and facility, located in St.",10-K,2018-02-26,2018-02-26T20:46:47.000Z,0001628280-18-002212,eqix_20171231x10k.htm,0.60,low,0.95,0.570000,0.002558,2018-02-26T20:46:47.000Z,,1,SEC EDGAR,0001628280-18-002212,https://www.sec.gov/Archives/edgar/data/1101239/000162828018002212/eqix_20171231x10k.htm,deterministic explicit-entity and relation-pattern extraction v2,unique_universe_match,public_at_sec_acceptance,candidate_review_required
f389a2f304687b54b23b830be37f38472d35a73bdb68231847f90001e3b0d06b,CMIN-US:EQIX,CMIN-US:PLD,EQIX,PLD,supplier,"The Company’s activity of related party transactions was as follows (in thousands): Years ended December 31, 2017 2016 2015Revenues$13,726 $11,822 $10,745Costs and services11,211 14,574 10,808 As of December 31, 2017 2016Accounts receivable$1,321 $1,109Accounts payable744 1,720On February 10, 2016, the Company entered into a purchase and sale agreement to acquire land and a building from Prologis, L.P., with which it shares a common board member, for approximately $6.3 million.",10-K,2018-02-26,2018-02-26T20:46:47.000Z,0001628280-18-002212,eqix_20171231x10k.htm,0.60,low,0.95,0.570000,0.002558,2018-02-26T20:46:47.000Z,,1,SEC EDGAR,0001628280-18-002212,https://www.sec.gov/Archives/edgar/data/1101239/000162828018002212/eqix_20171231x10k.htm,deterministic explicit-entity and relation-pattern extraction v2,unique_universe_match,public_at_sec_acceptance,candidate_review_required
5071074c90468c2a6679df5d7efbf7bb9887047ae55dc310fbba4cc6ac88ec40,CMIN-US:COST,CMIN-US:SRE,COST,SRE,supplier,"Energy-Related Businesses: Revenues and Cost of SalesThe table below shows revenues and cost of sales for our energy-related businesses.ENERGY-RELATED BUSINESSES: REVENUES AND COST OF SALES(Dollars in millions) Years ended December 31, 2017 2016 2015REVENUES Sempra South American Utilities$81 $93 $97Sempra Mexico1,086 637 588Sempra Renewables94 34 36Sempra LNG & Midstream540 440 550Eliminations and adjustments(1)(370) (282) (294)Total revenues$1,431 $922 $977COST OF SALES(2) Cost of natural gas, electric fuel and purchased power: Sempra South American Utilities$20 $13 $22Sempra Mexico252 200 221Sempra LNG & Midstream382 337 375Eliminations and adjustments(1)(315) (273) (283)Total$339 $277 $335Other cost of sales: Sempra South American Utilities$52 $69 $64Sempra Mexico9 10 15Sempra LNG & Midstream(30) 251 79Eliminations and adjustments(1)(7) (8) (10)Total$24$322 $148(1) Includes eliminations of intercompany activity.(2) Excludes depreciation and amortization, which are presented separately on the Sempra Energy Consolidated Statements of Operations.Revenues from our energy-related businesses increased by $509 million (55%) to $1.4 billion in 2017.",10-K,2018-02-27,2018-02-27T20:55:44.000Z,0000086521-18-000019,sreform10k.htm,0.60,low,0.95,0.570000,0.002568,2018-02-27T20:55:44.000Z,,1,SEC EDGAR,0000086521-18-000019,https://www.sec.gov/Archives/edgar/data/1032208/000008652118000019/sreform10k.htm,deterministic explicit-entity and relation-pattern extraction v2,unique_universe_match,public_at_sec_acceptance,candidate_review_required
3d243a93aaa823162141e3252b228c2b8afd2021d114e50cf28169d5da257025,CMIN-US:MSFT,CMIN-US:D,MSFT,D,supplier,"whereby the Commonwealth of Virginia, a non-jurisdictional customer, compensates Virginia Power for the facilitys net electrical energy output, and Microsoft Corporation purchases all environmental",10-K,2018-02-27,2018-02-27T14:13:42.000Z,0001193125-18-059578,d512216d10k.htm,0.60,low,0.95,0.570000,0.002568,2018-02-27T14:13:42.000Z,,1,SEC EDGAR,0001193125-18-059578,https://www.sec.gov/Archives/edgar/data/715957/000119312518059578/d512216d10k.htm,deterministic explicit-entity and relation-pattern extraction v2,unique_universe_match,public_at_sec_acceptance,candidate_review_required
7f4efd0e4b1192a596275a3ad96632df3b9e17e726d4f8486d325b3defb33632,CMIN-US:SRE,CMIN-US:COST,SRE,COST,supplier,"OTHER COST OF SALESOther Cost of Sales primarily includes▪pipeline capacity costs, including the permanent release of pipeline capacity in 2016 and the associated recoveries in 2017, at Sempra LNG & Midstream; ▪pipeline transportation and natural gas marketing costs at Sempra LNG & Midstream;▪electric construction services costs at Sempra South American Utilities’ energy-services companies; and▪energy management service fees and costs associated with construction performed for and invoiced to third parties at Sempra Mexico.OPERATION AND MAINTENANCE EXPENSESOperation and Maintenance includes O&M and general and administrative costs, consisting primarily of personnel costs, purchased materials and services, litigation expense and rent.FOREIGN CURRENCY TRANSLATIONOur operations in South America and our natural gas distribution utility in Mexico use their local currency as their functional currency.",10-K,2018-02-27,2018-02-27T20:55:44.000Z,0000086521-18-000019,sreform10k.htm,0.60,low,0.95,0.570000,0.002568,2018-02-27T20:55:44.000Z,,1,SEC EDGAR,0000086521-18-000019,https://www.sec.gov/Archives/edgar/data/1032208/000008652118000019/sreform10k.htm,deterministic explicit-entity and relation-pattern extraction v2,unique_universe_match,public_at_sec_acceptance,candidate_review_required
f8a1260bb8b682b722332b3f8acefc5ee6f96babb2052286589bff5ce81037a9,CMIN-US:AMT,CMIN-US:VZ,AMT,VZ,supplier,"10.8 (28) 10.51 Sale Site Master Lease Agreement, dated as of March 27, 2015, among certain subsidiaries of the Company, Verizon Communications Inc. and certain of its subsidiaries 10.9 (28) 10.52 MPL Site Master Lease Agreement, dated as of March 27, 2015, among Verizon Communications Inc. and certain of its subsidiaries and ATC Sequoia LLC 10.10 (28) 10.53 Management Agreement, dated as of March 27, 2015, among Verizon Communications Inc., and certain of its subsidiaries and ATC Sequoia LLC 10.11 (28) 10.54 Share Purchase Agreement, dated as of October 21, 2015, amongst ATC Asia Pacific Pte.",10-K,2018-02-28,2018-02-27T22:43:57.000Z,0001053507-18-000006,amt1231201710k.htm,0.60,low,0.95,0.570000,0.002568,2018-02-27T22:43:57.000Z,,1,SEC EDGAR,0001053507-18-000006,https://www.sec.gov/Archives/edgar/data/1053507/000105350718000006/amt1231201710k.htm,deterministic explicit-entity and relation-pattern extraction v2,unique_universe_match,public_at_sec_acceptance,candidate_review_required
65de4b8eddc77e152616a727a7f7aa63d3a3e6cc2be4f69b731a62b9d5ccf9d1,CMIN-US:NVDA,CMIN-US:AVGO,NVDA,AVGO,customer,"Some of our competitors may have greater marketing, financial, distribution and manufacturing resources than we do and may be more able to adapt to customer or technological changes.Our current competitors include:•suppliers or licensors of discrete and integrated GPUs and accelerated computing solutions, including chipsets that incorporate 3D graphics, or HPC or accelerated computing functionality as part of their solutions or platforms, such as Advanced Micro Devices, or AMD, ARM Holdings plc, Imagination Technologies Group plc, Intel Corporation, or Intel, and Xilinx, Inc.; and•suppliers of SOC products that are embedded into automobiles, autonomous machines, and smart devices such as televisions, monitors, set-top boxes, and gaming devices, such as Ambarella, Inc., AMD, Broadcom Ltd., Intel, Qualcomm Incorporated, Renesas Electronics Corporation, Samsung, and Texas Instruments Incorporated.Patents and Proprietary RightsWe rely primarily on a combination of patents, trademarks, trade secrets, employee and third-party nondisclosure agreements, and licensing arrangements to protect our intellectual property in the United States and internationally.",10-K,2018-02-28,2018-02-28T21:31:19.000Z,0001045810-18-000010,nvda-2018x10k.htm,0.60,low,0.95,0.570000,0.002577,2018-02-28T21:31:19.000Z,,1,SEC EDGAR,0001045810-18-000010,https://www.sec.gov/Archives/edgar/data/1045810/000104581018000010/nvda-2018x10k.htm,deterministic explicit-entity and relation-pattern extraction v2,unique_universe_match,public_at_sec_acceptance,candidate_review_required
785567dc44b5e6bcc76991e416107aad63efed22626624dd3386c5b16198974e,CMIN-US:NVDA,CMIN-US:MSFT,NVDA,MSFT,supplier,"Under the agreement, if an individual or corporation makes an offer to purchase shares equal to or greater than 30% of the outstanding shares of our common stock, Microsoft may have first and last rights of refusal to purchase the stock.",10-K,2018-02-28,2018-02-28T21:31:19.000Z,0001045810-18-000010,nvda-2018x10k.htm,0.60,low,0.95,0.570000,0.002577,2018-02-28T21:31:19.000Z,,1,SEC EDGAR,0001045810-18-000010,https://www.sec.gov/Archives/edgar/data/1045810/000104581018000010/nvda-2018x10k.htm,deterministic explicit-entity and relation-pattern extraction v2,unique_universe_match,public_at_sec_acceptance,candidate_review_required
e65de649dbe0409d958bbd2c80d1affab1cbbd10c3b1d803d5c5849e191c0751,CMIN-US:NVDA,CMIN-US:TSLA,NVDA,TSLA,customer,"Datacenter revenue, including Tesla, GRID and DGX, increased 133%, reflecting strong demand from hyperscale and cloud customers for deep learning training and accelerated GPU computing as well as demand for HPC, DGX AI supercomputing and GRID virtualization platforms.",10-K,2018-02-28,2018-02-28T21:31:19.000Z,0001045810-18-000010,nvda-2018x10k.htm,0.60,low,0.95,0.570000,0.002577,2018-02-28T21:31:19.000Z,,1,SEC EDGAR,0001045810-18-000010,https://www.sec.gov/Archives/edgar/data/1045810/000104581018000010/nvda-2018x10k.htm,deterministic explicit-entity and relation-pattern extraction v2,unique_universe_match,public_at_sec_acceptance,candidate_review_required
1b2146661a6e3dde039339e5c6ce312babb85fd1bea682da33bcb1d34331bb55,CMIN-US:NVDA,CMIN-US:TSM,NVDA,TSM,customer,"As a result, we can focus our resources on product design, additional quality assurance, marketing, and customer support.We utilize industry-leading suppliers, such as Taiwan Semiconductor Manufacturing Company Limited and Samsung Electronics Co.",10-K,2018-02-28,2018-02-28T21:31:19.000Z,0001045810-18-000010,nvda-2018x10k.htm,0.60,low,0.95,0.570000,0.002577,2018-02-28T21:31:19.000Z,,1,SEC EDGAR,0001045810-18-000010,https://www.sec.gov/Archives/edgar/data/1045810/000104581018000010/nvda-2018x10k.htm,deterministic explicit-entity and relation-pattern extraction v2,unique_universe_match,public_at_sec_acceptance,candidate_review_required
74b11113fdad2417be2f7533aa48af6654498dd562460f7c2b2234057dbb338a,CMIN-US:TGT,CMIN-US:UL,TGT,UL,supplier,Target: By 2020 we will source 100% of our agricultural raw,20-F,2018-02-28,2018-02-28T14:29:11.000Z,0001193125-18-062395,d458042d20f.htm,0.60,low,0.95,0.570000,0.002577,2018-02-28T14:29:11.000Z,,1,SEC EDGAR,0001193125-18-062395,https://www.sec.gov/Archives/edgar/data/217410/000119312518062395/d458042d20f.htm,deterministic explicit-entity and relation-pattern extraction v2,unique_universe_match,public_at_sec_acceptance,candidate_review_required
d97f17f9f7ab812bb4d0a8c53c87e165c063663912cff3cec62fedb289f003e8,CMIN-US:TSM,CMIN-US:NVDA,TSM,NVDA,supplier,"Instead, we are dependent on industry-leading foundries, such as Taiwan Semiconductor Manufacturing Company Limited and Samsung Electronics Co.",10-K,2018-02-28,2018-02-28T21:31:19.000Z,0001045810-18-000010,nvda-2018x10k.htm,0.96,high,0.95,0.912000,0.004124,2018-02-28T21:31:19.000Z,,1,SEC EDGAR,0001045810-18-000010,https://www.sec.gov/Archives/edgar/data/1045810/000104581018000010/nvda-2018x10k.htm,deterministic explicit-entity and relation-pattern extraction v2,unique_universe_match,public_at_sec_acceptance,accepted
fc6b46ad01b79bd22826c0cd6e79a2c5bf3b0995aa7f48afd0b217bd6a9c7de9,CMIN-US:C-PJ,CMIN-US:SBAC,C-PJ,SBAC,supplier,"Purchase Agreement, dated September 28, 2017, between SBA Communications Corporation and Citigroup Global Markets, Inc. and J.P.",10-K,2018-03-01,2018-03-01T17:56:25.000Z,0001034054-18-000003,sbac-20171231x10k.htm,0.60,low,0.95,0.570000,0.002587,2018-03-01T17:56:25.000Z,,1,SEC EDGAR,0001034054-18-000003,https://www.sec.gov/Archives/edgar/data/1034054/000103405418000003/sbac-20171231x10k.htm,deterministic explicit-entity and relation-pattern extraction v2,unique_universe_match,public_at_sec_acceptance,candidate_review_required
bd520c8754cd49fb9717d53fab0e98cfb9c5ddeeda244c946e16bd9ae54db589,CMIN-US:MA,CMIN-US:TGT,MA,TGT,supplier,"Based on historical redemption rates, a small and relatively stable percentage of gift cards will never be redeemed, referred to as ""breakage."" Estimated breakage revenue is recognized over time in proportion to actual gift card redemptions and was not material in any period presented.Guests receive a 5 percent discount on virtually all purchases and receive free shipping at Target.com when they use their Target Debit Card, Target Credit Card, or Target MasterCard (REDcards).",10-K,2018-03-14,2018-03-14T18:09:12.000Z,0000027419-18-000010,tgt-20180203x10k.htm,0.60,low,0.95,0.570000,0.002720,2018-03-14T18:09:12.000Z,,1,SEC EDGAR,0000027419-18-000010,https://www.sec.gov/Archives/edgar/data/27419/000002741918000010/tgt-20180203x10k.htm,deterministic explicit-entity and relation-pattern extraction v2,unique_universe_match,public_at_sec_acceptance,candidate_review_required
b50aa7b43318488f2e2a479b16598f0b92bfdd0850ce18988075e337ca50ae23,CMIN-US:TGT,CMIN-US:MA,TGT,MA,customer,"Pharmacy represented 5 percent of total sales in 2015.(c) Includes dry grocery, dairy, frozen food, beverages, candy, snacks, deli, bakery, meat, and produce.(d) Includes apparel for women, men, boys, girls, toddlers, infants and newborns, as well as intimate apparel, jewelry, accessories, and shoes.(e) Includes furniture, lighting, kitchenware, small appliances, home décor, bed and bath, home improvement, automotive, and seasonal merchandise such as patio furniture and holiday décor.(f) Includes electronics (including video game hardware and software), music, movies, books, computer software, sporting goods, and toys.The collective interaction of a broad array of macroeconomic, competitive, and consumer behavioral factors, as well as sales mix and transfer of sales to new stores makes further analysis of sales metrics infeasible.TD offers credit to qualified guests through Target-branded credit cards: the Target Credit Card and the Target MasterCard Credit Card (Target Credit Cards).",10-K,2018-03-14,2018-03-14T18:09:12.000Z,0000027419-18-000010,tgt-20180203x10k.htm,0.60,low,0.95,0.570000,0.002720,2018-03-14T18:09:12.000Z,,1,SEC EDGAR,0000027419-18-000010,https://www.sec.gov/Archives/edgar/data/27419/000002741918000010/tgt-20180203x10k.htm,deterministic explicit-entity and relation-pattern extraction v2,unique_universe_match,public_at_sec_acceptance,candidate_review_required
2294bcf23a16dc4959d166d9454323d5fcc74c6881caf095d7cdb80797ea1bac,CMIN-US:TGT,CMIN-US:SBUX,TGT,SBUX,customer,"Approximately one-third of 2017 sales is related to our owned and exclusive brands, including but not limited to the following:Owned Brands A New Day™Goodfellow & Co.™Sonia Kashuk®Archer Farms®JoyLab™Spritz™Art Class™Knox Rose™Sutton & Dodge®Ava & Viv®Market Pantry®Threshold™Boots & Barkley®Merona®up & up®Bullseye's Playground™Pillowfort™Who What Wear™Cat & Jack™Project 62™Wine Cube®Cloud Island™Room Essentials®Wondershop™Embark®Simply Balanced™Xhilaration®Gilligan & O'Malley®Smith & Hawken® Exclusive Brands C9 by Champion®Hearth & Hand™ with MagnoliaMossimo®DENIZEN® from Levi's®Isabel Maternity™ by Ingrid & Isabel®Nate Berkus™ for TargetFieldcrest®Just One You® made by carter's®Oh Joy!® for TargetGenuine Kids® from OshKosh®Kid Made Modern® Hand Made Modern® We also sell merchandise through periodic exclusive design and creative partnerships and generate revenue from in-store amenities such as Target Café and leased or licensed departments such as Target Optical, Starbucks, and other food service offerings.",10-K,2018-03-14,2018-03-14T18:09:12.000Z,0000027419-18-000010,tgt-20180203x10k.htm,0.60,low,0.95,0.570000,0.002720,2018-03-14T18:09:12.000Z,,1,SEC EDGAR,0000027419-18-000010,https://www.sec.gov/Archives/edgar/data/27419/000002741918000010/tgt-20180203x10k.htm,deterministic explicit-entity and relation-pattern extraction v2,unique_universe_match,public_at_sec_acceptance,candidate_review_required
2930b4f05d7d5893dd5667fe5904ecfec756e18dd1a185c8408de024cf5280d2,CMIN-US:TSM,CMIN-US:ASML,TSM,ASML,customer,"To accelerate the development of next-generation lithographic technology, TSMC joined the Customer Co-Investment Program of ASML Holding N.V. (ASML) in August 2012.",20-F,2018-04-19,2018-04-19T11:56:01.000Z,0001193125-18-121866,d459142d20f.htm,0.60,low,0.95,0.570000,0.003125,2018-04-19T11:56:01.000Z,,1,SEC EDGAR,0001193125-18-121866,https://www.sec.gov/Archives/edgar/data/1046179/000119312518121866/d459142d20f.htm,deterministic explicit-entity and relation-pattern extraction v2,unique_universe_match,public_at_sec_acceptance,candidate_review_required
10a074e3f9542e4330362204b943b7d7ecb36bd7e195b285ba01feda249c2d51,CMIN-US:TSM,CMIN-US:ASML,TSM,ASML,customer,Customer Co-Investment Program of ASML Holding N.V. (ASML) in August 2012.,20-F,2018-04-19,2018-04-19T11:56:01.000Z,0001193125-18-121866,d459142d20f.htm,0.60,low,0.95,0.570000,0.003125,2018-04-19T11:56:01.000Z,,1,SEC EDGAR,0001193125-18-121866,https://www.sec.gov/Archives/edgar/data/1046179/000119312518121866/d459142d20f.htm,deterministic explicit-entity and relation-pattern extraction v2,unique_universe_match,public_at_sec_acceptance,candidate_review_required
b3a7377fa7f1e37538df6292e9016df94374031a9cf4c0591715ab6b1decf8c6,CMIN-US:TSM,CMIN-US:ASML,TSM,ASML,customer,TSMC joined the Customer Co-Investment Program of ASML and entered into the investment agreement in August 2012.,20-F,2018-04-19,2018-04-19T11:56:01.000Z,0001193125-18-121866,d459142d20f.htm,0.60,low,0.95,0.570000,0.003125,2018-04-19T11:56:01.000Z,,1,SEC EDGAR,0001193125-18-121866,https://www.sec.gov/Archives/edgar/data/1046179/000119312518121866/d459142d20f.htm,deterministic explicit-entity and relation-pattern extraction v2,unique_universe_match,public_at_sec_acceptance,candidate_review_required
f4a926d61b81213d849d85ad056fa3e2b5693d7ac419b8f3ce77ba80843d7cc1,CMIN-US:JD,CMIN-US:WMT,JD,WMT,strategic_partner,"In June 2016, we entered into a series of agreements with Walmart in relation to our strategic alliance with Walmart, pursuant to which Walmart subscribed for 144,952,250 of our newly issued Class A ordinary shares, which amounted to approximately 5% of our total issued and outstanding shares on a fully diluted basis at the time.",20-F,2018-04-27,2018-04-27T20:28:44.000Z,0001104659-18-027777,a18-5116_120f.htm,0.60,low,0.95,0.570000,0.003222,2018-04-27T20:28:44.000Z,,0,SEC EDGAR,0001104659-18-027777,https://www.sec.gov/Archives/edgar/data/1549802/000110465918027777/a18-5116_120f.htm,deterministic explicit-entity and relation-pattern extraction v2,unique_universe_match,public_at_sec_acceptance,candidate_review_required
0b9e286541cc57cb3fef4e37fd2adb9d851d591c8859bb14046ce9a5443f8add,CMIN-US:JD,CMIN-US:WMT,JD,WMT,strategic_partner,"As part of our strategic alliance with Walmart, we acquired ownership of the Yihaodian marketplace platform assets, including the Yihaodian brand, websites and mobile apps.",20-F,2018-04-27,2018-04-27T20:28:44.000Z,0001104659-18-027777,a18-5116_120f.htm,0.60,low,0.95,0.570000,0.003222,2018-04-27T20:28:44.000Z,,0,SEC EDGAR,0001104659-18-027777,https://www.sec.gov/Archives/edgar/data/1549802/000110465918027777/a18-5116_120f.htm,deterministic explicit-entity and relation-pattern extraction v2,unique_universe_match,public_at_sec_acceptance,candidate_review_required
89d68f54a94e3f934c4d9b9baad16761103e34c320142117e515a2a6ab332aea,CMIN-US:JD,CMIN-US:WMT,JD,WMT,customer,"We have collaborated with Walmart on e-commerce, including launching Sams Club Flagship Store and Walmart China Flagship Store on JD.com, Sams Club Global Flagship Store, Walmart Global Flagship Store, and ASDA Flagship Store on JD Worldwide and a one-hour delivery service from Walmart Stores in select cities through the JD Daojia app, as well as leveraging one anothers supply chain to increase product selection for customers across China.",20-F,2018-04-27,2018-04-27T20:28:44.000Z,0001104659-18-027777,a18-5116_120f.htm,0.60,low,0.95,0.570000,0.003222,2018-04-27T20:28:44.000Z,,1,SEC EDGAR,0001104659-18-027777,https://www.sec.gov/Archives/edgar/data/1549802/000110465918027777/a18-5116_120f.htm,deterministic explicit-entity and relation-pattern extraction v2,unique_universe_match,public_at_sec_acceptance,candidate_review_required
6e439a9c51d1739e56a12a2462bd9a3022a57a6753ddc8b25ea906971f34e838,CMIN-US:JD,CMIN-US:WMT,JD,WMT,strategic_partner,"As part of the strategic alliance, we also entered into an eight-year non-compete arrangement with Walmart, subject to certain conditions and exceptions.",20-F,2018-04-27,2018-04-27T20:28:44.000Z,0001104659-18-027777,a18-5116_120f.htm,0.82,medium,0.95,0.779000,0.004404,2018-04-27T20:28:44.000Z,,0,SEC EDGAR,0001104659-18-027777,https://www.sec.gov/Archives/edgar/data/1549802/000110465918027777/a18-5116_120f.htm,deterministic explicit-entity and relation-pattern extraction v2,unique_universe_match,public_at_sec_acceptance,accepted
ce8359d2ef96adaddacd0be20149745b5d2594334032aa58f50915ff1b8d08fa,CMIN-US:JD,CMIN-US:WMT,JD,WMT,strategic_partner,"In June 2016, we entered into a series of agreements in relation to our strategic alliance with Walmart.",20-F,2018-04-27,2018-04-27T20:28:44.000Z,0001104659-18-027777,a18-5116_120f.htm,0.82,medium,0.95,0.779000,0.004404,2018-04-27T20:28:44.000Z,,0,SEC EDGAR,0001104659-18-027777,https://www.sec.gov/Archives/edgar/data/1549802/000110465918027777/a18-5116_120f.htm,deterministic explicit-entity and relation-pattern extraction v2,unique_universe_match,public_at_sec_acceptance,accepted
364cef26aadce48e428332f787208a250a5db4dcd99b427feaa52b7c94abc46a,CMIN-US:JD,CMIN-US:WMT,JD,WMT,customer,"We have collaborated with Walmart on e-commerce, including launching Sams Club Flagship Store and Walmart China Flagship Store on JD.com, Sams Club Global Flagship Store, Walmart Global Flagship Store, and ASDA Flagship Store on JD Worldwide, and a one-hour delivery service from Walmart Stores in select cities through the JD Daojia app, as well as leveraging each others supply chain to enhance product selection for customers across China.",20-F,2018-04-27,2018-04-27T20:28:44.000Z,0001104659-18-027777,a18-5116_120f.htm,0.60,low,0.95,0.570000,0.003222,2018-04-27T20:28:44.000Z,,1,SEC EDGAR,0001104659-18-027777,https://www.sec.gov/Archives/edgar/data/1549802/000110465918027777/a18-5116_120f.htm,deterministic explicit-entity and relation-pattern extraction v2,unique_universe_match,public_at_sec_acceptance,candidate_review_required
4d3d670bcc3f75dba6937843346c82c57244f371f75921e60861df0730557147,CMIN-US:JD,CMIN-US:WMT,JD,WMT,strategic_partner,"In June 2016, we entered into a series of agreements with Walmart in relation to our strategic alliance with Walmart.",20-F,2018-04-27,2018-04-27T20:28:44.000Z,0001104659-18-027777,a18-5116_120f.htm,0.82,medium,0.95,0.779000,0.004404,2018-04-27T20:28:44.000Z,,0,SEC EDGAR,0001104659-18-027777,https://www.sec.gov/Archives/edgar/data/1549802/000110465918027777/a18-5116_120f.htm,deterministic explicit-entity and relation-pattern extraction v2,unique_universe_match,public_at_sec_acceptance,accepted
41761fca5c7c2e346efcae8b5d6909095c85376d6fe5d9d641b22410bb4c6991,CMIN-US:JD,CMIN-US:WMT,JD,WMT,supplier,"Within the first 24 months after June 20, 2016 (and regardless of Newheights percentage of ownership of our share capital) and, after such period, for so long as Newheight holds at least 10% of our then outstanding share capital on a fully diluted basis, if we propose to issue certain new securities, Newheight or a wholly owned subsidiary of Walmart designated by Newheight has the right to purchase such number of new securities under the same terms and conditions at its election so as to enable Newheight to hold a pro rata portion of the new securities equal to the percentage of our share capital on a fully diluted basis then held by Newheight.",20-F,2018-04-27,2018-04-27T20:28:44.000Z,0001104659-18-027777,a18-5116_120f.htm,0.60,low,0.95,0.570000,0.003222,2018-04-27T20:28:44.000Z,,1,SEC EDGAR,0001104659-18-027777,https://www.sec.gov/Archives/edgar/data/1549802/000110465918027777/a18-5116_120f.htm,deterministic explicit-entity and relation-pattern extraction v2,unique_universe_match,public_at_sec_acceptance,candidate_review_required
1796def718af85a2fc7ab696e17e6b54f70c7cd637879f7c0b6ba82ae47acce1,CMIN-US:JD,CMIN-US:WMT,JD,WMT,strategic_partner,"On June 20, 2016, the Group, Wal-Mart Stores, Inc. (Walmart), and Yihaodian (YHD), a subsidiary of Walmart, entered into a series of agreements to form a strategic alliance to better serve the consumers across China.",20-F,2018-04-27,2018-04-27T20:28:44.000Z,0001104659-18-027777,a18-5116_120f.htm,0.60,low,0.95,0.570000,0.003222,2018-04-27T20:28:44.000Z,,0,SEC EDGAR,0001104659-18-027777,https://www.sec.gov/Archives/edgar/data/1549802/000110465918027777/a18-5116_120f.htm,deterministic explicit-entity and relation-pattern extraction v2,unique_universe_match,public_at_sec_acceptance,candidate_review_required
d1e6c5768c5de9020fbfd9bf0bc06b9c5a68032ec22c7f87a53fc70b62d529bd,CMIN-US:JD,CMIN-US:WMT,JD,WMT,customer,"Pursuant to BCA, the Group and Walmart agreed to partner in several strategic areas, including: a) Sams Club China agreed to open a flagship store on JD.com, expanding the availability of Sams Clubs high-quality imported products across China; b) The Group and Walmart agreed to work together to leverage their supply chains to increase the product selection for customers across China, including a broader range of imported products; c) The Group agreed to give the Sams flagship store preferential traffic entrance.",20-F,2018-04-27,2018-04-27T20:28:44.000Z,0001104659-18-027777,a18-5116_120f.htm,0.60,low,0.95,0.570000,0.003222,2018-04-27T20:28:44.000Z,,1,SEC EDGAR,0001104659-18-027777,https://www.sec.gov/Archives/edgar/data/1549802/000110465918027777/a18-5116_120f.htm,deterministic explicit-entity and relation-pattern extraction v2,unique_universe_match,public_at_sec_acceptance,candidate_review_required
2eadc05b5eff446315fb2975b2fdb4c07c121fa63a0439ccf567645afaef17cc,CMIN-US:NGG,CMIN-US:TGT,NGG,TGT,customer,"13/14 14/15 15/16 16/17 17/18 we have reported a customer satisfaction Customer satisfaction Network reliability The table below summarises how we measure customer satisfaction and shows our targets Target or base 16/17 17/18 Performance for each business area. % % % against target UK Electricity Customer satisfaction Transmission T 99.9999 99.999964 99.999984 exceeded UK Gas not Methodology Measure Transmission T 100 99.97500 99.996151 achieved UK RIIO-related metrics Score from US Electricity agreed with Ofgem surveys Transmission B 99.9 99.97 99.953 no target US Customer Trust Score from US Electricity Advice metric survey Distribution B 99.9 99.994 99.995 no target NGV Net Promoter Score from Score (NPS)1 survey Key: T – Target B – No target set, as set individually by each jurisdiction.",20-F,2018-06-04,2018-06-04T11:30:14.000Z,0001004315-18-000038,nationalgriddoc.htm,0.60,low,0.95,0.570000,0.003730,2018-06-04T11:30:14.000Z,,1,SEC EDGAR,0001004315-18-000038,https://www.sec.gov/Archives/edgar/data/1004315/000100431518000038/nationalgriddoc.htm,deterministic explicit-entity and relation-pattern extraction v2,unique_universe_match,public_at_sec_acceptance,candidate_review_required
2e15b795dc194dba834a34f53f97a88ac42c68b2fcce481f2efb269329d3b7cb,CMIN-US:NGG,CMIN-US:TSLA,NGG,TSLA,customer,"The BESS will be six megawatts volunteers and emergency responders that with an eight-hour duration, which is also supported our customers’ needs, we donated described as a 48 megawatt-hour system, $100,000 to the American Red Cross to and is being provided by Tesla. support disaster relief efforts in both states.",20-F,2018-06-04,2018-06-04T11:30:14.000Z,0001004315-18-000038,nationalgriddoc.htm,0.60,low,0.95,0.570000,0.003730,2018-06-04T11:30:14.000Z,,1,SEC EDGAR,0001004315-18-000038,https://www.sec.gov/Archives/edgar/data/1004315/000100431518000038/nationalgriddoc.htm,deterministic explicit-entity and relation-pattern extraction v2,unique_universe_match,public_at_sec_acceptance,candidate_review_required
234ec2f29a5825215313092215177cc173f320f8479427874cc6c0f3dadb41ef,CMIN-US:ADBE,CMIN-US:MSFT,ADBE,MSFT,supplier,"Our products for software developers compete against offerings from Adobe, IBM, Oracle, and other companies, and also against open-source projects, including Eclipse (sponsored by CA Technologies, IBM, Oracle, and SAP), PHP, and Ruby on Rails.",10-K,2018-08-03,2018-08-03T15:03:33.000Z,0001564590-18-019062,msft-10k_20180630.htm,0.60,low,0.95,0.570000,0.004700,2018-08-03T15:03:33.000Z,,1,SEC EDGAR,0001564590-18-019062,https://www.sec.gov/Archives/edgar/data/789019/000156459018019062/msft-10k_20180630.htm,deterministic explicit-entity and relation-pattern extraction v2,unique_universe_match,public_at_sec_acceptance,candidate_review_required
8bf440e92e819e4543233f3fe2290bd890f8a89977770041afd8dff63f016d6b,CMIN-US:MSFT,CMIN-US:AAPL,MSFT,AAPL,supplier,"Competitors to Office include software and global application vendors, such as Apple, Cisco Systems, Facebook, Google, IBM, and Slack, and numerous web-based and mobile application competitors as well as local application developers.",10-K,2018-08-03,2018-08-03T15:03:33.000Z,0001564590-18-019062,msft-10k_20180630.htm,0.60,low,0.95,0.570000,0.004700,2018-08-03T15:03:33.000Z,,1,SEC EDGAR,0001564590-18-019062,https://www.sec.gov/Archives/edgar/data/789019/000156459018019062/msft-10k_20180630.htm,deterministic explicit-entity and relation-pattern extraction v2,unique_universe_match,public_at_sec_acceptance,candidate_review_required
86535ab7120702cdca5c9f684a401788ef24e1be088e7d17b61ba3e43097e89c,CMIN-US:MSFT,CMIN-US:AAPL,MSFT,AAPL,customer,"These manufacturers, many of which are also current or potential partners and customers, include Apple and our Windows OEMs.",10-K,2018-08-03,2018-08-03T15:03:33.000Z,0001564590-18-019062,msft-10k_20180630.htm,0.60,low,0.95,0.570000,0.004700,2018-08-03T15:03:33.000Z,,1,SEC EDGAR,0001564590-18-019062,https://www.sec.gov/Archives/edgar/data/789019/000156459018019062/msft-10k_20180630.htm,deterministic explicit-entity and relation-pattern extraction v2,unique_universe_match,public_at_sec_acceptance,candidate_review_required
812d36866a24c4b1d96616dc63eb852884194e22b80bd53824021d7227cda126,CMIN-US:MSFT,CMIN-US:CSCO,MSFT,CSCO,supplier,"Competitors to Office include software and global application vendors, such as Apple, Cisco Systems, Facebook, Google, IBM, and Slack, and numerous web-based and mobile application competitors as well as local application developers.",10-K,2018-08-03,2018-08-03T15:03:33.000Z,0001564590-18-019062,msft-10k_20180630.htm,0.60,low,0.95,0.570000,0.004700,2018-08-03T15:03:33.000Z,,1,SEC EDGAR,0001564590-18-019062,https://www.sec.gov/Archives/edgar/data/789019/000156459018019062/msft-10k_20180630.htm,deterministic explicit-entity and relation-pattern extraction v2,unique_universe_match,public_at_sec_acceptance,candidate_review_required
6aec717dac8be66c2dfdec034e3782c2b333f33cd673a580ba63621066fc3ac7,CMIN-US:MSFT,CMIN-US:ORCL,MSFT,ORCL,supplier,"Dynamics competes with vendors such as Infor, Oracle, NetSuite.",10-K,2018-08-03,2018-08-03T15:03:33.000Z,0001564590-18-019062,msft-10k_20180630.htm,0.60,low,0.95,0.570000,0.004700,2018-08-03T15:03:33.000Z,,1,SEC EDGAR,0001564590-18-019062,https://www.sec.gov/Archives/edgar/data/789019/000156459018019062/msft-10k_20180630.htm,deterministic explicit-entity and relation-pattern extraction v2,unique_universe_match,public_at_sec_acceptance,candidate_review_required
3ab43823d3c71ac07fb0fae2cb4fdc49121dd5638aab7132f70069662e89f783,CMIN-US:ORCL,CMIN-US:MSFT,ORCL,MSFT,supplier,"Our products for software developers compete against offerings from Adobe, IBM, Oracle, and other companies, and also against open-source projects, including Eclipse (sponsored by CA Technologies, IBM, Oracle, and SAP), PHP, and Ruby on Rails.",10-K,2018-08-03,2018-08-03T15:03:33.000Z,0001564590-18-019062,msft-10k_20180630.htm,0.60,low,0.95,0.570000,0.004700,2018-08-03T15:03:33.000Z,,1,SEC EDGAR,0001564590-18-019062,https://www.sec.gov/Archives/edgar/data/789019/000156459018019062/msft-10k_20180630.htm,deterministic explicit-entity and relation-pattern extraction v2,unique_universe_match,public_at_sec_acceptance,candidate_review_required
50ae774c1a169753d0e7e23163cc1bbf9413fa23499b39cd4aeace684d9f3945,CMIN-US:ORCL,CMIN-US:MSFT,ORCL,MSFT,supplier,"Azure faces diverse competition from companies such as Amazon, Google, IBM, Oracle, Salesforce.com, VMware, and open source offerings.",10-K,2018-08-03,2018-08-03T15:03:33.000Z,0001564590-18-019062,msft-10k_20180630.htm,0.60,low,0.95,0.570000,0.004700,2018-08-03T15:03:33.000Z,,1,SEC EDGAR,0001564590-18-019062,https://www.sec.gov/Archives/edgar/data/789019/000156459018019062/msft-10k_20180630.htm,deterministic explicit-entity and relation-pattern extraction v2,unique_universe_match,public_at_sec_acceptance,candidate_review_required
55b9ba9428225ae2fbcbac805affa896a0074f604c1f20a4ba92990fd1095310,CMIN-US:PG,CMIN-US:WMT,PG,WMT,customer,"Sales to Walmart Inc. and its affiliates represent approximately 15% of our total sales in 2018 , 16% in 2017 and 15% in 2016 .",10-K,2018-08-07,2018-08-07T20:19:22.000Z,0000080424-18-000055,fy171810-kreport.htm,0.97,high,0.95,0.921500,0.007716,2018-08-07T20:19:22.000Z,,1,SEC EDGAR,0000080424-18-000055,https://www.sec.gov/Archives/edgar/data/80424/000008042418000055/fy171810-kreport.htm,deterministic explicit-entity and relation-pattern extraction v2,unique_universe_match,public_at_sec_acceptance,accepted
fe39941da6ba618cd893343f06b9a444605bfc29738dd264d61cfa8596627654,CMIN-US:PG,CMIN-US:WMT,PG,WMT,customer,"Our largest customer, Walmart Inc. and its affiliates, accounted for consolidated net sales of approximately 15 % , 16 % and 15 % in 2018 , 2017 and 2016 , respectively.",10-K,2018-08-07,2018-08-07T20:19:22.000Z,0000080424-18-000055,fy171810-kreport.htm,0.97,high,0.95,0.921500,0.007716,2018-08-07T20:19:22.000Z,,1,SEC EDGAR,0000080424-18-000055,https://www.sec.gov/Archives/edgar/data/80424/000008042418000055/fy171810-kreport.htm,deterministic explicit-entity and relation-pattern extraction v2,unique_universe_match,public_at_sec_acceptance,accepted
09f575fe28dfee6b2f8fb6b04f6fae6a904bde4e7a6b8e13dbfe7b1893052621,CMIN-US:CSCO,CMIN-US:WELL,CSCO,WELL,customer,"Impairment of that trust, or foreign regulatory actions taken in response to reports of certain intelligence gathering methods of the U.S. government, could affect the demand for our products from customers outside of the United States and could have an adverse effect on our operating results.WE HAVE BEEN INVESTING AND EXPECT TO CONTINUE TO INVEST IN KEY PRIORITY AND GROWTH AREAS AS WELL AS MAINTAINING LEADERSHIP IN INFRASTRUCTURE PLATFORMS AND IN SERVICES, AND IF THE RETURN ON THESE INVESTMENTS IS LOWER OR DEVELOPS MORE SLOWLY THAN WE EXPECT, OUR OPERATING RESULTS MAY BE HARMED We expect to realign and dedicate resources into key priority and growth areas, such as Security and Applications, while also focusing on maintaining leadership in Infrastructure Platforms and in Services.",10-K,2018-09-06,2018-09-06T21:14:48.000Z,0000858877-18-000011,csco-2018728x10k.htm,0.60,low,0.95,0.570000,0.005357,2018-09-06T21:14:48.000Z,,1,SEC EDGAR,0000858877-18-000011,https://www.sec.gov/Archives/edgar/data/858877/000085887718000011/csco-2018728x10k.htm,deterministic explicit-entity and relation-pattern extraction v2,unique_universe_match,public_at_sec_acceptance,candidate_review_required
dcec2c65ee727ecf8ede59434d85dbbff1589ff164e0e23820d9cdd21e8425b8,CMIN-US:ACN,CMIN-US:AAPL,ACN,AAPL,strategic_partner,"We also develop and manage our alliance relationships across a broad range of technology providers, including Amazon Web Services, Apple, Google, Microsoft, Oracle, Pegasystems, Salesforce, SAP, Workday and many others, to enhance the value that we and our clients realize from the technology ecosystem.",10-K,2018-10-24,2018-10-24T21:05:52.000Z,0001467373-18-000318,acn831201810k.htm,0.60,low,0.95,0.570000,0.006445,2018-10-24T21:05:52.000Z,,0,SEC EDGAR,0001467373-18-000318,https://www.sec.gov/Archives/edgar/data/1467373/000146737318000318/acn831201810k.htm,deterministic explicit-entity and relation-pattern extraction v2,unique_universe_match,public_at_sec_acceptance,candidate_review_required
593f88fb64b9687257235daea35e51b9d0f7430dcb6d0b0cdcffd12e65687854,CMIN-US:ACN,CMIN-US:MSFT,ACN,MSFT,strategic_partner,"We also develop and manage our alliance relationships across a broad range of technology providers, including Amazon Web Services, Apple, Google, Microsoft, Oracle, Pegasystems, Salesforce, SAP, Workday and many others, to enhance the value that we and our clients realize from the technology ecosystem.",10-K,2018-10-24,2018-10-24T21:05:52.000Z,0001467373-18-000318,acn831201810k.htm,0.60,low,0.95,0.570000,0.006445,2018-10-24T21:05:52.000Z,,0,SEC EDGAR,0001467373-18-000318,https://www.sec.gov/Archives/edgar/data/1467373/000146737318000318/acn831201810k.htm,deterministic explicit-entity and relation-pattern extraction v2,unique_universe_match,public_at_sec_acceptance,candidate_review_required
0bbf88c99075d06cb017ce9e2cdb73456c30d263e0b70a738e5ef19c5addd952,CMIN-US:ACN,CMIN-US:ORCL,ACN,ORCL,strategic_partner,"We also develop and manage our alliance relationships across a broad range of technology providers, including Amazon Web Services, Apple, Google, Microsoft, Oracle, Pegasystems, Salesforce, SAP, Workday and many others, to enhance the value that we and our clients realize from the technology ecosystem.",10-K,2018-10-24,2018-10-24T21:05:52.000Z,0001467373-18-000318,acn831201810k.htm,0.60,low,0.95,0.570000,0.006445,2018-10-24T21:05:52.000Z,,0,SEC EDGAR,0001467373-18-000318,https://www.sec.gov/Archives/edgar/data/1467373/000146737318000318/acn831201810k.htm,deterministic explicit-entity and relation-pattern extraction v2,unique_universe_match,public_at_sec_acceptance,candidate_review_required
231149b065de28e2bb6fc8ca672269fcc0c8ea5b549af439fd1945d330a35c27,CMIN-US:MA,CMIN-US:V,MA,V,supplier,"Previously submitted information may be updated and all data are subject to review by Visa. (3) MasterCard, American Express, JCB and Discover/Diners Club data sourced from The Nilson Report issue 1130 (April 2018).",10-K,2018-11-16,2018-11-16T21:10:27.000Z,0001403161-18-000055,v093018.htm,0.60,low,0.95,0.570000,0.007042,2018-11-16T21:10:27.000Z,,1,SEC EDGAR,0001403161-18-000055,https://www.sec.gov/Archives/edgar/data/1403161/000140316118000055/v093018.htm,deterministic explicit-entity and relation-pattern extraction v2,unique_universe_match,public_at_sec_acceptance,candidate_review_required
e1b6459b2333b6f1f65ebbf1218782c9ae1aa44519fb827655ce47703c7bb9f4,CMIN-US:SBUX,CMIN-US:PEP,SBUX,PEP,strategic_partner,"Our collaborative relationships with PepsiCo, Inc., Anheuser-Busch InBev, Tingyi Holding Corp., Arla Foods and others for our global ready-to-drink beverage businesses in this segment are excluded from the Global Coffee Alliance.2Table of ContentsStarbucks segment information is included in Note 16, Segment Reporting, to the consolidated financial statements included in Item 8 of Part II of this 10-K.",10-K,2018-11-16,2018-11-16T21:44:31.000Z,0000829224-18-000052,sbux-9302018x10xk.htm,0.60,low,0.95,0.570000,0.007042,2018-11-16T21:44:31.000Z,,0,SEC EDGAR,0000829224-18-000052,https://www.sec.gov/Archives/edgar/data/829224/000082922418000052/sbux-9302018x10xk.htm,deterministic explicit-entity and relation-pattern extraction v2,unique_universe_match,public_at_sec_acceptance,candidate_review_required
db64569826c7d84c767e6d366cd8f8bdfbc036d4f6c7c3eb6d89e8656d710a22,CMIN-US:AVGO,CMIN-US:AAPL,AVGO,AAPL,customer,"We believe aggregate sales to Apple, Inc., through all channels, accounted for approximately 25% of our net revenue for fiscal year 2018 and more than 20% for fiscal year 2017.",10-K,2018-12-21,2018-12-21T22:17:50.000Z,0001730168-18-000084,avgo-11042018x10k.htm,0.97,high,0.95,0.921500,0.013027,2018-12-21T22:17:50.000Z,,1,SEC EDGAR,0001730168-18-000084,https://www.sec.gov/Archives/edgar/data/1730168/000173016818000084/avgo-11042018x10k.htm,deterministic explicit-entity and relation-pattern extraction v2,unique_universe_match,public_at_sec_acceptance,accepted
cbe4b36128552ee040bd15e0e400032dc5fde26d7b19f6eeb7b6c8913b16731f,CMIN-US:AVGO,CMIN-US:AAPL,AVGO,AAPL,customer,"We believe aggregate sales to Apple Inc., through all channels, accounted for approximately 25% and more than 20% of our net revenue for fiscal years 2018 and 2017, respectively.",10-K,2018-12-21,2018-12-21T22:17:50.000Z,0001730168-18-000084,avgo-11042018x10k.htm,0.97,high,0.95,0.921500,0.013027,2018-12-21T22:17:50.000Z,,1,SEC EDGAR,0001730168-18-000084,https://www.sec.gov/Archives/edgar/data/1730168/000173016818000084/avgo-11042018x10k.htm,deterministic explicit-entity and relation-pattern extraction v2,unique_universe_match,public_at_sec_acceptance,accepted
99dbb98c03c5b27a300a0bda8223e01295225a1fb3abec061238e8b48c726ba9,CMIN-US:AVGO,CMIN-US:CMCSA,AVGO,CMCSA,customer,"The downstream respondents, which are customers of the Respondents, were Arista Networks, Inc., ARRIS International plc, ARRIS Group, Inc., ARRIS Technology, Inc., ARRIS Enterprises LLC, ARRIS 95Table of ContentsSolutions, Inc., Pace Ltd., Pace Americas, LLC, Pace USA, LLC, ASUSteK Computer Inc., ASUS Computer International, Comcast Cable Communications, LLC, Comcast Cable Communications Management, LLC, Comcast Business Communications, LLC, HTC Corporation, HTC America, Inc., NETGEAR, Inc., Technicolor S.A., Technicolor USA, Inc., and Technicolor Connected Home USA LLC, or collectively, the Downstream Respondents.",10-K,2018-12-21,2018-12-21T22:17:50.000Z,0001730168-18-000084,avgo-11042018x10k.htm,0.60,low,0.95,0.570000,0.008058,2018-12-21T22:17:50.000Z,,1,SEC EDGAR,0001730168-18-000084,https://www.sec.gov/Archives/edgar/data/1730168/000173016818000084/avgo-11042018x10k.htm,deterministic explicit-entity and relation-pattern extraction v2,unique_universe_match,public_at_sec_acceptance,candidate_review_required
31fbd9bc4d5194d0930cd3b32100e015c9619432f1d63b1dfaedd016c4ac2f66,CMIN-US:AVGO,CMIN-US:TSM,AVGO,TSM,customer,"A significant amount of our sales are to large global electronic components distributors, complemented by a number of regional distributors with customer relationships based on their respective product ranges.We believe we are well-positioned to support our customers throughout the design, technology transfer and manufacturing stages across all geographies.7Table of ContentsOperationsThe majority of our front-end wafer manufacturing operations is outsourced to external foundries, including Taiwan Semiconductor Manufacturing Company Limited, or TSMC, primarily, as well as United Microelectronics Corporation, Semiconductor Manufacturing International Corporation, GlobalFoundries, TowerJazz and WIN Semiconductors Corp.",10-K,2018-12-21,2018-12-21T22:17:50.000Z,0001730168-18-000084,avgo-11042018x10k.htm,0.60,low,0.95,0.570000,0.008058,2018-12-21T22:17:50.000Z,,1,SEC EDGAR,0001730168-18-000084,https://www.sec.gov/Archives/edgar/data/1730168/000173016818000084/avgo-11042018x10k.htm,deterministic explicit-entity and relation-pattern extraction v2,unique_universe_match,public_at_sec_acceptance,candidate_review_required
e0c6422430ed6a0c2750ecd3e690c2227b8ecf32f58013881eb7767f9189f271,CMIN-US:ADBE,CMIN-US:MSFT,ADBE,MSFT,strategic_partner,"Our Open Data Initiative is an open alliance among Adobe, Microsoft and SAP, that enables a seamless flow of customer data within the Adobe Experience Platform.",10-K,2019-01-25,2019-01-25T11:24:29.000Z,0000796343-19-000019,adbe10kfy18.htm,0.82,medium,0.95,0.779000,0.012601,2019-01-25T11:24:29.000Z,,0,SEC EDGAR,0000796343-19-000019,https://www.sec.gov/Archives/edgar/data/796343/000079634319000019/adbe10kfy18.htm,deterministic explicit-entity and relation-pattern extraction v2,unique_universe_match,public_at_sec_acceptance,accepted
e8e654e157f076fec379220242281e5a1936717b2da2dc5c7f46144f7d486216,CMIN-US:ADBE,CMIN-US:TGT,ADBE,TGT,customer,"By building on existing features such as Enhanced Anomaly Detection, Auto-Target, and other capabilities, we believe Adobe Sensei will increase the value we provide our customers and create a competitive differentiation in the market.To drive growth of Adobe Experience Cloud, we also intend to focus on customer engagement, growing within existing customer accounts, and product differentiation.",10-K,2019-01-25,2019-01-25T11:24:29.000Z,0000796343-19-000019,adbe10kfy18.htm,0.60,low,0.95,0.570000,0.009220,2019-01-25T11:24:29.000Z,,1,SEC EDGAR,0000796343-19-000019,https://www.sec.gov/Archives/edgar/data/796343/000079634319000019/adbe10kfy18.htm,deterministic explicit-entity and relation-pattern extraction v2,unique_universe_match,public_at_sec_acceptance,candidate_review_required
b26811c8f71fe78817f24dbf09a0e18a048c0c7b4cf60f2c8a0be47518fee44b,CMIN-US:MS,CMIN-US:NFLX,MS,NFLX,supplier,"LLC, as representative of the Initial Purchasers listed in Schedule 1 thereto 8-K 001-35727 10.2 February 5, 2015 10.10 Purchase Agreement, dated as of October 24, 2016, between the Company and Morgan Stanley & Co.",10-K,2019-01-29,2019-01-29T22:12:16.000Z,0001065280-19-000043,form10k_q418.htm,0.60,low,0.95,0.570000,0.009363,2019-01-29T22:12:16.000Z,,1,SEC EDGAR,0001065280-19-000043,https://www.sec.gov/Archives/edgar/data/1065280/000106528019000043/form10k_q418.htm,deterministic explicit-entity and relation-pattern extraction v2,unique_universe_match,public_at_sec_acceptance,candidate_review_required
cb588173e5c70175678b2a78ef99a1f582fe08ed2806e8a4c664d10f160c30cd,CMIN-US:MS,CMIN-US:NFLX,MS,NFLX,supplier,"LLC, as representative of the Initial Purchasers listed in Schedule 1 thereto 8-K 001-35727 10.2 October 27, 2016 10.12 Purchase Agreement, dated as of April 26, 2017, between the Company and Morgan Stanley & Co.",10-K,2019-01-29,2019-01-29T22:12:16.000Z,0001065280-19-000043,form10k_q418.htm,0.60,low,0.95,0.570000,0.009363,2019-01-29T22:12:16.000Z,,1,SEC EDGAR,0001065280-19-000043,https://www.sec.gov/Archives/edgar/data/1065280/000106528019000043/form10k_q418.htm,deterministic explicit-entity and relation-pattern extraction v2,unique_universe_match,public_at_sec_acceptance,candidate_review_required
bdca9515f706ae41a6602d59a499eaa7454d185d8f7bff84196a43d00f4f3ad1,CMIN-US:MS,CMIN-US:NFLX,MS,NFLX,supplier,"International plc, as representative of the Initial Purchasers listed in Schedule 1 thereto 8-K 001-35727 10.1 May 3, 2017 10.14† Executive Severance and Retention Incentive Plan, as amended and restated as of July 12, 2017 10-Q 001-35727 10.14 July 19, 2017 10.15 Revolving Credit Agreement among the Company, Deutsche bank AG New York Branch, Goldman Sachs Bank USA, JPMorgan Chase Bank, N.A., Morgan Stanley Senior Funding, Inc. and Wells Fargo Bank, N.A. and the administrative agent, dated as of July 27, 2017 10-Q 001-35727 10.15 October 18, 2017 10.16 Purchase Agreement, dated as of October 23, 2017 between the Company and Morgan Stanley & Co.",10-K,2019-01-29,2019-01-29T22:12:16.000Z,0001065280-19-000043,form10k_q418.htm,0.60,low,0.95,0.570000,0.009363,2019-01-29T22:12:16.000Z,,1,SEC EDGAR,0001065280-19-000043,https://www.sec.gov/Archives/edgar/data/1065280/000106528019000043/form10k_q418.htm,deterministic explicit-entity and relation-pattern extraction v2,unique_universe_match,public_at_sec_acceptance,candidate_review_required
fda31e674f2261c39279707c8ee678023d14abc8220a7f2b8d55f30370f0a012,CMIN-US:MS,CMIN-US:NFLX,MS,NFLX,supplier,"8-K 001-35727 10.1 October 26, 2017 10.17 Purchase Agreement, dated as of October 23, 2018 between the Company and Morgan Stanley & Co.",10-K,2019-01-29,2019-01-29T22:12:16.000Z,0001065280-19-000043,form10k_q418.htm,0.60,low,0.95,0.570000,0.009363,2019-01-29T22:12:16.000Z,,1,SEC EDGAR,0001065280-19-000043,https://www.sec.gov/Archives/edgar/data/1065280/000106528019000043/form10k_q418.htm,deterministic explicit-entity and relation-pattern extraction v2,unique_universe_match,public_at_sec_acceptance,candidate_review_required
e54c96fcdae93226018fb2ef11a91c7ebc2c30b21b3324c03c5bc0657f94949f,CMIN-US:MS,CMIN-US:NFLX,MS,NFLX,supplier,"8-K 001-35727 10.1 October 26, 2018 10.18 Purchase Agreement, dated as of October 23, 2018 between the Company and Morgan Stanley & Co.",10-K,2019-01-29,2019-01-29T22:12:16.000Z,0001065280-19-000043,form10k_q418.htm,0.60,low,0.95,0.570000,0.009363,2019-01-29T22:12:16.000Z,,1,SEC EDGAR,0001065280-19-000043,https://www.sec.gov/Archives/edgar/data/1065280/000106528019000043/form10k_q418.htm,deterministic explicit-entity and relation-pattern extraction v2,unique_universe_match,public_at_sec_acceptance,candidate_review_required
a80dcdc031a3b279386a7611a013bd67972e8b2af3038973f21b6ad4563ad4ce,CMIN-US:CHTR,CMIN-US:AAPL,CHTR,AAPL,customer,"We are also modifying our service operations to allow our customers to (1) interact with us through a variety of new forums, including our customer website, online chat and social media, (2) have their services installed at the time and in the manner of their own choosing, including self-installation, and to (3) receive their selected services on devices of their own choosing, including connected devices, such as Apple TV and Roku.",10-K,2019-01-31,2019-01-31T12:13:55.000Z,0001091667-19-000029,chtr12312018-10k.htm,0.60,low,0.95,0.570000,0.009436,2019-01-31T12:13:55.000Z,,1,SEC EDGAR,0001091667-19-000029,https://www.sec.gov/Archives/edgar/data/1091667/000109166719000029/chtr12312018-10k.htm,deterministic explicit-entity and relation-pattern extraction v2,unique_universe_match,public_at_sec_acceptance,candidate_review_required
85a3acb8bbeb2621f20769fa3973499914c0d78de8885fd483ea19fbf988e87c,CMIN-US:CHTR,CMIN-US:AAPL,CHTR,AAPL,customer,"Customers are increasingly accessing their subscription content through connected devices, such as Apple TV and Roku.",10-K,2019-01-31,2019-01-31T12:13:55.000Z,0001091667-19-000029,chtr12312018-10k.htm,0.60,low,0.95,0.570000,0.009436,2019-01-31T12:13:55.000Z,,1,SEC EDGAR,0001091667-19-000029,https://www.sec.gov/Archives/edgar/data/1091667/000109166719000029/chtr12312018-10k.htm,deterministic explicit-entity and relation-pattern extraction v2,unique_universe_match,public_at_sec_acceptance,candidate_review_required
20e59bf6c734c36750890241877b47612ff925c6b423a22e2a70c09495445efc,CMIN-US:CHTR,CMIN-US:NFLX,CHTR,NFLX,customer,"Spectrum Guide® is designed to allow our customers to enjoy a state-of-the-art video experience on our set-top boxes, and provides access to third-party video applications such as Netflix.",10-K,2019-01-31,2019-01-31T12:13:55.000Z,0001091667-19-000029,chtr12312018-10k.htm,0.60,low,0.95,0.570000,0.009436,2019-01-31T12:13:55.000Z,,1,SEC EDGAR,0001091667-19-000029,https://www.sec.gov/Archives/edgar/data/1091667/000109166719000029/chtr12312018-10k.htm,deterministic explicit-entity and relation-pattern extraction v2,unique_universe_match,public_at_sec_acceptance,candidate_review_required
c14a72bea116bd87170ce5e861e1135ce6aedcc924aba45f06b6eba28bc43b34,CMIN-US:CHTR,CMIN-US:VZ,CHTR,VZ,customer,"Increasingly, however, we are testing and evaluating opportunities for our customers to connect their devices to our network beyond their current service location or via our mobile virtual network operator (“MVNO”) reseller agreement with Verizon Communications Inc. (""Verizon""), using a combination of licensed and unlicensed radio spectrum for fixed and mobile service delivery from our highly distributed, high capacity network.Our principal executive offices are located at 400 Atlantic Street, Stamford, Connecticut 06901.",10-K,2019-01-31,2019-01-31T12:13:55.000Z,0001091667-19-000029,chtr12312018-10k.htm,0.60,low,0.95,0.570000,0.009436,2019-01-31T12:13:55.000Z,,1,SEC EDGAR,0001091667-19-000029,https://www.sec.gov/Archives/edgar/data/1091667/000109166719000029/chtr12312018-10k.htm,deterministic explicit-entity and relation-pattern extraction v2,unique_universe_match,public_at_sec_acceptance,candidate_review_required
9c03e58909d591b02dd1339b7c37405a0ff39a9911d0f43b493dda9867466472,CMIN-US:CMCSA,CMIN-US:NFLX,CMCSA,NFLX,customer,"HD and DVR, individually or together, are referred to as advanced services.Cable Communications’ Internet Protocol (“IP”) and cloud-enabled video platform, referred to as the X1 platform, provides customers with integrated search functionality, including the use of a voice-activated remote control, personalized recommendations and access to, and integration of content from, certain third-party internet applications, such as Netflix, Amazon Prime Video and YouTube.",10-K,2019-01-31,2019-01-31T22:00:03.000Z,0001166691-19-000005,cmcsa-12312018x10k.htm,0.60,low,0.95,0.570000,0.009436,2019-01-31T22:00:03.000Z,,1,SEC EDGAR,0001166691-19-000005,https://www.sec.gov/Archives/edgar/data/1166691/000116669119000005/cmcsa-12312018x10k.htm,deterministic explicit-entity and relation-pattern extraction v2,unique_universe_match,public_at_sec_acceptance,candidate_review_required
0ecf5cb4f50d6c4f9c700cc5362f05b8fe793f48879ac9c4182f2ab954ead4c0,CMIN-US:CMCSA,CMIN-US:NFLX,CMCSA,NFLX,customer,"Sky Q customers are offered personalized content recommendations and the use of a voice activated remote control, as well as integrated access to content from other providers such as Netflix, Spotify, Vevo and YouTube.",10-K,2019-01-31,2019-01-31T22:00:03.000Z,0001166691-19-000005,cmcsa-12312018x10k.htm,0.60,low,0.95,0.570000,0.009436,2019-01-31T22:00:03.000Z,,1,SEC EDGAR,0001166691-19-000005,https://www.sec.gov/Archives/edgar/data/1166691/000116669119000005/cmcsa-12312018x10k.htm,deterministic explicit-entity and relation-pattern extraction v2,unique_universe_match,public_at_sec_acceptance,candidate_review_required
8411770fd094c8ba5e4ba3bb314bcd90da7f837606ba72ea02a1b78b922d94e7,CMIN-US:NFLX,CMIN-US:CHTR,NFLX,CHTR,supplier,"Other online video business models have also developed, including, (i) subscription video on demand (“SVOD”) services such as Netflix, Amazon Prime, and Hulu Plus, (ii) ad-supported free online video products, including YouTube and Hulu, some of which offer programming for free to consumers that we currently purchase for a fee, (iii) pay-per-view products, such as iTunes, Amazon Instant and DAZN, and (iv) additional offerings from mobile providers which continue to integrate and bundle video services and mobile products.",10-K,2019-01-31,2019-01-31T12:13:55.000Z,0001091667-19-000029,chtr12312018-10k.htm,0.60,low,0.95,0.570000,0.009436,2019-01-31T12:13:55.000Z,,1,SEC EDGAR,0001091667-19-000029,https://www.sec.gov/Archives/edgar/data/1091667/000109166719000029/chtr12312018-10k.htm,deterministic explicit-entity and relation-pattern extraction v2,unique_universe_match,public_at_sec_acceptance,candidate_review_required
000c196e22bba62cbb1964e060299d1f7256b753541ef84d98ad7c73581d1916,CMIN-US:SNAP,CMIN-US:CMCSA,SNAP,CMCSA,supplier,"Purchases of investments in 2017 were primarily related to capital contributions to Atairos, our investment in Snap Inc. and NBCUniversal’s capital contributions in Hulu.",10-K,2019-01-31,2019-01-31T22:00:03.000Z,0001166691-19-000005,cmcsa-12312018x10k.htm,0.60,low,0.95,0.570000,0.009436,2019-01-31T22:00:03.000Z,,1,SEC EDGAR,0001166691-19-000005,https://www.sec.gov/Archives/edgar/data/1166691/000116669119000005/cmcsa-12312018x10k.htm,deterministic explicit-entity and relation-pattern extraction v2,unique_universe_match,public_at_sec_acceptance,candidate_review_required
56b811dc76f9bd4b6765a67886fd15441e9fc4ee045a947aeb07288139ba595a,CMIN-US:AAPL,CMIN-US:GOOG,AAPL,GOOG,supplier,"We face competition from:•Other digital content and application platform providers, such as Apple.•Companies that design, manufacture, and market consumer electronics products, including businesses that have developed proprietary platforms.•Providers of enterprise cloud services, including Alibaba, Amazon, and Microsoft.•Digital assistant providers, such as Amazon and Apple.Competing successfully depends heavily on our ability to deliver and distribute innovative products and technologies to the marketplace across our businesses.",10-K,2019-02-05,2019-02-05T02:06:38.000Z,0001652044-19-000004,goog10-kq42018.htm,0.60,low,0.95,0.570000,0.009619,2019-02-05T02:06:38.000Z,,1,SEC EDGAR,0001652044-19-000004,https://www.sec.gov/Archives/edgar/data/1652044/000165204419000004/goog10-kq42018.htm,deterministic explicit-entity and relation-pattern extraction v2,unique_universe_match,public_at_sec_acceptance,candidate_review_required
c3a2ed4dc855bbd242d3504fac8fc477b2e2f9892624d2aba9c2ff4e20cd4c53,CMIN-US:BABA,CMIN-US:GOOG,BABA,GOOG,supplier,"We face competition from:•Other digital content and application platform providers, such as Apple.•Companies that design, manufacture, and market consumer electronics products, including businesses that have developed proprietary platforms.•Providers of enterprise cloud services, including Alibaba, Amazon, and Microsoft.•Digital assistant providers, such as Amazon and Apple.Competing successfully depends heavily on our ability to deliver and distribute innovative products and technologies to the marketplace across our businesses.",10-K,2019-02-05,2019-02-05T02:06:38.000Z,0001652044-19-000004,goog10-kq42018.htm,0.60,low,0.95,0.570000,0.009619,2019-02-05T02:06:38.000Z,,1,SEC EDGAR,0001652044-19-000004,https://www.sec.gov/Archives/edgar/data/1652044/000165204419000004/goog10-kq42018.htm,deterministic explicit-entity and relation-pattern extraction v2,unique_universe_match,public_at_sec_acceptance,candidate_review_required
8970cacf57530b0315687aea12e31b2655f800d3b6ca5e634d021b7ff81558a6,CMIN-US:GOOG,CMIN-US:ABBV,GOOG,ABBV,strategic_partner,"65Table of ContentsAlphabet Inc.In September 2014, AbbVie Inc. (AbbVie) and Calico entered into a research and development collaboration agreement intended to help both companies discover, develop, and bring to market new therapies for patients with age-related diseases, including neurodegeneration and cancer.",10-K,2019-02-05,2019-02-05T02:06:38.000Z,0001652044-19-000004,goog10-kq42018.htm,0.60,low,0.95,0.570000,0.009619,2019-02-05T02:06:38.000Z,,0,SEC EDGAR,0001652044-19-000004,https://www.sec.gov/Archives/edgar/data/1652044/000165204419000004/goog10-kq42018.htm,deterministic explicit-entity and relation-pattern extraction v2,unique_universe_match,public_at_sec_acceptance,candidate_review_required
ace8709a0cd2a8cdf81972025b79250a7658d845837f85dd74a607ee3b912725,CMIN-US:GOOG,CMIN-US:ABBV,GOOG,ABBV,strategic_partner,"In the second quarter of 2018, AbbVie and Calico amended the collaboration agreement resulting in an increase in total commitments.",10-K,2019-02-05,2019-02-05T02:06:38.000Z,0001652044-19-000004,goog10-kq42018.htm,0.60,low,0.95,0.570000,0.009619,2019-02-05T02:06:38.000Z,,0,SEC EDGAR,0001652044-19-000004,https://www.sec.gov/Archives/edgar/data/1652044/000165204419000004/goog10-kq42018.htm,deterministic explicit-entity and relation-pattern extraction v2,unique_universe_match,public_at_sec_acceptance,candidate_review_required
b1b916f94eb350d0977abf3df5c52c168d223b79d51da341a3a30787055a9cd0,CMIN-US:GOOG,CMIN-US:NFLX,GOOG,NFLX,customer,"Our advertisers typically advertise in multiple media, both online and offline.•Other online advertising platforms and networks, including Amazon, AppNexus, Criteo, and Facebook, that compete for advertisers that use Google Ads, our primary auction-based advertising platform.•Providers of digital video services, such as Amazon, Facebook, Hulu, and Netflix.We compete with companies that have longer operating histories and more established relationships with customers and users in businesses that are further afield from our advertising business.",10-K,2019-02-05,2019-02-05T02:06:38.000Z,0001652044-19-000004,goog10-kq42018.htm,0.60,low,0.95,0.570000,0.009619,2019-02-05T02:06:38.000Z,,1,SEC EDGAR,0001652044-19-000004,https://www.sec.gov/Archives/edgar/data/1652044/000165204419000004/goog10-kq42018.htm,deterministic explicit-entity and relation-pattern extraction v2,unique_universe_match,public_at_sec_acceptance,candidate_review_required
475766caea191b76b2a145d36756007ad51d175229cd87a3396564549b4dc2b2,CMIN-US:GOOG,CMIN-US:ORCL,GOOG,ORCL,customer,"Our customers and partners may discontinue the use of our products, services, and technologies, as a result of injunctions or otherwise, which could result in loss of revenues and adversely affect our business.In 2010, Oracle America, Inc. (Oracle) brought a copyright lawsuit against Google in the Northern District of California, alleging that Google's Android operating system infringes Oracle's copyrights related to certain Java application programming interfaces.",10-K,2019-02-05,2019-02-05T02:06:38.000Z,0001652044-19-000004,goog10-kq42018.htm,0.60,low,0.95,0.570000,0.009619,2019-02-05T02:06:38.000Z,,1,SEC EDGAR,0001652044-19-000004,https://www.sec.gov/Archives/edgar/data/1652044/000165204419000004/goog10-kq42018.htm,deterministic explicit-entity and relation-pattern extraction v2,unique_universe_match,public_at_sec_acceptance,candidate_review_required
81dc1bf6ac22a3e82d6050d7fd6d653fedc0996569ddcf2b200c2a03047aa4df,CMIN-US:MSFT,CMIN-US:GOOG,MSFT,GOOG,supplier,"We face competition from:•Other digital content and application platform providers, such as Apple.•Companies that design, manufacture, and market consumer electronics products, including businesses that have developed proprietary platforms.•Providers of enterprise cloud services, including Alibaba, Amazon, and Microsoft.•Digital assistant providers, such as Amazon and Apple.Competing successfully depends heavily on our ability to deliver and distribute innovative products and technologies to the marketplace across our businesses.",10-K,2019-02-05,2019-02-05T02:06:38.000Z,0001652044-19-000004,goog10-kq42018.htm,0.60,low,0.95,0.570000,0.009619,2019-02-05T02:06:38.000Z,,1,SEC EDGAR,0001652044-19-000004,https://www.sec.gov/Archives/edgar/data/1652044/000165204419000004/goog10-kq42018.htm,deterministic explicit-entity and relation-pattern extraction v2,unique_universe_match,public_at_sec_acceptance,candidate_review_required
5e41209d2cd08717da755b5fecbfc2b6b4b8fb3ad9cfe50b586116c80e55e228,CMIN-US:MA,CMIN-US:PYPL,MA,PYPL,supplier,"In the event of default or failure of one or more of our counterparties, we could incur significant losses, which could negatively impact our results of operations and financial condition.23Table of ContentsPayPal is not a bank or licensed lender in the U.S. and relies upon third parties to make loans and provide other products critical to our business, which raises additional risks.As PayPal is neither a chartered financial institution, nor licensed to make loans in any state in the U.S., we rely on third-party chartered financial institutions to provide PayPal branded credit products to our customers in the U.S., including consumer credits products such as PayPal Credit and PayPal branded Mastercard credit cards, and business credit products such as PayPal Working Capital and PayPal Business Loan products.",10-K,2019-02-07,2019-02-07T21:47:58.000Z,0001633917-19-000043,pypl201810-k.htm,0.60,low,0.95,0.570000,0.009694,2019-02-07T21:47:58.000Z,,1,SEC EDGAR,0001633917-19-000043,https://www.sec.gov/Archives/edgar/data/1633917/000163391719000043/pypl201810-k.htm,deterministic explicit-entity and relation-pattern extraction v2,unique_universe_match,public_at_sec_acceptance,candidate_review_required
84181c4e9d28ea0fb2fc4fa2236cc2c874d7dd4dd16ab09bd9543196b2433984,CMIN-US:NFLX,CMIN-US:TMUS,NFLX,TMUS,supplier,"Our primary service plan offering, which allows customers to subscribe for wireless communication services separately from the purchase of a device is our T-Mobile ONE plan (“T-Mobile ONE”), which includes:•Unlimited talk, unlimited text and unlimited high-speed 4G LTE data on their device, where monthly wireless service fees and sales taxes are included in the advertised monthly recurring charge; •Video that typically streams at DVD (480p) quality and tethering is at maximum 3G speeds;•The ability for customers to keep their price for service until they decide to change it;•The ability for qualifying T-Mobile ONE customers on family plans to opt in for a standard monthly Netflix service plan at no additional cost; and•The ability for customers to choose to add on additional features for an additional cost on T-Mobile ONE Plus, where customers also receive:•Unlimited high definition video streaming;•20 GB of high-speed 4G LTE tethering;•Voicemail to Text, NameID and unlimited Gogo in-flight internet passes on capable domestic flights; and•Up to two times faster speeds when traveling abroad in 210+ countries and destinations.Depending on their credit profile, customers are qualified either for postpaid or prepaid service.Our device options for customers on T-Mobile ONE, and previously on Simple Choice plans, include:•for qualifying customers, depending on their credit profile, the option of financing all or a portion of the device purchase price at the time of sale over an installment period of up to 36 months using an EIP. •for qualifying customers who finance their initial device with an EIP, an option to enroll in our Just Upgrade My Phone (“JUMP!®”) program to later upgrade their device.",10-K,2019-02-07,2019-02-07T12:46:51.000Z,0001283699-19-000015,tmus12312018form10-k.htm,0.60,low,0.95,0.570000,0.009694,2019-02-07T12:46:51.000Z,,1,SEC EDGAR,0001283699-19-000015,https://www.sec.gov/Archives/edgar/data/1283699/000128369919000015/tmus12312018form10-k.htm,deterministic explicit-entity and relation-pattern extraction v2,unique_universe_match,public_at_sec_acceptance,candidate_review_required
b6a84dac4d3b2408c7d3430eb57ffa3b6e7ebc8795c676f6f4bcec8ac1292475,CMIN-US:PYPL,CMIN-US:MA,PYPL,MA,customer,"PayPal Credit and PayPal Mastercard consumer credit products, PayPal Working Capital, and PayPal Business Loan products;•third parties that provide loan servicing and customer statements processing;•third parties that provide certain outsourced customer support and product development functions, which are critical to our operations; and•third parties that provide facilities, infrastructure, components, and services, including data center facilities and cloud computing.31Table of ContentsBecause we rely on third parties to provide certain of our services and to facilitate certain of our business activities, we face increased operational risk.",10-K,2019-02-07,2019-02-07T21:47:58.000Z,0001633917-19-000043,pypl201810-k.htm,0.60,low,0.95,0.570000,0.009694,2019-02-07T21:47:58.000Z,,1,SEC EDGAR,0001633917-19-000043,https://www.sec.gov/Archives/edgar/data/1633917/000163391719000043/pypl201810-k.htm,deterministic explicit-entity and relation-pattern extraction v2,unique_universe_match,public_at_sec_acceptance,candidate_review_required
2246a72bd57c34783b26beabac105c6b12bf0cc9d8176bfa70207a072d6d5888,CMIN-US:MS,CMIN-US:NFLX,MS,NFLX,supplier,"LLC, as representative of the Initial Purchasers listed in Schedule 1 thereto 8-K 001-35727 10.2 February 5, 2015 10.10 Purchase Agreement, dated as of October 24, 2016, between the Company and Morgan Stanley & Co.",10-K/A,2019-02-08,2019-02-08T18:25:19.000Z,0001065280-19-000079,a10ka.htm,0.60,low,0.95,0.570000,0.009731,2019-02-08T18:25:19.000Z,,1,SEC EDGAR,0001065280-19-000079,https://www.sec.gov/Archives/edgar/data/1065280/000106528019000079/a10ka.htm,deterministic explicit-entity and relation-pattern extraction v2,unique_universe_match,public_at_sec_acceptance,candidate_review_required
8df5a35399c60e8493ac8bb601c74142a6e1af81b9f71c15c8a73b0d45f69487,CMIN-US:MS,CMIN-US:NFLX,MS,NFLX,supplier,"LLC, as representative of the Initial Purchasers listed in Schedule 1 thereto 8-K 001-35727 10.2 October 27, 2016 10.12 Purchase Agreement, dated as of April 26, 2017, between the Company and Morgan Stanley & Co.",10-K/A,2019-02-08,2019-02-08T18:25:19.000Z,0001065280-19-000079,a10ka.htm,0.60,low,0.95,0.570000,0.009731,2019-02-08T18:25:19.000Z,,1,SEC EDGAR,0001065280-19-000079,https://www.sec.gov/Archives/edgar/data/1065280/000106528019000079/a10ka.htm,deterministic explicit-entity and relation-pattern extraction v2,unique_universe_match,public_at_sec_acceptance,candidate_review_required
ca93c7f8e400b75fb2044d01884969f42ea665d4f6be2a5f8712a19e01184bf8,CMIN-US:MS,CMIN-US:NFLX,MS,NFLX,supplier,"International plc, as representative of the Initial Purchasers listed in Schedule 1 thereto 8-K 001-35727 10.1 May 3, 2017 10.14† Executive Severance and Retention Incentive Plan, as amended and restated as of July 12, 2017 10-Q 001-35727 10.14 July 19, 2017 10.15 Revolving Credit Agreement among the Company, Deutsche bank AG New York Branch, Goldman Sachs Bank USA, JPMorgan Chase Bank, N.A., Morgan Stanley Senior Funding, Inc. and Wells Fargo Bank, N.A. and the administrative agent, dated as of July 27, 2017 10-Q 001-35727 10.15 October 18, 2017 10.16 Purchase Agreement, dated as of October 23, 2017 between the Company and Morgan Stanley & Co.",10-K/A,2019-02-08,2019-02-08T18:25:19.000Z,0001065280-19-000079,a10ka.htm,0.60,low,0.95,0.570000,0.009731,2019-02-08T18:25:19.000Z,,1,SEC EDGAR,0001065280-19-000079,https://www.sec.gov/Archives/edgar/data/1065280/000106528019000079/a10ka.htm,deterministic explicit-entity and relation-pattern extraction v2,unique_universe_match,public_at_sec_acceptance,candidate_review_required
89c6997833a9cb8fd5035b66099f983c5d45353a2ad4799977156c4a961a0f13,CMIN-US:MS,CMIN-US:NFLX,MS,NFLX,supplier,"Exhibit Filing Date 10.17 Purchase Agreement, dated as of October 23, 2018 between the Company and Morgan Stanley & Co.",10-K/A,2019-02-08,2019-02-08T18:25:19.000Z,0001065280-19-000079,a10ka.htm,0.60,low,0.95,0.570000,0.009731,2019-02-08T18:25:19.000Z,,1,SEC EDGAR,0001065280-19-000079,https://www.sec.gov/Archives/edgar/data/1065280/000106528019000079/a10ka.htm,deterministic explicit-entity and relation-pattern extraction v2,unique_universe_match,public_at_sec_acceptance,candidate_review_required
104ed448fae402d93463f8f8920f2d053795a5a4dee963899eaf6a1631edac91,CMIN-US:MS,CMIN-US:NFLX,MS,NFLX,supplier,"8-K 001-35727 10.1 October 26, 2018 10.18 Purchase Agreement, dated as of October 23, 2018 between the Company and Morgan Stanley & Co.",10-K/A,2019-02-08,2019-02-08T18:25:19.000Z,0001065280-19-000079,a10ka.htm,0.60,low,0.95,0.570000,0.009731,2019-02-08T18:25:19.000Z,,1,SEC EDGAR,0001065280-19-000079,https://www.sec.gov/Archives/edgar/data/1065280/000106528019000079/a10ka.htm,deterministic explicit-entity and relation-pattern extraction v2,unique_universe_match,public_at_sec_acceptance,candidate_review_required
9a6cb83e74f7c9007eb30637225590a968e18226916a2b220b06af9043e98833,CMIN-US:CTA-PB,CMIN-US:MMM,CTA-PB,MMM,supplier,"The company's remaining product lines compete with many companies depending on the applicable market segment; peer multi-industrial competitors include The 3M Company and Honeywell.Distribution Most products are marketed primarily through the company's sales organization, although in some regions, more emphasis is placed on sales through distributors.",10-K,2019-02-11,2019-02-11T14:17:46.000Z,0000030554-19-000005,dd-12x31x201810xk.htm,0.60,low,0.95,0.570000,0.009844,2019-02-11T14:17:46.000Z,,1,SEC EDGAR,0000030554-19-000005,https://www.sec.gov/Archives/edgar/data/30554/000003055419000005/dd-12x31x201810xk.htm,deterministic explicit-entity and relation-pattern extraction v2,unique_universe_match,public_at_sec_acceptance,candidate_review_required
e70331629363b231b193dfea82f52abf2f5ca3f1f5b25f52dd1fed6eed788c1c,CMIN-US:MA,CMIN-US:V,MA,V,customer,"Inc., Visa International Service Association and Mastercard’s customer banks that are parties thereto (incorporated by reference to Exhibit 10.33 to Amendment No.1 to the Company’s Annual Report on Form 10-K/A filed on November 23, 2011).",10-K,2019-02-13,2019-02-13T15:03:54.000Z,0001141391-19-000013,ma12312018-10xk.htm,0.60,low,0.95,0.570000,0.009920,2019-02-13T15:03:54.000Z,,1,SEC EDGAR,0001141391-19-000013,https://www.sec.gov/Archives/edgar/data/1141391/000114139119000013/ma12312018-10xk.htm,deterministic explicit-entity and relation-pattern extraction v2,unique_universe_match,public_at_sec_acceptance,candidate_review_required
1db8ee3b2d4143ce02995598bf94322af679fa5c9fc035f7cadedd2ba264206b,CMIN-US:MA,CMIN-US:V,MA,V,customer,"10.26.1 Amendment to Omnibus Agreement Regarding Interchange Litigation Judgment Sharing and Settlement Sharing, dated as of August 25, 2014, by and among Mastercard Incorporated, Mastercard International Incorporated, Visa Inc., Visa U.S.A Inc., Visa International Service Association and Mastercard’s customer banks that are parties thereto (incorporated by reference to Exhibit 10.1 to the Company’s Quarterly Report on Form 10-Q filed October 30, 2014 (File No.",10-K,2019-02-13,2019-02-13T15:03:54.000Z,0001141391-19-000013,ma12312018-10xk.htm,0.60,low,0.95,0.570000,0.009920,2019-02-13T15:03:54.000Z,,1,SEC EDGAR,0001141391-19-000013,https://www.sec.gov/Archives/edgar/data/1141391/000114139119000013/ma12312018-10xk.htm,deterministic explicit-entity and relation-pattern extraction v2,unique_universe_match,public_at_sec_acceptance,candidate_review_required
2b5ce41e6aa57d5287ba24632c2c16a73469dbf843ab47442d014e84cd067960,CMIN-US:MA,CMIN-US:V,MA,V,customer,"10.26.2 Second Amendment to Omnibus Agreement Regarding Interchange Litigation Judgment Sharing and Settlement Sharing, dated as of October 22, 2015, by and among Mastercard Incorporated, Mastercard International Incorporated, Visa Inc., Visa U.S.A Inc., Visa International Service Association and Mastercard’s customer banks that are parties thereto (incorporated by reference to Exhibit 10.2 to the Company’s Quarterly Report on Form 10-Q filed October 29, 2015 (File No.",10-K,2019-02-13,2019-02-13T15:03:54.000Z,0001141391-19-000013,ma12312018-10xk.htm,0.60,low,0.95,0.570000,0.009920,2019-02-13T15:03:54.000Z,,1,SEC EDGAR,0001141391-19-000013,https://www.sec.gov/Archives/edgar/data/1141391/000114139119000013/ma12312018-10xk.htm,deterministic explicit-entity and relation-pattern extraction v2,unique_universe_match,public_at_sec_acceptance,candidate_review_required
a7dd79f126fc793706aca9c208e9edb534d58d65e3186af62023f372865c2772,CMIN-US:MA,CMIN-US:V,MA,V,customer,"Inc. and Visa International Service Association; the Class Plaintiffs defined therein; and the Customer Banks defined therein (incorporated by reference to Exhibit 10.1 to the Company’s Current Report on Form 8-K filed September 18, 2018 (File No.",10-K,2019-02-13,2019-02-13T15:03:54.000Z,0001141391-19-000013,ma12312018-10xk.htm,0.60,low,0.95,0.570000,0.009920,2019-02-13T15:03:54.000Z,,1,SEC EDGAR,0001141391-19-000013,https://www.sec.gov/Archives/edgar/data/1141391/000114139119000013/ma12312018-10xk.htm,deterministic explicit-entity and relation-pattern extraction v2,unique_universe_match,public_at_sec_acceptance,candidate_review_required
8bf184456eb9c0dff06af9fbb275380f7459d964d00452d88916154a945c6019,CMIN-US:V,CMIN-US:MA,V,MA,supplier,"The court appointed separate counsel for each class.Prior to the reversal of the settlement approval, merchants representing slightly more than 25% of the Mastercard and Visa purchase volume over the relevant period chose to opt out of the class settlement.",10-K,2019-02-13,2019-02-13T15:03:54.000Z,0001141391-19-000013,ma12312018-10xk.htm,0.60,low,0.95,0.570000,0.009920,2019-02-13T15:03:54.000Z,,1,SEC EDGAR,0001141391-19-000013,https://www.sec.gov/Archives/edgar/data/1141391/000114139119000013/ma12312018-10xk.htm,deterministic explicit-entity and relation-pattern extraction v2,unique_universe_match,public_at_sec_acceptance,candidate_review_required
750d7457c0afb91e523cfea79f3cd073d8360f36d285247bd824326021a31a76,CMIN-US:FCX,CMIN-US:RIO,FCX,RIO,supplier,"GBC production rates over the next five years are expected to ramp up to 130,000 metric tons of ore per day.PT-FI’s production, including the former Rio Tinto Joint Venture share, totaled 1.2 billion pounds of copper and 2.7 million ounces of gold in 2018, 1.0 billion pounds of copper and 1.6 million ounces of gold in 2017, and 1.1 billion pounds of copper and 1.1 million ounces of gold in 2016.Our principal source of power for all of our Indonesia operations is a coal-fired power plant that we built in 1998.",10-K,2019-02-15,2019-02-15T19:25:42.000Z,0000831259-19-000009,a2018form10-k.htm,0.60,low,0.95,0.570000,0.009997,2019-02-15T19:25:42.000Z,,1,SEC EDGAR,0000831259-19-000009,https://www.sec.gov/Archives/edgar/data/831259/000083125919000009/a2018form10-k.htm,deterministic explicit-entity and relation-pattern extraction v2,unique_universe_match,public_at_sec_acceptance,candidate_review_required
abef6d2545f147b8a4a9f4bdc35dab7263fc9dfdbd26c383c964f32510ae7bda,CMIN-US:NEE,CMIN-US:SO,NEE,SO,supplier,"The collective bargaining agreements have three- to five-year terms and expire between May 2019 and 2021.GULF POWEROn January 1, 2019, NEE completed the previously announced acquisition of all of the outstanding common shares of Gulf Power under a stock purchase agreement with The Southern Company dated May 20, 2018, as amended, for approximately $4.47 billion in cash consideration, excluding post-closing working capital adjustments, and the assumption of approximately $1.3 billion of Gulf Power debt.",10-K,2019-02-15,2019-02-15T22:22:00.000Z,0000753308-19-000039,nee-12312018x10k.htm,0.60,low,0.95,0.570000,0.009997,2019-02-15T22:22:00.000Z,,1,SEC EDGAR,0000753308-19-000039,https://www.sec.gov/Archives/edgar/data/753308/000075330819000039/nee-12312018x10k.htm,deterministic explicit-entity and relation-pattern extraction v2,unique_universe_match,public_at_sec_acceptance,candidate_review_required
60bb286e395e6774ba743b06d10571ea72c33c98b217c8f76dfc20c0fa6c4d22,CMIN-US:PEP,CMIN-US:KO,PEP,KO,supplier,"However, The Coca-Cola Company has significant carbonated soft drink (CSD) share advantage in many markets outside the United States.Our beverage, food and snack products compete primarily on the basis of brand recognition and loyalty, taste, price, value, quality, product variety, innovation, distribution, advertising, marketing and promotional activity, packaging, convenience, service and the ability to anticipate and effectively respond to consumer preferences and trends, including increased consumer focus on health and wellness and the continued acceleration of e-commerce and other methods of distributing and purchasing products.",10-K,2019-02-15,2019-02-15T21:23:02.000Z,0000077476-19-000017,pepsico201810-k.htm,0.60,low,0.95,0.570000,0.009997,2019-02-15T21:23:02.000Z,,1,SEC EDGAR,0000077476-19-000017,https://www.sec.gov/Archives/edgar/data/77476/000007747619000017/pepsico201810-k.htm,deterministic explicit-entity and relation-pattern extraction v2,unique_universe_match,public_at_sec_acceptance,candidate_review_required
7c02dc72e466a2af25cd4c0874dd8ef1f6ceb62a5c630d2d8294e2a9f5870d17,CMIN-US:PEP,CMIN-US:WMT,PEP,WMT,customer,"In 2018, sales to Walmart Inc. (Walmart), including Sam’s Club (Sam’s), represented approximately 13% of our consolidated net revenue.",10-K,2019-02-15,2019-02-15T21:23:02.000Z,0000077476-19-000017,pepsico201810-k.htm,0.97,high,0.95,0.921500,0.016162,2019-02-15T21:23:02.000Z,,1,SEC EDGAR,0000077476-19-000017,https://www.sec.gov/Archives/edgar/data/77476/000007747619000017/pepsico201810-k.htm,deterministic explicit-entity and relation-pattern extraction v2,unique_universe_match,public_at_sec_acceptance,accepted
d64b29efe2a8753be2f89d3d70040f7301ac32975ba23e497b94cdafa2b9ceab,CMIN-US:PEP,CMIN-US:WMT,PEP,WMT,customer,"Our top five retail customers represented approximately 33% of our 2018 net revenue in North America, with Walmart (including Sam’s) representing approximately 19%.",10-K,2019-02-15,2019-02-15T21:23:02.000Z,0000077476-19-000017,pepsico201810-k.htm,0.60,low,0.95,0.570000,0.009997,2019-02-15T21:23:02.000Z,,1,SEC EDGAR,0000077476-19-000017,https://www.sec.gov/Archives/edgar/data/77476/000007747619000017/pepsico201810-k.htm,deterministic explicit-entity and relation-pattern extraction v2,unique_universe_match,public_at_sec_acceptance,candidate_review_required
a33c74afb96efed99bfc0e61add1e96db4f768d63eb7603a71bb6486403a693e,CMIN-US:PEP,CMIN-US:WMT,PEP,WMT,customer,"We are exposed to concentration of credit risk from our major customers, including Walmart.",10-K,2019-02-15,2019-02-15T21:23:02.000Z,0000077476-19-000017,pepsico201810-k.htm,0.92,high,0.95,0.874000,0.015329,2019-02-15T21:23:02.000Z,,1,SEC EDGAR,0000077476-19-000017,https://www.sec.gov/Archives/edgar/data/77476/000007747619000017/pepsico201810-k.htm,deterministic explicit-entity and relation-pattern extraction v2,unique_universe_match,public_at_sec_acceptance,accepted
8dc043fc7ad7862ec91ed82a21510422ed80b997fe8382ee8c64cd3ab41ddeb3,CMIN-US:PEP,CMIN-US:WMT,PEP,WMT,customer,"In 2018, sales to Walmart (including Sam’s) represented approximately 13% of our consolidated net revenue, including concentrate sales to our independent bottlers, which were used in finished goods sold by them to Walmart.",10-K,2019-02-15,2019-02-15T21:23:02.000Z,0000077476-19-000017,pepsico201810-k.htm,0.97,high,0.95,0.921500,0.016162,2019-02-15T21:23:02.000Z,,1,SEC EDGAR,0000077476-19-000017,https://www.sec.gov/Archives/edgar/data/77476/000007747619000017/pepsico201810-k.htm,deterministic explicit-entity and relation-pattern extraction v2,unique_universe_match,public_at_sec_acceptance,accepted
1aca2c93b8a26d5579d21706b7bae9fdb93a874b8c2f519712a3bfa5e5dafddf,CMIN-US:SO,CMIN-US:NEE,SO,NEE,supplier,"ExhibitNumber Description NEE FPL *2(a) Stock Purchase Agreement by and among The Southern Company, 700 Universe, LLC and NextEra Energy, Inc. dated as of May 20, 2018 (filed as Exhibit 2(a) to Form 8-K dated May 23, 2018, File No.",10-K,2019-02-15,2019-02-15T22:22:00.000Z,0000753308-19-000039,nee-12312018x10k.htm,0.60,low,0.95,0.570000,0.009997,2019-02-15T22:22:00.000Z,,1,SEC EDGAR,0000753308-19-000039,https://www.sec.gov/Archives/edgar/data/753308/000075330819000039/nee-12312018x10k.htm,deterministic explicit-entity and relation-pattern extraction v2,unique_universe_match,public_at_sec_acceptance,candidate_review_required
10d43a192b025b091f74e8bdddf10f266ac31dea0ff3ab355af29e68562daab8,CMIN-US:VZ,CMIN-US:AMT,VZ,AMT,customer,"These include the factors described above, as well as new technologies, new business models, changes in customer preferences, regulatory changes, demographic trends, economic conditions and pricing strategies that bundle the services of wireless and cable competitors.Strategic TransactionDuring March 2015, we completed a transaction with American Tower Corporation (American Tower) pursuant to which American Tower acquired the exclusive rights to lease and operate approximately 11,300 of our wireless towers and corresponding ground leases for an upfront payment of $5.0 billion.",10-K,2019-02-15,2019-02-15T18:42:40.000Z,0000732712-19-000012,a2018q410-k.htm,0.60,low,0.95,0.570000,0.009997,2019-02-15T18:42:40.000Z,,1,SEC EDGAR,0000732712-19-000012,https://www.sec.gov/Archives/edgar/data/732712/000073271219000012/a2018q410-k.htm,deterministic explicit-entity and relation-pattern extraction v2,unique_universe_match,public_at_sec_acceptance,candidate_review_required
be33fe3926ab06933dac347b7dff7dccb8256655d5e36dbc68c1ee52bb3dbbf6,CMIN-US:VZ,CMIN-US:AMT,VZ,AMT,supplier,"As the leases expire, American Tower has fixed-price purchase options to acquire these towers based on their anticipated fair market values at the end of the lease terms.",10-K,2019-02-15,2019-02-15T18:42:40.000Z,0000732712-19-000012,a2018q410-k.htm,0.60,low,0.95,0.570000,0.009997,2019-02-15T18:42:40.000Z,,1,SEC EDGAR,0000732712-19-000012,https://www.sec.gov/Archives/edgar/data/732712/000073271219000012/a2018q410-k.htm,deterministic explicit-entity and relation-pattern extraction v2,unique_universe_match,public_at_sec_acceptance,candidate_review_required
caadc2490147968170a0a9b2fb2b050d1088fe97e8beb7524423e762d20855bf,CMIN-US:VZ,CMIN-US:EQIX,VZ,EQIX,customer,"Approximately 9,300 Verizon employees who served customers in California, Florida and Texas continued employment with Frontier.In December 2016, we entered into a definitive agreement, which was subsequently amended in March 2017, with Equinix, Inc. (Equinix) pursuant to which we agreed to sell 23 customer-facing data center sites in the U.S. and Latin America for approximately $3.6 billion, subject to certain adjustments (Data Center Sale).",10-K,2019-02-15,2019-02-15T18:42:40.000Z,0000732712-19-000012,a2018q410-k.htm,0.60,low,0.95,0.570000,0.009997,2019-02-15T18:42:40.000Z,,1,SEC EDGAR,0000732712-19-000012,https://www.sec.gov/Archives/edgar/data/732712/000073271219000012/a2018q410-k.htm,deterministic explicit-entity and relation-pattern extraction v2,unique_universe_match,public_at_sec_acceptance,candidate_review_required
1854ce3107002e4cc270a25c82ff860f0e44f2c2eb632919c8dd4af8afb7fb36,CMIN-US:LLY,CMIN-US:PFE,LLY,PFE,strategic_partner,"Generic versions of Effient launched in the U.S. in the third quarter of 2017.The following table summarizes our revenue recognized with respect to Effient: 2018 2017 2016Revenue$122.2 $388.9 $535.2TanezumabWe have a collaboration agreement with Pfizer Inc. (Pfizer) to jointly develop and globally commercialize tanezumab for the treatment of osteoarthritis pain, chronic low back pain and cancer pain.",10-K,2019-02-19,2019-02-19T15:41:31.000Z,0000059478-19-000082,lly-20181231x10xk.htm,0.82,medium,0.95,0.779000,0.013875,2019-02-19T15:41:31.000Z,,0,SEC EDGAR,0000059478-19-000082,https://www.sec.gov/Archives/edgar/data/59478/000005947819000082/lly-20181231x10xk.htm,deterministic explicit-entity and relation-pattern extraction v2,unique_universe_match,public_at_sec_acceptance,accepted
e24d9fe91917577c9a647d1d853d56b078c05a3550ca1e525b4664bb0c5f70c7,CMIN-US:PFE,CMIN-US:LLY,PFE,LLY,supplier,"Tanezumab* (Q3 2008)—an anti-nerve growth factor monoclonal antibody for the treatment of osteoarthritis pain, chronic low back pain, and cancer pain (in collaboration with Pfizer Inc.).Tirzepatide* (Q4 2018)—a long-acting, combination therapy of glucose-dependent insulinotropic polypeptide (GIP) and glucagon-like peptide 1 for the treatment of type 2 diabetes.Ultra-rapid Lispro* (Q3 2017)—an ultra-rapid insulin for the treatment of type 1 and type 2 diabetes.*Biologic molecule subject to the U.S.",10-K,2019-02-19,2019-02-19T15:41:31.000Z,0000059478-19-000082,lly-20181231x10xk.htm,0.60,low,0.95,0.570000,0.010152,2019-02-19T15:41:31.000Z,,1,SEC EDGAR,0000059478-19-000082,https://www.sec.gov/Archives/edgar/data/59478/000005947819000082/lly-20181231x10xk.htm,deterministic explicit-entity and relation-pattern extraction v2,unique_universe_match,public_at_sec_acceptance,candidate_review_required
857a8e17cd6cbbf5b6fad4441ba42a68ef5c44f151d3d3178816cb7e68950f12,CMIN-US:DUK,CMIN-US:SO,DUK,SO,supplier,"2025I-4 Table of Contents Index to Financial StatementsBlock Sales PPAs (continued)Facility/Source Counterparty MWs(1) Contract TermRowan CC Unit 4 Duke Energy Progress, LLC 150 through Dec.",10-K,2019-02-20,2019-02-19T23:34:01.000Z,0000092122-19-000006,so10-k12312018.htm,0.60,low,0.95,0.570000,0.010152,2019-02-19T23:34:01.000Z,,1,SEC EDGAR,0000092122-19-000006,https://www.sec.gov/Archives/edgar/data/92122/000009212219000006/so10-k12312018.htm,deterministic explicit-entity and relation-pattern extraction v2,unique_universe_match,public_at_sec_acceptance,candidate_review_required
51fdba484f48520332971e26ab647eb8bf43e516acc0a8d82f3e7858820cc3bd,CMIN-US:DUK,CMIN-US:SO,DUK,SO,supplier,This purchase was contingent upon the closing of the merger between Piedmont and Duke Energy Corporation (Duke Energy).,10-K,2019-02-20,2019-02-19T23:34:01.000Z,0000092122-19-000006,so10-k12312018.htm,0.60,low,0.95,0.570000,0.010152,2019-02-19T23:34:01.000Z,,1,SEC EDGAR,0000092122-19-000006,https://www.sec.gov/Archives/edgar/data/92122/000009212219000006/so10-k12312018.htm,deterministic explicit-entity and relation-pattern extraction v2,unique_universe_match,public_at_sec_acceptance,candidate_review_required
731daf6907cfe1b2c1770cf8057456b9064c106303879268abe7dffd12d9489d,CMIN-US:JNJ,CMIN-US:ABBV,JNJ,ABBV,customer,"In general, the income statement presentation for these collaborations is as follows:Nature/Type of Collaboration Statement of Earnings PresentationThird-party sale of product & profit share payments received Sales to customersRoyalties/milestones paid to collaborative partner (post-regulatory approval)* Cost of products soldRoyalties received from collaborative partner Other income (expense), netUpfront payments & milestones paid to collaborative partner (pre-regulatory approval) Research and development expenseResearch and development payments to collaborative partner Research and development expenseResearch and development payments received from collaborative partner Reduction of Research and development expense* Milestones are capitalized as intangible assets and amortized to cost of products sold over the useful life.For all years presented, there was no individual project that represented greater than 5% of the total annual consolidated research and development expense.The Company has a number of products and compounds developed in collaboration with strategic partners including XARELTO®, co-developed with Bayer HealthCare AG and IMBRUVICA®, developed in collaboration and co-marketed with Pharmacyclics LLC, an AbbVie company.The Company has a number of licensing arrangements for products and compounds including DARZALEX®, licensed from Genmab A/S.",10-K,2019-02-20,2019-02-20T21:40:34.000Z,0000200406-19-000009,form10-k20181230.htm,0.60,low,0.95,0.570000,0.010191,2019-02-20T21:40:34.000Z,,1,SEC EDGAR,0000200406-19-000009,https://www.sec.gov/Archives/edgar/data/200406/000020040619000009/form10-k20181230.htm,deterministic explicit-entity and relation-pattern extraction v2,unique_universe_match,public_at_sec_acceptance,candidate_review_required
a5b4b30c7ed948d38c3ed7c5999d3023639addd95ade95060f0751430dd7bc19,CMIN-US:NEE,CMIN-US:SO,NEE,SO,supplier,"The predecessor Mississippi Power Company was incorporated under the laws of the State of Maine on November 24, 1924.On January 1, 2019, Southern Company completed its sale of Gulf Power to NextEra Energy for an aggregate cash purchase price of approximately $5.8 billion (less $1.3 billion of indebtedness assumed), subject to customary working capital adjustments.",10-K,2019-02-20,2019-02-19T23:34:01.000Z,0000092122-19-000006,so10-k12312018.htm,0.60,low,0.95,0.570000,0.010152,2019-02-19T23:34:01.000Z,,1,SEC EDGAR,0000092122-19-000006,https://www.sec.gov/Archives/edgar/data/92122/000009212219000006/so10-k12312018.htm,deterministic explicit-entity and relation-pattern extraction v2,unique_universe_match,public_at_sec_acceptance,candidate_review_required
16f18c1b6afbdc4139d7a475db923c8312ecfa7ac881889b3783867ce430b3ba,CMIN-US:NEE,CMIN-US:SO,NEE,SO,supplier,"On January 1, 2019, Southern Company completed its sale of Gulf Power to NextEra Energy for an aggregate cash purchase price of approximately $5.8 billion (less $1.3 billion of indebtedness assumed), subject to customary working capital adjustments.",10-K,2019-02-20,2019-02-19T23:34:01.000Z,0000092122-19-000006,so10-k12312018.htm,0.60,low,0.95,0.570000,0.010152,2019-02-19T23:34:01.000Z,,1,SEC EDGAR,0000092122-19-000006,https://www.sec.gov/Archives/edgar/data/92122/000009212219000006/so10-k12312018.htm,deterministic explicit-entity and relation-pattern extraction v2,unique_universe_match,public_at_sec_acceptance,candidate_review_required
5814de811b575edb62b5cf70baebbde710bcbc3017c547e420787c733b7347d8,CMIN-US:NEE,CMIN-US:SO,NEE,SO,supplier,"Pursuit of any of the above strategies, or any combination thereof, may significantly affect the business operations, risks, and financial condition of Southern Company.On January 1, 2019, Southern Company completed the sale of Gulf Power to NextEra Energy for an aggregate cash purchase price of approximately $5.8 billion (less $1.3 billion of indebtedness assumed), subject to customary working capital adjustments.",10-K,2019-02-20,2019-02-19T23:34:01.000Z,0000092122-19-000006,so10-k12312018.htm,0.60,low,0.95,0.570000,0.010152,2019-02-19T23:34:01.000Z,,1,SEC EDGAR,0000092122-19-000006,https://www.sec.gov/Archives/edgar/data/92122/000009212219000006/so10-k12312018.htm,deterministic explicit-entity and relation-pattern extraction v2,unique_universe_match,public_at_sec_acceptance,candidate_review_required
3d62f64493d4867716a86caa271454c7ecdfcd4da9c28fea9decbd44796ad394,CMIN-US:NEE,CMIN-US:SO,NEE,SO,supplier,"On July 29, 2018, Southern Company Gas and its wholly-owned direct subsidiary, NUI Corporation, completed the stock sale of Pivotal Utility Holdings, which primarily consisted of Florida City Gas, to NextEra Energy for a total cash purchase price of $587 million.",10-K,2019-02-20,2019-02-19T23:34:01.000Z,0000092122-19-000006,so10-k12312018.htm,0.60,low,0.95,0.570000,0.010152,2019-02-19T23:34:01.000Z,,1,SEC EDGAR,0000092122-19-000006,https://www.sec.gov/Archives/edgar/data/92122/000009212219000006/so10-k12312018.htm,deterministic explicit-entity and relation-pattern extraction v2,unique_universe_match,public_at_sec_acceptance,candidate_review_required
5ed1d57b52afd2c2d23224bd0751058f52f0780f18f9a9b065441f811942d8ec,CMIN-US:NEE,CMIN-US:SO,NEE,SO,supplier,"This disposition resulted in a pre-tax gain that was entirely offset by $205 million of income tax expense, resulting in no material net income impact.•On July 29, 2018, Southern Company Gas and its wholly-owned direct subsidiary, NUI Corporation, completed the stock sale of Pivotal Utility Holdings, which primarily consisted of Florida City Gas, to NextEra Energy for a total cash purchase price of $587 million, which includes the final working capital adjustment less indebtedness assumed at closing.",10-K,2019-02-20,2019-02-19T23:34:01.000Z,0000092122-19-000006,so10-k12312018.htm,0.60,low,0.95,0.570000,0.010152,2019-02-19T23:34:01.000Z,,1,SEC EDGAR,0000092122-19-000006,https://www.sec.gov/Archives/edgar/data/92122/000009212219000006/so10-k12312018.htm,deterministic explicit-entity and relation-pattern extraction v2,unique_universe_match,public_at_sec_acceptance,candidate_review_required
a1cf336e4fedebdca190e8aa0e76d5c48eba2f1bb1891825373c0815ba6a017d,CMIN-US:NEE,CMIN-US:SO,NEE,SO,supplier,"Southern Company Gas and South Jersey Industries, Inc. entered into transition services agreements whereby Southern Company Gas will provide certain administrative and operational services through no later than July 31, 2020.Sale of Florida City GasOn July 29, 2018, Southern Company Gas and its wholly-owned direct subsidiary, NUI Corporation, completed the stock sale of Pivotal Utility Holdings, which primarily consisted of Florida City Gas, to NextEra Energy for a total cash purchase price of $587 million, which includes the final working capital adjustment.",10-K,2019-02-20,2019-02-19T23:34:01.000Z,0000092122-19-000006,so10-k12312018.htm,0.60,low,0.95,0.570000,0.010152,2019-02-19T23:34:01.000Z,,1,SEC EDGAR,0000092122-19-000006,https://www.sec.gov/Archives/edgar/data/92122/000009212219000006/so10-k12312018.htm,deterministic explicit-entity and relation-pattern extraction v2,unique_universe_match,public_at_sec_acceptance,candidate_review_required
c031906a66d5f4601c8b14b429c34171dbeb4c06846dc1fb2313fec05c612541,CMIN-US:NEE,CMIN-US:SO,NEE,SO,supplier,"1-3526, as Exhibit 2.1.) (a) 2 — Stock Purchase Agreement, dated as of May 20, 2018, by and among Southern Company, 700 Universe, LLC, and NextEra Energy. (Designated in Form 8-K dated May 23, 2018, File No.",10-K,2019-02-20,2019-02-19T23:34:01.000Z,0000092122-19-000006,so10-k12312018.htm,0.60,low,0.95,0.570000,0.010152,2019-02-19T23:34:01.000Z,,1,SEC EDGAR,0000092122-19-000006,https://www.sec.gov/Archives/edgar/data/92122/000009212219000006/so10-k12312018.htm,deterministic explicit-entity and relation-pattern extraction v2,unique_universe_match,public_at_sec_acceptance,candidate_review_required
48ca0dda4281758dcb1dfb16142a821bb24ade08d1bb854b9e217d2badcb6760,CMIN-US:NEE,CMIN-US:SO,NEE,SO,supplier,"1 to Stock Purchase Agreement, dated as of January 1, 2019, by and among Southern Company, 700 Universe, LLC, and NextEra Energy.** (a) 4 — Stock Purchase Agreement, dated as of May 20, 2018, by and among Southern Company Gas, NUI Corporation, 700 Universe, LLC, and NextEra Energy. (Designated in Form 8-K dated May 23, 2018, File No.",10-K,2019-02-20,2019-02-19T23:34:01.000Z,0000092122-19-000006,so10-k12312018.htm,0.60,low,0.95,0.570000,0.010152,2019-02-19T23:34:01.000Z,,1,SEC EDGAR,0000092122-19-000006,https://www.sec.gov/Archives/edgar/data/92122/000009212219000006/so10-k12312018.htm,deterministic explicit-entity and relation-pattern extraction v2,unique_universe_match,public_at_sec_acceptance,candidate_review_required
788365c74688d57d5dabed1141f58ab622efcec81dec581f1fa96fd037ac1e87,CMIN-US:NEE,CMIN-US:SO,NEE,SO,supplier,"1-3526, as Exhibit 2(a)2.) (a) 5 — Equity Interest Purchase Agreement, dated as of May 20, 2018, by and among Southern Power Company, 700 Universe, LLC, and NextEra Energy. (Designated in Form 8-K dated May 23, 2018, File No.",10-K,2019-02-20,2019-02-19T23:34:01.000Z,0000092122-19-000006,so10-k12312018.htm,0.60,low,0.95,0.570000,0.010152,2019-02-19T23:34:01.000Z,,1,SEC EDGAR,0000092122-19-000006,https://www.sec.gov/Archives/edgar/data/92122/000009212219000006/so10-k12312018.htm,deterministic explicit-entity and relation-pattern extraction v2,unique_universe_match,public_at_sec_acceptance,candidate_review_required
7c7f53a61808cfa3d9c3b09327b9707053c9d9b95995c3572f4aa2b0838df6fe,CMIN-US:NEE,CMIN-US:SO,NEE,SO,supplier,"1-3526, as Exhibit 2(a)3.) Southern Power (e) 1 — Equity Interest Purchase Agreement, dated as of May 20, 2018, by and among Southern Power Company, 700 Universe, LLC, and NextEra Energy.",10-K,2019-02-20,2019-02-19T23:34:01.000Z,0000092122-19-000006,so10-k12312018.htm,0.60,low,0.95,0.570000,0.010152,2019-02-19T23:34:01.000Z,,1,SEC EDGAR,0000092122-19-000006,https://www.sec.gov/Archives/edgar/data/92122/000009212219000006/so10-k12312018.htm,deterministic explicit-entity and relation-pattern extraction v2,unique_universe_match,public_at_sec_acceptance,candidate_review_required
90d77a24f4373a27339b63d2a22070bdfbd66c43ca306fb00e0eea37b47296e2,CMIN-US:SO,CMIN-US:CVX,SO,CVX,customer,"See Note 15 to the financial statements under ""Southern Power – Sales of Natural Gas Plants"" in Item 8 herein for additional information.Titles to PropertyThe traditional electric operating companies', Southern Power's, and SEGCO's interests in the principal plants and other important units of the respective companies are owned in fee by such companies, subject to the following major encumbrances: (1) liens pursuant to the assumption of debt obligations by Mississippi Power in connection with the acquisition of Plant Daniel Units 3 and 4, (2) a leasehold interest granted by Mississippi Power's largest retail customer, Chevron Products Company (Chevron), at the Chevron refinery, on which five combustion turbines of Mississippi Power are located, (3) liens pursuant to the agreements entered into with Chevron in October 2017 on Mississippi Power's co-generation assets located at the Chevron refinery, (4) liens associated with Georgia Power's reimbursement obligations to the DOE under its loan guarantee, which are secured by a first priority lien on (a) Georgia Power's 45.7% undivided ownership interest in Plant Vogtle Units 3 and 4 and (b) Georgia Power's rights and obligations under the principal contracts relating to Plant Vogtle Units 3 and 4, and (5) liens associated with two PPAs assumed as part of the acquisition of Plant Mankato in 2016 by Southern Power Company.",10-K,2019-02-20,2019-02-19T23:34:01.000Z,0000092122-19-000006,so10-k12312018.htm,0.60,low,0.95,0.570000,0.010152,2019-02-19T23:34:01.000Z,,1,SEC EDGAR,0000092122-19-000006,https://www.sec.gov/Archives/edgar/data/92122/000009212219000006/so10-k12312018.htm,deterministic explicit-entity and relation-pattern extraction v2,unique_universe_match,public_at_sec_acceptance,candidate_review_required
bcaad525a36b168dd24c640d6f06323b37060676bf71ec59f00aadd844df6a2d,CMIN-US:SO,CMIN-US:CVX,SO,CVX,customer,"See ""Retail Regulatory Matters"" herein and Note 2 to the financial statements under ""Mississippi Power – Performance Evaluation Plan"" for more information.On October 2, 2018, the Mississippi PSC approved the executed agreements between Mississippi Power and its largest retail customer, Chevron, for Mississippi Power to continue providing retail service to the Chevron refinery in Pascagoula, Mississippi II-131 Table of Contents Index to Financial StatementsMANAGEMENT'S DISCUSSION AND ANALYSIS (continued)Mississippi Power Company 2018 Annual Reportthrough 2038.",10-K,2019-02-20,2019-02-19T23:34:01.000Z,0000092122-19-000006,so10-k12312018.htm,0.60,low,0.95,0.570000,0.010152,2019-02-19T23:34:01.000Z,,1,SEC EDGAR,0000092122-19-000006,https://www.sec.gov/Archives/edgar/data/92122/000009212219000006/so10-k12312018.htm,deterministic explicit-entity and relation-pattern extraction v2,unique_universe_match,public_at_sec_acceptance,candidate_review_required
bd404a92394ec1b8a4c4621cb2b9587b34e18f10b3fca170530f4646694e8a01,CMIN-US:SO,CMIN-US:CVX,SO,CVX,customer,"In 2018, Mississippi Power recorded $16 million in expenses related to this plan.On October 2, 2018, the Mississippi PSC approved the executed agreements between Mississippi Power and its largest retail customer, Chevron, for Mississippi Power to continue providing retail service to the Chevron refinery in Pascagoula, Mississippi through 2038.",10-K,2019-02-20,2019-02-19T23:34:01.000Z,0000092122-19-000006,so10-k12312018.htm,0.60,low,0.95,0.570000,0.010152,2019-02-19T23:34:01.000Z,,1,SEC EDGAR,0000092122-19-000006,https://www.sec.gov/Archives/edgar/data/92122/000009212219000006/so10-k12312018.htm,deterministic explicit-entity and relation-pattern extraction v2,unique_universe_match,public_at_sec_acceptance,candidate_review_required
ddbc5d2a80964f4e5dca7b32ab076f82f6d21e8ec06fda7bdeced3ce0cc4f509,CMIN-US:SO,CMIN-US:CVX,SO,CVX,customer,"On October 2, 2018, the Mississippi PSC approved executed agreements between Mississippi Power and its largest retail customer, Chevron, for Mississippi Power to continue providing retail service to the Chevron refinery in Pascagoula, Mississippi through 2038.",10-K,2019-02-20,2019-02-19T23:34:01.000Z,0000092122-19-000006,so10-k12312018.htm,0.60,low,0.95,0.570000,0.010152,2019-02-19T23:34:01.000Z,,1,SEC EDGAR,0000092122-19-000006,https://www.sec.gov/Archives/edgar/data/92122/000009212219000006/so10-k12312018.htm,deterministic explicit-entity and relation-pattern extraction v2,unique_universe_match,public_at_sec_acceptance,candidate_review_required
3eaabacd8d4100da8a6a974bbf956fd611afa8ebaa63133c2ce18c6764c74402,CMIN-US:SO,CMIN-US:CVX,SO,CVX,customer,"See Note 15 under ""Southern Company's Sale of Gulf Power"" for information regarding the sale of Gulf Power.The registrants' proportionate share of their jointly-owned facility operating expenses is included in the corresponding operating expenses in the statements of income and each registrant is responsible for providing its own financing.Assets Subject to LienOn October 2, 2018, the Mississippi PSC approved executed agreements between Mississippi Power and its largest retail customer, Chevron Products Company (Chevron), for Mississippi Power to continue providing retail service to the Chevron refinery in Pascagoula, Mississippi through 2038.",10-K,2019-02-20,2019-02-19T23:34:01.000Z,0000092122-19-000006,so10-k12312018.htm,0.60,low,0.95,0.570000,0.010152,2019-02-19T23:34:01.000Z,,1,SEC EDGAR,0000092122-19-000006,https://www.sec.gov/Archives/edgar/data/92122/000009212219000006/so10-k12312018.htm,deterministic explicit-entity and relation-pattern extraction v2,unique_universe_match,public_at_sec_acceptance,candidate_review_required
afd725b7aed683056cb37a8106e8e34a5336bc4ea6a56df8dca8aab676820d59,CMIN-US:SO,CMIN-US:DUK,SO,DUK,customer,"Southern Power's top three customers, Georgia Power, Duke Energy Corporation, and Southern California Edison accounted for 9.8%, 6.8%, and 6.2%, respectively, of Southern Power's total revenues for the year ended December 31, 2018.",10-K,2019-02-20,2019-02-19T23:34:01.000Z,0000092122-19-000006,so10-k12312018.htm,0.60,low,0.95,0.570000,0.010152,2019-02-19T23:34:01.000Z,,1,SEC EDGAR,0000092122-19-000006,https://www.sec.gov/Archives/edgar/data/92122/000009212219000006/so10-k12312018.htm,deterministic explicit-entity and relation-pattern extraction v2,unique_universe_match,public_at_sec_acceptance,candidate_review_required
15f4182130e4dbaf5d7971b363a4c6ef443f1ab4415de067bbccd536975c196d,CMIN-US:SO,CMIN-US:DUK,SO,DUK,customer,"The following table shows the percentage of total revenues for Southern Power's top three customers for each of the years presented: 201820172016Georgia Power9.8%11.3%16.5%Duke Energy Corporation6.8%6.7%7.8%Southern California Edison6.2%N/AN/AMorgan Stanley Capital GroupN/A4.5%N/ASan Diego Gas & Electric CompanyN/AN/A5.7%On January 29, 2019, Pacific Gas & Electric Company (PG&E) filed petitions to reorganize under Chapter 11 of the U.S.",10-K,2019-02-20,2019-02-19T23:34:01.000Z,0000092122-19-000006,so10-k12312018.htm,0.60,low,0.95,0.570000,0.010152,2019-02-19T23:34:01.000Z,,1,SEC EDGAR,0000092122-19-000006,https://www.sec.gov/Archives/edgar/data/92122/000009212219000006/so10-k12312018.htm,deterministic explicit-entity and relation-pattern extraction v2,unique_universe_match,public_at_sec_acceptance,candidate_review_required
8896c0eac5b185ccd800d2aee90c77614ac29de02f7093255c61ff912861422a,CMIN-US:SO,CMIN-US:DUK,SO,DUK,supplier,"In October 2016, after Piedmont and Duke Energy completed their merger, GNG completed its purchase of Piedmont's interest in SouthStar and paid a purchase price of $160 million and $15 million for Piedmont's share of SouthStar's 2016 earnings through the date of acquisition.Southern Company Gas' cash flows used for financing activities included SouthStar's distribution to Piedmont for its portion of SouthStar's annual earnings from the previous year.",10-K,2019-02-20,2019-02-19T23:34:01.000Z,0000092122-19-000006,so10-k12312018.htm,0.60,low,0.95,0.570000,0.010152,2019-02-19T23:34:01.000Z,,1,SEC EDGAR,0000092122-19-000006,https://www.sec.gov/Archives/edgar/data/92122/000009212219000006/so10-k12312018.htm,deterministic explicit-entity and relation-pattern extraction v2,unique_universe_match,public_at_sec_acceptance,candidate_review_required
28b2bb347c14c838052b5bd1297e0f6410bb47cf51b21713244563c0468a9730,CMIN-US:SO,CMIN-US:NEE,SO,NEE,supplier,"Southern Power continues to consolidate the assets and liabilities of SP Solar with Global Atlantic's share of partnership earnings included in net income attributable to noncontrolling interests in the consolidated statements of income, which was $20 million for the period from May 22, 2018 to December 31, 2018.Southern Power completed the sale of all of its equity interests in the Florida Plants to NextEra Energy on December 4, 2018, for an aggregate purchase price of $203 million.",10-K,2019-02-20,2019-02-19T23:34:01.000Z,0000092122-19-000006,so10-k12312018.htm,0.60,low,0.95,0.570000,0.010152,2019-02-19T23:34:01.000Z,,1,SEC EDGAR,0000092122-19-000006,https://www.sec.gov/Archives/edgar/data/92122/000009212219000006/so10-k12312018.htm,deterministic explicit-entity and relation-pattern extraction v2,unique_universe_match,public_at_sec_acceptance,candidate_review_required
d4caa136988fa6ce42f0d18bc7cc145c42871922fa8a4ee62f5876a64332929d,CMIN-US:SO,CMIN-US:NEE,SO,NEE,supplier,"Pro forma results of operations have not been presented for the acquisition because the effects of the acquisition were immaterial to Southern Company's consolidated financial results for all periods presented.Southern Company's Sale of Gulf PowerOn January 1, 2019, Southern Company completed the sale of all of the capital stock of Gulf Power to 700 Universe, LLC, a wholly-owned subsidiary of NextEra Energy, for an aggregate cash purchase price of approximately $5.8 billion (less $1.3 billion of indebtedness assumed), subject to customary working capital adjustments.II-420 Table of Contents Index to Financial StatementsCOMBINED NOTES TO FINANCIAL STATEMENTS (continued)Southern Company and Subsidiary Companies 2018 Annual ReportThe assets and liabilities of Gulf Power are classified as assets held for sale and liabilities held for sale on Southern Company's balance sheet as of December 31, 2018.",10-K,2019-02-20,2019-02-19T23:34:01.000Z,0000092122-19-000006,so10-k12312018.htm,0.60,low,0.95,0.570000,0.010152,2019-02-19T23:34:01.000Z,,1,SEC EDGAR,0000092122-19-000006,https://www.sec.gov/Archives/edgar/data/92122/000009212219000006/so10-k12312018.htm,deterministic explicit-entity and relation-pattern extraction v2,unique_universe_match,public_at_sec_acceptance,candidate_review_required
7f8398105f91ea01a39434cf1bd83abc466e4b6df7d20d299f7e39e7a0917073,CMIN-US:NVDA,CMIN-US:AVGO,NVDA,AVGO,customer,"Some of our competitors may have greater marketing, financial, distribution and manufacturing resources than we do and may be more able to adapt to customer or technological changes.Our current competitors include:•suppliers or licensors of discrete and integrated GPUs and accelerated computing solutions, including chipsets that incorporate 3D graphics, or HPC or accelerated computing functionality as part of their solutions or platforms, such as Advanced Micro Devices, or AMD, Intel Corporation, or Intel, and Xilinx, Inc.; and•suppliers of SOC products that are embedded into automobiles, autonomous machines, and gaming devices, such as Ambarella, Inc., AMD, Broadcom Inc., Intel, Qualcomm Incorporated, Renesas Electronics Corporation, Samsung, Texas Instruments Incorporated, and Xilinx Inc.Patents and Proprietary RightsWe rely primarily on a combination of patents, trademarks, trade secrets, employee and third-party nondisclosure agreements, and licensing arrangements to protect our intellectual property in the United States and internationally.",10-K,2019-02-21,2019-02-21T21:37:18.000Z,0001045810-19-000023,nvda-2019x10k.htm,0.60,low,0.95,0.570000,0.010231,2019-02-21T21:37:18.000Z,,1,SEC EDGAR,0001045810-19-000023,https://www.sec.gov/Archives/edgar/data/1045810/000104581019000023/nvda-2019x10k.htm,deterministic explicit-entity and relation-pattern extraction v2,unique_universe_match,public_at_sec_acceptance,candidate_review_required
82c45d8c666765d8a5df25e3b0b2272154423f1d59e7084b944676c2df03a35f,CMIN-US:NVDA,CMIN-US:MSFT,NVDA,MSFT,supplier,"Under the agreement, if an individual or corporation makes an offer to purchase shares equal to or greater than 30% of the outstanding shares of our common stock, Microsoft may have first and last rights of refusal to purchase the stock.",10-K,2019-02-21,2019-02-21T21:37:18.000Z,0001045810-19-000023,nvda-2019x10k.htm,0.60,low,0.95,0.570000,0.010231,2019-02-21T21:37:18.000Z,,1,SEC EDGAR,0001045810-19-000023,https://www.sec.gov/Archives/edgar/data/1045810/000104581019000023/nvda-2019x10k.htm,deterministic explicit-entity and relation-pattern extraction v2,unique_universe_match,public_at_sec_acceptance,candidate_review_required
bb0fb96119336d20b4c08d123dcdc3670a49f4e1535626d309b271ba6e6dd598,CMIN-US:NVDA,CMIN-US:TSLA,NVDA,TSLA,customer,"Datacenter revenue, including Tesla, GRID and DGX, increased 133%, reflecting strong demand from hyperscale and cloud customers for deep learning training and accelerated GPU computing as well as demand for HPC, DGX AI supercomputing and GRID virtualization platforms.",10-K,2019-02-21,2019-02-21T21:37:18.000Z,0001045810-19-000023,nvda-2019x10k.htm,0.60,low,0.95,0.570000,0.010231,2019-02-21T21:37:18.000Z,,1,SEC EDGAR,0001045810-19-000023,https://www.sec.gov/Archives/edgar/data/1045810/000104581019000023/nvda-2019x10k.htm,deterministic explicit-entity and relation-pattern extraction v2,unique_universe_match,public_at_sec_acceptance,candidate_review_required
15f9e19f52dbdad5b7ea06fd77b2b791b7bb655599e49c3f50234aa88581bb58,CMIN-US:NVDA,CMIN-US:TSM,NVDA,TSM,customer,"As a result, we can focus our resources on product design, additional quality assurance, marketing, and customer support.We utilize industry-leading suppliers, such as Taiwan Semiconductor Manufacturing Company Limited and Samsung Electronics Co.",10-K,2019-02-21,2019-02-21T21:37:18.000Z,0001045810-19-000023,nvda-2019x10k.htm,0.60,low,0.95,0.570000,0.010231,2019-02-21T21:37:18.000Z,,1,SEC EDGAR,0001045810-19-000023,https://www.sec.gov/Archives/edgar/data/1045810/000104581019000023/nvda-2019x10k.htm,deterministic explicit-entity and relation-pattern extraction v2,unique_universe_match,public_at_sec_acceptance,candidate_review_required
c170fb15b1c1e1a2eb23bb2f00210a5b4f46d72327bdae3b2a8e9e5678c1b5b3,CMIN-US:SRE,CMIN-US:AEP,SRE,AEP,supplier,"As of December 31, 2018, AEP OnSite Partners, LLC owned projects operating in 15 states, including approximately 85 MWs of installed solar capacity, and approximately 57 MWs of solar projects under construction.In February 2019, AEP Clean Energy Resources, LLC signed an agreement to purchase Sempra Renewables, LLC and its 724 MWs of wind generation and battery assets for approximately $1.1 billion, subject to closing and working capital adjustments.",10-K,2019-02-21,2019-02-21T21:27:59.000Z,0000004904-19-000009,aep10klegal20184q.htm,0.60,low,0.95,0.570000,0.010231,2019-02-21T21:27:59.000Z,,1,SEC EDGAR,0000004904-19-000009,https://www.sec.gov/Archives/edgar/data/4904/000000490419000009/aep10klegal20184q.htm,deterministic explicit-entity and relation-pattern extraction v2,unique_universe_match,public_at_sec_acceptance,candidate_review_required
7211a6870ad720ea0b02ec375199a36b9cf45f6ce86ff007b3163ab8ce5ecc88,CMIN-US:TSM,CMIN-US:NVDA,TSM,NVDA,supplier,"Instead, we are dependent on industry-leading foundries, such as Taiwan Semiconductor Manufacturing Company Limited and Samsung Electronics Co.",10-K,2019-02-21,2019-02-21T21:37:18.000Z,0001045810-19-000023,nvda-2019x10k.htm,0.96,high,0.95,0.912000,0.016369,2019-02-21T21:37:18.000Z,,1,SEC EDGAR,0001045810-19-000023,https://www.sec.gov/Archives/edgar/data/1045810/000104581019000023/nvda-2019x10k.htm,deterministic explicit-entity and relation-pattern extraction v2,unique_universe_match,public_at_sec_acceptance,accepted
b383b86d10aa1d1b3ebc904880c4cf0a66bed50d7333dc60134fe31d5fcea2cb,CMIN-US:C-PJ,CMIN-US:HD,C-PJ,HD,customer,"206Intangible AssetsThe components of intangible assets were as follows: December 31, 2018December 31, 2017In millions of dollarsGrosscarryingamountAccumulatedamortizationNetcarryingamountGrosscarryingamountAccumulatedamortizationNetcarryingamountPurchased credit card relationships$5,733$3,936$1,797$5,375$3,836$1,539Credit card contract related intangibles(1)5,2252,7912,4345,0452,4562,589Core deposit intangibles419415463962811Other customer relationships470299171459272187Present value of future profits3229332284Indefinite-lived intangible assets218—218244—244Other847591008614Intangible assets (excluding MSRs)$12,181$7,545$4,636$11,894$7,306$4,588Mortgage servicing rights (MSRs)(2)584—584558—558Total intangible assets$12,765$7,545$5,220$12,452$7,306$5,146(1)Primarily reflects contract-related intangibles associated with the American Airlines, The Home Depot, Costco, Sears and AT&T credit card program agreements, which represented 97% of the aggregate net carrying amount as of December 31, 2018.(2)For additional information on Citi’s MSRs, see Note 21 to the Consolidated Financial Statements.",10-K,2019-02-22,2019-02-22T21:50:54.000Z,0000831001-19-000027,c-12312018x10k.htm,0.60,low,0.95,0.570000,0.010270,2019-02-22T21:50:54.000Z,,1,SEC EDGAR,0000831001-19-000027,https://www.sec.gov/Archives/edgar/data/831001/000083100119000027/c-12312018x10k.htm,deterministic explicit-entity and relation-pattern extraction v2,unique_universe_match,public_at_sec_acceptance,candidate_review_required
1f83d65529b4e51317ef659eb37c799a63b34ab2b6d1bf67ca3f40cc9e83709d,CMIN-US:DLR,CMIN-US:EQIX,DLR,EQIX,supplier,"The Company's results of continuing operations include TelecityGroup revenues of $400.0 million and net loss from continuing operations of $47.1 million for the period January 15, 2016 through December 31, 2016.On August 1, 2016, the Company completed the purchase of Digital Realty Trust, Inc.'s (""Digital Realty's"") operating business, including its real estate and facility, located in St.",10-K,2019-02-22,2019-02-22T22:02:40.000Z,0001628280-19-001771,eqix_20181231x10kupgrade.htm,0.60,low,0.95,0.570000,0.010270,2019-02-22T22:02:40.000Z,,1,SEC EDGAR,0001628280-19-001771,https://www.sec.gov/Archives/edgar/data/1101239/000162828019001771/eqix_20181231x10kupgrade.htm,deterministic explicit-entity and relation-pattern extraction v2,unique_universe_match,public_at_sec_acceptance,candidate_review_required
1fdd7338b7508ab415f6ed7d1d45e585eb8484b570bbf3a0ab7374cbd802a579,CMIN-US:EQIX,CMIN-US:CSCO,EQIX,CSCO,customer,"As of December 31, 2018, we had more than 9,800 customers worldwide.Customers in our five key customer and partner categories include the following:8Table of ContentsCloud and IT ServicesContent ProvidersEnterpriseFinServ/InsuranceNetwork and Mobile ServicesAmazon Web ServicesBox Inc.Cisco Systems Inc.",10-K,2019-02-22,2019-02-22T22:02:40.000Z,0001628280-19-001771,eqix_20181231x10kupgrade.htm,0.60,low,0.95,0.570000,0.010270,2019-02-22T22:02:40.000Z,,1,SEC EDGAR,0001628280-19-001771,https://www.sec.gov/Archives/edgar/data/1101239/000162828019001771/eqix_20181231x10kupgrade.htm,deterministic explicit-entity and relation-pattern extraction v2,unique_universe_match,public_at_sec_acceptance,candidate_review_required
c6bc731402e6efce6a7bcd4f9967b7cb5ab7be9e646abbf062da5fa063da4a47,CMIN-US:EQIX,CMIN-US:DLR,EQIX,DLR,supplier,"10-Q 9/30/14 10.67 10.31 Share Purchase Agreement with Digital Realty Trust, L.P., relating to the sale and purchase of shares in TelecityGroup UK LON Limited, Telecity Netherlands AMS01 AMS04 BV, Equinix Real Estate (TCY AMS04) B.V. and TelecityGroup Germany Fra2 GmbH, dated May 14, 2016.",10-K,2019-02-22,2019-02-22T22:02:40.000Z,0001628280-19-001771,eqix_20181231x10kupgrade.htm,0.60,low,0.95,0.570000,0.010270,2019-02-22T22:02:40.000Z,,1,SEC EDGAR,0001628280-19-001771,https://www.sec.gov/Archives/edgar/data/1101239/000162828019001771/eqix_20181231x10kupgrade.htm,deterministic explicit-entity and relation-pattern extraction v2,unique_universe_match,public_at_sec_acceptance,candidate_review_required
adbf5e00bd5aa7ebbb27f0c71ecfc48f2377aa225fe6bbaa8385f650489e3ef6,CMIN-US:EQIX,CMIN-US:MSFT,EQIX,MSFT,customer,"We have a growing mass of key players in cloud and IT services (Amazon Web Services, AT&T, Google Cloud Platform, Microsoft Azure and Office 365, Oracle Cloud Infrastructure, SAP HANA Enterprise Cloud and SAP Cloud Platform, Salesforce.com, IBM Cloud and VMware Cloud), and in the enterprise and financial/insurance sectors (Anheuser-Busch, Aon, Bloomberg, Deloitte, Ericsson, Ford Motors, NASDAQ, PayPal, Sysco Foods and The Society of Lloyd's) as customers.",10-K,2019-02-22,2019-02-22T22:02:40.000Z,0001628280-19-001771,eqix_20181231x10kupgrade.htm,0.60,low,0.95,0.570000,0.010270,2019-02-22T22:02:40.000Z,,1,SEC EDGAR,0001628280-19-001771,https://www.sec.gov/Archives/edgar/data/1101239/000162828019001771/eqix_20181231x10kupgrade.htm,deterministic explicit-entity and relation-pattern extraction v2,unique_universe_match,public_at_sec_acceptance,candidate_review_required
cc479a9b1ba3a75a873eda48abe8592b017e1cd7e3e1e6b54a8a772cb531dd61,CMIN-US:EQIX,CMIN-US:ORCL,EQIX,ORCL,customer,"We have a growing mass of key players in cloud and IT services (Amazon Web Services, AT&T, Google Cloud Platform, Microsoft Azure and Office 365, Oracle Cloud Infrastructure, SAP HANA Enterprise Cloud and SAP Cloud Platform, Salesforce.com, IBM Cloud and VMware Cloud), and in the enterprise and financial/insurance sectors (Anheuser-Busch, Aon, Bloomberg, Deloitte, Ericsson, Ford Motors, NASDAQ, PayPal, Sysco Foods and The Society of Lloyd's) as customers.",10-K,2019-02-22,2019-02-22T22:02:40.000Z,0001628280-19-001771,eqix_20181231x10kupgrade.htm,0.60,low,0.95,0.570000,0.010270,2019-02-22T22:02:40.000Z,,1,SEC EDGAR,0001628280-19-001771,https://www.sec.gov/Archives/edgar/data/1101239/000162828019001771/eqix_20181231x10kupgrade.htm,deterministic explicit-entity and relation-pattern extraction v2,unique_universe_match,public_at_sec_acceptance,candidate_review_required
fc33037a69e0433787346c422ae1e5ea9baaaecf01f8fdd6b2f6b6d221360e65,CMIN-US:EQIX,CMIN-US:PYPL,EQIX,PYPL,customer,"We have a growing mass of key players in cloud and IT services (Amazon Web Services, AT&T, Google Cloud Platform, Microsoft Azure and Office 365, Oracle Cloud Infrastructure, SAP HANA Enterprise Cloud and SAP Cloud Platform, Salesforce.com, IBM Cloud and VMware Cloud), and in the enterprise and financial/insurance sectors (Anheuser-Busch, Aon, Bloomberg, Deloitte, Ericsson, Ford Motors, NASDAQ, PayPal, Sysco Foods and The Society of Lloyd's) as customers.",10-K,2019-02-22,2019-02-22T22:02:40.000Z,0001628280-19-001771,eqix_20181231x10kupgrade.htm,0.60,low,0.95,0.570000,0.010270,2019-02-22T22:02:40.000Z,,1,SEC EDGAR,0001628280-19-001771,https://www.sec.gov/Archives/edgar/data/1101239/000162828019001771/eqix_20181231x10kupgrade.htm,deterministic explicit-entity and relation-pattern extraction v2,unique_universe_match,public_at_sec_acceptance,candidate_review_required
053d46134e119f9c7234c8b175845e01c7f15e34ba38801480d26fc4b479313d,CMIN-US:HD,CMIN-US:C-PJ,HD,C-PJ,supplier,"The increase since December 31, 2017 reflects the purchase of certain rights related to credit card accounts in the Sears portfolio. (2)Primarily reflects contract-related intangibles associated with the American Airlines, Costco, The Home Depot, Sears and AT&T credit card program agreements, which represent 97% of the aggregate net carrying amount as of December 31, 2018.(3)For additional information on Citi’s MSRs, including the rollforward from 2017 to 2018, see Note 21 to the Consolidated Financial Statements.",10-K,2019-02-22,2019-02-22T21:50:54.000Z,0000831001-19-000027,c-12312018x10k.htm,0.60,low,0.95,0.570000,0.010270,2019-02-22T21:50:54.000Z,,1,SEC EDGAR,0000831001-19-000027,https://www.sec.gov/Archives/edgar/data/831001/000083100119000027/c-12312018x10k.htm,deterministic explicit-entity and relation-pattern extraction v2,unique_universe_match,public_at_sec_acceptance,candidate_review_required
d94d8ad63a4f8ef1e2be0a058eb08dc82e67546025257a5de9442df4b5212b34,CMIN-US:JNJ,CMIN-US:ABT,JNJ,ABT,supplier,"to Johnson & Johnson for $4.325 billion in cash, subject to customary purchase price adjustments for cash, debt and working capital.",10-K,2019-02-22,2019-02-22T21:13:21.000Z,0001047469-19-000624,a2237733z10-k.htm,0.60,low,0.95,0.570000,0.010270,2019-02-22T21:13:21.000Z,,1,SEC EDGAR,0001047469-19-000624,https://www.sec.gov/Archives/edgar/data/1800/000104746919000624/a2237733z10-k.htm,deterministic explicit-entity and relation-pattern extraction v2,unique_universe_match,public_at_sec_acceptance,candidate_review_required
3680954744f9dcdab5d60c23273c02493dd9f209a3cd68a4b1a98a7e8ffc921e,CMIN-US:TGT,CMIN-US:SCHW,TGT,SCHW,supplier,"With the Federal Funds Target Rate having increased to 2.25 – 2.50%, management expects some sweep cash balances could migrate to alternatives, including purchased money market funds, that offer higher yields to clients but lower revenue to Schwab.",10-K,2019-02-22,2019-02-22T21:27:02.000Z,0000316709-19-000008,schw-12312018x10k.htm,0.60,low,0.95,0.570000,0.010270,2019-02-22T21:27:02.000Z,,1,SEC EDGAR,0000316709-19-000008,https://www.sec.gov/Archives/edgar/data/316709/000031670919000008/schw-12312018x10k.htm,deterministic explicit-entity and relation-pattern extraction v2,unique_universe_match,public_at_sec_acceptance,candidate_review_required
3e88e038664c078e6688dd61a4684521e7fd9fa3498d5d5901483d37f9190051,CMIN-US:BRK-A,CMIN-US:BAC,BRK-A,BAC,supplier,"Perpetual Preferred Stock of Bank of America Corporation (BAC) with a liquidation value of $100,000 per share (BAC Preferred) and warrants to purchase up to 700,000,000 shares of common stock of BAC (BAC Warrants)",10-K,2019-02-25,2019-02-25T11:20:28.000Z,0001193125-19-048926,d678758d10k.htm,0.60,low,0.95,0.570000,0.010389,2019-02-25T11:20:28.000Z,,1,SEC EDGAR,0001193125-19-048926,https://www.sec.gov/Archives/edgar/data/1067983/000119312519048926/d678758d10k.htm,deterministic explicit-entity and relation-pattern extraction v2,unique_universe_match,public_at_sec_acceptance,candidate_review_required
3d9d7fb715103cb5ba32cb621fb7da86a39f5d8a41af7382763bcf26add963ed,CMIN-US:BRK-A,CMIN-US:NGG,BRK-A,NGG,customer,"national grid system, has access to supplies from multiple major supply basins and provides transportation services to utilities and numerous other customers.",10-K,2019-02-25,2019-02-25T11:20:28.000Z,0001193125-19-048926,d678758d10k.htm,0.60,low,0.95,0.570000,0.010389,2019-02-25T11:20:28.000Z,,1,SEC EDGAR,0001193125-19-048926,https://www.sec.gov/Archives/edgar/data/1067983/000119312519048926/d678758d10k.htm,deterministic explicit-entity and relation-pattern extraction v2,unique_universe_match,public_at_sec_acceptance,candidate_review_required
566d3e305eaed40c7c3e01997162dd61d7d99539ed120ca0c0fb98c7c030a8ab,CMIN-US:BRK-A,CMIN-US:WMT,BRK-A,WMT,customer,"Costco and Walmart are significant customers, representing approximately 25% of Duracells annual revenue.",10-K,2019-02-25,2019-02-25T11:20:28.000Z,0001193125-19-048926,d678758d10k.htm,0.60,low,0.95,0.570000,0.010389,2019-02-25T11:20:28.000Z,,1,SEC EDGAR,0001193125-19-048926,https://www.sec.gov/Archives/edgar/data/1067983/000119312519048926/d678758d10k.htm,deterministic explicit-entity and relation-pattern extraction v2,unique_universe_match,public_at_sec_acceptance,candidate_review_required
1c9485aabd27a27a226d3b0c9277c4f89b6736c59ecdf1d615e07eba9b643f2d,CMIN-US:BRK-A,CMIN-US:WMT,BRK-A,WMT,customer,by Walmart or its other significant customers could have a material adverse impact on McLanes periodic revenues and earnings.,10-K,2019-02-25,2019-02-25T11:20:28.000Z,0001193125-19-048926,d678758d10k.htm,0.60,low,0.95,0.570000,0.010389,2019-02-25T11:20:28.000Z,,1,SEC EDGAR,0001193125-19-048926,https://www.sec.gov/Archives/edgar/data/1067983/000119312519048926/d678758d10k.htm,deterministic explicit-entity and relation-pattern extraction v2,unique_universe_match,public_at_sec_acceptance,candidate_review_required
70cfdfdea80dd5f786971e38a316b76eb631aa1bade8039b84ce2113a54c58c3,CMIN-US:BRK-A,CMIN-US:WMT,BRK-A,WMT,customer,"These businesses have several significant customers, including Walmart, 7-Eleven, Yum!",10-K,2019-02-25,2019-02-25T11:20:28.000Z,0001193125-19-048926,d678758d10k.htm,0.92,high,0.95,0.874000,0.015930,2019-02-25T11:20:28.000Z,,1,SEC EDGAR,0001193125-19-048926,https://www.sec.gov/Archives/edgar/data/1067983/000119312519048926/d678758d10k.htm,deterministic explicit-entity and relation-pattern extraction v2,unique_universe_match,public_at_sec_acceptance,accepted
f4b2758568db1b479a035f7a3c67c8fc735545d469afc7c17f85c5c4b2929d9a,CMIN-US:BRK-A,CMIN-US:WMT,BRK-A,WMT,customer,"Consolidated sales, service and leasing revenues included sales to Walmart Stores, Inc. of approximately $13 billion in 2018 and $14 billion in 2017 and 2016.",10-K,2019-02-25,2019-02-25T11:20:28.000Z,0001193125-19-048926,d678758d10k.htm,0.92,high,0.95,0.874000,0.015930,2019-02-25T11:20:28.000Z,,1,SEC EDGAR,0001193125-19-048926,https://www.sec.gov/Archives/edgar/data/1067983/000119312519048926/d678758d10k.htm,deterministic explicit-entity and relation-pattern extraction v2,unique_universe_match,public_at_sec_acceptance,accepted
9ee748d0b35a7bea492ec41d155ecb5015c2d712ffb42ab5b7699d8619628531,CMIN-US:CCI,CMIN-US:AMT,CCI,AMT,supplier,"We face competition for site rental tenants from various sources, including (1) other independent communications infrastructure owners or operators, including competitors that own, operate, or manage towers, rooftops, broadcast towers, utility poles, fiber (including non-traditional competitors such as cable providers) or small cells, (2) tenants who elect to self-perform or (3) new alternative deployment methods for communications infrastructure.Some of the larger companies with which we compete for Towers segment business opportunities include American Tower Corporation and SBA Communications Corporation.",10-K,2019-02-25,2019-02-25T21:31:01.000Z,0001051470-19-000046,cci10-k123118.htm,0.60,low,0.95,0.570000,0.010389,2019-02-25T21:31:01.000Z,,1,SEC EDGAR,0001051470-19-000046,https://www.sec.gov/Archives/edgar/data/1051470/000105147019000046/cci10-k123118.htm,deterministic explicit-entity and relation-pattern extraction v2,unique_universe_match,public_at_sec_acceptance,candidate_review_required
8454ceeea226172e02e2e96c4d3afde4f7d24dfb77c2412cb8941673c9c2458b,CMIN-US:CCI,CMIN-US:SBAC,CCI,SBAC,supplier,"We face competition for site rental tenants from various sources, including (1) other independent communications infrastructure owners or operators, including competitors that own, operate, or manage towers, rooftops, broadcast towers, utility poles, fiber (including non-traditional competitors such as cable providers) or small cells, (2) tenants who elect to self-perform or (3) new alternative deployment methods for communications infrastructure.Some of the larger companies with which we compete for Towers segment business opportunities include American Tower Corporation and SBA Communications Corporation.",10-K,2019-02-25,2019-02-25T21:31:01.000Z,0001051470-19-000046,cci10-k123118.htm,0.60,low,0.95,0.570000,0.010389,2019-02-25T21:31:01.000Z,,1,SEC EDGAR,0001051470-19-000046,https://www.sec.gov/Archives/edgar/data/1051470/000105147019000046/cci10-k123118.htm,deterministic explicit-entity and relation-pattern extraction v2,unique_universe_match,public_at_sec_acceptance,candidate_review_required
f5626e3920bc1694a2f6e7df9727519d60e86512576aea20c40977ae24f98b03,CMIN-US:AAPL,CMIN-US:GE,AAPL,GE,supplier,"Wind energy is now the second-largest contributor to renewable capacity growth, while hydropower is projected to remain the largest renewable electricity source through 2023. •Influential businesses like Apple, Google, Microsoft and Amazon are increasingly committing to renewable energy, typically contracting for output from various renewable sources directly using Power Purchase Agreements (PPAs).",10-K,2019-02-26,2019-02-26T21:36:51.000Z,0000040545-19-000014,ge10-k2018.htm,0.60,low,0.95,0.570000,0.010429,2019-02-26T21:36:51.000Z,,1,SEC EDGAR,0000040545-19-000014,https://www.sec.gov/Archives/edgar/data/40545/000004054519000014/ge10-k2018.htm,deterministic explicit-entity and relation-pattern extraction v2,unique_universe_match,public_at_sec_acceptance,candidate_review_required
bf092f889c8be1e39617f0ecc0f418f8b3eb2bf05f76140f9d92b3751ffebdc7,CMIN-US:BRK-A,CMIN-US:BAC,BRK-A,BAC,supplier,"Moynihan 1 10-K 10(jjj) 2/25/11 1-6523 (ee) Securities Purchase Agreement dated August 25, 2011 between registrant and Berkshire Hathaway Inc. (including forms of the Certificate of Designations, Warrant and Registration Rights Agreement) 8-K 1.1 8/25/11 1-6523 (ff) First Amendment to Aircraft Time Sharing Agreement dated June 15, 2015 between Bank of America, N.A. and Brian T.",10-K,2019-02-26,2019-02-26T21:38:01.000Z,0000070858-19-000012,bac-1231201810xk.htm,0.60,low,0.95,0.570000,0.010429,2019-02-26T21:38:01.000Z,,1,SEC EDGAR,0000070858-19-000012,https://www.sec.gov/Archives/edgar/data/70858/000007085819000012/bac-1231201810xk.htm,deterministic explicit-entity and relation-pattern extraction v2,unique_universe_match,public_at_sec_acceptance,candidate_review_required
94959a9021991fed411aeae98222d47a99a0efa093e1a6de9c6d44d099768d1d,CMIN-US:COST,CMIN-US:SRE,COST,SRE,supplier,"UTILITIES REVENUES AND COST OF SALES (Dollars in millions) Years ended December 31, 2018 2017 2016 Electric revenues: SDG&E $ 4,003 $ 3,935 $ 3,754 Sempra South American Utilities 1,507 1,486 1,463 Eliminations and adjustments (4 ) (6 ) (6 ) Total 5,506 5,415 5,211 Natural gas revenues: SoCalGas 3,962 3,785 3,471 SDG&E 565 541 499 Sempra Mexico 78 110 88 Sempra LNG & Midstream (1) — — 68 Eliminations and adjustments (65 ) (75 ) (76 ) Total 4,540 4,361 4,050 Total utilities revenues $ 10,046 $ 9,776 $ 9,261 Cost of electric fuel and purchased power: SDG&E $ 1,370 $ 1,293 $ 1,187 Sempra South American Utilities 965 988 1,001 Eliminations and adjustments (12 ) — — Total $ 2,323 $ 2,281 $ 2,188 Cost of natural gas: SoCalGas $ 1,048 $ 1,025 $ 891 SDG&E 152 164 127 Sempra Mexico 21 70 52 Sempra LNG & Midstream (1) — — 17 Eliminations and adjustments (13 ) (69 ) (20 ) Total $ 1,208 $ 1,190 $ 1,067 (1) In September 2016, we completed the sale of EnergySouth, the parent company of Mobile Gas and Willmut Gas.",10-K,2019-02-26,2019-02-26T21:50:28.000Z,0000086521-19-000014,sre20181231form10k.htm,0.60,low,0.95,0.570000,0.010429,2019-02-26T21:50:28.000Z,,1,SEC EDGAR,0000086521-19-000014,https://www.sec.gov/Archives/edgar/data/1032208/000008652119000014/sre20181231form10k.htm,deterministic explicit-entity and relation-pattern extraction v2,unique_universe_match,public_at_sec_acceptance,candidate_review_required
e117b005b588aa038ab1925b53cf7bbe52a113594c5cba2efcb77c23a4d0515e,CMIN-US:COST,CMIN-US:SRE,COST,SRE,supplier,"ENERGY-RELATED BUSINESSES: REVENUES AND COST OF SALES (Dollars in millions) Years ended December 31, 2018 2017 2016 REVENUES Sempra South American Utilities $ 78 $ 81 $ 93 Sempra Mexico 1,298 1,086 637 Sempra Renewables 124 94 34 Sempra LNG & Midstream 472 540 440 Eliminations and adjustments (331 ) (370 ) (282 ) Total revenues $ 1,641 $ 1,431 $ 922 COST OF SALES (1) Cost of natural gas, electric fuel and purchased power: Sempra South American Utilities $ 18 $ 20 $ 13 Sempra Mexico 354 252 200 Sempra LNG & Midstream 294 382 337 Eliminations and adjustments (311 ) (315 ) (273 ) Total $ 355 $ 339 $ 277 Other cost of sales: Sempra South American Utilities $ 58 $ 52 $ 69 Sempra Mexico 9 9 10 Sempra LNG & Midstream 19 (30 ) 251 Eliminations and adjustments (8 ) (7 ) (8 ) Total $ 78 $ 24 $ 322 (1) Excludes depreciation and amortization, which are presented separately on the Sempra Energy Consolidated Statements of Operations.",10-K,2019-02-26,2019-02-26T21:50:28.000Z,0000086521-19-000014,sre20181231form10k.htm,0.60,low,0.95,0.570000,0.010429,2019-02-26T21:50:28.000Z,,1,SEC EDGAR,0000086521-19-000014,https://www.sec.gov/Archives/edgar/data/1032208/000008652119000014/sre20181231form10k.htm,deterministic explicit-entity and relation-pattern extraction v2,unique_universe_match,public_at_sec_acceptance,candidate_review_required
f53b774b4b24e5c48a9511a50e6190ec2eff681c7312b764994c42cd6c8e03bd,CMIN-US:CVX,CMIN-US:SRE,CVX,SRE,supplier,"Topolobampo Port Administration Terminal § Plan to develop, construct and operate a marine terminal for the receipt and storage of hydrocarbons, petroleum, petrochemicals and other liquids. $150 § Estimated completion: fourth quarter of 2020 § Storage capacity of 1 million barrels, mainly for diesel and gasoline, to increase fuel supply sources and reliability in Sinaloa. § Fully contracted under 15-year and 10-year, U.S. dollar-denominated contracts for the receipt, storage and delivery of hydrocarbons with Chevron and a subsidiary of Marathon Petroleum Corporation, respectively.",10-K,2019-02-26,2019-02-26T21:50:28.000Z,0000086521-19-000014,sre20181231form10k.htm,0.60,low,0.95,0.570000,0.010429,2019-02-26T21:50:28.000Z,,1,SEC EDGAR,0000086521-19-000014,https://www.sec.gov/Archives/edgar/data/1032208/000008652119000014/sre20181231form10k.htm,deterministic explicit-entity and relation-pattern extraction v2,unique_universe_match,public_at_sec_acceptance,candidate_review_required
2630f293ef674cf355cb6e9fe4c727462925705bca367ebaf89cc0bb455496de,CMIN-US:GE,CMIN-US:COST,GE,COST,customer,"COST INFORMATIONRESEARCH AND DEVELOPMENTWe conduct research and development (R&D) activities to continually enhance our existing products and services, develop new product and services to meet our customers’ changing needs and requirements, and address new market opportunities.",10-K,2019-02-26,2019-02-26T21:36:51.000Z,0000040545-19-000014,ge10-k2018.htm,0.60,low,0.95,0.570000,0.010429,2019-02-26T21:36:51.000Z,,1,SEC EDGAR,0000040545-19-000014,https://www.sec.gov/Archives/edgar/data/40545/000004054519000014/ge10-k2018.htm,deterministic explicit-entity and relation-pattern extraction v2,unique_universe_match,public_at_sec_acceptance,candidate_review_required
20884ed5d4124e6229e6df6be1e1b67c099d71251b5bccffc0c234c8bd651135,CMIN-US:JPM,CMIN-US:V,JPM,V,supplier,"The conversion rate of Visa Class B shares into Visa Class A shares is 1.6298 at December 31, 2018 , and may be adjusted by Visa depending on developments related to the litigation matters.",10-K,2019-02-26,2019-02-26T21:57:25.000Z,0000019617-19-000054,corp10k2018.htm,0.60,low,0.95,0.570000,0.010429,2019-02-26T21:57:25.000Z,,1,SEC EDGAR,0000019617-19-000054,https://www.sec.gov/Archives/edgar/data/19617/000001961719000054/corp10k2018.htm,deterministic explicit-entity and relation-pattern extraction v2,unique_universe_match,public_at_sec_acceptance,candidate_review_required
aa71feb7388e8e88b99062e1fd7392154d6ec47d282754cdc291d19ae4709bb1,CMIN-US:MSFT,CMIN-US:GE,MSFT,GE,supplier,"Wind energy is now the second-largest contributor to renewable capacity growth, while hydropower is projected to remain the largest renewable electricity source through 2023. •Influential businesses like Apple, Google, Microsoft and Amazon are increasingly committing to renewable energy, typically contracting for output from various renewable sources directly using Power Purchase Agreements (PPAs).",10-K,2019-02-26,2019-02-26T21:36:51.000Z,0000040545-19-000014,ge10-k2018.htm,0.60,low,0.95,0.570000,0.010429,2019-02-26T21:36:51.000Z,,1,SEC EDGAR,0000040545-19-000014,https://www.sec.gov/Archives/edgar/data/40545/000004054519000014/ge10-k2018.htm,deterministic explicit-entity and relation-pattern extraction v2,unique_universe_match,public_at_sec_acceptance,candidate_review_required
790f66c52d6564137be9c56771f4a225b5a564c263e17cc2f1f6238f281f1904,CMIN-US:TGT,CMIN-US:GE,TGT,GE,supplier,"Target allocation ranges are guidelines, not limitations, and occasionally plan fiduciaries will approve allocations above or below a target range.According to U.S. statute, the aggregate holdings of all qualifying employer securities (e.g., GE common stock) and qualifying employer real property may not exceed 10% of the fair value of trust assets at the time of purchase.",10-K,2019-02-26,2019-02-26T21:36:51.000Z,0000040545-19-000014,ge10-k2018.htm,0.60,low,0.95,0.570000,0.010429,2019-02-26T21:36:51.000Z,,1,SEC EDGAR,0000040545-19-000014,https://www.sec.gov/Archives/edgar/data/40545/000004054519000014/ge10-k2018.htm,deterministic explicit-entity and relation-pattern extraction v2,unique_universe_match,public_at_sec_acceptance,candidate_review_required
bcc89379faea922fa52a0f67638979ea2c086bd4351b3e72eae1f6a4c8495024,CMIN-US:AMT,CMIN-US:VZ,AMT,VZ,supplier,"10.8 (28) 10.62 Sale Site Master Lease Agreement, dated as of March 27, 2015, among certain subsidiaries of the Company, Verizon Communications Inc. and certain of its subsidiaries 10.9 (28) 10.63 MPL Site Master Lease Agreement, dated as of March 27, 2015, among Verizon Communications Inc. and certain of its subsidiaries and ATC Sequoia LLC 10.10 (28) 10.64 Management Agreement, dated as of March 27, 2015, among Verizon Communications Inc., and certain of its subsidiaries and ATC Sequoia LLC 10.11 (28) 10.65 Share Purchase Agreement, dated as of October 21, 2015, amongst ATC Asia Pacific Pte.",10-K,2019-02-27,2019-02-27T21:46:19.000Z,0001053507-19-000012,amt1231201810k.htm,0.60,low,0.95,0.570000,0.010470,2019-02-27T21:46:19.000Z,,1,SEC EDGAR,0001053507-19-000012,https://www.sec.gov/Archives/edgar/data/1053507/000105350719000012/amt1231201810k.htm,deterministic explicit-entity and relation-pattern extraction v2,unique_universe_match,public_at_sec_acceptance,candidate_review_required
269247c46ea90502072ed6e4424a85fcfe8aba25b473789ac4a2d7ca67b90c24,CMIN-US:C-PJ,CMIN-US:SBAC,C-PJ,SBAC,supplier,"Purchase Agreement, dated September 28, 2017, between SBA Communications Corporation and Citigroup Global Markets, Inc. and J.P.",10-K,2019-02-28,2019-02-28T21:54:16.000Z,0001034054-19-000002,sbac-20181231x10k.htm,0.60,low,0.95,0.570000,0.010510,2019-02-28T21:54:16.000Z,,1,SEC EDGAR,0001034054-19-000002,https://www.sec.gov/Archives/edgar/data/1034054/000103405419000002/sbac-20181231x10k.htm,deterministic explicit-entity and relation-pattern extraction v2,unique_universe_match,public_at_sec_acceptance,candidate_review_required
74076e8c0a13f306a985905218c0fedc77767194222bd31f61390e1056e79443,CMIN-US:DUK,CMIN-US:C-PJ,DUK,C-PJ,customer,"Forward-looking statements speak only as of the date they are made and the Duke Energy Registrants expressly disclaim an obligation to publicly update or revise any forward-looking statements, whether as a result of new information, future events or otherwise.GLOSSARY OF TERMS Glossary of Terms The following terms or acronyms used in this Form 10-K are defined below:Term or AcronymDefinition 2013 SettlementRevised and Restated Stipulation and Settlement Agreement approved in November 2013 among Duke Energy Florida, the Florida OPC and other customer advocates the 2015 PlanDuke Energy Corporation 2015 Long-Term Incentive Plan 2017 SettlementSecond Revised and Restated Settlement Agreement in 2017 among Duke Energy Florida, the Florida OPC and other customer advocates, which replaces and supplants the 2013 Settlement ACEAffordable Clean Energy ACPAtlantic Coast Pipeline, LLC, a limited liability company owned by Dominion, Duke Energy and Southern Company Gas ACP pipelineThe approximately 600-mile proposed interstate natural gas pipeline AFUDCAllowance for funds used during construction AFSAvailable for Sale the AgentsWells Fargo Securities, LLC, Citigroup Global Market Inc., J.P.",10-K,2019-02-28,2019-02-28T20:36:52.000Z,0001326160-19-000057,duk-20181231x10k.htm,0.60,low,0.95,0.570000,0.010510,2019-02-28T20:36:52.000Z,,1,SEC EDGAR,0001326160-19-000057,https://www.sec.gov/Archives/edgar/data/1326160/000132616019000057/duk-20181231x10k.htm,deterministic explicit-entity and relation-pattern extraction v2,unique_universe_match,public_at_sec_acceptance,candidate_review_required
c3d53d5705992b26632b46227dfed6ed620fcf4eee60ecafa31374c527e29e4b,CMIN-US:PFE,CMIN-US:JNJ,PFE,JNJ,strategic_partner,"District Court for the Eastern District of Pennsylvania against Johnson & Johnson (J&J) alleging that J&J’s exclusionary contracts and other anticompetitive practices concerning Remicade® (infliximab) violate federal antitrust laws.DEPENDENCE ON KEY IN-LINE PRODUCTSWe recorded direct product and/or alliance revenues of more than $1 billion for each of ten biopharmaceutical products in 2018: Prevnar 13/Prevenar 13, Lyrica, Ibrance, Eliquis, Enbrel, Lipitor, Xeljanz, Chantix/Champix, Sutent and Norvasc.",10-K,2019-02-28,2019-02-28T19:35:32.000Z,0000078003-19-000015,pfe-12312018x10kshell.htm,0.60,low,0.95,0.570000,0.010510,2019-02-28T19:35:32.000Z,,0,SEC EDGAR,0000078003-19-000015,https://www.sec.gov/Archives/edgar/data/78003/000007800319000015/pfe-12312018x10kshell.htm,deterministic explicit-entity and relation-pattern extraction v2,unique_universe_match,public_at_sec_acceptance,candidate_review_required
9794d347e1ebd8d36ceb3282424491944fcbd1e14909a2a8638ecec926596d48,CMIN-US:TGT,CMIN-US:UL,TGT,UL,supplier,Target: By 2020 we will source 100% of our agricultural raw materials sustainably,20-F,2019-03-11,2019-03-11T16:10:05.000Z,0001193125-19-070426,d641532d20f.htm,0.60,low,0.95,0.570000,0.010965,2019-03-11T16:10:05.000Z,,1,SEC EDGAR,0001193125-19-070426,https://www.sec.gov/Archives/edgar/data/217410/000119312519070426/d641532d20f.htm,deterministic explicit-entity and relation-pattern extraction v2,unique_universe_match,public_at_sec_acceptance,candidate_review_required
b2cac6fa738f43fad35fb20829a71447786bf14659a0318ca26db0a37f61f407,CMIN-US:UL,CMIN-US:MA,UL,MA,strategic_partner,"In 2017, we began a strategic partnership with Mastercard in Kenya.",20-F,2019-03-11,2019-03-11T16:10:05.000Z,0001193125-19-070426,d641532d20f.htm,0.82,medium,0.95,0.779000,0.014985,2019-03-11T16:10:05.000Z,,0,SEC EDGAR,0001193125-19-070426,https://www.sec.gov/Archives/edgar/data/217410/000119312519070426/d641532d20f.htm,deterministic explicit-entity and relation-pattern extraction v2,unique_universe_match,public_at_sec_acceptance,accepted
3ee34b5088a05aa810d30c9a0ed7b1e0dbd685bb94179d6c78b3567b0005f68d,CMIN-US:MA,CMIN-US:TGT,MA,TGT,supplier,"Based on historical redemption rates, a small and relatively stable percentage of gift cards will never be redeemed, referred to as ""breakage."" Estimated breakage revenue is recognized over time in proportion to actual gift card redemptions.(millions)February 3, 2018 Gift Cards Issued During Current Period But Not Redeemed (a) Revenue Recognized From Beginning Liability February 2, 2019Gift card liability$727 $645 $(532) $840(a) Net of estimated breakage.Guests receive a 5 percent discount on nearly all purchases and receive free shipping at Target.com when they use their Target Debit Card, Target Credit Card, or Target MasterCard (REDcards).",10-K,2019-03-13,2019-03-13T20:27:49.000Z,0000027419-19-000006,tgt-20190202x10k.htm,0.60,low,0.95,0.570000,0.011050,2019-03-13T20:27:49.000Z,,1,SEC EDGAR,0000027419-19-000006,https://www.sec.gov/Archives/edgar/data/27419/000002741919000006/tgt-20190202x10k.htm,deterministic explicit-entity and relation-pattern extraction v2,unique_universe_match,public_at_sec_acceptance,candidate_review_required
1c1e10c2714a9953f9ef3dc9a4a416d0b2d1a9da9e7fbc4474b0f8e5cab03d49,CMIN-US:TGT,CMIN-US:MA,TGT,MA,customer,"The collective interaction of a broad array of macroeconomic, competitive, and consumer behavioral factors, as well as sales mix and transfer of sales to new stores makes further analysis of sales metrics infeasible.TD Bank Group (TD) offers credit to qualified guests through Target-branded credit cards: the Target Credit Card and the Target MasterCard Credit Card (Target Credit Cards).",10-K,2019-03-13,2019-03-13T20:27:49.000Z,0000027419-19-000006,tgt-20190202x10k.htm,0.60,low,0.95,0.570000,0.011050,2019-03-13T20:27:49.000Z,,1,SEC EDGAR,0000027419-19-000006,https://www.sec.gov/Archives/edgar/data/27419/000002741919000006/tgt-20190202x10k.htm,deterministic explicit-entity and relation-pattern extraction v2,unique_universe_match,public_at_sec_acceptance,candidate_review_required
503563d4c6adc16c56ce60f47860b719d3fcbf359fec2056301d7ab38e4fc607,CMIN-US:TGT,CMIN-US:SBUX,TGT,SBUX,customer,"Boutique™Simply Balanced™Xhilaration® Exclusive Brands C9 by Champion®Hand Made Modern®Kid Made Modern®DENIZEN® from Levi's®Hearth & Hand™ with MagnoliaNate Berkus™ for TargetFieldcrest®Isabel Maternity™ by Ingrid & Isabel®Oh Joy!® for TargetGenuine Kids® from OshKosh®Just One You® made by carter's®Umbro™ for Target2We also sell merchandise through periodic exclusive design and creative partnerships and generate revenue from in-store amenities such as Target Café and leased or licensed departments such as Target Optical, Starbucks, and other food service offerings.",10-K,2019-03-13,2019-03-13T20:27:49.000Z,0000027419-19-000006,tgt-20190202x10k.htm,0.60,low,0.95,0.570000,0.011050,2019-03-13T20:27:49.000Z,,1,SEC EDGAR,0000027419-19-000006,https://www.sec.gov/Archives/edgar/data/27419/000002741919000006/tgt-20190202x10k.htm,deterministic explicit-entity and relation-pattern extraction v2,unique_universe_match,public_at_sec_acceptance,candidate_review_required
25a8516c8a56b249279b33a2acfdd89262b89ca3d3ff98087eb4591602a9276b,CMIN-US:BP,CMIN-US:COP,BP,COP,supplier,"Completed a significant Acquired Chargemaster, Purchased a 16.5% interest BP in action turnaround at our largest operator of the UK’s in the UK’s Clair field from Highlights of some of refinery, Whiting in largest electric vehicle ConocoPhillips – increasing our activities in 2018. the US. charging network. our share to 45.1%.",20-F,2019-03-29,2019-03-29T11:20:46.000Z,0001628280-19-003618,a31122018bp20fcomb.htm,0.60,low,0.95,0.570000,0.011752,2019-03-29T11:20:46.000Z,,1,SEC EDGAR,0001628280-19-003618,https://www.sec.gov/Archives/edgar/data/313807/000162828019003618/a31122018bp20fcomb.htm,deterministic explicit-entity and relation-pattern extraction v2,unique_universe_match,public_at_sec_acceptance,candidate_review_required
d463a295cb9dad4f2d0ee496a84f46b0b9b06dd0b53453b781a807664b26a1e7,CMIN-US:COP,CMIN-US:BP,COP,BP,supplier,"Other significant transactions On 18 December 2018, BP purchased an additional 16.5% interest in the Clair field in the North Sea, as part of the agreements with ConocoPhillips in which ConocoPhillips simultaneously purchased BP's entire 39.2% interest in the Greater Kuparuk Area on the North Slope of Alaska.",20-F,2019-03-29,2019-03-29T11:20:46.000Z,0001628280-19-003618,a31122018bp20fcomb.htm,0.60,low,0.95,0.570000,0.011752,2019-03-29T11:20:46.000Z,,1,SEC EDGAR,0001628280-19-003618,https://www.sec.gov/Archives/edgar/data/313807/000162828019003618/a31122018bp20fcomb.htm,deterministic explicit-entity and relation-pattern extraction v2,unique_universe_match,public_at_sec_acceptance,candidate_review_required
bc8fcc9ac46290467a1b94ed474bf740113aebf3af83dbf83ccd893e7d9dcfce,CMIN-US:COP,CMIN-US:BP,COP,BP,supplier,"2018 includes $1,739 million relating to the purchase of an additional 16.5% interest in the Clair field west of Shetland in the North Sea, as part of the agreements with ConocoPhillips in which ConocoPhillips simultaneously purchased BP's entire 39.2% interest in the Greater Kuparuk Area on the North Slope of Alaska.",20-F,2019-03-29,2019-03-29T11:20:46.000Z,0001628280-19-003618,a31122018bp20fcomb.htm,0.60,low,0.95,0.570000,0.011752,2019-03-29T11:20:46.000Z,,1,SEC EDGAR,0001628280-19-003618,https://www.sec.gov/Archives/edgar/data/313807/000162828019003618/a31122018bp20fcomb.htm,deterministic explicit-entity and relation-pattern extraction v2,unique_universe_match,public_at_sec_acceptance,candidate_review_required
8df1328ef81717917d40bc5ed241b45e286e844f41482b1486c49eb2d2a28e47,CMIN-US:JD,CMIN-US:WMT,JD,WMT,strategic_partner,"In June 2016, we entered into a series of agreements with Walmart in relation to our strategic alliance with Walmart, pursuant to which Walmart subscribed for 144,952,250 of our newly issued Class A ordinary shares, representing approximately 5% of our total issued and outstanding shares on a fully diluted basis at the time.",20-F,2019-04-15,2019-04-15T12:40:47.000Z,0001104659-19-021236,a18-42062_120f.htm,0.60,low,0.95,0.570000,0.012547,2019-04-15T12:40:47.000Z,,0,SEC EDGAR,0001104659-19-021236,https://www.sec.gov/Archives/edgar/data/1549802/000110465919021236/a18-42062_120f.htm,deterministic explicit-entity and relation-pattern extraction v2,unique_universe_match,public_at_sec_acceptance,candidate_review_required
b158f2a832afd9b6789aed6181b33d2fbcec1833a082947a64ed248039470c53,CMIN-US:JD,CMIN-US:WMT,JD,WMT,strategic_partner,"As part of our strategic alliance with Walmart, we acquired ownership of the Yihaodian marketplace platform assets, including the Yihaodian brand, websites and mobile apps.",20-F,2019-04-15,2019-04-15T12:40:47.000Z,0001104659-19-021236,a18-42062_120f.htm,0.60,low,0.95,0.570000,0.012547,2019-04-15T12:40:47.000Z,,0,SEC EDGAR,0001104659-19-021236,https://www.sec.gov/Archives/edgar/data/1549802/000110465919021236/a18-42062_120f.htm,deterministic explicit-entity and relation-pattern extraction v2,unique_universe_match,public_at_sec_acceptance,candidate_review_required
ea8e085326e354b08d4885fb89a1caa1d74ad190860abd2ec9aea6e17db2d0c7,CMIN-US:JD,CMIN-US:WMT,JD,WMT,customer,"We have collaborated with Walmart on e-commerce, including launching Sams Club Flagship Store and Walmart China Flagship Store on JD.com, as well as Sams Club Global Flagship Store, Walmart Global Flagship Store, and ASDA Flagship Store on JD Worldwide and a one-hour delivery service from Walmart Stores in select cities through the JD Daojia app, as well as leveraging one anothers supply chain to increase product selection for customers across China.",20-F,2019-04-15,2019-04-15T12:40:47.000Z,0001104659-19-021236,a18-42062_120f.htm,0.60,low,0.95,0.570000,0.012547,2019-04-15T12:40:47.000Z,,1,SEC EDGAR,0001104659-19-021236,https://www.sec.gov/Archives/edgar/data/1549802/000110465919021236/a18-42062_120f.htm,deterministic explicit-entity and relation-pattern extraction v2,unique_universe_match,public_at_sec_acceptance,candidate_review_required
b079ca470e90b3e38aa357762ab8241a4ce0910ee8b66b12a94bf5577f59c84d,CMIN-US:JD,CMIN-US:WMT,JD,WMT,strategic_partner,"As part of the strategic alliance, we also entered into an eight-year non-compete arrangement with Walmart, subject to certain conditions and exceptions.",20-F,2019-04-15,2019-04-15T12:40:47.000Z,0001104659-19-021236,a18-42062_120f.htm,0.82,medium,0.95,0.779000,0.017147,2019-04-15T12:40:47.000Z,,0,SEC EDGAR,0001104659-19-021236,https://www.sec.gov/Archives/edgar/data/1549802/000110465919021236/a18-42062_120f.htm,deterministic explicit-entity and relation-pattern extraction v2,unique_universe_match,public_at_sec_acceptance,accepted
b7778b72e73be806830a5d407fc75487afbff0bc29fb6a464d671091255ce7c2,CMIN-US:JD,CMIN-US:WMT,JD,WMT,strategic_partner,"In June 2016, we entered into a series of agreements in relation to our strategic alliance with Walmart.",20-F,2019-04-15,2019-04-15T12:40:47.000Z,0001104659-19-021236,a18-42062_120f.htm,0.82,medium,0.95,0.779000,0.017147,2019-04-15T12:40:47.000Z,,0,SEC EDGAR,0001104659-19-021236,https://www.sec.gov/Archives/edgar/data/1549802/000110465919021236/a18-42062_120f.htm,deterministic explicit-entity and relation-pattern extraction v2,unique_universe_match,public_at_sec_acceptance,accepted
a6e07841187c23da447d3ae0772cce1aa43fecccae9c10af7ef8c4ec5e547265,CMIN-US:JD,CMIN-US:WMT,JD,WMT,customer,"We have collaborated with Walmart on e-commerce, including launching a Sams Club Flagship Store and Walmart China Flagship Store on JD.com, Sams Club Global Flagship Store, Walmart Global Flagship Store, and ASDA Flagship Store on JD Worldwide, and a one-hour delivery service from Walmart Stores in select cities through the JD Daojia app, as well as leveraging each others supply chain to enhance product selection for customers across China.",20-F,2019-04-15,2019-04-15T12:40:47.000Z,0001104659-19-021236,a18-42062_120f.htm,0.60,low,0.95,0.570000,0.012547,2019-04-15T12:40:47.000Z,,1,SEC EDGAR,0001104659-19-021236,https://www.sec.gov/Archives/edgar/data/1549802/000110465919021236/a18-42062_120f.htm,deterministic explicit-entity and relation-pattern extraction v2,unique_universe_match,public_at_sec_acceptance,candidate_review_required
2338d77e0ca9d9aeaa5e0c528ef6fc54c7d6212d9124a626609e676b6385348c,CMIN-US:JD,CMIN-US:WMT,JD,WMT,strategic_partner,"In June 2016, we entered into a series of agreements with Walmart in relation to our strategic alliance with Walmart.",20-F,2019-04-15,2019-04-15T12:40:47.000Z,0001104659-19-021236,a18-42062_120f.htm,0.82,medium,0.95,0.779000,0.017147,2019-04-15T12:40:47.000Z,,0,SEC EDGAR,0001104659-19-021236,https://www.sec.gov/Archives/edgar/data/1549802/000110465919021236/a18-42062_120f.htm,deterministic explicit-entity and relation-pattern extraction v2,unique_universe_match,public_at_sec_acceptance,accepted
9131e221dda8b494f66f395583ee36c6e6614b6b157f25a2c37eb763a8e178fc,CMIN-US:JD,CMIN-US:WMT,JD,WMT,supplier,"Within the first 24 months after June 20, 2016 (and regardless of Newheights percentage of ownership of our share capital) and, after such period, for so long as Newheight holds at least 10% of our then outstanding share capital on a fully diluted basis, if we propose to issue certain new securities, Newheight or a wholly-owned subsidiary of Walmart designated by Newheight has the right to purchase such number of new securities under the same terms and conditions at its election so as to enable Newheight to hold a pro rata portion of the new securities equal to the percentage of our share capital on a fully diluted basis then held by Newheight.",20-F,2019-04-15,2019-04-15T12:40:47.000Z,0001104659-19-021236,a18-42062_120f.htm,0.60,low,0.95,0.570000,0.012547,2019-04-15T12:40:47.000Z,,1,SEC EDGAR,0001104659-19-021236,https://www.sec.gov/Archives/edgar/data/1549802/000110465919021236/a18-42062_120f.htm,deterministic explicit-entity and relation-pattern extraction v2,unique_universe_match,public_at_sec_acceptance,candidate_review_required
d887149f22ac27cc26dcdd602360104618f36624f58f1c29bd6b16c4d9f2384a,CMIN-US:JD,CMIN-US:WMT,JD,WMT,strategic_partner,"On June 20, 2016, the Group, Wal-Mart Stores, Inc. (Walmart), and Yihaodian (YHD), a subsidiary of Walmart, entered into a series of agreements to form a strategic alliance to better serve the consumers across China.",20-F,2019-04-15,2019-04-15T12:40:47.000Z,0001104659-19-021236,a18-42062_120f.htm,0.60,low,0.95,0.570000,0.012547,2019-04-15T12:40:47.000Z,,0,SEC EDGAR,0001104659-19-021236,https://www.sec.gov/Archives/edgar/data/1549802/000110465919021236/a18-42062_120f.htm,deterministic explicit-entity and relation-pattern extraction v2,unique_universe_match,public_at_sec_acceptance,candidate_review_required
83fd61132483f3df37af136c3cfd2cda18455e3bbcb3137eb753480593523ac1,CMIN-US:JD,CMIN-US:WMT,JD,WMT,customer,"Pursuant to BCA, the Group and Walmart agreed to partner in several strategic areas, including: a) Sams Club China agreed to open a flagship store on JD.com, expanding the availability of Sams Clubs high-quality imported products across China; b) The Group and Walmart agreed to work together to leverage their supply chains to increase the product selection for customers across China, including a broader range of imported products; c) The Group agreed to give the Sams flagship store preferential traffic entrance.",20-F,2019-04-15,2019-04-15T12:40:47.000Z,0001104659-19-021236,a18-42062_120f.htm,0.60,low,0.95,0.570000,0.012547,2019-04-15T12:40:47.000Z,,1,SEC EDGAR,0001104659-19-021236,https://www.sec.gov/Archives/edgar/data/1549802/000110465919021236/a18-42062_120f.htm,deterministic explicit-entity and relation-pattern extraction v2,unique_universe_match,public_at_sec_acceptance,candidate_review_required
03eb3b64724968ee738f1bdd810fadbb4c60d72c567f79d6d672ad4333174d43,CMIN-US:TSM,CMIN-US:ASML,TSM,ASML,customer,TSMC joined the Customer Co-Investment Program of ASML Holding N.V. (ASML) in August 2012.,20-F,2019-04-17,2019-04-17T11:21:35.000Z,0001193125-19-108390,d665387d20f.htm,0.60,low,0.95,0.570000,0.012644,2019-04-17T11:21:35.000Z,,1,SEC EDGAR,0001193125-19-108390,https://www.sec.gov/Archives/edgar/data/1046179/000119312519108390/d665387d20f.htm,deterministic explicit-entity and relation-pattern extraction v2,unique_universe_match,public_at_sec_acceptance,candidate_review_required
034f7ca47c0c1c0b7b2b820e6c5e575aab7537507ddb362779fb7d1aab2921be,CMIN-US:NGG,CMIN-US:TGT,NGG,TGT,customer,The Trust Advice £m 2018/19 2017/18 2016/17 Target metric recovered half of its decline from the prior year (two percentage points) due to improved communications and UK Electricity Transmission (/10) 7.9 7.7 7.4 6.9 customer experiences.,20-F,2019-06-04,2019-06-04T11:35:59.000Z,0001004315-19-000071,nationalgrid20f2019doc.htm,0.60,low,0.95,0.570000,0.015211,2019-06-04T11:35:59.000Z,,1,SEC EDGAR,0001004315-19-000071,https://www.sec.gov/Archives/edgar/data/1004315/000100431519000071/nationalgrid20f2019doc.htm,deterministic explicit-entity and relation-pattern extraction v2,unique_universe_match,public_at_sec_acceptance,candidate_review_required
4d008fa7b1a4ab5f4747dd050871db7b3ea5b104a04d67b5e2f1a3e43d1e84f0,CMIN-US:TGT,CMIN-US:NGG,TGT,NGG,supplier,"Target: 5–7% growth each year 1/1 1/18 18/19 Cumulative investment in delivering new 702 Cumulative investment in delivering new low-carbon energy low-carbon energy sources (£m) sources was £702 million, up from £395 million in 2017/18.",20-F,2019-06-04,2019-06-04T11:35:59.000Z,0001004315-19-000071,nationalgrid20f2019doc.htm,0.60,low,0.95,0.570000,0.015211,2019-06-04T11:35:59.000Z,,1,SEC EDGAR,0001004315-19-000071,https://www.sec.gov/Archives/edgar/data/1004315/000100431519000071/nationalgrid20f2019doc.htm,deterministic explicit-entity and relation-pattern extraction v2,unique_universe_match,public_at_sec_acceptance,candidate_review_required
4b5128ad005621cfadaed2df1a91b31a3af2ff84a4d498ce4c87d69dd476452c,CMIN-US:BABA,CMIN-US:SBUX,BABA,SBUX,customer,"example, in fiscal year 2019, Alibaba Group and Starbucks Coffee Company jointly announced a comprehensive strategic New Retail partnership to enhance the way customers enjoy their food and",20-F,2019-06-05,2019-06-05T20:33:42.000Z,0001047469-19-003492,a2238953z20-f.htm,0.60,low,0.95,0.570000,0.015270,2019-06-05T20:33:42.000Z,,1,SEC EDGAR,0001047469-19-003492,https://www.sec.gov/Archives/edgar/data/1577552/000104746919003492/a2238953z20-f.htm,deterministic explicit-entity and relation-pattern extraction v2,unique_universe_match,public_at_sec_acceptance,candidate_review_required
cb2cab8359c06a7a50c133d3d63a56a067549deaca4f4efe5abdd38fe14893fb,CMIN-US:ADBE,CMIN-US:MSFT,ADBE,MSFT,supplier,"Our products for software developers compete against offerings from Adobe, IBM, Oracle, and other companies, and also against open-source projects, including Eclipse (sponsored by CA Technologies, IBM, Oracle, and SAP), PHP, and Ruby on Rails.",10-K,2019-08-01,2019-08-01T20:09:55.000Z,0001564590-19-027952,msft-10k_20190630.htm,0.60,low,0.95,0.570000,0.019018,2019-08-01T20:09:55.000Z,,1,SEC EDGAR,0001564590-19-027952,https://www.sec.gov/Archives/edgar/data/789019/000156459019027952/msft-10k_20190630.htm,deterministic explicit-entity and relation-pattern extraction v2,unique_universe_match,public_at_sec_acceptance,candidate_review_required
fd0ab5a35fca2d90294875047644decfd1fc89de78f84af72ca05d8f3b0b90a3,CMIN-US:MSFT,CMIN-US:AAPL,MSFT,AAPL,supplier,"Competitors to Office include software and global application vendors, such as Apple, Cisco Systems, Facebook, Google, IBM, Okta, Proofpoint, Slack, Symantec, Zoom, and numerous web-based and mobile application competitors as well as local application developers.",10-K,2019-08-01,2019-08-01T20:09:55.000Z,0001564590-19-027952,msft-10k_20190630.htm,0.60,low,0.95,0.570000,0.019018,2019-08-01T20:09:55.000Z,,1,SEC EDGAR,0001564590-19-027952,https://www.sec.gov/Archives/edgar/data/789019/000156459019027952/msft-10k_20190630.htm,deterministic explicit-entity and relation-pattern extraction v2,unique_universe_match,public_at_sec_acceptance,candidate_review_required
254fc50cee8bd9d9fffbab141c150fe0a29cc73d830033ac40d9a13c82c59d94,CMIN-US:MSFT,CMIN-US:AAPL,MSFT,AAPL,customer,"These manufacturers, many of which are also current or potential partners and customers, include Apple and our Windows OEMs.",10-K,2019-08-01,2019-08-01T20:09:55.000Z,0001564590-19-027952,msft-10k_20190630.htm,0.60,low,0.95,0.570000,0.019018,2019-08-01T20:09:55.000Z,,1,SEC EDGAR,0001564590-19-027952,https://www.sec.gov/Archives/edgar/data/789019/000156459019027952/msft-10k_20190630.htm,deterministic explicit-entity and relation-pattern extraction v2,unique_universe_match,public_at_sec_acceptance,candidate_review_required
0b9d20e5ddc6888fb9ade188f93b79d69540b7bf3c25dcc8b08b00ac56e685a9,CMIN-US:MSFT,CMIN-US:CSCO,MSFT,CSCO,supplier,"Competitors to Office include software and global application vendors, such as Apple, Cisco Systems, Facebook, Google, IBM, Okta, Proofpoint, Slack, Symantec, Zoom, and numerous web-based and mobile application competitors as well as local application developers.",10-K,2019-08-01,2019-08-01T20:09:55.000Z,0001564590-19-027952,msft-10k_20190630.htm,0.60,low,0.95,0.570000,0.019018,2019-08-01T20:09:55.000Z,,1,SEC EDGAR,0001564590-19-027952,https://www.sec.gov/Archives/edgar/data/789019/000156459019027952/msft-10k_20190630.htm,deterministic explicit-entity and relation-pattern extraction v2,unique_universe_match,public_at_sec_acceptance,candidate_review_required
3f3ac4d3cbf8e8bc9c6e91dd1af69521bc9c070584d886d5a12e6134e9bd3be1,CMIN-US:MSFT,CMIN-US:ORCL,MSFT,ORCL,supplier,"Dynamics competes with vendors such as Infor, NetSuite, Oracle, Salesforce.com, SAP, and The Sage Group to provide cloud-based and on-premise business solutions for small, medium, and large organizations.",10-K,2019-08-01,2019-08-01T20:09:55.000Z,0001564590-19-027952,msft-10k_20190630.htm,0.60,low,0.95,0.570000,0.019018,2019-08-01T20:09:55.000Z,,1,SEC EDGAR,0001564590-19-027952,https://www.sec.gov/Archives/edgar/data/789019/000156459019027952/msft-10k_20190630.htm,deterministic explicit-entity and relation-pattern extraction v2,unique_universe_match,public_at_sec_acceptance,candidate_review_required
0395d5e9846234895338e0a785157d551c1197fae5fb37fef243752ad8709e43,CMIN-US:ORCL,CMIN-US:MSFT,ORCL,MSFT,supplier,"Our products for software developers compete against offerings from Adobe, IBM, Oracle, and other companies, and also against open-source projects, including Eclipse (sponsored by CA Technologies, IBM, Oracle, and SAP), PHP, and Ruby on Rails.",10-K,2019-08-01,2019-08-01T20:09:55.000Z,0001564590-19-027952,msft-10k_20190630.htm,0.60,low,0.95,0.570000,0.019018,2019-08-01T20:09:55.000Z,,1,SEC EDGAR,0001564590-19-027952,https://www.sec.gov/Archives/edgar/data/789019/000156459019027952/msft-10k_20190630.htm,deterministic explicit-entity and relation-pattern extraction v2,unique_universe_match,public_at_sec_acceptance,candidate_review_required
741fc6943187f20a091d20400c5764c99eb265511283a38dbe7cdc1f05849e37,CMIN-US:ORCL,CMIN-US:MSFT,ORCL,MSFT,supplier,"Azure faces diverse competition from companies such as Amazon, Google, IBM, Oracle, Salesforce.com, VMware, and open source offerings.",10-K,2019-08-01,2019-08-01T20:09:55.000Z,0001564590-19-027952,msft-10k_20190630.htm,0.60,low,0.95,0.570000,0.019018,2019-08-01T20:09:55.000Z,,1,SEC EDGAR,0001564590-19-027952,https://www.sec.gov/Archives/edgar/data/789019/000156459019027952/msft-10k_20190630.htm,deterministic explicit-entity and relation-pattern extraction v2,unique_universe_match,public_at_sec_acceptance,candidate_review_required
7b4820982cef7b786e6ab368f3aa052df52c71e86824a32d4b77d586bbbdd093,CMIN-US:TGT,CMIN-US:DEO,TGT,DEO,supplier,Target: Deliver our responsible sourcing commitments with suppliers to improve labour standards and human rights in our supply chains.,20-F,2019-08-05,2019-08-05T12:09:50.000Z,0000835403-19-000005,a20-ff19p12.htm,0.60,low,0.95,0.570000,0.019313,2019-08-05T12:09:50.000Z,,1,SEC EDGAR,0000835403-19-000005,https://www.sec.gov/Archives/edgar/data/835403/000083540319000005/a20-ff19p12.htm,deterministic explicit-entity and relation-pattern extraction v2,unique_universe_match,public_at_sec_acceptance,candidate_review_required
27fe4e7383b106f65244f18a216e72d17cf275f5398a8caa4642fc787979226e,CMIN-US:TGT,CMIN-US:DEO,TGT,DEO,supplier,Target: Source 80% of our agricultural raw materials locally in Africa by 2020.,20-F,2019-08-05,2019-08-05T12:09:50.000Z,0000835403-19-000005,a20-ff19p12.htm,0.60,low,0.95,0.570000,0.019313,2019-08-05T12:09:50.000Z,,1,SEC EDGAR,0000835403-19-000005,https://www.sec.gov/Archives/edgar/data/835403/000083540319000005/a20-ff19p12.htm,deterministic explicit-entity and relation-pattern extraction v2,unique_universe_match,public_at_sec_acceptance,candidate_review_required
a09070ae73a76f2787eaa240e54ef79771bdf01f7c0d229494f39cdb249f4c8b,CMIN-US:PG,CMIN-US:WMT,PG,WMT,customer,Sales to Walmart Inc. and its affiliates represent approximately 15% of our total sales in 2019 and 2018 and 16% in 2017 .,10-K,2019-08-06,2019-08-06T20:26:04.000Z,0000080424-19-000050,fy181910-kreport.htm,0.97,high,0.95,0.921500,0.031343,2019-08-06T20:26:04.000Z,,1,SEC EDGAR,0000080424-19-000050,https://www.sec.gov/Archives/edgar/data/80424/000008042419000050/fy181910-kreport.htm,deterministic explicit-entity and relation-pattern extraction v2,unique_universe_match,public_at_sec_acceptance,accepted
cab7afe18fe7ef7fc6d5d8d5c4c8d7d179527170d229d0cdf7cb49f77ef398a6,CMIN-US:PG,CMIN-US:WMT,PG,WMT,customer,"Our largest customer, Walmart Inc. and its affiliates, accounted for consolidated net sales of approximately 15 % , 15 % and 16 % in 2019 , 2018 and 2017 , respectively.",10-K,2019-08-06,2019-08-06T20:26:04.000Z,0000080424-19-000050,fy181910-kreport.htm,0.97,high,0.95,0.921500,0.031343,2019-08-06T20:26:04.000Z,,1,SEC EDGAR,0000080424-19-000050,https://www.sec.gov/Archives/edgar/data/80424/000008042419000050/fy181910-kreport.htm,deterministic explicit-entity and relation-pattern extraction v2,unique_universe_match,public_at_sec_acceptance,accepted
ed888774b20195e029717529ed23d13eb0c778d3bfeeaa5a043885734f913bb6,CMIN-US:CSCO,CMIN-US:WELL,CSCO,WELL,customer,"Impairment of that trust, or foreign regulatory actions taken in response 12Table of Contentsto reports of certain intelligence gathering methods of the U.S. government, could affect the demand for our products from customers outside of the United States and could have an adverse effect on our operating results.WE HAVE BEEN INVESTING AND EXPECT TO CONTINUE TO INVEST IN KEY PRIORITY AND GROWTH AREAS AS WELL AS MAINTAINING LEADERSHIP IN INFRASTRUCTURE PLATFORMS AND IN SERVICES, AND IF THE RETURN ON THESE INVESTMENTS IS LOWER OR DEVELOPS MORE SLOWLY THAN WE EXPECT, OUR OPERATING RESULTS MAY BE HARMED We expect to realign and dedicate resources into key priority and growth areas, such as Security and Applications, while also focusing on maintaining leadership in Infrastructure Platforms and in Services.",10-K,2019-09-05,2019-09-05T21:17:18.000Z,0000858877-19-000012,csco-2019727x10k.htm,0.60,low,0.95,0.570000,0.021762,2019-09-05T21:17:18.000Z,,1,SEC EDGAR,0000858877-19-000012,https://www.sec.gov/Archives/edgar/data/858877/000085887719000012/csco-2019727x10k.htm,deterministic explicit-entity and relation-pattern extraction v2,unique_universe_match,public_at_sec_acceptance,candidate_review_required
7e65a3879458b92803dbc9d56497e39695329daf376bb0b10b80c2fdcd3dfae2,CMIN-US:ACN,CMIN-US:MSFT,ACN,MSFT,strategic_partner,"We also develop and manage our alliance relationships across a broad range of technology providers, including Amazon Web Services, Google, Microsoft, Oracle, Pegasystems, Salesforce, SAP, Workday and many others, to enhance the value that we and our clients realize from the technology ecosystem.",10-K,2019-10-29,2019-10-29T10:53:24.000Z,0001467373-19-000339,acn831201910k.htm,0.60,low,0.95,0.570000,0.026792,2019-10-29T10:53:24.000Z,,0,SEC EDGAR,0001467373-19-000339,https://www.sec.gov/Archives/edgar/data/1467373/000146737319000339/acn831201910k.htm,deterministic explicit-entity and relation-pattern extraction v2,unique_universe_match,public_at_sec_acceptance,candidate_review_required
a7d696e46a76620b6e3e4c7ebb4fc9fcb2fe10dff09adbe73db4eecd8d370b11,CMIN-US:ACN,CMIN-US:ORCL,ACN,ORCL,strategic_partner,"We also develop and manage our alliance relationships across a broad range of technology providers, including Amazon Web Services, Google, Microsoft, Oracle, Pegasystems, Salesforce, SAP, Workday and many others, to enhance the value that we and our clients realize from the technology ecosystem.",10-K,2019-10-29,2019-10-29T10:53:24.000Z,0001467373-19-000339,acn831201910k.htm,0.60,low,0.95,0.570000,0.026792,2019-10-29T10:53:24.000Z,,0,SEC EDGAR,0001467373-19-000339,https://www.sec.gov/Archives/edgar/data/1467373/000146737319000339/acn831201910k.htm,deterministic explicit-entity and relation-pattern extraction v2,unique_universe_match,public_at_sec_acceptance,candidate_review_required
668f045f27f5d6f1d2f81d952f58d9e8119c7fb31e657fb322c55e2eb6c22295,CMIN-US:V,CMIN-US:MA,V,MA,supplier,"The following chart compares our network with these network competitors for calendar year 2018 (4) : Visa Mastercard American Express JCB Diners Club Payments Volume ($B) 8,449 4,338 1,169 283 172 Total Volume ($B) 11,380 5,901 1,184 290 187 Total Transactions (B) 188 103 8 4 3 Cards (M) 3,359 2,022 114 127 63 (4) MasterCard, American Express, JCB and Discover/Diners Club data sourced from The Nilson Report issue 1154 (May 2019).",10-K,2019-11-14,2019-11-14T20:35:00.000Z,0001403161-19-000050,v093019form10k.htm,0.60,low,0.95,0.570000,0.028494,2019-11-14T20:35:00.000Z,,1,SEC EDGAR,0001403161-19-000050,https://www.sec.gov/Archives/edgar/data/1403161/000140316119000050/v093019form10k.htm,deterministic explicit-entity and relation-pattern extraction v2,unique_universe_match,public_at_sec_acceptance,candidate_review_required
e1f3a33e6cbae7ce41c7e32426c14c3d85126c3aa1a9ff3924f687d1e04e934f,CMIN-US:BAC,CMIN-US:SBUX,BAC,SBUX,supplier,"Date of Filing Exhibit Number Filed Herewith 10.9* 2005 Non-Employee Director Sub-Plan to the Starbucks Corporation 2005 Long-Term Equity Incentive Plan, as amended and restated effective September 11, 2018 10-K 0-20322 11/16/2018 10.9 10.10* Form of Stock Option Grant Agreement for Purchase of Stock under the Key Employee Sub-Plan to the 2005 Long-Term Equity Incentive Plan 10-Q 0-20322 5/2/2012 10.1 10.11* Form of Global Stock Option Grant Agreement for Purchase of Stock under the Key Employee Sub-Plan to the 2005 Long Term Equity Incentive Plan 10-K 0-20322 11/18/2016 10.14 10.12* Form of Stock Option Grant Agreement for Purchase of Stock under the 2005 Non-Employee Director Sub-Plan to the Starbucks Corporation 2005 Long-Term Equity Incentive Plan 10-Q 0-20322 4/26/2016 10.2 10.13* Form of Restricted Stock Unit Grant Agreement under the 2005 Non-Employee Director Sub-Plan to the Starbucks Corporation 2005 Long-Term Equity Incentive Plan 10-Q 0-20322 4/26/2016 10.3 10.14 Credit Agreement, dated October 25, 2017, among Starbucks Corporation, Bank of America, N.A., in its capacity as Administrative Agent, Swing Line Lender and L/C Issuer, Wells Fargo Bank, N.A., Citibank, N.A. and U.S.",10-K,2019-11-15,2019-11-15T21:16:58.000Z,0000829224-19-000051,sbux-9292019x10xk.htm,0.60,low,0.95,0.570000,0.028604,2019-11-15T21:16:58.000Z,,1,SEC EDGAR,0000829224-19-000051,https://www.sec.gov/Archives/edgar/data/829224/000082922419000051/sbux-9292019x10xk.htm,deterministic explicit-entity and relation-pattern extraction v2,unique_universe_match,public_at_sec_acceptance,candidate_review_required
3d6d02e11312c8a989098c009b850466f32d5d9eff6908052e56f8f219237489,CMIN-US:SBUX,CMIN-US:PEP,SBUX,PEP,strategic_partner,"Our collaborative relationships with PepsiCo, Inc., Anheuser-Busch InBev, Tingyi Holding Corp., Arla Foods and others for our global ready-to-drink beverage businesses in this segment are excluded from the Global Coffee Alliance.",10-K,2019-11-15,2019-11-15T21:16:58.000Z,0000829224-19-000051,sbux-9292019x10xk.htm,0.60,low,0.95,0.570000,0.028604,2019-11-15T21:16:58.000Z,,0,SEC EDGAR,0000829224-19-000051,https://www.sec.gov/Archives/edgar/data/829224/000082922419000051/sbux-9292019x10xk.htm,deterministic explicit-entity and relation-pattern extraction v2,unique_universe_match,public_at_sec_acceptance,candidate_review_required
2ac2465eadd8456dac86edb190004767f12bf2cf7520809b9ac038a1fc82efeb,CMIN-US:SBUX,CMIN-US:PEP,SBUX,PEP,strategic_partner,"Our collaborative relationships with PepsiCo, Inc., Anheuser-Busch InBev, Tingyi Holding Corp., Arla Foods and others for our global ready-to-drink beverages businesses in this segment are excluded from the Global Coffee Alliance.",10-K,2019-11-15,2019-11-15T21:16:58.000Z,0000829224-19-000051,sbux-9292019x10xk.htm,0.60,low,0.95,0.570000,0.028604,2019-11-15T21:16:58.000Z,,0,SEC EDGAR,0000829224-19-000051,https://www.sec.gov/Archives/edgar/data/829224/000082922419000051/sbux-9292019x10xk.htm,deterministic explicit-entity and relation-pattern extraction v2,unique_universe_match,public_at_sec_acceptance,candidate_review_required
e2974be7dddc16aa258db58489fb70509600f409bafa07a862595d47c6ef631b,CMIN-US:AVGO,CMIN-US:AAPL,AVGO,AAPL,customer,"We believe aggregate sales to Apple Inc., through all channels, accounted for approximately 20% of our net revenue for fiscal year 2019 and approximately 25% for fiscal year 2018 .",10-K,2019-12-20,2019-12-20T21:10:06.000Z,0001730168-19-000144,avgo-11032019x10k.htm,0.97,high,0.95,0.921500,0.052915,2019-12-20T21:10:06.000Z,,1,SEC EDGAR,0001730168-19-000144,https://www.sec.gov/Archives/edgar/data/1730168/000173016819000144/avgo-11032019x10k.htm,deterministic explicit-entity and relation-pattern extraction v2,unique_universe_match,public_at_sec_acceptance,accepted
a127478de7dad7b1d1b124d18a015f191c8ae5525f2ea0ecee54ec1c47a5dbd8,CMIN-US:ADBE,CMIN-US:MSFT,ADBE,MSFT,strategic_partner,"This open architecture offers scalability with a wide variety of supporting products and services, empowers users to quickly develop innovative applications to interact with consumers, and enables a broad industry ecosystem through our Open Data Initiative, an open alliance among Adobe, Microsoft, SAP and others.",10-K,2020-01-21,2020-01-21T11:06:41.000Z,0000796343-20-000013,adbe10kfy19.htm,0.82,medium,0.95,0.779000,0.050599,2020-01-21T11:06:41.000Z,,0,SEC EDGAR,0000796343-20-000013,https://www.sec.gov/Archives/edgar/data/796343/000079634320000013/adbe10kfy19.htm,deterministic explicit-entity and relation-pattern extraction v2,unique_universe_match,public_at_sec_acceptance,accepted
19b6e625e7dd2a75669be3510e43901dbcde4359cdc6dc116181c49b2a2a958b,CMIN-US:ADBE,CMIN-US:MSFT,ADBE,MSFT,strategic_partner,"This open architecture offers scalability with a wide variety of supporting products and services, empowers users to quickly develop innovative applications to interact with consumers and enables a broad industry ecosystem through our Open Data Initiative, an open alliance among Adobe, Microsoft and SAP.",10-K,2020-01-21,2020-01-21T11:06:41.000Z,0000796343-20-000013,adbe10kfy19.htm,0.82,medium,0.95,0.779000,0.050599,2020-01-21T11:06:41.000Z,,0,SEC EDGAR,0000796343-20-000013,https://www.sec.gov/Archives/edgar/data/796343/000079634320000013/adbe10kfy19.htm,deterministic explicit-entity and relation-pattern extraction v2,unique_universe_match,public_at_sec_acceptance,accepted
a6e54dbe32beddd4cb7fc15c7bd731a55dd9a0ebab631ed56d8835d8ad2a103e,CMIN-US:MS,CMIN-US:NFLX,MS,NFLX,supplier,"LLC, as representative of the Initial Purchasers listed in Schedule 1 thereto 8-K 001-35727 10.2 February 5, 2015 10.10 Purchase Agreement, dated as of October 24, 2016, between the Company and Morgan Stanley & Co.",10-K,2020-01-29,2020-01-29T21:03:25.000Z,0001065280-20-000040,form10kq419.htm,0.60,low,0.95,0.570000,0.038182,2020-01-29T21:03:25.000Z,,1,SEC EDGAR,0001065280-20-000040,https://www.sec.gov/Archives/edgar/data/1065280/000106528020000040/form10kq419.htm,deterministic explicit-entity and relation-pattern extraction v2,unique_universe_match,public_at_sec_acceptance,candidate_review_required
da315d2aa5a7f781c7408b3261a72fdf05442604c46978a201abfc89ec754e6f,CMIN-US:MS,CMIN-US:NFLX,MS,NFLX,supplier,"LLC, as representative of the Initial Purchasers listed in Schedule 1 thereto 8-K 001-35727 10.2 October 27, 2016 10.12 Purchase Agreement, dated as of April 26, 2017, between the Company and Morgan Stanley & Co.",10-K,2020-01-29,2020-01-29T21:03:25.000Z,0001065280-20-000040,form10kq419.htm,0.60,low,0.95,0.570000,0.038182,2020-01-29T21:03:25.000Z,,1,SEC EDGAR,0001065280-20-000040,https://www.sec.gov/Archives/edgar/data/1065280/000106528020000040/form10kq419.htm,deterministic explicit-entity and relation-pattern extraction v2,unique_universe_match,public_at_sec_acceptance,candidate_review_required
45602d33865f65c681c0235ae647da869ccabfd814f6bf330109054fdef00ba9,CMIN-US:MS,CMIN-US:NFLX,MS,NFLX,supplier,"Exhibit Filing Date 10.15 Revolving Credit Agreement among the Company, Deutsche bank AG New York Branch, Goldman Sachs Bank USA, JPMorgan Chase Bank, N.A., Morgan Stanley Senior Funding, Inc. and Wells Fargo Bank, N.A. and the administrative agent, dated as of July 27, 2017 10-Q 001-35727 10.15 October 18, 2017 10.16 Purchase Agreement, dated as of October 23, 2017 between the Company and Morgan Stanley & Co.",10-K,2020-01-29,2020-01-29T21:03:25.000Z,0001065280-20-000040,form10kq419.htm,0.60,low,0.95,0.570000,0.038182,2020-01-29T21:03:25.000Z,,1,SEC EDGAR,0001065280-20-000040,https://www.sec.gov/Archives/edgar/data/1065280/000106528020000040/form10kq419.htm,deterministic explicit-entity and relation-pattern extraction v2,unique_universe_match,public_at_sec_acceptance,candidate_review_required
e19a401458642f708de885c14d85a1a0118e580429fcaa51dcd71563d2f72658,CMIN-US:MS,CMIN-US:NFLX,MS,NFLX,supplier,"8-K 001-35727 10.1 October 26, 2017 10.17 Purchase Agreement, dated as of October 23, 2018 between the Company and Morgan Stanley & Co.",10-K,2020-01-29,2020-01-29T21:03:25.000Z,0001065280-20-000040,form10kq419.htm,0.60,low,0.95,0.570000,0.038182,2020-01-29T21:03:25.000Z,,1,SEC EDGAR,0001065280-20-000040,https://www.sec.gov/Archives/edgar/data/1065280/000106528020000040/form10kq419.htm,deterministic explicit-entity and relation-pattern extraction v2,unique_universe_match,public_at_sec_acceptance,candidate_review_required
f41c9ac50964656bb37fbbedf093e23b7019e0d846196206efdc210a1043e514,CMIN-US:MS,CMIN-US:NFLX,MS,NFLX,supplier,"8-K 001-35727 10.1 October 26, 2018 10.18 Purchase Agreement, dated as of October 23, 2018 between the Company and Morgan Stanley & Co.",10-K,2020-01-29,2020-01-29T21:03:25.000Z,0001065280-20-000040,form10kq419.htm,0.60,low,0.95,0.570000,0.038182,2020-01-29T21:03:25.000Z,,1,SEC EDGAR,0001065280-20-000040,https://www.sec.gov/Archives/edgar/data/1065280/000106528020000040/form10kq419.htm,deterministic explicit-entity and relation-pattern extraction v2,unique_universe_match,public_at_sec_acceptance,candidate_review_required
7af299674adbde08fc62d9c7c6828490d7e2b365ee944f095d05c5cf2259db04,CMIN-US:CMCSA,CMIN-US:NFLX,CMCSA,NFLX,customer,"Through the X1 platform, customers have integrated search functionality, including the use of a voice-activated remote control, personalized recommendations and access to, and integration of, certain third-party internet apps, such as Netflix, Amazon Prime Video and YouTube.",10-K,2020-01-30,2020-01-30T21:41:57.000Z,0001166691-20-000008,cmcsa-12312019x10k.htm,0.60,low,0.95,0.570000,0.038329,2020-01-30T21:41:57.000Z,,1,SEC EDGAR,0001166691-20-000008,https://www.sec.gov/Archives/edgar/data/1166691/000116669120000008/cmcsa-12312019x10k.htm,deterministic explicit-entity and relation-pattern extraction v2,unique_universe_match,public_at_sec_acceptance,candidate_review_required
b693defae8c23b325b928ff8f961a622d16a655912a84006e3454f537385ca93,CMIN-US:CMCSA,CMIN-US:NFLX,CMCSA,NFLX,customer,"Sky Q customers are offered personalized content recommendations and the use of a voice activated remote control, as well as integrated access to content from other providers such as Netflix, Spotify, Vevo and YouTube.",10-K,2020-01-30,2020-01-30T21:41:57.000Z,0001166691-20-000008,cmcsa-12312019x10k.htm,0.60,low,0.95,0.570000,0.038329,2020-01-30T21:41:57.000Z,,1,SEC EDGAR,0001166691-20-000008,https://www.sec.gov/Archives/edgar/data/1166691/000116669120000008/cmcsa-12312019x10k.htm,deterministic explicit-entity and relation-pattern extraction v2,unique_universe_match,public_at_sec_acceptance,candidate_review_required
4c5abd4f0bedcc0f91f866650cfbadb8ee30ed92af9366aa88c1d927795b5aff,CMIN-US:AAPL,CMIN-US:CHTR,AAPL,CHTR,supplier,"Other online video business models and products have also developed, some offered by programmers that have not traditionally sold programming directly to consumers, including, (i) subscription video on demand (“SVOD”) services such as Netflix, Apple TV+, Amazon Prime, Hulu Plus, Disney+, HBO Now, CBS All Access, Starz and Showtime Anytime, (ii) ad-supported free online video products, including YouTube and Pluto TV, some of which offer programming for free to consumers that we currently purchase for a fee, (iii) pay-per-view products, such as iTunes and Amazon Instant, and (iv) additional offerings from mobile providers which continue to integrate and bundle video services and mobile products.",10-K,2020-01-31,2020-01-31T12:08:17.000Z,0001091667-20-000024,chtr12312019-10k.htm,0.60,low,0.95,0.570000,0.038477,2020-01-31T12:08:17.000Z,,1,SEC EDGAR,0001091667-20-000024,https://www.sec.gov/Archives/edgar/data/1091667/000109166720000024/chtr12312019-10k.htm,deterministic explicit-entity and relation-pattern extraction v2,unique_universe_match,public_at_sec_acceptance,candidate_review_required
95de2ead5bfa548f9c0322bae3e79496131983dab17247f994a4801d26fed91c,CMIN-US:CHTR,CMIN-US:VZ,CHTR,VZ,customer,"Through our mobile virtual network operator (“MVNO”) reseller agreement with Verizon Communications Inc. (""Verizon""), we are now able to offer Internet connectivity to our customers beyond the home via our Spectrum Mobile product.",10-K,2020-01-31,2020-01-31T12:08:17.000Z,0001091667-20-000024,chtr12312019-10k.htm,0.60,low,0.95,0.570000,0.038477,2020-01-31T12:08:17.000Z,,1,SEC EDGAR,0001091667-20-000024,https://www.sec.gov/Archives/edgar/data/1091667/000109166720000024/chtr12312019-10k.htm,deterministic explicit-entity and relation-pattern extraction v2,unique_universe_match,public_at_sec_acceptance,candidate_review_required
43da6c2faa6d5c673e2710421e670515b2f9065211a1d77eb00ce72b6a59acb4,CMIN-US:NFLX,CMIN-US:CHTR,NFLX,CHTR,supplier,"Other online video business models and products have also developed, some offered by programmers that have not traditionally sold programming directly to consumers, including, (i) subscription video on demand (“SVOD”) services such as Netflix, Apple TV+, Amazon Prime, Hulu Plus, Disney+, HBO Now, CBS All Access, Starz and Showtime Anytime, (ii) ad-supported free online video products, including YouTube and Pluto TV, some of which offer programming for free to consumers that we currently purchase for a fee, (iii) pay-per-view products, such as iTunes and Amazon Instant, and (iv) additional offerings from mobile providers which continue to integrate and bundle video services and mobile products.",10-K,2020-01-31,2020-01-31T12:08:17.000Z,0001091667-20-000024,chtr12312019-10k.htm,0.60,low,0.95,0.570000,0.038477,2020-01-31T12:08:17.000Z,,1,SEC EDGAR,0001091667-20-000024,https://www.sec.gov/Archives/edgar/data/1091667/000109166720000024/chtr12312019-10k.htm,deterministic explicit-entity and relation-pattern extraction v2,unique_universe_match,public_at_sec_acceptance,candidate_review_required
5f0cc776e7f492ae47d2785a1cb7f3a225ccea2b2dad67ae256daaad07830ebe,CMIN-US:GOOG,CMIN-US:ABBV,GOOG,ABBV,strategic_partner,"In September 2014, AbbVie Inc. (AbbVie) and Calico entered into a research and development collaboration agreement intended to help both companies discover, develop, and bring to market new therapies for patients with age-related diseases, including neurodegeneration and cancer.",10-K,2020-02-04,2020-02-04T02:03:59.000Z,0001652044-20-000008,goog10-k2019.htm,0.60,low,0.95,0.570000,0.039074,2020-02-04T02:03:59.000Z,,0,SEC EDGAR,0001652044-20-000008,https://www.sec.gov/Archives/edgar/data/1652044/000165204420000008/goog10-k2019.htm,deterministic explicit-entity and relation-pattern extraction v2,unique_universe_match,public_at_sec_acceptance,candidate_review_required
69da64bb2d4f9702144ea4f54aa2caed365568703a5033bd7405735c17875021,CMIN-US:GOOG,CMIN-US:ABBV,GOOG,ABBV,strategic_partner,"In the second quarter of 2018, AbbVie and Calico amended the collaboration agreement resulting in an increase in total commitments.",10-K,2020-02-04,2020-02-04T02:03:59.000Z,0001652044-20-000008,goog10-k2019.htm,0.60,low,0.95,0.570000,0.039074,2020-02-04T02:03:59.000Z,,0,SEC EDGAR,0001652044-20-000008,https://www.sec.gov/Archives/edgar/data/1652044/000165204420000008/goog10-k2019.htm,deterministic explicit-entity and relation-pattern extraction v2,unique_universe_match,public_at_sec_acceptance,candidate_review_required
97ab3283315f2cedb5b7a8db837e735c80211c7d0e1df0fa0f7de2873027e05c,CMIN-US:AAPL,CMIN-US:TMUS,AAPL,TMUS,supplier,"See Note 1 – Summary of Significant Accounting Policies of the Notes to the Consolidated Financial Statements for information regarding the impact of our adoption of the new lease standard.31Table of ContentsResults of OperationsHighlights for the year ended December 31, 2019, compared to the same period in 2018•Total revenues of $45.0 billion for the year ended December 31, 2019, increased $1.7 billion, or 4%, primarily driven by growth in Service revenues, partially offset by a decrease in Equipment revenues, as further discussed below.•Service revenues of $34.0 billion for the year ended December 31, 2019, increased $2.0 billion, or 6%, primarily due to growth in our average branded customer base driven by the continued growth in existing and Greenfield markets, including the growing success of new customer segments and rate plans such as Unlimited 55+, Military, Business and Essentials and growth in other connected devices and wearables, specifically the Apple Watch, partially offset by lower postpaid phone and prepaid Average Revenue Per User (“ARPU”).•Equipment revenues of $9.8 billion for the year ended December 31, 2019, decreased $169 million, or 2%, primarily due to a decrease in the number of devices sold, excluding purchased leased devices, and a decrease in lease revenues, partially offset by higher average revenue per device sold, excluding purchased leased devices.•Operating income of $5.7 billion for the year ended December 31, 2019, increased $413 million, or 8%, primarily due to higher Service revenues, partially offset by higher Selling, general and administrative expenses and higher Cost of services.",10-K,2020-02-06,2020-02-06T21:08:16.000Z,0001283699-20-000026,tmus-20191231.htm,0.60,low,0.95,0.570000,0.039376,2020-02-06T21:08:16.000Z,,1,SEC EDGAR,0001283699-20-000026,https://www.sec.gov/Archives/edgar/data/1283699/000128369920000026/tmus-20191231.htm,deterministic explicit-entity and relation-pattern extraction v2,unique_universe_match,public_at_sec_acceptance,candidate_review_required
103259ec090531f2d0b685cb08841d76689b727e3d9be59d59dd37992c997deb,CMIN-US:TMUS,CMIN-US:AAPL,TMUS,AAPL,customer,"For a discussion and analysis of the year ended December 31, 2018, compared to the same period in 2017 please refer to Management’s Discussion and Analysis of Financial Condition and Results of Operations included in Part II, Item 7 of our Annual Report on Form 10-K for the year ended December 31, 2018, filed with the SEC on February 7, 2019.Total revenues increased $1.7 billion, or 4%, as discussed below.Branded postpaid revenues increased $1.8 billion, or 9%, primarily from:•Higher average branded postpaid phone customers, primarily from growth in our customer base driven by the continued growth in existing and Greenfield markets, including the growing success of new customer segments and rate plans such as Unlimited 55+, Military, Business and Essentials; and •Higher average branded postpaid other customers, driven by higher other connected devices and wearables, specifically the Apple Watch; partially offset by•Lower branded postpaid phone ARPU.",10-K,2020-02-06,2020-02-06T21:08:16.000Z,0001283699-20-000026,tmus-20191231.htm,0.60,low,0.95,0.570000,0.039376,2020-02-06T21:08:16.000Z,,1,SEC EDGAR,0001283699-20-000026,https://www.sec.gov/Archives/edgar/data/1283699/000128369920000026/tmus-20191231.htm,deterministic explicit-entity and relation-pattern extraction v2,unique_universe_match,public_at_sec_acceptance,candidate_review_required
ed278d25ce06ea876991db1ca9123aa9099e3f2252908aa13807b15ad5019575,CMIN-US:TMUS,CMIN-US:AAPL,TMUS,AAPL,customer,"We believe branded postpaid customers per account provides management, investors and analysts with useful information to evaluate our branded postpaid customer base.The following table sets forth the branded postpaid customers per account:As of December 31, 2019 Versus 20182018 Versus 2017201920182017# Change% Change# Change% ChangeBranded postpaid customers per account3.13 3.03 2.93 0.10 3 %0.10 3 %Branded postpaid customers per account increased 3% primarily from continued growth of new customer segments and rate plans such as Unlimited 55+, Military, Business and Essentials, promotional activities targeting families and the continued success of other connected devices and wearables, specifically tablets and the Apple Watch.39Table of ContentsStarting with the three months ended March 31, 2020, we plan to report Average Revenue per Postpaid Account or Postpaid ARPA, in addition to our existing ARPU metrics, reflecting the increasing importance of non-phone devices to our customers.",10-K,2020-02-06,2020-02-06T21:08:16.000Z,0001283699-20-000026,tmus-20191231.htm,0.60,low,0.95,0.570000,0.039376,2020-02-06T21:08:16.000Z,,1,SEC EDGAR,0001283699-20-000026,https://www.sec.gov/Archives/edgar/data/1283699/000128369920000026/tmus-20191231.htm,deterministic explicit-entity and relation-pattern extraction v2,unique_universe_match,public_at_sec_acceptance,candidate_review_required
f79b5a74a64eaa759f3a25969c49440f51a285e55d5ab8a0f8e20e6d17b2bc2e,CMIN-US:TMUS,CMIN-US:CCI,TMUS,CCI,strategic_partner,"2, dated as of May 8, 2014, to Master Agreement, dated as of November 2012, among Crown Castle International Corp., and certain T-Mobile and Crown subsidiaries.10-K2/7/201910.3116Table of ContentsIncorporated by ReferenceExhibit No.Exhibit DescriptionFormDate of First FilingExhibit NumberFiled Herein10.4Master Prepaid Lease, dated as of November 30, 2012, by and among T-Mobile USA Tower LLC, T-Mobile West Tower LLC, T-Mobile USA, Inc. and CCTMO LLC.10-Q8/8/201310.3 10.5MPL Site Master Lease Agreement, dated as of November 30, 2012, by and among Cook Inlet/VS GSM IV PCS Holdings, LLC, T-Mobile Central LLC, T-Mobile South LLC, Powertel/Memphis, Inc., Voicestream Pittsburgh, L.P., T-Mobile West LLC, T-Mobile Northeast LLC, Wireless Alliance, LLC, Suncom Wireless Operating Company, L.L.C., T-Mobile USA, Inc. and CCTMO LLC.10-Q8/8/201310.4 10.6First Amendment, dated as of November 30, 2012, to MPL Site Master Lease Agreement, dated as of November 30, 2012, by and among Cook Inlet/VS GSM IV PCS Holdings, LLC, T-Mobile Central LLC, T-Mobile South LLC, Powertel/Memphis, Inc., Voicestream Pittsburgh, L.P., T-Mobile West LLC, T-Mobile Northeast LLC, Wireless Alliance, LLC, Suncom Wireless Operating Company, L.L.C., T-Mobile USA, Inc. and CCTMO LLC.10-Q8/8/201310.5 10.7Second Amendment, dated as of October 31, 2014, to MPL Site Master Lease Agreement, dated as of November 30, 2012, by and among Cook Inlet/VS GSM IV PCS Holdings, LLC, T-Mobile Central LLC, T-Mobile South LLC, Powertel/Memphis, Inc., Voicestream Pittsburgh, L.P., T-Mobile West LLC, T-Mobile Northeast LLC, Suncom Wireless Operating Company, L.L.C., T-Mobile USA, Inc.",10-K,2020-02-06,2020-02-06T21:08:16.000Z,0001283699-20-000026,tmus-20191231.htm,0.60,low,0.95,0.570000,0.039376,2020-02-06T21:08:16.000Z,,0,SEC EDGAR,0001283699-20-000026,https://www.sec.gov/Archives/edgar/data/1283699/000128369920000026/tmus-20191231.htm,deterministic explicit-entity and relation-pattern extraction v2,unique_universe_match,public_at_sec_acceptance,candidate_review_required
7ef92ecac0aac76ea08e4f04b3723b005b944404f7cd078a7ab92674b1791c54,CMIN-US:MS,CMIN-US:EXC,MS,EXC,supplier,"001-31403, Form 8-K dated July 8, 2010, Exhibit 2.1) 10-46 Purchase Agreement, dated March 9, 2015, among Potomac Electric Power Company and BNY Mellon Capital Markets, LLC, Morgan Stanley & Co.",10-K,2020-02-11,2020-02-11T21:02:37.000Z,0001109357-20-000053,exc-20191231x10k.htm,0.60,low,0.95,0.570000,0.040142,2020-02-11T21:02:37.000Z,,1,SEC EDGAR,0001109357-20-000053,https://www.sec.gov/Archives/edgar/data/1109357/000110935720000053/exc-20191231x10k.htm,deterministic explicit-entity and relation-pattern extraction v2,unique_universe_match,public_at_sec_acceptance,candidate_review_required
0e4f05415a674287f71cdd47b5b4bcaf010352484e70aa13e30c53dfc60312c9,CMIN-US:TGT,CMIN-US:ASML,TGT,ASML,supplier,KPI 2017 2018 2019 Target 2025 RBA self-assessment completed (in %) 1 — — 78 % 90 % Suppliers with high risk on sustainability elements evaluated and follow-up agreed (in %) 2 — — 25 % 100 % 1.,20-F,2020-02-12,2020-02-12T11:22:29.000Z,0000937966-20-000011,a2019integratedreportb.htm,0.60,low,0.95,0.570000,0.040297,2020-02-12T11:22:29.000Z,,1,SEC EDGAR,0000937966-20-000011,https://www.sec.gov/Archives/edgar/data/937966/000093796620000011/a2019integratedreportb.htm,deterministic explicit-entity and relation-pattern extraction v2,unique_universe_match,public_at_sec_acceptance,candidate_review_required
68b14dd221691ea28a44c243746957949c67cf643f28e78e1382596215e3f683,CMIN-US:TGT,CMIN-US:ASML,TGT,ASML,supplier,KPI 2017 2018 2019 Target 2025 Renewable electricity (of total electricity purchased) 70.2 % 86.3 % 96.6 % 100.0 % Fossil fuels consumed (in TJ) by location Veldhoven — — 159 Wilton — — 111 Linkou — — — San Diego — — 46 Total — — 316 See scope 1 System energy efficiency NXE:3x00 1 System — NXE:3400B — Throughput — 107 — Measured energy efficiency (kWh / wafer pass) 2 — 10.6 — -60% from 2018 baseline Scope 1 CO 2 emissions (in kton) 3 Gross 19.0 17.5 16.9 Net 19.0 17.5 16.9 0.0 Scope 2 CO 2 emissions (in kton) 3 Gross — — 141.4 Net 27.6 15.4 5.3 0.0 1.,20-F,2020-02-12,2020-02-12T11:22:29.000Z,0000937966-20-000011,a2019integratedreportb.htm,0.60,low,0.95,0.570000,0.040297,2020-02-12T11:22:29.000Z,,1,SEC EDGAR,0000937966-20-000011,https://www.sec.gov/Archives/edgar/data/937966/000093796620000011/a2019integratedreportb.htm,deterministic explicit-entity and relation-pattern extraction v2,unique_universe_match,public_at_sec_acceptance,candidate_review_required
b47638ef6767bd223c8f5923b857db457988ade818fdd3e1bc5a0c2050d1460b,CMIN-US:PEP,CMIN-US:WMT,PEP,WMT,customer,"In 2019 , sales to Walmart Inc. (Walmart) and its affiliates, including Sam’s Club (Sam’s), represented approximately 13% of our consolidated net revenue, with sales reported across all of our divisions.",10-K,2020-02-13,2020-02-13T11:09:23.000Z,0000077476-20-000015,pepsico201910-k.htm,0.97,high,0.95,0.921500,0.065398,2020-02-13T11:09:23.000Z,,1,SEC EDGAR,0000077476-20-000015,https://www.sec.gov/Archives/edgar/data/77476/000007747620000015/pepsico201910-k.htm,deterministic explicit-entity and relation-pattern extraction v2,unique_universe_match,public_at_sec_acceptance,accepted
253c21ae44739045b35ce0acaf4ce01e44252588af7c9aabaf9176f301cfebc5,CMIN-US:PEP,CMIN-US:WMT,PEP,WMT,customer,"Our top five retail customers represented approximately 34% of our 2019 net revenue in North America, with Walmart and its affiliates (including Sam’s) representing approximately 19% .",10-K,2020-02-13,2020-02-13T11:09:23.000Z,0000077476-20-000015,pepsico201910-k.htm,0.60,low,0.95,0.570000,0.040452,2020-02-13T11:09:23.000Z,,1,SEC EDGAR,0000077476-20-000015,https://www.sec.gov/Archives/edgar/data/77476/000007747620000015/pepsico201910-k.htm,deterministic explicit-entity and relation-pattern extraction v2,unique_universe_match,public_at_sec_acceptance,candidate_review_required
e33f495b8d7b823c511483145c415fe277ec1fce1a1f6389daa95ac7b35b4412,CMIN-US:PEP,CMIN-US:WMT,PEP,WMT,customer,"Prior to that, he served as General Manager and Senior Vice President, Customer Management for PepsiCo’s global Walmart business from 2013 to 2016, as Sales Senior Vice President, North American Nutrition from 2011 to 2013 and as Vice President, Sales, Central Division from 2009 to 2011.",10-K,2020-02-13,2020-02-13T11:09:23.000Z,0000077476-20-000015,pepsico201910-k.htm,0.60,low,0.95,0.570000,0.040452,2020-02-13T11:09:23.000Z,,1,SEC EDGAR,0000077476-20-000015,https://www.sec.gov/Archives/edgar/data/77476/000007747620000015/pepsico201910-k.htm,deterministic explicit-entity and relation-pattern extraction v2,unique_universe_match,public_at_sec_acceptance,candidate_review_required
db2997e558861b13ea2f1437d9eea22e339c6d6b33caecbdb9246ad7671fed7b,CMIN-US:PEP,CMIN-US:WMT,PEP,WMT,customer,"82 Table of Contents We are exposed to concentration of credit risk from our major customers, including Walmart.",10-K,2020-02-13,2020-02-13T11:09:23.000Z,0000077476-20-000015,pepsico201910-k.htm,0.92,high,0.95,0.874000,0.062027,2020-02-13T11:09:23.000Z,,1,SEC EDGAR,0000077476-20-000015,https://www.sec.gov/Archives/edgar/data/77476/000007747620000015/pepsico201910-k.htm,deterministic explicit-entity and relation-pattern extraction v2,unique_universe_match,public_at_sec_acceptance,accepted
ceeabd90a5b2277e6934f7d8fcf817f0aff59b6982546d97d814a076b4b5505e,CMIN-US:PEP,CMIN-US:WMT,PEP,WMT,customer,"In 2019 , sales to Walmart and its affiliates (including Sam’s) represented approximately 13 % of our consolidated net revenue, including concentrate sales to our independent bottlers, which were used in finished goods sold by them to Walmart.",10-K,2020-02-13,2020-02-13T11:09:23.000Z,0000077476-20-000015,pepsico201910-k.htm,0.97,high,0.95,0.921500,0.065398,2020-02-13T11:09:23.000Z,,1,SEC EDGAR,0000077476-20-000015,https://www.sec.gov/Archives/edgar/data/77476/000007747620000015/pepsico201910-k.htm,deterministic explicit-entity and relation-pattern extraction v2,unique_universe_match,public_at_sec_acceptance,accepted
1901c60785726a5e2fb2ff243d71c55045290df1951207b57285c0ecf710e882,CMIN-US:MA,CMIN-US:C-PJ,MA,C-PJ,customer,"Region (2007-2009) Executive Vice President, Customer Business Planning and Analysis (2006- 2007) Senior Vice President and Associate General Counsel (2002-2006) Associate, Cleary, Gottlieb, Steen and Hamilton, New York and London Raja Rajamannar Chief Marketing and Communications Officer and President, Healthcare since January 2016 58 Chief Marketing Officer (2013-2015) Executive Vice President-Senior Business and Chief Transformation Officer, Anthem (formerly, WellPoint, Inc.) (2012- 2013) Senior Vice President and Chief Innovation and Marketing Officer, Humana Inc. (2009-2012) Various management positions at Citigroup (1994-2009), including Executive Vice President and Chief Marketing Officer-Citi Global Cards (2008-2009) MASTERCARD 2019 FORM 10-K 33 PART I EXECUTIVE OFFICERS Name Current Position Age Previous Mastercard Experience Previous Business Experience Raj Seshadri President, Data and Services since January 2020 54 President, U.S.",10-K,2020-02-14,2020-02-14T14:29:40.000Z,0001141391-20-000032,ma12312019-10xk.htm,0.60,low,0.95,0.570000,0.040608,2020-02-14T14:29:40.000Z,,1,SEC EDGAR,0001141391-20-000032,https://www.sec.gov/Archives/edgar/data/1141391/000114139120000032/ma12312019-10xk.htm,deterministic explicit-entity and relation-pattern extraction v2,unique_universe_match,public_at_sec_acceptance,candidate_review_required
47e2b33297ecfc1392dd0ed7c8968ed9f1be4c56ddbf0c42803c3b47cba00908,CMIN-US:MA,CMIN-US:V,MA,V,customer,"Inc., Visa International Service Association and Mastercard’s customer banks that are parties thereto (incorporated by reference to Exhibit 10.33 to Amendment No.1 to the Company’s Annual Report on Form 10-K/A filed on November 23, 2011).",10-K,2020-02-14,2020-02-14T14:29:40.000Z,0001141391-20-000032,ma12312019-10xk.htm,0.60,low,0.95,0.570000,0.040608,2020-02-14T14:29:40.000Z,,1,SEC EDGAR,0001141391-20-000032,https://www.sec.gov/Archives/edgar/data/1141391/000114139120000032/ma12312019-10xk.htm,deterministic explicit-entity and relation-pattern extraction v2,unique_universe_match,public_at_sec_acceptance,candidate_review_required
09764a4f6681c2e7a2d90f97cdfabf0301cdb826bb24571a49fa8b659320017f,CMIN-US:MA,CMIN-US:V,MA,V,customer,"10.27.1 Amendment to Omnibus Agreement Regarding Interchange Litigation Judgment Sharing and Settlement Sharing, dated as of August 25, 2014, by and among Mastercard Incorporated, Mastercard International Incorporated, Visa Inc., Visa U.S.A Inc., Visa International Service Association and Mastercard’s customer banks that are parties thereto (incorporated by reference to Exhibit 10.1 to the Company’s Quarterly Report on Form 10-Q filed October 30, 2014 (File No.",10-K,2020-02-14,2020-02-14T14:29:40.000Z,0001141391-20-000032,ma12312019-10xk.htm,0.60,low,0.95,0.570000,0.040608,2020-02-14T14:29:40.000Z,,1,SEC EDGAR,0001141391-20-000032,https://www.sec.gov/Archives/edgar/data/1141391/000114139120000032/ma12312019-10xk.htm,deterministic explicit-entity and relation-pattern extraction v2,unique_universe_match,public_at_sec_acceptance,candidate_review_required
88ee7de33f457b884edecaebf3f0cce399dc5a54a30253d63119e42d5e2db450,CMIN-US:MA,CMIN-US:V,MA,V,customer,"10.27.2 Second Amendment to Omnibus Agreement Regarding Interchange Litigation Judgment Sharing and Settlement Sharing, dated as of October 22, 2015, by and among Mastercard Incorporated, Mastercard International Incorporated, Visa Inc., Visa U.S.A Inc., Visa International Service Association and Mastercard’s customer banks that are parties thereto (incorporated by reference to Exhibit 10.2 to the Company’s Quarterly Report on Form 10-Q filed October 29, 2015 (File No.",10-K,2020-02-14,2020-02-14T14:29:40.000Z,0001141391-20-000032,ma12312019-10xk.htm,0.60,low,0.95,0.570000,0.040608,2020-02-14T14:29:40.000Z,,1,SEC EDGAR,0001141391-20-000032,https://www.sec.gov/Archives/edgar/data/1141391/000114139120000032/ma12312019-10xk.htm,deterministic explicit-entity and relation-pattern extraction v2,unique_universe_match,public_at_sec_acceptance,candidate_review_required
a2bb263f8a6e183f7641bc93bfa4dc6cbf4e5b4f3fda9ff33361b0bbebfb43cc,CMIN-US:MA,CMIN-US:V,MA,V,customer,"Inc. and Visa International Service Association; the Class Plaintiffs defined therein; and the Customer Banks defined therein (incorporated by reference to Exhibit 10.1 to the Company’s Current Report on Form 8-K filed September 18, 2018 (File No.",10-K,2020-02-14,2020-02-14T14:29:40.000Z,0001141391-20-000032,ma12312019-10xk.htm,0.60,low,0.95,0.570000,0.040608,2020-02-14T14:29:40.000Z,,1,SEC EDGAR,0001141391-20-000032,https://www.sec.gov/Archives/edgar/data/1141391/000114139120000032/ma12312019-10xk.htm,deterministic explicit-entity and relation-pattern extraction v2,unique_universe_match,public_at_sec_acceptance,candidate_review_required
83a9ce67219d092e02315021d9b56215b8187d2425098dee85d25c93e0db1fda,CMIN-US:NEE,CMIN-US:SO,NEE,SO,supplier,"GULF POWER On January 1, 2019, NEE completed the acquisition of all of the outstanding common shares of Gulf Power under a stock purchase agreement with The Southern Company dated May 20, 2018, as amended, for approximately $4.44 billion in cash consideration and the assumption of approximately $1.3 billion of Gulf Power debt.",10-K,2020-02-14,2020-02-14T20:24:19.000Z,0000753308-20-000021,nee-12312019x10k.htm,0.60,low,0.95,0.570000,0.040608,2020-02-14T20:24:19.000Z,,1,SEC EDGAR,0000753308-20-000021,https://www.sec.gov/Archives/edgar/data/753308/000075330820000021/nee-12312019x10k.htm,deterministic explicit-entity and relation-pattern extraction v2,unique_universe_match,public_at_sec_acceptance,candidate_review_required
f7208b72519e1912efe527fb8d87eb94d82877ab04a499f1cc1aec4d61529968,CMIN-US:SO,CMIN-US:NEE,SO,NEE,supplier,"Exhibit Number Description NEE FPL *2(a) S tock Purchase Agreement by and among The Southern Company, 700 Universe, LLC and NextEra Energy, Inc. dated as of May 20, 2018 (filed as Exhibit 2(a) to Form 8-K dated May 23, 2018, File No.",10-K,2020-02-14,2020-02-14T20:24:19.000Z,0000753308-20-000021,nee-12312019x10k.htm,0.60,low,0.95,0.570000,0.040608,2020-02-14T20:24:19.000Z,,1,SEC EDGAR,0000753308-20-000021,https://www.sec.gov/Archives/edgar/data/753308/000075330820000021/nee-12312019x10k.htm,deterministic explicit-entity and relation-pattern extraction v2,unique_universe_match,public_at_sec_acceptance,candidate_review_required
83852924f6ecf47a29d3e68a7838b1cca2d60cdddab42dc6503ddc484f1fbfc9,CMIN-US:PFE,CMIN-US:JNJ,PFE,JNJ,supplier,"The notices were based on certain indemnification provisions regarding assumed liabilities in connection with the Stock and Asset Purchase Agreement between Pfizer, Inc. and the Company in 2006.",10-K,2020-02-18,2020-02-18T21:34:21.000Z,0000200406-20-000010,form10-k20191229.htm,0.60,low,0.95,0.570000,0.041239,2020-02-18T21:34:21.000Z,,1,SEC EDGAR,0000200406-20-000010,https://www.sec.gov/Archives/edgar/data/200406/000020040620000010/form10-k20191229.htm,deterministic explicit-entity and relation-pattern extraction v2,unique_universe_match,public_at_sec_acceptance,candidate_review_required
cd855a9f17b38a16e6dbc89ad247aad271eca35d075ee052b326c7426b2f8f94,CMIN-US:BRK-A,CMIN-US:BAC,BRK-A,BAC,supplier,"Montag and Summary of Agreement with respect to Post-Employment Medical Coverage 2 10-K 10(bbb) 2/26/10 1-6523 10.57 Securities Purchase Agreement dated August 25, 2011 between registrant and Berkshire Hathaway Inc. (including forms of the Certificate of Designations, Warrant and Registration Rights Agreement) 8-K 1.1 8/25/11 1-6523 10.58 Form of Waiver of Certain Incremental Payouts from Performance Restricted Stock Units 10-K 10(rr) 2/23/17 1-6523 10.59 Amended and Restated Aircraft Time Sharing Agreement (Multiple Aircraft) dated June 26, 2018 between Bank of America, N.A. and Brian T.",10-K,2020-02-19,2020-02-19T21:18:13.000Z,0000070858-20-000011,bac-1231201910xk.htm,0.60,low,0.95,0.570000,0.041398,2020-02-19T21:18:13.000Z,,1,SEC EDGAR,0000070858-20-000011,https://www.sec.gov/Archives/edgar/data/70858/000007085820000011/bac-1231201910xk.htm,deterministic explicit-entity and relation-pattern extraction v2,unique_universe_match,public_at_sec_acceptance,candidate_review_required
f02b3b48e9cb2c81ecb3611226d5501087922b670d7c593337866b0154f3ab73,CMIN-US:LLY,CMIN-US:PFE,LLY,PFE,strategic_partner,"The following table summarizes our net product revenue recognized with respect to Olumiant: 2019 2018 2017 Olumiant $ 426.9 $ 202.5 $ 45.8 Tanezumab We have a collaboration agreement with Pfizer Inc. (Pfizer) to jointly develop and globally commercialize tanezumab for the treatment of osteoarthritis pain, chronic low back pain and cancer pain.",10-K,2020-02-19,2020-02-19T17:33:26.000Z,0000059478-20-000057,lly-20191231x10xk.htm,0.82,medium,0.95,0.779000,0.056577,2020-02-19T17:33:26.000Z,,0,SEC EDGAR,0000059478-20-000057,https://www.sec.gov/Archives/edgar/data/59478/000005947820000057/lly-20191231x10xk.htm,deterministic explicit-entity and relation-pattern extraction v2,unique_universe_match,public_at_sec_acceptance,accepted
918bc6488120a2e4410de45d110bce4e759b1e450e5a5fb93bd1257962786ef8,CMIN-US:BAC,CMIN-US:T,BAC,T,supplier,"Issued and outstanding in 2019  February issuance of $3,000 of 4.350% global notes due 2029.  February issuance of $2,000 of 4.850% global notes due 2039.  Borrowings of $725 in January and $525 in June that are supported by government agencies to support network equipment purchases.  June draw of $300 on a private financing agreement.  September issuance of €1,000 of 0.25% global notes due 2026, €1,250 of 0.80% global notes due 2030 and €750 of 1.80% global notes due 2039 (when combined, $3,308 at issuance).  September draw of $1,300 on a Bank of America term loan credit agreement.  November draw of $750 on a private financing agreement.  December issuance of $1,265 of 4.250% global notes due 2050.",10-K,2020-02-20,2020-02-20T02:42:50.000Z,0001562762-20-000064,t-20191231.htm,0.60,low,0.95,0.570000,0.041558,2020-02-20T02:42:50.000Z,,1,SEC EDGAR,0001562762-20-000064,https://www.sec.gov/Archives/edgar/data/732717/000156276220000064/t-20191231.htm,deterministic explicit-entity and relation-pattern extraction v2,unique_universe_match,public_at_sec_acceptance,candidate_review_required
9e2cc0d0b763abcb2a300d642ab9d446d748795c7f819a7a87a5d981df49b24a,CMIN-US:CCI,CMIN-US:T,CCI,T,supplier,"TOWER TRANSACTION In December 2013, we closed our transaction with Crown Castle International Corp. (Crown Castle) in which Crown Castle gained the exclusive rights to lease and operate 9,048 wireless towers and purchased 627 of our wireless towers for $ 4,827 in cash.",10-K,2020-02-20,2020-02-20T02:42:50.000Z,0001562762-20-000064,t-20191231.htm,0.60,low,0.95,0.570000,0.041558,2020-02-20T02:42:50.000Z,,1,SEC EDGAR,0001562762-20-000064,https://www.sec.gov/Archives/edgar/data/732717/000156276220000064/t-20191231.htm,deterministic explicit-entity and relation-pattern extraction v2,unique_universe_match,public_at_sec_acceptance,candidate_review_required
9e9a197570be5263a5d85cd0d9985ee21bb0ece75196a675bd0dd404f072b0df,CMIN-US:NEE,CMIN-US:SO,NEE,SO,supplier,"On January 1, 2019, Southern Company completed its sale of Gulf Power to NextEra Energy for an aggregate cash purchase price of approximately $5.8 billion (less $1.3 billion of indebtedness assumed).",10-K,2020-02-20,2020-02-19T22:55:30.000Z,0000092122-20-000017,so10-k12312019.htm,0.60,low,0.95,0.570000,0.041398,2020-02-19T22:55:30.000Z,,1,SEC EDGAR,0000092122-20-000017,https://www.sec.gov/Archives/edgar/data/92122/000009212220000017/so10-k12312019.htm,deterministic explicit-entity and relation-pattern extraction v2,unique_universe_match,public_at_sec_acceptance,candidate_review_required
548c3d2ec5f0d2c765246cd9d5ca1203b6e7fbfa07998c1c2182e7739e4e935a,CMIN-US:NEE,CMIN-US:SO,NEE,SO,supplier,"In conjunction with Southern Company's sale of Gulf Power, NextEra Energy held back $75 million of the purchase price pending Mississippi Power and Gulf Power negotiating a mutually acceptable revised operating agreement for Plant Daniel.",10-K,2020-02-20,2020-02-19T22:55:30.000Z,0000092122-20-000017,so10-k12312019.htm,0.60,low,0.95,0.570000,0.041398,2020-02-19T22:55:30.000Z,,1,SEC EDGAR,0000092122-20-000017,https://www.sec.gov/Archives/edgar/data/92122/000009212220000017/so10-k12312019.htm,deterministic explicit-entity and relation-pattern extraction v2,unique_universe_match,public_at_sec_acceptance,candidate_review_required
a031c71ec4c544668deb14b0f524d17ce79b38407da9d279d8fcc48098966915,CMIN-US:NEE,CMIN-US:SO,NEE,SO,supplier,"II-16 Table of Contents Index to Financial Statements COMBINED MANAGEMENT'S DISCUSSION AND ANALYSIS (continued) Southern Company and Subsidiary Companies 2019 Annual Report Recent Developments Southern Company On January 1, 2019, Southern Company completed the sale of Gulf Power to NextEra Energy for an aggregate cash purchase price of approximately $5.8 billion (less $1.3 billion of indebtedness assumed), including the final working capital adjustments.",10-K,2020-02-20,2020-02-19T22:55:30.000Z,0000092122-20-000017,so10-k12312019.htm,0.60,low,0.95,0.570000,0.041398,2020-02-19T22:55:30.000Z,,1,SEC EDGAR,0000092122-20-000017,https://www.sec.gov/Archives/edgar/data/92122/000009212220000017/so10-k12312019.htm,deterministic explicit-entity and relation-pattern extraction v2,unique_universe_match,public_at_sec_acceptance,candidate_review_required
b1761b1d85c152bdb096a42b378d366768f4db6f53ad4f6c42b081f9520b44da,CMIN-US:NEE,CMIN-US:SO,NEE,SO,supplier,"Southern Company On January 1, 2019, Southern Company completed the sale of Gulf Power to NextEra Energy for an aggregate cash purchase price of approximately $5.8 billion (less $1.3 billion of indebtedness assumed), including the final working capital adjustments.",10-K,2020-02-20,2020-02-19T22:55:30.000Z,0000092122-20-000017,so10-k12312019.htm,0.60,low,0.95,0.570000,0.041398,2020-02-19T22:55:30.000Z,,1,SEC EDGAR,0000092122-20-000017,https://www.sec.gov/Archives/edgar/data/92122/000009212220000017/so10-k12312019.htm,deterministic explicit-entity and relation-pattern extraction v2,unique_universe_match,public_at_sec_acceptance,candidate_review_required
6df108a680acbb5009da10a8daff84606496b1dca9eaa2b8c203781062bc5979,CMIN-US:NEE,CMIN-US:SO,NEE,SO,supplier,"Mississippi Power In conjunction with Southern Company's sale of Gulf Power, NextEra Energy held back $75 million of the purchase price pending Mississippi Power and Gulf Power negotiating a mutually acceptable revised operating agreement for Plant Daniel.",10-K,2020-02-20,2020-02-19T22:55:30.000Z,0000092122-20-000017,so10-k12312019.htm,0.60,low,0.95,0.570000,0.041398,2020-02-19T22:55:30.000Z,,1,SEC EDGAR,0000092122-20-000017,https://www.sec.gov/Archives/edgar/data/92122/000009212220000017/so10-k12312019.htm,deterministic explicit-entity and relation-pattern extraction v2,unique_universe_match,public_at_sec_acceptance,candidate_review_required
db91de98de1fc09292b48b0b516afa79b606c49c48255fe5a23bec216237f1ac,CMIN-US:NEE,CMIN-US:SO,NEE,SO,supplier,"In conjunction with Southern Company's sale of Gulf Power, NextEra Energy held back $ 75 million of the purchase price pending Mississippi Power and Gulf Power negotiating a mutually acceptable revised operating agreement for Plant Daniel.",10-K,2020-02-20,2020-02-19T22:55:30.000Z,0000092122-20-000017,so10-k12312019.htm,0.60,low,0.95,0.570000,0.041398,2020-02-19T22:55:30.000Z,,1,SEC EDGAR,0000092122-20-000017,https://www.sec.gov/Archives/edgar/data/92122/000009212220000017/so10-k12312019.htm,deterministic explicit-entity and relation-pattern extraction v2,unique_universe_match,public_at_sec_acceptance,candidate_review_required
097375496b9121e1407416ebd374f4d309b85b04220b0bd9fa70a4c62b442941,CMIN-US:NEE,CMIN-US:SO,NEE,SO,supplier,"ACQUISITIONS AND DISPOSITIONS Southern Company On January 1, 2019, Southern Company completed the sale of all of the capital stock of Gulf Power to 700 Universe, LLC, a wholly-owned subsidiary of NextEra Energy, for an aggregate cash purchase price of approximately $ 5.8 billion (less $ 1.3 billion of indebtedness assumed), including the final working capital adjustments.",10-K,2020-02-20,2020-02-19T22:55:30.000Z,0000092122-20-000017,so10-k12312019.htm,0.60,low,0.95,0.570000,0.041398,2020-02-19T22:55:30.000Z,,1,SEC EDGAR,0000092122-20-000017,https://www.sec.gov/Archives/edgar/data/92122/000009212220000017/so10-k12312019.htm,deterministic explicit-entity and relation-pattern extraction v2,unique_universe_match,public_at_sec_acceptance,candidate_review_required
f996b406c48f86928378f2f55809d889ca4ee2557b5afb4d6e995004b5b731d9,CMIN-US:NEE,CMIN-US:SO,NEE,SO,supplier,"Sale of Florida City Gas In July 2018, Southern Company Gas and its wholly-owned direct subsidiary, NUI Corporation, completed the stock sale of Pivotal Utility Holdings, which primarily consisted of Florida City Gas, to NextEra Energy for a total cash purchase price of $ 587 million , which includes the final working capital adjustment.",10-K,2020-02-20,2020-02-19T22:55:30.000Z,0000092122-20-000017,so10-k12312019.htm,0.60,low,0.95,0.570000,0.041398,2020-02-19T22:55:30.000Z,,1,SEC EDGAR,0000092122-20-000017,https://www.sec.gov/Archives/edgar/data/92122/000009212220000017/so10-k12312019.htm,deterministic explicit-entity and relation-pattern extraction v2,unique_universe_match,public_at_sec_acceptance,candidate_review_required
3753f1b012712eedc377ba6a79802729b74b455d056af911a7ced23909759d9a,CMIN-US:NEE,CMIN-US:SO,NEE,SO,supplier,"1-3526, as Exhibit 2.1.) (a) 2 — Stock Purchase Agreement, dated as of May 20, 2018, by and among Southern Company, 700 Universe, LLC, and NextEra Energy and Amendment No.",10-K,2020-02-20,2020-02-19T22:55:30.000Z,0000092122-20-000017,so10-k12312019.htm,0.60,low,0.95,0.570000,0.041398,2020-02-19T22:55:30.000Z,,1,SEC EDGAR,0000092122-20-000017,https://www.sec.gov/Archives/edgar/data/92122/000009212220000017/so10-k12312019.htm,deterministic explicit-entity and relation-pattern extraction v2,unique_universe_match,public_at_sec_acceptance,candidate_review_required
e99fa8a56c1151eec465ef9a9023aca84adc23fe534b4babd74329db356f8c4e,CMIN-US:NEE,CMIN-US:SO,NEE,SO,supplier,"1-3526, as Exhibit 2(a)3. ) (a) 3 — Stock Purchase Agreement, dated as of May 20, 2018, by and among Southern Company Gas, NUI Corporation, 700 Universe, LLC, and NextEra Energy. (Designated in Form 8-K dated May 23, 2018, File No.",10-K,2020-02-20,2020-02-19T22:55:30.000Z,0000092122-20-000017,so10-k12312019.htm,0.60,low,0.95,0.570000,0.041398,2020-02-19T22:55:30.000Z,,1,SEC EDGAR,0000092122-20-000017,https://www.sec.gov/Archives/edgar/data/92122/000009212220000017/so10-k12312019.htm,deterministic explicit-entity and relation-pattern extraction v2,unique_universe_match,public_at_sec_acceptance,candidate_review_required
785763751d2ebac08297c277dff9442fb6235878f58cd5d5a2e98105a440fc6d,CMIN-US:NEE,CMIN-US:SO,NEE,SO,supplier,"1-3526, as Exhibit 2(a)2.) (a) 4 — Equity Interest Purchase Agreement, dated as of May 20, 2018, by and among Southern Power Company, 700 Universe, LLC, and NextEra Energy. (Designated in Form 8-K dated May 23, 2018, File No.",10-K,2020-02-20,2020-02-19T22:55:30.000Z,0000092122-20-000017,so10-k12312019.htm,0.60,low,0.95,0.570000,0.041398,2020-02-19T22:55:30.000Z,,1,SEC EDGAR,0000092122-20-000017,https://www.sec.gov/Archives/edgar/data/92122/000009212220000017/so10-k12312019.htm,deterministic explicit-entity and relation-pattern extraction v2,unique_universe_match,public_at_sec_acceptance,candidate_review_required
98530bec8b38cd7262490094c4752d6db90f6526396e8659537dd22b2c663fba,CMIN-US:NEE,CMIN-US:SO,NEE,SO,supplier,"1-3526, as Exhibit 2(a)3.) Southern Power (e) 1 — Equity Interest Purchase Agreement, dated as of May 20, 2018, by and among Southern Power Company, 700 Universe, LLC, and NextEra Energy.",10-K,2020-02-20,2020-02-19T22:55:30.000Z,0000092122-20-000017,so10-k12312019.htm,0.60,low,0.95,0.570000,0.041398,2020-02-19T22:55:30.000Z,,1,SEC EDGAR,0000092122-20-000017,https://www.sec.gov/Archives/edgar/data/92122/000009212220000017/so10-k12312019.htm,deterministic explicit-entity and relation-pattern extraction v2,unique_universe_match,public_at_sec_acceptance,candidate_review_required
eb5b53ddac2c92a23ddf0ae4d2f61b33641e2d16ced4c3c6ccf876909aee8517,CMIN-US:NVDA,CMIN-US:AVGO,NVDA,AVGO,supplier,"Our current competitors include: • suppliers and licensors designing discrete and integrated GPUs and other accelerated computing solutions, including chipsets that incorporate 3D graphics, or HPC, such as Advanced Micro Devices, or AMD, Intel Corporation, or Intel, and Xilinx, Inc.; • large internet services companies with internal teams designing chips that incorporates HPC or accelerated computing functionality as part of their internal solutions or platforms, such as Alphabet Inc.; and • suppliers of SoC products that are embedded into automobiles, autonomous machines, and gaming devices, such as Ambarella, Inc., AMD, Broadcom Inc., Intel, Qualcomm Incorporated, Renesas Electronics Corporation, Samsung, and Xilinx, Inc. or companies with internal teams designing SoC products for internal use, such as Tesla Motors.",10-K,2020-02-20,2020-02-20T21:38:18.000Z,0001045810-20-000010,nvda-2020x10k.htm,0.60,low,0.95,0.570000,0.041558,2020-02-20T21:38:18.000Z,,1,SEC EDGAR,0001045810-20-000010,https://www.sec.gov/Archives/edgar/data/1045810/000104581020000010/nvda-2020x10k.htm,deterministic explicit-entity and relation-pattern extraction v2,unique_universe_match,public_at_sec_acceptance,candidate_review_required
5ca3fb915aa0dc19f13c6840712a7cad47a7ee43180143c0cb4411fe15501bc5,CMIN-US:NVDA,CMIN-US:GOOG,NVDA,GOOG,supplier,"Our current competitors include: • suppliers and licensors designing discrete and integrated GPUs and other accelerated computing solutions, including chipsets that incorporate 3D graphics, or HPC, such as Advanced Micro Devices, or AMD, Intel Corporation, or Intel, and Xilinx, Inc.; • large internet services companies with internal teams designing chips that incorporates HPC or accelerated computing functionality as part of their internal solutions or platforms, such as Alphabet Inc.; and • suppliers of SoC products that are embedded into automobiles, autonomous machines, and gaming devices, such as Ambarella, Inc., AMD, Broadcom Inc., Intel, Qualcomm Incorporated, Renesas Electronics Corporation, Samsung, and Xilinx, Inc. or companies with internal teams designing SoC products for internal use, such as Tesla Motors.",10-K,2020-02-20,2020-02-20T21:38:18.000Z,0001045810-20-000010,nvda-2020x10k.htm,0.60,low,0.95,0.570000,0.041558,2020-02-20T21:38:18.000Z,,1,SEC EDGAR,0001045810-20-000010,https://www.sec.gov/Archives/edgar/data/1045810/000104581020000010/nvda-2020x10k.htm,deterministic explicit-entity and relation-pattern extraction v2,unique_universe_match,public_at_sec_acceptance,candidate_review_required
a1ab1b1def33c8b612ad869de45df070c85acafd5c6a4d9b559e5cc6bfe8dcc7,CMIN-US:NVDA,CMIN-US:MSFT,NVDA,MSFT,supplier,"Under the agreement, if an individual or corporation makes an offer to purchase shares equal to or greater than 30% of the outstanding shares of our common stock, Microsoft may have first and last rights of refusal to purchase the stock.",10-K,2020-02-20,2020-02-20T21:38:18.000Z,0001045810-20-000010,nvda-2020x10k.htm,0.60,low,0.95,0.570000,0.041558,2020-02-20T21:38:18.000Z,,1,SEC EDGAR,0001045810-20-000010,https://www.sec.gov/Archives/edgar/data/1045810/000104581020000010/nvda-2020x10k.htm,deterministic explicit-entity and relation-pattern extraction v2,unique_universe_match,public_at_sec_acceptance,candidate_review_required
a24dca843621983f17975eb7a8f702fd56ce4d1f50e35a7164dd6d3b07a0c5c3,CMIN-US:NVDA,CMIN-US:TSLA,NVDA,TSLA,supplier,"Our current competitors include: • suppliers and licensors designing discrete and integrated GPUs and other accelerated computing solutions, including chipsets that incorporate 3D graphics, or HPC, such as Advanced Micro Devices, or AMD, Intel Corporation, or Intel, and Xilinx, Inc.; • large internet services companies with internal teams designing chips that incorporates HPC or accelerated computing functionality as part of their internal solutions or platforms, such as Alphabet Inc.; and • suppliers of SoC products that are embedded into automobiles, autonomous machines, and gaming devices, such as Ambarella, Inc., AMD, Broadcom Inc., Intel, Qualcomm Incorporated, Renesas Electronics Corporation, Samsung, and Xilinx, Inc. or companies with internal teams designing SoC products for internal use, such as Tesla Motors.",10-K,2020-02-20,2020-02-20T21:38:18.000Z,0001045810-20-000010,nvda-2020x10k.htm,0.60,low,0.95,0.570000,0.041558,2020-02-20T21:38:18.000Z,,1,SEC EDGAR,0001045810-20-000010,https://www.sec.gov/Archives/edgar/data/1045810/000104581020000010/nvda-2020x10k.htm,deterministic explicit-entity and relation-pattern extraction v2,unique_universe_match,public_at_sec_acceptance,candidate_review_required
eb99d7c6067136b9e5f19797092ae29392be0b99e1a615ed9756158cb27db507,CMIN-US:SO,CMIN-US:CVX,SO,CVX,customer,"Titles to Property The traditional electric operating companies', Southern Power's, and SEGCO's interests in the principal plants and other important units of the respective companies are owned in fee by such companies, subject to the following major encumbrances: (1) liens pursuant to the assumption of debt obligations by Mississippi Power in connection with the acquisition of Plant Daniel Units 3 and 4, (2) a leasehold interest granted by Mississippi Power's largest retail customer, Chevron Products Company (Chevron), at the Chevron refinery, on which five combustion turbines of Mississippi Power are located, (3) liens pursuant to agreements with Chevron on Mississippi Power's co-generation assets located at the Chevron refinery, and (4) liens associated with Georgia Power's reimbursement obligations to the DOE under its loan guarantee, which are secured by a first priority lien on (a) Georgia Power's 45.7% undivided ownership interest in Plant Vogtle Units 3 and 4 and (b) Georgia Power's rights and obligations under the principal contracts relating to Plant Vogtle Units 3 and 4.",10-K,2020-02-20,2020-02-19T22:55:30.000Z,0000092122-20-000017,so10-k12312019.htm,0.60,low,0.95,0.570000,0.041398,2020-02-19T22:55:30.000Z,,1,SEC EDGAR,0000092122-20-000017,https://www.sec.gov/Archives/edgar/data/92122/000009212220000017/so10-k12312019.htm,deterministic explicit-entity and relation-pattern extraction v2,unique_universe_match,public_at_sec_acceptance,candidate_review_required
7aa063e78eb883e226ea04c6e269f59f5db098d4e286e139f9302d57538090fc,CMIN-US:SO,CMIN-US:CVX,SO,CVX,customer,"Mississippi Power and its largest retail customer, Chevron, have agreements under which Mississippi Power continues to provide retail service to the Chevron refinery in Pascagoula, Mississippi through 2038.",10-K,2020-02-20,2020-02-19T22:55:30.000Z,0000092122-20-000017,so10-k12312019.htm,0.60,low,0.95,0.570000,0.041398,2020-02-19T22:55:30.000Z,,1,SEC EDGAR,0000092122-20-000017,https://www.sec.gov/Archives/edgar/data/92122/000009212220000017/so10-k12312019.htm,deterministic explicit-entity and relation-pattern extraction v2,unique_universe_match,public_at_sec_acceptance,candidate_review_required
79f948f5617c32c240a5e7ad6e5fb93b888871eea284f31a2872f22422b3d25d,CMIN-US:SO,CMIN-US:CVX,SO,CVX,customer,"Assets Subject to Lien In October 2018, the Mississippi PSC approved executed agreements between Mississippi Power and its largest retail customer, Chevron Products Company (Chevron), for Mississippi Power to continue providing retail service to the Chevron refinery in Pascagoula, Mississippi through 2038.",10-K,2020-02-20,2020-02-19T22:55:30.000Z,0000092122-20-000017,so10-k12312019.htm,0.60,low,0.95,0.570000,0.041398,2020-02-19T22:55:30.000Z,,1,SEC EDGAR,0000092122-20-000017,https://www.sec.gov/Archives/edgar/data/92122/000009212220000017/so10-k12312019.htm,deterministic explicit-entity and relation-pattern extraction v2,unique_universe_match,public_at_sec_acceptance,candidate_review_required
15b471d42231c3021c1c21347ba68f24eaa391eacf03eff5dea8493366833a44,CMIN-US:SO,CMIN-US:DUK,SO,DUK,customer,"The following table shows the percentage of total revenues for Southern Power's top three customers for each of the years presented: 2019 2018 2017 Georgia Power 9.0 % 9.8 % 11.3 % Duke Energy Corporation N/A 6.8 % 6.7 % Southern California Edison 6.8 % 6.2 % N/A Morgan Stanley Capital Group 4.9 % N/A 4.5 % On January 29, 2019, Pacific Gas & Electric Company (PG&E) filed petitions to reorganize under Chapter 11 of the U.S.",10-K,2020-02-20,2020-02-19T22:55:30.000Z,0000092122-20-000017,so10-k12312019.htm,0.60,low,0.95,0.570000,0.041398,2020-02-19T22:55:30.000Z,,1,SEC EDGAR,0000092122-20-000017,https://www.sec.gov/Archives/edgar/data/92122/000009212220000017/so10-k12312019.htm,deterministic explicit-entity and relation-pattern extraction v2,unique_universe_match,public_at_sec_acceptance,candidate_review_required
06425d269705f752af2010c26e169090cb9b4d164c8e0bdc9857e39dae6833f7,CMIN-US:SO,CMIN-US:MS,SO,MS,customer,"Southern Power's top three customers, Georgia Power, Southern California Edison, and Morgan Stanley Capital Group accounted for 9.0%, 6.8%, and 4.9%, respectively, of Southern Power's total revenues for the year ended December 31, 2019 .",10-K,2020-02-20,2020-02-19T22:55:30.000Z,0000092122-20-000017,so10-k12312019.htm,0.60,low,0.95,0.570000,0.041398,2020-02-19T22:55:30.000Z,,1,SEC EDGAR,0000092122-20-000017,https://www.sec.gov/Archives/edgar/data/92122/000009212220000017/so10-k12312019.htm,deterministic explicit-entity and relation-pattern extraction v2,unique_universe_match,public_at_sec_acceptance,candidate_review_required
86bda1b2c8ee2d38032cb01f5098ffd37ff6ed4afca5614582156cd073b1990d,CMIN-US:SO,CMIN-US:MS,SO,MS,customer,"The following table shows the percentage of total revenues for Southern Power's top three customers for each of the years presented: 2019 2018 2017 Georgia Power 9.0 % 9.8 % 11.3 % Duke Energy Corporation N/A 6.8 % 6.7 % Southern California Edison 6.8 % 6.2 % N/A Morgan Stanley Capital Group 4.9 % N/A 4.5 % On January 29, 2019, Pacific Gas & Electric Company (PG&E) filed petitions to reorganize under Chapter 11 of the U.S.",10-K,2020-02-20,2020-02-19T22:55:30.000Z,0000092122-20-000017,so10-k12312019.htm,0.60,low,0.95,0.570000,0.041398,2020-02-19T22:55:30.000Z,,1,SEC EDGAR,0000092122-20-000017,https://www.sec.gov/Archives/edgar/data/92122/000009212220000017/so10-k12312019.htm,deterministic explicit-entity and relation-pattern extraction v2,unique_universe_match,public_at_sec_acceptance,candidate_review_required
3f28e16c937d5f849ff4149325a5aa0b51ec20e63e4b149734868c149551c4a2,CMIN-US:TSM,CMIN-US:NVDA,TSM,NVDA,supplier,"We utilize industry-leading suppliers, such as Taiwan Semiconductor Manufacturing Company Limited and Samsung Electronics Co.",10-K,2020-02-20,2020-02-20T21:38:18.000Z,0001045810-20-000010,nvda-2020x10k.htm,0.96,high,0.95,0.912000,0.066492,2020-02-20T21:38:18.000Z,,1,SEC EDGAR,0001045810-20-000010,https://www.sec.gov/Archives/edgar/data/1045810/000104581020000010/nvda-2020x10k.htm,deterministic explicit-entity and relation-pattern extraction v2,unique_universe_match,public_at_sec_acceptance,accepted
f9b43fc0f2a8c400dc626af3708a7355f5aa76286bd71088fbb17360620d4d2e,CMIN-US:TSM,CMIN-US:NVDA,TSM,NVDA,supplier,"Instead, we are dependent on industry-leading foundries, such as Taiwan Semiconductor Manufacturing Company Limited and Samsung Electronics Co.",10-K,2020-02-20,2020-02-20T21:38:18.000Z,0001045810-20-000010,nvda-2020x10k.htm,0.96,high,0.95,0.912000,0.066492,2020-02-20T21:38:18.000Z,,1,SEC EDGAR,0001045810-20-000010,https://www.sec.gov/Archives/edgar/data/1045810/000104581020000010/nvda-2020x10k.htm,deterministic explicit-entity and relation-pattern extraction v2,unique_universe_match,public_at_sec_acceptance,accepted
12681e8cf3b6faf6e7de1d9f069024c188eadae44b122e2d26f6d5c3ce6073b1,CMIN-US:UPS,CMIN-US:AMZN,UPS,AMZN,customer,"For the year ended December 31, 2019, one customer, Amazon.com, Inc. and its affiliates, represented approximately 11.6% of our consolidated revenues, substantially all of which was within our U.S.",10-K,2020-02-20,2020-02-20T22:05:25.000Z,0001090727-20-000005,ups-12312019x10k.htm,0.60,low,0.95,0.570000,0.041558,2020-02-20T22:05:25.000Z,,1,SEC EDGAR,0001090727-20-000005,https://www.sec.gov/Archives/edgar/data/1090727/000109072720000005/ups-12312019x10k.htm,deterministic explicit-entity and relation-pattern extraction v2,unique_universe_match,public_at_sec_acceptance,candidate_review_required
fa35af43c9f71adaa358afbf266ccb2073f2261017f9e6301a8e9f8ba618b48e,CMIN-US:XEL,CMIN-US:SO,XEL,SO,supplier,"Alabama Power, Georgia Power, and Mississippi Power as of January 1, 2019 Triton Triton Container Investments, LLC, an investment of Southern Company Gas through May 29, 2019 VCM Vogtle Construction Monitoring v Table of Contents Index to Financial Statements DEFINITIONS (continued) Term Meaning VIE Variable interest entity Virginia Commission Virginia State Corporation Commission Virginia Natural Gas Virginia Natural Gas, Inc., a wholly-owned subsidiary of Southern Company Gas Vogtle 3 and 4 Agreement Agreement entered into with the EPC Contractor in 2008 by Georgia Power, acting for itself and as agent for the Vogtle Owners, and rejected in bankruptcy in July 2017, pursuant to which the EPC Contractor agreed to design, engineer, procure, construct, and test Plant Vogtle Units 3 and 4 Vogtle Owners Georgia Power, Oglethorpe Power Corporation, MEAG Power, and Dalton Vogtle Services Agreement The June 2017 services agreement between the Vogtle Owners and the EPC Contractor, as amended and restated in July 2017, for the EPC Contractor to transition construction management of Plant Vogtle Units 3 and 4 to Southern Nuclear and to provide ongoing design, engineering, and procurement services to Southern Nuclear WACOG Weighted average cost of gas Westinghouse Westinghouse Electric Company LLC Xcel Xcel Energy Inc. vi Table of Contents Index to Financial Statements CAUTIONARY STATEMENT REGARDING FORWARD-LOOKING INFORMATION This Annual Report on Form 10-K contains forward-looking statements.",10-K,2020-02-20,2020-02-19T22:55:30.000Z,0000092122-20-000017,so10-k12312019.htm,0.60,low,0.95,0.570000,0.041398,2020-02-19T22:55:30.000Z,,1,SEC EDGAR,0000092122-20-000017,https://www.sec.gov/Archives/edgar/data/92122/000009212220000017/so10-k12312019.htm,deterministic explicit-entity and relation-pattern extraction v2,unique_universe_match,public_at_sec_acceptance,candidate_review_required
c33c7433cb80460ae6c6d06e8ec65bdba4dab7c3de1720e597f1602c22ec5874,CMIN-US:ABBV,CMIN-US:ABT,ABBV,ABT,supplier,"AbbVie generally will be liable for all other taxes attributable to its business. ​ 57 Abbott Laboratories and Subsidiaries Notes to Consolidated Financial Statements (Continued) Note 4 — Discontinued Operations and Business Dispositions (Continued) In September 2016, Abbott announced that it entered into a definitive agreement to sell Abbott Medical Optics (AMO), its vision care business, to Johnson & Johnson for $ 4.325 billion in cash, subject to customary purchase price adjustments for cash, debt and working capital.",10-K,2020-02-21,2020-02-21T21:28:23.000Z,0001104659-20-023904,abt-20191231x10k59d41b.htm,0.60,low,0.95,0.570000,0.041718,2020-02-21T21:28:23.000Z,,1,SEC EDGAR,0001104659-20-023904,https://www.sec.gov/Archives/edgar/data/1800/000110465920023904/abt-20191231x10k59d41b.htm,deterministic explicit-entity and relation-pattern extraction v2,unique_universe_match,public_at_sec_acceptance,candidate_review_required
b334bbed43c643c700e7303688805c8eb86a3ae00255109950f60fbb1c2a3700,CMIN-US:BAC,CMIN-US:DHR,BAC,DHR,supplier,"Borrowings under the Five-Year Facility bear interest as follows: (1) Eurocurrency Rate Committed Loans (as defined in the Five-Year Facility) bear interest at a variable rate equal to the London inter-bank offered rate plus a margin of between 58.5 and 100 basis points, depending on Danaher’s long-term debt credit rating; (2) Base Rate Committed Loans and Swing Line Loans (each as defined in the Five-Year Facility) bear interest at a variable rate equal to the highest of (a) the Federal funds rate (as published by the Federal Reserve Bank of New York from time to time) plus 50 basis points; (b) Bank of America’s “prime rate” as publicly announced from time to time and (c) the Eurocurrency Rate (as defined in the Five-Year Facility) plus 100 basis points; and (3) Bid Loans (as defined in the Five-Year Facility) bear interest at the rate bid by the particular lender providing such loan.",10-K,2020-02-21,2020-02-21T12:32:05.000Z,0000313616-20-000041,dhr-20191231x10xk.htm,0.60,low,0.95,0.570000,0.041718,2020-02-21T12:32:05.000Z,,1,SEC EDGAR,0000313616-20-000041,https://www.sec.gov/Archives/edgar/data/313616/000031361620000041/dhr-20191231x10xk.htm,deterministic explicit-entity and relation-pattern extraction v2,unique_universe_match,public_at_sec_acceptance,candidate_review_required
b6f0ed7950a80469303763abbd2b84a40c31572bb070989de44f328bf050b9db,CMIN-US:BAC,CMIN-US:DHR,BAC,DHR,supplier,"Borrowings under the 364-Day Facility bear interest as follows: (1) Eurodollar Rate Loans (as defined in the 364-Day Facility) bear interest at a variable rate per annum equal to the London inter-bank offered rate plus a margin of between 59.5 and 100.5 basis points, depending on Danaher’s long-term debt credit rating; and (2) Base Rate Loans (as defined in the 364-Day Facility) bear interest at a variable rate per annum equal to the highest of (a) the Federal funds rate (as published by the Federal Reserve Bank of New York from time to time) plus 50 basis points, (b) Bank of America’s “prime rate” as publicly announced from time to time and (c) the Eurodollar Rate (as defined in the 364-Day Facility) plus 100 basis points, plus in each case a margin of up to 0.5 basis points depending on Danaher’s long-term debt credit rating.",10-K,2020-02-21,2020-02-21T12:32:05.000Z,0000313616-20-000041,dhr-20191231x10xk.htm,0.60,low,0.95,0.570000,0.041718,2020-02-21T12:32:05.000Z,,1,SEC EDGAR,0000313616-20-000041,https://www.sec.gov/Archives/edgar/data/313616/000031361620000041/dhr-20191231x10xk.htm,deterministic explicit-entity and relation-pattern extraction v2,unique_universe_match,public_at_sec_acceptance,candidate_review_required
908eef59cae7896bc066a232564f6fdd99be592cdcc69302d656bbc93b0834a6,CMIN-US:DHR,CMIN-US:GE,DHR,GE,supplier,"On February 25, 2019, the Company entered into an Equity and Asset Purchase Agreement (the “GE Biopharma Purchase Agreement”) with General Electric Company (“GE”) to acquire the Biopharma Business of GE Life Sciences (the “GE Biopharma Business”) for a cash purchase price of approximately $21.0 billion, subject to certain adjustments, and the 3 assumption of approximately $0.4 billion of pension liabilities (the “GE Biopharma Acquisition”).",10-K,2020-02-21,2020-02-21T12:32:05.000Z,0000313616-20-000041,dhr-20191231x10xk.htm,0.60,low,0.95,0.570000,0.041718,2020-02-21T12:32:05.000Z,,1,SEC EDGAR,0000313616-20-000041,https://www.sec.gov/Archives/edgar/data/313616/000031361620000041/dhr-20191231x10xk.htm,deterministic explicit-entity and relation-pattern extraction v2,unique_universe_match,public_at_sec_acceptance,candidate_review_required
6eea6c58ac3542207a9fa189bb5b021ef98a03eea2090e317b34a9d97ce715aa,CMIN-US:EQIX,CMIN-US:DLR,EQIX,DLR,supplier,"10-Q 9/30/2014 10.67 10.19 Share Purchase Agreement with Digital Realty Trust, L.P., relating to the sale and purchase of shares in TelecityGroup UK LON Limited, Telecity Netherlands AMS01 AMS04 BV, Equinix Real Estate (TCY AMS04) B.V. and TelecityGroup Germany Fra2 GmbH, dated May 14, 2016.",10-K,2020-02-21,2020-02-21T19:57:43.000Z,0001628280-20-001947,eqix2019123110k.htm,0.60,low,0.95,0.570000,0.041718,2020-02-21T19:57:43.000Z,,1,SEC EDGAR,0001628280-20-001947,https://www.sec.gov/Archives/edgar/data/1101239/000162828020001947/eqix2019123110k.htm,deterministic explicit-entity and relation-pattern extraction v2,unique_universe_match,public_at_sec_acceptance,candidate_review_required
0c24994bf88514cc356812ed925d5e0927dc823c57f6075be72681338f4be051,CMIN-US:HD,CMIN-US:C-PJ,HD,C-PJ,supplier,"204 Intangible Assets The components of intangible assets were as follows: December 31, 2019 December 31, 2018 In millions of dollars Gross carrying amount Accumulated amortization Net carrying amount Gross carrying amount Accumulated amortization Net carrying amount Purchased credit card relationships $ 5,676 $ 4,059 $ 1,617 $ 5,733 $ 3,936 $ 1,797 Credit card contract-related intangibles (1) 5,393 3,069 2,324 5,225 2,791 2,434 Core deposit intangibles 434 433 1 419 415 4 Other customer relationships 424 275 149 470 299 171 Present value of future profits 34 31 3 32 29 3 Indefinite-lived intangible assets 228 — 228 218 — 218 Other 82 77 5 84 75 9 Intangible assets (excluding MSRs) $ 12,271 $ 7,944 $ 4,327 $ 12,181 $ 7,545 $ 4,636 Mortgage servicing rights (MSRs) (2) 495 — 495 584 — 584 Total intangible assets $ 12,766 $ 7,944 $ 4,822 $ 12,765 $ 7,545 $ 5,220 (1) Primarily reflects contract-related intangibles associated with the American Airlines, The Home Depot, Costco and AT&T credit card program agreements, which represented 96 % of the aggregate net carrying amount as of December 31, 2019. (2) For additional information on Citi’s MSRs, see Note 21 to the Consolidated Financial Statements.",10-K,2020-02-21,2020-02-21T22:05:55.000Z,0000831001-20-000031,c-12312019x10k.htm,0.60,low,0.95,0.570000,0.041718,2020-02-21T22:05:55.000Z,,1,SEC EDGAR,0000831001-20-000031,https://www.sec.gov/Archives/edgar/data/831001/000083100120000031/c-12312019x10k.htm,deterministic explicit-entity and relation-pattern extraction v2,unique_universe_match,public_at_sec_acceptance,candidate_review_required
b37ef11e97b8a51d0d17a7863cbe9b731dfdba49c1c2b8b4628bf257a02bea83,CMIN-US:HD,CMIN-US:C-PJ,HD,C-PJ,supplier,"The changes in intangible assets were as follows: Net carrying amount at Net carrying amount at In millions of dollars December 31, 2018 Acquisitions/ divestitures Amortization Impairments FX translation and other December 31, 2019 Purchased credit card relationships (1) $ 1,797 $ 9 $ ( 189 ) $ — $ — $ 1,617 Credit card contract-related intangibles (2) 2,434 73 ( 336 ) — 153 2,324 Core deposit intangibles 4 — ( 4 ) — 1 1 Other customer relationships 171 — ( 24 ) — 2 149 Present value of future profits 3 — — — — 3 Indefinite-lived intangible assets 218 4 — — 6 228 Other 9 6 ( 11 ) — 1 5 Intangible assets (excluding MSRs) $ 4,636 $ 92 $ ( 564 ) $ — $ 163 $ 4,327 Mortgage servicing rights (MSRs) (3) 584 495 Total intangible assets $ 5,220 $ 4,822 (1) Reflects intangibles for the value of cardholder relationships, which are discrete from partner contract-related intangibles and include credit card accounts primarily in the Costco, Macy’s and Sears portfolios. (2) Primarily reflects contract-related intangibles associated with the American Airlines, The Home Depot, Costco and AT&T credit card program agreements, which represent 96 % of the aggregate net carrying amount at December 31, 2019 and 2018. (3) For additional information on Citi’s MSRs, including the rollforward from 2018 to 2019, see Note 21 to the Consolidated Financial Statements.",10-K,2020-02-21,2020-02-21T22:05:55.000Z,0000831001-20-000031,c-12312019x10k.htm,0.60,low,0.95,0.570000,0.041718,2020-02-21T22:05:55.000Z,,1,SEC EDGAR,0000831001-20-000031,https://www.sec.gov/Archives/edgar/data/831001/000083100120000031/c-12312019x10k.htm,deterministic explicit-entity and relation-pattern extraction v2,unique_universe_match,public_at_sec_acceptance,candidate_review_required
086d1f7ece1488b5d1f8ff9030e1ae8203cd0e99a76944ba182a310743c5f428,CMIN-US:JNJ,CMIN-US:ABT,JNJ,ABT,supplier,"32 Business Disposition In September 2016, Abbott announced that it entered into a definitive agreement to sell Abbott Medical Optics (AMO), its vision care business, to Johnson & Johnson for $4.325 billion in cash, subject to customary purchase price adjustments for cash, debt and working capital.",10-K,2020-02-21,2020-02-21T21:28:23.000Z,0001104659-20-023904,abt-20191231x10k59d41b.htm,0.60,low,0.95,0.570000,0.041718,2020-02-21T21:28:23.000Z,,1,SEC EDGAR,0001104659-20-023904,https://www.sec.gov/Archives/edgar/data/1800/000110465920023904/abt-20191231x10k59d41b.htm,deterministic explicit-entity and relation-pattern extraction v2,unique_universe_match,public_at_sec_acceptance,candidate_review_required
39c9d3657141d65e8003354d8d6efa3e0e29844061a2a36e3a3467c45de96cb7,CMIN-US:JNJ,CMIN-US:ABT,JNJ,ABT,supplier,"AbbVie generally will be liable for all other taxes attributable to its business. ​ 57 Abbott Laboratories and Subsidiaries Notes to Consolidated Financial Statements (Continued) Note 4 — Discontinued Operations and Business Dispositions (Continued) In September 2016, Abbott announced that it entered into a definitive agreement to sell Abbott Medical Optics (AMO), its vision care business, to Johnson & Johnson for $ 4.325 billion in cash, subject to customary purchase price adjustments for cash, debt and working capital.",10-K,2020-02-21,2020-02-21T21:28:23.000Z,0001104659-20-023904,abt-20191231x10k59d41b.htm,0.60,low,0.95,0.570000,0.041718,2020-02-21T21:28:23.000Z,,1,SEC EDGAR,0001104659-20-023904,https://www.sec.gov/Archives/edgar/data/1800/000110465920023904/abt-20191231x10k59d41b.htm,deterministic explicit-entity and relation-pattern extraction v2,unique_universe_match,public_at_sec_acceptance,candidate_review_required
d547a8e59ad19a90edd337d92a72e24e13e1e854259091b88184d287c40d90b6,CMIN-US:JNJ,CMIN-US:ABT,JNJ,ABT,supplier,"Jude Medical, Inc., Vault Merger Sub, Inc. and Vault Merger Sub, LLC, filed as Exhibit 2.1 to the Abbott Laboratories Current Report on Form 8-K dated April 27, 2016. ​ ​ ​ ​ ​ 2.4 * Stock Purchase Agreement, dated as of September 14, 2016, by and between Abbott Laboratories and Chace LLC and, solely for certain purposes, Johnson & Johnson, filed as Exhibit 2.1 to the Abbott Laboratories Current Report on Form 8-K dated September 14, 2016. ​ ​ ​ ​ ​ ​ ​ Certain schedules and exhibits have been omitted from these filings pursuant to Item 601(b)(2) of Regulation S-K.",10-K,2020-02-21,2020-02-21T21:28:23.000Z,0001104659-20-023904,abt-20191231x10k59d41b.htm,0.60,low,0.95,0.570000,0.041718,2020-02-21T21:28:23.000Z,,1,SEC EDGAR,0001104659-20-023904,https://www.sec.gov/Archives/edgar/data/1800/000110465920023904/abt-20191231x10k59d41b.htm,deterministic explicit-entity and relation-pattern extraction v2,unique_universe_match,public_at_sec_acceptance,candidate_review_required
c9756563e2a44a358b48db47958369f6b96d2423990559864384d3ff366ca5c8,CMIN-US:MS,CMIN-US:ABBV,MS,ABBV,supplier,"10.31 *Purchase Agreement, dated November 12, 2019, among AbbVie Inc. and Morgan Stanley & Co.",10-K,2020-02-21,2020-02-21T15:51:26.000Z,0001551152-20-000007,abbv-20191231x10k.htm,0.60,low,0.95,0.570000,0.041718,2020-02-21T15:51:26.000Z,,1,SEC EDGAR,0001551152-20-000007,https://www.sec.gov/Archives/edgar/data/1551152/000155115220000007/abbv-20191231x10k.htm,deterministic explicit-entity and relation-pattern extraction v2,unique_universe_match,public_at_sec_acceptance,candidate_review_required
ffd640a7e2d22fe37d8f4814253d0b49025bc45bdfc27eea928364a0d126d397,CMIN-US:VZ,CMIN-US:AAPL,VZ,AAPL,customer,"In 2019, we began offering Apple Music and Disney+ to customers as part of their Unlimited plans.",10-K,2020-02-21,2020-02-21T16:20:18.000Z,0000732712-20-000014,a2019q410-k.htm,0.60,low,0.95,0.570000,0.041718,2020-02-21T16:20:18.000Z,,1,SEC EDGAR,0000732712-20-000014,https://www.sec.gov/Archives/edgar/data/732712/000073271220000014/a2019q410-k.htm,deterministic explicit-entity and relation-pattern extraction v2,unique_universe_match,public_at_sec_acceptance,candidate_review_required
fded79c2bf4e95eb4f54a0420f6502b57d21329bc6b31a570e825640129cc448,CMIN-US:VZ,CMIN-US:AMT,VZ,AMT,supplier,"As the leases expire, American Tower has fixed-price purchase options to acquire these towers based on their anticipated fair market values at the end of the lease terms.",10-K,2020-02-21,2020-02-21T16:20:18.000Z,0000732712-20-000014,a2019q410-k.htm,0.60,low,0.95,0.570000,0.041718,2020-02-21T16:20:18.000Z,,1,SEC EDGAR,0000732712-20-000014,https://www.sec.gov/Archives/edgar/data/732712/000073271220000014/a2019q410-k.htm,deterministic explicit-entity and relation-pattern extraction v2,unique_universe_match,public_at_sec_acceptance,candidate_review_required
b7a9bba1162136d6c3041587857b8ea6d6fa46a21c39c7a859dea961f298e70b,CMIN-US:VZ,CMIN-US:EQIX,VZ,EQIX,customer,"In December 2016, we entered into a definitive agreement, which was subsequently amended in March 2017, with Equinix , Inc. (Equinix) pursuant to which we agreed to sell 23 customer-facing data center sites in the U.S. and Latin America for approximately $3.6 billion , subject to certain adjustments (Data Center Sale).",10-K,2020-02-21,2020-02-21T16:20:18.000Z,0000732712-20-000014,a2019q410-k.htm,0.60,low,0.95,0.570000,0.041718,2020-02-21T16:20:18.000Z,,1,SEC EDGAR,0000732712-20-000014,https://www.sec.gov/Archives/edgar/data/732712/000073271220000014/a2019q410-k.htm,deterministic explicit-entity and relation-pattern extraction v2,unique_universe_match,public_at_sec_acceptance,candidate_review_required
26578daba79d5248cf9ea3d56b885af6ce6b252904abe6a765347b43f7e56d37,CMIN-US:BRK-A,CMIN-US:NGG,BRK-A,NGG,customer,"Northern Natural’s extensive pipeline system, which is interconnected with many interstate and intrastate pipelines in the national grid system, has access to supplies from multiple major supply basins and provides transportation services to utilities and numerous other customers.",10-K,2020-02-24,2020-02-24T11:23:37.000Z,0001564590-20-005874,brka-10k_20191231.htm,0.60,low,0.95,0.570000,0.042203,2020-02-24T11:23:37.000Z,,1,SEC EDGAR,0001564590-20-005874,https://www.sec.gov/Archives/edgar/data/1067983/000156459020005874/brka-10k_20191231.htm,deterministic explicit-entity and relation-pattern extraction v2,unique_universe_match,public_at_sec_acceptance,candidate_review_required
c7b134260e7f92a34e9ffa0595c20cb5481ac5617d503dbc85a9d5ab95b125d5,CMIN-US:BRK-A,CMIN-US:WMT,BRK-A,WMT,customer,"Costco and Walmart are significant customers, representing approximately 24% of Duracell’s annual revenue.",10-K,2020-02-24,2020-02-24T11:23:37.000Z,0001564590-20-005874,brka-10k_20191231.htm,0.60,low,0.95,0.570000,0.042203,2020-02-24T11:23:37.000Z,,1,SEC EDGAR,0001564590-20-005874,https://www.sec.gov/Archives/edgar/data/1067983/000156459020005874/brka-10k_20191231.htm,deterministic explicit-entity and relation-pattern extraction v2,unique_universe_match,public_at_sec_acceptance,candidate_review_required
e78d5dddc5c03de2965ce92e34df86221cd7a9d82168bfc794b47966d569c3b9,CMIN-US:BRK-A,CMIN-US:WMT,BRK-A,WMT,customer,"These businesses have several significant customers, including Walmart, 7-Eleven, Yum!",10-K,2020-02-24,2020-02-24T11:23:37.000Z,0001564590-20-005874,brka-10k_20191231.htm,0.92,high,0.95,0.874000,0.064711,2020-02-24T11:23:37.000Z,,1,SEC EDGAR,0001564590-20-005874,https://www.sec.gov/Archives/edgar/data/1067983/000156459020005874/brka-10k_20191231.htm,deterministic explicit-entity and relation-pattern extraction v2,unique_universe_match,public_at_sec_acceptance,accepted
1b7c8f493a81401fa4b0330e0d778d0a415ff8bed7d733f2e7caac8dee8b5f75,CMIN-US:C-PJ,CMIN-US:SBAC,C-PJ,SBAC,supplier,"8-K 02/07/20 10.95 Purchase Agreement, dated January 21, 2020, between SBA Communications Corporation and Citigroup Global Markets Inc., as representative of the several initial purchasers listed on Schedule I thereto.",10-K,2020-02-24,2020-02-24T20:56:25.000Z,0001034054-20-000003,sbac-20191231x10k.htm,0.60,low,0.95,0.570000,0.042203,2020-02-24T20:56:25.000Z,,1,SEC EDGAR,0001034054-20-000003,https://www.sec.gov/Archives/edgar/data/1034054/000103405420000003/sbac-20191231x10k.htm,deterministic explicit-entity and relation-pattern extraction v2,unique_universe_match,public_at_sec_acceptance,candidate_review_required
741eec2adbaa3fc202a25dcc7baa206dbfcb932077bc79dd3a1ef8295473660c,CMIN-US:GE,CMIN-US:BA,GE,BA,customer,"Profit also increased due to higher volume of commercial spares engines, including LEAP 1-B spare engines sold to our GECAS business to have an appropriate level of spare engines available in the market to meet customer needs in anticipation of the Boeing 737 MAX aircraft recertification, partially offset by continued negative mix from commercial engines, primarily the CFM to LEAP engine transition and Passport engine shipments.",10-K,2020-02-24,2020-02-24T21:34:07.000Z,0000040545-20-000009,ge10-k2019.htm,0.60,low,0.95,0.570000,0.042203,2020-02-24T21:34:07.000Z,,1,SEC EDGAR,0000040545-20-000009,https://www.sec.gov/Archives/edgar/data/40545/000004054520000009/ge10-k2019.htm,deterministic explicit-entity and relation-pattern extraction v2,unique_universe_match,public_at_sec_acceptance,candidate_review_required
e9ec97cda9320cff49f2df23c0a478b610f576f3ac738a5b3a569e144936f9ff,CMIN-US:GE,CMIN-US:BA,GE,BA,customer,"In addition, there was $0.1 billion of higher intercompany profit eliminations primarily as the result of $0.2 billion higher volume of spare LEAP 1-B engines sold from our Aviation segment to our GECAS business to provide an appropriate level of spare engines available in the market to meet customer needs in anticipation of the Boeing 737 MAX aircraft recertification.",10-K,2020-02-24,2020-02-24T21:34:07.000Z,0000040545-20-000009,ge10-k2019.htm,0.60,low,0.95,0.570000,0.042203,2020-02-24T21:34:07.000Z,,1,SEC EDGAR,0000040545-20-000009,https://www.sec.gov/Archives/edgar/data/40545/000004054520000009/ge10-k2019.htm,deterministic explicit-entity and relation-pattern extraction v2,unique_universe_match,public_at_sec_acceptance,candidate_review_required
6c6f1836b9ef9b145fcf249d1a4ff77ca4f99697e5c89018799547160e010483,CMIN-US:WMT,CMIN-US:BRK-A,WMT,BRK-A,supplier,A curtailment of purchasing by Walmart or its other significant customers could have a material adverse impact on McLane’s periodic revenues and earnings.,10-K,2020-02-24,2020-02-24T11:23:37.000Z,0001564590-20-005874,brka-10k_20191231.htm,0.60,low,0.95,0.570000,0.042203,2020-02-24T11:23:37.000Z,,1,SEC EDGAR,0001564590-20-005874,https://www.sec.gov/Archives/edgar/data/1067983/000156459020005874/brka-10k_20191231.htm,deterministic explicit-entity and relation-pattern extraction v2,unique_universe_match,public_at_sec_acceptance,candidate_review_required
da5dd673666213690ca823387c7f6717e7ec4025a5134abe49ba62b25357d360,CMIN-US:JPM,CMIN-US:V,JPM,V,supplier,"The conversion rate of Visa Class B shares into Visa Class A shares is 1.6228 at December 31, 2019, and may be adjusted by Visa depending on developments related to the litigation matters.",10-K,2020-02-25,2020-02-25T21:31:02.000Z,0000019617-20-000257,corp10k2019.htm,0.60,low,0.95,0.570000,0.042366,2020-02-25T21:31:02.000Z,,1,SEC EDGAR,0000019617-20-000257,https://www.sec.gov/Archives/edgar/data/19617/000001961720000257/corp10k2019.htm,deterministic explicit-entity and relation-pattern extraction v2,unique_universe_match,public_at_sec_acceptance,candidate_review_required
4c9ee6e7c0227e3c735d1d21a74e2e64e2f47f270fc88fd3ebd6afdb0b3c15ff,CMIN-US:COST,CMIN-US:SRE,COST,SRE,supplier,"UTILITIES REVENUES AND COST OF SALES (Dollars in millions) Years ended December 31, 2019 2018 2017 Natural gas revenues: SoCalGas $ 4,525 $ 3,962 $ 3,785 SDG&E 658 565 541 Sempra Mexico 73 78 110 Eliminations and adjustments (71 ) (65 ) (75 ) Total 5,185 4,540 4,361 Electric revenues: SDG&E 4,267 4,003 3,935 Eliminations and adjustments (4 ) (4 ) (6 ) Total 4,263 3,999 3,929 Total utilities revenues $ 9,448 $ 8,539 $ 8,290 Cost of natural gas: SoCalGas $ 977 $ 1,048 $ 1,025 SDG&E 176 152 164 Sempra Mexico 14 21 70 Eliminations and adjustments (28 ) (13 ) (69 ) Total $ 1,139 $ 1,208 $ 1,190 Cost of electric fuel and purchased power: SDG&E $ 1,194 $ 1,370 $ 1,293 Eliminations and adjustments (6 ) (12 ) — Total $ 1,188 $ 1,358 $ 1,293 Natural Gas Revenues and Cost of Natural Gas The table below summarizes the average cost of natural gas sold by the California Utilities and included in Cost of Natural Gas.",10-K,2020-02-27,2020-02-27T20:32:05.000Z,0001032208-20-000006,sre20191231form10k.htm,0.60,low,0.95,0.570000,0.042693,2020-02-27T20:32:05.000Z,,1,SEC EDGAR,0001032208-20-000006,https://www.sec.gov/Archives/edgar/data/1032208/000103220820000006/sre20191231form10k.htm,deterministic explicit-entity and relation-pattern extraction v2,unique_universe_match,public_at_sec_acceptance,candidate_review_required
fb2ec99496ac8a46f73d0ee233d5da951b00f35e66af496e18ccf79b04a56140,CMIN-US:NGG,CMIN-US:D,NGG,D,supplier,"IRS Internal Revenue Service ISO Independent system operator ISO-NE ISO New England July 2016 hybrids Dominion Energy’s 2016 Series A Enhanced Junior Subordinated Notes due 2076 June 2006 hybrids Dominion Energy’s 2006 Series A Enhanced Junior Subordinated Notes due 2066 Kewaunee Kewaunee nuclear power station kV Kilovolt LIBOR London Interbank Offered Rate LIFO Last-in-first-out inventory method Liquefaction Facility A natural gas export/liquefaction facility at the Cove Point LNG Facility LNG Liquefied natural gas LTIP Long-term incentive program Manchester Manchester power station Massachusetts Municipal Massachusetts Municipal Wholesale Electric Company MATS Utility Mercury and Air Toxics Standard Rule mcf Thousand cubic feet mcfe Thousand cubic feet equivalent MD&A Management’s Discussion and Analysis of Financial Condition and Results of Operations MGD Million gallons a day Millstone Millstone nuclear power station Millstone 2019 power purchase agreements Power purchase agreements with Eversource Energy and The United Illuminating Company for Millstone to provide nine million MWh per year of electricity for ten years Moody’s Moody’s Investors Service Mtpa Million metric tons per annum MW Megawatt MWh Megawatt hour Natural Gas Rate Stabilization Act Legislation effective February 2005 designed to improve and maintain natural gas service infrastructure to meet the needs of customers in South Carolina NAV Net asset value NedPower NedPower Mount Storm LLC, a wind-turbine facility joint venture between Dominion Energy and Shell WindEnergy, Inc. in Grant County, West Virginia NEIL Nuclear Electric Insurance Limited NERC North American Electric Reliability Corporation NG Collectively, North East Transmission Co., Inc. and National Grid IGTS Corp.",10-K,2020-02-28,2020-02-28T13:56:19.000Z,0001193125-20-054469,d854390d10k.htm,0.60,low,0.95,0.570000,0.042858,2020-02-28T13:56:19.000Z,,1,SEC EDGAR,0001193125-20-054469,https://www.sec.gov/Archives/edgar/data/715957/000119312520054469/d854390d10k.htm,deterministic explicit-entity and relation-pattern extraction v2,unique_universe_match,public_at_sec_acceptance,candidate_review_required
a6986cd88d78e4ff661f4df6b3a712d70248ace2c422d58965e8cf79d8319635,CMIN-US:DLR,CMIN-US:CMCSA,DLR,CMCSA,customer,"At December 31, 2019, our customers represented a variety of industry verticals, ranging from cloud and information technology services, communications and social networking to financial services, manufacturing, energy, gaming, life sciences and consumer products. ​ ​ ​ ​ ​ ​ Cloud and IT Services ​ Digital Content Providers and Financial Companies ​ Network and Mobile Services Fortune 50 Software Company ​ Facebook, Inc. ​ Comcast Corporation IBM ​ Fortune 25 Investment Grade-Rated Company ​ CenturyLink Oracle America, Inc. ​ LinkedIn ​ China Telecommunications Corporation Cyxtera Technologies ​ JPMorgan Chase & Co. ​ Verizon Equinix ​ Morgan Stanley ​ ​ ​ Proven Experience Attracting and Retaining Customers .",10-K,2020-03-02,2020-03-02T22:20:37.000Z,0001558370-20-001906,dlr-20191231x10kabe894.htm,0.60,low,0.95,0.570000,0.043356,2020-03-02T22:20:37.000Z,,1,SEC EDGAR,0001558370-20-001906,https://www.sec.gov/Archives/edgar/data/1297996/000155837020001906/dlr-20191231x10kabe894.htm,deterministic explicit-entity and relation-pattern extraction v2,unique_universe_match,public_at_sec_acceptance,candidate_review_required
10bc9f8de96dd257a6f3c2cbd1ddd56fd1ddcd319749d114bbfbf65733d696d4,CMIN-US:DLR,CMIN-US:EQIX,DLR,EQIX,customer,"At December 31, 2019, our customers represented a variety of industry verticals, ranging from cloud and information technology services, communications and social networking to financial services, manufacturing, energy, gaming, life sciences and consumer products. ​ ​ ​ ​ ​ ​ Cloud and IT Services ​ Digital Content Providers and Financial Companies ​ Network and Mobile Services Fortune 50 Software Company ​ Facebook, Inc. ​ Comcast Corporation IBM ​ Fortune 25 Investment Grade-Rated Company ​ CenturyLink Oracle America, Inc. ​ LinkedIn ​ China Telecommunications Corporation Cyxtera Technologies ​ JPMorgan Chase & Co. ​ Verizon Equinix ​ Morgan Stanley ​ ​ ​ Proven Experience Attracting and Retaining Customers .",10-K,2020-03-02,2020-03-02T22:20:37.000Z,0001558370-20-001906,dlr-20191231x10kabe894.htm,0.60,low,0.95,0.570000,0.043356,2020-03-02T22:20:37.000Z,,1,SEC EDGAR,0001558370-20-001906,https://www.sec.gov/Archives/edgar/data/1297996/000155837020001906/dlr-20191231x10kabe894.htm,deterministic explicit-entity and relation-pattern extraction v2,unique_universe_match,public_at_sec_acceptance,candidate_review_required
cb93301f4705c7c022221a0bdfc692afeafe10fd2c80ab608f3f08b455461684,CMIN-US:DLR,CMIN-US:JPM,DLR,JPM,customer,"At December 31, 2019, our customers represented a variety of industry verticals, ranging from cloud and information technology services, communications and social networking to financial services, manufacturing, energy, gaming, life sciences and consumer products. ​ ​ ​ ​ ​ ​ Cloud and IT Services ​ Digital Content Providers and Financial Companies ​ Network and Mobile Services Fortune 50 Software Company ​ Facebook, Inc. ​ Comcast Corporation IBM ​ Fortune 25 Investment Grade-Rated Company ​ CenturyLink Oracle America, Inc. ​ LinkedIn ​ China Telecommunications Corporation Cyxtera Technologies ​ JPMorgan Chase & Co. ​ Verizon Equinix ​ Morgan Stanley ​ ​ ​ Proven Experience Attracting and Retaining Customers .",10-K,2020-03-02,2020-03-02T22:20:37.000Z,0001558370-20-001906,dlr-20191231x10kabe894.htm,0.60,low,0.95,0.570000,0.043356,2020-03-02T22:20:37.000Z,,1,SEC EDGAR,0001558370-20-001906,https://www.sec.gov/Archives/edgar/data/1297996/000155837020001906/dlr-20191231x10kabe894.htm,deterministic explicit-entity and relation-pattern extraction v2,unique_universe_match,public_at_sec_acceptance,candidate_review_required
16a149433e5300a1ce4fa182bfec28a39c7d40fec1a8b1d10cacecfdd510598d,CMIN-US:DLR,CMIN-US:MS,DLR,MS,customer,"At December 31, 2019, our customers represented a variety of industry verticals, ranging from cloud and information technology services, communications and social networking to financial services, manufacturing, energy, gaming, life sciences and consumer products. ​ ​ ​ ​ ​ ​ Cloud and IT Services ​ Digital Content Providers and Financial Companies ​ Network and Mobile Services Fortune 50 Software Company ​ Facebook, Inc. ​ Comcast Corporation IBM ​ Fortune 25 Investment Grade-Rated Company ​ CenturyLink Oracle America, Inc. ​ LinkedIn ​ China Telecommunications Corporation Cyxtera Technologies ​ JPMorgan Chase & Co. ​ Verizon Equinix ​ Morgan Stanley ​ ​ ​ Proven Experience Attracting and Retaining Customers .",10-K,2020-03-02,2020-03-02T22:20:37.000Z,0001558370-20-001906,dlr-20191231x10kabe894.htm,0.60,low,0.95,0.570000,0.043356,2020-03-02T22:20:37.000Z,,1,SEC EDGAR,0001558370-20-001906,https://www.sec.gov/Archives/edgar/data/1297996/000155837020001906/dlr-20191231x10kabe894.htm,deterministic explicit-entity and relation-pattern extraction v2,unique_universe_match,public_at_sec_acceptance,candidate_review_required
f577598e5540904e07c191e6bfccce82fef63801a0f937cee300eb0491f65b03,CMIN-US:DLR,CMIN-US:ORCL,DLR,ORCL,customer,"At December 31, 2019, our customers represented a variety of industry verticals, ranging from cloud and information technology services, communications and social networking to financial services, manufacturing, energy, gaming, life sciences and consumer products. ​ ​ ​ ​ ​ ​ Cloud and IT Services ​ Digital Content Providers and Financial Companies ​ Network and Mobile Services Fortune 50 Software Company ​ Facebook, Inc. ​ Comcast Corporation IBM ​ Fortune 25 Investment Grade-Rated Company ​ CenturyLink Oracle America, Inc. ​ LinkedIn ​ China Telecommunications Corporation Cyxtera Technologies ​ JPMorgan Chase & Co. ​ Verizon Equinix ​ Morgan Stanley ​ ​ ​ Proven Experience Attracting and Retaining Customers .",10-K,2020-03-02,2020-03-02T22:20:37.000Z,0001558370-20-001906,dlr-20191231x10kabe894.htm,0.60,low,0.95,0.570000,0.043356,2020-03-02T22:20:37.000Z,,1,SEC EDGAR,0001558370-20-001906,https://www.sec.gov/Archives/edgar/data/1297996/000155837020001906/dlr-20191231x10kabe894.htm,deterministic explicit-entity and relation-pattern extraction v2,unique_universe_match,public_at_sec_acceptance,candidate_review_required
f6b6293c5276f02f05f20a15da7db6e61d87f87cf113947113564d48b5b98f12,CMIN-US:TGT,CMIN-US:UL,TGT,UL,supplier,Sustainable sourcing Target: By 2020 we will source 100% of our agricultural raw materials sustainably (% of tonnes purchased).,20-F,2020-03-09,2020-03-09T21:25:19.000Z,0001193125-20-067343,d836658d20f.htm,0.60,low,0.95,0.570000,0.044540,2020-03-09T21:25:19.000Z,,1,SEC EDGAR,0001193125-20-067343,https://www.sec.gov/Archives/edgar/data/217410/000119312520067343/d836658d20f.htm,deterministic explicit-entity and relation-pattern extraction v2,unique_universe_match,public_at_sec_acceptance,candidate_review_required
081f18d5dbab9da08081860345edc0c795a7ea9371c22be576caef2d5db43a53,CMIN-US:MA,CMIN-US:TGT,MA,TGT,supplier,"CVS Pharmacy, Inc. (CVS) operates pharmacies and clinics in our stores under a perpetual operating agreement from which we generate annual occupancy income.Customer Loyalty ProgramsOur guests receive a 5 percent discount on nearly all purchases and receive free shipping at Target.com when they use their Target Debit Card, Target Credit Card, or Target™ MasterCard® (collectively, RedCards™).",10-K,2020-03-11,2020-03-11T20:14:26.000Z,0000027419-20-000008,tgt-20200201.htm,0.60,low,0.95,0.570000,0.044885,2020-03-11T20:14:26.000Z,,1,SEC EDGAR,0000027419-20-000008,https://www.sec.gov/Archives/edgar/data/27419/000002741920000008/tgt-20200201.htm,deterministic explicit-entity and relation-pattern extraction v2,unique_universe_match,public_at_sec_acceptance,candidate_review_required
8157447ab290008caa4bd3f17d1eaa2f4c2d75d861d73df9236e8f64dcb91bb8,CMIN-US:MA,CMIN-US:TGT,MA,TGT,supplier,"Based on historical redemption rates, a small and relatively stable percentage of gift cards will never be redeemed, referred to as ""breakage."" Estimated breakage revenue is recognized over time in proportion to actual gift card redemptions.Gift Card Liability ActivityFebruary 2,2019Gift Cards Issued During Current Period But Not Redeemed (b)Revenue Recognized From Beginning LiabilityFebruary 1,2020(millions)Gift card liability (a)$840 $719 $(624) $935 (a)Included in Accrued and Other Current Liabilities.(b)Net of estimated breakage.Guests receive a 5 percent discount on nearly all purchases and receive free shipping at Target.com when they use their Target Debit Card, Target Credit Card, or Target MasterCard (RedCards).",10-K,2020-03-11,2020-03-11T20:14:26.000Z,0000027419-20-000008,tgt-20200201.htm,0.60,low,0.95,0.570000,0.044885,2020-03-11T20:14:26.000Z,,1,SEC EDGAR,0000027419-20-000008,https://www.sec.gov/Archives/edgar/data/27419/000002741920000008/tgt-20200201.htm,deterministic explicit-entity and relation-pattern extraction v2,unique_universe_match,public_at_sec_acceptance,candidate_review_required
1c9a109df13612a018d32184f2fc32be8e8624622d4bd96a4e8835afef0b0a1c,CMIN-US:TGT,CMIN-US:AMZN,TGT,AMZN,strategic_partner,"For the three months ended February 1, 2020, 350 shares were reacquired at a weighted average price per share of $128.81 pursuant to our long-term incentive plan.TARGET CORPORATION2019 Form 10-K13OTHER INFORMATIONTable of ContentsIndex to Financial Statements Fiscal Years Ended January 31,2015January 30,2016January 28,2017February 3,2018February 2,2019February 1,2020Target$100.00 $101.21 $91.94 $109.76 $110.65 $177.66 S&P 500 Index100.00 99.33 120.06 147.48 147.40 179.17 Current Peer Group100.00 109.53 121.71 175.63 183.05 222.19 Previous Peer Group100.00 109.11 121.15 174.97 182.10 220.86 The graph above compares the cumulative total shareholder return on our common stock for the last five fiscal years with (i) the cumulative total return on the S&P 500 Index, (ii) the peer group used in previous filings consisting of 17 online, general merchandise, department store, food, and specialty retailers (Amazon.com, Inc., Best Buy Co., Inc., Costco Wholesale Corporation, CVS Health Corporation, Dollar General Corporation, Dollar Tree, Inc., The Gap, Inc., The Home Depot, Inc., Kohl's Corporation, The Kroger Co., Lowe's Companies, Inc., Macy's, Inc., Rite Aid Corporation, Sears Holdings Corporation, The TJX Companies, Inc., Walgreens Boots Alliance, Inc., and Walmart Inc.) (Previous Peer Group), and (iii) a new peer group consisting of the companies in the Previous Peer Group, plus Nordstrom, Inc., but excluding Sears Holdings Corporation, which filed for bankruptcy protection and is no longer publicly traded, and The Gap, Inc., which announced its intention to enter a transformational period for its brands (Current Peer Group).",10-K,2020-03-11,2020-03-11T20:14:26.000Z,0000027419-20-000008,tgt-20200201.htm,0.60,low,0.95,0.570000,0.044885,2020-03-11T20:14:26.000Z,,0,SEC EDGAR,0000027419-20-000008,https://www.sec.gov/Archives/edgar/data/27419/000002741920000008/tgt-20200201.htm,deterministic explicit-entity and relation-pattern extraction v2,unique_universe_match,public_at_sec_acceptance,candidate_review_required
274a5f28a26fde7b11b34e8bb8e7ce4adffb8fbaeb90746276194c29ad028c90,CMIN-US:TGT,CMIN-US:COST,TGT,COST,strategic_partner,"For the three months ended February 1, 2020, 350 shares were reacquired at a weighted average price per share of $128.81 pursuant to our long-term incentive plan.TARGET CORPORATION2019 Form 10-K13OTHER INFORMATIONTable of ContentsIndex to Financial Statements Fiscal Years Ended January 31,2015January 30,2016January 28,2017February 3,2018February 2,2019February 1,2020Target$100.00 $101.21 $91.94 $109.76 $110.65 $177.66 S&P 500 Index100.00 99.33 120.06 147.48 147.40 179.17 Current Peer Group100.00 109.53 121.71 175.63 183.05 222.19 Previous Peer Group100.00 109.11 121.15 174.97 182.10 220.86 The graph above compares the cumulative total shareholder return on our common stock for the last five fiscal years with (i) the cumulative total return on the S&P 500 Index, (ii) the peer group used in previous filings consisting of 17 online, general merchandise, department store, food, and specialty retailers (Amazon.com, Inc., Best Buy Co., Inc., Costco Wholesale Corporation, CVS Health Corporation, Dollar General Corporation, Dollar Tree, Inc., The Gap, Inc., The Home Depot, Inc., Kohl's Corporation, The Kroger Co., Lowe's Companies, Inc., Macy's, Inc., Rite Aid Corporation, Sears Holdings Corporation, The TJX Companies, Inc., Walgreens Boots Alliance, Inc., and Walmart Inc.) (Previous Peer Group), and (iii) a new peer group consisting of the companies in the Previous Peer Group, plus Nordstrom, Inc., but excluding Sears Holdings Corporation, which filed for bankruptcy protection and is no longer publicly traded, and The Gap, Inc., which announced its intention to enter a transformational period for its brands (Current Peer Group).",10-K,2020-03-11,2020-03-11T20:14:26.000Z,0000027419-20-000008,tgt-20200201.htm,0.60,low,0.95,0.570000,0.044885,2020-03-11T20:14:26.000Z,,0,SEC EDGAR,0000027419-20-000008,https://www.sec.gov/Archives/edgar/data/27419/000002741920000008/tgt-20200201.htm,deterministic explicit-entity and relation-pattern extraction v2,unique_universe_match,public_at_sec_acceptance,candidate_review_required
94e0e8af74471e5d9b73d695751cb2a4c615eb29431b12cfc4b51fa372dea73e,CMIN-US:TGT,CMIN-US:HD,TGT,HD,strategic_partner,"For the three months ended February 1, 2020, 350 shares were reacquired at a weighted average price per share of $128.81 pursuant to our long-term incentive plan.TARGET CORPORATION2019 Form 10-K13OTHER INFORMATIONTable of ContentsIndex to Financial Statements Fiscal Years Ended January 31,2015January 30,2016January 28,2017February 3,2018February 2,2019February 1,2020Target$100.00 $101.21 $91.94 $109.76 $110.65 $177.66 S&P 500 Index100.00 99.33 120.06 147.48 147.40 179.17 Current Peer Group100.00 109.53 121.71 175.63 183.05 222.19 Previous Peer Group100.00 109.11 121.15 174.97 182.10 220.86 The graph above compares the cumulative total shareholder return on our common stock for the last five fiscal years with (i) the cumulative total return on the S&P 500 Index, (ii) the peer group used in previous filings consisting of 17 online, general merchandise, department store, food, and specialty retailers (Amazon.com, Inc., Best Buy Co., Inc., Costco Wholesale Corporation, CVS Health Corporation, Dollar General Corporation, Dollar Tree, Inc., The Gap, Inc., The Home Depot, Inc., Kohl's Corporation, The Kroger Co., Lowe's Companies, Inc., Macy's, Inc., Rite Aid Corporation, Sears Holdings Corporation, The TJX Companies, Inc., Walgreens Boots Alliance, Inc., and Walmart Inc.) (Previous Peer Group), and (iii) a new peer group consisting of the companies in the Previous Peer Group, plus Nordstrom, Inc., but excluding Sears Holdings Corporation, which filed for bankruptcy protection and is no longer publicly traded, and The Gap, Inc., which announced its intention to enter a transformational period for its brands (Current Peer Group).",10-K,2020-03-11,2020-03-11T20:14:26.000Z,0000027419-20-000008,tgt-20200201.htm,0.60,low,0.95,0.570000,0.044885,2020-03-11T20:14:26.000Z,,0,SEC EDGAR,0000027419-20-000008,https://www.sec.gov/Archives/edgar/data/27419/000002741920000008/tgt-20200201.htm,deterministic explicit-entity and relation-pattern extraction v2,unique_universe_match,public_at_sec_acceptance,candidate_review_required
28eb4867b77b7e0368786a06c2a890680bdb5e08485a07dff395ebc9117b2d3b,CMIN-US:TGT,CMIN-US:LOW,TGT,LOW,strategic_partner,"For the three months ended February 1, 2020, 350 shares were reacquired at a weighted average price per share of $128.81 pursuant to our long-term incentive plan.TARGET CORPORATION2019 Form 10-K13OTHER INFORMATIONTable of ContentsIndex to Financial Statements Fiscal Years Ended January 31,2015January 30,2016January 28,2017February 3,2018February 2,2019February 1,2020Target$100.00 $101.21 $91.94 $109.76 $110.65 $177.66 S&P 500 Index100.00 99.33 120.06 147.48 147.40 179.17 Current Peer Group100.00 109.53 121.71 175.63 183.05 222.19 Previous Peer Group100.00 109.11 121.15 174.97 182.10 220.86 The graph above compares the cumulative total shareholder return on our common stock for the last five fiscal years with (i) the cumulative total return on the S&P 500 Index, (ii) the peer group used in previous filings consisting of 17 online, general merchandise, department store, food, and specialty retailers (Amazon.com, Inc., Best Buy Co., Inc., Costco Wholesale Corporation, CVS Health Corporation, Dollar General Corporation, Dollar Tree, Inc., The Gap, Inc., The Home Depot, Inc., Kohl's Corporation, The Kroger Co., Lowe's Companies, Inc., Macy's, Inc., Rite Aid Corporation, Sears Holdings Corporation, The TJX Companies, Inc., Walgreens Boots Alliance, Inc., and Walmart Inc.) (Previous Peer Group), and (iii) a new peer group consisting of the companies in the Previous Peer Group, plus Nordstrom, Inc., but excluding Sears Holdings Corporation, which filed for bankruptcy protection and is no longer publicly traded, and The Gap, Inc., which announced its intention to enter a transformational period for its brands (Current Peer Group).",10-K,2020-03-11,2020-03-11T20:14:26.000Z,0000027419-20-000008,tgt-20200201.htm,0.60,low,0.95,0.570000,0.044885,2020-03-11T20:14:26.000Z,,0,SEC EDGAR,0000027419-20-000008,https://www.sec.gov/Archives/edgar/data/27419/000002741920000008/tgt-20200201.htm,deterministic explicit-entity and relation-pattern extraction v2,unique_universe_match,public_at_sec_acceptance,candidate_review_required
74753d97b74ead8ec3ef5f3f1eff553aac1fa5e97833706fc97cf1ab2f5dc27e,CMIN-US:TGT,CMIN-US:MA,TGT,MA,customer,"The collective interaction of a broad array of macroeconomic, competitive, and consumer behavioral factors, as well as sales mix, and transfer of sales to new stores makes further analysis of sales metrics infeasible.TARGET CORPORATION2019 Form 10-K18MANAGEMENT'S DISCUSSION AND ANALYSISTable of ContentsANALYSIS OF OPERATIONSIndex to Financial StatementsTD Bank Group (TD) offers credit to qualified guests through Target-branded credit cards: the Target Credit Card and the Target MasterCard Credit Card (Target Credit Cards).",10-K,2020-03-11,2020-03-11T20:14:26.000Z,0000027419-20-000008,tgt-20200201.htm,0.60,low,0.95,0.570000,0.044885,2020-03-11T20:14:26.000Z,,1,SEC EDGAR,0000027419-20-000008,https://www.sec.gov/Archives/edgar/data/27419/000002741920000008/tgt-20200201.htm,deterministic explicit-entity and relation-pattern extraction v2,unique_universe_match,public_at_sec_acceptance,candidate_review_required
6f32048970ce92738f8f676b306ad68364e365e85e93358cf0c64b06229627ab,CMIN-US:TGT,CMIN-US:SBUX,TGT,SBUX,customer,"Boutique™Smartly™All in Motion™JoyLab™Smith & Hawken®Archer Farms®Kona Sol™Sonia Kashuk®Art Class™Made By Design™Spritz™Auden™Market Pantry®Stars Above™Ava & Viv®More Than Magic™Sun Squad™Boots & Barkley®Opalhouse™Sutton & Dodge®Cat & Jack™Open Story™Threshold™Cloud Island™Original Use™Universal Thread™Colsie™Pillowfort™up & up®Everspring™Project 62™Wild Fable™Good & Gather™Prologue™Wondershop™Goodfellow & Co™Room Essentials®Xhilaration®Hearth & Hand™ with MagnoliaShade & Shore™heyday™Simply Balanced™Exclusive Brands California Roots™Isabel Maternity™ by Ingrid & Isabel®The CollectionDefy & Inspire™Just One You® made by carter's®Wine Cube®Fieldcrest®Kristin EssWho What Wear™Hand Made Modern®Rosé Bae™TARGET CORPORATION2019 Form 10-K2BUSINESSTable of ContentsIndex to Financial StatementsWe also sell merchandise through periodic exclusive design and creative partnerships and generate revenue from in-store amenities such as Target Café and leased or licensed departments such as Target Optical, Starbucks, and other food service offerings.",10-K,2020-03-11,2020-03-11T20:14:26.000Z,0000027419-20-000008,tgt-20200201.htm,0.60,low,0.95,0.570000,0.044885,2020-03-11T20:14:26.000Z,,1,SEC EDGAR,0000027419-20-000008,https://www.sec.gov/Archives/edgar/data/27419/000002741920000008/tgt-20200201.htm,deterministic explicit-entity and relation-pattern extraction v2,unique_universe_match,public_at_sec_acceptance,candidate_review_required
d34905724689d0ca53199f455cbeec25705fb6c2cb448fa349b2c2b770d379c1,CMIN-US:TGT,CMIN-US:WMT,TGT,WMT,strategic_partner,"For the three months ended February 1, 2020, 350 shares were reacquired at a weighted average price per share of $128.81 pursuant to our long-term incentive plan.TARGET CORPORATION2019 Form 10-K13OTHER INFORMATIONTable of ContentsIndex to Financial Statements Fiscal Years Ended January 31,2015January 30,2016January 28,2017February 3,2018February 2,2019February 1,2020Target$100.00 $101.21 $91.94 $109.76 $110.65 $177.66 S&P 500 Index100.00 99.33 120.06 147.48 147.40 179.17 Current Peer Group100.00 109.53 121.71 175.63 183.05 222.19 Previous Peer Group100.00 109.11 121.15 174.97 182.10 220.86 The graph above compares the cumulative total shareholder return on our common stock for the last five fiscal years with (i) the cumulative total return on the S&P 500 Index, (ii) the peer group used in previous filings consisting of 17 online, general merchandise, department store, food, and specialty retailers (Amazon.com, Inc., Best Buy Co., Inc., Costco Wholesale Corporation, CVS Health Corporation, Dollar General Corporation, Dollar Tree, Inc., The Gap, Inc., The Home Depot, Inc., Kohl's Corporation, The Kroger Co., Lowe's Companies, Inc., Macy's, Inc., Rite Aid Corporation, Sears Holdings Corporation, The TJX Companies, Inc., Walgreens Boots Alliance, Inc., and Walmart Inc.) (Previous Peer Group), and (iii) a new peer group consisting of the companies in the Previous Peer Group, plus Nordstrom, Inc., but excluding Sears Holdings Corporation, which filed for bankruptcy protection and is no longer publicly traded, and The Gap, Inc., which announced its intention to enter a transformational period for its brands (Current Peer Group).",10-K,2020-03-11,2020-03-11T20:14:26.000Z,0000027419-20-000008,tgt-20200201.htm,0.60,low,0.95,0.570000,0.044885,2020-03-11T20:14:26.000Z,,0,SEC EDGAR,0000027419-20-000008,https://www.sec.gov/Archives/edgar/data/27419/000002741920000008/tgt-20200201.htm,deterministic explicit-entity and relation-pattern extraction v2,unique_universe_match,public_at_sec_acceptance,candidate_review_required
2133017da17887adb1756897b5471526d71874ef777592e2aa1a0cc50e8fd0cd,CMIN-US:BP,CMIN-US:TGT,BP,TGT,customer,"Embedded within Reducing Improving Creating our strategy is our commitment to advance emissions in our products low carbon a low carbon future. our operations businesses We plan to deliver this • Achieve zero net • Provide lower • Expand low carbon across our entire growth in operational emissions gas. and renewable business through what emissions out to 2025. • Develop more businesses. we call our ‘reduce, • Make 3.5Mte of efficient and lower • Invest $500 million in improve, create’ sustainable GHG carbon fuels, low carbon activities (RIC) framework. reductions by 2025. lubricants and each year. • Target industry leading petrochemicals. • Collaborate and invest methane intensity of • Grow lower carbon in the OGCI’s $1bn+ 0.2%. offers for customers. fund for research and technology.",20-F,2020-03-18,2020-03-18T16:42:24.000Z,0001628280-20-003753,a31122019bp20fdoc.htm,0.60,low,0.95,0.570000,0.046111,2020-03-18T16:42:24.000Z,,1,SEC EDGAR,0001628280-20-003753,https://www.sec.gov/Archives/edgar/data/313807/000162828020003753/a31122019bp20fdoc.htm,deterministic explicit-entity and relation-pattern extraction v2,unique_universe_match,public_at_sec_acceptance,candidate_review_required
958d81dd1646a8a8533ffb87e3ef01be89c0a7b1ef931910d3266a110f0a345c,CMIN-US:COP,CMIN-US:BP,COP,BP,supplier,"Other significant transactions On 18 December 2018, BP purchased an additional 16.5% interest in the Clair field in the North Sea, as part of the agreements with ConocoPhillips in which ConocoPhillips simultaneously purchased BP's entire 39.2% interest in the Greater Kuparuk Area on the North Slope of Alaska.",20-F,2020-03-18,2020-03-18T16:42:24.000Z,0001628280-20-003753,a31122019bp20fdoc.htm,0.60,low,0.95,0.570000,0.046111,2020-03-18T16:42:24.000Z,,1,SEC EDGAR,0001628280-20-003753,https://www.sec.gov/Archives/edgar/data/313807/000162828020003753/a31122019bp20fdoc.htm,deterministic explicit-entity and relation-pattern extraction v2,unique_universe_match,public_at_sec_acceptance,candidate_review_required
79d7eae8831e84893ffc1e7cc3dbc56b60dcba2437e1365687f754e78c6da6c7,CMIN-US:JD,CMIN-US:WMT,JD,WMT,strategic_partner,"In June 2016, we entered into a series of agreements with Walmart Inc., or Walmart, in relation to our strategic alliance with Walmart, pursuant to which Walmart subscribed for 144,952,250 of our newly issued Class A ordinary shares, representing approximately 5% of our total issued and outstanding shares on a fully diluted basis at the time.",20-F,2020-04-15,2020-04-15T20:04:30.000Z,0001193125-20-108084,d875897d20f.htm,0.60,low,0.95,0.570000,0.051361,2020-04-15T20:04:30.000Z,,0,SEC EDGAR,0001193125-20-108084,https://www.sec.gov/Archives/edgar/data/1549802/000119312520108084/d875897d20f.htm,deterministic explicit-entity and relation-pattern extraction v2,unique_universe_match,public_at_sec_acceptance,candidate_review_required
7067acef545a20840fb8dcb5030d67ef8198845cf5c04941686ae17ccd57e068,CMIN-US:JD,CMIN-US:WMT,JD,WMT,strategic_partner,"As part of our strategic alliance with Walmart, we acquired ownership of the Yihaodian marketplace platform assets, including the Yihaodian brand, mobile apps and websites.",20-F,2020-04-15,2020-04-15T20:04:30.000Z,0001193125-20-108084,d875897d20f.htm,0.60,low,0.95,0.570000,0.051361,2020-04-15T20:04:30.000Z,,0,SEC EDGAR,0001193125-20-108084,https://www.sec.gov/Archives/edgar/data/1549802/000119312520108084/d875897d20f.htm,deterministic explicit-entity and relation-pattern extraction v2,unique_universe_match,public_at_sec_acceptance,candidate_review_required
c438a80013e124d849c37178ef9e893b7e13c04e40332692ffe47d24c61e2ce2,CMIN-US:JD,CMIN-US:WMT,JD,WMT,customer,"We have collaborated with Walmart on e-commerce, including launching Sam’s Club Flagship Store and Walmart China Flagship Store on JD.com, as well as Sam’s Club Global Flagship Store, Walmart Global Flagship Store, and ASDA Flagship Store on JD Worldwide and a one-hour delivery service from Walmart Stores in select cities through the JD Daojia app, as well as leveraging one another’s supply chain to increase product selection for customers across China.",20-F,2020-04-15,2020-04-15T20:04:30.000Z,0001193125-20-108084,d875897d20f.htm,0.60,low,0.95,0.570000,0.051361,2020-04-15T20:04:30.000Z,,1,SEC EDGAR,0001193125-20-108084,https://www.sec.gov/Archives/edgar/data/1549802/000119312520108084/d875897d20f.htm,deterministic explicit-entity and relation-pattern extraction v2,unique_universe_match,public_at_sec_acceptance,candidate_review_required
a0f85e807ca6199c5309ed5bb8a856629a08f4e8a84649c8d0b4781752b14a4a,CMIN-US:JD,CMIN-US:WMT,JD,WMT,strategic_partner,"As part of the strategic alliance, we also entered into an eight-year non-compete arrangement with Walmart, subject to certain conditions and exceptions.",20-F,2020-04-15,2020-04-15T20:04:30.000Z,0001193125-20-108084,d875897d20f.htm,0.82,medium,0.95,0.779000,0.070193,2020-04-15T20:04:30.000Z,,0,SEC EDGAR,0001193125-20-108084,https://www.sec.gov/Archives/edgar/data/1549802/000119312520108084/d875897d20f.htm,deterministic explicit-entity and relation-pattern extraction v2,unique_universe_match,public_at_sec_acceptance,accepted
eeac90a23c16ced808d4ca4bffd6ef548bf34ca5f72e6714feab90d99980cd92,CMIN-US:JD,CMIN-US:WMT,JD,WMT,strategic_partner,"In June 2016, we entered into a series of agreements in relation to our strategic alliance with Walmart.",20-F,2020-04-15,2020-04-15T20:04:30.000Z,0001193125-20-108084,d875897d20f.htm,0.82,medium,0.95,0.779000,0.070193,2020-04-15T20:04:30.000Z,,0,SEC EDGAR,0001193125-20-108084,https://www.sec.gov/Archives/edgar/data/1549802/000119312520108084/d875897d20f.htm,deterministic explicit-entity and relation-pattern extraction v2,unique_universe_match,public_at_sec_acceptance,accepted
beb8bc5d1243085a3a0023c6882c58932bed82f724f73821ce3ff1d48c45a505,CMIN-US:JD,CMIN-US:WMT,JD,WMT,customer,"We have collaborated with Walmart on e-commerce, including launching a Sam’s Club Flagship Store and Walmart China Flagship Store on JD.com, Sam’s Club Global Flagship Store, Walmart Global Flagship Store, and ASDA Flagship Store on JD Worldwide, and a one-hour delivery service from Walmart Stores in selected cities through the JD Daojia app, as well as leveraging each other’s supply chain to enhance product selection for customers across China.",20-F,2020-04-15,2020-04-15T20:04:30.000Z,0001193125-20-108084,d875897d20f.htm,0.60,low,0.95,0.570000,0.051361,2020-04-15T20:04:30.000Z,,1,SEC EDGAR,0001193125-20-108084,https://www.sec.gov/Archives/edgar/data/1549802/000119312520108084/d875897d20f.htm,deterministic explicit-entity and relation-pattern extraction v2,unique_universe_match,public_at_sec_acceptance,candidate_review_required
fd91698a352c7c1327694def0e13e8ade765462eaea9346f36f9ac38fbbc0c36,CMIN-US:JD,CMIN-US:WMT,JD,WMT,strategic_partner,"Certain Agreements with Walmart In June 2016, we entered into a series of agreements with Walmart in relation to our strategic alliance with Walmart.",20-F,2020-04-15,2020-04-15T20:04:30.000Z,0001193125-20-108084,d875897d20f.htm,0.82,medium,0.95,0.779000,0.070193,2020-04-15T20:04:30.000Z,,0,SEC EDGAR,0001193125-20-108084,https://www.sec.gov/Archives/edgar/data/1549802/000119312520108084/d875897d20f.htm,deterministic explicit-entity and relation-pattern extraction v2,unique_universe_match,public_at_sec_acceptance,accepted
a36acb99317535362de2683edbdbf0eb2af09c389d0416055db3501d439ae0fd,CMIN-US:JD,CMIN-US:WMT,JD,WMT,supplier,"Within the first 24 months after June 20, 2016 (and regardless of Newheight’s percentage of ownership of our share capital) and, after such period, for so long as Newheight holds at least 10% of our then outstanding share capital on a fully diluted basis, if we propose to issue certain new securities, Newheight or a wholly-owned subsidiary of Walmart designated by Newheight has the right to purchase such number of new securities under the same terms and conditions at its election so as to enable Newheight to hold a pro rata portion of the new securities equal to the percentage of our share capital on a fully diluted basis then held by Newheight. • Transfer restrictions .",20-F,2020-04-15,2020-04-15T20:04:30.000Z,0001193125-20-108084,d875897d20f.htm,0.60,low,0.95,0.570000,0.051361,2020-04-15T20:04:30.000Z,,1,SEC EDGAR,0001193125-20-108084,https://www.sec.gov/Archives/edgar/data/1549802/000119312520108084/d875897d20f.htm,deterministic explicit-entity and relation-pattern extraction v2,unique_universe_match,public_at_sec_acceptance,candidate_review_required
d5da9dab21ac5506c0f9d3e5e0ce970f48d19cb3563640e5c30001ef4fa4f114,CMIN-US:ORCL,CMIN-US:MSFT,ORCL,MSFT,customer,"In addition, Oracle Cloud IaaS offers networking, connectivity, and edge 8 Table of Contents Index to Financial Statements services that help connect customer datacenters and third - party clouds such as Microsoft Azure with Oracle Cloud Services .",10-K,2020-06-22,2020-06-22T20:25:49.000Z,0001564590-20-030125,orcl-10k_20200531.htm,0.60,low,0.95,0.570000,0.066735,2020-06-22T20:25:49.000Z,,1,SEC EDGAR,0001564590-20-030125,https://www.sec.gov/Archives/edgar/data/1341439/000156459020030125/orcl-10k_20200531.htm,deterministic explicit-entity and relation-pattern extraction v2,unique_universe_match,public_at_sec_acceptance,candidate_review_required
319c8dbbc5d2070ef95422ddde543712f84e62d710e0358cbbd054c305fb8f8b,CMIN-US:ORCL,CMIN-US:MSFT,ORCL,MSFT,customer,"Our product and service sales (and the relative strength of our products and services versus those of our competitors) are also directly and indirectly affected by the following, among other factors : • market adoption of cloud-based IT offerings including SaaS and IaaS offerings; • the ease of deployment, use, transacting for and maintenance of our products and services offerings; • compatibility between Oracle products and services deployed within local IT environments and public cloud IT environments, including our Oracle Cloud environments; • the adoption of commodity servers and microprocessors; • the broader “platform” competition between our industry standard Java technology platform and the .NET programming environment of Microsoft; • operating system competition among our Oracle Solaris and Linux operating systems, with alternatives including Microsoft’s Windows Server, and other UNIX and Linux operating systems; • the adoption of open source alternatives to commercial software by enterprise software customers; • products, features and functionality developed internally by customers and their IT staff; • products, features and functionality customized and implemented for customers by consultants, systems integrators or other third parties; and • the attractiveness of offerings from business processing outsourcers.",10-K,2020-06-22,2020-06-22T20:25:49.000Z,0001564590-20-030125,orcl-10k_20200531.htm,0.60,low,0.95,0.570000,0.066735,2020-06-22T20:25:49.000Z,,1,SEC EDGAR,0001564590-20-030125,https://www.sec.gov/Archives/edgar/data/1341439/000156459020030125/orcl-10k_20200531.htm,deterministic explicit-entity and relation-pattern extraction v2,unique_universe_match,public_at_sec_acceptance,candidate_review_required
d57fdfa942420ec674f8d4b2986b4b9571bd94db238b2d270bde829e35e42253,CMIN-US:NGG,CMIN-US:TGT,NGG,TGT,customer,"Target: 11–12.5% each year 19/20 18/19 17/18 Customer satisfaction Our UK customer satisfaction (CSAT) KPI comprises Ofgem’s We measure customer and stakeholder satisfaction, while also maintaining electricity and gas transmission customer satisfaction scores. engagement with these groups and improving service levels.",20-F,2020-06-25,2020-06-25T11:40:54.000Z,0001004315-20-000053,nationalgrid20f2020redacdoc.htm,0.60,low,0.95,0.570000,0.067511,2020-06-25T11:40:54.000Z,,1,SEC EDGAR,0001004315-20-000053,https://www.sec.gov/Archives/edgar/data/1004315/000100431520000053/nationalgrid20f2020redacdoc.htm,deterministic explicit-entity and relation-pattern extraction v2,unique_universe_match,public_at_sec_acceptance,candidate_review_required
a8380f596735d87046363008e83406ff701a29a26eae4edfc069876feda3a6b2,CMIN-US:TGT,CMIN-US:NGG,TGT,NGG,supplier,"Target: 5–7% growth each year 19/20 18/19 17/18 Cumulative investment in delivering new 1,440 Investment in delivering new low-carbon energy sources increased low-carbon energy sources (£m) in the year by £738 million (105%).",20-F,2020-06-25,2020-06-25T11:40:54.000Z,0001004315-20-000053,nationalgrid20f2020redacdoc.htm,0.60,low,0.95,0.570000,0.067511,2020-06-25T11:40:54.000Z,,1,SEC EDGAR,0001004315-20-000053,https://www.sec.gov/Archives/edgar/data/1004315/000100431520000053/nationalgrid20f2020redacdoc.htm,deterministic explicit-entity and relation-pattern extraction v2,unique_universe_match,public_at_sec_acceptance,candidate_review_required
8ab29f8f92d41316b574d0a11e985958e35b6ed19bfd4bd21a2447975a04e904,CMIN-US:ADBE,CMIN-US:MSFT,ADBE,MSFT,supplier,"Our products for software developers compete against offerings from Adobe, IBM, Oracle, and other companies, and also against open-source projects, including Eclipse (sponsored by CA Technologies, IBM, Oracle, and SAP), PHP, and Ruby on Rails.",10-K,2020-07-30,2020-07-31T00:44:46.000Z,0001564590-20-034944,msft-10k_20200630.htm,0.60,low,0.95,0.570000,0.077549,2020-07-31T00:44:46.000Z,,1,SEC EDGAR,0001564590-20-034944,https://www.sec.gov/Archives/edgar/data/789019/000156459020034944/msft-10k_20200630.htm,deterministic explicit-entity and relation-pattern extraction v2,unique_universe_match,public_at_sec_acceptance,candidate_review_required
7f28461462858ba92fc6f0e26b0e58b7994a60ce96f97b485b7f2cdbfcbf73e7,CMIN-US:MSFT,CMIN-US:AAPL,MSFT,AAPL,supplier,"Competition Competitors to Office include software and global application vendors, such as Apple, Cisco Systems, Facebook, Google, IBM, Okta, Proofpoint, Slack, Symantec, Zoom, and numerous web-based and mobile application competitors as well as local application developers.",10-K,2020-07-30,2020-07-31T00:44:46.000Z,0001564590-20-034944,msft-10k_20200630.htm,0.60,low,0.95,0.570000,0.077549,2020-07-31T00:44:46.000Z,,1,SEC EDGAR,0001564590-20-034944,https://www.sec.gov/Archives/edgar/data/789019/000156459020034944/msft-10k_20200630.htm,deterministic explicit-entity and relation-pattern extraction v2,unique_universe_match,public_at_sec_acceptance,candidate_review_required
7905c5c3fc743dea1a650bbaed99248fe942a9a57b143b4061e15152ae5b1ecc,CMIN-US:MSFT,CMIN-US:AAPL,MSFT,AAPL,customer,"These manufacturers, many of which are also current or potential partners and customers, include Apple and our Windows OEMs.",10-K,2020-07-30,2020-07-31T00:44:46.000Z,0001564590-20-034944,msft-10k_20200630.htm,0.60,low,0.95,0.570000,0.077549,2020-07-31T00:44:46.000Z,,1,SEC EDGAR,0001564590-20-034944,https://www.sec.gov/Archives/edgar/data/789019/000156459020034944/msft-10k_20200630.htm,deterministic explicit-entity and relation-pattern extraction v2,unique_universe_match,public_at_sec_acceptance,candidate_review_required
a6240de5b80087f86b2ae603e1a1526c84b450080aead7aea6c34de7ed586d70,CMIN-US:MSFT,CMIN-US:CSCO,MSFT,CSCO,supplier,"Competition Competitors to Office include software and global application vendors, such as Apple, Cisco Systems, Facebook, Google, IBM, Okta, Proofpoint, Slack, Symantec, Zoom, and numerous web-based and mobile application competitors as well as local application developers.",10-K,2020-07-30,2020-07-31T00:44:46.000Z,0001564590-20-034944,msft-10k_20200630.htm,0.60,low,0.95,0.570000,0.077549,2020-07-31T00:44:46.000Z,,1,SEC EDGAR,0001564590-20-034944,https://www.sec.gov/Archives/edgar/data/789019/000156459020034944/msft-10k_20200630.htm,deterministic explicit-entity and relation-pattern extraction v2,unique_universe_match,public_at_sec_acceptance,candidate_review_required
8346f0e239e667447d91071619fb125ed3bc11b7124b6574b7a98b01e1222062,CMIN-US:MSFT,CMIN-US:ORCL,MSFT,ORCL,supplier,"8 PART I Item 1 Dynamics competes with vendors such as Oracle, Salesforce.com, and SAP to provide cloud-based and on-premise s business solutions for small, medium, and large organizations.",10-K,2020-07-30,2020-07-31T00:44:46.000Z,0001564590-20-034944,msft-10k_20200630.htm,0.60,low,0.95,0.570000,0.077549,2020-07-31T00:44:46.000Z,,1,SEC EDGAR,0001564590-20-034944,https://www.sec.gov/Archives/edgar/data/789019/000156459020034944/msft-10k_20200630.htm,deterministic explicit-entity and relation-pattern extraction v2,unique_universe_match,public_at_sec_acceptance,candidate_review_required
bcff57870742220d26edda5ccc52407a645acaabcc4063a79a88b1247705a92c,CMIN-US:ORCL,CMIN-US:MSFT,ORCL,MSFT,supplier,"Competition Azure faces diverse competition from companies such as Amazon, Google, IBM, Oracle, VMware, and open source offerings.",10-K,2020-07-30,2020-07-31T00:44:46.000Z,0001564590-20-034944,msft-10k_20200630.htm,0.60,low,0.95,0.570000,0.077549,2020-07-31T00:44:46.000Z,,1,SEC EDGAR,0001564590-20-034944,https://www.sec.gov/Archives/edgar/data/789019/000156459020034944/msft-10k_20200630.htm,deterministic explicit-entity and relation-pattern extraction v2,unique_universe_match,public_at_sec_acceptance,candidate_review_required
401009354b71eb710899290eb0e71d70598c1d55c9c2bb23dac64c3c1786d704,CMIN-US:ORCL,CMIN-US:MSFT,ORCL,MSFT,supplier,"Our products for software developers compete against offerings from Adobe, IBM, Oracle, and other companies, and also against open-source projects, including Eclipse (sponsored by CA Technologies, IBM, Oracle, and SAP), PHP, and Ruby on Rails.",10-K,2020-07-30,2020-07-31T00:44:46.000Z,0001564590-20-034944,msft-10k_20200630.htm,0.60,low,0.95,0.570000,0.077549,2020-07-31T00:44:46.000Z,,1,SEC EDGAR,0001564590-20-034944,https://www.sec.gov/Archives/edgar/data/789019/000156459020034944/msft-10k_20200630.htm,deterministic explicit-entity and relation-pattern extraction v2,unique_universe_match,public_at_sec_acceptance,candidate_review_required
3dc526de2f1acd89f0a5546bd70c2b3ae96c259a2c23c871542cccb01b1c93ba,CMIN-US:PG,CMIN-US:WMT,PG,WMT,customer,"Sales to Walmart Inc. and its affiliates represent approximately 15% of our total sales in 2020, 2019 and 2018.",10-K,2020-08-06,2020-08-06T20:17:03.000Z,0000080424-20-000053,pg-20200630.htm,0.97,high,0.95,0.921500,0.128302,2020-08-06T20:17:03.000Z,,1,SEC EDGAR,0000080424-20-000053,https://www.sec.gov/Archives/edgar/data/80424/000008042420000053/pg-20200630.htm,deterministic explicit-entity and relation-pattern extraction v2,unique_universe_match,public_at_sec_acceptance,accepted
16ae0e5f29304abc37a7210c9f051923edb5e5d718f31a663b4942503d6a89fb,CMIN-US:PG,CMIN-US:WMT,PG,WMT,customer,"No country, other than the United States, exceeds 10% of the consolidated net sales or long-lived assets.Our largest customer, Walmart Inc. and its affiliates, accounted for consolidated net sales of approximately 15% in 2020, 2019 and 2018.",10-K,2020-08-06,2020-08-06T20:17:03.000Z,0000080424-20-000053,pg-20200630.htm,0.97,high,0.95,0.921500,0.128302,2020-08-06T20:17:03.000Z,,1,SEC EDGAR,0000080424-20-000053,https://www.sec.gov/Archives/edgar/data/80424/000008042420000053/pg-20200630.htm,deterministic explicit-entity and relation-pattern extraction v2,unique_universe_match,public_at_sec_acceptance,accepted
32ebafd6f8ffe07f0b07c3b0c0921236b849cf7b7b5550bcb0c69eeb24e4b049,CMIN-US:PG,CMIN-US:WMT,PG,WMT,customer,"Sales to Walmart Inc. and its affiliates represent approximately 15% of our total sales in 2020, 2019 and 2018.",10-K/A,2020-08-07,2020-08-07T23:26:38.000Z,0000080424-20-000059,pg-20200630.htm,0.97,high,0.95,0.921500,0.128797,2020-08-07T23:26:38.000Z,,1,SEC EDGAR,0000080424-20-000059,https://www.sec.gov/Archives/edgar/data/80424/000008042420000059/pg-20200630.htm,deterministic explicit-entity and relation-pattern extraction v2,unique_universe_match,public_at_sec_acceptance,accepted
62204186b69b4b64726f6718bf7a513ec90a50a6ec52d04ac8f062af5843f17b,CMIN-US:PG,CMIN-US:WMT,PG,WMT,customer,"No country, other than the United States, exceeds 10% of the consolidated net sales or long-lived assets.Our largest customer, Walmart Inc. and its affiliates, accounted for consolidated net sales of approximately 15% in 2020, 2019 and 2018.",10-K/A,2020-08-07,2020-08-07T23:26:38.000Z,0000080424-20-000059,pg-20200630.htm,0.97,high,0.95,0.921500,0.128797,2020-08-07T23:26:38.000Z,,1,SEC EDGAR,0000080424-20-000059,https://www.sec.gov/Archives/edgar/data/80424/000008042420000059/pg-20200630.htm,deterministic explicit-entity and relation-pattern extraction v2,unique_universe_match,public_at_sec_acceptance,accepted
40cdd91116bc24c10fb477a309018b0d3ea0f63a332667dfaa5ce6abb8bfcef1,CMIN-US:CSCO,CMIN-US:CHTR,CSCO,CHTR,customer,"Chanbond alleges that 13 service provider companies, including among others, Comcast Corporation, Charter Communications, Inc. (“Charter”), Time Warner Cable, Inc. (subsequently acquired by Charter), Cox Communications, Inc. (“Cox”), and Cablevision Systems Corporation, infringe three patents by providing high speed cable internet services to their customers utilizing cable modems and cable modem termination systems, consistent with the DOCSIS 3.0 standard, provided by 91 Table of Contents us and other manufacturers generally used in combination with each other.",10-K,2020-09-03,2020-09-03T21:05:55.000Z,0000858877-20-000010,csco-2020725x10k.htm,0.60,low,0.95,0.570000,0.088397,2020-09-03T21:05:55.000Z,,1,SEC EDGAR,0000858877-20-000010,https://www.sec.gov/Archives/edgar/data/858877/000085887720000010/csco-2020725x10k.htm,deterministic explicit-entity and relation-pattern extraction v2,unique_universe_match,public_at_sec_acceptance,candidate_review_required
c75e6194a3dd3c40ad36b3e935f4ed715c8803aaaa19e97cbb3f7481b2867ea8,CMIN-US:CSCO,CMIN-US:CMCSA,CSCO,CMCSA,customer,"Chanbond alleges that 13 service provider companies, including among others, Comcast Corporation, Charter Communications, Inc. (“Charter”), Time Warner Cable, Inc. (subsequently acquired by Charter), Cox Communications, Inc. (“Cox”), and Cablevision Systems Corporation, infringe three patents by providing high speed cable internet services to their customers utilizing cable modems and cable modem termination systems, consistent with the DOCSIS 3.0 standard, provided by 91 Table of Contents us and other manufacturers generally used in combination with each other.",10-K,2020-09-03,2020-09-03T21:05:55.000Z,0000858877-20-000010,csco-2020725x10k.htm,0.60,low,0.95,0.570000,0.088397,2020-09-03T21:05:55.000Z,,1,SEC EDGAR,0000858877-20-000010,https://www.sec.gov/Archives/edgar/data/858877/000085887720000010/csco-2020725x10k.htm,deterministic explicit-entity and relation-pattern extraction v2,unique_universe_match,public_at_sec_acceptance,candidate_review_required
db35ce048f68ef638b0302142ab534ef891696f0d4592f2cd92338ffb1ea99f3,CMIN-US:CSCO,CMIN-US:COST,CSCO,COST,supplier,"Consolidated Statements of Operations (in millions, except per-share amounts) Years Ended July 25, 2020 July 27, 2019 July 28, 2018 REVENUE: Product $ 35,978 $ 39,005 $ 36,709 Service 13,323 12,899 12,621 Total revenue 49,301 51,904 49,330 COST OF SALES: Product 13,199 14,863 14,427 Service 4,419 4,375 4,297 Total cost of sales 17,618 19,238 18,724 GROSS MARGIN 31,683 32,666 30,606 OPERATING EXPENSES: Research and development 6,347 6,577 6,332 Sales and marketing 9,169 9,571 9,242 General and administrative 1,925 1,827 2,144 Amortization of purchased intangible assets 141 150 221 Restructuring and other charges 481 322 358 Total operating expenses 18,063 18,447 18,297 OPERATING INCOME 13,620 14,219 12,309 Interest income 920 1,308 1,508 Interest expense ( 585 ) ( 859 ) ( 943 ) Other income (loss), net 15 ( 97 ) 165 Interest and other income (loss), net 350 352 730 INCOME BEFORE PROVISION FOR INCOME TAXES 13,970 14,571 13,039 Provision for income taxes 2,756 2,950 12,929 NET INCOME $ 11,214 $ 11,621 $ 110 Net income per share: Basic $ 2.65 $ 2.63 $ 0.02 Diluted $ 2.64 $ 2.61 $ 0.02 Shares used in per-share calculation: Basic 4,236 4,419 4,837 Diluted 4,254 4,453 4,881 See Notes to Consolidated Financial Statements.",10-K,2020-09-03,2020-09-03T21:05:55.000Z,0000858877-20-000010,csco-2020725x10k.htm,0.60,low,0.95,0.570000,0.088397,2020-09-03T21:05:55.000Z,,1,SEC EDGAR,0000858877-20-000010,https://www.sec.gov/Archives/edgar/data/858877/000085887720000010/csco-2020725x10k.htm,deterministic explicit-entity and relation-pattern extraction v2,unique_universe_match,public_at_sec_acceptance,candidate_review_required
05062c463438060c0dfc0610702def3b9abba626dcdfe8a84934ab4b671977f1,CMIN-US:SBUX,CMIN-US:PEP,SBUX,PEP,strategic_partner,"A large portion of our Channel Development business operates under a licensed model of the Global Coffee Alliance with Nestlé, while our global ready-to-drink businesses operate under collaborative relationships with PepsiCo, Inc., Anheuser-Busch Companies, LLC, Tingyi-Ashi Beverages Holding Co., Ltd., Arla Foods amba and others.Revenue ComponentsWe generate the majority of our revenues through company-operated stores and licensed stores.",10-K,2020-11-12,2020-11-12T21:59:07.000Z,0000829224-20-000078,sbux-20200927.htm,0.82,medium,0.95,0.779000,0.158186,2020-11-12T21:59:07.000Z,,0,SEC EDGAR,0000829224-20-000078,https://www.sec.gov/Archives/edgar/data/829224/000082922420000078/sbux-20200927.htm,deterministic explicit-entity and relation-pattern extraction v2,unique_universe_match,public_at_sec_acceptance,accepted
8e64d16b946b514107c8772c5ea8020833b037100736a7900a46a7cd254b6a98,CMIN-US:SBUX,CMIN-US:UL,SBUX,UL,strategic_partner,"Royalty relief granted to licensees during the third fiscal quarter also contributed to the decline (approximately 80 basis points).30Table of ContentsChannel DevelopmentFiscal Year EndedSep 27,2020Sep 29,2019Sep 27,2020Sep 29,2019As a % of Channel Development Total Net RevenuesNet revenues$1,925.0 $1,992.6 Product and distribution costs1,338.1 1,390.0 69.5 69.8 Other operating expenses108.2 76.2 5.6 3.8 Depreciation and amortization expenses1.2 13.0 0.1 0.7 General and administrative expenses10.5 11.5 0.5 0.6 Total operating expenses1,458.0 1,490.7 75.7 74.8 Income from equity investees220.2 195.6 11.4 9.8 Operating income$687.2 $697.5 35.7 %35.0 %RevenuesChannel Development total net revenues for fiscal 2020 decreased $68 million, or 3% compared to fiscal 2019, primarily due to the lapping of higher transition activities related to the Global Coffee Alliance ($115 million) and product sales to Unilever as a result of the sale and transition of the Tazo brand ($34 million).",10-K,2020-11-12,2020-11-12T21:59:07.000Z,0000829224-20-000078,sbux-20200927.htm,0.60,low,0.95,0.570000,0.115746,2020-11-12T21:59:07.000Z,,0,SEC EDGAR,0000829224-20-000078,https://www.sec.gov/Archives/edgar/data/829224/000082922420000078/sbux-20200927.htm,deterministic explicit-entity and relation-pattern extraction v2,unique_universe_match,public_at_sec_acceptance,candidate_review_required
fc59c21f2cef3d02cc3295bec66f30b7b87851f954e022604639243bd729449c,CMIN-US:V,CMIN-US:MA,V,MA,supplier,"The following chart compares our network with these network competitors for calendar year 2019(1):VisaMastercardAmerican ExpressJCBDiners ClubPayments Volume ($B)8,9414,7671,225313179Total Volume ($B)11,7576,4681,241320194Total Transactions (B)207122943Cards (M)3,4542,17211414066(1) Mastercard, American Express, JCB and Diners Club / Discover data sourced from The Nilson Report issue 1178 (June 2020).",10-K,2020-11-19,2020-11-19T21:03:34.000Z,0001403161-20-000070,v-20200930.htm,0.60,low,0.95,0.570000,0.118908,2020-11-19T21:03:34.000Z,,1,SEC EDGAR,0001403161-20-000070,https://www.sec.gov/Archives/edgar/data/1403161/000140316120000070/v-20200930.htm,deterministic explicit-entity and relation-pattern extraction v2,unique_universe_match,public_at_sec_acceptance,candidate_review_required
903070f4624dc878425d780265f0b91c4c438e89b1109d32640f659e178ebf99,CMIN-US:AVGO,CMIN-US:AAPL,AVGO,AAPL,customer,"We believe aggregate sales to Apple Inc., through all channels, accounted for approximately 15% and 20% of our net revenue for fiscal years 2020 and 2019, respectively.",10-K,2020-12-18,2020-12-18T22:07:10.000Z,0001730168-20-000226,avgo-20201101.htm,0.97,high,0.95,0.921500,0.214947,2020-12-18T22:07:10.000Z,,1,SEC EDGAR,0001730168-20-000226,https://www.sec.gov/Archives/edgar/data/1730168/000173016820000226/avgo-20201101.htm,deterministic explicit-entity and relation-pattern extraction v2,unique_universe_match,public_at_sec_acceptance,accepted
cdb2c3377c81715bbeda7763cc4ad90879fa689d71d395209ac276157cdf7cae,CMIN-US:AVGO,CMIN-US:AAPL,AVGO,AAPL,customer,"We believe aggregate sales, through all channels, to Apple and our top five end customers, accounted for approximately 15% and more than 30% of our net revenue for fiscal year 2020, respectively.",10-K,2020-12-18,2020-12-18T22:07:10.000Z,0001730168-20-000226,avgo-20201101.htm,0.97,high,0.95,0.921500,0.214947,2020-12-18T22:07:10.000Z,,1,SEC EDGAR,0001730168-20-000226,https://www.sec.gov/Archives/edgar/data/1730168/000173016820000226/avgo-20201101.htm,deterministic explicit-entity and relation-pattern extraction v2,unique_universe_match,public_at_sec_acceptance,accepted
a4dc455b05d46cd32bbcd38ed9d517d5c59bf7d45cc689656a927285c0a9f2cf,CMIN-US:ADBE,CMIN-US:AAPL,ADBE,AAPL,customer,"The failure of third parties to provide acceptable products and services or to update their technology, including during the COVID-19 pandemic, may result in a disruption to our business operations and those of our customers, which may reduce our revenues and profits, cause us to lose customers and damage our reputation.We increasingly utilize the distribution platforms of third parties like Apple’s App Store and Google’s Play Store for the distribution of certain of our product offerings.",10-K,2021-01-15,2021-01-15T21:03:42.000Z,0000796343-21-000004,adbe-20201127.htm,0.60,low,0.95,0.570000,0.148094,2021-01-15T21:03:42.000Z,,1,SEC EDGAR,0000796343-21-000004,https://www.sec.gov/Archives/edgar/data/796343/000079634321000004/adbe-20201127.htm,deterministic explicit-entity and relation-pattern extraction v2,unique_universe_match,public_at_sec_acceptance,candidate_review_required
d0a8a795bd0d59f170410d414714d59d62ca0dd7e20015c85b247e5239831eaf,CMIN-US:AAPL,CMIN-US:CHTR,AAPL,CHTR,supplier,"Other online video business models and products have also developed, some offered by programmers that have not traditionally sold programming directly to consumers, including, (i) subscription video on demand (“SVOD”) services such as Netflix, Apple TV+, Amazon Prime, Hulu Plus, Disney+, HBO Max, Peacock, CBS All Access, Starz and Showtime Anytime, (ii) ad-supported free online video products, including YouTube and Pluto TV, some of which offer programming for free to consumers that we currently purchase for a fee, (iii) pay-per-view products, such as iTunes and Amazon Instant, and (iv) additional offerings from mobile providers which continue to integrate and bundle video services and mobile products.",10-K,2021-01-29,2021-01-29T12:06:30.000Z,0001091667-21-000022,chtr-20201231.htm,0.60,low,0.95,0.570000,0.156298,2021-01-29T12:06:30.000Z,,1,SEC EDGAR,0001091667-21-000022,https://www.sec.gov/Archives/edgar/data/1091667/000109166721000022/chtr-20201231.htm,deterministic explicit-entity and relation-pattern extraction v2,unique_universe_match,public_at_sec_acceptance,candidate_review_required
367d43981fd2e5a9d683201a06f3d520673c88e0725b3f469d84f227e27bb951,CMIN-US:CHTR,CMIN-US:AAPL,CHTR,AAPL,customer,"In addition, we refreshed our device portfolio with new devices including 5G models from Apple, Google and Samsung that include installment plan and trade-in options along with a bring-your-own-device (“BYOD”) program which lowers the costs for our customers switching to Spectrum Mobile from other mobile operators.Commercial Services We offer scalable broadband communications solutions for businesses and carrier organizations of all sizes, selling Internet access, data networking, fiber connectivity to cellular towers and office buildings, video entertainment services and business telephone services.",10-K,2021-01-29,2021-01-29T12:06:30.000Z,0001091667-21-000022,chtr-20201231.htm,0.60,low,0.95,0.570000,0.156298,2021-01-29T12:06:30.000Z,,1,SEC EDGAR,0001091667-21-000022,https://www.sec.gov/Archives/edgar/data/1091667/000109166721000022/chtr-20201231.htm,deterministic explicit-entity and relation-pattern extraction v2,unique_universe_match,public_at_sec_acceptance,candidate_review_required
f5f3c3f1bf08c8f521b699f06b8f6830828f2e72c05df1c87c873348b82073cf,CMIN-US:CHTR,CMIN-US:VZ,CHTR,VZ,customer,"In addition, we extend Internet connectivity to our customers beyond the home via our Spectrum Mobile product through our mobile virtual network operator (“MVNO”) reseller agreement with Verizon Communications Inc. (""Verizon"").",10-K,2021-01-29,2021-01-29T12:06:30.000Z,0001091667-21-000022,chtr-20201231.htm,0.60,low,0.95,0.570000,0.156298,2021-01-29T12:06:30.000Z,,1,SEC EDGAR,0001091667-21-000022,https://www.sec.gov/Archives/edgar/data/1091667/000109166721000022/chtr-20201231.htm,deterministic explicit-entity and relation-pattern extraction v2,unique_universe_match,public_at_sec_acceptance,candidate_review_required
51749ff35d538dd978890566fb812334f19968243b3ebdc805622547b4156df4,CMIN-US:NFLX,CMIN-US:CHTR,NFLX,CHTR,supplier,"Other online video business models and products have also developed, some offered by programmers that have not traditionally sold programming directly to consumers, including, (i) subscription video on demand (“SVOD”) services such as Netflix, Apple TV+, Amazon Prime, Hulu Plus, Disney+, HBO Max, Peacock, CBS All Access, Starz and Showtime Anytime, (ii) ad-supported free online video products, including YouTube and Pluto TV, some of which offer programming for free to consumers that we currently purchase for a fee, (iii) pay-per-view products, such as iTunes and Amazon Instant, and (iv) additional offerings from mobile providers which continue to integrate and bundle video services and mobile products.",10-K,2021-01-29,2021-01-29T12:06:30.000Z,0001091667-21-000022,chtr-20201231.htm,0.60,low,0.95,0.570000,0.156298,2021-01-29T12:06:30.000Z,,1,SEC EDGAR,0001091667-21-000022,https://www.sec.gov/Archives/edgar/data/1091667/000109166721000022/chtr-20201231.htm,deterministic explicit-entity and relation-pattern extraction v2,unique_universe_match,public_at_sec_acceptance,candidate_review_required
7c7c27f52cad6fb8e0eee7df01d8e813605f05efdc699905f3ef981551e0f32e,CMIN-US:AAPL,CMIN-US:GOOG,AAPL,GOOG,supplier,"We face competition from:•Other digital content and application platform providers, such as Amazon and Apple.7Table of ContentsAlphabet Inc.•Companies that design, manufacture, and market consumer hardware products, including businesses that have developed proprietary platforms.•Providers of enterprise cloud services, including Alibaba, Amazon, and Microsoft.•Digital assistant providers, such as Amazon and Apple.Competing successfully depends heavily on our ability to deliver and distribute innovative products and technologies to the marketplace across our businesses.",10-K,2021-02-03,2021-02-03T01:12:25.000Z,0001652044-21-000010,goog-20201231.htm,0.60,low,0.95,0.570000,0.159336,2021-02-03T01:12:25.000Z,,1,SEC EDGAR,0001652044-21-000010,https://www.sec.gov/Archives/edgar/data/1652044/000165204421000010/goog-20201231.htm,deterministic explicit-entity and relation-pattern extraction v2,unique_universe_match,public_at_sec_acceptance,candidate_review_required
44c734d6efc31ec24acca12bc12f874467ab7631f13c0770e87ac4179e3faed7,CMIN-US:BABA,CMIN-US:GOOG,BABA,GOOG,supplier,"We face competition from:•Other digital content and application platform providers, such as Amazon and Apple.7Table of ContentsAlphabet Inc.•Companies that design, manufacture, and market consumer hardware products, including businesses that have developed proprietary platforms.•Providers of enterprise cloud services, including Alibaba, Amazon, and Microsoft.•Digital assistant providers, such as Amazon and Apple.Competing successfully depends heavily on our ability to deliver and distribute innovative products and technologies to the marketplace across our businesses.",10-K,2021-02-03,2021-02-03T01:12:25.000Z,0001652044-21-000010,goog-20201231.htm,0.60,low,0.95,0.570000,0.159336,2021-02-03T01:12:25.000Z,,1,SEC EDGAR,0001652044-21-000010,https://www.sec.gov/Archives/edgar/data/1652044/000165204421000010/goog-20201231.htm,deterministic explicit-entity and relation-pattern extraction v2,unique_universe_match,public_at_sec_acceptance,candidate_review_required
6ab830fd0d73abe78a1509123bb75d19e261fd4df908cc6689fc46381ad7e131,CMIN-US:GOOG,CMIN-US:AAPL,GOOG,AAPL,customer,"Our advertisers typically advertise in multiple media, both online and offline.•Other online advertising platforms and networks, including Amazon, AppNexus, Criteo, and Facebook, that compete for advertisers that use Google Ads, our primary auction-based advertising platform.•Providers of digital video services, such as Amazon, Apple, AT&T, Disney, Facebook, Hulu, Netflix and TikTok.In businesses that are further afield from our advertising business, we compete with companies that have longer operating histories and more established relationships with customers and users.",10-K,2021-02-03,2021-02-03T01:12:25.000Z,0001652044-21-000010,goog-20201231.htm,0.60,low,0.95,0.570000,0.159336,2021-02-03T01:12:25.000Z,,1,SEC EDGAR,0001652044-21-000010,https://www.sec.gov/Archives/edgar/data/1652044/000165204421000010/goog-20201231.htm,deterministic explicit-entity and relation-pattern extraction v2,unique_universe_match,public_at_sec_acceptance,candidate_review_required
abfbba11e7b094a474d5d919ce17a89bcd1c88ec95f2f5ea1837381f860408c2,CMIN-US:GOOG,CMIN-US:NFLX,GOOG,NFLX,customer,"Our advertisers typically advertise in multiple media, both online and offline.•Other online advertising platforms and networks, including Amazon, AppNexus, Criteo, and Facebook, that compete for advertisers that use Google Ads, our primary auction-based advertising platform.•Providers of digital video services, such as Amazon, Apple, AT&T, Disney, Facebook, Hulu, Netflix and TikTok.In businesses that are further afield from our advertising business, we compete with companies that have longer operating histories and more established relationships with customers and users.",10-K,2021-02-03,2021-02-03T01:12:25.000Z,0001652044-21-000010,goog-20201231.htm,0.60,low,0.95,0.570000,0.159336,2021-02-03T01:12:25.000Z,,1,SEC EDGAR,0001652044-21-000010,https://www.sec.gov/Archives/edgar/data/1652044/000165204421000010/goog-20201231.htm,deterministic explicit-entity and relation-pattern extraction v2,unique_universe_match,public_at_sec_acceptance,candidate_review_required
2fee1fbf25e310cf7e23028e0d27c98545352876444614c7d665eb91c64414cd,CMIN-US:GOOG,CMIN-US:ORCL,GOOG,ORCL,customer,"In addition, our customers and partners may discontinue the use of our products, services, and technologies, as a result of injunctions or otherwise, which could result in loss of revenues and adversely affect our business.In 2010, Oracle America, Inc. (""Oracle"") brought a copyright lawsuit against Google in the Northern District of California, alleging that Google's Android operating system infringes Oracle's copyrights related to certain Java application programming interfaces.",10-K,2021-02-03,2021-02-03T01:12:25.000Z,0001652044-21-000010,goog-20201231.htm,0.60,low,0.95,0.570000,0.159336,2021-02-03T01:12:25.000Z,,1,SEC EDGAR,0001652044-21-000010,https://www.sec.gov/Archives/edgar/data/1652044/000165204421000010/goog-20201231.htm,deterministic explicit-entity and relation-pattern extraction v2,unique_universe_match,public_at_sec_acceptance,candidate_review_required
fc95681dd7dc30ec5ca0b9fdbed7dcb49187fe4fe9ac62f10380e39b6fb317e1,CMIN-US:MSFT,CMIN-US:GOOG,MSFT,GOOG,supplier,"We face competition from:•Other digital content and application platform providers, such as Amazon and Apple.7Table of ContentsAlphabet Inc.•Companies that design, manufacture, and market consumer hardware products, including businesses that have developed proprietary platforms.•Providers of enterprise cloud services, including Alibaba, Amazon, and Microsoft.•Digital assistant providers, such as Amazon and Apple.Competing successfully depends heavily on our ability to deliver and distribute innovative products and technologies to the marketplace across our businesses.",10-K,2021-02-03,2021-02-03T01:12:25.000Z,0001652044-21-000010,goog-20201231.htm,0.60,low,0.95,0.570000,0.159336,2021-02-03T01:12:25.000Z,,1,SEC EDGAR,0001652044-21-000010,https://www.sec.gov/Archives/edgar/data/1652044/000165204421000010/goog-20201231.htm,deterministic explicit-entity and relation-pattern extraction v2,unique_universe_match,public_at_sec_acceptance,candidate_review_required
0c5420af83101c2ac7de2f1a13e83fe326eed982383ae7018acaa78becce4983,CMIN-US:CMCSA,CMIN-US:NFLX,CMCSA,NFLX,customer,"Through the Sky Q platform, customers have integrated search functionality, including the use of a voice-activated remote control; personalized recommendations; and access to and the integration of content from DTC streaming services such as Amazon Prime Video, Discovery+, Disney+, Netflix and YouTube, and a variety of other internet-based apps providing content and music.",10-K,2021-02-04,2021-02-03T23:08:14.000Z,0001166691-21-000008,cmcsa-20201231.htm,0.60,low,0.95,0.570000,0.159336,2021-02-03T23:08:14.000Z,,1,SEC EDGAR,0001166691-21-000008,https://www.sec.gov/Archives/edgar/data/1166691/000116669121000008/cmcsa-20201231.htm,deterministic explicit-entity and relation-pattern extraction v2,unique_universe_match,public_at_sec_acceptance,candidate_review_required
45b710ca0061b084a088fa3c301d7a3d4f43ff14fbd2ac526047d826ed716239,CMIN-US:AAPL,CMIN-US:SNAP,AAPL,SNAP,supplier,"Our Partners We primarily rely on Google, Apple, and Amazon to operate our service and provide the mobile operating systems for our applications.",10-K,2021-02-05,2021-02-05T01:51:20.000Z,0001564590-21-004377,snap-10k_20201231.htm,0.96,high,0.95,0.912000,0.256909,2021-02-05T01:51:20.000Z,,1,SEC EDGAR,0001564590-21-004377,https://www.sec.gov/Archives/edgar/data/1564408/000156459021004377/snap-10k_20201231.htm,deterministic explicit-entity and relation-pattern extraction v2,unique_universe_match,public_at_sec_acceptance,accepted
cdbc1adece97043372e43e8e16e7568585511173abee4007feb55e39ffa4ae32,CMIN-US:V,CMIN-US:TSLA,V,TSLA,supplier,"Sustaining our production trajectory will require the readiness and solvency of our suppliers and vendors, a stable and motivated production workforce and ongoing government cooperation, including for travel and visa allowances.",10-K,2021-02-08,2021-02-08T12:27:23.000Z,0001564590-21-004599,tsla-10k_20201231.htm,0.60,low,0.95,0.570000,0.162434,2021-02-08T12:27:23.000Z,,1,SEC EDGAR,0001564590-21-004599,https://www.sec.gov/Archives/edgar/data/1318605/000156459021004599/tsla-10k_20201231.htm,deterministic explicit-entity and relation-pattern extraction v2,unique_universe_match,public_at_sec_acceptance,candidate_review_required
830729e98cc7c3e8a0899982b0cf8a4aa135e9ad523cdc4e5f1fc946d5b00491,CMIN-US:ASML,CMIN-US:MSFT,ASML,MSFT,customer,"A cross-functional team used gaming-inspired augmented reality (AR) to turn a potential problem – delays in providing customer support – into a new opportunity, ushering in a new era of remote support.We developed an AR solution using Microsoft 3D HoloLens headsets that allows subject-matter experts to enter customer cleanrooms virtually to both troubleshoot and complete service actions.",20-F,2021-02-10,2021-02-10T11:10:28.000Z,0000937966-21-000007,asml-20201231.htm,0.60,low,0.95,0.570000,0.163690,2021-02-10T11:10:28.000Z,,1,SEC EDGAR,0000937966-21-000007,https://www.sec.gov/Archives/edgar/data/937966/000093796621000007/asml-20201231.htm,deterministic explicit-entity and relation-pattern extraction v2,unique_universe_match,public_at_sec_acceptance,candidate_review_required
f9fff2e4ad60c5844487d425b6689ab4478afd46cb01cdc1d5271acf4289c2b8,CMIN-US:ASML,CMIN-US:V,ASML,V,customer,"Protectionism and bureaucracy are increasing, as well as restrictions impacting international knowledge workers from certain countries, (e.g. restricted technology access, visa/travel restrictions).We aim to serve and support all our customers around the world to the best of our ability, while being compliant with laws and regulations set by the jurisdictions where we operate.•Political•Continuity of own operations•Human resource•Business modelRisk response•Monitor geopolitical developments•Apply for export licenses as required•Comply with (existing and new) regulations•Collaborate with peers in global advocacyIncreasing complexity of regulatory requirementsRisk categoryRules and regulations are becoming more complex, in particular those relating to trade, national security, tax, exchange controls, reporting, anti-corruption laws, climate change, data protection, product safety.We are committed to full compliance with relevant laws and regulations. •Violations of laws and regulations•Product stewardship•Environment health and safetyRisk response•Code of Conduct and Business Principles•Corporate policies such as Anti-bribery & corruption, Anti-fraud, Antitrust, Insider trading, Tax and Export control•Speak Up policy and system•Implementation of global compliance program •Establishment of Privacy Office and implementation of personal data protection program including, among others, the following elements: governance, systems & procedures, disciplinary actions, audits.ASML ANNUAL REPORT 2020 94Risk factorsIn conducting our business, we face many risks that may interfere with our business objectives.",20-F,2021-02-10,2021-02-10T11:10:28.000Z,0000937966-21-000007,asml-20201231.htm,0.60,low,0.95,0.570000,0.163690,2021-02-10T11:10:28.000Z,,1,SEC EDGAR,0000937966-21-000007,https://www.sec.gov/Archives/edgar/data/937966/000093796621000007/asml-20201231.htm,deterministic explicit-entity and relation-pattern extraction v2,unique_universe_match,public_at_sec_acceptance,candidate_review_required
7b622f0c9bc308ef3c4772519b3093cf22df3a0446d28015990fbc60608b7da7,CMIN-US:PEP,CMIN-US:KO,PEP,KO,supplier,"However, The Coca-Cola Company has significant carbonated soft drink (CSD) share advantage in many markets outside the United States.Our beverage, food and snack products compete primarily on the basis of brand recognition and loyalty, taste, price, value, quality, product variety, innovation, distribution, advertising, marketing and promotional activity (including digital), packaging, convenience, service and the ability to anticipate and effectively respond to consumer preferences and trends, including increased consumer focus on health and wellness and the continued acceleration of e-commerce and other methods of distributing and purchasing products.",10-K,2021-02-11,2021-02-10T22:41:49.000Z,0000077476-21-000007,pep-20201226.htm,0.60,low,0.95,0.570000,0.163690,2021-02-10T22:41:49.000Z,,1,SEC EDGAR,0000077476-21-000007,https://www.sec.gov/Archives/edgar/data/77476/000007747621000007/pep-20201226.htm,deterministic explicit-entity and relation-pattern extraction v2,unique_universe_match,public_at_sec_acceptance,candidate_review_required
fb25795bebb92009c016c36623f80250c7573ea923c7499c5ec6f17375d9cbb8,CMIN-US:PEP,CMIN-US:WMT,PEP,WMT,customer,"In 2020, sales to Walmart Inc. (Walmart) and its affiliates, including Sam’s Club (Sam’s), represented approximately 14% of our consolidated net revenue, with sales reported across all of our divisions, including concentrate sales to our independent bottlers, which were used in finished goods sold by them to Walmart.",10-K,2021-02-11,2021-02-10T22:41:49.000Z,0000077476-21-000007,pep-20201226.htm,0.97,high,0.95,0.921500,0.264631,2021-02-10T22:41:49.000Z,,1,SEC EDGAR,0000077476-21-000007,https://www.sec.gov/Archives/edgar/data/77476/000007747621000007/pep-20201226.htm,deterministic explicit-entity and relation-pattern extraction v2,unique_universe_match,public_at_sec_acceptance,accepted
5e5bc8a261cd0e686a48994baf0bc6b64d305b6b4d0a0f833ac9da26f52bf06b,CMIN-US:PEP,CMIN-US:WMT,PEP,WMT,customer,"Further, we must maintain mutually beneficial relationships with our key customers, including Walmart, to compete effectively.",10-K,2021-02-11,2021-02-10T22:41:49.000Z,0000077476-21-000007,pep-20201226.htm,0.92,high,0.95,0.874000,0.250991,2021-02-10T22:41:49.000Z,,1,SEC EDGAR,0000077476-21-000007,https://www.sec.gov/Archives/edgar/data/77476/000007747621000007/pep-20201226.htm,deterministic explicit-entity and relation-pattern extraction v2,unique_universe_match,public_at_sec_acceptance,accepted
2173accab593e912e8133cec6e22de152f9ea74f78492ea377575967894dfb71,CMIN-US:PEP,CMIN-US:WMT,PEP,WMT,customer,"Prior to that, he served as General Manager and Senior Vice President, Customer Management for PepsiCo’s global Walmart business from 2013 to 2016, as Sales Senior Vice President, North American Nutrition from 2011 to 2013 and as Vice President, Sales, Central Division from 2009 to 2011.",10-K,2021-02-11,2021-02-10T22:41:49.000Z,0000077476-21-000007,pep-20201226.htm,0.60,low,0.95,0.570000,0.163690,2021-02-10T22:41:49.000Z,,1,SEC EDGAR,0000077476-21-000007,https://www.sec.gov/Archives/edgar/data/77476/000007747621000007/pep-20201226.htm,deterministic explicit-entity and relation-pattern extraction v2,unique_universe_match,public_at_sec_acceptance,candidate_review_required
fd52973097b93dd2cad22e317eb1b62a6b2b4a525a45a71dd5a3b71be79e70a8,CMIN-US:PEP,CMIN-US:WMT,PEP,WMT,customer,"Expected credit loss expense is classified within selling, general and administrative expenses on our income statement.We are exposed to concentration of credit risk from our major customers, including Walmart.",10-K,2021-02-11,2021-02-10T22:41:49.000Z,0000077476-21-000007,pep-20201226.htm,0.92,high,0.95,0.874000,0.250991,2021-02-10T22:41:49.000Z,,1,SEC EDGAR,0000077476-21-000007,https://www.sec.gov/Archives/edgar/data/77476/000007747621000007/pep-20201226.htm,deterministic explicit-entity and relation-pattern extraction v2,unique_universe_match,public_at_sec_acceptance,accepted
c6753239d4bd2e338a3c3f311fa700e0cce8e00cc23b0c8aaef3bb540d64ef0b,CMIN-US:PEP,CMIN-US:WMT,PEP,WMT,customer,"In 2020, sales to Walmart and its affiliates (including Sam’s) represented approximately 14% of our consolidated net revenue, including concentrate sales to our independent bottlers, which were used in finished goods sold by them to Walmart.",10-K,2021-02-11,2021-02-10T22:41:49.000Z,0000077476-21-000007,pep-20201226.htm,0.97,high,0.95,0.921500,0.264631,2021-02-10T22:41:49.000Z,,1,SEC EDGAR,0000077476-21-000007,https://www.sec.gov/Archives/edgar/data/77476/000007747621000007/pep-20201226.htm,deterministic explicit-entity and relation-pattern extraction v2,unique_universe_match,public_at_sec_acceptance,accepted
aef0c6c9715acaf86a970163690671be83702601a859662a7d03e6131f4344a8,CMIN-US:PLD,CMIN-US:PEP,PLD,PEP,customer,PepsiCo 0.6 3 Top 10 Customers 16.3 63 11.,10-K,2021-02-11,2021-02-10T22:36:58.000Z,0001564590-21-005312,pld-10k_20201231.htm,0.60,low,0.95,0.570000,0.163690,2021-02-10T22:36:58.000Z,,1,SEC EDGAR,0001564590-21-005312,https://www.sec.gov/Archives/edgar/data/1045609/000156459021005312/pld-10k_20201231.htm,deterministic explicit-entity and relation-pattern extraction v2,unique_universe_match,public_at_sec_acceptance,candidate_review_required
289b5742e297344034b5e84d715e810ab57de44781246a8aa829fa1b721d5636,CMIN-US:HON,CMIN-US:RTX,HON,RTX,customer,"Some of our key competitors include but are not limited to:•Aerospace: Garmin, Raytheon Technologies, Safran and Thales•Honeywell Building Technologies: Carrier Global, Johnson Controls, Schneider Electric and Siemens•Performance Materials and Technologies: ABB, Albemarle, Arkema, BASF, Dupont, Emerson Electric, Exterran, Grace and Yokogawa•Safety and Productivity Solutions: 3M, Kion Group, MSA Safety Incorporated, TE Connectivity and Zebra TechnologiesOur businesses compete on a variety of factors such as performance, applied technology, product innovation, product recognition, quality, reliability, customer service, delivery, and price.",10-K,2021-02-12,2021-02-12T19:31:39.000Z,0000773840-21-000015,hon-20201231.htm,0.60,low,0.95,0.570000,0.164955,2021-02-12T19:31:39.000Z,,1,SEC EDGAR,0000773840-21-000015,https://www.sec.gov/Archives/edgar/data/773840/000077384021000015/hon-20201231.htm,deterministic explicit-entity and relation-pattern extraction v2,unique_universe_match,public_at_sec_acceptance,candidate_review_required
6f78523e87503308f722e660bd8ac31a44b1ba7b6fddf671b9505a07531219c5,CMIN-US:MA,CMIN-US:C-PJ,MA,C-PJ,customer,"Executive Vice President, Customer Business Planning and Analysis; and Senior Vice President and Associate General Counsel Associate, Cleary, Gottlieb, Steen and Hamilton, New York and LondonRaja Rajamannar Chief Marketing and Communications Officer and President, Healthcare since January 201659Chief Marketing Officer (2013-2015)Executive Vice President-Senior Business and Chief Transformation Officer, Anthem (formerly, WellPoint, Inc.) (2012- 2013)Senior Vice President and Chief Innovation and Marketing Officer, Humana Inc. (2009-2012)Various management positions at Citigroup, including Executive Vice President and Chief Marketing Officer-Citi Global Cards MASTERCARD 2020 FORM 10-K 35PART IEXECUTIVE OFFICERSNameCurrent PositionAgePrevious Mastercard ExperiencePrevious Business ExperienceRaj SeshadriPresident, Data and Servicessince January 202055President, U.S.",10-K,2021-02-12,2021-02-12T15:44:10.000Z,0001141391-21-000018,ma-20201231.htm,0.60,low,0.95,0.570000,0.164955,2021-02-12T15:44:10.000Z,,1,SEC EDGAR,0001141391-21-000018,https://www.sec.gov/Archives/edgar/data/1141391/000114139121000018/ma-20201231.htm,deterministic explicit-entity and relation-pattern extraction v2,unique_universe_match,public_at_sec_acceptance,candidate_review_required
1b71dbe44abf7ad8c61ec7b55c30daab8b001cf0b837cd6e2afe31a9d87a0503,CMIN-US:MA,CMIN-US:V,MA,V,customer,"Inc., Visa International Service Association and Mastercard’s customer banks that are parties thereto (incorporated by reference to Exhibit 10.33 to Amendment No.1 to the Company’s Annual Report on Form 10-K/A filed on November 23, 2011).10.30.1Amendment to Omnibus Agreement Regarding Interchange Litigation Judgment Sharing and Settlement Sharing, dated as of August 25, 2014, by and among Mastercard Incorporated, Mastercard International Incorporated, Visa Inc., Visa U.S.A Inc., Visa International Service Association and Mastercard’s customer banks that are parties thereto (incorporated by reference to Exhibit 10.1 to the Company’s Quarterly Report on Form 10-Q filed October 30, 2014 (File No.",10-K,2021-02-12,2021-02-12T15:44:10.000Z,0001141391-21-000018,ma-20201231.htm,0.60,low,0.95,0.570000,0.164955,2021-02-12T15:44:10.000Z,,1,SEC EDGAR,0001141391-21-000018,https://www.sec.gov/Archives/edgar/data/1141391/000114139121000018/ma-20201231.htm,deterministic explicit-entity and relation-pattern extraction v2,unique_universe_match,public_at_sec_acceptance,candidate_review_required
6342cbc153665161d1f9a8a4ff0b616b7d631123ba732dc78105ac6442c2db2d,CMIN-US:MA,CMIN-US:V,MA,V,customer,"001-32877)).10.30.2Second Amendment to Omnibus Agreement Regarding Interchange Litigation Judgment Sharing and Settlement Sharing, dated as of October 22, 2015, by and among Mastercard Incorporated, Mastercard International Incorporated, Visa Inc., Visa U.S.A Inc., Visa International Service Association and Mastercard’s customer banks that are parties thereto (incorporated by reference to Exhibit 10.2 to the Company’s Quarterly Report on Form 10-Q filed October 29, 2015 (File No.",10-K,2021-02-12,2021-02-12T15:44:10.000Z,0001141391-21-000018,ma-20201231.htm,0.60,low,0.95,0.570000,0.164955,2021-02-12T15:44:10.000Z,,1,SEC EDGAR,0001141391-21-000018,https://www.sec.gov/Archives/edgar/data/1141391/000114139121000018/ma-20201231.htm,deterministic explicit-entity and relation-pattern extraction v2,unique_universe_match,public_at_sec_acceptance,candidate_review_required
4bb7260359a67af5eab70f3c6cb7928fcbbb6065d6d59f6cb9c807f4785cc0e0,CMIN-US:MA,CMIN-US:V,MA,V,customer,"Inc. and Visa International Service Association; the Class Plaintiffs defined therein; and the Customer Banks defined therein (incorporated by reference to Exhibit 10.1 to the Company’s Current Report on Form 8-K filed September 18, 2018 (File No.",10-K,2021-02-12,2021-02-12T15:44:10.000Z,0001141391-21-000018,ma-20201231.htm,0.60,low,0.95,0.570000,0.164955,2021-02-12T15:44:10.000Z,,1,SEC EDGAR,0001141391-21-000018,https://www.sec.gov/Archives/edgar/data/1141391/000114139121000018/ma-20201231.htm,deterministic explicit-entity and relation-pattern extraction v2,unique_universe_match,public_at_sec_acceptance,candidate_review_required
575e6dcac937e4fbd3721e03652cda066ffde2a2543a68b4af6034d786d144c1,CMIN-US:NEE,CMIN-US:SO,NEE,SO,supplier,"See FPL - FPL Regulation - FPL Electric Rate Regulation - Base Rates - FPL 2021 Base Rate Proceeding.On January 1, 2019, NEE completed the acquisition of all of the outstanding common shares of Gulf Power under a stock purchase agreement with The Southern Company dated May 20, 2018, as amended, for approximately $4.44 billion in cash consideration and the assumption of approximately $1.3 billion of Gulf Power debt.",10-K,2021-02-12,2021-02-12T21:07:50.000Z,0000753308-21-000014,nee-20201231.htm,0.60,low,0.95,0.570000,0.164955,2021-02-12T21:07:50.000Z,,1,SEC EDGAR,0000753308-21-000014,https://www.sec.gov/Archives/edgar/data/753308/000075330821000014/nee-20201231.htm,deterministic explicit-entity and relation-pattern extraction v2,unique_universe_match,public_at_sec_acceptance,candidate_review_required
c67bca6e59dea5d15506a8a9fc929b2de358ad1e27f5547d806c03d051e14a96,CMIN-US:SO,CMIN-US:NEE,SO,NEE,supplier,"Exhibits, Financial Statement SchedulesPage(s)(a)1.Financial StatementsManagement's Report on Internal Control Over Financial Reporting55Attestation Report of Independent Registered Public Accounting Firm56Report of Independent Registered Public Accounting Firm57NEE:Consolidated Statements of Income60Consolidated Statements of Comprehensive Income61Consolidated Balance Sheets62Consolidated Statements of Cash Flows63Consolidated Statements of Equity64FPL:Consolidated Statements of Income65Consolidated Balance Sheets66Consolidated Statements of Cash Flows67Consolidated Statements of Common Shareholder's Equity68Notes to Consolidated Financial Statements69 - 1132.Financial Statement Schedules - Schedules are omitted as not applicable or not required.3.Exhibits (including those incorporated by reference)Certain exhibits listed below refer to ""FPL Group"" and ""FPL Group Capital,"" and were effective prior to the change of the name FPL Group, Inc. to NextEra Energy, Inc., and of the name FPL Group Capital Inc to NextEra Energy Capital Holdings, Inc., during 2010.ExhibitNumberDescriptionNEEFPL*2(a)Stock Purchase Agreement by and among The Southern Company, 700 Universe, LLC and NextEra Energy, Inc. dated as of May 20, 2018 (filed as Exhibit 2(a) to Form 8-K dated May 23, 2018, File No.",10-K,2021-02-12,2021-02-12T21:07:50.000Z,0000753308-21-000014,nee-20201231.htm,0.60,low,0.95,0.570000,0.164955,2021-02-12T21:07:50.000Z,,1,SEC EDGAR,0000753308-21-000014,https://www.sec.gov/Archives/edgar/data/753308/000075330821000014/nee-20201231.htm,deterministic explicit-entity and relation-pattern extraction v2,unique_universe_match,public_at_sec_acceptance,candidate_review_required
32458e3bb82c44d225579685ff83640b1083a326eb79fcdc0cdccda5e06d16f8,CMIN-US:FCX,CMIN-US:RIO,FCX,RIO,supplier,"Production from the Grasberg minerals district, including the former Rio Tinto Joint Venture share, totaled 0.8 billion pounds of copper and 0.8 million ounces of gold in 2020, 0.6 billion pounds of copper and 0.9 million ounces of gold in 2019, and 1.2 billion pounds of copper and 2.7 million ounces of gold in 2018.Our principal source of power for all of our Indonesia operations is a coal-fired power plant that we built in 1998.",10-K,2021-02-16,2021-02-16T20:38:33.000Z,0000831259-21-000009,fcx-20201231.htm,0.60,low,0.95,0.570000,0.167516,2021-02-16T20:38:33.000Z,,1,SEC EDGAR,0000831259-21-000009,https://www.sec.gov/Archives/edgar/data/831259/000083125921000009/fcx-20201231.htm,deterministic explicit-entity and relation-pattern extraction v2,unique_universe_match,public_at_sec_acceptance,candidate_review_required
6626ab1787ec3fb83b19fe56f896a5db7b9f6e07dcc9ba4f96e4473b536731c5,CMIN-US:LLY,CMIN-US:PFE,LLY,PFE,strategic_partner,TanezumabWe have a collaboration agreement with Pfizer Inc. (Pfizer) to jointly develop and globally commercialize tanezumab for the treatment of osteoarthritis pain and cancer pain.,10-K,2021-02-17,2021-02-17T15:59:12.000Z,0000059478-21-000083,lly-20201231.htm,0.82,medium,0.95,0.779000,0.229821,2021-02-17T15:59:12.000Z,,0,SEC EDGAR,0000059478-21-000083,https://www.sec.gov/Archives/edgar/data/59478/000005947821000083/lly-20201231.htm,deterministic explicit-entity and relation-pattern extraction v2,unique_universe_match,public_at_sec_acceptance,accepted
4d707c2462348033e0c65322bd74b53205495edae280534b6907d7d87b291f84,CMIN-US:XEL,CMIN-US:BAC,XEL,BAC,customer,"Carter54Executive Vice President and Chief Customer and Innovation Officer, Xcel Energy Inc.May 2018 — PresentSenior Vice President and Shared Services Executive, Bank of America, an institutional investment bank and financial services companyOctober 2015 — May 2018Christopher B.",10-K,2021-02-17,2021-02-17T20:16:41.000Z,0000072903-21-000012,xel-20201231.htm,0.60,low,0.95,0.570000,0.168162,2021-02-17T20:16:41.000Z,,1,SEC EDGAR,0000072903-21-000012,https://www.sec.gov/Archives/edgar/data/72903/000007290321000012/xel-20201231.htm,deterministic explicit-entity and relation-pattern extraction v2,unique_universe_match,public_at_sec_acceptance,candidate_review_required
93879e084150dc8635316dd049a9bed9b95522f1c952bcba0068fe1685396c49,CMIN-US:NEE,CMIN-US:SO,NEE,SO,supplier,"The ultimate outcome of this matter cannot be determined at this time; however, it could have a material impact on Southern Company's and Mississippi Power's financial statements.II-176 Table of Contents Index to Financial StatementsCOMBINED NOTES TO FINANCIAL STATEMENTS (continued)Southern Company and Subsidiary Companies 2020 Annual ReportPlant DanielIn conjunction with Southern Company's sale of Gulf Power, NextEra Energy held back $75 million of the purchase price pending Mississippi Power and Gulf Power negotiating a mutually acceptable revised operating agreement for Plant Daniel.",10-K,2021-02-18,2021-02-17T22:48:11.000Z,0000092122-21-000006,so-20201231.htm,0.60,low,0.95,0.570000,0.168162,2021-02-17T22:48:11.000Z,,1,SEC EDGAR,0000092122-21-000006,https://www.sec.gov/Archives/edgar/data/92122/000009212221000006/so-20201231.htm,deterministic explicit-entity and relation-pattern extraction v2,unique_universe_match,public_at_sec_acceptance,candidate_review_required
c75389b8d8a0f65b4cf1c2d3e97179368ff72d9fa4314ae91582909eb1fbf24a,CMIN-US:NEE,CMIN-US:SO,NEE,SO,supplier,"ACQUISITIONS AND DISPOSITIONSSouthern CompanyIn January 2019, Southern Company completed the sale of all of the capital stock of Gulf Power to a wholly-owned subsidiary of NextEra Energy, for an aggregate cash purchase price of approximately $5.8 billion (less $1.3 billion of indebtedness assumed), including the final working capital adjustments.",10-K,2021-02-18,2021-02-17T22:48:11.000Z,0000092122-21-000006,so-20201231.htm,0.60,low,0.95,0.570000,0.168162,2021-02-17T22:48:11.000Z,,1,SEC EDGAR,0000092122-21-000006,https://www.sec.gov/Archives/edgar/data/92122/000009212221000006/so-20201231.htm,deterministic explicit-entity and relation-pattern extraction v2,unique_universe_match,public_at_sec_acceptance,candidate_review_required
dfebb00625f07eed18de5fad786b531d9cb1b33a7c05e0824beaa4e6808a7f45,CMIN-US:NEE,CMIN-US:SO,NEE,SO,supplier,"Southern Company Gas and South Jersey Industries, Inc. entered into transition services agreements whereby Southern Company Gas provided certain administrative and operational services through July 2, 2020.Sale of Florida City GasIn July 2018, Southern Company Gas and its wholly-owned direct subsidiary, NUI Corporation, completed the stock sale of Pivotal Utility Holdings, which primarily consisted of Florida City Gas, to NextEra Energy for a total cash purchase price of $587 million, which includes the final working capital adjustment.",10-K,2021-02-18,2021-02-17T22:48:11.000Z,0000092122-21-000006,so-20201231.htm,0.60,low,0.95,0.570000,0.168162,2021-02-17T22:48:11.000Z,,1,SEC EDGAR,0000092122-21-000006,https://www.sec.gov/Archives/edgar/data/92122/000009212221000006/so-20201231.htm,deterministic explicit-entity and relation-pattern extraction v2,unique_universe_match,public_at_sec_acceptance,candidate_review_required
73c0bb3f4c761c35fda1119ee2b3c9af6f0746ca5efe85054eaa6def779397f0,CMIN-US:NEE,CMIN-US:SO,NEE,SO,supplier,"1-3526, as Exhibit 2(a)3.)(a)2—Stock Purchase Agreement, dated as of May 20, 2018, by and among Southern Company Gas, NUI Corporation, 700 Universe, LLC, and NextEra Energy. (Designated in Form 8-K dated May 23, 2018, File No.",10-K,2021-02-18,2021-02-17T22:48:11.000Z,0000092122-21-000006,so-20201231.htm,0.60,low,0.95,0.570000,0.168162,2021-02-17T22:48:11.000Z,,1,SEC EDGAR,0000092122-21-000006,https://www.sec.gov/Archives/edgar/data/92122/000009212221000006/so-20201231.htm,deterministic explicit-entity and relation-pattern extraction v2,unique_universe_match,public_at_sec_acceptance,candidate_review_required
b4889fa3baae357d7e11513b2a2ad4ab4e123c6ccf44b1f1bb195e7374b99e1a,CMIN-US:NEE,CMIN-US:SO,NEE,SO,supplier,"1-3526, as Exhibit 2(a)2.)(a)3—Equity Interest Purchase Agreement, dated as of May 20, 2018, by and among Southern Power Company, 700 Universe, LLC, and NextEra Energy. (Designated in Form 8-K dated May 23, 2018, File No.",10-K,2021-02-18,2021-02-17T22:48:11.000Z,0000092122-21-000006,so-20201231.htm,0.60,low,0.95,0.570000,0.168162,2021-02-17T22:48:11.000Z,,1,SEC EDGAR,0000092122-21-000006,https://www.sec.gov/Archives/edgar/data/92122/000009212221000006/so-20201231.htm,deterministic explicit-entity and relation-pattern extraction v2,unique_universe_match,public_at_sec_acceptance,candidate_review_required
9fee2258e6197b56871201af799c4fcfcb8264130a73c99097be0f4e4517e10e,CMIN-US:NEE,CMIN-US:SO,NEE,SO,supplier,"1-3526, as Exhibit 2(a)3.)Southern Power(e)1—Equity Interest Purchase Agreement, dated as of May 20, 2018, by and among Southern Power Company, 700 Universe, LLC, and NextEra Energy.",10-K,2021-02-18,2021-02-17T22:48:11.000Z,0000092122-21-000006,so-20201231.htm,0.60,low,0.95,0.570000,0.168162,2021-02-17T22:48:11.000Z,,1,SEC EDGAR,0000092122-21-000006,https://www.sec.gov/Archives/edgar/data/92122/000009212221000006/so-20201231.htm,deterministic explicit-entity and relation-pattern extraction v2,unique_universe_match,public_at_sec_acceptance,candidate_review_required
e597774ce43f193d6a8ddc1a2793ed130c9ef6fd0ccc45c6b0e1629bb0e6edc2,CMIN-US:SO,CMIN-US:CVX,SO,CVX,customer,"See Note 2 to the financial statements under ""Georgia Power – Nuclear Construction"" in Item 8 herein.I-30 Table of Contents Index to Financial StatementsTitles to PropertyThe traditional electric operating companies', Southern Power's, and SEGCO's interests in the principal plants and other important units of the respective companies are owned in fee by such companies, subject to the following major encumbrances: (1) liens pursuant to the assumption of debt obligations by Mississippi Power in connection with the acquisition of Plant Daniel Units 3 and 4, (2) a leasehold interest granted by Mississippi Power's largest retail customer, Chevron Products Company (Chevron), at the Chevron refinery, where five combustion turbines owned by Mississippi Power are located and used for co-generation, as well as liens on these assets pursuant to the related co-generation agreements, and (3) liens associated with Georgia Power's reimbursement obligations to the DOE under its loan guarantee, which are secured by a first priority lien on (a) Georgia Power's 45.7% undivided ownership interest in Plant Vogtle Units 3 and 4 and (b) Georgia Power's rights and obligations under the principal contracts relating to Plant Vogtle Units 3 and 4.",10-K,2021-02-18,2021-02-17T22:48:11.000Z,0000092122-21-000006,so-20201231.htm,0.60,low,0.95,0.570000,0.168162,2021-02-17T22:48:11.000Z,,1,SEC EDGAR,0000092122-21-000006,https://www.sec.gov/Archives/edgar/data/92122/000009212221000006/so-20201231.htm,deterministic explicit-entity and relation-pattern extraction v2,unique_universe_match,public_at_sec_acceptance,candidate_review_required
f85a8de5d24c3b1723b5aa5634c9f2ec1b085237f885b9066964c44ac1142e8a,CMIN-US:SO,CMIN-US:CVX,SO,CVX,customer,"Additionally, a credit rating downgrade could impact the ability of the Registrants to access capital markets and would be likely to impact the cost at which they do so.Mississippi Power and its largest retail customer, Chevron, have agreements under which Mississippi Power continues to provide retail service to the Chevron refinery in Pascagoula, Mississippi through 2038.",10-K,2021-02-18,2021-02-17T22:48:11.000Z,0000092122-21-000006,so-20201231.htm,0.60,low,0.95,0.570000,0.168162,2021-02-17T22:48:11.000Z,,1,SEC EDGAR,0000092122-21-000006,https://www.sec.gov/Archives/edgar/data/92122/000009212221000006/so-20201231.htm,deterministic explicit-entity and relation-pattern extraction v2,unique_universe_match,public_at_sec_acceptance,candidate_review_required
fd650e34a599ea3860ff3078cfbe88f46d48f56ce1f5604e15587cc3f6c72f53,CMIN-US:SO,CMIN-US:CVX,SO,CVX,customer,"See Note 2 under ""Georgia Power – Nuclear Construction"" for additional information.The Registrants' proportionate share of their jointly-owned facility operating expenses is included in the corresponding operating expenses in the statements of income and each Registrant is responsible for providing its own financing.Assets Subject to LienIn 2018, the Mississippi PSC approved executed agreements between Mississippi Power and its largest retail customer, Chevron Products Company (Chevron), for Mississippi Power to continue providing retail service to the Chevron refinery in Pascagoula, Mississippi through 2038.",10-K,2021-02-18,2021-02-17T22:48:11.000Z,0000092122-21-000006,so-20201231.htm,0.60,low,0.95,0.570000,0.168162,2021-02-17T22:48:11.000Z,,1,SEC EDGAR,0000092122-21-000006,https://www.sec.gov/Archives/edgar/data/92122/000009212221000006/so-20201231.htm,deterministic explicit-entity and relation-pattern extraction v2,unique_universe_match,public_at_sec_acceptance,candidate_review_required
616d4e67e4d5245e6dea3518869c9ef58adc133a8e0deb1dfe389698d840924b,CMIN-US:SO,CMIN-US:DUK,SO,DUK,customer,"Southern Power's top three customers, Southern California Edison, Georgia Power, and Duke Energy Corporation accounted for 9.4%, 8.0%, and 6.7%, respectively, of Southern Power's total revenues for the year ended December 31, 2020.",10-K,2021-02-18,2021-02-17T22:48:11.000Z,0000092122-21-000006,so-20201231.htm,0.60,low,0.95,0.570000,0.168162,2021-02-17T22:48:11.000Z,,1,SEC EDGAR,0000092122-21-000006,https://www.sec.gov/Archives/edgar/data/92122/000009212221000006/so-20201231.htm,deterministic explicit-entity and relation-pattern extraction v2,unique_universe_match,public_at_sec_acceptance,candidate_review_required
a8655773127b1b97f7f345dbea98485ef6d3d6a43e2817227a083cdaf288dbfb,CMIN-US:SO,CMIN-US:DUK,SO,DUK,customer,The following table shows the percentage of total revenues for Southern Power's top three customers for each of the years presented:202020192018Southern California Edison9.4 %6.8 %6.2 %Georgia Power8.0 %9.0 %9.8 %Duke Energy Corporation6.7 %N/A6.8 %Morgan Stanley Capital GroupN/A4.9 %N/AFuel CostsFuel costs for the traditional electric operating companies and Southern Power are expensed as the fuel is used.,10-K,2021-02-18,2021-02-17T22:48:11.000Z,0000092122-21-000006,so-20201231.htm,0.60,low,0.95,0.570000,0.168162,2021-02-17T22:48:11.000Z,,1,SEC EDGAR,0000092122-21-000006,https://www.sec.gov/Archives/edgar/data/92122/000009212221000006/so-20201231.htm,deterministic explicit-entity and relation-pattern extraction v2,unique_universe_match,public_at_sec_acceptance,candidate_review_required
27754047b9a55e5ce8653f47308e0fe6e6deab34c28b2438fc9d082119c8e63e,CMIN-US:SO,CMIN-US:MS,SO,MS,customer,The following table shows the percentage of total revenues for Southern Power's top three customers for each of the years presented:202020192018Southern California Edison9.4 %6.8 %6.2 %Georgia Power8.0 %9.0 %9.8 %Duke Energy Corporation6.7 %N/A6.8 %Morgan Stanley Capital GroupN/A4.9 %N/AFuel CostsFuel costs for the traditional electric operating companies and Southern Power are expensed as the fuel is used.,10-K,2021-02-18,2021-02-17T22:48:11.000Z,0000092122-21-000006,so-20201231.htm,0.60,low,0.95,0.570000,0.168162,2021-02-17T22:48:11.000Z,,1,SEC EDGAR,0000092122-21-000006,https://www.sec.gov/Archives/edgar/data/92122/000009212221000006/so-20201231.htm,deterministic explicit-entity and relation-pattern extraction v2,unique_universe_match,public_at_sec_acceptance,candidate_review_required
108a1c1d8f2a08fd24a34649de61bb6452b95032daf9218233ceef762d247cae,CMIN-US:SO,CMIN-US:NEE,SO,NEE,supplier,"The exhibits marked with a pound sign (#) are management contracts or compensatory plans or arrangements required to be identified as such by Item 15 of Form 10-K.(2)Plan of acquisition, reorganization, arrangement, liquidation or successionSouthern Company(a)1—Stock Purchase Agreement, dated as of May 20, 2018, by and among Southern Company, 700 Universe, LLC, and NextEra Energy and Amendment No.",10-K,2021-02-18,2021-02-17T22:48:11.000Z,0000092122-21-000006,so-20201231.htm,0.60,low,0.95,0.570000,0.168162,2021-02-17T22:48:11.000Z,,1,SEC EDGAR,0000092122-21-000006,https://www.sec.gov/Archives/edgar/data/92122/000009212221000006/so-20201231.htm,deterministic explicit-entity and relation-pattern extraction v2,unique_universe_match,public_at_sec_acceptance,candidate_review_required
05b867990e128d009f1f73199ab8c876936603f33093c5934bf6c80e702d4cbd,CMIN-US:EQIX,CMIN-US:BAC,EQIX,BAC,supplier,"Annual Incentive Plan.10-Q3/31/202010.1810.15**2020 Form of Revenue/AFFO per Share Restricted Stock Unit Agreement for Executives.10-Q3/31/202010.1910.16**2020 Form of TSR Restricted Stock Unit Agreement for Executives.10-Q3/31/202010.2010.17**2020 Form of Time-Based Restricted Stock Agreement for Executives.10-Q3/31/202010.2110.18Agreement for Purchase and Sale of Shares Among RW Brasil Fundo de Investimentos em Participação, Antônio Eduardo Zago De Carvalho and Sidney Victor da Costa Breyer, as Sellers, and Equinix Brasil Participaçãoes Ltda., as Purchaser, and Equinix South America Holdings LLC., as a Party for Limited Purposes and ALOG Soluções de Tecnologia em Informática S.A. as Intervening Consenting Party dated July 18, 2014.10-Q9/30/201410.6786Table of ContentsIncorporated by ReferenceExhibit NumberExhibit DescriptionFormFiling Date/Period End DateExhibitFiledHerewith10.19Share Purchase Agreement with Digital Realty Trust, L.P., relating to the sale and purchase of shares in TelecityGroup UK LON Limited, Telecity Netherlands AMS01 AMS04 BV, Equinix Real Estate (TCY AMS04) B.V. and TelecityGroup Germany Fra2 GmbH, dated May 14, 2016.10-Q6/30/201610.5510.20Credit Agreement dated as of December 12, 2017 among Equinix, Inc. as Borrower, The Guarantors Parties (defined therein), Bank of America, N.A., as Administrative Agent, Lender and L/C issuer, Barclays Bank PLS, Goldman Sachs Bank USA, HSBC Securities (USA) Inc.",10-K,2021-02-19,2021-02-19T21:20:22.000Z,0001628280-21-002563,eqix-20201231.htm,0.60,low,0.95,0.570000,0.169462,2021-02-19T21:20:22.000Z,,1,SEC EDGAR,0001628280-21-002563,https://www.sec.gov/Archives/edgar/data/1101239/000162828021002563/eqix-20201231.htm,deterministic explicit-entity and relation-pattern extraction v2,unique_universe_match,public_at_sec_acceptance,candidate_review_required
78dd04414af479141bfe3b9d8d0bd2b02c79871d05545e8e5d0d56bfd576fa7f,CMIN-US:EQIX,CMIN-US:DLR,EQIX,DLR,supplier,"Annual Incentive Plan.10-Q3/31/202010.1810.15**2020 Form of Revenue/AFFO per Share Restricted Stock Unit Agreement for Executives.10-Q3/31/202010.1910.16**2020 Form of TSR Restricted Stock Unit Agreement for Executives.10-Q3/31/202010.2010.17**2020 Form of Time-Based Restricted Stock Agreement for Executives.10-Q3/31/202010.2110.18Agreement for Purchase and Sale of Shares Among RW Brasil Fundo de Investimentos em Participação, Antônio Eduardo Zago De Carvalho and Sidney Victor da Costa Breyer, as Sellers, and Equinix Brasil Participaçãoes Ltda., as Purchaser, and Equinix South America Holdings LLC., as a Party for Limited Purposes and ALOG Soluções de Tecnologia em Informática S.A. as Intervening Consenting Party dated July 18, 2014.10-Q9/30/201410.6786Table of ContentsIncorporated by ReferenceExhibit NumberExhibit DescriptionFormFiling Date/Period End DateExhibitFiledHerewith10.19Share Purchase Agreement with Digital Realty Trust, L.P., relating to the sale and purchase of shares in TelecityGroup UK LON Limited, Telecity Netherlands AMS01 AMS04 BV, Equinix Real Estate (TCY AMS04) B.V. and TelecityGroup Germany Fra2 GmbH, dated May 14, 2016.10-Q6/30/201610.5510.20Credit Agreement dated as of December 12, 2017 among Equinix, Inc. as Borrower, The Guarantors Parties (defined therein), Bank of America, N.A., as Administrative Agent, Lender and L/C issuer, Barclays Bank PLS, Goldman Sachs Bank USA, HSBC Securities (USA) Inc.",10-K,2021-02-19,2021-02-19T21:20:22.000Z,0001628280-21-002563,eqix-20201231.htm,0.60,low,0.95,0.570000,0.169462,2021-02-19T21:20:22.000Z,,1,SEC EDGAR,0001628280-21-002563,https://www.sec.gov/Archives/edgar/data/1101239/000162828021002563/eqix-20201231.htm,deterministic explicit-entity and relation-pattern extraction v2,unique_universe_match,public_at_sec_acceptance,candidate_review_required
93ed2dad5e44eee5c4550511b3cf76b0f08fe988a4e962fb76cf7d2599f34398,CMIN-US:MS,CMIN-US:ABBV,MS,ABBV,supplier,"International plc, HSBC Bank plc and Merrill Lynch International (acting for themselves and as representatives of the several underwriters named therein) (incorporated by reference to Exhibit 1.1 of the company’s Current Report on Form 8-K filed on September 23, 2019).10.31*Purchase Agreement, dated November 12, 2019, among AbbVie Inc. and Morgan Stanley & Co.",10-K,2021-02-19,2021-02-19T19:05:43.000Z,0001551152-21-000008,abbv-20201231.htm,0.60,low,0.95,0.570000,0.169462,2021-02-19T19:05:43.000Z,,1,SEC EDGAR,0001551152-21-000008,https://www.sec.gov/Archives/edgar/data/1551152/000155115221000008/abbv-20201231.htm,deterministic explicit-entity and relation-pattern extraction v2,unique_universe_match,public_at_sec_acceptance,candidate_review_required
f8f0009bc0c5db115f197e042f14be864b117882c4d6ccbc797012683e917cfd,CMIN-US:CCI,CMIN-US:AMT,CCI,AMT,supplier,"We face competition for site rental tenants from various sources, including (1) other independent communications infrastructure owners or operators, including competitors that own, operate, or manage towers, rooftops, broadcast or transmission towers, utility poles, fiber (including non-traditional competitors such as cable providers) or small cells, (2) tenants who elect to self-perform or (3) new alternative deployment methods for communications infrastructure.Some of our largest competitors in the Towers segment are American Tower Corporation and SBA Communications Corporation.",10-K,2021-02-22,2021-02-22T21:20:53.000Z,0001051470-21-000031,cci-20201231.htm,0.60,low,0.95,0.570000,0.171431,2021-02-22T21:20:53.000Z,,1,SEC EDGAR,0001051470-21-000031,https://www.sec.gov/Archives/edgar/data/1051470/000105147021000031/cci-20201231.htm,deterministic explicit-entity and relation-pattern extraction v2,unique_universe_match,public_at_sec_acceptance,candidate_review_required
6c7ac8cb13079338a46b6416d190b35ac9b38df2f7a8b8200074f2b08b3bce7e,CMIN-US:CCI,CMIN-US:SBAC,CCI,SBAC,supplier,"We face competition for site rental tenants from various sources, including (1) other independent communications infrastructure owners or operators, including competitors that own, operate, or manage towers, rooftops, broadcast or transmission towers, utility poles, fiber (including non-traditional competitors such as cable providers) or small cells, (2) tenants who elect to self-perform or (3) new alternative deployment methods for communications infrastructure.Some of our largest competitors in the Towers segment are American Tower Corporation and SBA Communications Corporation.",10-K,2021-02-22,2021-02-22T21:20:53.000Z,0001051470-21-000031,cci-20201231.htm,0.60,low,0.95,0.570000,0.171431,2021-02-22T21:20:53.000Z,,1,SEC EDGAR,0001051470-21-000031,https://www.sec.gov/Archives/edgar/data/1051470/000105147021000031/cci-20201231.htm,deterministic explicit-entity and relation-pattern extraction v2,unique_universe_match,public_at_sec_acceptance,candidate_review_required
a045e5e6b979dd6bc976a52525b8c7bccd5a857cb705da43b4c6b817be4ee955,CMIN-US:PFE,CMIN-US:JNJ,PFE,JNJ,supplier,"In November 2019, Johnson & Johnson received a demand for indemnification from Pfizer Inc., pursuant to the 2006 Stock and Asset Purchase Agreement between the Company and Pfizer.",10-K,2021-02-22,2021-02-22T21:36:14.000Z,0000200406-21-000008,jnj-20210103.htm,0.60,low,0.95,0.570000,0.171431,2021-02-22T21:36:14.000Z,,1,SEC EDGAR,0000200406-21-000008,https://www.sec.gov/Archives/edgar/data/200406/000020040621000008/jnj-20210103.htm,deterministic explicit-entity and relation-pattern extraction v2,unique_universe_match,public_at_sec_acceptance,candidate_review_required
ffde54c34869f1b07a4fe98abe91463bd85c1738caf568f354fa92b7a1eb7808,CMIN-US:PFE,CMIN-US:JNJ,PFE,JNJ,supplier,"In January 2020, Johnson & Johnson received a demand for indemnification from Boehringer Ingelheim Pharmaceuticals, Inc., pursuant to the 2006 Asset Purchase Agreement among the Company, Pfizer, and Boehringer Ingelheim.",10-K,2021-02-22,2021-02-22T21:36:14.000Z,0000200406-21-000008,jnj-20210103.htm,0.60,low,0.95,0.570000,0.171431,2021-02-22T21:36:14.000Z,,1,SEC EDGAR,0000200406-21-000008,https://www.sec.gov/Archives/edgar/data/200406/000020040621000008/jnj-20210103.htm,deterministic explicit-entity and relation-pattern extraction v2,unique_universe_match,public_at_sec_acceptance,candidate_review_required
52200f7e842d22f875dc1a703ac2f9da94a987449389678d0a4eaa1fbcaf509a,CMIN-US:UPS,CMIN-US:AMZN,UPS,AMZN,customer,"For the year ended December 31, 2020, one customer, Amazon.com, Inc. and its affiliates, represented approximately 13.3% of our consolidated revenues, substantially all of which was within our U.S.",10-K,2021-02-22,2021-02-22T22:27:26.000Z,0001090727-21-000013,ups-20201231.htm,0.60,low,0.95,0.570000,0.171431,2021-02-22T22:27:26.000Z,,1,SEC EDGAR,0001090727-21-000013,https://www.sec.gov/Archives/edgar/data/1090727/000109072721000013/ups-20201231.htm,deterministic explicit-entity and relation-pattern extraction v2,unique_universe_match,public_at_sec_acceptance,candidate_review_required
045d03e17c5083d49b40086d534e14ebba19508ccd0c69e0d112d7f60c7d2339,CMIN-US:UPS,CMIN-US:AMZN,UPS,AMZN,customer,"For the year ended December 31, 2020, business from one customer, Amazon.com, Inc. and its affiliates, accounted for 13.3% of our consolidated revenues.",10-K,2021-02-22,2021-02-22T22:27:26.000Z,0001090727-21-000013,ups-20201231.htm,0.60,low,0.95,0.570000,0.171431,2021-02-22T22:27:26.000Z,,1,SEC EDGAR,0001090727-21-000013,https://www.sec.gov/Archives/edgar/data/1090727/000109072721000013/ups-20201231.htm,deterministic explicit-entity and relation-pattern extraction v2,unique_universe_match,public_at_sec_acceptance,candidate_review_required
db7ba5a4e711af6ae2298619282c6029fb360f925bf1ffa4d285b3bb2c52a292,CMIN-US:JPM,CMIN-US:V,JPM,V,supplier,"As of or for the year ended December 31,(in millions)20202019Other assetsCarrying value(a)$2,368 $2,441 Upward carrying value changes(b)167 243 (d)Downward carrying value changes/impairment(c)(301)(42)(a)The period-end carrying values reflect cumulative purchases and sales in addition to upward and downward carrying value changes. (b)The cumulative upward carrying value changes between January 1, 2018 and December 31, 2020 were $708 million.(c)The cumulative downward carrying value changes/impairment between January 1, 2018 and December 31, 2020 were $(430) million. (d)Prior-period amounts have been revised to conform with the current presentation.Included in other assets above is the Firm’s interest in approximately 40 million Visa Class B common shares, recorded at a nominal carrying value.",10-K,2021-02-23,2021-02-23T21:17:29.000Z,0000019617-21-000236,jpm-20201231.htm,0.60,low,0.95,0.570000,0.172092,2021-02-23T21:17:29.000Z,,1,SEC EDGAR,0000019617-21-000236,https://www.sec.gov/Archives/edgar/data/19617/000001961721000236/jpm-20201231.htm,deterministic explicit-entity and relation-pattern extraction v2,unique_universe_match,public_at_sec_acceptance,candidate_review_required
510967f95fc556fd2b11c04ecc964b9b3e5cfa8c043c4c4d57234462b40db287,CMIN-US:JPM,CMIN-US:V,JPM,V,supplier,"The conversion rate of Visa Class B common shares into Visa Class A common shares is 1.6228 at December 31, 2020, and may be adjusted by Visa depending on developments related to the litigation matters.",10-K,2021-02-23,2021-02-23T21:17:29.000Z,0000019617-21-000236,jpm-20201231.htm,0.60,low,0.95,0.570000,0.172092,2021-02-23T21:17:29.000Z,,1,SEC EDGAR,0000019617-21-000236,https://www.sec.gov/Archives/edgar/data/19617/000001961721000236/jpm-20201231.htm,deterministic explicit-entity and relation-pattern extraction v2,unique_universe_match,public_at_sec_acceptance,candidate_review_required
cc101f426938e190df978562f77d1e7e538115080228a87f56c072a7eb064804,CMIN-US:MCD,CMIN-US:WMT,MCD,WMT,supplier,"The U.S. costs were primarily related to planned closings of McDonald’s in Walmart locations.•Lower gains on sales of restaurant businesses.•An increase of reserves for bad debts of $58 million related to rent and royalty deferrals.Outlined below is additional information for the full year 2020, 2019, and 2018:Diluted Earnings Per Common Share Reconciliation AmountIncrease/(decrease)Increase/(decrease) excluding currency translation2020201920182020201920202019GAAP earnings per share-diluted$6.31 $7.88 $7.54 (20 %)5 %(20 %)7 %Strategic (gains) charges(0.26)0.07 0.26 Income tax (benefit) cost, net— (0.11)0.10 Non-GAAP earnings per share-diluted$6.05 $7.84 $7.90 (23)%(1)%(23)%2 %2020 results included:◦net pre-tax strategic gains of $268 million, or $0.26 per share, primarily related to the sale of McDonald's Japan stock, which reduced the Company's ownership by about 6%.2019 results included:◦$84 million, or $0.11 per share, of income tax benefit due to regulations issued in the fourth quarter 2019 related to the Tax Act.◦net pre-tax strategic charges of $74 million, or $0.07 per share, primarily related to impairment associated with the purchase of our joint venture partner's interest in the India Delhi market, partly offset by gains on the sales of property at the former Corporate headquarters.2018 results included:◦net tax cost of $75 million, or $0.10 per share, associated with the final 2018 adjustments to the provisional amounts recorded in December 2017 under the Tax Act.◦$234 million, or $0.26 per share, of pre-tax strategic impairment and restructuring charges.Excluding the above 2020 and 2019 items, 2020 net income decreased 24% (25% in constant currencies), and diluted earnings per share decreased 23% (23% in constant currencies).",10-K,2021-02-23,2021-02-23T18:50:20.000Z,0000063908-21-000013,mcd-20201231.htm,0.60,low,0.95,0.570000,0.172092,2021-02-23T18:50:20.000Z,,1,SEC EDGAR,0000063908-21-000013,https://www.sec.gov/Archives/edgar/data/63908/000006390821000013/mcd-20201231.htm,deterministic explicit-entity and relation-pattern extraction v2,unique_universe_match,public_at_sec_acceptance,candidate_review_required
10801f47550bec267f3bdddda964a976dce3213a811aee6d35ffac7db10cfd96,CMIN-US:TMUS,CMIN-US:CCI,TMUS,CCI,strategic_partner,"2, dated as of May 8, 2014, to Master Agreement, dated as of November 2012, among Crown Castle International Corp., and certain T-Mobile and Crown subsidiaries.10-K2/7/201910.310.4Master Prepaid Lease, dated as of November 30, 2012, by and among T-Mobile USA Tower LLC, T-Mobile West Tower LLC, T-Mobile USA, Inc. and CCTMO LLC.10-Q8/8/201310.310.5MPL Site Master Lease Agreement, dated as of November 30, 2012, by and among Cook Inlet/VS GSM IV PCS Holdings, LLC, T-Mobile Central LLC, T-Mobile South LLC, Powertel/Memphis, Inc., Voicestream Pittsburgh, L.P., T-Mobile West LLC, T-Mobile Northeast LLC, Wireless Alliance, LLC, Suncom Wireless Operating Company, L.L.C., T-Mobile USA, Inc. and CCTMO LLC.10-Q8/8/201310.410.6First Amendment, dated as of November 30, 2012, to MPL Site Master Lease Agreement, dated as of November 30, 2012, by and among Cook Inlet/VS GSM IV PCS Holdings, LLC, T-Mobile Central LLC, T-Mobile South LLC, Powertel/Memphis, Inc., Voicestream Pittsburgh, L.P., T-Mobile West LLC, T-Mobile Northeast LLC, Wireless Alliance, LLC, Suncom Wireless Operating Company, L.L.C., T-Mobile USA, Inc. and CCTMO LLC.10-Q8/8/201310.510.7Second Amendment, dated as of October 31, 2014, to MPL Site Master Lease Agreement, dated as of November 30, 2012, by and among Cook Inlet/VS GSM IV PCS Holdings, LLC, T-Mobile Central LLC, T-Mobile South LLC, Powertel/Memphis, Inc., Voicestream Pittsburgh, L.P., T-Mobile West LLC, T-Mobile Northeast LLC, Suncom Wireless Operating Company, L.L.C., T-Mobile USA, Inc.",10-K,2021-02-23,2021-02-23T21:08:26.000Z,0001283699-21-000039,tmus-20201231.htm,0.60,low,0.95,0.570000,0.172092,2021-02-23T21:08:26.000Z,,0,SEC EDGAR,0001283699-21-000039,https://www.sec.gov/Archives/edgar/data/1283699/000128369921000039/tmus-20201231.htm,deterministic explicit-entity and relation-pattern extraction v2,unique_universe_match,public_at_sec_acceptance,candidate_review_required
7097e157ee28584abb84d2ae78460275ef96fc1e8613b5d04d4adae907c3ba32,CMIN-US:BRK-A,CMIN-US:BAC,BRK-A,BAC,supplier,"Montag and Summary of Agreement with respect to Post-Employment Medical Coverage210-K10(bbb)2/26/101-652310.54Securities Purchase Agreement dated August 25, 2011 between registrant and Berkshire Hathaway Inc. (including forms of the Certificate of Designations, Warrant and Registration Rights Agreement)8-K1.18/25/111-652310.55Form of Waiver of Certain Incremental Payouts from Performance Restricted Stock Units210-K10(rr)2/23/171-652310.56Amended and Restated Aircraft Time Sharing Agreement (Multiple Aircraft) dated June 26, 2018 between Bank of America, N.A. and Brian T.",10-K,2021-02-24,2021-02-24T21:56:31.000Z,0000070858-21-000023,bac-20201231.htm,0.60,low,0.95,0.570000,0.172756,2021-02-24T21:56:31.000Z,,1,SEC EDGAR,0000070858-21-000023,https://www.sec.gov/Archives/edgar/data/70858/000007085821000023/bac-20201231.htm,deterministic explicit-entity and relation-pattern extraction v2,unique_universe_match,public_at_sec_acceptance,candidate_review_required
430c715e70345e6e14cbf19e9f8b64032ce0e4f1e72f559f9103fbed94b8e1f5,CMIN-US:AEP,CMIN-US:AAPL,AEP,AAPL,supplier,"As of December 31, 2020 and 2019, AEP recorded $0 and $66 million, respectively, of Redeemable Noncontrolling Interest in Mezzanine Equity on the balance sheets.393Apple Blossom Wind Holdings LLC and Black Oak Getty Wind Holdings LLCIn April 2019, AEP acquired an equity interest in Apple Blossom Wind Holdings LLC (Apple Blossom) and Black Oak Getty Wind Holdings LLC (Black Oak) (collectively the Project Entities) as part of the purchase of Sempra Renewables LLC.",10-K,2021-02-25,2021-02-25T13:27:36.000Z,0000004904-21-000010,aep-20201231.htm,0.60,low,0.95,0.570000,0.173423,2021-02-25T13:27:36.000Z,,1,SEC EDGAR,0000004904-21-000010,https://www.sec.gov/Archives/edgar/data/4904/000000490421000010/aep-20201231.htm,deterministic explicit-entity and relation-pattern extraction v2,unique_universe_match,public_at_sec_acceptance,candidate_review_required
651a4220fb4dda40afd9d9e5e0f0a74edda4e5d123db04cb656bafb9d84df1da,CMIN-US:AEP,CMIN-US:SRE,AEP,SRE,supplier,"Securities and Exchange Commission.SEETSignificantly Excessive Earnings Test.Sempra Renewables LLCSempra Renewables LLC, acquired in April 2019, consists of 724 MWs of wind generation and battery assets in the United States.SIASystem Integration Agreement, effective June 15, 2000, as amended, provides contractual basis for coordinated planning, operation and maintenance of the power supply sources of the combined AEP.SIPState Implementation Plan.SNFSpent Nuclear Fuel.SO2 Sulfur dioxide.SPP Southwest Power Pool regional transmission organization.SSOStandard service offer.State TranscosAEPTCo’s seven wholly-owned, FERC regulated, transmission only electric utilities, which are geographically aligned with AEP's existing utility operating companies.SWEPCo Southwestern Electric Power Company, an AEP electric utility subsidiary.SWTCoAEP Southwestern Transmission Company, Inc., a wholly-owned AEPTCo transmission subsidiary.TA Transmission Agreement, effective November 2010, among APCo, I&M, KGPCo, KPCo, OPCo and WPCo with AEPSC as agent.Tax ReformOn December 22, 2017, President Trump signed into law legislation referred to as the “Tax Cuts and Jobs Act” (the TCJA).",10-K,2021-02-25,2021-02-25T13:27:36.000Z,0000004904-21-000010,aep-20201231.htm,0.60,low,0.95,0.570000,0.173423,2021-02-25T13:27:36.000Z,,1,SEC EDGAR,0000004904-21-000010,https://www.sec.gov/Archives/edgar/data/4904/000000490421000010/aep-20201231.htm,deterministic explicit-entity and relation-pattern extraction v2,unique_universe_match,public_at_sec_acceptance,candidate_review_required
65af2db59b7a563f73ea5af68b9d505f3b0d545ad38f4050bb6f1b4b7119392c,CMIN-US:AEP,CMIN-US:SRE,AEP,SRE,supplier,"AND SUBSIDIARY COMPANIESCONSOLIDATED STATEMENTS OF CHANGES IN EQUITYFor the Years Ended December 31, 2020, 2019 and 2018 (in millions)AEP Common ShareholdersCommon StockAccumulatedOtherComprehensiveIncome (Loss)SharesAmountPaid-inCapitalRetainedEarningsNoncontrollingInterestsTotalTOTAL EQUITY – DECEMBER 31, 2017512.2 $3,329.4 $6,398.7 $8,626.7 $(67.8)$26.6 $18,313.6 Issuance of Common Stock1.3 8.0 65.6 73.6 Common Stock Dividends(1,251.1)(a)(4.4)(1,255.5)Other Changes in Equity21.8 1.3 23.1 ASU 2018-02 Adoption14.0 (17.0)(3.0)ASU 2016-01 Adoption11.9 (11.9)— Net Income1,923.8 7.5 1,931.3 Other Comprehensive Loss (23.7)(23.7)TOTAL EQUITY – DECEMBER 31, 2018513.5 3,337.4 6,486.1 9,325.3 (120.4)31.0 19,059.4 Issuance of Common Stock0.9 6.0 59.3 65.3 Common Stock Dividends(1,345.5)(a)(4.5)(1,350.0)Other Changes in Equity(9.8)(b)2.2 (7.6)Acquisition of Sempra Renewables LLC134.8 134.8 Acquisition of Santa Rita East118.8 118.8 Net Income (Loss)1,921.1 (1.3)1,919.8 Other Comprehensive Loss (27.3)(27.3)TOTAL EQUITY – DECEMBER 31, 2019514.4 3,343.4 6,535.6 9,900.9 (147.7)281.0 19,913.2 Issuance of Common Stock2.4 15.9 139.1 155.0 Common Stock Dividends(1,415.0)(a)(9.9)(1,424.9)Other Changes in Equity(85.8)(c)(0.4)(86.2)ASU 2016-13 Adoption1.8 1.8 Acquisition of Incremental Interest in Santa Rita East(43.7)(43.7)Net Income (Loss)2,200.1 (3.4)2,196.7 Other Comprehensive Income62.6 62.6 TOTAL EQUITY – DECEMBER 31, 2020516.8 $3,359.3 $6,588.9 $10,687.8 $(85.1)$223.6 $20,774.5 (a) Cash dividends declared per AEP common share were $2.84, $2.71 and $2.53 for the years ended December 31, 2020, 2019 and 2018, respectively.(b) Includes $(62) million related to a forward equity purchase contract associated with the issuance of Equity Units.",10-K,2021-02-25,2021-02-25T13:27:36.000Z,0000004904-21-000010,aep-20201231.htm,0.60,low,0.95,0.570000,0.173423,2021-02-25T13:27:36.000Z,,1,SEC EDGAR,0000004904-21-000010,https://www.sec.gov/Archives/edgar/data/4904/000000490421000010/aep-20201231.htm,deterministic explicit-entity and relation-pattern extraction v2,unique_universe_match,public_at_sec_acceptance,candidate_review_required
c184709d288a82126b6cb2f87193e15831c36a6183ef767051e1ba136417d341,CMIN-US:AEP,CMIN-US:SRE,AEP,SRE,supplier,"An impairment is recorded when the investment has experienced a decline in value that is other-than-temporary in nature.AEP has various significant equity method investments, which include ETT, DHLC and five wind farms acquired in the purchase of Sempra Renewables LLC.",10-K,2021-02-25,2021-02-25T13:27:36.000Z,0000004904-21-000010,aep-20201231.htm,0.60,low,0.95,0.570000,0.173423,2021-02-25T13:27:36.000Z,,1,SEC EDGAR,0000004904-21-000010,https://www.sec.gov/Archives/edgar/data/4904/000000490421000010/aep-20201231.htm,deterministic explicit-entity and relation-pattern extraction v2,unique_universe_match,public_at_sec_acceptance,candidate_review_required
302ce8de7f994f0955d2c402507e97f8e36ff0b0be23e88a85e89e3349051296,CMIN-US:AEP,CMIN-US:SRE,AEP,SRE,supplier,"Purchase Price Allocation of Sempra Renewables LLC at Acquisition Date - April 22nd, 2019Assets:Liabilities and Equity:Net Purchase Price(in millions)Current Assets$8.8 Current Liabilities$12.9 Property, Plant and Equipment238.1 Asset Retirement Obligations5.7 Investment in Joint Ventures404.0 Total Liabilities18.6 Other Noncurrent Assets82.9 Noncontrolling Interest134.8 Total Assets$733.8 Liabilities and Noncontrolling Interest$153.4 $580.4 Management allocated the purchase price based upon the relative fair value of the assets acquired and noncontrolling interests assumed.",10-K,2021-02-25,2021-02-25T13:27:36.000Z,0000004904-21-000010,aep-20201231.htm,0.60,low,0.95,0.570000,0.173423,2021-02-25T13:27:36.000Z,,1,SEC EDGAR,0000004904-21-000010,https://www.sec.gov/Archives/edgar/data/4904/000000490421000010/aep-20201231.htm,deterministic explicit-entity and relation-pattern extraction v2,unique_universe_match,public_at_sec_acceptance,candidate_review_required
e525c67d545d4ab659d0ed8427d00790a5b48c3de1d5994fddc12b37ecf1026a,CMIN-US:AEP,CMIN-US:SRE,AEP,SRE,supplier,"The proceeds were used to support AEP’s overall capital expenditure plans including the acquisition of Sempra Renewables LLC.Each corporate unit represents a 1/20 undivided beneficial ownership interest in $1,000 principal amount of AEP’s 3.40% Junior Subordinated Notes (notes) due in 2024 and a forward equity purchase contract which settles after three years in 2022.",10-K,2021-02-25,2021-02-25T13:27:36.000Z,0000004904-21-000010,aep-20201231.htm,0.60,low,0.95,0.570000,0.173423,2021-02-25T13:27:36.000Z,,1,SEC EDGAR,0000004904-21-000010,https://www.sec.gov/Archives/edgar/data/4904/000000490421000010/aep-20201231.htm,deterministic explicit-entity and relation-pattern extraction v2,unique_universe_match,public_at_sec_acceptance,candidate_review_required
ea079dcb4b334f5b5c5d6539a14831d865303e0f60739814736a6c80e8a7d949,CMIN-US:AEP,CMIN-US:SRE,AEP,SRE,supplier,"The following tables show the sales and purchases, recorded at net book value:SalesYears Ended December 31,Company202020192018(in millions)AEP Texas$0.9 $0.9 $0.3 AEPTCo0.2 — — APCo5.7 5.5 5.4 I&M1.5 7.5 8.2 OPCo7.0 7.0 10.7 PSO1.1 0.8 1.0 SWEPCo0.8 0.2 0.8 PurchasesYears Ended December 31,Company202020192018(in millions)AEP Texas$1.5 $0.3 $0.1 AEPTCo6.0 10.2 18.5 APCo1.3 6.0 0.6 I&M3.4 0.9 2.0 OPCo1.2 3.0 2.8 PSO0.4 0.5 1.3 SWEPCo2.8 0.7 0.8 The amounts above are recorded in Property, Plant and Equipment on the balance sheets.Sempra Renewables LLC PPAs (Applies to I&M, OPCo and SWEPCo)In April 2019, AEP acquired Sempra Renewables LLC and its ownership interests in 724 MWs of wind generation.",10-K,2021-02-25,2021-02-25T13:27:36.000Z,0000004904-21-000010,aep-20201231.htm,0.60,low,0.95,0.570000,0.173423,2021-02-25T13:27:36.000Z,,1,SEC EDGAR,0000004904-21-000010,https://www.sec.gov/Archives/edgar/data/4904/000000490421000010/aep-20201231.htm,deterministic explicit-entity and relation-pattern extraction v2,unique_universe_match,public_at_sec_acceptance,candidate_review_required
597b81f0068268ac770a0c2d2323438432c2dfbb128f4c5e7fc05f43650bc232,CMIN-US:AEP,CMIN-US:SRE,AEP,SRE,supplier,"As of December 31, 2020 and 2019, AEP recorded $0 and $66 million, respectively, of Redeemable Noncontrolling Interest in Mezzanine Equity on the balance sheets.393Apple Blossom Wind Holdings LLC and Black Oak Getty Wind Holdings LLCIn April 2019, AEP acquired an equity interest in Apple Blossom Wind Holdings LLC (Apple Blossom) and Black Oak Getty Wind Holdings LLC (Black Oak) (collectively the Project Entities) as part of the purchase of Sempra Renewables LLC.",10-K,2021-02-25,2021-02-25T13:27:36.000Z,0000004904-21-000010,aep-20201231.htm,0.60,low,0.95,0.570000,0.173423,2021-02-25T13:27:36.000Z,,1,SEC EDGAR,0000004904-21-000010,https://www.sec.gov/Archives/edgar/data/4904/000000490421000010/aep-20201231.htm,deterministic explicit-entity and relation-pattern extraction v2,unique_universe_match,public_at_sec_acceptance,candidate_review_required
e741951e158b4ef4645290f5db59230c942d8f331cca50b1275a7811d6106b78,CMIN-US:AEP,CMIN-US:SRE,AEP,SRE,supplier,"399Significant Equity Method Investments in Unconsolidated EntitiesFor a discussion of the equity method of accounting, see the “Equity Investment in Unconsolidated Entities” section of Note 1.Sempra Renewables LLCIn April 2019, AEP acquired a 50% interest in five wind farms in multiple states as part of the purchase of Sempra Renewables LLC.",10-K,2021-02-25,2021-02-25T13:27:36.000Z,0000004904-21-000010,aep-20201231.htm,0.60,low,0.95,0.570000,0.173423,2021-02-25T13:27:36.000Z,,1,SEC EDGAR,0000004904-21-000010,https://www.sec.gov/Archives/edgar/data/4904/000000490421000010/aep-20201231.htm,deterministic explicit-entity and relation-pattern extraction v2,unique_universe_match,public_at_sec_acceptance,candidate_review_required
34ebbb7e237b009bdb1c58013c0bdcf95db949a9fc588c048f4000e039fc6971,CMIN-US:BAC,CMIN-US:DHR,BAC,DHR,supplier,"Borrowings under the Five-Year Facility bear interest as follows: (1) Eurocurrency Rate Committed Loans (as defined in the Five-Year Facility) bear interest at a variable rate equal to the London inter-bank offered rate plus a margin of between 58.5 and 100 basis points, depending on Danaher’s long-term debt credit rating; (2) Base Rate Committed Loans and Swing Line Loans (each as defined in the Five-Year Facility) bear interest at a variable rate equal to the highest of (a) the Federal funds rate (as published by the Federal Reserve Bank of New York from time to time) plus 50 basis points; (b) Bank of America’s “prime rate” as publicly announced from time to time and (c) the Eurocurrency Rate (as defined in the Five-Year Facility) plus 100 basis points; and (3) Bid Loans (as defined in the Five-Year Facility) bear interest at the rate bid by the particular lender providing such loan.",10-K,2021-02-25,2021-02-25T00:13:25.000Z,0000313616-21-000045,dhr-20201231.htm,0.60,low,0.95,0.570000,0.173423,2021-02-25T00:13:25.000Z,,1,SEC EDGAR,0000313616-21-000045,https://www.sec.gov/Archives/edgar/data/313616/000031361621000045/dhr-20201231.htm,deterministic explicit-entity and relation-pattern extraction v2,unique_universe_match,public_at_sec_acceptance,candidate_review_required
099c51296d85c68939f712da628f7b966d99ce71bccb331de0af32a467c49ce3,CMIN-US:BAC,CMIN-US:DHR,BAC,DHR,supplier,"In addition, Danaher is required to pay a per annum facility fee of between 4 and 12.5 basis points (depending on Danaher’s long-term debt credit rating) based on the aggregate commitments under the Five-Year Facility, regardless of usage.Borrowings under the Superseded and Terminated 364-Day Facility bore interest as follows: (1) Eurodollar Rate Loans (as defined in the 364-Day Facility) bore interest at a variable rate per annum equal to the London inter-bank offered rate plus a margin of between 59.5 and 100.5 basis points for the Superseded 364-Day Facility and 90 and 127.5 basis points for the Terminated 364-Day Facility, depending on Danaher’s long-term debt credit rating; and (2) Base Rate Loans (as defined in the 364-Day Facility) bore interest at a variable rate per annum equal to the highest of (a) the Federal funds rate (as published by the Federal Reserve Bank of New York from time to time) plus 50 basis points, (b) Bank of America’s “prime rate” as publicly announced from time to time and (c) the Eurodollar Rate (as defined in the 364-Day Facility) plus 100 basis points, plus in each case a margin of up to 0.5 basis points for the Superseded 364-Day Facility and between 0 and 27.5 basis points for the Terminated 364-Day Facility, depending on Danaher’s long-term debt credit rating.",10-K,2021-02-25,2021-02-25T00:13:25.000Z,0000313616-21-000045,dhr-20201231.htm,0.60,low,0.95,0.570000,0.173423,2021-02-25T00:13:25.000Z,,1,SEC EDGAR,0000313616-21-000045,https://www.sec.gov/Archives/edgar/data/313616/000031361621000045/dhr-20201231.htm,deterministic explicit-entity and relation-pattern extraction v2,unique_universe_match,public_at_sec_acceptance,candidate_review_required
75b45f51d75fdb5943f9a3f35b15a7107ce0905a6d6a76d64df146a4be59b577,CMIN-US:BAC,CMIN-US:T,BAC,T,supplier,"Borrowing activity included the following issuances:Issued and redeemed in 2020:•March draw of $750 on a private financing agreement (repaid in the second quarter).•April draw of $5,500 on a term loan credit agreement with certain commercial banks and Bank of America, N.A., as lead agent (repaid in the second quarter).Issued and outstanding in 2020:•February issuance of $2,995 of 4.000% global notes due 2049.•March borrowings of $665 from loan programs with export agencies of foreign governments to support network equipment purchases in those countries.•May issuances totaling $12,500 in global notes, comprised of $2,500 of 2.300% global notes due 2027, $3,000 of 2.750% global notes due 2031, $2,500 of 3.500% global notes due 2041, $3,000 of 3.650% global notes due 2051 and $1,500 of 3.850% global notes due 2060.•May issuances totaling €3,000 million in global notes (approximately $3,281 at issuance), comprised of €1,750 million of 1.600% global notes due 2028, €750 million of 2.050% global notes due 2032 and €500 million of 2.600% global notes due 2038.•June issuance of $1,050 of 3.750% global notes due 2050.•August issuances totaling $11,000 in global notes, comprised of $2,250 of 1.650% global notes due 2028, $2,500 of 2.250% global notes due 2032, $2,500 of 3.100% global notes due 2043, $2,250 of 3.300% global notes due 2052 and $1,500 of 3.500% global notes due 2061.During 2020, repayments of debt included $9,467 of short-term borrowings (including $3,967 of commercial paper) and $39,964 of long-term debt.",10-K,2021-02-25,2021-02-25T21:19:43.000Z,0000732717-21-000012,t-20201231.htm,0.60,low,0.95,0.570000,0.173423,2021-02-25T21:19:43.000Z,,1,SEC EDGAR,0000732717-21-000012,https://www.sec.gov/Archives/edgar/data/732717/000073271721000012/t-20201231.htm,deterministic explicit-entity and relation-pattern extraction v2,unique_universe_match,public_at_sec_acceptance,candidate_review_required
31d864351ee45f1893b37263be4e97377a83ef1634114eda86bfa3d02e4654cb,CMIN-US:BRK-A,CMIN-US:AEP,BRK-A,AEP,supplier,"26AEPTHCO JOINT VENTURE INITIATIVESAEP has established joint ventures with other electric utility companies for the purpose of developing, building, and owning transmission assets that seek to improve reliability and market efficiency and provide transmission access to remote generation sources in North America (Transmission Joint Ventures).The Transmission Joint Ventures currently include:Joint Venture NameLocationProjected or Actual Completion DateOwners (Ownership %)Total Estimated/Actual Project Costs at CompletionApproved Return on Equity (in millions)ETTTexas(a)Berkshire Hathaway$3,500.0 (a)9.6 % (ERCOT) Energy (50%) AEP (50%) Prairie WindKansas2014Evergy, Inc. (50%) 158.0 12.8 %Berkshire Hathaway Energy (25%) AEP (25%) PioneerIndiana2018Duke Energy (50%) 191.0 10.52 %(b) AEP (50%) TransourceMissouri2016Evergy, Inc.",10-K,2021-02-25,2021-02-25T13:27:36.000Z,0000004904-21-000010,aep-20201231.htm,0.60,low,0.95,0.570000,0.173423,2021-02-25T13:27:36.000Z,,1,SEC EDGAR,0000004904-21-000010,https://www.sec.gov/Archives/edgar/data/4904/000000490421000010/aep-20201231.htm,deterministic explicit-entity and relation-pattern extraction v2,unique_universe_match,public_at_sec_acceptance,candidate_review_required
ae9e64f41f0e0380dd88ca8b9d12b1ece38b3814a1f012da7491012e731aa624,CMIN-US:C-PJ,CMIN-US:SBAC,C-PJ,SBAC,supplier,"8-K 02/07/20 10.95 Purchase Agreement, dated January 21, 2020, between SBA Communications Corporation and Citigroup Global Markets Inc., as representative of the several initial purchasers listed on Schedule I thereto.",10-K,2021-02-25,2021-02-25T21:36:03.000Z,0001034054-21-000003,sbac-20201231x10k.htm,0.60,low,0.95,0.570000,0.173423,2021-02-25T21:36:03.000Z,,1,SEC EDGAR,0001034054-21-000003,https://www.sec.gov/Archives/edgar/data/1034054/000103405421000003/sbac-20201231x10k.htm,deterministic explicit-entity and relation-pattern extraction v2,unique_universe_match,public_at_sec_acceptance,candidate_review_required
4a83b5e423c1f4b6423b725f00fd2b689c4f65d8fdb82f53623b76f0ac46e7d1,CMIN-US:C-PJ,CMIN-US:SBAC,C-PJ,SBAC,supplier,"8-K 05/28/20 10.98 Purchase Agreement, dated May 19, 2020, among SBA Communications Corporation and Citigroup Global Markets Inc., as representative of the several initial purchasers listed on Schedule I thereto.",10-K,2021-02-25,2021-02-25T21:36:03.000Z,0001034054-21-000003,sbac-20201231x10k.htm,0.60,low,0.95,0.570000,0.173423,2021-02-25T21:36:03.000Z,,1,SEC EDGAR,0001034054-21-000003,https://www.sec.gov/Archives/edgar/data/1034054/000103405421000003/sbac-20201231x10k.htm,deterministic explicit-entity and relation-pattern extraction v2,unique_universe_match,public_at_sec_acceptance,candidate_review_required
12b0d6b071da780c8b02984780392aff7712abdc496f26b2d41391da23434fb8,CMIN-US:CCI,CMIN-US:T,CCI,T,supplier,"TOWER TRANSACTIONIn December 2013, we closed our transaction with Crown Castle International Corp. (Crown Castle) in which Crown Castle gained the exclusive rights to lease and operate 9,048 wireless towers and purchased 627 of our wireless towers for $4,827 in cash.",10-K,2021-02-25,2021-02-25T21:19:43.000Z,0000732717-21-000012,t-20201231.htm,0.60,low,0.95,0.570000,0.173423,2021-02-25T21:19:43.000Z,,1,SEC EDGAR,0000732717-21-000012,https://www.sec.gov/Archives/edgar/data/732717/000073271721000012/t-20201231.htm,deterministic explicit-entity and relation-pattern extraction v2,unique_universe_match,public_at_sec_acceptance,candidate_review_required
27dfef3a54abff06a6f78047e594cf4b5f881576124daf779cbf69855bcd2966,CMIN-US:COST,CMIN-US:SRE,COST,SRE,supplier,"74The table below summarizes utilities revenues and cost of sales.UTILITIES REVENUES AND COST OF SALES(Dollars in millions) Years ended December 31, 202020192018Natural gas revenues: SoCalGas$4,748 $4,525 $3,962 SDG&E694 658 565 Sempra Mexico58 73 78 Eliminations and adjustments(89)(71)(65)Total5,411 5,185 4,540 Electric revenues:SDG&E4,619 4,267 4,003 Eliminations and adjustments(5)(4)(4)Total4,614 4,263 3,999 Total utilities revenues$10,025 $9,448 $8,539 Cost of natural gas(1): SoCalGas$783 $977 $1,048 SDG&E162 176 152 Sempra Mexico12 14 21 Eliminations and adjustments(32)(28)(13)Total$925 $1,139 $1,208 Cost of electric fuel and purchased power(1):SDG&E$1,191 $1,194 $1,370 Eliminations and adjustments(4)(6)(12)Total$1,187 $1,188 $1,358 (1) Excludes depreciation and amortization, which are presented separately on the Sempra Energy, SDG&E and SoCalGas Consolidated Statements of Operations.",10-K,2021-02-25,2021-02-25T22:00:40.000Z,0001032208-21-000007,sre-20201231.htm,0.60,low,0.95,0.570000,0.173423,2021-02-25T22:00:40.000Z,,1,SEC EDGAR,0001032208-21-000007,https://www.sec.gov/Archives/edgar/data/1032208/000103220821000007/sre-20201231.htm,deterministic explicit-entity and relation-pattern extraction v2,unique_universe_match,public_at_sec_acceptance,candidate_review_required
dda68d271aff5f35acf9f222345aa96322404ab68c2b14c12b9bee1ed0970273,CMIN-US:D,CMIN-US:BRK-A,D,BRK-A,supplier,"Exhibits (incorporated by reference unless otherwise noted) Exhibit Number Description Dominion Energy Virginia Power 2.1.a Purchase and Sale Agreement, dated as of July 3, 2020, by and among Dominion Energy, Inc., Dominion Energy Questar Corporation and Berkshire Hathaway Energy Company (Exhibit 2.1, Form 8-K filed July 6, 2020, File No.",10-K,2021-02-25,2021-02-25T13:17:20.000Z,0001564590-21-008442,d-10k_20201231.htm,0.60,low,0.95,0.570000,0.173423,2021-02-25T13:17:20.000Z,,1,SEC EDGAR,0001564590-21-008442,https://www.sec.gov/Archives/edgar/data/715957/000156459021008442/d-10k_20201231.htm,deterministic explicit-entity and relation-pattern extraction v2,unique_universe_match,public_at_sec_acceptance,candidate_review_required
7e0b32a54bfbf394fc3526e3033ff55b8e3e12c6618d0a46c48c2d066885d7df,CMIN-US:D,CMIN-US:BRK-A,D,BRK-A,supplier,"X 2.1.b Purchase and Sale Agreement, dated as of October 5, 2020, by and among Dominion Energy Questar Corporation, Berkshire Hathaway Energy Corporation and Dominion Energy, Inc., as guarantor (Exhibit 2.1, Form 8-K filed October 6, 2020, File No.",10-K,2021-02-25,2021-02-25T13:17:20.000Z,0001564590-21-008442,d-10k_20201231.htm,0.60,low,0.95,0.570000,0.173423,2021-02-25T13:17:20.000Z,,1,SEC EDGAR,0001564590-21-008442,https://www.sec.gov/Archives/edgar/data/715957/000156459021008442/d-10k_20201231.htm,deterministic explicit-entity and relation-pattern extraction v2,unique_universe_match,public_at_sec_acceptance,candidate_review_required
ea037d367fd28cb5239904a9304477f4b69505736e1e5129ea3ac84a1b496d90,CMIN-US:D,CMIN-US:DUK,D,DUK,customer,"Subsidiaries and affiliates of Dominion Energy, Duke Energy and Southern had planned to be customers of the pipeline under 20 -year contracts.",10-K,2021-02-25,2021-02-25T13:17:20.000Z,0001564590-21-008442,d-10k_20201231.htm,0.60,low,0.95,0.570000,0.173423,2021-02-25T13:17:20.000Z,,1,SEC EDGAR,0001564590-21-008442,https://www.sec.gov/Archives/edgar/data/715957/000156459021008442/d-10k_20201231.htm,deterministic explicit-entity and relation-pattern extraction v2,unique_universe_match,public_at_sec_acceptance,candidate_review_required
5650af6a3526d054bf3f10e54719cc21f3787385fb78a487a4254808ec083773,CMIN-US:DHR,CMIN-US:GE,DHR,GE,supplier,"On March 31, 2020, the Company acquired the Biopharma business of General Electric Company’s (“GE”) Life Sciences division, now known as Cytiva, for a cash purchase price of approximately $20.7 billion (net of approximately $0.1 billion of acquired cash) and the assumption of approximately $0.4 billion of pension liabilities (the “Cytiva Acquisition”).",10-K,2021-02-25,2021-02-25T00:13:25.000Z,0000313616-21-000045,dhr-20201231.htm,0.60,low,0.95,0.570000,0.173423,2021-02-25T00:13:25.000Z,,1,SEC EDGAR,0000313616-21-000045,https://www.sec.gov/Archives/edgar/data/313616/000031361621000045/dhr-20201231.htm,deterministic explicit-entity and relation-pattern extraction v2,unique_universe_match,public_at_sec_acceptance,candidate_review_required
10ff80f54ec3c594e645e77e349c5c80263c5ef5099dadc52f4ba1404bb25923,CMIN-US:DHR,CMIN-US:GE,DHR,GE,customer,"From the date of Danaher’s acquisition of Cytiva on March 31, 2020 through December 31, 2020, Cytiva’s core sales grew more than 30% (compared to the comparable 2019 period when the Cytiva business was owned by General Electric Company (“GE”)) reflecting strength in 38Table of Contentsits served markets and its support in helping its customers develop and produce vaccines for COVID-19.",10-K,2021-02-25,2021-02-25T00:13:25.000Z,0000313616-21-000045,dhr-20201231.htm,0.60,low,0.95,0.570000,0.173423,2021-02-25T00:13:25.000Z,,1,SEC EDGAR,0000313616-21-000045,https://www.sec.gov/Archives/edgar/data/313616/000031361621000045/dhr-20201231.htm,deterministic explicit-entity and relation-pattern extraction v2,unique_universe_match,public_at_sec_acceptance,candidate_review_required
32c4a9af9ecad59c72e1519f1e82e3c868ecef4ba3336de1a57d891c310da92a,CMIN-US:DHR,CMIN-US:GE,DHR,GE,supplier,"The Company will make appropriate adjustments to the purchase price allocation prior to completion of the measurement period, as required.The following briefly describes the Company’s acquisition activity for the three years ended December 31, 2020.On March 31, 2020, the Company acquired the Biopharma business of General Electric Company’s (“GE”) Life Sciences division, now known as Cytiva, for a cash purchase price of approximately $20.7 billion (net of approximately $0.1 billion of acquired cash) and the assumption of approximately $0.4 billion of pension liabilities (the “Cytiva Acquisition”).",10-K,2021-02-25,2021-02-25T00:13:25.000Z,0000313616-21-000045,dhr-20201231.htm,0.60,low,0.95,0.570000,0.173423,2021-02-25T00:13:25.000Z,,1,SEC EDGAR,0000313616-21-000045,https://www.sec.gov/Archives/edgar/data/313616/000031361621000045/dhr-20201231.htm,deterministic explicit-entity and relation-pattern extraction v2,unique_universe_match,public_at_sec_acceptance,candidate_review_required
e7b0b51aae08ebe72e03a01cba1ce5a49eeb43b284433d8c27225e9f79d59cfa,CMIN-US:KO,CMIN-US:PEP,KO,PEP,supplier,"This column discloses the number of shares available for purchase under the 2012 Plan and the number of shares authorized for purchase under the 2019 Plan.31Performance GraphComparison of Five-Year Cumulative Total Shareowner Return AmongThe Coca-Cola Company, the Peer Group Index and the S&P 500 IndexTotal Shareowner ReturnStock Price Plus Reinvested DividendsDecember 31,201520162017201820192020The Coca-Cola Company$100 $100 $114 $122 $147 $150 Peer Group Index100 111 123 100 123 133 S&P 500 Index100 112 136 130 171 203 The total shareowner return assumes that dividends were reinvested daily and is based on a $100 investment on December 31, 2015.The Peer Group Index is a self-constructed peer group of companies that are included in the Dow Jones Food & Beverage Index and the Dow Jones Tobacco Index, from which the Company has been excluded.The Peer Group Index consists of the following companies: Altria Group, Inc., Archer Daniels Midland Company, Beyond Meat, Inc., The Boston Beer Company, Inc., Brown-Forman Corporation, Bunge Limited, Campbell Soup Company, Conagra Brands, Inc., Constellation Brands, Inc., Darling Ingredients Inc., Flowers Foods, Inc., General Mills, Inc., The Hain Celestial Group, Inc., Herbalife Nutrition Ltd., The Hershey Company, Hormel Foods Corporation, Ingredion Incorporated, Jefferies Financial Group Inc., Kellogg Company, Keurig Dr Pepper Inc., The Kraft Heinz Company, Lamb Weston Holdings, Inc., Lancaster Colony Corporation, McCormick & Company, Incorporated, Molson Coors Brewing Company, Mondelēz International, Inc., Monster Beverage Corporation, National Beverage Corp., PepsiCo, Inc., Performance Food Group Company, Philip Morris International Inc., Pilgrim's Pride Corporation, Post Holdings, Inc., Seaboard Corporation, The J.M.",10-K,2021-02-25,2021-02-25T18:47:17.000Z,0000021344-21-000008,ko-20201231.htm,0.60,low,0.95,0.570000,0.173423,2021-02-25T18:47:17.000Z,,1,SEC EDGAR,0000021344-21-000008,https://www.sec.gov/Archives/edgar/data/21344/000002134421000008/ko-20201231.htm,deterministic explicit-entity and relation-pattern extraction v2,unique_universe_match,public_at_sec_acceptance,candidate_review_required
6347018e032fa22675da8dc6f31940189106c64975b23be542f50572cb022890,CMIN-US:KO,CMIN-US:PM,KO,PM,supplier,"This column discloses the number of shares available for purchase under the 2012 Plan and the number of shares authorized for purchase under the 2019 Plan.31Performance GraphComparison of Five-Year Cumulative Total Shareowner Return AmongThe Coca-Cola Company, the Peer Group Index and the S&P 500 IndexTotal Shareowner ReturnStock Price Plus Reinvested DividendsDecember 31,201520162017201820192020The Coca-Cola Company$100 $100 $114 $122 $147 $150 Peer Group Index100 111 123 100 123 133 S&P 500 Index100 112 136 130 171 203 The total shareowner return assumes that dividends were reinvested daily and is based on a $100 investment on December 31, 2015.The Peer Group Index is a self-constructed peer group of companies that are included in the Dow Jones Food & Beverage Index and the Dow Jones Tobacco Index, from which the Company has been excluded.The Peer Group Index consists of the following companies: Altria Group, Inc., Archer Daniels Midland Company, Beyond Meat, Inc., The Boston Beer Company, Inc., Brown-Forman Corporation, Bunge Limited, Campbell Soup Company, Conagra Brands, Inc., Constellation Brands, Inc., Darling Ingredients Inc., Flowers Foods, Inc., General Mills, Inc., The Hain Celestial Group, Inc., Herbalife Nutrition Ltd., The Hershey Company, Hormel Foods Corporation, Ingredion Incorporated, Jefferies Financial Group Inc., Kellogg Company, Keurig Dr Pepper Inc., The Kraft Heinz Company, Lamb Weston Holdings, Inc., Lancaster Colony Corporation, McCormick & Company, Incorporated, Molson Coors Brewing Company, Mondelēz International, Inc., Monster Beverage Corporation, National Beverage Corp., PepsiCo, Inc., Performance Food Group Company, Philip Morris International Inc., Pilgrim's Pride Corporation, Post Holdings, Inc., Seaboard Corporation, The J.M.",10-K,2021-02-25,2021-02-25T18:47:17.000Z,0000021344-21-000008,ko-20201231.htm,0.60,low,0.95,0.570000,0.173423,2021-02-25T18:47:17.000Z,,1,SEC EDGAR,0000021344-21-000008,https://www.sec.gov/Archives/edgar/data/21344/000002134421000008/ko-20201231.htm,deterministic explicit-entity and relation-pattern extraction v2,unique_universe_match,public_at_sec_acceptance,candidate_review_required
9b442fe166891f51e11cfe2ac3b21ebc25d609af4fbfb2218d29fefd7af35f03,CMIN-US:SRE,CMIN-US:AEP,SRE,AEP,supplier,"Additional key input assumptions for the fair value of the noncontrolling interests include the terms of the limited liability company agreements that dictate the sharing of the tax attributes and cash flows associated with the tax equity partnerships.Upon closing of the purchase, Sempra Renewables LLC was legally renamed AEP Wind Holdings LLC.",10-K,2021-02-25,2021-02-25T13:27:36.000Z,0000004904-21-000010,aep-20201231.htm,0.60,low,0.95,0.570000,0.173423,2021-02-25T13:27:36.000Z,,1,SEC EDGAR,0000004904-21-000010,https://www.sec.gov/Archives/edgar/data/4904/000000490421000010/aep-20201231.htm,deterministic explicit-entity and relation-pattern extraction v2,unique_universe_match,public_at_sec_acceptance,candidate_review_required
b3ffdbc1fcfc3ec5d4cce6f5095ea740f7cdfc96cbf377f0f9522589fe46a803,CMIN-US:C-PJ,CMIN-US:HD,C-PJ,HD,customer,"If the future were to differ from management’s estimate of key assumptions (e.g., net interest revenue and loan volume), and associated cash flows were to decrease, Citi could potentially experience material goodwill impairment charges in the future.For additional information regarding Citi’s goodwill impairment testing process, see the following Notes to the Consolidated Financial Statements: Note 1 for Citi’s Accounting Policy for goodwill, including the adoption of a new accounting standard regarding the subsequent measurement of goodwill, and Note 3 for a description of Citi’s Business Segments.220Intangible AssetsThe components of intangible assets were as follows: December 31, 2020December 31, 2019In millions of dollarsGrosscarryingamountAccumulatedamortizationNetcarryingamountGrosscarryingamountAccumulatedamortizationNetcarryingamountPurchased credit card relationships$5,648 $4,229 $1,419 $5,676 $4,059 $1,617 Credit card contract-related intangibles(1)3,929 1,276 2,653 5,393 3,069 2,324 Core deposit intangibles45 44 1 434 433 1 Other customer relationships455 314 141 424 275 149 Present value of future profits32 30 2 34 31 3 Indefinite-lived intangible assets190 — 190 228 — 228 Other72 67 5 82 77 5 Intangible assets (excluding MSRs)$10,371 $5,960 $4,411 $12,271 $7,944 $4,327 Mortgage servicing rights (MSRs)(2)336 — 336 495 — 495 Total intangible assets$10,707 $5,960 $4,747 $12,766 $7,944 $4,822 (1)Primarily reflects contract-related intangibles associated with the American Airlines, The Home Depot, Costco and AT&T credit card program agreements, which represented 96% of the aggregate net carrying amount as of December 31, 2020.(2)For additional information on Citi’s MSRs, see Note 21 to the Consolidated Financial Statements.",10-K,2021-02-26,2021-02-26T21:44:10.000Z,0000831001-21-000042,c-20201231.htm,0.60,low,0.95,0.570000,0.174092,2021-02-26T21:44:10.000Z,,1,SEC EDGAR,0000831001-21-000042,https://www.sec.gov/Archives/edgar/data/831001/000083100121000042/c-20201231.htm,deterministic explicit-entity and relation-pattern extraction v2,unique_universe_match,public_at_sec_acceptance,candidate_review_required
6abf75a97f56c0d60cd454de42099d6b02b55f17164cb83d9f575721ba43b8b1,CMIN-US:C-PJ,CMIN-US:HD,C-PJ,HD,customer,"The changes in intangible assets were as follows:Net carryingamount atAcquisitions/Net carryingamount atIn millions of dollarsDecember 31, 2019renewals/ divestituresAmortizationImpairmentsFX translation and otherDecember 31,2020Purchased credit card relationships(1)$1,617 $11 $(200)$(10)$1 $1,419 Credit card contract-related intangibles(2)2,324 509 (183)— 3 2,653 Core deposit intangibles1 — — — — 1 Other customer relationships149 — (24)— 16 141 Present value of future profits3 — — — (1)2 Indefinite-lived intangible assets228 — — (28)(10)190 Other5 7 (12)— 5 5 Intangible assets (excluding MSRs)$4,327 $527 $(419)$(38)$14 $4,411 Mortgage servicing rights (MSRs)(3)495 336 Total intangible assets$4,822 $4,747 (1)Reflects intangibles for the value of cardholder relationships, which are discrete from partner contract-related intangibles and include credit card accounts primarily in the Costco, Macy’s and Sears portfolios. (2)Primarily reflects contract-related intangibles associated with the American Airlines, The Home Depot, Costco and AT&T credit card program agreements, which represent 96% of the aggregate net carrying amount at December 31, 2020 and 2019.",10-K,2021-02-26,2021-02-26T21:44:10.000Z,0000831001-21-000042,c-20201231.htm,0.60,low,0.95,0.570000,0.174092,2021-02-26T21:44:10.000Z,,1,SEC EDGAR,0000831001-21-000042,https://www.sec.gov/Archives/edgar/data/831001/000083100121000042/c-20201231.htm,deterministic explicit-entity and relation-pattern extraction v2,unique_universe_match,public_at_sec_acceptance,candidate_review_required
38da3b721975f5bed2d376fee228853f2af1a754172302a89e2cd63d5ba8d861,CMIN-US:NVDA,CMIN-US:AVGO,NVDA,AVGO,supplier,"We expect an increasingly competitive environment in our fiscal year 2022.Our current competitors include:•suppliers and licensors designing discrete and integrated GPUs and other accelerated computing solutions, including chipsets that incorporate 3D graphics, or HPC, such as Advanced Micro Devices, or AMD, Intel Corporation, and Xilinx, Inc.;•large internet services companies with internal teams designing chips that incorporates HPC or accelerated computing functionality as part of their internal solutions or platforms, such as Alphabet Inc. and Amazon, Inc.;•suppliers of SoC products that are embedded into automobiles, autonomous machines, and gaming devices, such as Ambarella, Inc., AMD, Broadcom Inc., Intel, Qualcomm Incorporated, Renesas Electronics Corporation, Samsung, and Xilinx or companies with internal teams designing SoC products for internal use, such as Tesla Motors; and•suppliers of interconnect, switch and cable solutions such as Applied Optoelectronics, Inc., Arista Networks, Broadcom, Cisco Systems, Inc., Hewlett Packard Enterprise Company, Intel, Juniper Networks, Inc., Lumentum Holdings, Marvell Technology Group, and Xilinx, as well as internal teams of system vendors and large internet services companies such as Alphabet and Amazon.Patents and Proprietary RightsWe rely primarily on a combination of patents, trademarks, trade secrets, employee and third-party nondisclosure agreements, and licensing arrangements to protect our intellectual property in the United States and internationally.",10-K,2021-02-26,2021-02-26T22:03:14.000Z,0001045810-21-000010,nvda-20210131.htm,0.60,low,0.95,0.570000,0.174092,2021-02-26T22:03:14.000Z,,1,SEC EDGAR,0001045810-21-000010,https://www.sec.gov/Archives/edgar/data/1045810/000104581021000010/nvda-20210131.htm,deterministic explicit-entity and relation-pattern extraction v2,unique_universe_match,public_at_sec_acceptance,candidate_review_required
ec191526d5ef58f0eb94249409df1b77cd81e1463bb82c54bee897736d0d82c4,CMIN-US:NVDA,CMIN-US:CSCO,NVDA,CSCO,supplier,"We expect an increasingly competitive environment in our fiscal year 2022.Our current competitors include:•suppliers and licensors designing discrete and integrated GPUs and other accelerated computing solutions, including chipsets that incorporate 3D graphics, or HPC, such as Advanced Micro Devices, or AMD, Intel Corporation, and Xilinx, Inc.;•large internet services companies with internal teams designing chips that incorporates HPC or accelerated computing functionality as part of their internal solutions or platforms, such as Alphabet Inc. and Amazon, Inc.;•suppliers of SoC products that are embedded into automobiles, autonomous machines, and gaming devices, such as Ambarella, Inc., AMD, Broadcom Inc., Intel, Qualcomm Incorporated, Renesas Electronics Corporation, Samsung, and Xilinx or companies with internal teams designing SoC products for internal use, such as Tesla Motors; and•suppliers of interconnect, switch and cable solutions such as Applied Optoelectronics, Inc., Arista Networks, Broadcom, Cisco Systems, Inc., Hewlett Packard Enterprise Company, Intel, Juniper Networks, Inc., Lumentum Holdings, Marvell Technology Group, and Xilinx, as well as internal teams of system vendors and large internet services companies such as Alphabet and Amazon.Patents and Proprietary RightsWe rely primarily on a combination of patents, trademarks, trade secrets, employee and third-party nondisclosure agreements, and licensing arrangements to protect our intellectual property in the United States and internationally.",10-K,2021-02-26,2021-02-26T22:03:14.000Z,0001045810-21-000010,nvda-20210131.htm,0.60,low,0.95,0.570000,0.174092,2021-02-26T22:03:14.000Z,,1,SEC EDGAR,0001045810-21-000010,https://www.sec.gov/Archives/edgar/data/1045810/000104581021000010/nvda-20210131.htm,deterministic explicit-entity and relation-pattern extraction v2,unique_universe_match,public_at_sec_acceptance,candidate_review_required
df95d328207d507d339e3e976966be246a497529b595fd31071c8226e813ab4a,CMIN-US:NVDA,CMIN-US:GOOG,NVDA,GOOG,supplier,"We expect an increasingly competitive environment in our fiscal year 2022.Our current competitors include:•suppliers and licensors designing discrete and integrated GPUs and other accelerated computing solutions, including chipsets that incorporate 3D graphics, or HPC, such as Advanced Micro Devices, or AMD, Intel Corporation, and Xilinx, Inc.;•large internet services companies with internal teams designing chips that incorporates HPC or accelerated computing functionality as part of their internal solutions or platforms, such as Alphabet Inc. and Amazon, Inc.;•suppliers of SoC products that are embedded into automobiles, autonomous machines, and gaming devices, such as Ambarella, Inc., AMD, Broadcom Inc., Intel, Qualcomm Incorporated, Renesas Electronics Corporation, Samsung, and Xilinx or companies with internal teams designing SoC products for internal use, such as Tesla Motors; and•suppliers of interconnect, switch and cable solutions such as Applied Optoelectronics, Inc., Arista Networks, Broadcom, Cisco Systems, Inc., Hewlett Packard Enterprise Company, Intel, Juniper Networks, Inc., Lumentum Holdings, Marvell Technology Group, and Xilinx, as well as internal teams of system vendors and large internet services companies such as Alphabet and Amazon.Patents and Proprietary RightsWe rely primarily on a combination of patents, trademarks, trade secrets, employee and third-party nondisclosure agreements, and licensing arrangements to protect our intellectual property in the United States and internationally.",10-K,2021-02-26,2021-02-26T22:03:14.000Z,0001045810-21-000010,nvda-20210131.htm,0.60,low,0.95,0.570000,0.174092,2021-02-26T22:03:14.000Z,,1,SEC EDGAR,0001045810-21-000010,https://www.sec.gov/Archives/edgar/data/1045810/000104581021000010/nvda-20210131.htm,deterministic explicit-entity and relation-pattern extraction v2,unique_universe_match,public_at_sec_acceptance,candidate_review_required
a083cfedb109f97653f71df9bbcd79dbfff06a6b643aa3de92e9425a5fb41ffe,CMIN-US:NVDA,CMIN-US:MSFT,NVDA,MSFT,supplier,"Under the agreement, if an individual or corporation makes an offer to purchase shares equal to or greater than 30% of the outstanding shares of our common stock, Microsoft may have first and last rights of refusal to purchase the stock.",10-K,2021-02-26,2021-02-26T22:03:14.000Z,0001045810-21-000010,nvda-20210131.htm,0.60,low,0.95,0.570000,0.174092,2021-02-26T22:03:14.000Z,,1,SEC EDGAR,0001045810-21-000010,https://www.sec.gov/Archives/edgar/data/1045810/000104581021000010/nvda-20210131.htm,deterministic explicit-entity and relation-pattern extraction v2,unique_universe_match,public_at_sec_acceptance,candidate_review_required
14c3e6bae7a30bef6868096261e2100ae65e04e110270b04253c3eddff1ac7c5,CMIN-US:NVDA,CMIN-US:TSLA,NVDA,TSLA,supplier,"We expect an increasingly competitive environment in our fiscal year 2022.Our current competitors include:•suppliers and licensors designing discrete and integrated GPUs and other accelerated computing solutions, including chipsets that incorporate 3D graphics, or HPC, such as Advanced Micro Devices, or AMD, Intel Corporation, and Xilinx, Inc.;•large internet services companies with internal teams designing chips that incorporates HPC or accelerated computing functionality as part of their internal solutions or platforms, such as Alphabet Inc. and Amazon, Inc.;•suppliers of SoC products that are embedded into automobiles, autonomous machines, and gaming devices, such as Ambarella, Inc., AMD, Broadcom Inc., Intel, Qualcomm Incorporated, Renesas Electronics Corporation, Samsung, and Xilinx or companies with internal teams designing SoC products for internal use, such as Tesla Motors; and•suppliers of interconnect, switch and cable solutions such as Applied Optoelectronics, Inc., Arista Networks, Broadcom, Cisco Systems, Inc., Hewlett Packard Enterprise Company, Intel, Juniper Networks, Inc., Lumentum Holdings, Marvell Technology Group, and Xilinx, as well as internal teams of system vendors and large internet services companies such as Alphabet and Amazon.Patents and Proprietary RightsWe rely primarily on a combination of patents, trademarks, trade secrets, employee and third-party nondisclosure agreements, and licensing arrangements to protect our intellectual property in the United States and internationally.",10-K,2021-02-26,2021-02-26T22:03:14.000Z,0001045810-21-000010,nvda-20210131.htm,0.60,low,0.95,0.570000,0.174092,2021-02-26T22:03:14.000Z,,1,SEC EDGAR,0001045810-21-000010,https://www.sec.gov/Archives/edgar/data/1045810/000104581021000010/nvda-20210131.htm,deterministic explicit-entity and relation-pattern extraction v2,unique_universe_match,public_at_sec_acceptance,candidate_review_required
bf6c78f9ab4a9ad0fddded5d2d97cd4db7a46d7dd24ab282590d9493e93177f2,CMIN-US:NVDA,CMIN-US:TSM,NVDA,TSM,customer,"As a result, we can focus our resources on product design, additional quality assurance, marketing, and customer support.We utilize industry-leading suppliers, such as Taiwan Semiconductor Manufacturing Company Limited and Samsung Electronics Co.",10-K,2021-02-26,2021-02-26T22:03:14.000Z,0001045810-21-000010,nvda-20210131.htm,0.60,low,0.95,0.570000,0.174092,2021-02-26T22:03:14.000Z,,1,SEC EDGAR,0001045810-21-000010,https://www.sec.gov/Archives/edgar/data/1045810/000104581021000010/nvda-20210131.htm,deterministic explicit-entity and relation-pattern extraction v2,unique_universe_match,public_at_sec_acceptance,candidate_review_required
5f9d3ec17d5407f49393f6ef874562592d8e5d89309eea8bebac890a74257af3,CMIN-US:TSM,CMIN-US:NVDA,TSM,NVDA,supplier,"Instead, we are dependent on industry-leading foundries, such as Taiwan Semiconductor Manufacturing Company Limited and Samsung Electronics Co.",10-K,2021-02-26,2021-02-26T22:03:14.000Z,0001045810-21-000010,nvda-20210131.htm,0.96,high,0.95,0.912000,0.278547,2021-02-26T22:03:14.000Z,,1,SEC EDGAR,0001045810-21-000010,https://www.sec.gov/Archives/edgar/data/1045810/000104581021000010/nvda-20210131.htm,deterministic explicit-entity and relation-pattern extraction v2,unique_universe_match,public_at_sec_acceptance,accepted
9af104b0268ead1d892bfd73c88a812b5417d8c489aff6557bab408894aa6710,CMIN-US:BRK-A,CMIN-US:NGG,BRK-A,NGG,customer,"Northern Natural’s extensive pipeline system, which is interconnected with many interstate and intrastate pipelines in the national grid system, has access to supplies from multiple major supply basins and provides transportation services to utilities and numerous other customers.",10-K,2021-03-01,2021-03-01T11:22:33.000Z,0001564590-21-009611,brka-10k_20201231.htm,0.60,low,0.95,0.570000,0.176115,2021-03-01T11:22:33.000Z,,1,SEC EDGAR,0001564590-21-009611,https://www.sec.gov/Archives/edgar/data/1067983/000156459021009611/brka-10k_20201231.htm,deterministic explicit-entity and relation-pattern extraction v2,unique_universe_match,public_at_sec_acceptance,candidate_review_required
f7772dcc6912c0461f84a2590ecf8a57ca5314db1711073d8aa46eb3a9bb407c,CMIN-US:BRK-A,CMIN-US:WMT,BRK-A,WMT,customer,"Costco and Walmart are significant customers, representing approximately 23% of Duracell’s annual revenue.",10-K,2021-03-01,2021-03-01T11:22:33.000Z,0001564590-21-009611,brka-10k_20201231.htm,0.60,low,0.95,0.570000,0.176115,2021-03-01T11:22:33.000Z,,1,SEC EDGAR,0001564590-21-009611,https://www.sec.gov/Archives/edgar/data/1067983/000156459021009611/brka-10k_20201231.htm,deterministic explicit-entity and relation-pattern extraction v2,unique_universe_match,public_at_sec_acceptance,candidate_review_required
5bd7755ccfedd91c9e10835cfe6722ceffaf9f21445b7d914c307ba0a9c563aa,CMIN-US:BRK-A,CMIN-US:WMT,BRK-A,WMT,customer,"These businesses have several significant customers, including Walmart, 7-Eleven, Yum!",10-K,2021-03-01,2021-03-01T11:22:33.000Z,0001564590-21-009611,brka-10k_20201231.htm,0.92,high,0.95,0.874000,0.270043,2021-03-01T11:22:33.000Z,,1,SEC EDGAR,0001564590-21-009611,https://www.sec.gov/Archives/edgar/data/1067983/000156459021009611/brka-10k_20201231.htm,deterministic explicit-entity and relation-pattern extraction v2,unique_universe_match,public_at_sec_acceptance,accepted
5e9f655d6de6ac05173b2571696b7c2bfa8482b3526aa150333d0735d30762e2,CMIN-US:DLR,CMIN-US:CMCSA,DLR,CMCSA,customer,"IBM ​ Fortune 25 Investment Grade-Rated Company ​ Verizon Oracle America, Inc. ​ LinkedIn ​ Comcast Corporation Equinix ​ JPMorgan Chase & Co. ​ AT&T ​ Proven Experience Attracting and Retaining Customers .",10-K,2021-03-01,2021-03-01T22:05:19.000Z,0001558370-21-002191,dlr-20201231x10k.htm,0.60,low,0.95,0.570000,0.176115,2021-03-01T22:05:19.000Z,,1,SEC EDGAR,0001558370-21-002191,https://www.sec.gov/Archives/edgar/data/1297996/000155837021002191/dlr-20201231x10k.htm,deterministic explicit-entity and relation-pattern extraction v2,unique_universe_match,public_at_sec_acceptance,candidate_review_required
7e4f03e7c80ffce175f971bf3861dc7751ea1ac25e975bd276445c1015d72a1a,CMIN-US:DLR,CMIN-US:EQIX,DLR,EQIX,customer,"IBM ​ Fortune 25 Investment Grade-Rated Company ​ Verizon Oracle America, Inc. ​ LinkedIn ​ Comcast Corporation Equinix ​ JPMorgan Chase & Co. ​ AT&T ​ Proven Experience Attracting and Retaining Customers .",10-K,2021-03-01,2021-03-01T22:05:19.000Z,0001558370-21-002191,dlr-20201231x10k.htm,0.60,low,0.95,0.570000,0.176115,2021-03-01T22:05:19.000Z,,1,SEC EDGAR,0001558370-21-002191,https://www.sec.gov/Archives/edgar/data/1297996/000155837021002191/dlr-20201231x10k.htm,deterministic explicit-entity and relation-pattern extraction v2,unique_universe_match,public_at_sec_acceptance,candidate_review_required
c872c0ec68280e050d241b1b8054b7bad5f0f793a02ac82f6d6425ab0cdab8cc,CMIN-US:DLR,CMIN-US:JPM,DLR,JPM,customer,"IBM ​ Fortune 25 Investment Grade-Rated Company ​ Verizon Oracle America, Inc. ​ LinkedIn ​ Comcast Corporation Equinix ​ JPMorgan Chase & Co. ​ AT&T ​ Proven Experience Attracting and Retaining Customers .",10-K,2021-03-01,2021-03-01T22:05:19.000Z,0001558370-21-002191,dlr-20201231x10k.htm,0.60,low,0.95,0.570000,0.176115,2021-03-01T22:05:19.000Z,,1,SEC EDGAR,0001558370-21-002191,https://www.sec.gov/Archives/edgar/data/1297996/000155837021002191/dlr-20201231x10k.htm,deterministic explicit-entity and relation-pattern extraction v2,unique_universe_match,public_at_sec_acceptance,candidate_review_required
06342483fd643bd1511505f8f40aca155cc61d8f0922bb0c52b1b55951e11620,CMIN-US:DLR,CMIN-US:ORCL,DLR,ORCL,customer,"IBM ​ Fortune 25 Investment Grade-Rated Company ​ Verizon Oracle America, Inc. ​ LinkedIn ​ Comcast Corporation Equinix ​ JPMorgan Chase & Co. ​ AT&T ​ Proven Experience Attracting and Retaining Customers .",10-K,2021-03-01,2021-03-01T22:05:19.000Z,0001558370-21-002191,dlr-20201231x10k.htm,0.60,low,0.95,0.570000,0.176115,2021-03-01T22:05:19.000Z,,1,SEC EDGAR,0001558370-21-002191,https://www.sec.gov/Archives/edgar/data/1297996/000155837021002191/dlr-20201231x10k.htm,deterministic explicit-entity and relation-pattern extraction v2,unique_universe_match,public_at_sec_acceptance,candidate_review_required
837341af644123c0377ffe01234e30690b72b139137127f1256c7f6bd0973f0b,CMIN-US:GE,CMIN-US:BRK-A,GE,BRK-A,supplier,"PCC has several significant customers, including aerospace original equipment manufacturers (Boeing and Airbus) and aircraft engine manufacturer suppliers (General Electric, Rolls Royce and Pratt &Whitney).",10-K,2021-03-01,2021-03-01T11:22:33.000Z,0001564590-21-009611,brka-10k_20201231.htm,0.60,low,0.95,0.570000,0.176115,2021-03-01T11:22:33.000Z,,1,SEC EDGAR,0001564590-21-009611,https://www.sec.gov/Archives/edgar/data/1067983/000156459021009611/brka-10k_20201231.htm,deterministic explicit-entity and relation-pattern extraction v2,unique_universe_match,public_at_sec_acceptance,candidate_review_required
31929e501417f4c3bb5b62b051e7d50edab71536b4fe1aa2b21329578e3720a5,CMIN-US:MA,CMIN-US:TGT,MA,TGT,supplier,"In 2020, we announced a partnership with Ulta Beauty under which we will operate Ulta Beauty at Target, a shop-in-shop experience debuting on Target.com and in more than 100 Target locations beginning in 2021, with plans to scale to hundreds more over time.Customer Loyalty ProgramsOur guests receive a 5 percent discount on nearly all purchases and receive free shipping at Target.com when they use their Target Debit Card, Target Credit Card, or Target™ MasterCard® (collectively, RedCards™).",10-K,2021-03-10,2021-03-10T19:49:10.000Z,0000027419-21-000010,tgt-20210130.htm,0.60,low,0.95,0.570000,0.182326,2021-03-10T19:49:10.000Z,,1,SEC EDGAR,0000027419-21-000010,https://www.sec.gov/Archives/edgar/data/27419/000002741921000010/tgt-20210130.htm,deterministic explicit-entity and relation-pattern extraction v2,unique_universe_match,public_at_sec_acceptance,candidate_review_required
6aef00c259d17bbcf8b25edcebb6f14dc1898acde68dae2e00b52e7c272910a3,CMIN-US:MA,CMIN-US:TGT,MA,TGT,supplier,"Based on historical redemption rates, a small and relatively stable percentage of gift cards will never be redeemed, referred to as ""breakage."" Estimated breakage revenue is recognized over time in proportion to actual gift card redemptions.TARGET CORPORATION2020 Form 10-K41FINANCIAL STATEMENTSTable of ContentsNOTESIndex to Financial StatementsGift Card Liability Activity(millions)February 1, 2020Gift Cards Issued DuringCurrent PeriodBut NotRedeemed (b)RevenueRecognizedFromBeginningLiabilityJanuary 30, 2021Gift card liability (a)$935 $739 $(639)$1,035 (a)Included in Accrued and Other Current Liabilities.(b)Net of estimated breakage.Guests receive a 5 percent discount on nearly all purchases and receive free shipping at Target.com when they use their Target Debit Card, Target Credit Card, or Target MasterCard (RedCards).",10-K,2021-03-10,2021-03-10T19:49:10.000Z,0000027419-21-000010,tgt-20210130.htm,0.60,low,0.95,0.570000,0.182326,2021-03-10T19:49:10.000Z,,1,SEC EDGAR,0000027419-21-000010,https://www.sec.gov/Archives/edgar/data/27419/000002741921000010/tgt-20210130.htm,deterministic explicit-entity and relation-pattern extraction v2,unique_universe_match,public_at_sec_acceptance,candidate_review_required
42785487fef7b8e2bbd88dd06d987e7bfa882bf7dc342f720788b9796c2ffc69,CMIN-US:TGT,CMIN-US:AMZN,TGT,AMZN,supplier,"There were no Target common stock purchases made during the three months ended January 30, 2021, by Target or any ""affiliated purchaser"" of Target, as defined in Rule 10b-18(a)(3) under the Exchange Act.TARGET CORPORATION2020 Form 10-K15OTHER INFORMATIONTable of ContentsIndex to Financial Statements Fiscal Years Ended January 30, 2016January 28, 2017February 3, 2018February 2, 2019February 1, 2020January 30, 2021Target$100.00 $90.84 $108.44 $109.33 $175.54 $292.98 S&P 500 Index100.00 120.87 148.47 148.38 180.37 211.48 Current Peer Group100.00 111.09 159.84 166.68 201.97 280.21 Previous Peer Group100.00 111.11 160.34 167.11 202.85 283.29 The graph above compares the cumulative total shareholder return on our common stock for the last five fiscal years with (i) the cumulative total return on the S&P 500 Index, (ii) the peer group used in previous filings consisting of 16 online, general merchandise, department store, food, and specialty retailers (Amazon.com, Inc., Best Buy Co., Inc., Costco Wholesale Corporation, CVS Health Corporation, Dollar General Corporation, Dollar Tree, Inc., The Home Depot, Inc., Kohl's Corporation, The Kroger Co., Lowe's Companies, Inc., Macy's, Inc., Nordstrom, Inc., Rite Aid Corporation, The TJX Companies, Inc., Walgreens Boots Alliance, Inc., and Walmart Inc.) (Previous Peer Group), and (iii) a new peer group consisting of the companies in the Previous Peer Group, plus Albertsons Companies, Inc., The Gap, Inc., and Ross Stores, Inc. (Current Peer Group).",10-K,2021-03-10,2021-03-10T19:49:10.000Z,0000027419-21-000010,tgt-20210130.htm,0.60,low,0.95,0.570000,0.182326,2021-03-10T19:49:10.000Z,,1,SEC EDGAR,0000027419-21-000010,https://www.sec.gov/Archives/edgar/data/27419/000002741921000010/tgt-20210130.htm,deterministic explicit-entity and relation-pattern extraction v2,unique_universe_match,public_at_sec_acceptance,candidate_review_required
d0c1e59937e116146a97785a4477fc00d8938cb642ac8283b45a496eff4b9b5d,CMIN-US:TGT,CMIN-US:COST,TGT,COST,supplier,"There were no Target common stock purchases made during the three months ended January 30, 2021, by Target or any ""affiliated purchaser"" of Target, as defined in Rule 10b-18(a)(3) under the Exchange Act.TARGET CORPORATION2020 Form 10-K15OTHER INFORMATIONTable of ContentsIndex to Financial Statements Fiscal Years Ended January 30, 2016January 28, 2017February 3, 2018February 2, 2019February 1, 2020January 30, 2021Target$100.00 $90.84 $108.44 $109.33 $175.54 $292.98 S&P 500 Index100.00 120.87 148.47 148.38 180.37 211.48 Current Peer Group100.00 111.09 159.84 166.68 201.97 280.21 Previous Peer Group100.00 111.11 160.34 167.11 202.85 283.29 The graph above compares the cumulative total shareholder return on our common stock for the last five fiscal years with (i) the cumulative total return on the S&P 500 Index, (ii) the peer group used in previous filings consisting of 16 online, general merchandise, department store, food, and specialty retailers (Amazon.com, Inc., Best Buy Co., Inc., Costco Wholesale Corporation, CVS Health Corporation, Dollar General Corporation, Dollar Tree, Inc., The Home Depot, Inc., Kohl's Corporation, The Kroger Co., Lowe's Companies, Inc., Macy's, Inc., Nordstrom, Inc., Rite Aid Corporation, The TJX Companies, Inc., Walgreens Boots Alliance, Inc., and Walmart Inc.) (Previous Peer Group), and (iii) a new peer group consisting of the companies in the Previous Peer Group, plus Albertsons Companies, Inc., The Gap, Inc., and Ross Stores, Inc. (Current Peer Group).",10-K,2021-03-10,2021-03-10T19:49:10.000Z,0000027419-21-000010,tgt-20210130.htm,0.60,low,0.95,0.570000,0.182326,2021-03-10T19:49:10.000Z,,1,SEC EDGAR,0000027419-21-000010,https://www.sec.gov/Archives/edgar/data/27419/000002741921000010/tgt-20210130.htm,deterministic explicit-entity and relation-pattern extraction v2,unique_universe_match,public_at_sec_acceptance,candidate_review_required
c6dbc84dab353a07409aadeee632b55f9d2fb4290b0ba8e57c4090f34beabb7b,CMIN-US:TGT,CMIN-US:HD,TGT,HD,supplier,"There were no Target common stock purchases made during the three months ended January 30, 2021, by Target or any ""affiliated purchaser"" of Target, as defined in Rule 10b-18(a)(3) under the Exchange Act.TARGET CORPORATION2020 Form 10-K15OTHER INFORMATIONTable of ContentsIndex to Financial Statements Fiscal Years Ended January 30, 2016January 28, 2017February 3, 2018February 2, 2019February 1, 2020January 30, 2021Target$100.00 $90.84 $108.44 $109.33 $175.54 $292.98 S&P 500 Index100.00 120.87 148.47 148.38 180.37 211.48 Current Peer Group100.00 111.09 159.84 166.68 201.97 280.21 Previous Peer Group100.00 111.11 160.34 167.11 202.85 283.29 The graph above compares the cumulative total shareholder return on our common stock for the last five fiscal years with (i) the cumulative total return on the S&P 500 Index, (ii) the peer group used in previous filings consisting of 16 online, general merchandise, department store, food, and specialty retailers (Amazon.com, Inc., Best Buy Co., Inc., Costco Wholesale Corporation, CVS Health Corporation, Dollar General Corporation, Dollar Tree, Inc., The Home Depot, Inc., Kohl's Corporation, The Kroger Co., Lowe's Companies, Inc., Macy's, Inc., Nordstrom, Inc., Rite Aid Corporation, The TJX Companies, Inc., Walgreens Boots Alliance, Inc., and Walmart Inc.) (Previous Peer Group), and (iii) a new peer group consisting of the companies in the Previous Peer Group, plus Albertsons Companies, Inc., The Gap, Inc., and Ross Stores, Inc. (Current Peer Group).",10-K,2021-03-10,2021-03-10T19:49:10.000Z,0000027419-21-000010,tgt-20210130.htm,0.60,low,0.95,0.570000,0.182326,2021-03-10T19:49:10.000Z,,1,SEC EDGAR,0000027419-21-000010,https://www.sec.gov/Archives/edgar/data/27419/000002741921000010/tgt-20210130.htm,deterministic explicit-entity and relation-pattern extraction v2,unique_universe_match,public_at_sec_acceptance,candidate_review_required
dfbb5c4dc9329493713880af2262703a07c2e173a12008aea0b28d2a889d7035,CMIN-US:TGT,CMIN-US:LOW,TGT,LOW,supplier,"There were no Target common stock purchases made during the three months ended January 30, 2021, by Target or any ""affiliated purchaser"" of Target, as defined in Rule 10b-18(a)(3) under the Exchange Act.TARGET CORPORATION2020 Form 10-K15OTHER INFORMATIONTable of ContentsIndex to Financial Statements Fiscal Years Ended January 30, 2016January 28, 2017February 3, 2018February 2, 2019February 1, 2020January 30, 2021Target$100.00 $90.84 $108.44 $109.33 $175.54 $292.98 S&P 500 Index100.00 120.87 148.47 148.38 180.37 211.48 Current Peer Group100.00 111.09 159.84 166.68 201.97 280.21 Previous Peer Group100.00 111.11 160.34 167.11 202.85 283.29 The graph above compares the cumulative total shareholder return on our common stock for the last five fiscal years with (i) the cumulative total return on the S&P 500 Index, (ii) the peer group used in previous filings consisting of 16 online, general merchandise, department store, food, and specialty retailers (Amazon.com, Inc., Best Buy Co., Inc., Costco Wholesale Corporation, CVS Health Corporation, Dollar General Corporation, Dollar Tree, Inc., The Home Depot, Inc., Kohl's Corporation, The Kroger Co., Lowe's Companies, Inc., Macy's, Inc., Nordstrom, Inc., Rite Aid Corporation, The TJX Companies, Inc., Walgreens Boots Alliance, Inc., and Walmart Inc.) (Previous Peer Group), and (iii) a new peer group consisting of the companies in the Previous Peer Group, plus Albertsons Companies, Inc., The Gap, Inc., and Ross Stores, Inc. (Current Peer Group).",10-K,2021-03-10,2021-03-10T19:49:10.000Z,0000027419-21-000010,tgt-20210130.htm,0.60,low,0.95,0.570000,0.182326,2021-03-10T19:49:10.000Z,,1,SEC EDGAR,0000027419-21-000010,https://www.sec.gov/Archives/edgar/data/27419/000002741921000010/tgt-20210130.htm,deterministic explicit-entity and relation-pattern extraction v2,unique_universe_match,public_at_sec_acceptance,candidate_review_required
69ee5e28d436a818b6a7c142125e3d24c9e3b92e10f51088dd9eede3e3e43077,CMIN-US:TGT,CMIN-US:MA,TGT,MA,customer,"The collective interaction of a broad array of macroeconomic, competitive, and consumer behavioral factors, as well as sales mix, and transfer of sales to new stores makes further analysis of sales metrics infeasible.TD Bank Group offers credit to qualified guests through Target-branded credit cards: the Target Credit Card and the Target MasterCard Credit Card (Target Credit Cards).",10-K,2021-03-10,2021-03-10T19:49:10.000Z,0000027419-21-000010,tgt-20210130.htm,0.60,low,0.95,0.570000,0.182326,2021-03-10T19:49:10.000Z,,1,SEC EDGAR,0000027419-21-000010,https://www.sec.gov/Archives/edgar/data/27419/000002741921000010/tgt-20210130.htm,deterministic explicit-entity and relation-pattern extraction v2,unique_universe_match,public_at_sec_acceptance,candidate_review_required
eb966013c5773b250e43b728ce0e8290364b443e3602eab1e8c7f9975609165a,CMIN-US:TGT,CMIN-US:SBUX,TGT,SBUX,customer,"Boutique™Smartly™Art Class™JoyLab™Smith & Hawken™Auden™Knox Rose™Sonia Kashuk™Ava & Viv™Kona Sol™Spritz™Boots & Barkley™Made By Design™Stars Above™Bullseye's Playground™Market Pantry™Sun Squad™Casaluna™More Than Magic™Threshold™Cat & Jack™Opalhouse™Universal Thread™Cloud Island™Open Story™up & up™Colsie™Original Use™Wild Fable™Embark™Pillowfort™Wondershop™Everspring™Project 62™Xhilaration™Good & Gather™Prologue™Goodfellow & Co™Room Essentials™Exclusive Adult Beverage Brands California Roots™Rosé Bae™Wine Cube™Mystic Reef™The Collection™TARGET CORPORATION2020 Form 10-K2BUSINESSTable of ContentsIndex to Financial StatementsWe also sell merchandise through periodic exclusive design and creative partnerships and generate revenue from in-store amenities such as Target Café and leased or licensed departments such as Target Optical, Starbucks, and other food service offerings.",10-K,2021-03-10,2021-03-10T19:49:10.000Z,0000027419-21-000010,tgt-20210130.htm,0.60,low,0.95,0.570000,0.182326,2021-03-10T19:49:10.000Z,,1,SEC EDGAR,0000027419-21-000010,https://www.sec.gov/Archives/edgar/data/27419/000002741921000010/tgt-20210130.htm,deterministic explicit-entity and relation-pattern extraction v2,unique_universe_match,public_at_sec_acceptance,candidate_review_required
617f02f15fcd15c25ec565b59cc0029fb363cef632b6a8c60657eb708f31a0b3,CMIN-US:TGT,CMIN-US:UL,TGT,UL,supplier,Sustainable sourcing Target: By 2020 we will source 100% of our agricultural raw materials,20-F,2021-03-10,2021-03-10T15:37:04.000Z,0001193125-21-075770,d14846d20f.htm,0.60,low,0.95,0.570000,0.182326,2021-03-10T15:37:04.000Z,,1,SEC EDGAR,0001193125-21-075770,https://www.sec.gov/Archives/edgar/data/217410/000119312521075770/d14846d20f.htm,deterministic explicit-entity and relation-pattern extraction v2,unique_universe_match,public_at_sec_acceptance,candidate_review_required
f50d88a47008775741d874b1236f35285f4d21e8664096d3a1e94c7368e178aa,CMIN-US:TGT,CMIN-US:WMT,TGT,WMT,supplier,"There were no Target common stock purchases made during the three months ended January 30, 2021, by Target or any ""affiliated purchaser"" of Target, as defined in Rule 10b-18(a)(3) under the Exchange Act.TARGET CORPORATION2020 Form 10-K15OTHER INFORMATIONTable of ContentsIndex to Financial Statements Fiscal Years Ended January 30, 2016January 28, 2017February 3, 2018February 2, 2019February 1, 2020January 30, 2021Target$100.00 $90.84 $108.44 $109.33 $175.54 $292.98 S&P 500 Index100.00 120.87 148.47 148.38 180.37 211.48 Current Peer Group100.00 111.09 159.84 166.68 201.97 280.21 Previous Peer Group100.00 111.11 160.34 167.11 202.85 283.29 The graph above compares the cumulative total shareholder return on our common stock for the last five fiscal years with (i) the cumulative total return on the S&P 500 Index, (ii) the peer group used in previous filings consisting of 16 online, general merchandise, department store, food, and specialty retailers (Amazon.com, Inc., Best Buy Co., Inc., Costco Wholesale Corporation, CVS Health Corporation, Dollar General Corporation, Dollar Tree, Inc., The Home Depot, Inc., Kohl's Corporation, The Kroger Co., Lowe's Companies, Inc., Macy's, Inc., Nordstrom, Inc., Rite Aid Corporation, The TJX Companies, Inc., Walgreens Boots Alliance, Inc., and Walmart Inc.) (Previous Peer Group), and (iii) a new peer group consisting of the companies in the Previous Peer Group, plus Albertsons Companies, Inc., The Gap, Inc., and Ross Stores, Inc. (Current Peer Group).",10-K,2021-03-10,2021-03-10T19:49:10.000Z,0000027419-21-000010,tgt-20210130.htm,0.60,low,0.95,0.570000,0.182326,2021-03-10T19:49:10.000Z,,1,SEC EDGAR,0000027419-21-000010,https://www.sec.gov/Archives/edgar/data/27419/000002741921000010/tgt-20210130.htm,deterministic explicit-entity and relation-pattern extraction v2,unique_universe_match,public_at_sec_acceptance,candidate_review_required
299bd8216534884fe92bee12fe1e79caffd2bc829ab8139854cd586fb5ab9135,CMIN-US:UL,CMIN-US:WMT,UL,WMT,customer,Walmart customers can refill aluminium bottles with our Sedal shampoos.,20-F,2021-03-10,2021-03-10T15:37:04.000Z,0001193125-21-075770,d14846d20f.htm,0.60,low,0.95,0.570000,0.182326,2021-03-10T15:37:04.000Z,,1,SEC EDGAR,0001193125-21-075770,https://www.sec.gov/Archives/edgar/data/217410/000119312521075770/d14846d20f.htm,deterministic explicit-entity and relation-pattern extraction v2,unique_universe_match,public_at_sec_acceptance,candidate_review_required
380a50c51a3c28915f72fe6e8c4a31d138f46ec6c46a0ea35fbbcb30a1977c3e,CMIN-US:RDS-B,CMIN-US:MSFT,RDS-B,MSFT,strategic_partner,"Similarly, we have formed an alliance with Microsoft which includes supply of renewable energy to help them meet their commitment of 100% renewable energy consumption by 2025.Our shift to energy and chemicals parks means we will reduce our production of traditional fuels by 55% by 2030, from around 100 mtpa to 45 mtpa.",20-F,2021-03-11,2021-03-11T11:35:00.000Z,0001306965-21-000025,rdsa-20201231.htm,0.82,medium,0.95,0.779000,0.250140,2021-03-11T11:35:00.000Z,,0,SEC EDGAR,0001306965-21-000025,https://www.sec.gov/Archives/edgar/data/1306965/000130696521000025/rdsa-20201231.htm,deterministic explicit-entity and relation-pattern extraction v2,unique_universe_match,public_at_sec_acceptance,accepted
5f9d81df272b781dac3710cceb1a2b6743daa3882ed32a77e6625388753b29f5,CMIN-US:RDS-B,CMIN-US:RIO,RDS-B,RIO,customer,"He also made BHP the first miner to pledge to tackle emissions caused when customers use its products.From 2004 to 2007 at Rio Tinto, he was Head of Industrial Minerals, then Head of Industrial Minerals and Diamonds.",20-F,2021-03-11,2021-03-11T11:35:00.000Z,0001306965-21-000025,rdsa-20201231.htm,0.60,low,0.95,0.570000,0.183029,2021-03-11T11:35:00.000Z,,1,SEC EDGAR,0001306965-21-000025,https://www.sec.gov/Archives/edgar/data/1306965/000130696521000025/rdsa-20201231.htm,deterministic explicit-entity and relation-pattern extraction v2,unique_universe_match,public_at_sec_acceptance,candidate_review_required
5ec6e5a4919266d7e742c5d3326309806401a779a9d37a81014b47a23c8ed1a4,CMIN-US:RDS-B,CMIN-US:TGT,RDS-B,TGT,supplier,"The measures predominantly focus on financial growth and increases in value compared with the other oil majors, supported by measures focused on the achievement of Shell’s ambitions in the energy transition.To reinforce alignment with shareholder interests, shares delivered from vested LTIP awards are subject to a three-year holding period, which applies beyond an Executive Director’s tenure.Target award of 300% base salary.Awards may vest at up to 200% of the shares originally awarded, plus dividends.•Award levels are determined annually by the REMCO within the approved policy maximum;•Awards may vest between 0% and 200% of the initial award, depending on Shell’s performance assessed on either an absolute basis against strategic targets or on a relative basis against the other oil majors;•Performance metrics and targets are set by the REMCO at the beginning of the relative performance period.",20-F,2021-03-11,2021-03-11T11:35:00.000Z,0001306965-21-000025,rdsa-20201231.htm,0.60,low,0.95,0.570000,0.183029,2021-03-11T11:35:00.000Z,,1,SEC EDGAR,0001306965-21-000025,https://www.sec.gov/Archives/edgar/data/1306965/000130696521000025/rdsa-20201231.htm,deterministic explicit-entity and relation-pattern extraction v2,unique_universe_match,public_at_sec_acceptance,candidate_review_required
b6bce059ec410c3b64776a9af9133177c3a127269d950be21b8de65d47f4b23f,CMIN-US:RDS-B,CMIN-US:UL,RDS-B,UL,supplier,"Each RDS.A represents two A shares.The only changes to Director's shareholdings as at March 5, 2021 are that:•Sir Andrew Mackenzie acquired 7,396 RDS B shares on February 15, 2021;•on February 12, 2021, Bram Shot purchased (i) an additional 2,500 certificates Royal Dutch Shell A Turbo Long 8,2 BNP Paribas Markets (ISIN: NL0009558519) at a price of €7.69 per certificate; and (ii) an additional 50 Leonteq Express Euro Denominated Certificates on ING, Royal Dutch Shell, Unilever (ISIN: CH0470808913), with a nominal value of €1,000 each at price of €715 per certificate; and•following the vesting of the 2018 LTIP award, Ben van Beurden’s share interests increased by 112,100 RDS A shares, and Jessica Uhl’s by 28,059 RDS.A ADS.At March 5, 2021, the Directors and Senior Management (pages 89-95) of the Company beneficially owned, individually and in aggregate (including shares under option), less than 1% of the total shares of each class of the Company shares.",20-F,2021-03-11,2021-03-11T11:35:00.000Z,0001306965-21-000025,rdsa-20201231.htm,0.60,low,0.95,0.570000,0.183029,2021-03-11T11:35:00.000Z,,1,SEC EDGAR,0001306965-21-000025,https://www.sec.gov/Archives/edgar/data/1306965/000130696521000025/rdsa-20201231.htm,deterministic explicit-entity and relation-pattern extraction v2,unique_universe_match,public_at_sec_acceptance,candidate_review_required
fadcecb762ca3f6643f78b1e94f64dfd483c4e0e44350f9f526dd7ea4cdee729,CMIN-US:UL,CMIN-US:RDS-B,UL,RDS-B,supplier,"In addition, on August 27, 2020, Bram Schot purchased 100 Leonteq Express Euro Denominated Certificates on ING, Royal Dutch Shell, Unilever (ISIN: CH0470808913), with a nominal value of €1,000 each at a price of €515 per certificate.",20-F,2021-03-11,2021-03-11T11:35:00.000Z,0001306965-21-000025,rdsa-20201231.htm,0.60,low,0.95,0.570000,0.183029,2021-03-11T11:35:00.000Z,,1,SEC EDGAR,0001306965-21-000025,https://www.sec.gov/Archives/edgar/data/1306965/000130696521000025/rdsa-20201231.htm,deterministic explicit-entity and relation-pattern extraction v2,unique_universe_match,public_at_sec_acceptance,candidate_review_required
11387f7f352e44964a803c6dee4c0985f7f3623068092257e5ccd0de3dda85e0,CMIN-US:JD,CMIN-US:WMT,JD,WMT,strategic_partner,"In June 2016, we entered into a series of agreements with Walmart Inc., or Walmart, in relation to our strategic alliance, pursuant to which Walmart subscribed for 144,952,250 of our newly issued Class A ordinary shares, representing approximately 5% of our total issued and outstanding shares on a fully diluted basis at the time.",20-F,2021-04-16,2021-04-16T21:05:36.000Z,0001193125-21-119536,d17722d20f.htm,0.60,low,0.95,0.570000,0.210245,2021-04-16T21:05:36.000Z,,0,SEC EDGAR,0001193125-21-119536,https://www.sec.gov/Archives/edgar/data/1549802/000119312521119536/d17722d20f.htm,deterministic explicit-entity and relation-pattern extraction v2,unique_universe_match,public_at_sec_acceptance,candidate_review_required
6197dd7ef94171c6ba4b79106140acffbc707827d4ef2787738336296ef60057,CMIN-US:JD,CMIN-US:WMT,JD,WMT,strategic_partner,"As part of our strategic alliance with Walmart, we acquired ownership of the Yihaodian marketplace platform assets, including the Yihaodian brand, mobile apps and websites.",20-F,2021-04-16,2021-04-16T21:05:36.000Z,0001193125-21-119536,d17722d20f.htm,0.60,low,0.95,0.570000,0.210245,2021-04-16T21:05:36.000Z,,0,SEC EDGAR,0001193125-21-119536,https://www.sec.gov/Archives/edgar/data/1549802/000119312521119536/d17722d20f.htm,deterministic explicit-entity and relation-pattern extraction v2,unique_universe_match,public_at_sec_acceptance,candidate_review_required
d13423aa5dfed1110cef4819267c18f51aae48e94e6ec7ebae4bd1d28e802438,CMIN-US:JD,CMIN-US:WMT,JD,WMT,strategic_partner,"As part of the strategic alliance, we also entered into an eight-year non-compete arrangement with Walmart, subject to certain conditions and exceptions.",20-F,2021-04-16,2021-04-16T21:05:36.000Z,0001193125-21-119536,d17722d20f.htm,0.82,medium,0.95,0.779000,0.287335,2021-04-16T21:05:36.000Z,,0,SEC EDGAR,0001193125-21-119536,https://www.sec.gov/Archives/edgar/data/1549802/000119312521119536/d17722d20f.htm,deterministic explicit-entity and relation-pattern extraction v2,unique_universe_match,public_at_sec_acceptance,accepted
3c37023af32b72636822c7bbb26a5d91840bdb305cc16ca59fc245c2e4c095ae,CMIN-US:JD,CMIN-US:WMT,JD,WMT,strategic_partner,"In June 2016, we entered into a series of agreements in relation to our strategic alliance with Walmart.",20-F,2021-04-16,2021-04-16T21:05:36.000Z,0001193125-21-119536,d17722d20f.htm,0.82,medium,0.95,0.779000,0.287335,2021-04-16T21:05:36.000Z,,0,SEC EDGAR,0001193125-21-119536,https://www.sec.gov/Archives/edgar/data/1549802/000119312521119536/d17722d20f.htm,deterministic explicit-entity and relation-pattern extraction v2,unique_universe_match,public_at_sec_acceptance,accepted
d740f4811ab90b1a11f5db8580b619e1f9d3d979d39fbb1f04cdd0399ae2cc0c,CMIN-US:JD,CMIN-US:WMT,JD,WMT,strategic_partner,"156 Table of Contents Certain Agreements with Walmart In June 2016, we entered into a series of agreements with Walmart in relation to our strategic alliance with Walmart.",20-F,2021-04-16,2021-04-16T21:05:36.000Z,0001193125-21-119536,d17722d20f.htm,0.82,medium,0.95,0.779000,0.287335,2021-04-16T21:05:36.000Z,,0,SEC EDGAR,0001193125-21-119536,https://www.sec.gov/Archives/edgar/data/1549802/000119312521119536/d17722d20f.htm,deterministic explicit-entity and relation-pattern extraction v2,unique_universe_match,public_at_sec_acceptance,accepted
8b9afaec99a67b925293d8a68a27a332533394d0a1484d5a27b980e613fbe9ec,CMIN-US:JD,CMIN-US:WMT,JD,WMT,supplier,"Within the first 24 months after June 20, 2016 (and regardless of Newheight’s percentage of ownership of our share capital) and, after such period, for so long as Newheight holds at least 10% of our then outstanding share capital on a fully diluted basis, if we propose to issue certain new securities, Newheight or a wholly-owned subsidiary of Walmart designated by Newheight has the right to purchase such number of new securities under the same terms and conditions at its election so as to enable Newheight to hold a pro rata portion of the new securities equal to the percentage of our share capital on a fully diluted basis then held by Newheight. • Transfer restrictions .",20-F,2021-04-16,2021-04-16T21:05:36.000Z,0001193125-21-119536,d17722d20f.htm,0.60,low,0.95,0.570000,0.210245,2021-04-16T21:05:36.000Z,,1,SEC EDGAR,0001193125-21-119536,https://www.sec.gov/Archives/edgar/data/1549802/000119312521119536/d17722d20f.htm,deterministic explicit-entity and relation-pattern extraction v2,unique_universe_match,public_at_sec_acceptance,candidate_review_required
79bdd4adaf316e0e1f712dfaa5fdfd244b3dd4d1ef117b457c194e61b1917bf1,CMIN-US:ORCL,CMIN-US:MSFT,ORCL,MSFT,customer,"In addition, Oracle Cloud IaaS offers networking, connectivity, and edge services that help connect customer data centers and third-party clouds, such as Microsoft Azure, with our Oracle Cloud IaaS offerings.",10-K,2021-06-21,2021-06-21T20:10:31.000Z,0001564590-21-033616,orcl-10k_20210531.htm,0.60,low,0.95,0.570000,0.271084,2021-06-21T20:10:31.000Z,,1,SEC EDGAR,0001564590-21-033616,https://www.sec.gov/Archives/edgar/data/1341439/000156459021033616/orcl-10k_20210531.htm,deterministic explicit-entity and relation-pattern extraction v2,unique_universe_match,public_at_sec_acceptance,candidate_review_required
50bc9ca07e4448a8f96be16f57c3f3d5d044c0736faa8543b94c869125097f40,CMIN-US:ORCL,CMIN-US:MSFT,ORCL,MSFT,customer,"Our products and services sales and the relative strength of our products and services versus those of our competitors are also directly and indirectly affected by the following, among other factors: • market adoption of cloud-based IT offerings including SaaS and IaaS offerings; • the ease of deployment, use, transacting for and maintenance of our products and services offerings; • compatibility between Oracle products and services deployed within local IT environments and public cloud IT environments, including our Oracle Cloud environments; • the adoption of commodity servers and microprocessors; • the broader “platform” competition between our industry standard Java technology platform and the .NET programming environment of Microsoft; • operating system competition among our Oracle Solaris and Linux operating systems, with alternatives including Microsoft’s Windows Server, and other UNIX and Linux operating systems; • the adoption of open source alternatives to commercial software by enterprise software customers; • products, features and functionality developed internally by customers and their IT staff; • products, features and functionality customized and implemented for customers by consultants, systems integrators or other third parties; and • the attractiveness of offerings from business processing outsourcers.",10-K,2021-06-21,2021-06-21T20:10:31.000Z,0001564590-21-033616,orcl-10k_20210531.htm,0.60,low,0.95,0.570000,0.271084,2021-06-21T20:10:31.000Z,,1,SEC EDGAR,0001564590-21-033616,https://www.sec.gov/Archives/edgar/data/1341439/000156459021033616/orcl-10k_20210531.htm,deterministic explicit-entity and relation-pattern extraction v2,unique_universe_match,public_at_sec_acceptance,candidate_review_required
a420d8b87c982900f3443ed6d4ae902cb5b9ea12419bf05ad904e9d0106648f7,CMIN-US:ADBE,CMIN-US:MSFT,ADBE,MSFT,supplier,"Our products for software developers compete against offerings from Adobe, IBM, Oracle, and other companies, and also against open-source projects, including Eclipse (sponsored by CA Technologies, IBM, Oracle, and SAP), PHP, and Ruby on Rails.",10-K,2021-07-29,2021-07-29T20:21:55.000Z,0001564590-21-039151,msft-10k_20210630.htm,0.60,low,0.95,0.570000,0.313801,2021-07-29T20:21:55.000Z,,1,SEC EDGAR,0001564590-21-039151,https://www.sec.gov/Archives/edgar/data/789019/000156459021039151/msft-10k_20210630.htm,deterministic explicit-entity and relation-pattern extraction v2,unique_universe_match,public_at_sec_acceptance,candidate_review_required
c84bfd9483a0238c3be6c8c952f9786e859f2ad7be7f1d0df12e0d709b1655fc,CMIN-US:MSFT,CMIN-US:AAPL,MSFT,AAPL,supplier,"11 PART I Item 1 Competition Competitors to Office include software and global application vendors, such as Apple, Cisco Systems, Facebook, Google, IBM, Okta, Proofpoint, Slack, Symantec, Zoom, and numerous web-based and mobile application competitors as well as local application developers.",10-K,2021-07-29,2021-07-29T20:21:55.000Z,0001564590-21-039151,msft-10k_20210630.htm,0.60,low,0.95,0.570000,0.313801,2021-07-29T20:21:55.000Z,,1,SEC EDGAR,0001564590-21-039151,https://www.sec.gov/Archives/edgar/data/789019/000156459021039151/msft-10k_20210630.htm,deterministic explicit-entity and relation-pattern extraction v2,unique_universe_match,public_at_sec_acceptance,candidate_review_required
c88debe07b1b53e3e1052c499210c40fea5819fe36a74b76c6080dfa9afff77c,CMIN-US:MSFT,CMIN-US:AAPL,MSFT,AAPL,customer,"These manufacturers, many of which are also current or potential partners and customers, include Apple and our Windows OEMs.",10-K,2021-07-29,2021-07-29T20:21:55.000Z,0001564590-21-039151,msft-10k_20210630.htm,0.60,low,0.95,0.570000,0.313801,2021-07-29T20:21:55.000Z,,1,SEC EDGAR,0001564590-21-039151,https://www.sec.gov/Archives/edgar/data/789019/000156459021039151/msft-10k_20210630.htm,deterministic explicit-entity and relation-pattern extraction v2,unique_universe_match,public_at_sec_acceptance,candidate_review_required
6cb9aeed198d3291b8d74aa508090f3fd2ed36a39787d394382d59a12d574afa,CMIN-US:MSFT,CMIN-US:CSCO,MSFT,CSCO,supplier,"11 PART I Item 1 Competition Competitors to Office include software and global application vendors, such as Apple, Cisco Systems, Facebook, Google, IBM, Okta, Proofpoint, Slack, Symantec, Zoom, and numerous web-based and mobile application competitors as well as local application developers.",10-K,2021-07-29,2021-07-29T20:21:55.000Z,0001564590-21-039151,msft-10k_20210630.htm,0.60,low,0.95,0.570000,0.313801,2021-07-29T20:21:55.000Z,,1,SEC EDGAR,0001564590-21-039151,https://www.sec.gov/Archives/edgar/data/789019/000156459021039151/msft-10k_20210630.htm,deterministic explicit-entity and relation-pattern extraction v2,unique_universe_match,public_at_sec_acceptance,candidate_review_required
b2064ba7eeecfc9ef75f80116918e68fb25c2ff8289220d18803f975137729c9,CMIN-US:ORCL,CMIN-US:MSFT,ORCL,MSFT,supplier,"12 PART I Item 1 Competition Azure faces diverse competition from companies such as Amazon, Google, IBM, Oracle, VMware, and open source offerings.",10-K,2021-07-29,2021-07-29T20:21:55.000Z,0001564590-21-039151,msft-10k_20210630.htm,0.60,low,0.95,0.570000,0.313801,2021-07-29T20:21:55.000Z,,1,SEC EDGAR,0001564590-21-039151,https://www.sec.gov/Archives/edgar/data/789019/000156459021039151/msft-10k_20210630.htm,deterministic explicit-entity and relation-pattern extraction v2,unique_universe_match,public_at_sec_acceptance,candidate_review_required
80d4db4fe0ba560377339464d34a0cbf1f1798e14a677a6dd8ea43f0fde9435e,CMIN-US:ORCL,CMIN-US:MSFT,ORCL,MSFT,supplier,"Our products for software developers compete against offerings from Adobe, IBM, Oracle, and other companies, and also against open-source projects, including Eclipse (sponsored by CA Technologies, IBM, Oracle, and SAP), PHP, and Ruby on Rails.",10-K,2021-07-29,2021-07-29T20:21:55.000Z,0001564590-21-039151,msft-10k_20210630.htm,0.60,low,0.95,0.570000,0.313801,2021-07-29T20:21:55.000Z,,1,SEC EDGAR,0001564590-21-039151,https://www.sec.gov/Archives/edgar/data/789019/000156459021039151/msft-10k_20210630.htm,deterministic explicit-entity and relation-pattern extraction v2,unique_universe_match,public_at_sec_acceptance,candidate_review_required
9173d0a156e5a4358873a9c22f8a264da15bbc242663104eb9ac082470531532,CMIN-US:TGT,CMIN-US:DEO,TGT,DEO,supplier,"Statements on representation are an ambition for Diageo and should not be considered a target 64Business description (continued) Target by 2030KPICommentaryAccelerate inclusion and diversity in our value chain, measuring and increasing the percentage of Diageo suppliers from female and minority owned businesses year on year2SDG alignment: 5.5, 5B;",20-F,2021-08-05,2021-08-05T10:35:28.000Z,0000835403-21-000011,deo-20210630.htm,0.60,low,0.95,0.570000,0.322375,2021-08-05T10:35:28.000Z,,1,SEC EDGAR,0000835403-21-000011,https://www.sec.gov/Archives/edgar/data/835403/000083540321000011/deo-20210630.htm,deterministic explicit-entity and relation-pattern extraction v2,unique_universe_match,public_at_sec_acceptance,candidate_review_required
0549177a4c25e4c1c7bd40ed236b3f1a67db1481a73454cb0d747636d8f5da69,CMIN-US:TGT,CMIN-US:DEO,TGT,DEO,supplier,"We have also added the target to our Partnering with Suppliers standard, which is reflected in our procurement contracts.66Business description (continued)Target by 2030KPICommentaryContinue our work to reduce total packaging and increase recycled content in our packaging (delivering a 10% reduction in packaging weight and increasing the percentage recycled content of our packaging to 60%)Ensure 100% of our packaging is widely recyclable (or reusable/compostable)4SDG alignment: 12.2;",20-F,2021-08-05,2021-08-05T10:35:28.000Z,0000835403-21-000011,deo-20210630.htm,0.60,low,0.95,0.570000,0.322375,2021-08-05T10:35:28.000Z,,1,SEC EDGAR,0000835403-21-000011,https://www.sec.gov/Archives/edgar/data/835403/000083540321000011/deo-20210630.htm,deterministic explicit-entity and relation-pattern extraction v2,unique_universe_match,public_at_sec_acceptance,candidate_review_required
ef8d22d15eef4d104432b238ccdaaa3047534b3bdb526ad8ea133acad8377b5a,CMIN-US:PG,CMIN-US:WMT,PG,WMT,customer,"Sales to Walmart Inc. and its affiliates represent approximately 15% of our total sales in 2021, 2020 and 2019.",10-K,2021-08-06,2021-08-06T20:19:59.000Z,0000080424-21-000100,pg-20210630.htm,0.97,high,0.95,0.921500,0.523184,2021-08-06T20:19:59.000Z,,1,SEC EDGAR,0000080424-21-000100,https://www.sec.gov/Archives/edgar/data/80424/000008042421000100/pg-20210630.htm,deterministic explicit-entity and relation-pattern extraction v2,unique_universe_match,public_at_sec_acceptance,accepted
35cc83bfcc600baf1951c8896f8f8b5211541a1c39fa0e918dfd65c62bff4c8c,CMIN-US:PG,CMIN-US:WMT,PG,WMT,customer,"No country, other than the United States, exceeds 10% of the Company's consolidated net sales or long-lived assets.Our largest customer, Walmart Inc. and its affiliates, accounted for consolidated net sales of approximately 15% in 2021, 2020 and 2019.",10-K,2021-08-06,2021-08-06T20:19:59.000Z,0000080424-21-000100,pg-20210630.htm,0.97,high,0.95,0.921500,0.523184,2021-08-06T20:19:59.000Z,,1,SEC EDGAR,0000080424-21-000100,https://www.sec.gov/Archives/edgar/data/80424/000008042421000100/pg-20210630.htm,deterministic explicit-entity and relation-pattern extraction v2,unique_universe_match,public_at_sec_acceptance,accepted
368977632bc9c41dbe2d9581cff876c16a08baeaa0937467048b1a52ba7a0c47,CMIN-US:TGT,CMIN-US:BBL,TGT,BBL,supplier,"Carbon offsets will be used as required. (2) Net zero includes the use of carbon offsets as required. (3) ‘Operational GHG emissions of our direct suppliers’ means the Scope 1 and Scope 2 emissions of our direct suppliers included in BHP’s Scope 3 reporting categories of purchased goods and services (including capital goods), fuel and energy related activities, business travel, and employee commuting. (4) Carbon neutral includes all those greenhouse gas emissions as defined for BHP reporting purposes. (5) Net zero includes the use of carbon offsets as required. (6) BHP-chartered and third party-chartered shipping. (7) Target excludes maritime transportation of products purchased by BHP. (8) Carbon neutral includes all those greenhouse gas emissions as defined for BHP reporting purposes.",20-F,2021-09-21,2021-09-21T10:06:58.000Z,0001193125-21-277719,d170194d20f.htm,0.60,low,0.95,0.570000,0.386335,2021-09-21T10:06:58.000Z,,1,SEC EDGAR,0001193125-21-277719,https://www.sec.gov/Archives/edgar/data/811809/000119312521277719/d170194d20f.htm,deterministic explicit-entity and relation-pattern extraction v2,unique_universe_match,public_at_sec_acceptance,candidate_review_required
3454e45d50e3f15de909c244a759271b7c88efcc1709928699be977ee28add0f,CMIN-US:TGT,CMIN-US:BHP,TGT,BHP,supplier,"Carbon offsets will be used as required. (2) Net zero includes the use of carbon offsets as required. (3) ‘Operational GHG emissions of our direct suppliers’ means the Scope 1 and Scope 2 emissions of our direct suppliers included in BHP’s Scope 3 reporting categories of purchased goods and services (including capital goods), fuel and energy related activities, business travel, and employee commuting. (4) Carbon neutral includes all those greenhouse gas emissions as defined for BHP reporting purposes. (5) Net zero includes the use of carbon offsets as required. (6) BHP-chartered and third party-chartered shipping. (7) Target excludes maritime transportation of products purchased by BHP. (8) Carbon neutral includes all those greenhouse gas emissions as defined for BHP reporting purposes.",20-F,2021-09-21,2021-09-21T10:06:58.000Z,0001193125-21-277719,d170194d20f.htm,0.60,low,0.95,0.570000,0.386335,2021-09-21T10:06:58.000Z,,1,SEC EDGAR,0001193125-21-277719,https://www.sec.gov/Archives/edgar/data/811809/000119312521277719/d170194d20f.htm,deterministic explicit-entity and relation-pattern extraction v2,unique_universe_match,public_at_sec_acceptance,candidate_review_required
b380876a557895dcac35497b4aa43e03ee29790e9d14f00ff612c97f969cae8b,CMIN-US:V,CMIN-US:MA,V,MA,supplier,"13Table of ContentsThe following chart compares our network with these network competitors for calendar year 2020(1):VisaMastercardAmerican ExpressJCBDiners ClubPayments Volume ($B)8,911 4,743 1,005 308 166 Total Volume ($B)11,383 6,337 1,011 317 178 Total Transactions (B)205 126 9 5 3 Cards (M)3,586 2,334 112 141 65 (1)Mastercard, American Express, JCB and Diners Club / Discover data sourced from The Nilson Report issue 1199 (June 2021).",10-K,2021-11-18,2021-11-18T21:06:50.000Z,0001403161-21-000060,v-20210930.htm,0.60,low,0.95,0.570000,0.483017,2021-11-18T21:06:50.000Z,,1,SEC EDGAR,0001403161-21-000060,https://www.sec.gov/Archives/edgar/data/1403161/000140316121000060/v-20210930.htm,deterministic explicit-entity and relation-pattern extraction v2,unique_universe_match,public_at_sec_acceptance,candidate_review_required
1a2f5a3e58bf84bbb1dee634612b3bae5db6ff3cd22627d16fe675ea448e574f,CMIN-US:SBUX,CMIN-US:PEP,SBUX,PEP,strategic_partner,"A large portion of our Channel Development business operates under a licensed model of the Global Coffee Alliance with Nestlé, while our global ready-to-drink businesses operate under collaborative relationships with PepsiCo, Inc., Tingyi-Ashi Beverages Holding Co., Ltd., Arla Foods amba and others.6Table of ContentsRevenue ComponentsWe generate the majority of our revenues through company-operated stores and licensed stores.",10-K,2021-11-19,2021-11-19T21:46:02.000Z,0000829224-21-000086,sbux-20211003.htm,0.82,medium,0.95,0.779000,0.662670,2021-11-19T21:46:02.000Z,,0,SEC EDGAR,0000829224-21-000086,https://www.sec.gov/Archives/edgar/data/829224/000082922421000086/sbux-20211003.htm,deterministic explicit-entity and relation-pattern extraction v2,unique_universe_match,public_at_sec_acceptance,accepted
0e754544b4ae0a25d3045401bcc353f40707a92bedbd832ef515314fa6c46c40,CMIN-US:AVGO,CMIN-US:AAPL,AVGO,AAPL,customer,"We believe aggregate sales to Apple Inc., through all channels, accounted for approximately 20% and 15% of our net revenue for fiscal years 2021 and 2020, respectively.",10-K,2021-12-17,2021-12-17T21:42:51.000Z,0001730168-21-000153,avgo-20211031.htm,0.97,high,0.95,0.921500,0.873136,2021-12-17T21:42:51.000Z,,1,SEC EDGAR,0001730168-21-000153,https://www.sec.gov/Archives/edgar/data/1730168/000173016821000153/avgo-20211031.htm,deterministic explicit-entity and relation-pattern extraction v2,unique_universe_match,public_at_sec_acceptance,accepted
293b5027cb7459d8b549517efd746b452994765c777c640becb19d0263c8f09d,CMIN-US:AVGO,CMIN-US:AAPL,AVGO,AAPL,customer,"We believe aggregate sales, through all channels, to Apple and our top five end customers, accounted for approximately 20% and more than 35% of our net revenue for fiscal year 2021, respectively.",10-K,2021-12-17,2021-12-17T21:42:51.000Z,0001730168-21-000153,avgo-20211031.htm,0.97,high,0.95,0.921500,0.873136,2021-12-17T21:42:51.000Z,,1,SEC EDGAR,0001730168-21-000153,https://www.sec.gov/Archives/edgar/data/1730168/000173016821000153/avgo-20211031.htm,deterministic explicit-entity and relation-pattern extraction v2,unique_universe_match,public_at_sec_acceptance,accepted
